{"credit":"Made with Blockbench","texture_size":[32,32],"textures":{"particle":"pokemon/bisharp","main":"pokemon/bisharp"},"elements":[{"from":[-2.19288,8.44332,-1.825],"to":[2.60712,15.64332,2.975],"rotation":{"angle":0,"axis":"y","origin":[0.20712,6.94332,0.175]},"faces":{"north":{"uv":[0,6,1.5,8.25],"texture":"#main"},"east":{"uv":[6,0,7.5,2.25],"texture":"#main"},"south":{"uv":[1.5,6,3,8.25],"texture":"#main"},"west":{"uv":[6,2.5,7.5,4.75],"texture":"#main"},"up":{"uv":[6.5,8.5,5,7],"texture":"#main"},"down":{"uv":[8,7,6.5,8.5],"texture":"#main"}}},{"from":[-0.59288,6.44332,-1.825],"to":[1.00712,8.44332,2.175],"rotation":{"angle":0,"axis":"y","origin":[0.20712,6.94332,0.175]},"faces":{"north":{"uv":[3,6,3.5,6.75],"texture":"#main"},"east":{"uv":[10,8.5,11.25,9.25],"texture":"#main"},"south":{"uv":[4.5,9,5,9.75],"texture":"#main"},"west":{"uv":[10,9.5,11.25,10.25],"texture":"#main"},"up":{"uv":[8.5,12.25,8,11],"texture":"#main"},"down":{"uv":[9,11,8.5,12.25],"texture":"#main"}}},{"from":[-3.79288,12.44332,-5.425],"to":[4.20712,12.44332,4.975],"rotation":{"angle":0,"axis":"y","origin":[0.20712,6.94332,0.175]},"faces":{"north":{"uv":[0,0,2.5,0],"texture":"#main"},"east":{"uv":[0,0,3.25,0],"texture":"#main"},"south":{"uv":[0,0,2.5,0],"texture":"#main"},"west":{"uv":[0,0,3.25,0],"texture":"#main"},"up":{"uv":[6,3.25,3.5,0],"texture":"#main"},"down":{"uv":[6,0,3.5,3.25],"texture":"#main"}}},{"from":[-3.79288,10.04332,-5.425],"to":[4.20712,10.04332,4.975],"rotation":{"angle":0,"axis":"y","origin":[0.20712,6.94332,0.175]},"faces":{"north":{"uv":[0,0,2.5,0],"texture":"#main"},"east":{"uv":[0,0,3.25,0],"texture":"#main"},"south":{"uv":[0,0,2.5,0],"texture":"#main"},"west":{"uv":[0,0,3.25,0],"texture":"#main"},"up":{"uv":[6,3.25,3.5,0],"texture":"#main"},"down":{"uv":[6,0,3.5,3.25],"texture":"#main"}}},{"from":[-3.7741,13.19043,-1.025],"to":[-1.7741,16.39043,2.175],"rotation":{"angle":22.5,"axis":"z","origin":[-2.11096,14.56965,0.455]},"faces":{"north":{"uv":[11,2,11.75,3],"texture":"#main"},"east":{"uv":[5.5,10,6.5,11],"texture":"#main"},"south":{"uv":[11,3,11.75,4],"texture":"#main"},"west":{"uv":[6.5,10,7.5,11],"texture":"#main"},"up":{"uv":[6.25,12,5.5,11],"texture":"#main"},"down":{"uv":[7.25,11,6.5,12],"texture":"#main"}}},{"from":[-3.60541,8.45318,-0.225],"to":[-2.40541,13.65318,0.975],"rotation":{"angle":-45,"axis":"z","origin":[-2.11096,14.56965,0.455]},"faces":{"north":{"uv":[7.5,10,8,11.75],"texture":"#main"},"east":{"uv":[10.5,0,11,1.75],"texture":"#main"},"south":{"uv":[10.5,2,11,3.75],"texture":"#main"},"west":{"uv":[3,10.5,3.5,12.25],"texture":"#main"},"up":{"uv":[8,5,7.5,4.5],"texture":"#main"},"down":{"uv":[10,8.5,9.5,9],"texture":"#main"}}},{"from":[-6.12727,6.18623,-0.625],"to":[-3.72727,10.98623,1.375],"rotation":{"angle":-22.5,"axis":"z","origin":[-2.11096,14.56965,0.455]},"faces":{"north":{"uv":[0,10,0.75,11.5],"texture":"#main"},"east":{"uv":[1,10,1.75,11.5],"texture":"#main"},"south":{"uv":[2,10,2.75,11.5],"texture":"#main"},"west":{"uv":[4.5,10,5.25,11.5],"texture":"#main"},"up":{"uv":[9.75,11.75,9,11],"texture":"#main"},"down":{"uv":[11.75,10.5,11,11.25],"texture":"#main"}}},{"from":[-8.52727,6.18623,0.335],"to":[-6.12727,12.58623,0.335],"rotation":{"angle":-22.5,"axis":"z","origin":[-2.11096,14.56965,0.455]},"faces":{"north":{"uv":[8,9,8.75,11],"texture":"#main"},"east":{"uv":[0,0,0,2],"texture":"#main"},"south":{"uv":[9,9,9.75,11],"texture":"#main"},"west":{"uv":[0,0,0,2],"texture":"#main"},"up":{"uv":[0.75,0,0,0],"texture":"#main"},"down":{"uv":[0.75,0,0,0],"texture":"#main"}}},{"from":[-2.59288,18.04332,-3.825],"to":[3.00712,20.60332,1.775],"rotation":{"angle":0,"axis":"y","origin":[0.20712,15.73332,0.375]},"faces":{"north":{"uv":[9.5,4.5,11.25,5.25],"texture":"#main"},"east":{"uv":[9.5,5.5,11.25,6.25],"texture":"#main"},"south":{"uv":[9.5,6.5,11.25,7.25],"texture":"#main"},"west":{"uv":[9.5,7.5,11.25,8.25],"texture":"#main"},"up":{"uv":[7.75,6.75,6,5],"texture":"#main"},"down":{"uv":[4.75,7,3,8.75],"texture":"#main"}}},{"from":[-2.19288,15.64332,-3.425],"to":[2.60712,20.44332,1.375],"rotation":{"angle":0,"axis":"y","origin":[0.20712,15.73332,0.375]},"faces":{"north":{"uv":[7.5,0,9,1.5],"texture":"#main"},"east":{"uv":[7.5,1.5,9,3],"texture":"#main"},"south":{"uv":[7.5,3,9,4.5],"texture":"#main"},"west":{"uv":[8,4.5,9.5,6],"texture":"#main"},"up":{"uv":[9.5,7.5,8,6],"texture":"#main"},"down":{"uv":[9.5,7.5,8,9],"texture":"#main"}}},{"from":[0.20712,16.44332,-9.425],"to":[0.20712,25.40332,0.975],"rotation":{"angle":0,"axis":"y","origin":[0.20712,15.73332,0.375]},"faces":{"north":{"uv":[0,0,0,2.75],"texture":"#main"},"east":{"uv":[0,0,3.25,2.75],"texture":"#main"},"south":{"uv":[0,0,0,2.75],"texture":"#main"},"west":{"uv":[0,3,3.25,5.75],"texture":"#main"},"up":{"uv":[0,3.25,0,0],"texture":"#main"},"down":{"uv":[0,0,0,3.25],"texture":"#main"}}},{"from":[2.18833,13.19043,-1.025],"to":[4.18833,16.39043,2.175],"rotation":{"angle":-22.5,"axis":"z","origin":[2.5252,14.56965,0.455]},"faces":{"north":{"uv":[11.75,2,11,3],"texture":"#main"},"east":{"uv":[7.5,10,6.5,11],"texture":"#main"},"south":{"uv":[11.75,3,11,4],"texture":"#main"},"west":{"uv":[6.5,10,5.5,11],"texture":"#main"},"up":{"uv":[5.5,12,6.25,11],"texture":"#main"},"down":{"uv":[6.5,11,7.25,12],"texture":"#main"}}},{"from":[2.81965,8.45318,-0.225],"to":[4.01965,13.65318,0.975],"rotation":{"angle":45,"axis":"z","origin":[2.5252,14.56965,0.455]},"faces":{"north":{"uv":[8,10,7.5,11.75],"texture":"#main"},"east":{"uv":[3.5,10.5,3,12.25],"texture":"#main"},"south":{"uv":[11,2,10.5,3.75],"texture":"#main"},"west":{"uv":[11,0,10.5,1.75],"texture":"#main"},"up":{"uv":[7.5,5,8,4.5],"texture":"#main"},"down":{"uv":[9.5,8.5,10,9],"texture":"#main"}}},{"from":[4.14151,6.18623,-0.625],"to":[6.54151,10.98623,1.375],"rotation":{"angle":22.5,"axis":"z","origin":[2.5252,14.56965,0.455]},"faces":{"north":{"uv":[0.75,10,0,11.5],"texture":"#main"},"east":{"uv":[5.25,10,4.5,11.5],"texture":"#main"},"south":{"uv":[2.75,10,2,11.5],"texture":"#main"},"west":{"uv":[1.75,10,1,11.5],"texture":"#main"},"up":{"uv":[9,11.75,9.75,11],"texture":"#main"},"down":{"uv":[11,10.5,11.75,11.25],"texture":"#main"}}},{"from":[6.54151,6.18623,0.335],"to":[8.94151,12.58623,0.335],"rotation":{"angle":22.5,"axis":"z","origin":[2.5252,14.56965,0.455]},"faces":{"north":{"uv":[8.75,9,8,11],"texture":"#main"},"east":{"uv":[0,0,0,2],"texture":"#main"},"south":{"uv":[9.75,9,9,11],"texture":"#main"},"west":{"uv":[0,0,0,2],"texture":"#main"},"up":{"uv":[0,0,0.75,0],"texture":"#main"},"down":{"uv":[0,0,0.75,0],"texture":"#main"}}},{"from":[-4.19288,4.84332,-2.225],"to":[-0.59288,9.64332,2.575],"rotation":{"angle":0,"axis":"y","origin":[-1.61288,9.14332,-1.025]},"faces":{"north":{"uv":[5,8.5,6.25,10],"texture":"#main"},"east":{"uv":[0,8.5,1.5,10],"texture":"#main"},"south":{"uv":[6.5,8.5,7.75,10],"texture":"#main"},"west":{"uv":[1.5,8.5,3,10],"texture":"#main"},"up":{"uv":[10.25,1.5,9,0],"texture":"#main"},"down":{"uv":[10.25,1.5,9,3],"texture":"#main"}}},{"from":[-3.79288,2.04332,-0.625],"to":[-1.79288,4.84332,1.775],"rotation":{"angle":0,"axis":"y","origin":[-2.81288,4.89332,0.475]},"faces":{"north":{"uv":[3.5,10.5,4.25,11.5],"texture":"#main"},"east":{"uv":[10,10.5,10.75,11.5],"texture":"#main"},"south":{"uv":[11,0,11.75,1],"texture":"#main"},"west":{"uv":[11,1,11.75,2],"texture":"#main"},"up":{"uv":[0.75,12.25,0,11.5],"texture":"#main"},"down":{"uv":[1.75,11.5,1,12.25],"texture":"#main"}}},{"from":[-3.79288,0.04332,-0.625],"to":[-1.79288,2.04332,1.775],"rotation":{"angle":0,"axis":"y","origin":[-2.81288,4.89332,0.475]},"faces":{"north":{"uv":[2,11.5,2.75,12.25],"texture":"#main"},"east":{"uv":[3.5,11.5,4.25,12.25],"texture":"#main"},"south":{"uv":[11.5,4,12.25,4.75],"texture":"#main"},"west":{"uv":[4.5,11.5,5.25,12.25],"texture":"#main"},"up":{"uv":[12.25,5.75,11.5,5],"texture":"#main"},"down":{"uv":[12.25,6,11.5,6.75],"texture":"#main"}}},{"from":[-2.83288,0.04332,-4.625],"to":[-2.83288,3.64332,-0.625],"rotation":{"angle":0,"axis":"y","origin":[-2.81288,4.89332,0.475]},"faces":{"north":{"uv":[0,0,0,1.25],"texture":"#main"},"east":{"uv":[3,9,4.25,10.25],"texture":"#main"},"south":{"uv":[0,0,0,1.25],"texture":"#main"},"west":{"uv":[9,3,10.25,4.25],"texture":"#main"},"up":{"uv":[0,1.25,0,0],"texture":"#main"},"down":{"uv":[0,0,0,1.25],"texture":"#main"}}},{"from":[1.00712,4.84332,-2.225],"to":[4.60712,9.64332,2.575],"rotation":{"angle":0,"axis":"y","origin":[1.77712,9.14332,0.475]},"faces":{"north":{"uv":[6.25,8.5,5,10],"texture":"#main"},"east":{"uv":[3,8.5,1.5,10],"texture":"#main"},"south":{"uv":[7.75,8.5,6.5,10],"texture":"#main"},"west":{"uv":[1.5,8.5,0,10],"texture":"#main"},"up":{"uv":[9,1.5,10.25,0],"texture":"#main"},"down":{"uv":[9,1.5,10.25,3],"texture":"#main"}}},{"from":[2.20712,2.04332,-0.625],"to":[4.20712,4.84332,1.775],"rotation":{"angle":0,"axis":"y","origin":[1.77712,9.14332,0.475]},"faces":{"north":{"uv":[4.25,10.5,3.5,11.5],"texture":"#main"},"east":{"uv":[11.75,1,11,2],"texture":"#main"},"south":{"uv":[11.75,0,11,1],"texture":"#main"},"west":{"uv":[10.75,10.5,10,11.5],"texture":"#main"},"up":{"uv":[0,12.25,0.75,11.5],"texture":"#main"},"down":{"uv":[1,11.5,1.75,12.25],"texture":"#main"}}},{"from":[2.20712,0.04332,-0.625],"to":[4.20712,2.04332,1.775],"rotation":{"angle":0,"axis":"y","origin":[1.77712,9.14332,0.475]},"faces":{"north":{"uv":[2.75,11.5,2,12.25],"texture":"#main"},"east":{"uv":[5.25,11.5,4.5,12.25],"texture":"#main"},"south":{"uv":[12.25,4,11.5,4.75],"texture":"#main"},"west":{"uv":[4.25,11.5,3.5,12.25],"texture":"#main"},"up":{"uv":[11.5,5.75,12.25,5],"texture":"#main"},"down":{"uv":[11.5,6,12.25,6.75],"texture":"#main"}}},{"from":[3.24712,0.04332,-4.625],"to":[3.24712,3.64332,-0.625],"rotation":{"angle":0,"axis":"y","origin":[1.77712,9.14332,0.475]},"faces":{"north":{"uv":[0,0,0,1.25],"texture":"#main"},"east":{"uv":[10.25,3,9,4.25],"texture":"#main"},"south":{"uv":[0,0,0,1.25],"texture":"#main"},"west":{"uv":[4.25,9,3,10.25],"texture":"#main"},"up":{"uv":[0,1.25,0,0],"texture":"#main"},"down":{"uv":[0,0,0,1.25],"texture":"#main"}}}],"display":{"head":{"translation":[12,-31.25,12],"scale":[1.5,1.5,1.5]}},"groups":[{"name":"Bisharp","origin":[-4.51186,8.92781,0.375],"color":0,"children":[{"name":"body","origin":[0.20712,6.49332,0.075],"color":0,"children":[0,1,2,3,{"name":"arm_l","origin":[-1.98863,15.03297,0.415],"color":0,"children":[4,5,6,7]},{"name":"head","origin":[0.20712,15.67998,-2.09167],"color":0,"children":[8,9,10]},{"name":"arm_r","origin":[2.40287,14.78297,0.415],"color":0,"children":[11,12,13,14]}]},{"name":"leg_l","origin":[-1.39288,9.24332,0.175],"color":0,"children":[15,{"name":"feet_l","origin":[-1.61288,9.14332,-1.025],"color":0,"children":[16,17,18]}]},{"name":"leg_r","origin":[1.80712,9.24332,0.175],"color":0,"children":[19,{"name":"group","origin":[1.77712,9.14332,-1.025],"color":0,"children":[20,21,22]}]}]}]}