{"credit":"Made with Blockbench","parent":"physical_parent","textures":{"main":"pokemon/castform-sunny"},"elements":[{"from":[6,2.5,6.5],"to":[10,6.5,10.5],"rotation":{"angle":0,"axis":"y","origin":[16,10.5,15.5]},"faces":{"north":{"uv":[0,0,4,4],"texture":"#main"},"east":{"uv":[0,4,4,8],"texture":"#main"},"south":{"uv":[4,8,8,12],"texture":"#main"},"west":{"uv":[4,0,8,4],"texture":"#main"},"up":{"uv":[8,8,4,4],"texture":"#main"},"down":{"uv":[4,8,0,12],"texture":"#main"}}},{"from":[5,1.5,5.5],"to":[11,7.5,11.5],"faces":{"north":{"uv":[10,11,16,16],"texture":"#main"},"east":{"uv":[10,11,16,16],"texture":"#main"},"south":{"uv":[10,11,16,16],"texture":"#main"},"west":{"uv":[10,11,16,16],"texture":"#main"},"up":{"uv":[10,10,16,16],"texture":"#main"},"down":{"uv":[10,10,16,16],"texture":"#main"}}},{"from":[6.75,7.5,7],"to":[9.25,10,9.5],"faces":{"north":{"uv":[8,0,11,3],"texture":"#main"},"east":{"uv":[14,0,15,3],"texture":"#main"},"south":{"uv":[11,0,14,3],"texture":"#main"},"west":{"uv":[15,0,16,3],"texture":"#main"},"up":{"uv":[11,3,14,4],"texture":"#main"},"down":{"uv":[8,3,11,4],"texture":"#main"}}},{"from":[9,7.5,7.25],"to":[11,9.5,9.25],"faces":{"north":{"uv":[8,4,10,6],"texture":"#main"},"east":{"uv":[12,4,13,6],"texture":"#main"},"south":{"uv":[10,4,12,6],"texture":"#main"},"west":{"uv":[13,4,14,6],"texture":"#main"},"up":{"uv":[14,4,16,5],"texture":"#main"},"down":{"uv":[14,5,16,6],"texture":"#main"}}},{"from":[5,7.5,7.25],"to":[7,9.5,9.25],"faces":{"north":{"uv":[8,4,10,6],"texture":"#main"},"east":{"uv":[12,4,13,6],"texture":"#main"},"south":{"uv":[10,4,12,6],"texture":"#main"},"west":{"uv":[13,4,14,6],"texture":"#main"},"up":{"uv":[14,4,16,5],"texture":"#main"},"down":{"uv":[14,5,16,6],"texture":"#main"}}},{"from":[10.75,6.5,7.75],"to":[12.25,8,9.25],"faces":{"north":{"uv":[8,4,10,6],"texture":"#main"},"east":{"uv":[12,4,13,6],"texture":"#main"},"south":{"uv":[10,4,12,6],"texture":"#main"},"west":{"uv":[13,4,14,6],"texture":"#main"},"up":{"uv":[14,4,16,5],"texture":"#main"},"down":{"uv":[14,5,16,6],"texture":"#main"}}},{"from":[11,5,7.75],"to":[12.5,6.5,9.25],"faces":{"north":{"uv":[8,4,10,6],"texture":"#main"},"east":{"uv":[12,4,13,6],"texture":"#main"},"south":{"uv":[10,4,12,6],"texture":"#main"},"west":{"uv":[13,4,14,6],"texture":"#main"},"up":{"uv":[14,4,16,5],"texture":"#main"},"down":{"uv":[14,5,16,6],"texture":"#main"}}},{"from":[3.5,5,7.75],"to":[5,6.5,9.25],"faces":{"north":{"uv":[8,4,10,6],"texture":"#main"},"east":{"uv":[12,4,13,6],"texture":"#main"},"south":{"uv":[10,4,12,6],"texture":"#main"},"west":{"uv":[13,4,14,6],"texture":"#main"},"up":{"uv":[14,4,16,5],"texture":"#main"},"down":{"uv":[14,5,16,6],"texture":"#main"}}},{"from":[3.75,6.5,7.75],"to":[5.25,8,9.25],"faces":{"north":{"uv":[8,4,10,6],"texture":"#main"},"east":{"uv":[12,4,13,6],"texture":"#main"},"south":{"uv":[10,4,12,6],"texture":"#main"},"west":{"uv":[13,4,14,6],"texture":"#main"},"up":{"uv":[14,4,16,5],"texture":"#main"},"down":{"uv":[14,5,16,6],"texture":"#main"}}},{"from":[6,0,7.5],"to":[8,2,9.5],"faces":{"north":{"uv":[8,6,10,8],"texture":"#main"},"east":{"uv":[8,6,10,8],"texture":"#main"},"south":{"uv":[8,6,10,8],"texture":"#main"},"west":{"uv":[8,6,10,8],"texture":"#main"},"up":{"uv":[8,6,10,8],"texture":"#main"},"down":{"uv":[8,6,10,8],"texture":"#main"}}},{"from":[8,0.125,7.625],"to":[9.75,1.875,9.375],"faces":{"north":{"uv":[10,6,12,8],"texture":"#main"},"east":{"uv":[10,6,12,8],"texture":"#main"},"south":{"uv":[10,6,12,8],"texture":"#main"},"west":{"uv":[10,6,12,8],"texture":"#main"},"up":{"uv":[10,6,12,8],"texture":"#main"},"down":{"uv":[10,6,12,8],"texture":"#main"}}},{"from":[9.75,0.25,7.75],"to":[11,1.5,9],"faces":{"north":{"uv":[10,6,12,8],"texture":"#main"},"east":{"uv":[10,6,12,8],"texture":"#main"},"south":{"uv":[10,6,12,8],"texture":"#main"},"west":{"uv":[10,6,12,8],"texture":"#main"},"up":{"uv":[10,6,12,8],"texture":"#main"},"down":{"uv":[10,6,12,8],"texture":"#main"}}}],"display":{"head":{"translation":[0,-18,0],"scale":[2,2,2]}}}