{"parent":"physical_parent","textures":{"main":"pokemon/dewgong"},"elements":[{"from":[3,0,9.75],"to":[13,7,23.75],"faces":{"east":{"uv":[3.75,2.5,7.25,4.25],"texture":"#main"},"south":{"uv":[1,2.5,3.5,4.25],"texture":"#main"},"north":{"uv":[1,2.5,3.5,4.25],"texture":"#main"},"west":{"uv":[3.75,2.5,7.25,4.25],"texture":"#main"},"up":{"uv":[3.75,4.5,7.25,7],"texture":"#main"},"down":{"uv":[3.75,4.5,7.25,7],"texture":"#main"}}},{"from":[4,4,23.75],"to":[12,12,31.75],"faces":{"east":{"uv":[0,0,2,2],"texture":"#main"},"south":{"uv":[4.5,0,6.5,2],"texture":"#main"},"north":{"uv":[6.75,0,8.75,2],"texture":"#main"},"west":{"uv":[2.25,0,4.25,2],"texture":"#main"},"up":{"uv":[9,0,11,2],"texture":"#main"},"down":{"uv":[6.75,0,8.75,2],"texture":"#main"}}},{"rotation":{"origin":[8.001201,4.377141,8.321033],"angle":22.5,"axis":"x"},"from":[4.0012,0.8771,5.321],"to":[12.0012,7.8771,11.321],"faces":{"east":{"uv":[4.75,2.5,6.25,4.25],"texture":"#main"},"north":{"uv":[11.75,2.75,12.25,3.25],"texture":"#main"},"west":{"uv":[4.75,2.5,6.25,4.25],"texture":"#main"},"up":{"uv":[4.75,2.5,6.75,4.25],"texture":"#main"},"down":{"uv":[4.75,2.5,6.75,4.25],"texture":"#main"}}},{"rotation":{"origin":[8.002475,6.883889,4.566193],"angle":45,"axis":"x"},"from":[5.0025,4.3839,1.5662],"to":[11.0025,9.3839,7.5662],"faces":{"east":{"uv":[4.75,3,6,4.25],"texture":"#main"},"north":{"uv":[11.75,2.75,12.25,3.25],"texture":"#main"},"west":{"uv":[4.75,3,6,4.25],"texture":"#main"},"up":{"uv":[4.75,2.75,6.25,4.25],"texture":"#main"},"down":{"uv":[4.75,3,6.25,4.25],"texture":"#main"}}},{"rotation":{"origin":[8.004553,10.97056,1.831913],"angle":-22.5,"axis":"x"},"from":[6.0046,7.9706,-0.6681],"to":[10.0046,11.9706,4.3319],"faces":{"east":{"uv":[4.75,3.25,5.75,4.25],"texture":"#main"},"south":{"uv":[4.75,3.25,5.75,4.25],"texture":"#main"},"north":{"uv":[4.75,3.25,5.75,4.25],"texture":"#main"},"west":{"uv":[4.75,3.25,5.75,4.25],"texture":"#main"},"up":{"uv":[11.75,2.75,12.25,3.25],"texture":"#main"}}},{"from":[7.0078,10.9398,-0.8658],"to":[9.007799,14.9398,3.1342],"faces":{"east":{"uv":[4.75,2.5,6,4.25],"texture":"#main"},"south":{"uv":[4.75,3.25,5.25,4.25],"texture":"#main"},"north":{"uv":[4.75,3.25,5.25,4.25],"texture":"#main"},"west":{"uv":[4.75,2.5,6,4.25],"texture":"#main"},"up":{"uv":[11.75,2.75,12.25,3.25],"texture":"#main"}}},{"rotation":{"origin":[8.010967,17.13738,1.664954],"angle":22.5,"axis":"x"},"from":[7.011,14.1374,0.165],"to":[9.011,18.1374,3.165],"faces":{"east":{"uv":[4.75,3.25,5.5,4.25],"texture":"#main"},"south":{"uv":[4.75,3.25,5.25,4.25],"texture":"#main"},"north":{"uv":[4.75,3.25,5.25,4.25],"texture":"#main"},"west":{"uv":[4.75,3.25,5.5,4.25],"texture":"#main"},"up":{"uv":[11.75,2.75,12.25,3.25],"texture":"#main"}}},{"rotation":{"origin":[8.017285,19.69215,3.841271],"angle":45,"axis":"x"},"from":[7.0173,16.6921,2.3413],"to":[9.0173,20.6921,4.3413],"faces":{"east":{"uv":[4.75,3.25,5.25,4.25],"texture":"#main"},"south":{"uv":[4.75,3.25,5.25,4.25],"texture":"#main"},"north":{"uv":[4.75,3.25,5.25,4.25],"texture":"#main"},"west":{"uv":[4.75,3.25,5.25,4.25],"texture":"#main"},"up":{"uv":[11.75,2.75,12.25,3.25],"texture":"#main"}}},{"rotation":{"origin":[9.017285,21.69215,7.841271],"angle":-45,"axis":"x"},"from":[8.0173,18.6921,2.3413],"to":[8.1173,28.6921,12.3413],"faces":{"east":{"uv":[10.25,7.25,12.75,9.75],"texture":"#main","rotation":270},"west":{"uv":[10.25,7.25,12.75,9.75],"texture":"#main","rotation":90}}},{"rotation":{"origin":[14.01729,2.692148,18.84127],"angle":-22.5,"axis":"z"},"from":[11.0173,3.5921,13.3413],"to":[21.0173,3.6921,23.3413],"faces":{"up":{"uv":[3.25,7.5,5.75,10],"texture":"#main","rotation":270},"down":{"uv":[5.5,7.5,8,10],"texture":"#main","rotation":270}}},{"rotation":{"origin":[-2.982714,1.692148,18.84127],"angle":22.5,"axis":"z"},"from":[-5.9827,2.5921,13.3413],"to":[4.0173,2.6921,23.3413],"faces":{"up":{"uv":[5.5,7.5,8,10],"texture":"#main","rotation":90},"down":{"uv":[3.25,7.5,5.75,10],"texture":"#main","rotation":90}}},{"rotation":{"origin":[7.017285,17.69215,25.84127],"angle":-22.5,"axis":"x"},"from":[7.9173,10.6921,24.3413],"to":[8.0173,15.6921,27.3413],"faces":{"east":{"uv":[0,2.25,0.75,3.5],"texture":"#main"},"west":{"uv":[0,2.25,0.75,3.5],"texture":"#main"}}}],"display":{"head":{"rotation":[0,180,0],"translation":[0,-27.81,13.913],"scale":[2,2,2]},"firstperson_righthand":{"scale":[0.0001,0.0001,0.0001]},"thirdperson_lefthand":{"scale":[0.0001,0.0001,0.0001]},"firstperson_lefthand":{"scale":[0.0001,0.0001,0.0001]},"thirdperson_righthand":{"scale":[0.0001,0.0001,0.0001]}}}