{"credit":"Made with Blockbench","texture_size":[64,64],"textures":{"main":"pokemon/drudiggon"},"elements":[{"from":[3.39605,2.56641,2.5503],"to":[12.75605,9.76641,13.3503],"rotation":{"angle":0,"axis":"y","origin":[1.05612,12.70853,9.7503]},"faces":{"north":{"uv":[5.25,1.5,6.5,2.5],"texture":"#main"},"east":{"uv":[4.25,4.5,2.75,5.5],"texture":"#main"},"south":{"uv":[1,5.5,2.25,6.5],"texture":"#main"},"west":{"uv":[2.75,4.5,4.25,5.5],"texture":"#main"},"up":{"uv":[4,1.5,2.75,0],"texture":"#main"},"down":{"uv":[4,1.5,2.75,3],"texture":"#main"}}},{"from":[3.57605,8.60516,1.13907],"to":[12.57605,17.60516,11.03907],"rotation":{"angle":-22.5,"axis":"x","origin":[1.05612,12.70853,9.7503]},"faces":{"north":{"uv":[4,1.5,5.25,2.75],"texture":"#main"},"east":{"uv":[2.875,3,1.5,4.25],"texture":"#main"},"south":{"uv":[0,4.25,1.25,5.5],"texture":"#main"},"west":{"uv":[1.5,3,2.875,4.25],"texture":"#main"},"up":{"uv":[4.25,4.375,3,3],"texture":"#main"},"down":{"uv":[5.25,0,4,1.375],"texture":"#main"}}},{"from":[5.37605,2.56641,13.3503],"to":[10.77605,7.96641,18.7503],"rotation":{"angle":0,"axis":"y","origin":[1.05612,12.70853,9.7503]},"faces":{"north":{"uv":[5.5,7.25,6.25,8],"texture":"#main"},"east":{"uv":[7.75,7.25,7,8],"texture":"#main"},"south":{"uv":[7.25,6.5,8,7.25],"texture":"#main"},"west":{"uv":[7,7.25,7.75,8],"texture":"#main"},"up":{"uv":[8.25,2.25,7.5,1.5],"texture":"#main"},"down":{"uv":[2.75,7.5,2,8.25],"texture":"#main"}}},{"from":[8.07605,7.96641,13.3503],"to":[8.07605,11.56641,18.7503],"rotation":{"angle":0,"axis":"y","origin":[1.05612,12.70853,9.7503]},"faces":{"north":{"uv":[0,0,0,0.5],"texture":"#main"},"east":{"uv":[2,8.25,2.75,8.75],"texture":"#main"},"south":{"uv":[0,0,0,0.5],"texture":"#main"},"west":{"uv":[8.25,4.75,9,5.25],"texture":"#main"},"up":{"uv":[0,0.75,0,0],"texture":"#main"},"down":{"uv":[0,0,0,0.75],"texture":"#main"}}},{"from":[6.27605,2.56641,18.7503],"to":[9.87605,6.16641,24.1503],"rotation":{"angle":0,"axis":"y","origin":[1.05612,12.70853,9.7503]},"faces":{"north":{"uv":[4.25,8.75,4.75,9.25],"texture":"#main"},"east":{"uv":[9,7.25,8.25,7.75],"texture":"#main"},"south":{"uv":[8.75,4.25,9.25,4.75],"texture":"#main"},"west":{"uv":[8.25,7.25,9,7.75],"texture":"#main"},"up":{"uv":[8.25,9,7.75,8.25],"texture":"#main"},"down":{"uv":[8.75,7.75,8.25,8.5],"texture":"#main"}}},{"from":[8.07605,6.16641,18.7503],"to":[8.07605,9.76641,24.1503],"rotation":{"angle":0,"axis":"y","origin":[1.05612,12.70853,9.7503]},"faces":{"north":{"uv":[0,0,0,0.5],"texture":"#main"},"east":{"uv":[0,8.5,0.75,9],"texture":"#main"},"south":{"uv":[0,0,0,0.5],"texture":"#main"},"west":{"uv":[8.5,0,9.25,0.5],"texture":"#main"},"up":{"uv":[0,0.75,0,0],"texture":"#main"},"down":{"uv":[0,0,0,0.75],"texture":"#main"}}},{"from":[8.07605,2.56641,24.1503],"to":[8.07605,9.76641,29.5503],"rotation":{"angle":0,"axis":"y","origin":[1.05612,12.70853,9.7503]},"faces":{"north":{"uv":[0,0,0,1],"texture":"#main"},"east":{"uv":[1.5,7.25,0.75,8.25],"texture":"#main"},"south":{"uv":[0,0,0,1],"texture":"#main"},"west":{"uv":[0.75,7.25,1.5,8.25],"texture":"#main"},"up":{"uv":[0,0.75,0,0],"texture":"#main"},"down":{"uv":[0,0,0,0.75],"texture":"#main"}}},{"from":[4.47605,8.92768,-2.6394],"to":[11.67605,17.02768,7.2606],"rotation":{"angle":22.5,"axis":"x","origin":[1.05612,12.70853,9.7503]},"faces":{"north":{"uv":[2.25,5.5,3.25,6.625],"texture":"#main"},"east":{"uv":[5.625,2.75,4.25,3.875],"texture":"#main"},"south":{"uv":[3.25,5.5,4.25,6.625],"texture":"#main"},"west":{"uv":[4.25,2.75,5.625,3.875],"texture":"#main"},"up":{"uv":[6.25,6.375,5.25,5],"texture":"#main"},"down":{"uv":[1,5.5,0,6.875],"texture":"#main"}}},{"from":[-0.0481,15.16641,-1.2597],"to":[-0.0481,22.36641,2.3403],"rotation":{"angle":-22.5,"axis":"y","origin":[1.05612,12.70853,9.7503]},"faces":{"north":{"uv":[0,0,0,1],"texture":"#main"},"east":{"uv":[8.25,2.25,7.75,3.25],"texture":"#main"},"south":{"uv":[0,0,0,1],"texture":"#main"},"west":{"uv":[7.75,2.25,8.25,3.25],"texture":"#main"},"up":{"uv":[0,0.5,0,0],"texture":"#main"},"down":{"uv":[0,0,0,0.5],"texture":"#main"}}},{"from":[16.0202,15.16641,-1.2597],"to":[16.0202,22.36641,2.3403],"rotation":{"angle":22.5,"axis":"y","origin":[14.91598,12.70853,9.7503]},"faces":{"north":{"uv":[0,0,0,1],"texture":"#main"},"east":{"uv":[8.25,2.25,7.75,3.25],"texture":"#main"},"south":{"uv":[0,0,0,1],"texture":"#main"},"west":{"uv":[7.75,2.25,8.25,3.25],"texture":"#main"},"up":{"uv":[0,0.5,0,0],"texture":"#main"},"down":{"uv":[0,0,0,0.5],"texture":"#main"}}},{"from":[4.29605,22.36641,-10],"to":[11.85605,24.16641,0.8],"rotation":{"angle":0,"axis":"y","origin":[1.05612,12.70853,9.7503]},"faces":{"north":{"uv":[1.75,8.75,2.75,9],"texture":"#main"},"east":{"uv":[9.5,7,8,7.25],"texture":"#main"},"south":{"uv":[8.75,1.75,9.75,2],"texture":"#main"},"west":{"uv":[8,7,9.5,7.25],"texture":"#main"},"up":{"uv":[5.25,6.5,4.25,5],"texture":"#main"},"down":{"uv":[6.25,0,5.25,1.5],"texture":"#main"}}},{"from":[4.29605,15.16641,-4.6497],"to":[11.85605,22.36641,0.7503],"rotation":{"angle":0,"axis":"y","origin":[1.05612,12.70853,9.7503]},"faces":{"north":{"uv":[5.75,2.5,6.75,3.5],"texture":"#main"},"east":{"uv":[7,5.5,6.25,6.5],"texture":"#main"},"south":{"uv":[5.75,3.5,6.75,4.5],"texture":"#main"},"west":{"uv":[6.25,5.5,7,6.5],"texture":"#main"},"up":{"uv":[2,7.25,1,6.5],"texture":"#main"},"down":{"uv":[7.5,1.5,6.5,2.25],"texture":"#main"}}},{"from":[4.29605,18.76641,-10],"to":[11.85605,22.36641,-4.6],"rotation":{"angle":0,"axis":"y","origin":[1.05612,12.70853,9.7503]},"faces":{"north":{"uv":[7.75,1,8.75,1.5],"texture":"#main"},"east":{"uv":[8.75,6.25,8,6.75],"texture":"#main"},"south":{"uv":[7.75,3.25,8.75,3.75],"texture":"#main"},"west":{"uv":[8,6.25,8.75,6.75],"texture":"#main"},"up":{"uv":[5.25,7.25,4.25,6.5],"texture":"#main"},"down":{"uv":[6.25,6.5,5.25,7.25],"texture":"#main"}}},{"from":[4.47605,20.39619,-6.66862],"to":[11.67605,23.99619,-1.26862],"rotation":{"angle":-22.5,"axis":"x","origin":[1.05612,12.70853,9.7503]},"faces":{"north":{"uv":[7.75,3.75,8.75,4.25],"texture":"#main"},"east":{"uv":[1.5,8.25,0.75,8.75],"texture":"#main"},"south":{"uv":[7.75,4.25,8.75,4.75],"texture":"#main"},"west":{"uv":[0.75,8.25,1.5,8.75],"texture":"#main"},"up":{"uv":[7.75,3,6.75,2.25],"texture":"#main"},"down":{"uv":[4,6.75,3,7.5],"texture":"#main"}}},{"from":[6.27605,21.38619,-5.76862],"to":[9.87605,23.63619,-1.26862],"rotation":{"angle":-22.5,"axis":"x","origin":[1.05612,12.70853,9.7503]},"faces":{"north":{"uv":[5.75,4.5,6.25,5],"texture":"#main"},"east":{"uv":[5.5,8.5,6.125,9],"texture":"#main"},"south":{"uv":[8.75,3.25,9.25,3.75],"texture":"#main"},"west":{"uv":[6.25,8.5,6.875,9],"texture":"#main"},"up":{"uv":[8.75,9.125,8.25,8.5],"texture":"#main"},"down":{"uv":[1.25,8.75,0.75,9.375],"texture":"#main"}}},{"from":[4.47605,22.06119,-6.66862],"to":[11.67605,22.06119,-1.26862],"rotation":{"angle":-22.5,"axis":"x","origin":[1.05612,12.70853,9.7503]},"faces":{"north":{"uv":[0,0,1,0],"texture":"#main"},"east":{"uv":[0,0,0.75,0],"texture":"#main"},"south":{"uv":[0,0,1,0],"texture":"#main"},"west":{"uv":[0,0,0.75,0],"texture":"#main"},"up":{"uv":[7.75,3.75,6.75,3],"texture":"#main"},"down":{"uv":[7.75,3.75,6.75,4.5],"texture":"#main"}}},{"from":[4.29605,21.01641,-9],"to":[11.85605,21.01641,-3.6],"rotation":{"angle":0,"axis":"y","origin":[1.05612,12.70853,9.7503]},"faces":{"north":{"uv":[0,0,1,0],"texture":"#main"},"east":{"uv":[0,0,0.75,0],"texture":"#main"},"south":{"uv":[0,0,1,0],"texture":"#main"},"west":{"uv":[0,0,0.75,0],"texture":"#main"},"up":{"uv":[7.25,7.25,6.25,6.5],"texture":"#main"},"down":{"uv":[3,6.75,2,7.5],"texture":"#main"}}},{"from":[-1.627,11.24083,4.3503],"to":[5.573,14.84083,7.0503],"rotation":{"angle":22.5,"axis":"z","origin":[1.05612,12.70853,9.7503]},"faces":{"north":{"uv":[7.75,5.75,8.75,6.25],"texture":"#main"},"east":{"uv":[0,9,0.375,9.5],"texture":"#main"},"south":{"uv":[5.5,8,6.5,8.5],"texture":"#main"},"west":{"uv":[1.75,9,2.125,9.5],"texture":"#main"},"up":{"uv":[9.25,2.625,8.25,2.25],"texture":"#main"},"down":{"uv":[9.25,2.75,8.25,3.125],"texture":"#main"}}},{"from":[1.073,14.84083,5.7003],"to":[4.673,18.44083,5.7003],"rotation":{"angle":22.5,"axis":"z","origin":[1.05612,12.70853,9.7503]},"faces":{"north":{"uv":[3.75,8.75,4.25,9.25],"texture":"#main"},"east":{"uv":[0,0,0,0.5],"texture":"#main"},"south":{"uv":[8.75,3.75,9.25,4.25],"texture":"#main"},"west":{"uv":[0,0,0,0.5],"texture":"#main"},"up":{"uv":[0.5,0,0,0],"texture":"#main"},"down":{"uv":[0.5,0,0,0],"texture":"#main"}}},{"from":[-4.58718,10.83279,-2.3997],"to":[-0.98718,15.33279,7.5003],"rotation":{"angle":22.5,"axis":"z","origin":[1.05612,12.70853,9.7503]},"faces":{"north":{"uv":[8.75,1,9.25,1.625],"texture":"#main"},"east":{"uv":[6.25,0,7.625,0.625],"texture":"#main"},"south":{"uv":[1.25,8.75,1.75,9.375],"texture":"#main"},"west":{"uv":[6.25,0.75,7.625,1.375],"texture":"#main"},"up":{"uv":[2,8.625,1.5,7.25],"texture":"#main"},"down":{"uv":[4.5,7.25,4,8.625],"texture":"#main"}}},{"from":[-3.64061,9.85016,-5.0997],"to":[-3.64061,14.35016,-2.3997],"rotation":{"angle":22.5,"axis":"z","origin":[-1.39061,12.10016,-3.7497]},"faces":{"north":{"uv":[0,0,0,0.625],"texture":"#main"},"east":{"uv":[9.125,5.75,8.75,6.375],"texture":"#main"},"south":{"uv":[0,0,0,0.625],"texture":"#main"},"west":{"uv":[8.75,5.75,9.125,6.375],"texture":"#main"},"up":{"uv":[0,0.375,0,0],"texture":"#main"},"down":{"uv":[0,0,0,0.375],"texture":"#main"}}},{"from":[-1.39061,9.85016,-5.0997],"to":[-1.39061,14.35016,-2.3997],"rotation":{"angle":22.5,"axis":"z","origin":[-1.39061,12.10016,-3.7497]},"faces":{"north":{"uv":[0,0,0,0.625],"texture":"#main"},"east":{"uv":[9.125,5.75,8.75,6.375],"texture":"#main"},"south":{"uv":[0,0,0,0.625],"texture":"#main"},"west":{"uv":[8.75,5.75,9.125,6.375],"texture":"#main"},"up":{"uv":[0,0.375,0,0],"texture":"#main"},"down":{"uv":[0,0,0,0.375],"texture":"#main"}}},{"from":[-1.26019,7.80757,-5.0997],"to":[-1.26019,10.50757,-0.5997],"rotation":{"angle":22.5,"axis":"z","origin":[-1.26019,8.25757,-1.9497]},"faces":{"north":{"uv":[0,0.375,0,0],"rotation":180,"texture":"#main"},"east":{"uv":[8.75,5.75,9.125,6.375],"rotation":270,"texture":"#main"},"south":{"uv":[0,0,0,0.375],"texture":"#main"},"west":{"uv":[9.125,5.75,8.75,6.375],"rotation":90,"texture":"#main"},"up":{"uv":[0,0,0,0.625],"rotation":180,"texture":"#main"},"down":{"uv":[0,0,0,0.625],"texture":"#main"}}},{"from":[-8,13.08279,-2.3997],"to":[-4.4,13.08279,7.5003],"rotation":{"angle":22.5,"axis":"z","origin":[1.05612,12.70853,9.7503]},"faces":{"north":{"uv":[0,0,0.5,0],"texture":"#main"},"east":{"uv":[0,0,1.375,0],"texture":"#main"},"south":{"uv":[0,0,0.5,0],"texture":"#main"},"west":{"uv":[0,0,1.375,0],"texture":"#main"},"up":{"uv":[5,8.625,4.5,7.25],"texture":"#main"},"down":{"uv":[5.5,7.25,5,8.625],"texture":"#main"}}},{"from":[11.29909,14.84083,5.7003],"to":[14.89909,18.44083,5.7003],"rotation":{"angle":-22.5,"axis":"z","origin":[14.91598,12.70853,9.7503]},"faces":{"north":{"uv":[4.25,8.75,3.75,9.25],"texture":"#main"},"east":{"uv":[0,0,0,0.5],"texture":"#main"},"south":{"uv":[9.25,3.75,8.75,4.25],"texture":"#main"},"west":{"uv":[0,0,0,0.5],"texture":"#main"},"up":{"uv":[0,0,0.5,0],"texture":"#main"},"down":{"uv":[0,0,0.5,0],"texture":"#main"}}},{"from":[10.39909,11.24083,4.3503],"to":[17.59909,14.84083,7.0503],"rotation":{"angle":-22.5,"axis":"z","origin":[14.91598,12.70853,9.7503]},"faces":{"north":{"uv":[8.75,5.75,7.75,6.25],"texture":"#main"},"east":{"uv":[2.125,9,1.75,9.5],"texture":"#main"},"south":{"uv":[6.5,8,5.5,8.5],"texture":"#main"},"west":{"uv":[0.375,9,0,9.5],"texture":"#main"},"up":{"uv":[8.25,2.625,9.25,2.25],"texture":"#main"},"down":{"uv":[8.25,2.75,9.25,3.125],"texture":"#main"}}},{"from":[16.95927,10.83279,-2.3997],"to":[20.55927,15.33279,7.5003],"rotation":{"angle":-22.5,"axis":"z","origin":[14.91598,12.70853,9.7503]},"faces":{"north":{"uv":[9.25,1,8.75,1.625],"texture":"#main"},"east":{"uv":[7.625,0.75,6.25,1.375],"texture":"#main"},"south":{"uv":[1.75,8.75,1.25,9.375],"texture":"#main"},"west":{"uv":[7.625,0,6.25,0.625],"texture":"#main"},"up":{"uv":[1.5,8.625,2,7.25],"texture":"#main"},"down":{"uv":[4,7.25,4.5,8.625],"texture":"#main"}}},{"from":[20.55927,13.08279,-2.3997],"to":[24.15927,13.08279,7.5003],"rotation":{"angle":-22.5,"axis":"z","origin":[14.91598,12.70853,9.7503]},"faces":{"north":{"uv":[0.5,0,0,0],"texture":"#main"},"east":{"uv":[1.375,0,0,0],"texture":"#main"},"south":{"uv":[0.5,0,0,0],"texture":"#main"},"west":{"uv":[1.375,0,0,0],"texture":"#main"},"up":{"uv":[4.5,8.625,5,7.25],"texture":"#main"},"down":{"uv":[5,7.25,5.5,8.625],"texture":"#main"}}},{"from":[17.36271,9.85016,-5.0997],"to":[17.36271,14.35016,-2.3997],"rotation":{"angle":-22.5,"axis":"z","origin":[17.36271,12.10016,-3.7497]},"faces":{"north":{"uv":[0,0,0,0.625],"texture":"#main"},"east":{"uv":[9.125,5.75,8.75,6.375],"texture":"#main"},"south":{"uv":[0,0,0,0.625],"texture":"#main"},"west":{"uv":[8.75,5.75,9.125,6.375],"texture":"#main"},"up":{"uv":[0,0.375,0,0],"texture":"#main"},"down":{"uv":[0,0,0,0.375],"texture":"#main"}}},{"from":[19.61271,9.85016,-5.0997],"to":[19.61271,14.35016,-2.3997],"rotation":{"angle":-22.5,"axis":"z","origin":[17.36271,12.10016,-3.7497]},"faces":{"north":{"uv":[0,0,0,0.625],"texture":"#main"},"east":{"uv":[9.125,5.75,8.75,6.375],"texture":"#main"},"south":{"uv":[0,0,0,0.625],"texture":"#main"},"west":{"uv":[8.75,5.75,9.125,6.375],"texture":"#main"},"up":{"uv":[0,0.375,0,0],"texture":"#main"},"down":{"uv":[0,0,0,0.375],"texture":"#main"}}},{"from":[17.23228,7.80757,-5.0997],"to":[17.23228,10.50757,-0.5997],"rotation":{"angle":-22.5,"axis":"z","origin":[17.23228,8.25757,-1.9497]},"faces":{"north":{"uv":[0,0.375,0,0],"rotation":180,"texture":"#main"},"east":{"uv":[9.125,6.375,8.75,5.75],"rotation":90,"texture":"#main"},"south":{"uv":[0,0,0,0.375],"texture":"#main"},"west":{"uv":[8.75,6.375,9.125,5.75],"rotation":270,"texture":"#main"},"up":{"uv":[0,0,0,0.625],"rotation":180,"texture":"#main"},"down":{"uv":[0,0,0,0.625],"texture":"#main"}}},{"from":[11.67605,16.06942,6.2336],"to":[11.67605,26.86942,26.0336],"rotation":{"angle":0,"axis":"y","origin":[14.91598,16.75853,5.7003]},"faces":{"north":{"uv":[0,0,0,1.5],"texture":"#main"},"east":{"uv":[2.75,1.5,0,3],"texture":"#main"},"south":{"uv":[0,0,0,1.5],"texture":"#main"},"west":{"uv":[2.75,0,0,1.5],"texture":"#main"},"up":{"uv":[0,2.75,0,0],"texture":"#main"},"down":{"uv":[0,0,0,2.75],"texture":"#main"}}},{"from":[4.29605,16.06942,6.2336],"to":[4.29605,26.86942,26.0336],"rotation":{"angle":0,"axis":"y","origin":[14.91598,16.75853,5.7003]},"faces":{"north":{"uv":[0,0,0,1.5],"texture":"#main"},"east":{"uv":[0,0,2.75,1.5],"texture":"#main"},"south":{"uv":[0,0,0,1.5],"texture":"#main"},"west":{"uv":[0,1.5,2.75,3],"texture":"#main"},"up":{"uv":[0,2.75,0,0],"texture":"#main"},"down":{"uv":[0,0,0,2.75],"texture":"#main"}}},{"from":[0.42605,2.56641,4.3503],"to":[4.02605,9.76641,9.7503],"rotation":{"angle":0,"axis":"y","origin":[1.05612,12.70853,9.7503]},"faces":{"north":{"uv":[7.75,4.75,8.25,5.75],"texture":"#main"},"east":{"uv":[0,7,0.75,8],"texture":"#main"},"south":{"uv":[7.75,7.25,8.25,8.25],"texture":"#main"},"west":{"uv":[7,4.5,7.75,5.5],"texture":"#main"},"up":{"uv":[7.75,8.75,7.25,8],"texture":"#main"},"down":{"uv":[8.75,1.5,8.25,2.25],"texture":"#main"}}},{"from":[1.26465,-0.13359,2.82204],"to":[5.76465,2.56641,8.67204],"rotation":{"angle":22.5,"axis":"y","origin":[1.05612,12.70853,9.7503]},"faces":{"north":{"uv":[7,8.75,7.625,9.125],"texture":"#main"},"east":{"uv":[8.5,0.5,9.375,0.875],"texture":"#main"},"south":{"uv":[8.75,7.75,9.375,8.125],"texture":"#main"},"west":{"uv":[2.75,8.5,3.625,8.875],"texture":"#main"},"up":{"uv":[3.375,8.375,2.75,7.5],"texture":"#main"},"down":{"uv":[8.375,0,7.75,0.875],"texture":"#main"}}},{"from":[1.6804,-0.13359,-1.05575],"to":[1.6804,2.56641,2.99425],"rotation":{"angle":22.5,"axis":"y","origin":[1.05612,12.70853,9.7503]},"faces":{"north":{"uv":[0,0,0,0.375],"texture":"#main"},"east":{"uv":[9.375,8.75,8.75,9.125],"texture":"#main"},"south":{"uv":[0,0,0,0.375],"texture":"#main"},"west":{"uv":[8.75,8.75,9.375,9.125],"texture":"#main"},"up":{"uv":[0,0.625,0,0],"texture":"#main"},"down":{"uv":[0,0,0,0.625],"texture":"#main"}}},{"from":[3.4804,-0.13359,-1.05575],"to":[3.4804,2.56641,2.99425],"rotation":{"angle":22.5,"axis":"y","origin":[1.05612,12.70853,9.7503]},"faces":{"north":{"uv":[0,0,0,0.375],"texture":"#main"},"east":{"uv":[9.375,8.75,8.75,9.125],"texture":"#main"},"south":{"uv":[0,0,0,0.375],"texture":"#main"},"west":{"uv":[8.75,8.75,9.375,9.125],"texture":"#main"},"up":{"uv":[0,0.625,0,0],"texture":"#main"},"down":{"uv":[0,0,0,0.625],"texture":"#main"}}},{"from":[5.2804,-0.13359,-1.05575],"to":[5.2804,2.56641,2.99425],"rotation":{"angle":22.5,"axis":"y","origin":[1.05612,12.70853,9.7503]},"faces":{"north":{"uv":[0,0,0,0.375],"texture":"#main"},"east":{"uv":[9.375,8.75,8.75,9.125],"texture":"#main"},"south":{"uv":[0,0,0,0.375],"texture":"#main"},"west":{"uv":[8.75,8.75,9.375,9.125],"texture":"#main"},"up":{"uv":[0,0.625,0,0],"texture":"#main"},"down":{"uv":[0,0,0,0.625],"texture":"#main"}}},{"from":[11.94605,2.56641,4.3503],"to":[15.54605,9.76641,9.7503],"rotation":{"angle":0,"axis":"y","origin":[14.91598,12.70853,9.7503]},"faces":{"north":{"uv":[8.25,4.75,7.75,5.75],"texture":"#main"},"east":{"uv":[7.75,4.5,7,5.5],"texture":"#main"},"south":{"uv":[8.25,7.25,7.75,8.25],"texture":"#main"},"west":{"uv":[0.75,7,0,8],"texture":"#main"},"up":{"uv":[7.25,8.75,7.75,8],"texture":"#main"},"down":{"uv":[8.25,1.5,8.75,2.25],"texture":"#main"}}},{"from":[10.20744,-0.13359,2.82204],"to":[14.70744,2.56641,8.67204],"rotation":{"angle":-22.5,"axis":"y","origin":[14.91598,12.70853,9.7503]},"faces":{"north":{"uv":[7.625,8.75,7,9.125],"texture":"#main"},"east":{"uv":[3.625,8.5,2.75,8.875],"texture":"#main"},"south":{"uv":[9.375,7.75,8.75,8.125],"texture":"#main"},"west":{"uv":[9.375,0.5,8.5,0.875],"texture":"#main"},"up":{"uv":[2.75,8.375,3.375,7.5],"texture":"#main"},"down":{"uv":[7.75,0,8.375,0.875],"texture":"#main"}}},{"from":[14.2917,-0.13359,-1.05575],"to":[14.2917,2.56641,2.99425],"rotation":{"angle":-22.5,"axis":"y","origin":[14.91598,12.70853,9.7503]},"faces":{"north":{"uv":[0,0,0,0.375],"texture":"#main"},"east":{"uv":[9.375,8.75,8.75,9.125],"texture":"#main"},"south":{"uv":[0,0,0,0.375],"texture":"#main"},"west":{"uv":[8.75,8.75,9.375,9.125],"texture":"#main"},"up":{"uv":[0,0.625,0,0],"texture":"#main"},"down":{"uv":[0,0,0,0.625],"texture":"#main"}}},{"from":[12.4917,-0.13359,-1.05575],"to":[12.4917,2.56641,2.99425],"rotation":{"angle":-22.5,"axis":"y","origin":[14.91598,12.70853,9.7503]},"faces":{"north":{"uv":[0,0,0,0.375],"texture":"#main"},"east":{"uv":[9.375,8.75,8.75,9.125],"texture":"#main"},"south":{"uv":[0,0,0,0.375],"texture":"#main"},"west":{"uv":[8.75,8.75,9.375,9.125],"texture":"#main"},"up":{"uv":[0,0.625,0,0],"texture":"#main"},"down":{"uv":[0,0,0,0.625],"texture":"#main"}}},{"from":[10.6917,-0.13359,-1.05575],"to":[10.6917,2.56641,2.99425],"rotation":{"angle":-22.5,"axis":"y","origin":[14.91598,12.70853,9.7503]},"faces":{"north":{"uv":[0,0,0,0.375],"texture":"#main"},"east":{"uv":[9.375,8.75,8.75,9.125],"texture":"#main"},"south":{"uv":[0,0,0,0.375],"texture":"#main"},"west":{"uv":[8.75,8.75,9.375,9.125],"texture":"#main"},"up":{"uv":[0,0.625,0,0],"texture":"#main"},"down":{"uv":[0,0,0,0.625],"texture":"#main"}}}],"display":{"head":{"translation":[0,-30,0],"scale":[1.6,1.6,1.6]}},"groups":[{"name":"Druddigon","origin":[0.01744,0.16699,1.06213],"color":0,"children":[{"name":"body","origin":[0.07605,3.92015,1.33314],"color":0,"children":[0,1,{"name":"tail","origin":[0.07605,4.95641,6.3703],"color":0,"children":[2,3,{"name":"tail2","origin":[0.07605,4.41641,11.7503],"color":0,"children":[4,5,{"name":"tail3","origin":[0.07605,3.91641,17.1503],"color":0,"children":[6]}]}]},{"name":"head","origin":[0.05805,15.59631,-1.59997],"color":0,"children":[7,8,9,10,11,12,13,14,15,16]},{"name":"arm_l","origin":[-3.7229,15.08871,-1.12113],"color":0,"children":[17,18,19,20,21,22,23]},{"name":"arm_r","origin":[3.73228,14.50757,-1.1997],"color":0,"children":[24,25,26,27,28,29,30]},{"name":"wing_r","origin":[3.67605,16.71942,0.1336],"color":0,"children":[31]},{"name":"wing_l","origin":[-3.70395,16.71942,-0.1164],"color":0,"children":[32]}]},{"name":"leg_l","origin":[-4.23439,9.20641,-1.14179],"color":0,"children":[33,{"name":"feet_l","origin":[-5.59949,2.61641,-0.18981],"color":0,"children":[34,35,36,37]}]},{"name":"leg_r","origin":[4.49605,8.41641,0.0503],"color":0,"children":[38,{"name":"feet_r","origin":[5.57159,2.46641,-0.18981],"color":0,"children":[39,40,41,42]}]}]}]}