{"parent":"physical_parent","textures":{"main":"pokemon/elekid"},"texture_size":[48,48],"elements":[{"rotation":{"origin":[8,8.5,8],"angle":0,"axis":"y"},"from":[4,4.5,4],"to":[12,13.5,12],"faces":{"east":{"uv":[0,0,2.66667,3],"texture":"#main"},"south":{"uv":[2.66667,2.66667,5.33333,5.66667],"texture":"#main"},"north":{"uv":[12,5,15.66633,10.33333],"texture":"#main"},"west":{"uv":[0,3,2.66667,6],"texture":"#main"},"up":{"uv":[2.66667,0,5.33333,2.66667],"texture":"#main","rotation":90},"down":{"uv":[8,8,10.66667,10.66667],"texture":"#main","rotation":270}}},{"rotation":{"origin":[16.0026,8.51484,8.48778],"angle":45,"axis":"y"},"from":[14,6.5,5.75],"to":[19,9.5,8.75],"faces":{"east":{"uv":[10.66667,7.66667,11.66667,8.66667],"texture":"#main"},"south":{"uv":[9.33333,1,11,2],"texture":"#main"},"north":{"uv":[9.33333,2,11,3],"texture":"#main"},"west":{"uv":[10.66667,8.66667,11.66667,9.66667],"texture":"#main"},"up":{"uv":[7,3.66667,8,5.33333],"texture":"#main","rotation":90},"down":{"uv":[0,9.66667,1,11.33333],"texture":"#main","rotation":270}}},{"rotation":{"origin":[-0.0026,8.51484,8.48778],"angle":-45,"axis":"y"},"from":[-3,6.5,5.75],"to":[2,9.5,8.75],"faces":{"east":{"uv":[10.66667,9.66667,11.66667,10.66667],"texture":"#main"},"south":{"uv":[10,3,11.66667,4],"texture":"#main"},"north":{"uv":[10,4,11.66667,5],"texture":"#main"},"west":{"uv":[11,0,12,1],"texture":"#main"},"up":{"uv":[1,9.66667,2,11.33333],"texture":"#main","rotation":90},"down":{"uv":[10,5,11,6.66667],"texture":"#main","rotation":270}}},{"rotation":{"origin":[14.06864,8.01177,8.66706],"angle":0,"axis":"y"},"from":[11.56033,7.5,8.67003],"to":[14.56033,8.5,9.67003],"faces":{"east":{"uv":[4.66667,8,5,8.33333],"texture":"#main"},"south":{"uv":[11.33333,10.66667,12.33333,11],"texture":"#main"},"north":{"uv":[11.33333,11,12.33333,11.33333],"texture":"#main"},"west":{"uv":[5,8,5.33333,8.33333],"texture":"#main"},"up":{"uv":[2,11.66667,2.33333,12.66667],"texture":"#main","rotation":90},"down":{"uv":[2.33333,11.66667,2.66667,12.66667],"texture":"#main","rotation":270}}},{"rotation":{"origin":[1.93136,8.01177,8.66706],"angle":0,"axis":"y"},"from":[1.43967,7.5,8.67003],"to":[4.43967,8.5,9.67003],"faces":{"east":{"uv":[7.33333,10.33333,7.66667,10.66667],"texture":"#main"},"south":{"uv":[2.66667,11.66667,3.66667,12],"texture":"#main"},"north":{"uv":[3.66667,11.66667,4.66667,12],"texture":"#main"},"west":{"uv":[7.66667,10.33333,8,10.66667],"texture":"#main"},"up":{"uv":[4.66667,11.66667,5,12.66667],"texture":"#main","rotation":90},"down":{"uv":[5,11.66667,5.33333,12.66667],"texture":"#main","rotation":270}}},{"rotation":{"origin":[8,8.5,8],"angle":0,"axis":"y"},"from":[5,3.5,5],"to":[11,14.5,11],"faces":{"east":{"uv":[5.33333,0,7.33333,3.66667],"texture":"#main"},"south":{"uv":[2.66667,5.66667,4.66667,9.33333],"texture":"#main"},"north":{"uv":[7.33333,0,9.33333,3.66667],"texture":"#main"},"west":{"uv":[0,6,2,9.66667],"texture":"#main"},"up":{"uv":[8,3.66667,10,5.66667],"texture":"#main","rotation":90},"down":{"uv":[8,5.66667,10,7.66667],"texture":"#main","rotation":270}}},{"rotation":{"origin":[6.50871,1.46406,6.44953],"angle":22.5,"axis":"y"},"from":[4,0,4.25],"to":[6.75,1.75,9.25],"faces":{"east":{"uv":[5.33333,4.66667,7,5.33333],"texture":"#main"},"south":{"uv":[11,2,12,2.66667],"texture":"#main"},"north":{"uv":[11,5,12,5.66667],"texture":"#main"},"west":{"uv":[6.33333,10.66667,8,11.33333],"texture":"#main"},"up":{"uv":[5.33333,3.66667,7,4.66667],"texture":"#main","rotation":90},"down":{"uv":[9.33333,0,11,1],"texture":"#main","rotation":270}}},{"rotation":{"origin":[9.49129,1.46406,6.44953],"angle":-22.5,"axis":"y"},"from":[9.25,0,4.25],"to":[12,1.75,9.25],"faces":{"east":{"uv":[8,10.66667,9.66667,11.33333],"texture":"#main"},"south":{"uv":[6.33333,11.33333,7.33333,12],"texture":"#main"},"north":{"uv":[7.33333,11.33333,8.33333,12],"texture":"#main"},"west":{"uv":[9.66667,10.66667,11.33333,11.33333],"texture":"#main"},"up":{"uv":[10,6.66667,11.66667,7.66667],"texture":"#main","rotation":90},"down":{"uv":[4.66667,10.66667,6.33333,11.66667],"texture":"#main","rotation":270}}},{"rotation":{"origin":[6.50871,1.46406,6.44953],"angle":22.5,"axis":"x"},"from":[5.25,1.21059,6.44381],"to":[6.75,4.21059,8.44381],"faces":{"east":{"uv":[2,8.33333,2.66667,9.33333],"texture":"#main"},"south":{"uv":[7.33333,8.33333,8,9.33333],"texture":"#main"},"north":{"uv":[11,1,11.66667,2],"texture":"#main"},"west":{"uv":[7.33333,9.33333,8,10.33333],"texture":"#main"},"up":{"uv":[9.33333,3,10,3.66667],"texture":"#main","rotation":90},"down":{"uv":[8.33333,11.33333,9,12],"texture":"#main","rotation":270}}},{"rotation":{"origin":[10.50871,1.46406,6.44953],"angle":22.5,"axis":"x"},"from":[9.25,1.21059,6.44381],"to":[10.75,4.21059,8.44381],"faces":{"east":{"uv":[11,5.66667,11.66667,6.66667],"texture":"#main"},"south":{"uv":[0,11.33333,0.66667,12.33333],"texture":"#main"},"north":{"uv":[1.33333,11.33333,2,12.33333],"texture":"#main"},"west":{"uv":[0.66667,11.33333,1.33333,12.33333],"texture":"#main"},"up":{"uv":[10.33333,11.33333,11,12],"texture":"#main","rotation":90},"down":{"uv":[11,11.33333,11.66667,12],"texture":"#main","rotation":270}}},{"from":[10.25,13.5,6],"to":[11.25,20.5,10],"faces":{"east":{"uv":[4.66667,8.33333,6,10.66667],"texture":"#main"},"south":{"uv":[4.66667,5.66667,5,8],"texture":"#main"},"north":{"uv":[5,5.66667,5.33333,8],"texture":"#main"},"west":{"uv":[6,8.33333,7.33333,10.66667],"texture":"#main"},"up":{"uv":[8,7.66667,9.33333,8],"texture":"#main","rotation":90},"down":{"uv":[9.33333,7.66667,10.66667,8],"texture":"#main","rotation":270}}},{"from":[4.75,13.5,6],"to":[5.75,20.5,10],"faces":{"east":{"uv":[2,9.33333,3.33333,11.66667],"texture":"#main"},"south":{"uv":[2,6,2.33333,8.33333],"texture":"#main"},"north":{"uv":[2.33333,6,2.66667,8.33333],"texture":"#main"},"west":{"uv":[3.33333,9.33333,4.66667,11.66667],"texture":"#main"},"up":{"uv":[11,2.66667,12.33333,3],"texture":"#main","rotation":90},"down":{"uv":[9,11.33333,10.33333,11.66667],"texture":"#main","rotation":270}}}],"display":{"head":{"translation":[0,-32.5,0],"scale":[1.30859,1.30859,1.30859]}},"credit":"Made with Blockbench"}