{"parent":"physical_parent","textures":{"main":"pokemon/flaaffy"},"elements":[{"rotation":{"origin":[11,6,5],"angle":0,"axis":"y"},"from":[3,0,-3],"to":[13,17,6],"faces":{"east":{"uv":[0,3.375,1.125,5.5],"texture":"#main"},"south":{"uv":[3.5,3.375,4.75,5.5],"texture":"#main"},"north":{"uv":[1.125,3.375,2.375,5.5],"texture":"#main"},"west":{"uv":[2.375,3.375,3.5,5.5],"texture":"#main"},"up":{"uv":[2.375,3.375,1.125,2.25],"texture":"#main"},"down":{"uv":[3.625,2.25,2.375,3.375],"texture":"#main"}}},{"rotation":{"origin":[11,6,5],"angle":0,"axis":"y"},"from":[1,-2,-2],"to":[4,7,5],"faces":{"east":{"uv":[5.5,7,6.375,8.125],"texture":"#main"},"south":{"uv":[7.625,7,8,8.125],"texture":"#main"},"north":{"uv":[6.375,7,6.75,8.125],"texture":"#main"},"west":{"uv":[6.75,7,7.625,8.125],"texture":"#main"},"up":{"uv":[6.75,7,6.375,6.125],"texture":"#main"},"down":{"uv":[7.125,6.125,6.75,7],"texture":"#main"}}},{"rotation":{"origin":[17,5,10],"angle":0,"axis":"y"},"from":[6,-1,3],"to":[11,5,10],"faces":{"east":{"uv":[0,6.375,0.875,7.125],"texture":"#main"},"south":{"uv":[2.375,6.375,3,7.125],"texture":"#main"},"north":{"uv":[0.875,6.375,1.5,7.125],"texture":"#main"},"west":{"uv":[1.5,6.375,2.375,7.125],"texture":"#main"},"up":{"uv":[1.5,6.375,0.875,5.5],"texture":"#main"},"down":{"uv":[2.125,5.5,1.5,6.375],"texture":"#main"}}},{"rotation":{"origin":[17,7,14],"angle":-22.5,"axis":"x"},"from":[6,3,14],"to":[11,8,19],"faces":{"east":{"uv":[7.375,8.125,8,8.75],"texture":"#main"},"south":{"uv":[9.25,8.125,9.875,8.75],"texture":"#main"},"north":{"uv":[8,8.125,8.625,8.75],"texture":"#main"},"west":{"uv":[8.625,8.125,9.25,8.75],"texture":"#main"},"up":{"uv":[8.625,8.125,8,7.5],"texture":"#main"},"down":{"uv":[9.25,7.5,8.625,8.125],"texture":"#main"}}},{"rotation":{"origin":[17,7,14],"angle":-22.5,"axis":"x"},"from":[7,4,7],"to":[10,7,14],"faces":{"east":{"uv":[0,8,0.875,8.375],"texture":"#main"},"south":{"uv":[2.125,8,2.5,8.375],"texture":"#main"},"north":{"uv":[0.875,8,1.25,8.375],"texture":"#main"},"west":{"uv":[1.25,8,2.125,8.375],"texture":"#main"},"up":{"uv":[1.25,8,0.875,7.125],"texture":"#main"},"down":{"uv":[1.625,7.125,1.25,8],"texture":"#main"}}},{"rotation":{"origin":[22,6,5],"angle":0,"axis":"y"},"from":[12,-2,-2],"to":[15,7,5],"faces":{"east":{"uv":[3,7,3.875,8.125],"texture":"#main"},"south":{"uv":[5.125,7,5.5,8.125],"texture":"#main"},"north":{"uv":[3.875,7,4.25,8.125],"texture":"#main"},"west":{"uv":[4.25,7,5.125,8.125],"texture":"#main"},"up":{"uv":[4.25,7,3.875,6.125],"texture":"#main"},"down":{"uv":[4.625,6.125,4.25,7],"texture":"#main"}}},{"rotation":{"origin":[22,-3,5],"angle":0,"axis":"y"},"from":[12,-4,2],"to":[15,-2,4],"faces":{"east":{"uv":[0,0.75,0.25,1],"texture":"#main"},"south":{"uv":[0.875,0.75,1.25,1],"texture":"#main"},"north":{"uv":[0.25,0.75,0.625,1],"texture":"#main"},"west":{"uv":[0.625,0.75,0.875,1],"texture":"#main"},"up":{"uv":[0.625,0.75,0.25,0.5],"texture":"#main"},"down":{"uv":[1,0.5,0.625,0.75],"texture":"#main"}}},{"rotation":{"origin":[11,-3,5],"angle":0,"axis":"y"},"from":[1,-4,2],"to":[4,-2,4],"faces":{"east":{"uv":[0,0.25,0.25,0.5],"texture":"#main"},"south":{"uv":[0.875,0.25,1.25,0.5],"texture":"#main"},"north":{"uv":[0.25,0.25,0.625,0.5],"texture":"#main"},"west":{"uv":[0.625,0.25,0.875,0.5],"texture":"#main"},"up":{"uv":[0.625,0.25,0.25,0],"texture":"#main"},"down":{"uv":[1,0,0.625,0.25],"texture":"#main"}}},{"rotation":{"origin":[11,-5,5],"angle":0,"axis":"y"},"from":[1,-6,-2],"to":[4,-4,4],"faces":{"east":{"uv":[7.5,2.25,8.25,2.5],"texture":"#main"},"south":{"uv":[9.375,2.25,9.75,2.5],"texture":"#main"},"north":{"uv":[8.25,2.25,8.625,2.5],"texture":"#main"},"west":{"uv":[8.625,2.25,9.375,2.5],"texture":"#main"},"up":{"uv":[8.625,2.25,8.25,1.5],"texture":"#main"},"down":{"uv":[9,1.5,8.625,2.25],"texture":"#main"}}},{"rotation":{"origin":[22,-5,5],"angle":0,"axis":"y"},"from":[12,-6,-2],"to":[15,-4,4],"faces":{"east":{"uv":[7.25,5.125,8,5.375],"texture":"#main"},"south":{"uv":[9.125,5.125,9.5,5.375],"texture":"#main"},"north":{"uv":[8,5.125,8.375,5.375],"texture":"#main"},"west":{"uv":[8.375,5.125,9.125,5.375],"texture":"#main"},"up":{"uv":[8.375,5.125,8,4.375],"texture":"#main"},"down":{"uv":[8.75,4.375,8.375,5.125],"texture":"#main"}}},{"rotation":{"origin":[1,6,5],"angle":0,"axis":"y"},"from":[-1,8,-2],"to":[3,10,1],"faces":{"east":{"uv":[2.125,6.125,2.5,6.375],"texture":"#main"},"south":{"uv":[3.375,6.125,3.875,6.375],"texture":"#main"},"north":{"uv":[2.5,6.125,3,6.375],"texture":"#main"},"west":{"uv":[3,6.125,3.375,6.375],"texture":"#main"},"up":{"uv":[3,6.125,2.5,5.75],"texture":"#main"},"down":{"uv":[3.5,5.75,3,6.125],"texture":"#main"}}},{"rotation":{"origin":[15,6,5],"angle":0,"axis":"y"},"from":[13,8,-2],"to":[17,10,1],"faces":{"east":{"uv":[3.625,2.625,4,2.875],"texture":"#main"},"south":{"uv":[4.875,2.625,5.375,2.875],"texture":"#main"},"north":{"uv":[4,2.625,4.5,2.875],"texture":"#main"},"west":{"uv":[4.5,2.625,4.875,2.875],"texture":"#main"},"up":{"uv":[4.5,2.625,4,2.25],"texture":"#main"},"down":{"uv":[5,2.25,4.5,2.625],"texture":"#main"}}},{"rotation":{"origin":[11,19,5],"angle":0,"axis":"y"},"from":[3,20,-3],"to":[13,25,6],"faces":{"east":{"uv":[3.625,5.5,4.75,6.125],"texture":"#main"},"south":{"uv":[7.125,5.5,8.375,6.125],"texture":"#main"},"north":{"uv":[4.75,5.5,6,6.125],"texture":"#main"},"west":{"uv":[6,5.5,7.125,6.125],"texture":"#main"},"up":{"uv":[6,5.5,4.75,4.375],"texture":"#main"},"down":{"uv":[7.25,4.375,6,5.5],"texture":"#main"}}},{"rotation":{"origin":[11,17,5],"angle":0,"axis":"y"},"from":[1,17,-2],"to":[15,21,2],"faces":{"east":{"uv":[4.375,0.5,4.875,1],"texture":"#main"},"south":{"uv":[7.125,0.5,8.875,1],"texture":"#main"},"north":{"uv":[4.875,0.5,6.625,1],"texture":"#main"},"west":{"uv":[6.625,0.5,7.125,1],"texture":"#main"},"up":{"uv":[6.625,0.5,4.875,0],"texture":"#main"},"down":{"uv":[8.375,0,6.625,0.5],"texture":"#main"}}},{"rotation":{"origin":[11,17,5],"angle":0,"axis":"y"},"from":[0,18,-1],"to":[16,20,1],"faces":{"east":{"uv":[5.75,1.25,6,1.5],"texture":"#main"},"south":{"uv":[8.25,1.25,10.25,1.5],"texture":"#main"},"north":{"uv":[6,1.25,8,1.5],"texture":"#main"},"west":{"uv":[8,1.25,8.25,1.5],"texture":"#main"},"up":{"uv":[8,1.25,6,1],"texture":"#main"},"down":{"uv":[10,1,8,1.25],"texture":"#main"}}},{"rotation":{"origin":[11,24,5],"angle":0,"axis":"y"},"from":[9,25,-3],"to":[13,27,1],"faces":{"east":{"uv":[7.125,6.625,7.625,6.875],"texture":"#main"},"south":{"uv":[8.625,6.625,9.125,6.875],"texture":"#main"},"north":{"uv":[7.625,6.625,8.125,6.875],"texture":"#main"},"west":{"uv":[8.125,6.625,8.625,6.875],"texture":"#main"},"up":{"uv":[8.125,6.625,7.625,6.125],"texture":"#main"},"down":{"uv":[8.625,6.125,8.125,6.625],"texture":"#main"}}},{"rotation":{"origin":[6,24,5],"angle":0,"axis":"y"},"from":[3,25,-3],"to":[7,27,1],"faces":{"east":{"uv":[5.75,2,6.25,2.25],"texture":"#main"},"south":{"uv":[7.25,2,7.75,2.25],"texture":"#main"},"north":{"uv":[6.25,2,6.75,2.25],"texture":"#main"},"west":{"uv":[6.75,2,7.25,2.25],"texture":"#main"},"up":{"uv":[6.75,2,6.25,1.5],"texture":"#main"},"down":{"uv":[7.25,1.5,6.75,2],"texture":"#main"}}},{"rotation":{"origin":[11,19,14],"angle":22.5,"axis":"x"},"from":[4,7,-3],"to":[12,18,3],"faces":{"east":{"uv":[4.75,3,5.5,4.375],"texture":"#main"},"south":{"uv":[7.25,3,8.25,4.375],"texture":"#main"},"north":{"uv":[5.5,3,6.5,4.375],"texture":"#main"},"west":{"uv":[6.5,3,7.25,4.375],"texture":"#main"},"up":{"uv":[6.5,3,5.5,2.25],"texture":"#main"},"down":{"uv":[7.5,2.25,6.5,3],"texture":"#main"}}},{"rotation":{"origin":[11,9,8],"angle":-22.5,"axis":"x"},"from":[2,14,-1],"to":[14,21,10],"faces":{"east":{"uv":[0,1.375,1.375,2.25],"texture":"#main"},"south":{"uv":[4.25,1.375,5.75,2.25],"texture":"#main"},"north":{"uv":[1.375,1.375,2.875,2.25],"texture":"#main"},"west":{"uv":[2.875,1.375,4.25,2.25],"texture":"#main"},"up":{"uv":[2.875,1.375,1.375,0],"texture":"#main"},"down":{"uv":[4.375,0,2.875,1.375],"texture":"#main"}}}],"display":{"head":{"translation":[0,-29,6.75]}},"credit":"Made with Blockbench"}