{"parent":"physical_parent","textures":{"main":"pokemon/gastly","particle":"pokemon/gastly"},"elements":[{"from":[4,4,2],"to":[13,13,11],"faces":{"east":{"uv":[5.25,0,7.75,2.25],"texture":"#main"},"south":{"uv":[2.5,0,5,2.25],"texture":"#main"},"north":{"uv":[0,0,2.25,2.25],"texture":"#main"},"west":{"uv":[2.5,0,4.75,2.25],"texture":"#main"},"up":{"uv":[5.25,0,7.75,2.25],"texture":"#main"},"down":{"uv":[5.25,0,7.75,2.25],"texture":"#main"}}},{"from":[0.5,0,6],"to":[16.5,16,6.1],"faces":{"south":{"uv":[4.25,4.25,8.25,8.25],"texture":"#main"},"north":{"uv":[0,4.25,4,8.25],"texture":"#main"}}},{"from":[4,8,1.925],"to":[13,14,1.926],"faces":{"north":{"uv":[0,2.75,2.25,4],"texture":"#main"}}}],"display":{"head":{"translation":[-0.5,-21,0]},"firstperson_righthand":{"scale":[0.0001,0.0001,0.0001]},"thirdperson_lefthand":{"scale":[0.0001,0.0001,0.0001]},"firstperson_lefthand":{"scale":[0.0001,0.0001,0.0001]}}}