{"parent":"physical_parent","textures":{"main":"pokemon/jynx"},"elements":[{"from":[4,3,4],"to":[12,8,12],"faces":{"east":{"uv":[0.5,7.5,2.5,8.75],"texture":"#main"},"south":{"uv":[0.5,7.5,2.5,8.75],"texture":"#main"},"north":{"uv":[0.5,7.5,2.5,8.75],"texture":"#main"},"west":{"uv":[0.5,7.5,2.5,8.75],"texture":"#main"},"up":{"uv":[0.5,7.5,2.5,8.75],"texture":"#main"}}},{"from":[4,8,5],"to":[12,13,11],"faces":{"east":{"uv":[5.25,1.5,6.75,2.75],"texture":"#main"},"south":{"uv":[5.75,0,7.75,1.25],"texture":"#main"},"north":{"uv":[3.5,0,5.5,1.25],"texture":"#main"},"west":{"uv":[3.5,1.5,5,2.75],"texture":"#main"}}},{"from":[4,13,4],"to":[12,19,11],"faces":{"east":{"uv":[7.75,3,9.5,4.5],"texture":"#main"},"south":{"uv":[3.5,4.75,5.5,6.25],"texture":"#main"},"north":{"uv":[3.5,3,5.5,4.5],"texture":"#main"},"west":{"uv":[5.75,3,7.5,4.5],"texture":"#main"},"up":{"uv":[6.25,5,8.25,6.75],"texture":"#main"},"down":{"uv":[8,3,8.75,3.5],"texture":"#main"}}},{"from":[2,0,2],"to":[14,3,14],"faces":{"east":{"uv":[0,0,3,0.75],"texture":"#main"},"south":{"uv":[0,0,3,0.75],"texture":"#main"},"north":{"uv":[0,0,3,0.75],"texture":"#main"},"west":{"uv":[0,0,3,0.75],"texture":"#main"},"up":{"uv":[0,1,3,4],"texture":"#main"},"down":{"uv":[0,1,3,4],"texture":"#main"}}},{"from":[-2,8,6],"to":[4,11,9],"faces":{"south":{"uv":[8,0,9.5,0.75],"texture":"#main"},"north":{"uv":[8,0,9.5,0.75],"texture":"#main"},"west":{"uv":[8.5,0,9.25,0.75],"texture":"#main","rotation":180},"up":{"uv":[8,0,9.5,0.75],"texture":"#main","rotation":180},"down":{"uv":[8,0,9.5,0.75],"texture":"#main","rotation":180}}},{"from":[12,8,6],"to":[18,11,9],"faces":{"east":{"uv":[8.5,0,9.25,0.75],"texture":"#main","rotation":180},"south":{"uv":[8,0,9.5,0.75],"texture":"#main"},"north":{"uv":[8,0,9.5,0.75],"texture":"#main"},"up":{"uv":[8,0,9.5,0.75],"texture":"#main","rotation":180},"down":{"uv":[8,0,9.5,0.75],"texture":"#main","rotation":180}}},{"rotation":{"origin":[19,11,5.99],"angle":22.5,"axis":"z"},"from":[16,8,5.99],"to":[22,14,6.09],"faces":{"south":{"uv":[9.75,1.75,11.25,3.25],"texture":"#main"},"north":{"uv":[11.5,0,13,1.5],"texture":"#main"}}},{"rotation":{"origin":[-4,11,5.99],"angle":-22.5,"axis":"z"},"from":[-7,8,5.99],"to":[-1,14,6.09],"faces":{"south":{"uv":[11.5,1.75,13,3.25],"texture":"#main"},"north":{"uv":[9.75,0,11.25,1.5],"texture":"#main"}}},{"from":[4,19,4],"to":[12,21,11],"faces":{"north":{"uv":[8.25,9,10.25,9.5],"texture":"#main"},"up":{"uv":[8.25,10.25,10.25,11.75],"texture":"#main"}}},{"rotation":{"origin":[1.979468,15.94366,7.488724],"angle":-22.5,"axis":"z"},"from":[1.9295,10.4437,3.9887],"to":[2.0295,21.4437,10.9887],"faces":{"east":{"uv":[3,7,4.75,9.75],"texture":"#main"},"west":{"uv":[3,7,4.75,9.75],"texture":"#main"}}},{"rotation":{"origin":[14.02598,15.93655,7.501215],"angle":22.5,"axis":"z"},"from":[13.976,10.4365,4.0012],"to":[14.076,21.4365,11.0012],"faces":{"east":{"uv":[3,7,4.75,9.75],"texture":"#main"},"west":{"uv":[3,7,4.75,9.75],"texture":"#main"}}},{"from":[10.6512,10.4364,3.5512],"to":[15.6512,21.4364,3.6512],"faces":{"south":{"uv":[6.75,8.5,7.75,11],"texture":"#main"},"north":{"uv":[5.5,8.5,6.5,11],"texture":"#main"}}},{"from":[-0.3488,10.4364,3.5512],"to":[4.6512,21.4364,3.6512],"faces":{"south":{"uv":[5.5,8.5,6.5,11],"texture":"#main"},"north":{"uv":[6.75,8.5,7.75,11],"texture":"#main"}}},{"from":[10.6512,10.4364,10.5512],"to":[15.6512,21.4364,10.6512],"faces":{"south":{"uv":[6.75,8.5,7.75,11],"texture":"#main"},"north":{"uv":[5.5,8.5,6.5,11],"texture":"#main"}}},{"from":[-0.3488,10.4364,10.5512],"to":[4.6512,21.4364,10.6512],"faces":{"south":{"uv":[5.5,8.5,6.75,11.25],"texture":"#main"},"north":{"uv":[6.75,8.5,8,11.25],"texture":"#main"}}},{"from":[2.9971,10.0037,10.9992],"to":[12.9971,21.0037,11.0992],"faces":{"south":{"uv":[3,11.25,5.5,14],"texture":"#main"},"north":{"uv":[3,7,5.5,9.75],"texture":"#main"}}}],"display":{"head":{"translation":[0,-29.21,0],"scale":[1.6,1.6,2]}}}