{"credit":"Made with Blockbench","texture_size":[64,64],"textures":{"main":"pokemon/keldeo-resolute"},"elements":[{"from":[6.86536,4.9658,1.57915],"to":[10.99536,9.7958,12.60415],"rotation":{"angle":0,"axis":"y","origin":[-1.53464,-0.9842,-1.36085]},"faces":{"north":{"uv":[7,7,7.75,7.875],"texture":"#main"},"east":{"uv":[4,0,6,0.875],"texture":"#main"},"south":{"uv":[7.5,0,8.25,0.875],"texture":"#main"},"west":{"uv":[4,1,6,1.875],"texture":"#main"},"up":{"uv":[6.75,6.5,6,4.5],"texture":"#main"},"down":{"uv":[0.75,6.5,0,8.5],"texture":"#main"}}},{"from":[8.89536,9.7958,5.07915],"to":[8.89536,13.2258,9.10415],"rotation":{"angle":0,"axis":"y","origin":[-3.63464,3.8458,-0.66085]},"faces":{"north":{"uv":[0,0,0,0.625],"texture":"#main"},"east":{"uv":[2.5,8,3.25,8.625],"texture":"#main"},"south":{"uv":[0,0,0,0.625],"texture":"#main"},"west":{"uv":[8,2.75,8.75,3.375],"texture":"#main"},"up":{"uv":[0,0.75,0,0],"texture":"#main"},"down":{"uv":[0,0,0,0.75],"texture":"#main"}}},{"from":[9.10536,3.9158,11.48415],"to":[9.10536,15.6758,22.29915],"rotation":{"angle":0,"axis":"y","origin":[-1.53464,-0.9842,-1.36085]},"faces":{"north":{"uv":[0,0,0,2.125],"texture":"#main"},"east":{"uv":[0,0,1.875,2.125],"texture":"#main"},"south":{"uv":[0,0,0,2.125],"texture":"#main"},"west":{"uv":[2,0,3.875,2.125],"texture":"#main"},"up":{"uv":[0,1.875,0,0],"texture":"#main"},"down":{"uv":[0,0,0,1.875],"texture":"#main"}}},{"from":[7.85936,7.9058,1.74715],"to":[9.87536,11.3918,3.88915],"rotation":{"angle":0,"axis":"y","origin":[-3.77464,-1.1802,-3.60085]},"faces":{"north":{"uv":[8.75,0,9.125,0.625],"texture":"#main"},"east":{"uv":[8.75,0.75,9.125,1.375],"texture":"#main"},"south":{"uv":[1.5,8.75,1.875,9.375],"texture":"#main"},"west":{"uv":[2,8.75,2.375,9.375],"texture":"#main"},"up":{"uv":[5.125,9.375,4.75,9],"texture":"#main"},"down":{"uv":[9.375,5.5,9,5.875],"texture":"#main"}}},{"from":[6.86536,11.4338,-0.28285],"to":[10.98136,15.2558,4.30915],"rotation":{"angle":0,"axis":"y","origin":[-3.84464,-1.1802,-3.60085]},"faces":{"north":{"uv":[3.25,8,4,8.625],"texture":"#main"},"east":{"uv":[7.5,2,8.375,2.625],"texture":"#main"},"south":{"uv":[4,8,4.75,8.625],"texture":"#main"},"west":{"uv":[7.75,5,8.625,5.625],"texture":"#main"},"up":{"uv":[8.25,1.875,7.5,1],"texture":"#main"},"down":{"uv":[2.5,7.75,1.75,8.625],"texture":"#main"}}},{"from":[7.74736,11.4338,-2.43885],"to":[10.09936,13.7858,-0.28985],"rotation":{"angle":0,"axis":"y","origin":[-3.84464,-1.1802,-3.60085]},"faces":{"north":{"uv":[8.25,8.75,8.625,9.125],"texture":"#main"},"east":{"uv":[8.75,8.75,9.125,9.125],"texture":"#main"},"south":{"uv":[0.75,9,1.125,9.375],"texture":"#main"},"west":{"uv":[9,1.5,9.375,1.875],"texture":"#main"},"up":{"uv":[9.375,2.375,9,2],"texture":"#main"},"down":{"uv":[9.375,2.5,9,2.875],"texture":"#main"}}},{"from":[8.96536,13.1838,-11],"to":[8.96536,18.4058,0.242],"rotation":{"angle":22.5,"axis":"x","origin":[8.96536,14.3948,0.08815]},"faces":{"north":{"uv":[0,0,0,0.875],"texture":"#main"},"east":{"uv":[0,4.25,2,5.125],"texture":"#main"},"south":{"uv":[0,0,0,0.875],"texture":"#main"},"west":{"uv":[2,4.25,4,5.125],"texture":"#main"},"up":{"uv":[0,2,0,0],"texture":"#main"},"down":{"uv":[0,0,0,2],"texture":"#main"}}},{"from":[8.96536,16.9638,-5.95285],"to":[8.96536,23.9358,1.78915],"rotation":{"angle":22.5,"axis":"x","origin":[8.96536,20.8698,-0.61185]},"faces":{"north":{"uv":[0,0,0,1.25],"texture":"#main"},"east":{"uv":[4.5,5.5,5.875,6.75],"texture":"#main"},"south":{"uv":[0,0,0,1.25],"texture":"#main"},"west":{"uv":[6,0,7.375,1.25],"texture":"#main"},"up":{"uv":[0,1.375,0,0],"texture":"#main"},"down":{"uv":[0,0,0,1.375],"texture":"#main"}}},{"from":[6.51536,14.5838,-0.63285],"to":[11.33136,21.5558,7.10915],"rotation":{"angle":0,"axis":"y","origin":[-3.84464,-1.1802,-3.60085]},"faces":{"north":{"uv":[1.75,6.5,2.625,7.75],"texture":"#main"},"east":{"uv":[4,4.25,5.375,5.5],"texture":"#main"},"south":{"uv":[6,6.5,6.875,7.75],"texture":"#main"},"west":{"uv":[5,2,6.375,3.25],"texture":"#main"},"up":{"uv":[1.625,7.875,0.75,6.5],"texture":"#main"},"down":{"uv":[7.375,1.25,6.5,2.625],"texture":"#main"}}},{"from":[7.13136,13.4988,-1.19285],"to":[7.13136,19.1408,12.14915],"rotation":{"angle":45,"axis":"z","origin":[6.57136,13.7298,2.18815]},"faces":{"north":{"uv":[0,0,0,1],"texture":"#main"},"east":{"uv":[0,2.25,2.375,3.25],"texture":"#main"},"south":{"uv":[0,0,0,1],"texture":"#main"},"west":{"uv":[2.5,2.25,4.875,3.25],"texture":"#main"},"up":{"uv":[0,2.375,0,0],"texture":"#main"},"down":{"uv":[0,0,0,2.375],"texture":"#main"}}},{"from":[9.03536,12.4838,7.06715],"to":[9.03536,19.4558,14.80915],"rotation":{"angle":0,"axis":"y","origin":[-3.84464,-1.1802,-3.60085]},"faces":{"north":{"uv":[0,0,0,1.25],"texture":"#main"},"east":{"uv":[3,5.5,4.375,6.75],"texture":"#main"},"south":{"uv":[0,0,0,1.25],"texture":"#main"},"west":{"uv":[5.5,3.25,6.875,4.5],"texture":"#main"},"up":{"uv":[0,1.375,0,0],"texture":"#main"},"down":{"uv":[0,0,0,1.375],"texture":"#main"}}},{"from":[10.93936,13.4988,-1.19285],"to":[10.93936,19.1408,12.14915],"rotation":{"angle":-45,"axis":"z","origin":[11.49936,13.7298,2.18815]},"faces":{"north":{"uv":[0,0,0,1],"texture":"#main"},"east":{"uv":[0,3.25,2.375,4.25],"texture":"#main"},"south":{"uv":[0,0,0,1],"texture":"#main"},"west":{"uv":[2.5,3.25,4.875,4.25],"texture":"#main"},"up":{"uv":[0,2.375,0,0],"texture":"#main"},"down":{"uv":[0,0,0,2.375],"texture":"#main"}}},{"from":[9.03536,20.8838,1.46715],"to":[9.03536,27.8558,9.20915],"rotation":{"angle":0,"axis":"y","origin":[-3.84464,-1.1802,-3.60085]},"faces":{"north":{"uv":[0,0,0,1.25],"texture":"#main"},"east":{"uv":[0,5.25,1.375,6.5],"texture":"#main"},"south":{"uv":[0,0,0,1.25],"texture":"#main"},"west":{"uv":[1.5,5.25,2.875,6.5],"texture":"#main"},"up":{"uv":[0,1.375,0,0],"texture":"#main"},"down":{"uv":[0,0,0,1.375],"texture":"#main"}}},{"from":[7.07536,21.5698,0.64115],"to":[11.89136,21.5698,7.61315],"rotation":{"angle":-22.5,"axis":"x","origin":[9.48336,21.5698,0.62715]},"faces":{"north":{"uv":[0.875,0,0,0],"rotation":180,"texture":"#main"},"east":{"uv":[0,0,0,1.25],"rotation":270,"texture":"#main"},"south":{"uv":[0.875,0,0,0],"texture":"#main"},"west":{"uv":[0,0,0,1.25],"rotation":90,"texture":"#main"},"up":{"uv":[2.75,6.75,3.625,8],"rotation":180,"texture":"#main"},"down":{"uv":[3.75,6.75,4.625,8],"texture":"#main"}}},{"from":[5.88536,21.5838,1.32715],"to":[10.70136,28.5558,1.32715],"rotation":{"angle":45,"axis":"x","origin":[8.29336,21.5698,1.32715]},"faces":{"north":{"uv":[6.75,4.5,7.625,5.75],"texture":"#main"},"east":{"uv":[0,0,0,1.25],"texture":"#main"},"south":{"uv":[7.625,4.5,6.75,5.75],"texture":"#main"},"west":{"uv":[0,0,0,1.25],"texture":"#main"},"up":{"uv":[0.875,0,0,0],"texture":"#main"},"down":{"uv":[0.875,0,0,0],"texture":"#main"}}},{"from":[4.27536,21.5698,1.34115],"to":[9.09136,21.5698,8.31315],"rotation":{"angle":-22.5,"axis":"x","origin":[6.68336,21.5698,1.32715]},"faces":{"north":{"uv":[0.875,0,0,0],"rotation":180,"texture":"#main"},"east":{"uv":[0,0,0,1.25],"rotation":270,"texture":"#main"},"south":{"uv":[0.875,0,0,0],"texture":"#main"},"west":{"uv":[0,0,0,1.25],"rotation":90,"texture":"#main"},"up":{"uv":[7,2.75,7.875,4],"rotation":180,"texture":"#main"},"down":{"uv":[7.875,2.75,7,4],"texture":"#main"}}},{"from":[6.30536,4.7558,1.85915],"to":[8.05536,8.2558,4.79915],"rotation":{"angle":0,"axis":"y","origin":[-0.48464,-0.9842,-1.36085]},"faces":{"north":{"uv":[7.5,8,7.875,8.625],"texture":"#main"},"east":{"uv":[6,1.25,6.5,1.875],"texture":"#main"},"south":{"uv":[8,8,8.375,8.625],"texture":"#main"},"west":{"uv":[5.25,8,5.75,8.625],"texture":"#main"},"up":{"uv":[6.875,3.25,6.5,2.75],"texture":"#main"},"down":{"uv":[7.375,4,7,4.5],"texture":"#main"}}},{"from":[6.30536,1.2558,2.20915],"to":[8.05536,4.7558,4.09915],"rotation":{"angle":0,"axis":"y","origin":[-0.48464,-0.9842,-1.36085]},"faces":{"north":{"uv":[8.25,0,8.625,0.625],"texture":"#main"},"east":{"uv":[8.25,0.75,8.625,1.375],"texture":"#main"},"south":{"uv":[0,8.5,0.375,9.125],"texture":"#main"},"west":{"uv":[8.5,1.5,8.875,2.125],"texture":"#main"},"up":{"uv":[6.625,9.125,6.25,8.75],"texture":"#main"},"down":{"uv":[7.125,8.75,6.75,9.125],"texture":"#main"}}},{"from":[6.06036,-0.0042,2.06915],"to":[8.30036,1.2558,4.09915],"rotation":{"angle":0,"axis":"y","origin":[-0.48464,-0.9842,-1.36085]},"faces":{"north":{"uv":[9,6,9.375,6.25],"texture":"#main"},"east":{"uv":[9,6.25,9.375,6.5],"texture":"#main"},"south":{"uv":[9,6.5,9.375,6.75],"texture":"#main"},"west":{"uv":[9,6.75,9.375,7],"texture":"#main"},"up":{"uv":[7.625,9.125,7.25,8.75],"texture":"#main"},"down":{"uv":[8.125,8.75,7.75,9.125],"texture":"#main"}}},{"from":[5.92036,4.4058,9.17415],"to":[7.67036,9.0608,12.84915],"rotation":{"angle":0,"axis":"y","origin":[-0.06464,-0.9842,-1.36085]},"faces":{"north":{"uv":[8.75,2.25,9,3.125],"texture":"#main"},"east":{"uv":[7.75,4,8.375,4.875],"texture":"#main"},"south":{"uv":[2.5,8.75,2.75,9.625],"texture":"#main"},"west":{"uv":[5.75,7.75,6.375,8.625],"texture":"#main"},"up":{"uv":[7,6.375,6.75,5.75],"texture":"#main"},"down":{"uv":[1.75,8,1.5,8.625],"texture":"#main"}}},{"from":[6.16536,0.2058,10.22415],"to":[7.53036,5.1408,12.21915],"rotation":{"angle":22.5,"axis":"x","origin":[7.26786,3.5483,11.57165]},"faces":{"north":{"uv":[5.75,6.75,6,7.625],"texture":"#main"},"east":{"uv":[5,3.25,5.375,4.125],"texture":"#main"},"south":{"uv":[0.5,8.5,0.75,9.375],"texture":"#main"},"west":{"uv":[5.5,4.5,5.875,5.375],"texture":"#main"},"up":{"uv":[7.75,4.375,7.5,4],"texture":"#main"},"down":{"uv":[8.5,1.5,8.25,1.875],"texture":"#main"}}},{"from":[5.92036,-0.0042,9.03415],"to":[7.81036,1.2558,11.48415],"rotation":{"angle":0,"axis":"y","origin":[-0.06464,-0.9842,-0.80085]},"faces":{"north":{"uv":[9,7,9.375,7.25],"texture":"#main"},"east":{"uv":[4,2,4.5,2.25],"texture":"#main"},"south":{"uv":[9,7.25,9.375,7.5],"texture":"#main"},"west":{"uv":[4.5,2,5,2.25],"texture":"#main"},"up":{"uv":[8.375,4,8,3.5],"texture":"#main"},"down":{"uv":[8.375,6.5,8,7],"texture":"#main"}}},{"from":[10.01536,4.7558,1.85915],"to":[11.76536,8.2558,4.79915],"rotation":{"angle":0,"axis":"y","origin":[18.55536,-0.9842,-1.36085]},"faces":{"north":{"uv":[8.5,3.5,8.875,4.125],"texture":"#main"},"east":{"uv":[8,5.75,8.5,6.375],"texture":"#main"},"south":{"uv":[8.5,4.25,8.875,4.875],"texture":"#main"},"west":{"uv":[7,8,7.5,8.625],"texture":"#main"},"up":{"uv":[4.125,9.25,3.75,8.75],"texture":"#main"},"down":{"uv":[4.625,8.75,4.25,9.25],"texture":"#main"}}},{"from":[10.01536,1.2558,2.20915],"to":[11.76536,4.7558,4.09915],"rotation":{"angle":0,"axis":"y","origin":[18.55536,-0.9842,-1.36085]},"faces":{"north":{"uv":[8.5,5.75,8.875,6.375],"texture":"#main"},"east":{"uv":[8.5,6.5,8.875,7.125],"texture":"#main"},"south":{"uv":[8.5,7.25,8.875,7.875],"texture":"#main"},"west":{"uv":[8.5,8,8.875,8.625],"texture":"#main"},"up":{"uv":[9.375,3.375,9,3],"texture":"#main"},"down":{"uv":[9.375,3.5,9,3.875],"texture":"#main"}}},{"from":[9.77036,-0.0042,2.06915],"to":[12.01036,1.2558,4.09915],"rotation":{"angle":0,"axis":"y","origin":[18.55536,-0.9842,-1.36085]},"faces":{"north":{"uv":[9,7.5,9.375,7.75],"texture":"#main"},"east":{"uv":[9,7.75,9.375,8],"texture":"#main"},"south":{"uv":[9,8,9.375,8.25],"texture":"#main"},"west":{"uv":[9,8.25,9.375,8.5],"texture":"#main"},"up":{"uv":[9.375,4.375,9,4],"texture":"#main"},"down":{"uv":[9.375,4.5,9,4.875],"texture":"#main"}}},{"from":[10.40036,4.4058,9.17415],"to":[12.15036,9.0608,12.84915],"rotation":{"angle":0,"axis":"y","origin":[18.13536,-0.9842,-1.36085]},"faces":{"north":{"uv":[3.25,8.75,3.5,9.625],"texture":"#main"},"east":{"uv":[7.75,7,8.375,7.875],"texture":"#main"},"south":{"uv":[3.5,8.75,3.75,9.625],"texture":"#main"},"west":{"uv":[0.75,8,1.375,8.875],"texture":"#main"},"up":{"uv":[6,9.375,5.75,8.75],"texture":"#main"},"down":{"uv":[6.25,8.75,6,9.375],"texture":"#main"}}},{"from":[10.54036,0.2058,10.22415],"to":[11.90536,5.1408,12.21915],"rotation":{"angle":22.5,"axis":"x","origin":[10.80286,3.5483,11.57165]},"faces":{"north":{"uv":[2.75,8.75,3,9.625],"texture":"#main"},"east":{"uv":[6.5,7.75,6.875,8.625],"texture":"#main"},"south":{"uv":[3,8.75,3.25,9.625],"texture":"#main"},"west":{"uv":[4.75,8,5.125,8.875],"texture":"#main"},"up":{"uv":[8.75,2.625,8.5,2.25],"texture":"#main"},"down":{"uv":[1.5,9,1.25,9.375],"texture":"#main"}}},{"from":[10.26036,-0.0042,9.03415],"to":[12.15036,1.2558,11.48415],"rotation":{"angle":0,"axis":"y","origin":[18.13536,-0.9842,-0.80085]},"faces":{"north":{"uv":[9,8.5,9.375,8.75],"texture":"#main"},"east":{"uv":[3,5.25,3.5,5.5],"texture":"#main"},"south":{"uv":[0,9.25,0.375,9.5],"texture":"#main"},"west":{"uv":[3.5,5.25,4,5.5],"texture":"#main"},"up":{"uv":[9.125,5.5,8.75,5],"texture":"#main"},"down":{"uv":[5.625,8.75,5.25,9.25],"texture":"#main"}}}],"display":{"head":{"translation":[0,-32,0],"scale":[1.4,1.4,1.4]}},"groups":[{"name":"Keldeo_Resolute","origin":[-0.08839,0.0105,-0.09789],"color":0,"children":[{"name":"body","origin":[-0.08714,5.4458,0.09165],"color":0,"children":[0,1,{"name":"tail","origin":[0.10536,9.7958,4.89165],"color":0,"children":[2]},{"name":"neck","origin":[-0.21772,9.80122,-4.21302],"color":0,"children":[3,{"name":"head","origin":[-0.22481,11.50142,-3.94478],"color":0,"children":[4,5,6,7,8,9,10,11,12,13,14,15]}]}]},{"name":"arm_l","origin":[-1.81964,7.37913,-3.81085],"color":0,"children":[16,17,18]},{"name":"leg_l","origin":[-1.91381,8.41098,3.72809],"color":0,"children":[19,20,21]},{"name":"arm_r","origin":[1.64036,7.37913,-3.81085],"color":0,"children":[22,23,24]},{"name":"leg_r","origin":[1.73452,8.41098,3.22809],"color":0,"children":[25,26,27]}]}]}