{"parent":"physical_parent","textures":{"main":"pokemon/latios"},"elements":[{"rotation":{"origin":[8,14.5,-7.5],"angle":-22.5,"axis":"x"},"from":[5.5,12,-11],"to":[10.5,17,-4],"faces":{"east":{"uv":[3.75,5.25,4.625,5.875],"texture":"#main"},"south":{"uv":[6.125,5.25,6.75,5.875],"texture":"#main"},"north":{"uv":[4.625,5.25,5.25,5.875],"texture":"#main"},"west":{"uv":[5.25,5.25,6.125,5.875],"texture":"#main"},"up":{"uv":[5.25,5.25,4.625,4.375],"texture":"#main"},"down":{"uv":[5.875,4.375,5.25,5.25],"texture":"#main"}}},{"rotation":{"origin":[5.5,17.30866,-5.46194],"angle":45,"axis":"x"},"from":[5,14.80866,-6.96194],"to":[6,19.80866,-3.96194],"faces":{"east":{"uv":[1,5.75,1.375,6.375],"texture":"#main"},"south":{"uv":[1.875,5.75,2,6.375],"texture":"#main"},"north":{"uv":[1.375,5.75,1.5,6.375],"texture":"#main"},"west":{"uv":[1.5,5.75,1.875,6.375],"texture":"#main"},"up":{"uv":[1.5,5.75,1.375,5.375],"texture":"#main"},"down":{"uv":[1.625,5.375,1.5,5.75],"texture":"#main"}}},{"rotation":{"origin":[10.5,17.30866,-5.46194],"angle":45,"axis":"x"},"from":[10,14.80866,-6.96194],"to":[11,19.80866,-3.96194],"faces":{"east":{"uv":[0,5.75,0.375,6.375],"texture":"#main"},"south":{"uv":[0.875,5.75,1,6.375],"texture":"#main"},"north":{"uv":[0.375,5.75,0.5,6.375],"texture":"#main"},"west":{"uv":[0.5,5.75,0.875,6.375],"texture":"#main"},"up":{"uv":[0.5,5.75,0.375,5.375],"texture":"#main"},"down":{"uv":[0.625,5.375,0.5,5.75],"texture":"#main"}}},{"rotation":{"origin":[8,14,-1],"angle":22.5,"axis":"x"},"from":[6,12,-6.5],"to":[10,16,4.5],"faces":{"east":{"uv":[0,4.875,1.375,5.375],"texture":"#main"},"south":{"uv":[3.25,4.875,3.75,5.375],"texture":"#main"},"north":{"uv":[1.375,4.875,1.875,5.375],"texture":"#main"},"west":{"uv":[1.875,4.875,3.25,5.375],"texture":"#main"},"up":{"uv":[1.875,4.875,1.375,3.5],"texture":"#main"},"down":{"uv":[2.375,3.5,1.875,4.875],"texture":"#main"}}},{"rotation":{"origin":[8.5,10,0.75],"angle":45,"axis":"x"},"from":[3.5,9.5,0.25],"to":[12.5,16.5,13.25],"faces":{"east":{"uv":[0,1.625,1.625,2.5],"texture":"#main"},"south":{"uv":[4.375,1.625,5.5,2.5],"texture":"#main"},"north":{"uv":[1.625,1.625,2.75,2.5],"texture":"#main"},"west":{"uv":[2.75,1.625,4.375,2.5],"texture":"#main"},"up":{"uv":[2.75,1.625,1.625,0],"texture":"#main"},"down":{"uv":[3.875,0,2.75,1.625],"texture":"#main"}}},{"rotation":{"origin":[17.5,14.24193,6.40615],"angle":45,"axis":"x"},"from":[12.5,13.74193,5.90615],"to":[30.5,13.74193,13.90615],"faces":{"east":{"uv":[2.875,1,3.875,1],"texture":"#main"},"south":{"uv":[7.125,1,9.375,1],"texture":"#main"},"north":{"uv":[3.875,1,6.125,1],"texture":"#main"},"west":{"uv":[6.125,1,7.125,1],"texture":"#main"},"up":{"uv":[6.125,1,3.875,0],"texture":"#main"},"down":{"uv":[8.375,0,6.125,1],"texture":"#main"}}},{"rotation":{"origin":[-1.5,14.24193,6.40615],"angle":45,"axis":"x"},"from":[-14.5,13.74193,5.90615],"to":[3.5,13.74193,13.90615],"faces":{"east":{"uv":[0,3.5,1,3.5],"texture":"#main"},"south":{"uv":[4.25,3.5,6.5,3.5],"texture":"#main"},"north":{"uv":[1,3.5,3.25,3.5],"texture":"#main"},"west":{"uv":[3.25,3.5,4.25,3.5],"texture":"#main"},"up":{"uv":[3.25,3.5,1,2.5],"texture":"#main"},"down":{"uv":[5.5,2.5,3.25,3.5],"texture":"#main"}}},{"rotation":{"origin":[12.5,10.5,4.5],"angle":45,"axis":"z"},"from":[12,8,4],"to":[13,11,5],"faces":{"east":{"uv":[0.5,2.625,0.625,3],"texture":"#main"},"south":{"uv":[0.875,2.625,1,3],"texture":"#main"},"north":{"uv":[0.625,2.625,0.75,3],"texture":"#main"},"west":{"uv":[0.75,2.625,0.875,3],"texture":"#main"},"up":{"uv":[0.75,2.625,0.625,2.5],"texture":"#main"},"down":{"uv":[0.875,2.5,0.75,2.625],"texture":"#main"}}},{"rotation":{"origin":[14.3,6.75,3.5],"angle":22.5,"axis":"z"},"from":[13.8,4.25,3],"to":[15.8,9.25,6],"faces":{"east":{"uv":[0,3.5,0.375,4.125],"texture":"#main"},"south":{"uv":[1,3.5,1.25,4.125],"texture":"#main"},"north":{"uv":[0.375,3.5,0.625,4.125],"texture":"#main"},"west":{"uv":[0.625,3.5,1,4.125],"texture":"#main"},"up":{"uv":[0.625,3.5,0.375,3.125],"texture":"#main"},"down":{"uv":[0.875,3.125,0.625,3.5],"texture":"#main"}}},{"rotation":{"origin":[15.60656,6.2088,3.25],"angle":22.5,"axis":"z"},"from":[15.10656,3.7088,2.75],"to":[16.10656,4.7088,3.75],"faces":{"east":{"uv":[0,4.25,0.125,4.375],"texture":"#main"},"south":{"uv":[0.375,4.25,0.5,4.375],"texture":"#main"},"north":{"uv":[0.125,4.25,0.25,4.375],"texture":"#main"},"west":{"uv":[0.25,4.25,0.375,4.375],"texture":"#main"},"up":{"uv":[0.25,4.25,0.125,4.125],"texture":"#main"},"down":{"uv":[0.375,4.125,0.25,4.25],"texture":"#main"}}},{"rotation":{"origin":[15.60656,6.2088,4.5],"angle":22.5,"axis":"z"},"from":[15.10656,3.7088,4],"to":[16.10656,4.7088,5],"faces":{"east":{"uv":[0.5,1.5,0.625,1.625],"texture":"#main"},"south":{"uv":[0.875,1.5,1,1.625],"texture":"#main"},"north":{"uv":[0.625,1.5,0.75,1.625],"texture":"#main"},"west":{"uv":[0.75,1.5,0.875,1.625],"texture":"#main"},"up":{"uv":[0.75,1.5,0.625,1.375],"texture":"#main"},"down":{"uv":[0.875,1.375,0.75,1.5],"texture":"#main"}}},{"rotation":{"origin":[15.60656,6.2088,5.75],"angle":22.5,"axis":"z"},"from":[15.10656,3.7088,5.25],"to":[16.10656,4.7088,6.25],"faces":{"east":{"uv":[0,1.5,0.125,1.625],"texture":"#main"},"south":{"uv":[0.375,1.5,0.5,1.625],"texture":"#main"},"north":{"uv":[0.125,1.5,0.25,1.625],"texture":"#main"},"west":{"uv":[0.25,1.5,0.375,1.625],"texture":"#main"},"up":{"uv":[0.25,1.5,0.125,1.375],"texture":"#main"},"down":{"uv":[0.375,1.375,0.25,1.5],"texture":"#main"}}},{"rotation":{"origin":[3.5,10.5,4.5],"angle":-45,"axis":"z"},"from":[3,8,4],"to":[4,11,5],"faces":{"east":{"uv":[0,2.625,0.125,3],"texture":"#main"},"south":{"uv":[0.375,2.625,0.5,3],"texture":"#main"},"north":{"uv":[0.125,2.625,0.25,3],"texture":"#main"},"west":{"uv":[0.25,2.625,0.375,3],"texture":"#main"},"up":{"uv":[0.25,2.625,0.125,2.5],"texture":"#main"},"down":{"uv":[0.375,2.5,0.25,2.625],"texture":"#main"}}},{"rotation":{"origin":[1.7,6.75,3.5],"angle":-22.5,"axis":"z"},"from":[0.2,4.25,3],"to":[2.2,9.25,6],"faces":{"east":{"uv":[0,0.375,0.375,1],"texture":"#main"},"south":{"uv":[1,0.375,1.25,1],"texture":"#main"},"north":{"uv":[0.375,0.375,0.625,1],"texture":"#main"},"west":{"uv":[0.625,0.375,1,1],"texture":"#main"},"up":{"uv":[0.625,0.375,0.375,0],"texture":"#main"},"down":{"uv":[0.875,0,0.625,0.375],"texture":"#main"}}},{"rotation":{"origin":[0.39344,6.2088,3.25],"angle":-22.5,"axis":"z"},"from":[-0.10656,3.7088,2.75],"to":[0.89344,4.7088,3.75],"faces":{"east":{"uv":[1.125,1.375,1.25,1.5],"texture":"#main"},"south":{"uv":[1.5,1.375,1.625,1.5],"texture":"#main"},"north":{"uv":[1.25,1.375,1.375,1.5],"texture":"#main"},"west":{"uv":[1.375,1.375,1.5,1.5],"texture":"#main"},"up":{"uv":[1.375,1.375,1.25,1.25],"texture":"#main"},"down":{"uv":[1.5,1.25,1.375,1.375],"texture":"#main"}}},{"rotation":{"origin":[0.39344,6.2088,4.5],"angle":-22.5,"axis":"z"},"from":[-0.10656,3.7088,4],"to":[0.89344,4.7088,5],"faces":{"east":{"uv":[1,1.125,1.125,1.25],"texture":"#main"},"south":{"uv":[1.375,1.125,1.5,1.25],"texture":"#main"},"north":{"uv":[1.125,1.125,1.25,1.25],"texture":"#main"},"west":{"uv":[1.25,1.125,1.375,1.25],"texture":"#main"},"up":{"uv":[1.25,1.125,1.125,1],"texture":"#main"},"down":{"uv":[1.375,1,1.25,1.125],"texture":"#main"}}},{"rotation":{"origin":[0.39344,6.2088,5.75],"angle":-22.5,"axis":"z"},"from":[-0.10656,3.7088,5.25],"to":[0.89344,4.7088,6.25],"faces":{"east":{"uv":[0.875,0.125,1,0.25],"texture":"#main"},"south":{"uv":[1.25,0.125,1.375,0.25],"texture":"#main"},"north":{"uv":[1,0.125,1.125,0.25],"texture":"#main"},"west":{"uv":[1.125,0.125,1.25,0.25],"texture":"#main"},"up":{"uv":[1.125,0.125,1,0],"texture":"#main"},"down":{"uv":[1.25,0,1.125,0.125],"texture":"#main"}}},{"rotation":{"origin":[4.5,2.5,13.5],"angle":22.5,"axis":"x"},"from":[4.5,-0.5,10],"to":[4.5,5.5,17],"faces":{"east":{"uv":[2,7.125,2.875,7.875],"texture":"#main"},"south":{"uv":[0,0,0,0.75],"texture":"#main"},"north":{"uv":[0,0,0,0.75],"texture":"#main"},"west":{"uv":[0,6.875,0.875,7.625],"texture":"#main"},"up":{"uv":[8.875,3.25,8.875,4.125],"texture":"#main"},"down":{"uv":[0,0,0,0.875],"texture":"#main"}}},{"rotation":{"origin":[11.5,2.5,13.5],"angle":22.5,"axis":"x"},"from":[11.5,-0.5,10],"to":[11.5,5.5,17],"faces":{"east":{"uv":[0.875,6.875,0,7.625],"texture":"#main"},"south":{"uv":[0,0,0,0.75],"texture":"#main"},"north":{"uv":[0,0,0,0.75],"texture":"#main"},"west":{"uv":[2.875,7.125,2,7.875],"texture":"#main"},"up":{"uv":[8.875,3.25,8.875,4.125],"texture":"#main"},"down":{"uv":[0,0,0,0.875],"texture":"#main"}}}],"display":{"head":{"translation":[0,-8.75,3.5],"scale":[2.5,2.5,2.5]}},"groups":[{"children":[{"children":[0,1,2,{"children":[3],"origin":[8,8,8],"name":"neck"}],"origin":[8,8,8],"name":"head"},{"children":[4,5,6,{"children":[7,8,9,10,11],"origin":[8,8,8],"name":"arm0"},{"children":[12,13,14,15,16],"origin":[8,8,8],"name":"arm0"},17,18],"origin":[8,8,8],"name":"body"}],"origin":[8,8,8],"name":"latias"}]}