{"credit":"Made with Blockbench","texture_size":[128,128],"textures":{"main":"pokemon/mamoswine"},"elements":[{"from":[1.02073,15.04648,-1.88088],"to":[11.47073,27.62148,8.11912],"rotation":{"angle":22.5,"axis":"z","origin":[6.24573,21.33398,3.11912]},"faces":{"north":{"uv":[10.5,8.25,11.75,9.875],"texture":"#main"},"east":{"uv":[6,10.75,7.25,12.375],"texture":"#main"},"south":{"uv":[7.25,10.75,8.5,12.375],"texture":"#main"},"west":{"uv":[10.75,9.875,12,11.5],"texture":"#main"},"up":{"uv":[12.5,3.375,11.25,2.125],"texture":"#main"},"down":{"uv":[12.5,5.75,11.25,7],"texture":"#main"}}},{"from":[-9.37073,15.04648,-1.88088],"to":[1.07927,27.62148,8.11912],"rotation":{"angle":-22.5,"axis":"z","origin":[-4.14573,21.33398,3.11912]},"faces":{"north":{"uv":[4.125,11,5.375,12.625],"texture":"#main"},"east":{"uv":[8.5,11,9.75,12.625],"texture":"#main"},"south":{"uv":[1.125,11.125,2.375,12.75],"texture":"#main"},"west":{"uv":[2.375,11.125,3.625,12.75],"texture":"#main"},"up":{"uv":[12.625,2.125,11.375,0.875],"texture":"#main"},"down":{"uv":[12.625,7,11.375,8.25],"texture":"#main"}}},{"from":[-6.725,12.58824,-3.4234],"to":[9.725,18.66324,9.8766],"rotation":{"angle":-22.5,"axis":"x","origin":[1.5,15.62574,3.2266]},"faces":{"north":{"uv":[11.5,4.625,13.5,5.375],"texture":"#main"},"east":{"uv":[12.5,2.125,14.125,2.875],"texture":"#main"},"south":{"uv":[11,11.5,13,12.25],"texture":"#main"},"west":{"uv":[12.625,0.875,14.25,1.625],"texture":"#main"},"up":{"uv":[10.5,9.875,8.5,8.25],"texture":"#main"},"down":{"uv":[2,8.75,0,10.375],"texture":"#main"}}},{"from":[-7.475,10.38824,-2.1734],"to":[10.725,17.11324,-2.1734],"rotation":{"angle":-22.5,"axis":"x","origin":[1.625,14.82574,-2.5734]},"faces":{"north":{"uv":[9.125,1.25,11.375,2.125],"texture":"#main"},"east":{"uv":[0,0,0,0.875],"texture":"#main"},"south":{"uv":[11.25,0,13.5,0.875],"texture":"#main"},"west":{"uv":[0,0,0,0.875],"texture":"#main"},"up":{"uv":[2.25,0,0,0],"texture":"#main"},"down":{"uv":[2.25,0,0,0],"texture":"#main"}}},{"from":[-2.8,12.80905,-5.31383],"to":[5.95,17.98405,-2.71383],"rotation":{"angle":0,"axis":"y","origin":[-8,-3.29361,4.5083]},"faces":{"north":{"uv":[13.875,9.625,15,10.25],"texture":"#main"},"east":{"uv":[8,14.625,8.375,15.25],"texture":"#main"},"south":{"uv":[5.375,14,6.5,14.625],"texture":"#main"},"west":{"uv":[8.375,14.625,8.75,15.25],"texture":"#main"},"up":{"uv":[15.625,6.125,14.5,5.75],"texture":"#main"},"down":{"uv":[15.625,8.375,14.5,8.75],"texture":"#main"}}},{"from":[-6.925,15.45905,-2.33883],"to":[9.925,25.13405,7.66117],"rotation":{"angle":0,"axis":"y","origin":[-3.6,-5.51861,-0.8167]},"faces":{"north":{"uv":[9.125,0,11.25,1.25],"texture":"#main"},"east":{"uv":[11.5,3.375,12.75,4.625],"texture":"#main"},"south":{"uv":[9.125,5.875,11.25,7.125],"texture":"#main"},"west":{"uv":[9.75,11.5,11,12.75],"texture":"#main"},"up":{"uv":[11.5,5.75,9.375,4.5],"texture":"#main"},"down":{"uv":[4.125,9.875,2,11.125],"texture":"#main"}}},{"from":[-2.725,12.67527,-4.33942],"to":[5.925,19.10027,1.76058],"rotation":{"angle":-22.5,"axis":"x","origin":[1.6,17.71277,-1.71442]},"faces":{"north":{"uv":[12.875,10.25,14,11],"texture":"#main"},"east":{"uv":[1.125,10.375,1.875,11.125],"texture":"#main"},"south":{"uv":[13,11,14.125,11.75],"texture":"#main"},"west":{"uv":[14.125,4.375,14.875,5.125],"texture":"#main"},"up":{"uv":[13.875,14,12.75,13.25],"texture":"#main"},"down":{"uv":[14.5,5.375,13.375,6.125],"texture":"#main"}}},{"from":[-12.4,5.8903,28.26021],"to":[-12.4,14.4903,31.41021],"rotation":{"angle":-22.5,"axis":"x","origin":[-12.4,10.1903,28.03521]},"faces":{"north":{"uv":[0,0,0,1.125],"texture":"#main"},"east":{"uv":[13.5,14,13.875,15.125],"texture":"#main"},"south":{"uv":[0,0,0,1.125],"texture":"#main"},"west":{"uv":[12.75,14.5,13.125,15.625],"texture":"#main"},"up":{"uv":[0,0.375,0,0],"texture":"#main"},"down":{"uv":[0,0,0,0.375],"texture":"#main"}}},{"from":[-15.05,4.6903,20.38521],"to":[-7.325,13.2903,27.96021],"rotation":{"angle":-22.5,"axis":"x","origin":[-11.1875,10.1903,22.67271]},"faces":{"north":{"uv":[0,12.625,1,13.75],"texture":"#main"},"east":{"uv":[3.625,12.625,4.625,13.75],"texture":"#main"},"south":{"uv":[12.625,7,13.625,8.125],"texture":"#main"},"west":{"uv":[8,12.625,9,13.75],"texture":"#main"},"up":{"uv":[10,13.75,9,12.75],"texture":"#main"},"down":{"uv":[11,12.75,10,13.75],"texture":"#main"}}},{"from":[-9.3,-0.125,22.45],"to":[-6.5,3.2,24.575],"rotation":{"angle":0,"axis":"y","origin":[-6.6,-17.075,4]},"faces":{"north":{"uv":[10.375,11,10.75,11.375],"texture":"#main"},"east":{"uv":[12.25,5.375,12.5,5.75],"texture":"#main"},"south":{"uv":[11.5,5.375,11.875,5.75],"texture":"#main"},"west":{"uv":[12.5,2.875,12.75,3.25],"texture":"#main"},"up":{"uv":[9.125,4.75,8.75,4.5],"texture":"#main"},"down":{"uv":[8.375,12.375,8,12.625],"texture":"#main"}}},{"from":[-12.25,-0.125,22.45],"to":[-9.45,3.2,24.575],"rotation":{"angle":0,"axis":"y","origin":[-6.6,-17.075,4]},"faces":{"north":{"uv":[11.875,5.375,12.25,5.75],"texture":"#main"},"east":{"uv":[12.625,9.25,12.875,9.625],"texture":"#main"},"south":{"uv":[3.625,12.25,4,12.625],"texture":"#main"},"west":{"uv":[13.625,8.75,13.875,9.125],"texture":"#main"},"up":{"uv":[14.125,4,13.75,3.75],"texture":"#main"},"down":{"uv":[14.5,5.125,14.125,5.375],"texture":"#main"}}},{"from":[-15.15,-0.125,22.45],"to":[-12.35,3.2,24.575],"rotation":{"angle":0,"axis":"y","origin":[-6.6,-17.075,4]},"faces":{"north":{"uv":[8.75,14.625,9.125,15],"texture":"#main"},"east":{"uv":[14.25,6.625,14.5,7],"texture":"#main"},"south":{"uv":[9.125,14.625,9.5,15],"texture":"#main"},"west":{"uv":[4.5,14.75,4.75,15.125],"texture":"#main"},"up":{"uv":[14.625,1.625,14.25,1.375],"texture":"#main"},"down":{"uv":[14.75,0.625,14.375,0.875],"texture":"#main"}}},{"from":[-15,-0.15,22.5],"to":[-7.5,7.15,29.225],"rotation":{"angle":0,"axis":"y","origin":[-6.6,-17.275,4.025]},"faces":{"north":{"uv":[13.375,6.125,14.25,7],"texture":"#main"},"east":{"uv":[13.5,0,14.375,0.875],"texture":"#main"},"south":{"uv":[13.625,7,14.5,7.875],"texture":"#main"},"west":{"uv":[13.625,7.875,14.5,8.75],"texture":"#main"},"up":{"uv":[0.875,14.625,0,13.75],"texture":"#main"},"down":{"uv":[14.625,2.875,13.75,3.75],"texture":"#main"}}},{"from":[8.925,4.6903,20.38521],"to":[16.65,13.2903,27.96021],"rotation":{"angle":-22.5,"axis":"x","origin":[12.7875,10.1903,22.67271]},"faces":{"north":{"uv":[12.625,8.125,13.625,9.25],"texture":"#main"},"east":{"uv":[1,12.75,2,13.875],"texture":"#main"},"south":{"uv":[2,12.75,3,13.875],"texture":"#main"},"west":{"uv":[12.75,2.875,13.75,4],"texture":"#main"},"up":{"uv":[13.75,13.25,12.75,12.25],"texture":"#main"},"down":{"uv":[13.875,9.25,12.875,10.25],"texture":"#main"}}},{"from":[8.1,-0.125,22.45],"to":[10.9,3.2,24.575],"rotation":{"angle":0,"axis":"y","origin":[8.2,-17.075,4]},"faces":{"north":{"uv":[9.5,14.625,9.875,15],"texture":"#main"},"east":{"uv":[4.75,14.75,5,15.125],"texture":"#main"},"south":{"uv":[9.875,14.625,10.25,15],"texture":"#main"},"west":{"uv":[5,14.75,5.25,15.125],"texture":"#main"},"up":{"uv":[15,1.625,14.625,1.375],"texture":"#main"},"down":{"uv":[15.125,0.625,14.75,0.875],"texture":"#main"}}},{"from":[11.05,-0.125,22.45],"to":[13.85,3.2,24.575],"rotation":{"angle":0,"axis":"y","origin":[8.2,-17.075,4]},"faces":{"north":{"uv":[10.25,14.625,10.625,15],"texture":"#main"},"east":{"uv":[14.75,8.75,15,9.125],"texture":"#main"},"south":{"uv":[14.625,11.75,15,12.125],"texture":"#main"},"west":{"uv":[14.75,9.125,15,9.5],"texture":"#main"},"up":{"uv":[11,15,10.625,14.75],"texture":"#main"},"down":{"uv":[11.375,14.75,11,15],"texture":"#main"}}},{"from":[13.95,-0.125,22.45],"to":[16.75,3.2,24.575],"rotation":{"angle":0,"axis":"y","origin":[8.2,-17.075,4]},"faces":{"north":{"uv":[14.625,12.125,15,12.5],"texture":"#main"},"east":{"uv":[14.625,14.75,14.875,15.125],"texture":"#main"},"south":{"uv":[14.625,12.5,15,12.875],"texture":"#main"},"west":{"uv":[14.875,4.375,15.125,4.75],"texture":"#main"},"up":{"uv":[15.25,5,14.875,4.75],"texture":"#main"},"down":{"uv":[11.75,14.875,11.375,15.125],"texture":"#main"}}},{"from":[9.1,-0.15,22.5],"to":[16.6,7.15,29.225],"rotation":{"angle":0,"axis":"y","origin":[8.2,-17.275,4.025]},"faces":{"north":{"uv":[3.625,13.75,4.5,14.625],"texture":"#main"},"east":{"uv":[8,13.75,8.875,14.625],"texture":"#main"},"south":{"uv":[8.875,13.75,9.75,14.625],"texture":"#main"},"west":{"uv":[9.75,13.75,10.625,14.625],"texture":"#main"},"up":{"uv":[14.625,12.625,13.75,11.75],"texture":"#main"},"down":{"uv":[1.75,13.875,0.875,14.75],"texture":"#main"}}},{"from":[14,5.8903,28.26021],"to":[14,14.4903,31.41021],"rotation":{"angle":-22.5,"axis":"x","origin":[14,10.1903,28.03521]},"faces":{"north":{"uv":[0,0,0,1.125],"texture":"#main"},"east":{"uv":[13.125,14.5,13.5,15.625],"texture":"#main"},"south":{"uv":[0,0,0,1.125],"texture":"#main"},"west":{"uv":[0,14.625,0.375,15.75],"texture":"#main"},"up":{"uv":[0,0.375,0,0],"texture":"#main"},"down":{"uv":[0,0,0,0.375],"texture":"#main"}}},{"from":[-11.075,5.79891,1.58416],"to":[13.5,27.92391,27.28416],"rotation":{"angle":0,"axis":"y","origin":[-8,-6.47874,0.32459]},"faces":{"north":{"uv":[0,6,3.125,8.75],"texture":"#main"},"east":{"uv":[0,3.25,3.25,6],"texture":"#main"},"south":{"uv":[3.125,6,6.25,8.75],"texture":"#main"},"west":{"uv":[3.25,3.25,6.5,6],"texture":"#main"},"up":{"uv":[3.125,3.25,0,0],"texture":"#main"},"down":{"uv":[6.25,0,3.125,3.25],"texture":"#main"}}},{"from":[-8.3,21.17391,4.05916],"to":[10.1,30.42391,24.23416],"rotation":{"angle":0,"axis":"y","origin":[0.9,25.79891,14.14666]},"faces":{"north":{"uv":[9.125,7.125,11.375,8.25],"texture":"#main"},"east":{"uv":[8.75,2.25,11.25,3.375],"texture":"#main"},"south":{"uv":[8.5,9.875,10.75,11],"texture":"#main"},"west":{"uv":[8.75,3.375,11.25,4.5],"texture":"#main"},"up":{"uv":[8.75,4.75,6.5,2.25],"texture":"#main"},"down":{"uv":[8.5,8.25,6.25,10.75],"texture":"#main"}}},{"from":[-10.075,5.21365,23.01507],"to":[12.65,22.78865,31.54007],"rotation":{"angle":22.5,"axis":"x","origin":[1.2875,16.70115,28.67757]},"faces":{"north":{"uv":[6.25,0,9.125,2.25],"texture":"#main"},"east":{"uv":[4.875,8.75,6,11],"texture":"#main"},"south":{"uv":[6.25,6,9.125,8.25],"texture":"#main"},"west":{"uv":[0,10.375,1.125,12.625],"texture":"#main"},"up":{"uv":[9.375,5.875,6.5,4.75],"texture":"#main"},"down":{"uv":[4.875,8.75,2,9.875],"texture":"#main"}}},{"from":[-15,0.05,0.875],"to":[-7.5,12.675,7.6],"rotation":{"angle":0,"axis":"y","origin":[-6.6,-17.075,-18.1]},"faces":{"north":{"uv":[11.75,8.25,12.625,9.875],"texture":"#main"},"east":{"uv":[12,9.875,12.875,11.5],"texture":"#main"},"south":{"uv":[11,12.25,11.875,13.875],"texture":"#main"},"west":{"uv":[11.875,12.25,12.75,13.875],"texture":"#main"},"up":{"uv":[2.625,14.75,1.75,13.875],"texture":"#main"},"down":{"uv":[5.375,13.875,4.5,14.75],"texture":"#main"}}},{"from":[-9.3,-0.125,0.35],"to":[-6.5,3.2,2.475],"rotation":{"angle":0,"axis":"y","origin":[-6.6,-17.075,-18.1]},"faces":{"north":{"uv":[14.625,12.875,15,13.25],"texture":"#main"},"east":{"uv":[11.75,14.875,12,15.25],"texture":"#main"},"south":{"uv":[14.625,13.25,15,13.625],"texture":"#main"},"west":{"uv":[12,14.875,12.25,15.25],"texture":"#main"},"up":{"uv":[15.25,15,14.875,14.75],"texture":"#main"},"down":{"uv":[15.375,1.375,15,1.625],"texture":"#main"}}},{"from":[-12.25,-0.125,0.35],"to":[-9.45,3.2,2.475],"rotation":{"angle":0,"axis":"y","origin":[-6.6,-17.075,-18.1]},"faces":{"north":{"uv":[14.625,13.625,15,14],"texture":"#main"},"east":{"uv":[15,2.75,15.25,3.125],"texture":"#main"},"south":{"uv":[13.875,14.625,14.25,15],"texture":"#main"},"west":{"uv":[15,3.125,15.25,3.5],"texture":"#main"},"up":{"uv":[15.375,3.75,15,3.5],"texture":"#main"},"down":{"uv":[15.375,6.625,15,6.875],"texture":"#main"}}},{"from":[-15.15,-0.125,0.35],"to":[-12.35,3.2,2.475],"rotation":{"angle":0,"axis":"y","origin":[-6.6,-17.075,-18.1]},"faces":{"north":{"uv":[14.625,14,15,14.375],"texture":"#main"},"east":{"uv":[15,6.875,15.25,7.25],"texture":"#main"},"south":{"uv":[14.25,14.625,14.625,15],"texture":"#main"},"west":{"uv":[15,7.25,15.25,7.625],"texture":"#main"},"up":{"uv":[9.125,15.25,8.75,15],"texture":"#main"},"down":{"uv":[15.375,8.75,15,9],"texture":"#main"}}},{"from":[13.75,-0.125,0.35],"to":[16.55,3.2,2.475],"rotation":{"angle":0,"axis":"y","origin":[6.6,-17.075,-18.1]},"faces":{"north":{"uv":[14.625,14.375,15,14.75],"texture":"#main"},"east":{"uv":[15,9,15.25,9.375],"texture":"#main"},"south":{"uv":[0.75,14.75,1.125,15.125],"texture":"#main"},"west":{"uv":[9.125,15,9.375,15.375],"texture":"#main"},"up":{"uv":[9.75,15.25,9.375,15],"texture":"#main"},"down":{"uv":[15.375,9.375,15,9.625],"texture":"#main"}}},{"from":[10.85,-0.125,0.35],"to":[13.65,3.2,2.475],"rotation":{"angle":0,"axis":"y","origin":[6.6,-17.075,-18.1]},"faces":{"north":{"uv":[1.125,14.75,1.5,15.125],"texture":"#main"},"east":{"uv":[15,9.625,15.25,10],"texture":"#main"},"south":{"uv":[1.5,14.75,1.875,15.125],"texture":"#main"},"west":{"uv":[9.75,15,10,15.375],"texture":"#main"},"up":{"uv":[10.375,15.25,10,15],"texture":"#main"},"down":{"uv":[15.375,10,15,10.25],"texture":"#main"}}},{"from":[7.9,-0.125,0.35],"to":[10.7,3.2,2.475],"rotation":{"angle":0,"axis":"y","origin":[6.6,-17.075,-18.1]},"faces":{"north":{"uv":[1.875,14.75,2.25,15.125],"texture":"#main"},"east":{"uv":[10.375,15,10.625,15.375],"texture":"#main"},"south":{"uv":[2.25,14.75,2.625,15.125],"texture":"#main"},"west":{"uv":[10.625,15,10.875,15.375],"texture":"#main"},"up":{"uv":[11.25,15.25,10.875,15],"texture":"#main"},"down":{"uv":[15.375,11.75,15,12],"texture":"#main"}}},{"from":[8.9,0.05,0.875],"to":[16.4,12.675,7.6],"rotation":{"angle":0,"axis":"y","origin":[6.6,-17.075,-18.1]},"faces":{"north":{"uv":[5.375,12.375,6.25,14],"texture":"#main"},"east":{"uv":[6.25,12.375,7.125,14],"texture":"#main"},"south":{"uv":[7.125,12.375,8,14],"texture":"#main"},"west":{"uv":[12.5,5.375,13.375,7],"texture":"#main"},"up":{"uv":[14.75,9.625,13.875,8.75],"texture":"#main"},"down":{"uv":[11.5,13.875,10.625,14.75],"texture":"#main"}}},{"from":[7.675,4.64412,-7],"to":[12.3,8.71912,3.3],"shade":false,"rotation":{"angle":0,"axis":"y","origin":[11.05,-13.84361,-6.3167]},"faces":{"north":{"uv":[9.75,11,10.375,11.5],"texture":"#main"},"east":{"uv":[12.625,1.625,13.875,2.125],"texture":"#main"},"south":{"uv":[13,11.75,13.625,12.25],"texture":"#main"},"west":{"uv":[13.875,1.625,15.125,2.125],"texture":"#main"},"up":{"uv":[6,12.25,5.375,11],"texture":"#main"},"down":{"uv":[5.25,12.625,4.625,13.875],"texture":"#main"}}},{"from":[7.125,5.43784,-4.18914],"to":[12.875,10.76284,3.51086],"shade":false,"rotation":{"angle":-22.5,"axis":"x","origin":[10,9.07534,-0.33914]},"faces":{"north":{"uv":[12.75,4,13.5,4.625],"texture":"#main"},"east":{"uv":[2.625,14,3.625,14.625],"texture":"#main"},"south":{"uv":[14.375,0,15.125,0.625],"texture":"#main"},"west":{"uv":[6.5,14,7.5,14.625],"texture":"#main"},"up":{"uv":[4.875,10.875,4.125,9.875],"texture":"#main"},"down":{"uv":[12.25,13.875,11.5,14.875],"texture":"#main"}}},{"from":[8.2,10.98181,-15.975],"to":[11.725,15.05681,-6.65],"shade":false,"rotation":{"angle":45,"axis":"x","origin":[9.9625,8.09431,-14.84621]},"faces":{"north":{"uv":[4,14.625,4.5,15.125],"texture":"#main"},"east":{"uv":[14.125,10.75,15.25,11.25],"texture":"#main"},"south":{"uv":[6,14.625,6.5,15.125],"texture":"#main"},"west":{"uv":[14.125,11.25,15.25,11.75],"texture":"#main"},"up":{"uv":[4.125,12.25,3.625,11.125],"texture":"#main"},"down":{"uv":[8,14,7.5,15.125],"texture":"#main"}}},{"from":[8.55,10.59776,-13.325],"to":[11.175,17.82276,-10.825],"shade":false,"rotation":{"angle":0,"axis":"y","origin":[11.05,-11.69361,-13.4417]},"faces":{"north":{"uv":[0.375,14.625,0.75,15.5],"texture":"#main"},"east":{"uv":[6.25,2.25,6.5,3.125],"texture":"#main"},"south":{"uv":[2.625,14.625,3,15.5],"texture":"#main"},"west":{"uv":[6,8.75,6.25,9.625],"texture":"#main"},"up":{"uv":[15.375,12.25,15,12],"texture":"#main"},"down":{"uv":[15.375,12.25,15,12.5],"texture":"#main"}}},{"from":[-9.075,10.59776,-13.325],"to":[-6.45,17.82276,-10.825],"shade":false,"rotation":{"angle":0,"axis":"y","origin":[-8.95,-11.69361,-13.4417]},"faces":{"north":{"uv":[14.625,2.75,15,3.625],"texture":"#main"},"east":{"uv":[6,9.625,6.25,10.5],"texture":"#main"},"south":{"uv":[3,14.625,3.375,15.5],"texture":"#main"},"west":{"uv":[11.25,3.375,11.5,4.25],"texture":"#main"},"up":{"uv":[15.375,12.75,15,12.5],"texture":"#main"},"down":{"uv":[15.375,12.75,15,13],"texture":"#main"}}},{"from":[-9.625,10.98181,-15.975],"to":[-6.1,15.05681,-6.65],"shade":false,"rotation":{"angle":45,"axis":"x","origin":[-7.8625,8.09431,-14.84621]},"faces":{"north":{"uv":[6.5,14.625,7,15.125],"texture":"#main"},"east":{"uv":[14.25,0.875,15.375,1.375],"texture":"#main"},"south":{"uv":[7,14.625,7.5,15.125],"texture":"#main"},"west":{"uv":[14.25,6.125,15.375,6.625],"texture":"#main"},"up":{"uv":[15,7.75,14.5,6.625],"texture":"#main"},"down":{"uv":[12.75,14.5,12.25,15.625],"texture":"#main"}}},{"from":[-10.2,4.64412,-7],"to":[-5.575,8.71912,3.3],"shade":false,"rotation":{"angle":0,"axis":"y","origin":[-8.95,-13.84361,-6.3167]},"faces":{"north":{"uv":[3.375,14.625,4,15.125],"texture":"#main"},"east":{"uv":[14,10.25,15.25,10.75],"texture":"#main"},"south":{"uv":[5.375,14.625,6,15.125],"texture":"#main"},"west":{"uv":[12.25,14,13.5,14.5],"texture":"#main"},"up":{"uv":[3.625,14,3,12.75],"texture":"#main"},"down":{"uv":[14.125,4,13.5,5.25],"texture":"#main"}}},{"from":[-10.775,5.43784,-4.18914],"to":[-5.025,10.76284,3.51086],"shade":false,"rotation":{"angle":-22.5,"axis":"x","origin":[-7.9,9.07534,-0.33914]},"faces":{"north":{"uv":[14.5,5.125,15.25,5.75],"texture":"#main"},"east":{"uv":[14.125,2.125,15.125,2.75],"texture":"#main"},"south":{"uv":[14.5,7.75,15.25,8.375],"texture":"#main"},"west":{"uv":[14.125,3.75,15.125,4.375],"texture":"#main"},"up":{"uv":[14.625,13.625,13.875,12.625],"texture":"#main"},"down":{"uv":[14.625,13.625,13.875,14.625],"texture":"#main"}}}],"display":{"head":{"translation":[13.5,-26.5,-12.25],"scale":[2,2,2]}},"groups":[{"name":"Mamoswine","origin":[0,3.9,0],"color":0,"children":[{"name":"head","origin":[1.6,17.71277,-10.71442],"color":0,"children":[0,1,2,3,4,5,6]},{"name":"leg","origin":[0,0,0],"color":0,"children":[7,8,9,10,11,12,13,14,15,16,17,18]},{"name":"body","origin":[1.2875,16.70115,19.67757],"color":0,"children":[19,20,21]},{"name":"leg2","origin":[-13.525,11.5375,-4.7625],"color":0,"children":[22,23,24,25,26,27,28,29]},{"name":"horn","origin":[-7.9,9.07534,-9.33914],"color":0,"children":[30,31,32,33,34,35,36,37]}]}]}