{"credit":"Made with Blockbench","parent":"physical_parent","texture_size":[128,128],"textures":{"main":"pokemon/metagross-mega"},"elements":[{"from":[-2,5,0],"to":[18,16,19],"faces":{"north":{"uv":[5.25,1.625,7.75,3],"texture":"#main"},"east":{"uv":[5.5,5.625,7.875,7],"texture":"#main"},"south":{"uv":[5.25,3,7.75,4.375],"texture":"#main"},"west":{"uv":[2.75,6.375,5.125,7.75],"texture":"#main"},"up":{"uv":[5.25,2.375,2.75,0],"texture":"#main"},"down":{"uv":[5.25,2.375,2.75,4.75],"texture":"#main"}}},{"from":[8,1,-13],"to":[8,12,3],"rotation":{"angle":-22.5,"axis":"x","origin":[8,6.5,-5]},"faces":{"north":{"uv":[0,0,0,1.375],"texture":"#main"},"east":{"uv":[0,6.75,2,8.125],"texture":"#main"},"south":{"uv":[0,0,0,1.375],"texture":"#main"},"west":{"uv":[5.125,7,7.125,8.375],"texture":"#main"},"up":{"uv":[0,2,0,0],"texture":"#main"},"down":{"uv":[0,0,0,2],"texture":"#main"}}},{"from":[-3,8,-2.5],"to":[19,11,19],"faces":{"north":{"uv":[8,1.25,10.75,1.625],"texture":"#main"},"east":{"uv":[8.625,7.125,11.3125,7.5],"texture":"#main"},"south":{"uv":[8.625,6.75,11.375,7.125],"texture":"#main"},"west":{"uv":[8.625,7.5,11.3125,7.875],"texture":"#main"},"up":{"uv":[2.75,2.6875,0,0],"texture":"#main"},"down":{"uv":[2.75,2.75,0,5.4375],"texture":"#main"}}},{"from":[-3,10.8436,-5.71371],"to":[19,23.8436,-5.71371],"rotation":{"angle":22.5,"axis":"x","origin":[0,2.8436,-3.71371]},"faces":{"north":{"uv":[2.75,4.75,5.5,6.375],"texture":"#main"},"east":{"uv":[0,0,0,1.625],"texture":"#main"},"south":{"uv":[5.25,0,8,1.625],"texture":"#main"},"west":{"uv":[0,0,0,1.625],"texture":"#main"},"up":{"uv":[2.75,0,0,0],"texture":"#main"},"down":{"uv":[2.75,0,0,0],"texture":"#main"}}},{"from":[-3,-2.92893,-8.74264],"to":[19,7.07107,-8.74264],"rotation":{"angle":-45,"axis":"x","origin":[0,15.07107,-6.74264]},"faces":{"north":{"uv":[0,5.5,2.75,6.75],"texture":"#main"},"east":{"uv":[0,0,0,1.25],"texture":"#main"},"south":{"uv":[5.5,4.375,8.25,5.625],"texture":"#main"},"west":{"uv":[0,0,0,1.25],"texture":"#main"},"up":{"uv":[2.75,0,0,0],"texture":"#main"},"down":{"uv":[2.75,0,0,0],"texture":"#main"}}},{"from":[12,24,-14],"to":[16,28,-10],"rotation":{"angle":-45,"axis":"z","origin":[13,12,-10.5]},"faces":{"north":{"uv":[8.25,3.875,7.75,4.375],"texture":"#main"},"east":{"uv":[2,10,1.5,10.5],"texture":"#main"},"south":{"uv":[1.5,10,1,10.5],"texture":"#main"},"west":{"uv":[1,10,0.5,10.5],"texture":"#main"},"up":{"uv":[4.25,10.5,4.75,10],"texture":"#main"},"down":{"uv":[4.75,10,5.25,10.5],"texture":"#main"}}},{"from":[8,25,-16],"to":[20,25,-10],"rotation":{"angle":-45,"axis":"z","origin":[13,12,-10.5]},"faces":{"north":{"uv":[1.5,0,0,0],"texture":"#main"},"east":{"uv":[0.75,0,0,0],"texture":"#main"},"south":{"uv":[1.5,0,0,0],"texture":"#main"},"west":{"uv":[0.75,0,0,0],"texture":"#main"},"up":{"uv":[8.25,4.625,9.75,3.875],"texture":"#main"},"down":{"uv":[8.25,4.625,9.75,5.375],"texture":"#main"}}},{"from":[8,22,-10],"to":[20,30,-6],"rotation":{"angle":-45,"axis":"z","origin":[13,12,-6.5]},"faces":{"north":{"uv":[3.5,7.75,2,8.75],"texture":"#main"},"east":{"uv":[4.25,9.625,3.75,10.625],"texture":"#main"},"south":{"uv":[9.25,2.875,7.75,3.875],"texture":"#main"},"west":{"uv":[3.75,9.625,3.25,10.625],"texture":"#main"},"up":{"uv":[9,1.25,10.5,0.75],"texture":"#main"},"down":{"uv":[9.25,2.25,10.75,2.75],"texture":"#main"}}},{"from":[9,22,-6],"to":[19,29,3],"rotation":{"angle":-45,"axis":"z","origin":[13,12,0.5]},"faces":{"north":{"uv":[9.375,8.25,8.125,9.125],"texture":"#main"},"east":{"uv":[3.125,8.75,2,9.625],"texture":"#main"},"south":{"uv":[6,8.375,4.75,9.25],"texture":"#main"},"west":{"uv":[2,8.75,3.125,9.625],"texture":"#main"},"up":{"uv":[3.5,8.875,4.75,7.75],"texture":"#main"},"down":{"uv":[7.875,5.625,9.125,6.75],"texture":"#main"}}},{"from":[10,22,3],"to":[18,28,12],"rotation":{"angle":-45,"axis":"z","origin":[13,12,10.5]},"faces":{"north":{"uv":[2,9.25,1,10],"texture":"#main"},"east":{"uv":[9.25,9.125,8.125,9.875],"texture":"#main"},"south":{"uv":[10.25,2.75,9.25,3.5],"texture":"#main"},"west":{"uv":[8.125,9.125,9.25,9.875],"texture":"#main"},"up":{"uv":[1,9.25,2,8.125],"texture":"#main"},"down":{"uv":[7.125,9.375,8.125,8.25],"texture":"#main"}}},{"from":[10,-3,3],"to":[18,3,12],"rotation":{"angle":45,"axis":"z","origin":[13,13,10.5]},"faces":{"north":{"uv":[2,10,1,9.25],"texture":"#main"},"east":{"uv":[9.25,9.875,8.125,9.125],"texture":"#main"},"south":{"uv":[10.25,3.5,9.25,2.75],"texture":"#main"},"west":{"uv":[8.125,9.875,9.25,9.125],"texture":"#main"},"up":{"uv":[7.125,9.375,8.125,8.25],"texture":"#main"},"down":{"uv":[1,8.125,2,9.25],"texture":"#main"}}},{"from":[9,-4,-6],"to":[19,3,3],"rotation":{"angle":45,"axis":"z","origin":[13,13,0.5]},"faces":{"north":{"uv":[9.375,9.125,8.125,8.25],"texture":"#main"},"east":{"uv":[3.125,9.625,2,8.75],"texture":"#main"},"south":{"uv":[6,9.25,4.75,8.375],"texture":"#main"},"west":{"uv":[2,9.625,3.125,8.75],"texture":"#main"},"up":{"uv":[7.875,6.75,9.125,5.625],"texture":"#main"},"down":{"uv":[3.5,7.75,4.75,8.875],"texture":"#main"}}},{"from":[8,-5,-10],"to":[20,3,-6],"rotation":{"angle":45,"axis":"z","origin":[13,13,-6.5]},"faces":{"north":{"uv":[3.5,8.75,2,7.75],"texture":"#main"},"east":{"uv":[4.25,10.625,3.75,9.625],"texture":"#main"},"south":{"uv":[9.25,3.875,7.75,2.875],"texture":"#main"},"west":{"uv":[3.75,10.625,3.25,9.625],"texture":"#main"},"up":{"uv":[9.25,2.75,10.75,2.25],"texture":"#main"},"down":{"uv":[9,0.75,10.5,1.25],"texture":"#main"}}},{"from":[8,0,-16],"to":[20,0,-10],"rotation":{"angle":45,"axis":"z","origin":[13,13,-10.5]},"faces":{"north":{"uv":[1.5,0,0,0],"texture":"#main"},"east":{"uv":[0.75,0,0,0],"texture":"#main"},"south":{"uv":[1.5,0,0,0],"texture":"#main"},"west":{"uv":[0.75,0,0,0],"texture":"#main"},"up":{"uv":[8.25,5.375,9.75,4.625],"texture":"#main"},"down":{"uv":[8.25,3.875,9.75,4.625],"texture":"#main"}}},{"from":[12,-3,-14],"to":[16,1,-10],"rotation":{"angle":45,"axis":"z","origin":[13,13,-10.5]},"faces":{"north":{"uv":[8.25,4.375,7.75,3.875],"texture":"#main"},"east":{"uv":[2,10.5,1.5,10],"texture":"#main"},"south":{"uv":[1.5,10.5,1,10],"texture":"#main"},"west":{"uv":[1,10.5,0.5,10],"texture":"#main"},"up":{"uv":[4.75,10.5,5.25,10],"texture":"#main"},"down":{"uv":[4.25,10,4.75,10.5],"texture":"#main"}}},{"from":[11,14,9],"to":[23,24,9],"rotation":{"angle":-45,"axis":"z","origin":[11,12,10.5]},"faces":{"north":{"uv":[7.75,1.625,9.25,2.875],"texture":"#main"},"east":{"uv":[0,0,0,1.25],"texture":"#main"},"south":{"uv":[9.25,1.625,7.75,2.875],"texture":"#main"},"west":{"uv":[0,0,0,1.25],"texture":"#main"},"up":{"uv":[0,0,1.5,0],"texture":"#main"},"down":{"uv":[0,0,1.5,0],"texture":"#main"}}},{"from":[11,14,15],"to":[23,24,15],"rotation":{"angle":-45,"axis":"z","origin":[11,12,10.5]},"faces":{"north":{"uv":[8.625,7,7.125,8.25],"texture":"#main"},"east":{"uv":[0,0,0,1.25],"texture":"#main"},"south":{"uv":[7.125,7,8.625,8.25],"texture":"#main"},"west":{"uv":[0,0,0,1.25],"texture":"#main"},"up":{"uv":[0,0,1.5,0],"texture":"#main"},"down":{"uv":[0,0,1.5,0],"texture":"#main"}}},{"from":[16.82627,2.66206,20],"to":[21.82627,10.66206,23],"rotation":{"angle":-22.5,"axis":"z","origin":[19.07627,6.66206,19.75]},"faces":{"north":{"uv":[2.625,6.75,2,7.75],"texture":"#main"},"east":{"uv":[10,9.75,9.625,10.75],"texture":"#main"},"south":{"uv":[6.75,9.25,6.125,10.25],"texture":"#main"},"west":{"uv":[9.625,9.75,9.25,10.75],"texture":"#main"},"up":{"uv":[8.625,8.25,9.25,7.875],"texture":"#main"},"down":{"uv":[5.25,10,5.875,10.375],"texture":"#main"}}},{"from":[18.82627,2.66206,23],"to":[18.82627,10.66206,26],"rotation":{"angle":-22.5,"axis":"z","origin":[19.07627,6.66206,22.75]},"faces":{"north":{"uv":[0,0,0,1],"texture":"#main"},"east":{"uv":[7.5,9.875,7.125,10.875],"texture":"#main"},"south":{"uv":[0,0,0,1],"texture":"#main"},"west":{"uv":[7.125,9.875,6.75,10.875],"texture":"#main"},"up":{"uv":[0,0.375,0,0],"texture":"#main"},"down":{"uv":[0,0,0,0.375],"texture":"#main"}}},{"from":[5,20,14],"to":[13,25,24],"rotation":{"angle":-45,"axis":"z","origin":[8,9,22.5]},"faces":{"north":{"uv":[10.25,9.125,9.25,9.75],"texture":"#main"},"east":{"uv":[10.5,1.625,9.25,2.25],"texture":"#main"},"south":{"uv":[1,9.375,0,10],"texture":"#main"},"west":{"uv":[10.375,6.125,9.125,6.75],"texture":"#main"},"up":{"uv":[8,1.25,9,0],"texture":"#main"},"down":{"uv":[0,8.125,1,9.375],"texture":"#main"}}},{"from":[4,20,24],"to":[14,26,28],"rotation":{"angle":-45,"axis":"z","origin":[8,9,26.5]},"faces":{"north":{"uv":[4.375,8.875,3.125,9.625],"texture":"#main"},"east":{"uv":[8.5,9.875,8,10.625],"texture":"#main"},"south":{"uv":[10.25,0,9,0.75],"texture":"#main"},"west":{"uv":[8,9.875,7.5,10.625],"texture":"#main"},"up":{"uv":[6.75,9.875,8,9.375],"texture":"#main"},"down":{"uv":[9.375,7.875,10.625,8.375],"texture":"#main"}}},{"from":[4,23,28],"to":[14,23,32],"rotation":{"angle":-45,"axis":"z","origin":[8,9,29.5]},"faces":{"north":{"uv":[1.25,0,0,0],"texture":"#main"},"east":{"uv":[0.5,0,0,0],"texture":"#main"},"south":{"uv":[1.25,0,0,0],"texture":"#main"},"west":{"uv":[0.5,0,0,0],"texture":"#main"},"up":{"uv":[9.375,8.875,10.625,8.375],"texture":"#main"},"down":{"uv":[2,9.625,3.25,10.125],"texture":"#main"}}},{"from":[16.82627,3.66206,13],"to":[20.82627,9.66206,20],"rotation":{"angle":-22.5,"axis":"z","origin":[19.07627,6.66206,19.75]},"faces":{"north":{"uv":[9,9.875,8.5,10.625],"texture":"#main"},"east":{"uv":[6.125,9.25,5.25,10],"texture":"#main"},"south":{"uv":[0.5,10,0,10.75],"texture":"#main"},"west":{"uv":[5.25,9.25,4.375,10],"texture":"#main"},"up":{"uv":[9.75,4.375,10.25,3.5],"texture":"#main"},"down":{"uv":[9.75,4.375,10.25,5.25],"texture":"#main"}}},{"from":[0,24,-14],"to":[4,28,-10],"rotation":{"angle":45,"axis":"z","origin":[3,12,-10.5]},"faces":{"north":{"uv":[7.75,3.875,8.25,4.375],"texture":"#main"},"east":{"uv":[0.5,10,1,10.5],"texture":"#main"},"south":{"uv":[1,10,1.5,10.5],"texture":"#main"},"west":{"uv":[1.5,10,2,10.5],"texture":"#main"},"up":{"uv":[4.75,10.5,4.25,10],"texture":"#main"},"down":{"uv":[5.25,10,4.75,10.5],"texture":"#main"}}},{"from":[-4,25,-16],"to":[8,25,-10],"rotation":{"angle":45,"axis":"z","origin":[3,12,-10.5]},"faces":{"north":{"uv":[0,0,1.5,0],"texture":"#main"},"east":{"uv":[0,0,0.75,0],"texture":"#main"},"south":{"uv":[0,0,1.5,0],"texture":"#main"},"west":{"uv":[0,0,0.75,0],"texture":"#main"},"up":{"uv":[9.75,4.625,8.25,3.875],"texture":"#main"},"down":{"uv":[9.75,4.625,8.25,5.375],"texture":"#main"}}},{"from":[-4,22,-10],"to":[8,30,-6],"rotation":{"angle":45,"axis":"z","origin":[3,12,-6.5]},"faces":{"north":{"uv":[2,7.75,3.5,8.75],"texture":"#main"},"east":{"uv":[3.25,9.625,3.75,10.625],"texture":"#main"},"south":{"uv":[7.75,2.875,9.25,3.875],"texture":"#main"},"west":{"uv":[3.75,9.625,4.25,10.625],"texture":"#main"},"up":{"uv":[10.5,1.25,9,0.75],"texture":"#main"},"down":{"uv":[10.75,2.25,9.25,2.75],"texture":"#main"}}},{"from":[-3,22,-6],"to":[7,29,3],"rotation":{"angle":45,"axis":"z","origin":[3,12,0.5]},"faces":{"north":{"uv":[8.125,8.25,9.375,9.125],"texture":"#main"},"east":{"uv":[3.125,8.75,2,9.625],"texture":"#main"},"south":{"uv":[4.75,8.375,6,9.25],"texture":"#main"},"west":{"uv":[2,8.75,3.125,9.625],"texture":"#main"},"up":{"uv":[4.75,8.875,3.5,7.75],"texture":"#main"},"down":{"uv":[9.125,5.625,7.875,6.75],"texture":"#main"}}},{"from":[-2,22,3],"to":[6,28,12],"rotation":{"angle":45,"axis":"z","origin":[3,12,10.5]},"faces":{"north":{"uv":[1,9.25,2,10],"texture":"#main"},"east":{"uv":[9.25,9.125,8.125,9.875],"texture":"#main"},"south":{"uv":[9.25,2.75,10.25,3.5],"texture":"#main"},"west":{"uv":[8.125,9.125,9.25,9.875],"texture":"#main"},"up":{"uv":[2,9.25,1,8.125],"texture":"#main"},"down":{"uv":[8.125,9.375,7.125,8.25],"texture":"#main"}}},{"from":[-2,-3,3],"to":[6,3,12],"rotation":{"angle":-45,"axis":"z","origin":[3,13,10.5]},"faces":{"north":{"uv":[1,10,2,9.25],"texture":"#main"},"east":{"uv":[9.25,9.875,8.125,9.125],"texture":"#main"},"south":{"uv":[9.25,3.5,10.25,2.75],"texture":"#main"},"west":{"uv":[8.125,9.875,9.25,9.125],"texture":"#main"},"up":{"uv":[8.125,9.375,7.125,8.25],"texture":"#main"},"down":{"uv":[2,8.125,1,9.25],"texture":"#main"}}},{"from":[-3,-4,-6],"to":[7,3,3],"rotation":{"angle":-45,"axis":"z","origin":[3,13,0.5]},"faces":{"north":{"uv":[8.125,9.125,9.375,8.25],"texture":"#main"},"east":{"uv":[3.125,9.625,2,8.75],"texture":"#main"},"south":{"uv":[4.75,9.25,6,8.375],"texture":"#main"},"west":{"uv":[2,9.625,3.125,8.75],"texture":"#main"},"up":{"uv":[9.125,6.75,7.875,5.625],"texture":"#main"},"down":{"uv":[4.75,7.75,3.5,8.875],"texture":"#main"}}},{"from":[-4,-5,-10],"to":[8,3,-6],"rotation":{"angle":-45,"axis":"z","origin":[3,13,-6.5]},"faces":{"north":{"uv":[2,8.75,3.5,7.75],"texture":"#main"},"east":{"uv":[3.25,10.625,3.75,9.625],"texture":"#main"},"south":{"uv":[7.75,3.875,9.25,2.875],"texture":"#main"},"west":{"uv":[3.75,10.625,4.25,9.625],"texture":"#main"},"up":{"uv":[10.75,2.75,9.25,2.25],"texture":"#main"},"down":{"uv":[10.5,0.75,9,1.25],"texture":"#main"}}},{"from":[-4,0,-16],"to":[8,0,-10],"rotation":{"angle":-45,"axis":"z","origin":[3,13,-10.5]},"faces":{"north":{"uv":[0,0,1.5,0],"texture":"#main"},"east":{"uv":[0,0,0.75,0],"texture":"#main"},"south":{"uv":[0,0,1.5,0],"texture":"#main"},"west":{"uv":[0,0,0.75,0],"texture":"#main"},"up":{"uv":[9.75,5.375,8.25,4.625],"texture":"#main"},"down":{"uv":[9.75,3.875,8.25,4.625],"texture":"#main"}}},{"from":[0,-3,-14],"to":[4,1,-10],"rotation":{"angle":-45,"axis":"z","origin":[3,13,-10.5]},"faces":{"north":{"uv":[7.75,4.375,8.25,3.875],"texture":"#main"},"east":{"uv":[0.5,10.5,1,10],"texture":"#main"},"south":{"uv":[1,10.5,1.5,10],"texture":"#main"},"west":{"uv":[1.5,10.5,2,10],"texture":"#main"},"up":{"uv":[5.25,10.5,4.75,10],"texture":"#main"},"down":{"uv":[4.75,10,4.25,10.5],"texture":"#main"}}},{"from":[-7,14,9],"to":[5,24,9],"rotation":{"angle":45,"axis":"z","origin":[5,12,10.5]},"faces":{"north":{"uv":[9.25,1.625,7.75,2.875],"texture":"#main"},"east":{"uv":[0,0,0,1.25],"texture":"#main"},"south":{"uv":[7.75,1.625,9.25,2.875],"texture":"#main"},"west":{"uv":[0,0,0,1.25],"texture":"#main"},"up":{"uv":[1.5,0,0,0],"texture":"#main"},"down":{"uv":[1.5,0,0,0],"texture":"#main"}}},{"from":[-7,14,15],"to":[5,24,15],"rotation":{"angle":45,"axis":"z","origin":[5,12,10.5]},"faces":{"north":{"uv":[7.125,7,8.625,8.25],"texture":"#main"},"east":{"uv":[0,0,0,1.25],"texture":"#main"},"south":{"uv":[8.625,7,7.125,8.25],"texture":"#main"},"west":{"uv":[0,0,0,1.25],"texture":"#main"},"up":{"uv":[1.5,0,0,0],"texture":"#main"},"down":{"uv":[1.5,0,0,0],"texture":"#main"}}},{"from":[-5.82627,2.66206,20],"to":[-0.82627,10.66206,23],"rotation":{"angle":22.5,"axis":"z","origin":[-3.07627,6.66206,19.75]},"faces":{"north":{"uv":[2,6.75,2.625,7.75],"texture":"#main"},"east":{"uv":[9.25,9.75,9.625,10.75],"texture":"#main"},"south":{"uv":[6.125,9.25,6.75,10.25],"texture":"#main"},"west":{"uv":[9.625,9.75,10,10.75],"texture":"#main"},"up":{"uv":[9.25,8.25,8.625,7.875],"texture":"#main"},"down":{"uv":[5.875,10,5.25,10.375],"texture":"#main"}}},{"from":[-2.82627,2.66206,23],"to":[-2.82627,10.66206,26],"rotation":{"angle":22.5,"axis":"z","origin":[-3.07627,6.66206,22.75]},"faces":{"north":{"uv":[0,0,0,1],"texture":"#main"},"east":{"uv":[6.75,9.875,7.125,10.875],"texture":"#main"},"south":{"uv":[0,0,0,1],"texture":"#main"},"west":{"uv":[7.125,9.875,7.5,10.875],"texture":"#main"},"up":{"uv":[0,0.375,0,0],"texture":"#main"},"down":{"uv":[0,0,0,0.375],"texture":"#main"}}},{"from":[3,20,14],"to":[11,25,24],"rotation":{"angle":45,"axis":"z","origin":[8,9,22.5]},"faces":{"north":{"uv":[9.25,9.125,10.25,9.75],"texture":"#main"},"east":{"uv":[9.125,6.125,10.375,6.75],"texture":"#main"},"south":{"uv":[0,9.375,1,10],"texture":"#main"},"west":{"uv":[9.25,1.625,10.5,2.25],"texture":"#main"},"up":{"uv":[9,1.25,8,0],"texture":"#main"},"down":{"uv":[1,8.125,0,9.375],"texture":"#main"}}},{"from":[2,20,24],"to":[12,26,28],"rotation":{"angle":45,"axis":"z","origin":[8,9,26.5]},"faces":{"north":{"uv":[3.125,8.875,4.375,9.625],"texture":"#main"},"east":{"uv":[7.5,9.875,8,10.625],"texture":"#main"},"south":{"uv":[9,0,10.25,0.75],"texture":"#main"},"west":{"uv":[8,9.875,8.5,10.625],"texture":"#main"},"up":{"uv":[8,9.875,6.75,9.375],"texture":"#main"},"down":{"uv":[10.625,7.875,9.375,8.375],"texture":"#main"}}},{"from":[2,23,28],"to":[12,23,32],"rotation":{"angle":45,"axis":"z","origin":[8,9,29.5]},"faces":{"north":{"uv":[0,0,1.25,0],"texture":"#main"},"east":{"uv":[0,0,0.5,0],"texture":"#main"},"south":{"uv":[0,0,1.25,0],"texture":"#main"},"west":{"uv":[0,0,0.5,0],"texture":"#main"},"up":{"uv":[10.625,8.875,9.375,8.375],"texture":"#main"},"down":{"uv":[3.25,9.625,2,10.125],"texture":"#main"}}},{"from":[-4.82627,3.66206,13],"to":[-0.82627,9.66206,20],"rotation":{"angle":22.5,"axis":"z","origin":[-3.07627,6.66206,19.75]},"faces":{"north":{"uv":[8.5,9.875,9,10.625],"texture":"#main"},"east":{"uv":[4.375,9.25,5.25,10],"texture":"#main"},"south":{"uv":[0,10,0.5,10.75],"texture":"#main"},"west":{"uv":[5.25,9.25,6.125,10],"texture":"#main"},"up":{"uv":[10.25,4.375,9.75,3.5],"texture":"#main"},"down":{"uv":[10.25,4.375,9.75,5.25],"texture":"#main"}}}],"display":{"head":{"rotation":[0,0,-1],"translation":[0,-17,0],"scale":[3.2,3.2,3.2]}},"groups":[0,1,2,3,4,{"name":"dupli","origin":[-3.07627,6.66206,19.75],"color":0,"children":[5,6,7,8,9,10,11,12,13,14,15,16,17,18,19,20,21,22]},{"name":"dupli","origin":[-3.07627,6.66206,19.75],"color":0,"children":[23,24,25,26,27,28,29,30,31,32,33,34,35,36,37,38,39,40]}]}