{"parent":"physical_parent","textures":{"main":"pokemon/porygon"},"elements":[{"from":[5,2,5],"to":[11,8,13],"faces":{"east":{"uv":[2,5.5,3.75,7],"texture":"#main"},"south":{"uv":[2,7.25,3.5,8.75],"texture":"#main"},"north":{"uv":[0,7.25,1.5,8.75],"texture":"#main"},"west":{"uv":[0,5.5,1.75,7],"texture":"#main"},"up":{"uv":[3,3.5,4.75,5],"texture":"#main","rotation":270},"down":{"uv":[3,3.5,4.75,5],"texture":"#main","rotation":90}}},{"from":[6,8,1],"to":[10,13,9],"faces":{"east":{"uv":[2.25,0,4.25,1.25],"texture":"#main"},"south":{"uv":[3.5,1.5,4.5,2.75],"texture":"#main"},"north":{"uv":[2.25,1.5,3.25,2.75],"texture":"#main"},"west":{"uv":[0,0,2,1.25],"texture":"#main"},"up":{"uv":[0,1.5,2,2.75],"texture":"#main","rotation":90},"down":{"uv":[0,3,2,4.25],"texture":"#main","rotation":270}}},{"rotation":{"origin":[8,8.5,14],"angle":-45,"axis":"x"},"from":[7,7,10],"to":[9,10,18],"faces":{"east":{"uv":[9,5.5,9.75,7.5],"texture":"#main","rotation":90},"south":{"uv":[10.25,4.5,10.75,5.25],"texture":"#main","rotation":180},"west":{"uv":[8,5.5,8.75,7.5],"texture":"#main","rotation":90},"up":{"uv":[10.25,5.5,10.75,7.5],"texture":"#main","rotation":180},"down":{"uv":[10.25,5.5,10.75,7.5],"texture":"#main","rotation":180}}},{"from":[3,1,8],"to":[5,7,11],"faces":{"east":{"uv":[4.25,6,5,7.5],"texture":"#main"},"south":{"uv":[7.25,6,7.75,7.5],"texture":"#main"},"north":{"uv":[7.25,6,7.75,7.5],"texture":"#main"},"west":{"uv":[5.25,6,6,7.5],"texture":"#main"},"up":{"uv":[5.25,5.25,6,5.75],"texture":"#main","rotation":270},"down":{"uv":[5.25,7.75,6,8.25],"texture":"#main","rotation":90}}},{"from":[11,1,8],"to":[13,7,11],"faces":{"east":{"uv":[4.25,6,5,7.5],"texture":"#main"},"south":{"uv":[6.5,6,7,7.5],"texture":"#main"},"north":{"uv":[7.25,6,7.75,7.5],"texture":"#main"},"west":{"uv":[5.25,6,6,7.5],"texture":"#main"},"up":{"uv":[5.25,5.25,6,5.75],"texture":"#main","rotation":90},"down":{"uv":[5.25,7.75,6,8.25],"texture":"#main","rotation":270}}}],"display":{"head":{"translation":[0,-38,0]}}}