{"parent":"ralts","textures":{"main":"pokemon/ralts"},"texture_size":[64,64],"elements":[{"rotation":{"origin":[8,14,8],"angle":0,"axis":"y"},"from":[3.995,10.995,3.995],"to":[12.005,17.005,12.005],"faces":{"east":{"uv":[0,2,2,3.5],"texture":"#main"},"south":{"uv":[6,2,8,3.5],"texture":"#main"},"north":{"uv":[2,2,4,3.5],"texture":"#main"},"west":{"uv":[4,2,6,3.5],"texture":"#main"},"up":{"uv":[4,2,2,0],"texture":"#main"},"down":{"uv":[6,0,4,2],"texture":"#main"}}},{"rotation":{"origin":[8,17,8],"angle":0,"axis":"x"},"from":[8,14,3],"to":[8,20,13],"faces":{"east":{"uv":[0,7.25,2.5,8.75],"texture":"#main"},"south":{"uv":[5,7.25,5,8.75],"texture":"#main"},"north":{"uv":[2.5,7.25,2.5,8.75],"texture":"#main"},"west":{"uv":[2.5,7.25,5,8.75],"texture":"#main"},"up":{"uv":[2.5,7.25,2.5,4.75],"texture":"#main"},"down":{"uv":[2.5,4.75,2.5,7.25],"texture":"#main"}}},{"rotation":{"origin":[8,13,8],"angle":0,"axis":"y"},"from":[4.5,9,4.5],"to":[11.5,17,11.5],"faces":{"east":{"uv":[0,5.25,1.75,7.25],"texture":"#main"},"south":{"uv":[5.25,5.25,7,7.25],"texture":"#main"},"north":{"uv":[1.75,5.25,3.5,7.25],"texture":"#main"},"west":{"uv":[3.5,5.25,5.25,7.25],"texture":"#main"},"up":{"uv":[3.5,5.25,1.75,3.5],"texture":"#main"},"down":{"uv":[5.25,3.5,3.5,5.25],"texture":"#main"}}},{"from":[6.5,7,6.5],"to":[9.5,9,9.5],"faces":{"east":{"uv":[7,5.5,7.75,6],"texture":"#main"},"south":{"uv":[9.25,5.5,10,6],"texture":"#main"},"north":{"uv":[7.75,5.5,8.5,6],"texture":"#main"},"west":{"uv":[8.5,5.5,9.25,6],"texture":"#main"},"up":{"uv":[8.5,5.5,7.75,4.75],"texture":"#main"},"down":{"uv":[9.25,4.75,8.5,5.5],"texture":"#main"}}},{"rotation":{"origin":[8,3.5,8],"angle":0,"axis":"y"},"from":[6,0,6.5],"to":[10,7,9.5],"faces":{"east":{"uv":[4.25,9.25,5,11],"texture":"#main"},"south":{"uv":[6.75,9.25,7.75,11],"texture":"#main"},"north":{"uv":[5,9.25,6,11],"texture":"#main"},"west":{"uv":[6,9.25,6.75,11],"texture":"#main"},"up":{"uv":[6,9.25,5,8.5],"texture":"#main"},"down":{"uv":[7,8.5,6,9.25],"texture":"#main"}}},{"rotation":{"origin":[6,2.5,8],"angle":0,"axis":"y"},"from":[4.5,0,5.5],"to":[7.5,5,10.5],"faces":{"east":{"uv":[6.75,3.5,8,4.75],"texture":"#main"},"south":{"uv":[10,3.5,10.75,4.75],"texture":"#main"},"north":{"uv":[8,3.5,8.75,4.75],"texture":"#main"},"west":{"uv":[8.75,3.5,10,4.75],"texture":"#main"},"up":{"uv":[8.75,3.5,8,2.25],"texture":"#main"},"down":{"uv":[9.5,2.25,8.75,3.5],"texture":"#main"}}},{"rotation":{"origin":[10,2.5,8],"angle":0,"axis":"y"},"from":[8.5,0,5.5],"to":[11.5,5,10.5],"faces":{"east":{"uv":[5.75,7.25,7,8.5],"texture":"#main"},"south":{"uv":[9,7.25,9.75,8.5],"texture":"#main"},"north":{"uv":[7,7.25,7.75,8.5],"texture":"#main"},"west":{"uv":[7.75,7.25,9,8.5],"texture":"#main"},"up":{"uv":[7.75,7.25,7,6],"texture":"#main"},"down":{"uv":[8.5,6,7.75,7.25],"texture":"#main"}}},{"rotation":{"origin":[10,2.5,8],"angle":0,"axis":"y"},"from":[7.5,0,9.5],"to":[8.5,5,10.5],"faces":{"east":{"uv":[5.75,7.25,7,8.5],"texture":"#main"},"south":{"uv":[9,7.25,9.75,8.5],"texture":"#main"},"north":{"uv":[7,7.25,7.75,8.5],"texture":"#main"},"west":{"uv":[7.75,7.25,9,8.5],"texture":"#main"},"up":{"uv":[7.75,7.25,7,6],"texture":"#main"},"down":{"uv":[8.5,6,7.75,7.25],"texture":"#main"}}},{"rotation":{"origin":[10,2.5,8],"angle":0,"axis":"y"},"from":[7.5,0,10.5],"to":[8.5,4,11.5],"faces":{"east":{"uv":[5.75,7.25,7,8.5],"texture":"#main"},"south":{"uv":[9,7.25,9.75,8.5],"texture":"#main"},"north":{"uv":[7,7.25,7.75,8.5],"texture":"#main"},"west":{"uv":[7.75,7.25,9,8.5],"texture":"#main"},"up":{"uv":[7.75,7.25,7,6],"texture":"#main"},"down":{"uv":[8.5,6,7.75,7.25],"texture":"#main"}}},{"rotation":{"origin":[10,2,11],"angle":0,"axis":"y"},"from":[8.5,0,10.5],"to":[11.5,4,11.5],"faces":{"east":{"uv":[8,1.25,8.25,2.25],"texture":"#main"},"south":{"uv":[9.25,1.25,10,2.25],"texture":"#main"},"north":{"uv":[8.25,1.25,9,2.25],"texture":"#main"},"west":{"uv":[9,1.25,9.25,2.25],"texture":"#main"},"up":{"uv":[9,1.25,8.25,1],"texture":"#main"},"down":{"uv":[9.75,1,9,1.25],"texture":"#main"}}},{"rotation":{"origin":[6,2,11],"angle":0,"axis":"y"},"from":[4.5,0,10.5],"to":[7.5,4,11.5],"faces":{"east":{"uv":[0,0.25,0.25,1.25],"texture":"#main"},"south":{"uv":[1.25,0.25,2,1.25],"texture":"#main"},"north":{"uv":[0.25,0.25,1,1.25],"texture":"#main"},"west":{"uv":[1,0.25,1.25,1.25],"texture":"#main"},"up":{"uv":[1,0.25,0.25,0],"texture":"#main"},"down":{"uv":[1.75,0,1,0.25],"texture":"#main"}}},{"rotation":{"origin":[8,0,11.5],"angle":0,"axis":"y"},"from":[4.5,0,9.5],"to":[11.5,0,14.5],"faces":{"east":{"uv":[4.75,1.25,6,1.25],"texture":"#main"},"south":{"uv":[9,1.25,10.75,1.25],"texture":"#main"},"north":{"uv":[6,1.25,7.75,1.25],"texture":"#main"},"west":{"uv":[7.75,1.25,9,1.25],"texture":"#main"},"up":{"uv":[7.75,1.25,6,0],"texture":"#main"},"down":{"uv":[9.5,0,7.75,1.25],"texture":"#main"}}},{"rotation":{"origin":[6,7,7.5],"angle":22.5,"axis":"z"},"from":[4,6.5,7],"to":[7,7.5,8],"faces":{"east":{"uv":[0.5,3.75,0.25,3.5],"texture":"#main","rotation":90},"south":{"uv":[0.75,3.75,1,4.75],"texture":"#main","rotation":90},"north":{"uv":[0.25,3.75,0.5,4.75],"texture":"#main","rotation":270},"west":{"uv":[0.75,3.5,0.5,3.75],"texture":"#main","rotation":90},"up":{"uv":[0.5,3.75,0.75,4.75],"texture":"#main","rotation":90},"down":{"uv":[0,3.75,0.25,4.75],"texture":"#main","rotation":90}}},{"rotation":{"origin":[10,7,7.5],"angle":-22.5,"axis":"z"},"from":[9,6.5,7],"to":[12,7.5,8],"faces":{"east":{"uv":[0.5,3.75,0.25,3.5],"texture":"#main","rotation":90},"south":{"uv":[0.75,3.75,1,4.75],"texture":"#main","rotation":90},"north":{"uv":[0.25,3.75,0.5,4.75],"texture":"#main","rotation":270},"west":{"uv":[0.75,3.5,0.5,3.75],"texture":"#main","rotation":90},"up":{"uv":[0.5,3.75,0.75,4.75],"texture":"#main","rotation":90},"down":{"uv":[0,3.75,0.25,4.75],"texture":"#main","rotation":90}}}],"display":{"head":{"translation":[0,-35,0]}},"groups":[{"children":[{"children":[0,1,2],"origin":[8,8,8],"name":"head"},{"children":[3,4,5,6,7,8,9,10,11,{"children":[12,13],"origin":[8,8,8],"name":"arm0"}],"origin":[8,8,8],"name":"body"}],"origin":[8,8,8],"name":"ralts"}]}