{"credit":"Made with Blockbench","texture_size":[64,64],"textures":{"main":"pokemon/roserade"},"elements":[{"from":[4.11292,8.7,5.6],"to":[9.46292,17,10.1],"rotation":{"angle":0,"axis":"y","origin":[7.53792,-4,8]},"faces":{"north":{"uv":[5.5,0,6.875,2.125],"texture":"#main"},"east":{"uv":[3.75,7,4.875,9.125],"texture":"#main"},"south":{"uv":[0,7,1.375,9.125],"texture":"#main"},"west":{"uv":[7,4.5,8.125,6.625],"texture":"#main"},"up":{"uv":[10.375,4.125,9,3],"texture":"#main"},"down":{"uv":[7.875,9,6.5,10.125],"texture":"#main"}}},{"from":[4.73792,3.80729,9.60102],"to":[9.48792,17.90729,9.60102],"rotation":{"angle":-22.5,"axis":"x","origin":[6.78792,17.85729,10.12602]},"faces":{"north":{"uv":[3,0,4.25,3.5],"texture":"#main"},"east":{"uv":[0,0,0,3.5],"texture":"#main"},"south":{"uv":[0,3.5,1.25,7],"texture":"#main"},"west":{"uv":[0,0,0,3.5],"texture":"#main"},"up":{"uv":[1.25,0,0,0],"texture":"#main"},"down":{"uv":[1.25,0,0,0],"texture":"#main"}}},{"from":[1.73792,3.73117,9.9837],"to":[6.48792,17.83117,9.9837],"rotation":{"angle":-22.5,"axis":"x","origin":[5.78792,16.85729,10.12602]},"faces":{"north":{"uv":[3,0,4.25,3.5],"texture":"#main"},"east":{"uv":[0,0,0,3.5],"texture":"#main"},"south":{"uv":[0,3.5,1.25,7],"texture":"#main"},"west":{"uv":[0,0,0,3.5],"texture":"#main"},"up":{"uv":[1.25,0,0,0],"texture":"#main"},"down":{"uv":[1.25,0,0,0],"texture":"#main"}}},{"from":[7.73792,3.80729,9.60102],"to":[12.48792,17.90729,9.60102],"rotation":{"angle":-22.5,"axis":"x","origin":[6.78792,17.85729,10.12602]},"faces":{"north":{"uv":[3,0,4.25,3.5],"texture":"#main"},"east":{"uv":[0,0,0,3.5],"texture":"#main"},"south":{"uv":[0,3.5,1.25,7],"texture":"#main"},"west":{"uv":[0,0,0,3.5],"texture":"#main"},"up":{"uv":[1.25,0,0,0],"texture":"#main"},"down":{"uv":[1.25,0,0,0],"texture":"#main"}}},{"from":[3.03661,18.50684,4.70528],"to":[10.38109,23.44892,10.88288],"rotation":{"angle":0,"axis":"y","origin":[6.29905,23.27285,8.21481]},"faces":{"north":{"uv":[5,7,6.875,8.25],"texture":"#main"},"east":{"uv":[5.5,2.25,7,3.5],"texture":"#main"},"south":{"uv":[7,6.75,8.875,8],"texture":"#main"},"west":{"uv":[5,8.25,6.5,9.5],"texture":"#main"},"up":{"uv":[8.875,3,7,1.5],"texture":"#main"},"down":{"uv":[8.875,3,7,4.5],"texture":"#main"}}},{"from":[2.47033,24.139,3.40112],"to":[10.95309,28,9.144],"rotation":{"angle":0,"axis":"y","origin":[6.29905,23.27285,8.21481]},"faces":{"north":{"uv":[7,8,9.125,9],"texture":"#main"},"east":{"uv":[8,9,9.375,10],"texture":"#main"},"south":{"uv":[8.25,4.5,10.375,5.5],"texture":"#main"},"west":{"uv":[0,9.25,1.375,10.25],"texture":"#main"},"up":{"uv":[9.125,1.375,7,0],"texture":"#main"},"down":{"uv":[3.625,7,1.5,8.375],"texture":"#main"}}},{"from":[2.72773,23.22012,4.68812],"to":[10.55269,26.08012,11.6894],"rotation":{"angle":0,"axis":"y","origin":[6.29905,23.27285,8.21481]},"faces":{"north":{"uv":[9,6.5,11,7.25],"texture":"#main"},"east":{"uv":[9.25,0,11,0.75],"texture":"#main"},"south":{"uv":[9,7.25,11,8],"texture":"#main"},"west":{"uv":[9.25,0.75,11,1.5],"texture":"#main"},"up":{"uv":[7,5.25,5,3.5],"texture":"#main"},"down":{"uv":[7,5.25,5,7],"texture":"#main"}}},{"from":[2.35021,23.04051,8.82122],"to":[10.79293,26.71275,11.94434],"rotation":{"angle":22.5,"axis":"x","origin":[6.29905,23.27285,8.21481]},"faces":{"north":{"uv":[8.25,5.5,10.375,6.375],"texture":"#main"},"east":{"uv":[0.75,12.75,1.5,13.625],"texture":"#main"},"south":{"uv":[1.5,8.5,3.625,9.375],"texture":"#main"},"west":{"uv":[12.75,2,13.5,2.875],"texture":"#main"},"up":{"uv":[11.125,2.25,9,1.5],"texture":"#main"},"down":{"uv":[11.125,2.25,9,3],"texture":"#main"}}},{"from":[6.26833,24.393,1.61706],"to":[6.26833,31.4,12.94838],"rotation":{"angle":22.5,"axis":"x","origin":[6.29905,23.27285,8.21481]},"faces":{"north":{"uv":[0,0,0,1.75],"texture":"#main"},"east":{"uv":[0,0,2.875,1.75],"texture":"#main"},"south":{"uv":[0,0,0,1.75],"texture":"#main"},"west":{"uv":[0,1.75,2.875,3.5],"texture":"#main"},"up":{"uv":[0,2.875,0,0],"texture":"#main"},"down":{"uv":[0,0,0,2.875],"texture":"#main"}}},{"from":[1.40329,20.11009,4.70528],"to":[1.40329,23.13025,10.88288],"rotation":{"angle":22.5,"axis":"z","origin":[6.29905,23.27285,8.21481]},"faces":{"north":{"uv":[0,0,0,0.75],"texture":"#main"},"east":{"uv":[10,10,11.5,10.75],"texture":"#main"},"south":{"uv":[0,0,0,0.75],"texture":"#main"},"west":{"uv":[0,10.25,1.5,11],"texture":"#main"},"up":{"uv":[0,1.5,0,0],"texture":"#main"},"down":{"uv":[0,0,0,1.5],"texture":"#main"}}},{"from":[12.01441,20.11009,4.70528],"to":[12.01441,23.13025,10.88288],"rotation":{"angle":-22.5,"axis":"z","origin":[7.11865,23.27285,8.21481]},"faces":{"north":{"uv":[0,0,0,0.75],"texture":"#main"},"east":{"uv":[3.5,10.25,5,11],"texture":"#main"},"south":{"uv":[0,0,0,0.75],"texture":"#main"},"west":{"uv":[6.25,10.25,7.75,11],"texture":"#main"},"up":{"uv":[0,1.5,0,0],"texture":"#main"},"down":{"uv":[0,0,0,1.5],"texture":"#main"}}},{"from":[5.41292,17,7],"to":[8.16292,19,9],"rotation":{"angle":0,"axis":"y","origin":[7.53792,-4,8]},"faces":{"north":{"uv":[12.75,7.75,13.5,8.25],"texture":"#main"},"east":{"uv":[10.75,13.25,11.25,13.75],"texture":"#main"},"south":{"uv":[5.75,13,6.5,13.5],"texture":"#main"},"west":{"uv":[13.25,10.75,13.75,11.25],"texture":"#main"},"up":{"uv":[13.75,6.25,13,5.75],"texture":"#main"},"down":{"uv":[13.75,6.25,13,6.75],"texture":"#main"}}},{"from":[5.18792,16.45,5.45],"to":[8.38792,18.075,9.25],"rotation":{"angle":-22.5,"axis":"x","origin":[6.78792,17.5375,7.6]},"faces":{"north":{"uv":[10,13.25,10.75,13.625],"texture":"#main"},"east":{"uv":[9,13,10,13.375],"texture":"#main"},"south":{"uv":[13.25,10.25,14,10.625],"texture":"#main"},"west":{"uv":[13,9.25,14,9.625],"texture":"#main"},"up":{"uv":[13,7,12.25,6],"texture":"#main"},"down":{"uv":[9,12.25,8.25,13.25],"texture":"#main"}}},{"from":[3.71292,5,6.6],"to":[6.46292,9.8,9.375],"rotation":{"angle":0,"axis":"y","origin":[5.13792,8.925,8.0375]},"faces":{"north":{"uv":[2.75,12.25,3.375,13.5],"texture":"#main"},"east":{"uv":[2,11.75,2.75,13],"texture":"#main"},"south":{"uv":[3.5,12.25,4.125,13.5],"texture":"#main"},"west":{"uv":[10.25,12,11,13.25],"texture":"#main"},"up":{"uv":[13.375,4.25,12.75,3.5],"texture":"#main"},"down":{"uv":[13.375,7,12.75,7.75],"texture":"#main"}}},{"from":[4.41292,-0.4,7.2],"to":[5.96292,5.7,8.975],"rotation":{"angle":0,"axis":"z","origin":[5.13792,8.925,8.0375]},"faces":{"north":{"uv":[1.5,12.75,1.875,14.25],"texture":"#main"},"east":{"uv":[6.75,12,7.25,13.5],"texture":"#main"},"south":{"uv":[4.75,12.75,5.125,14.25],"texture":"#main"},"west":{"uv":[4.25,12.25,4.75,13.75],"texture":"#main"},"up":{"uv":[11.625,13.75,11.25,13.25],"texture":"#main"},"down":{"uv":[13.625,11.25,13.25,11.75],"texture":"#main"}}},{"from":[7.83708,-0.4,7.2],"to":[9.38708,5.7,8.975],"rotation":{"angle":0,"axis":"z","origin":[8.86208,8.925,8.0375]},"faces":{"north":{"uv":[1.875,12.75,1.5,14.25],"texture":"#main"},"east":{"uv":[4.75,12.25,4.25,13.75],"texture":"#main"},"south":{"uv":[5.125,12.75,4.75,14.25],"texture":"#main"},"west":{"uv":[7.25,12,6.75,13.5],"texture":"#main"},"up":{"uv":[11.25,13.75,11.625,13.25],"texture":"#main"},"down":{"uv":[13.25,11.25,13.625,11.75],"texture":"#main"}}},{"from":[7.33708,5,6.6],"to":[10.08708,9.8,9.375],"rotation":{"angle":0,"axis":"y","origin":[8.86208,8.925,8.0375]},"faces":{"north":{"uv":[3.375,12.25,2.75,13.5],"texture":"#main"},"east":{"uv":[11,12,10.25,13.25],"texture":"#main"},"south":{"uv":[4.125,12.25,3.5,13.5],"texture":"#main"},"west":{"uv":[2.75,11.75,2,13],"texture":"#main"},"up":{"uv":[12.75,4.25,13.375,3.5],"texture":"#main"},"down":{"uv":[12.75,7,13.375,7.75],"texture":"#main"}}},{"from":[-2.11208,14.75,7.175],"to":[4.88792,16.525,8.675],"rotation":{"angle":45,"axis":"z","origin":[4.96792,15.4375,7.905]},"faces":{"north":{"uv":[11.75,4.25,13.5,4.75],"texture":"#main"},"east":{"uv":[0,13.5,0.375,14],"texture":"#main"},"south":{"uv":[12.25,0,14,0.5],"texture":"#main"},"west":{"uv":[13.5,2,13.875,2.5],"texture":"#main"},"up":{"uv":[14,1.875,12.25,1.5],"texture":"#main"},"down":{"uv":[14.25,4.75,12.5,5.125],"texture":"#main"}}},{"from":[-4.11208,14.35,6.875],"to":[-1.11208,16.825,8.975],"rotation":{"angle":45,"axis":"z","origin":[4.96792,15.4375,7.905]},"faces":{"north":{"uv":[11.75,12.75,12.5,13.375],"texture":"#main"},"east":{"uv":[6.5,8.25,7,8.875],"texture":"#main"},"south":{"uv":[12.75,11.75,13.5,12.375],"texture":"#main"},"west":{"uv":[1,11,1.5,11.625],"texture":"#main"},"up":{"uv":[13.75,8.75,13,8.25],"texture":"#main"},"down":{"uv":[13.75,8.75,13,9.25],"texture":"#main"}}},{"from":[8.71208,14.4,7.175],"to":[15.71208,16.175,8.675],"rotation":{"angle":-45,"axis":"z","origin":[8.63208,15.0875,7.905]},"faces":{"north":{"uv":[12.25,0.5,14,1],"texture":"#main"},"east":{"uv":[13.5,2.5,13.875,3],"texture":"#main"},"south":{"uv":[12.25,1,14,1.5],"texture":"#main"},"west":{"uv":[2.75,13.5,3.125,14],"texture":"#main"},"up":{"uv":[14.25,5.625,12.5,5.25],"texture":"#main"},"down":{"uv":[14.5,3,12.75,3.375],"texture":"#main"}}},{"from":[14.71208,14,6.875],"to":[17.71208,16.475,8.975],"rotation":{"angle":-45,"axis":"z","origin":[8.63208,15.0875,7.905]},"faces":{"north":{"uv":[12.5,12.75,13.25,13.375],"texture":"#main"},"east":{"uv":[11.25,2.25,11.75,2.875],"texture":"#main"},"south":{"uv":[2,13,2.75,13.625],"texture":"#main"},"west":{"uv":[11.5,10,12,10.625],"texture":"#main"},"up":{"uv":[13.75,10.25,13,9.75],"texture":"#main"},"down":{"uv":[9,13.25,8.25,13.75],"texture":"#main"}}},{"from":[-11.7,11.96956,3.7031],"to":[-7.7472,16.02118,8.05118],"rotation":{"angle":45,"axis":"z","origin":[3.27639,21.24261,7.87483]},"faces":{"north":{"uv":[7.25,11.25,8.25,12.25],"texture":"#main"},"east":{"uv":[3.75,9.25,4.875,10.25],"texture":"#main"},"south":{"uv":[8.25,11.25,9.25,12.25],"texture":"#main"},"west":{"uv":[9.25,8,10.375,9],"texture":"#main"},"up":{"uv":[2.5,10.625,1.5,9.5],"texture":"#main"},"down":{"uv":[3.5,9.5,2.5,10.625],"texture":"#main"}}},{"from":[-11.7,16.01956,5.8031],"to":[-7.7472,20.07118,10.15118],"rotation":{"angle":45,"axis":"z","origin":[3.27639,21.24261,7.87483]},"faces":{"north":{"uv":[4.75,11.75,5.75,12.75],"texture":"#main"},"east":{"uv":[10.5,8,11.625,9],"texture":"#main"},"south":{"uv":[11.75,7.25,12.75,8.25],"texture":"#main"},"west":{"uv":[1.5,10.75,2.625,11.75],"texture":"#main"},"up":{"uv":[11,11.875,10,10.75],"texture":"#main"},"down":{"uv":[1,11,0,12.125],"texture":"#main"}}},{"from":[-11.7,11.96956,8.04882],"to":[-7.7472,16.02118,12.3969],"rotation":{"angle":45,"axis":"z","origin":[3.27639,21.24261,8.12517]},"faces":{"north":{"uv":[11.75,2.25,12.75,3.25],"texture":"#main"},"east":{"uv":[10.5,3,11.625,4],"texture":"#main"},"south":{"uv":[11.75,3.25,12.75,4.25],"texture":"#main"},"west":{"uv":[10.5,4,11.625,5],"texture":"#main"},"up":{"uv":[6,11.625,5,10.5],"texture":"#main"},"down":{"uv":[11.5,5,10.5,6.125],"texture":"#main"}}},{"from":[21.7851,12.336,3.6281],"to":[25.7379,16.38762,7.97618],"rotation":{"angle":-45,"axis":"z","origin":[10.19507,21.34261,7.87483]},"faces":{"north":{"uv":[11.5,5,12.5,6],"texture":"#main"},"east":{"uv":[5,9.5,6.125,10.5],"texture":"#main"},"south":{"uv":[1,11.75,2,12.75],"texture":"#main"},"west":{"uv":[9.5,9,10.625,10],"texture":"#main"},"up":{"uv":[9,11.125,8,10],"texture":"#main"},"down":{"uv":[10,10,9,11.125],"texture":"#main"}}},{"from":[21.7851,16.336,5.8281],"to":[25.7379,20.38762,10.17618],"rotation":{"angle":-45,"axis":"z","origin":[10.19507,21.34261,7.87483]},"faces":{"north":{"uv":[9.25,12,10.25,13],"texture":"#main"},"east":{"uv":[6,11,7.125,12],"texture":"#main"},"south":{"uv":[12,9.25,13,10.25],"texture":"#main"},"west":{"uv":[11,6.25,12.125,7.25],"texture":"#main"},"up":{"uv":[12,11.875,11,10.75],"texture":"#main"},"down":{"uv":[12.25,1,11.25,2.125],"texture":"#main"}}},{"from":[21.7851,12.336,7.97382],"to":[25.7379,16.38762,12.3219],"rotation":{"angle":-45,"axis":"z","origin":[10.19507,21.34261,8.12517]},"faces":{"north":{"uv":[5.75,12,6.75,13],"texture":"#main"},"east":{"uv":[10.75,9,11.875,10],"texture":"#main"},"south":{"uv":[12,8.25,13,9.25],"texture":"#main"},"west":{"uv":[11,0,12.125,1],"texture":"#main"},"up":{"uv":[3.75,12.125,2.75,11],"texture":"#main"},"down":{"uv":[4.75,11,3.75,12.125],"texture":"#main"}}}],"display":{"head":{"translation":[1,-36.75,0],"scale":[0.75,0.75,0.75]}},"groups":[{"name":"roserade","origin":[0.06208,16.48322,1.00145],"color":0,"children":[{"name":"body","origin":[0.53792,0,0],"color":0,"children":[0,1,2,3]},{"name":"head","origin":[-0.21208,21.5375,-0.4],"color":0,"children":[4,5,6,7,8,9,10,11,12]},{"name":"legs","origin":[2.93792,12.925,0.0375],"color":0,"children":[13,14,15,16]},{"name":"armL","origin":[-4.49861,25.34261,-0.12517],"color":0,"children":[17,18,19,20,21,22,23]},{"name":"armR","origin":[3.19507,25.34261,-0.12517],"color":0,"children":[24,25,26]}]}]}