{"credit":"Made with Blockbench","texture_size":[32,32],"textures":{"particle":"pokemon/rufflet","main":"pokemon/rufflet"},"elements":[{"from":[-3.325,2.85,-1.9],"to":[3.325,8.55,5.7],"rotation":{"angle":0,"axis":"y","origin":[-15.2,0.95,-13.3]},"faces":{"north":{"uv":[7,1.5,8.75,3],"texture":"#main"},"east":{"uv":[0,7,2,8.5],"texture":"#main"},"south":{"uv":[7,3,8.75,4.5],"texture":"#main"},"west":{"uv":[7,0,9,1.5],"texture":"#main"},"up":{"uv":[5.75,8,4,6],"texture":"#main"},"down":{"uv":[7.75,6,6,8],"texture":"#main"}}},{"from":[-4.75,2.85,-0.95],"to":[-2.85,7.6,4.75],"rotation":{"angle":22.5,"axis":"x","origin":[-4.75,5.225,1.9]},"faces":{"north":{"uv":[0,8.5,0.5,9.75],"texture":"#main"},"east":{"uv":[7,4.5,8.5,5.75],"texture":"#main"},"south":{"uv":[0.5,8.5,1,9.75],"texture":"#main"},"west":{"uv":[2,8,3.5,9.25],"texture":"#main"},"up":{"uv":[8.5,8.5,8,7],"texture":"#main"},"down":{"uv":[8,8,7.5,9.5],"texture":"#main"}}},{"from":[2.85,2.85,-0.95],"to":[4.75,7.6,4.75],"rotation":{"angle":22.5,"axis":"x","origin":[4.75,5.225,1.9]},"faces":{"north":{"uv":[0.5,8.5,0,9.75],"texture":"#main"},"east":{"uv":[3.5,8,2,9.25],"texture":"#main"},"south":{"uv":[1,8.5,0.5,9.75],"texture":"#main"},"west":{"uv":[8.5,4.5,7,5.75],"texture":"#main"},"up":{"uv":[8,8.5,8.5,7],"texture":"#main"},"down":{"uv":[7.5,8,8,9.5],"texture":"#main"}}},{"from":[-3.8,6.175,4.275],"to":[3.8,6.175,11.875],"rotation":{"angle":-22.5,"axis":"x","origin":[0,8.55,9.5]},"faces":{"north":{"uv":[0,0,2,0],"texture":"#main"},"east":{"uv":[0,0,2,0],"texture":"#main"},"south":{"uv":[0,0,2,0],"texture":"#main"},"west":{"uv":[0,0,2,0],"texture":"#main"},"up":{"uv":[5,2,3,0],"texture":"#main"},"down":{"uv":[5,0,3,2],"texture":"#main"}}},{"from":[-3.705,7.98,-3.135],"to":[3.705,15.39,4.275],"rotation":{"angle":0,"axis":"y","origin":[-19.76,0,-17.86]},"faces":{"north":{"uv":[3,4,5,6],"texture":"#main"},"east":{"uv":[0,5,2,7],"texture":"#main"},"south":{"uv":[5,0,7,2],"texture":"#main"},"west":{"uv":[5,2,7,4],"texture":"#main"},"up":{"uv":[7,6,5,4],"texture":"#main"},"down":{"uv":[4,6,2,8],"texture":"#main"}}},{"from":[-0.95,9.025,-4.75],"to":[0.95,10.925,-2.85],"rotation":{"angle":0,"axis":"y","origin":[-15.2,0,-13.3]},"faces":{"north":{"uv":[9,0,9.5,0.5],"texture":"#main"},"east":{"uv":[9,0.5,9.5,1],"texture":"#main"},"south":{"uv":[9,1,9.5,1.5],"texture":"#main"},"west":{"uv":[9,1.5,9.5,2],"texture":"#main"},"up":{"uv":[9.5,2.5,9,2],"texture":"#main"},"down":{"uv":[9.5,2.5,9,3],"texture":"#main"}}},{"from":[0,7.98,-6.365],"to":[0,12.16,-3.135],"rotation":{"angle":0,"axis":"y","origin":[-15.2,0,-13.3]},"faces":{"north":{"uv":[0,0,0,1.5],"texture":"#main"},"east":{"uv":[5.5,8,4.5,9.5],"texture":"#main"},"south":{"uv":[0,0,0,1.5],"texture":"#main"},"west":{"uv":[4.5,8,5.5,9.5],"texture":"#main"},"up":{"uv":[0,1,0,0],"texture":"#main"},"down":{"uv":[0,0,0,1],"texture":"#main"}}},{"from":[-1.805,13.3,-3.1825],"to":[1.805,16.91,-3.1825],"rotation":{"angle":0,"axis":"y","origin":[-19.76,0,-17.86]},"faces":{"north":{"uv":[2,5,3,6],"texture":"#main"},"east":{"uv":[0,0,0,1],"texture":"#main"},"south":{"uv":[2,5,3,6],"texture":"#main"},"west":{"uv":[0,0,0,1],"texture":"#main"},"up":{"uv":[1,0,0,0],"texture":"#main"},"down":{"uv":[1,0,0,0],"texture":"#main"}}},{"from":[-1.805,16.91,-3.1825],"to":[1.805,20.52,-3.1825],"rotation":{"angle":22.5,"axis":"x","origin":[0,16.91,-3.1825]},"faces":{"north":{"uv":[8,6,9,7],"texture":"#main"},"east":{"uv":[0,0,0,1],"texture":"#main"},"south":{"uv":[8,6,9,7],"texture":"#main"},"west":{"uv":[0,0,0,1],"texture":"#main"},"up":{"uv":[1,0,0,0],"texture":"#main"},"down":{"uv":[1,0,0,0],"texture":"#main"}}},{"from":[-2.85,0,0],"to":[-0.95,2.85,1.9],"rotation":{"angle":0,"axis":"y","origin":[-15.2,0,-13.3]},"faces":{"north":{"uv":[1,8.5,1.5,9.25],"texture":"#main"},"east":{"uv":[1.5,8.5,2,9.25],"texture":"#main"},"south":{"uv":[8.5,4.5,9,5.25],"texture":"#main"},"west":{"uv":[8.5,7,9,7.75],"texture":"#main"},"up":{"uv":[9,6,8.5,5.5],"texture":"#main"},"down":{"uv":[8.5,8.5,8,9],"texture":"#main"}}},{"from":[-3.23,0,-1.7575],"to":[-3.23,1.9,0.1425],"rotation":{"angle":22.5,"axis":"y","origin":[-3.325,0.95,-0.95]},"faces":{"north":{"uv":[0,0,0,0.5],"texture":"#main"},"east":{"uv":[8.5,8,9,8.5],"texture":"#main"},"south":{"uv":[0,0,0,0.5],"texture":"#main"},"west":{"uv":[8.5,8.5,9,9],"texture":"#main"},"up":{"uv":[0,0.5,0,0],"texture":"#main"},"down":{"uv":[0,0,0,0.5],"texture":"#main"}}},{"from":[-1.9,0,-1.9],"to":[-1.9,1.9,0],"rotation":{"angle":0,"axis":"y","origin":[-15.2,0,-13.3]},"faces":{"north":{"uv":[0,0,0,0.5],"texture":"#main"},"east":{"uv":[8.5,8,9,8.5],"texture":"#main"},"south":{"uv":[0,0,0,0.5],"texture":"#main"},"west":{"uv":[8.5,8.5,9,9],"texture":"#main"},"up":{"uv":[0,0.5,0,0],"texture":"#main"},"down":{"uv":[0,0,0,0.5],"texture":"#main"}}},{"from":[-0.57,0,-1.9],"to":[-0.57,1.9,0],"rotation":{"angle":-22.5,"axis":"y","origin":[-0.95,0.95,-0.95]},"faces":{"north":{"uv":[0,0,0,0.5],"texture":"#main"},"east":{"uv":[8.5,8,9,8.5],"texture":"#main"},"south":{"uv":[0,0,0,0.5],"texture":"#main"},"west":{"uv":[8.5,8.5,9,9],"texture":"#main"},"up":{"uv":[0,0.5,0,0],"texture":"#main"},"down":{"uv":[0,0,0,0.5],"texture":"#main"}}},{"from":[0.95,0,0],"to":[2.85,2.85,1.9],"rotation":{"angle":0,"axis":"y","origin":[15.2,0,-13.3]},"faces":{"north":{"uv":[1.5,8.5,1,9.25],"texture":"#main"},"east":{"uv":[9,7,8.5,7.75],"texture":"#main"},"south":{"uv":[9,4.5,8.5,5.25],"texture":"#main"},"west":{"uv":[2,8.5,1.5,9.25],"texture":"#main"},"up":{"uv":[8.5,6,9,5.5],"texture":"#main"},"down":{"uv":[8,8.5,8.5,9],"texture":"#main"}}},{"from":[0.57,0,-1.9],"to":[0.57,1.9,0],"rotation":{"angle":22.5,"axis":"y","origin":[0.95,0.95,-0.95]},"faces":{"north":{"uv":[0,0,0,0.5],"texture":"#main"},"east":{"uv":[9,8.5,8.5,9],"texture":"#main"},"south":{"uv":[0,0,0,0.5],"texture":"#main"},"west":{"uv":[9,8,8.5,8.5],"texture":"#main"},"up":{"uv":[0,0.5,0,0],"texture":"#main"},"down":{"uv":[0,0,0,0.5],"texture":"#main"}}},{"from":[1.9,0,-1.9],"to":[1.9,1.9,0],"rotation":{"angle":0,"axis":"y","origin":[15.2,0,-13.3]},"faces":{"north":{"uv":[0,0,0,0.5],"texture":"#main"},"east":{"uv":[9,8.5,8.5,9],"texture":"#main"},"south":{"uv":[0,0,0,0.5],"texture":"#main"},"west":{"uv":[9,8,8.5,8.5],"texture":"#main"},"up":{"uv":[0,0.5,0,0],"texture":"#main"},"down":{"uv":[0,0,0,0.5],"texture":"#main"}}},{"from":[3.23,0,-1.7575],"to":[3.23,1.9,0.1425],"rotation":{"angle":-22.5,"axis":"y","origin":[3.325,0.95,-0.95]},"faces":{"north":{"uv":[0,0,0,0.5],"texture":"#main"},"east":{"uv":[9,8.5,8.5,9],"texture":"#main"},"south":{"uv":[0,0,0,0.5],"texture":"#main"},"west":{"uv":[9,8,8.5,8.5],"texture":"#main"},"up":{"uv":[0,0.5,0,0],"texture":"#main"},"down":{"uv":[0,0,0,0.5],"texture":"#main"}}}],"display":{"head":{"translation":[7.25,-35.75,6.5],"scale":[0.9,0.9,0.9]}},"groups":[{"name":"Rufflet","origin":[0,0,0],"color":0,"children":[{"name":"body","origin":[0,3.00833,0.95],"color":0,"children":[0,1,2,{"name":"tail","origin":[0,4.38546,5.76734],"color":0,"children":[3]},{"name":"head","origin":[0,8.80752,0.59415],"color":0,"children":[4,5,6,7,8]}]},{"name":"leg_l","origin":[-1.89541,2.87375,1.01018],"color":0,"children":[9,10,11,12]},{"name":"leg_r","origin":[1.89541,2.77875,0.82018],"color":0,"children":[13,14,15,16]}]}]}