{"credit":"Made with Blockbench","textures":{"main":"pokemon/sewaddle"},"elements":[{"from":[-1.7,-0.01114,-1.16337],"to":[1.7,3.38886,6.91163],"rotation":{"angle":0,"axis":"y","origin":[-13.6,-0.01114,-13.06337]},"faces":{"north":{"uv":[10,9,12,11],"texture":"#main"},"east":{"uv":[0,4,5,6],"texture":"#main"},"south":{"uv":[0,11,2,13],"texture":"#main"},"west":{"uv":[5,4,10,6],"texture":"#main"},"up":{"uv":[2,11,0,6],"texture":"#main"},"down":{"uv":[4,6,2,11],"texture":"#main"}}},{"from":[-1.513,4.46836,-7.00797],"to":[-0.0595,5.92186,-5.55447],"rotation":{"angle":0,"axis":"y","origin":[-15.504,-0.01114,-14.96737]},"faces":{"north":{"uv":[10,11,11,12],"texture":"#main"},"east":{"uv":[11,11,12,12],"texture":"#main"},"south":{"uv":[12,0,13,1],"texture":"#main"},"west":{"uv":[12,1,13,2],"texture":"#main"},"up":{"uv":[3,13,2,12],"texture":"#main"},"down":{"uv":[13,2,12,3],"texture":"#main"}}},{"from":[0.0595,4.46836,-7.00797],"to":[1.513,5.92186,-5.55447],"rotation":{"angle":0,"axis":"y","origin":[15.504,-0.01114,-14.96737]},"faces":{"north":{"uv":[11,11,10,12],"texture":"#main"},"east":{"uv":[13,1,12,2],"texture":"#main"},"south":{"uv":[13,0,12,1],"texture":"#main"},"west":{"uv":[12,11,11,12],"texture":"#main"},"up":{"uv":[2,13,3,12],"texture":"#main"},"down":{"uv":[12,2,13,3],"texture":"#main"}}},{"from":[-1.275,-0.01114,-7.11337],"to":[1.275,1.68886,-6.26337],"rotation":{"angle":0,"axis":"y","origin":[-13.6,-0.01114,-13.06337]},"faces":{"north":{"uv":[6,3,7.5,4],"texture":"#main"},"east":{"uv":[13,3,13.5,4],"texture":"#main"},"south":{"uv":[8,3,9.5,4],"texture":"#main"},"west":{"uv":[4,13,4.5,14],"texture":"#main"},"up":{"uv":[8.5,12.5,7,12],"texture":"#main"},"down":{"uv":[10.5,12,9,12.5],"texture":"#main"}}},{"from":[-2.55,-0.01114,-6.26337],"to":[2.55,5.08886,-1.16337],"rotation":{"angle":0,"axis":"y","origin":[-13.6,-0.01114,-13.06337]},"faces":{"north":{"uv":[6,0,9,3],"texture":"#main"},"east":{"uv":[4,6,7,9],"texture":"#main"},"south":{"uv":[7,6,10,9],"texture":"#main"},"west":{"uv":[9,0,12,3],"texture":"#main"},"up":{"uv":[7,12,4,9],"texture":"#main"},"down":{"uv":[10,9,7,12],"texture":"#main"}}},{"from":[2.55,1.68886,-1.16337],"to":[7.65,6.78886,-1.16337],"rotation":{"angle":45,"axis":"y","origin":[2.55,3.38886,-1.16337]},"faces":{"north":{"uv":[13,3,10,6],"texture":"#main"},"east":{"uv":[0,0,0,3],"texture":"#main"},"south":{"uv":[10,3,13,6],"texture":"#main"},"west":{"uv":[0,0,0,3],"texture":"#main"},"up":{"uv":[0,0,3,0],"texture":"#main"},"down":{"uv":[0,0,3,0],"texture":"#main"}}},{"from":[-2.55,5.08886,-1.16337],"to":[2.55,11.88886,-1.16337],"rotation":{"angle":-22.5,"axis":"x","origin":[0,5.08886,-1.16337]},"faces":{"north":{"uv":[0,0,3,4],"texture":"#main"},"east":{"uv":[0,0,0,4],"texture":"#main"},"south":{"uv":[0,0,3,4],"texture":"#main"},"west":{"uv":[0,0,0,4],"texture":"#main"},"up":{"uv":[3,0,0,0],"texture":"#main"},"down":{"uv":[3,0,0,0],"texture":"#main"}}},{"from":[-7.65,1.68886,-1.16337],"to":[-2.55,6.78886,-1.16337],"rotation":{"angle":-45,"axis":"y","origin":[-2.55,3.38886,-1.16337]},"faces":{"north":{"uv":[10,3,13,6],"texture":"#main"},"east":{"uv":[0,0,0,3],"texture":"#main"},"south":{"uv":[13,3,10,6],"texture":"#main"},"west":{"uv":[0,0,0,3],"texture":"#main"},"up":{"uv":[3,0,0,0],"texture":"#main"},"down":{"uv":[3,0,0,0],"texture":"#main"}}},{"from":[-2.55,-0.01114,-0.22837],"to":[-1.7,1.26386,1.04663],"rotation":{"angle":0,"axis":"y","origin":[-13.6,-0.01114,-13.06337]},"faces":{"north":{"uv":[12,9,12.5,10],"texture":"#main"},"east":{"uv":[2,11,3,12],"texture":"#main"},"south":{"uv":[12,10,12.5,11],"texture":"#main"},"west":{"uv":[3,11,4,12],"texture":"#main"},"up":{"uv":[11.5,13,11,12],"texture":"#main"},"down":{"uv":[12.5,11,12,12],"texture":"#main"}}},{"from":[-2.55,-0.01114,4.87163],"to":[-1.7,1.26386,6.14663],"rotation":{"angle":0,"axis":"y","origin":[-13.6,-0.01114,-13.06337]},"faces":{"north":{"uv":[13,1,13.5,2],"texture":"#main"},"east":{"uv":[5,12,6,13],"texture":"#main"},"south":{"uv":[2,13,2.5,14],"texture":"#main"},"west":{"uv":[6,12,7,13],"texture":"#main"},"up":{"uv":[13.5,3,13,2],"texture":"#main"},"down":{"uv":[3.5,13,3,14],"texture":"#main"}}},{"from":[-2.55,-0.01114,2.32163],"to":[-1.7,1.26386,3.59663],"rotation":{"angle":0,"axis":"y","origin":[-13.6,-0.01114,-13.06337]},"faces":{"north":{"uv":[12,12,12.5,13],"texture":"#main"},"east":{"uv":[3,12,4,13],"texture":"#main"},"south":{"uv":[0,13,0.5,14],"texture":"#main"},"west":{"uv":[4,12,5,13],"texture":"#main"},"up":{"uv":[13.5,1,13,0],"texture":"#main"},"down":{"uv":[1.5,13,1,14],"texture":"#main"}}},{"from":[1.7,-0.01114,-0.22837],"to":[2.55,1.26386,1.04663],"rotation":{"angle":0,"axis":"y","origin":[13.6,-0.01114,-13.06337]},"faces":{"north":{"uv":[12.5,9,12,10],"texture":"#main"},"east":{"uv":[4,11,3,12],"texture":"#main"},"south":{"uv":[12.5,10,12,11],"texture":"#main"},"west":{"uv":[3,11,2,12],"texture":"#main"},"up":{"uv":[11,13,11.5,12],"texture":"#main"},"down":{"uv":[12,11,12.5,12],"texture":"#main"}}},{"from":[1.7,-0.01114,2.32163],"to":[2.55,1.26386,3.59663],"rotation":{"angle":0,"axis":"y","origin":[13.6,-0.01114,-13.06337]},"faces":{"north":{"uv":[12.5,12,12,13],"texture":"#main"},"east":{"uv":[5,12,4,13],"texture":"#main"},"south":{"uv":[0.5,13,0,14],"texture":"#main"},"west":{"uv":[4,12,3,13],"texture":"#main"},"up":{"uv":[13,1,13.5,0],"texture":"#main"},"down":{"uv":[1,13,1.5,14],"texture":"#main"}}},{"from":[1.7,-0.01114,4.87163],"to":[2.55,1.26386,6.14663],"rotation":{"angle":0,"axis":"y","origin":[13.6,-0.01114,-13.06337]},"faces":{"north":{"uv":[13.5,1,13,2],"texture":"#main"},"east":{"uv":[7,12,6,13],"texture":"#main"},"south":{"uv":[2.5,13,2,14],"texture":"#main"},"west":{"uv":[6,12,5,13],"texture":"#main"},"up":{"uv":[13,3,13.5,2],"texture":"#main"},"down":{"uv":[3,13,3.5,14],"texture":"#main"}}}],"display":{"head":{"translation":[8,-35,8]}},"groups":[{"name":"Sweaddle","origin":[0,0.01591,-0.76662],"color":0,"children":[{"name":"body","origin":[0,1.68886,2.87413],"color":0,"children":[0,{"name":"head","origin":[0,1.52057,-1.31094],"color":0,"children":[1,2,3,4,5,6,7]},{"name":"leg_l","origin":[-1.625,0.62636,2.95913],"color":0,"children":[8,9,10]},{"name":"leg_r","origin":[1.625,0.62636,2.95913],"color":0,"children":[11,12,13]}]}]}]}