{"parent":"physical_parent","textures":{"main":"pokemon/staryu"},"elements":[{"from":[6,2,6],"to":[11,7,13],"faces":{"east":{"uv":[1.5,0,3.25,1.25],"texture":"#main"},"south":{"uv":[0,0,1.25,1.25],"texture":"#main"},"north":{"uv":[0,0,1.25,1.25],"texture":"#main"},"west":{"uv":[1.5,0,3.25,1.25],"texture":"#main"},"up":{"uv":[1.5,0,3.25,1.25],"texture":"#main","rotation":90},"down":{"uv":[1.5,0,3.25,1.25],"texture":"#main","rotation":90}}},{"from":[6,7,8],"to":[11,12,11],"faces":{"east":{"uv":[0,2.75,0.75,3.5],"texture":"#main"},"south":{"uv":[0,1.75,1.25,2.5],"texture":"#main"},"north":{"uv":[0,1.75,1.25,2.5],"texture":"#main"},"west":{"uv":[1.5,1.75,2.25,2.5],"texture":"#main"},"up":{"uv":[0,1.75,1.25,2.5],"texture":"#main"}}},{"rotation":{"origin":[0.9402259,10.52937,9.504858],"angle":-45,"axis":"z"},"from":[0.4402,9.0294,8.0049],"to":[3.4402,12.0294,11.0049],"faces":{"south":{"uv":[0,3.75,0.75,4.5],"texture":"#main","rotation":90},"north":{"uv":[0,3.75,0.75,4.5],"texture":"#main","rotation":270},"west":{"uv":[2,3.75,2.75,4.5],"texture":"#main","rotation":180},"up":{"uv":[0,3.75,0.75,4.5],"texture":"#main","rotation":90},"down":{"uv":[0,3.75,0.75,4.5],"texture":"#main","rotation":90}}},{"rotation":{"origin":[12.46447,7,9.511],"angle":-45,"axis":"z"},"from":[9.964499,4.5,8.011],"to":[14.9645,9.5,11.011],"faces":{"east":{"uv":[0,2.75,0.75,3.5],"texture":"#main"},"south":{"uv":[0,1.75,1.25,2.5],"texture":"#main"},"north":{"uv":[0,1.75,1.25,2.5],"texture":"#main"},"west":{"uv":[1.5,1.75,2.25,2.5],"texture":"#main"},"up":{"uv":[0,1.75,1.25,2.5],"texture":"#main"}}},{"rotation":{"origin":[11.2705,1.643195,9.499719],"angle":22.5,"axis":"z"},"from":[8.7705,-0.8568,7.9997],"to":[13.7705,5.1432,10.9997],"faces":{"east":{"uv":[0,2.75,0.75,3.5],"texture":"#main"},"south":{"uv":[0,1.75,1.25,2.5],"texture":"#main"},"north":{"uv":[0,1.75,1.25,2.5],"texture":"#main","rotation":180},"west":{"uv":[1.5,1.75,2.25,2.5],"texture":"#main"},"down":{"uv":[0,1.75,1.25,2.5],"texture":"#main"}}},{"rotation":{"origin":[6.360393,1.743924,9.482285],"angle":-22.5,"axis":"z"},"from":[3.8604,-0.7561,7.9823],"to":[8.8604,5.2439,10.9823],"faces":{"east":{"uv":[1.5,1.75,2.25,2.5],"texture":"#main"},"south":{"uv":[0,1.75,1.25,2.5],"texture":"#main"},"north":{"uv":[0,1.75,1.25,2.5],"texture":"#main","rotation":180},"west":{"uv":[0,2.75,0.75,3.5],"texture":"#main"},"down":{"uv":[0,1.75,1.25,2.5],"texture":"#main"}}},{"from":[7,12,8],"to":[10,15,11],"faces":{"east":{"uv":[0,3.75,0.75,4.5],"texture":"#main","rotation":180},"south":{"uv":[0,3.75,0.75,4.5],"texture":"#main","rotation":180},"north":{"uv":[0,3.75,0.75,4.5],"texture":"#main","rotation":180},"west":{"uv":[0,3.75,0.75,4.5],"texture":"#main","rotation":180},"up":{"uv":[2,3.75,2.75,4.5],"texture":"#main","rotation":180}}},{"rotation":{"origin":[4.464466,7,9.51],"angle":-45,"axis":"z"},"from":[1.9645,4.5,8.01],"to":[6.9645,9.5,11.01],"faces":{"south":{"uv":[0,1.75,1.25,2.5],"texture":"#main","rotation":270},"north":{"uv":[0,1.75,1.25,2.5],"texture":"#main","rotation":90},"west":{"uv":[0,1.75,1.25,2.5],"texture":"#main","rotation":90},"up":{"uv":[0,2.75,0.75,3.5],"texture":"#main"},"down":{"uv":[0,2.75,0.75,3.5],"texture":"#main","rotation":90}}},{"rotation":{"origin":[16.00256,10.53123,9.512733],"angle":-45,"axis":"z"},"from":[14.5026,8.031199,8.0127],"to":[17.5026,11.0312,11.0127],"faces":{"east":{"uv":[0,3.75,0.75,4.5],"texture":"#main","rotation":180},"south":{"uv":[0,3.75,0.75,4.5],"texture":"#main","rotation":180},"north":{"uv":[0,3.75,0.75,4.5],"texture":"#main","rotation":180},"west":{"uv":[0,3.75,0.75,4.5],"texture":"#main","rotation":180},"up":{"uv":[2,3.75,2.75,4.5],"texture":"#main","rotation":180}}},{"rotation":{"origin":[13.56056,-3.896078,9.501762],"angle":22.5,"axis":"z"},"from":[12.0606,-3.3961,8.0018],"to":[15.0606,-0.3960998,11.0018],"faces":{"east":{"uv":[0,3.75,0.75,4.5],"texture":"#main"},"south":{"uv":[0,3.75,0.75,4.5],"texture":"#main","rotation":180},"north":{"uv":[0,3.75,0.75,4.5],"texture":"#main"},"west":{"uv":[0,3.75,0.75,4.5],"texture":"#main"},"down":{"uv":[2,3.75,2.75,4.5],"texture":"#main","rotation":180}}},{"rotation":{"origin":[4.058267,-3.803379,9.492329],"angle":-22.5,"axis":"z"},"from":[2.5583,-3.3034,7.9923],"to":[5.5583,-0.3033998,10.9923],"faces":{"east":{"uv":[0,3.75,0.75,4.5],"texture":"#main"},"south":{"uv":[0,3.75,0.75,4.5],"texture":"#main","rotation":180},"north":{"uv":[0,3.75,0.75,4.5],"texture":"#main"},"west":{"uv":[0,3.75,0.75,4.5],"texture":"#main"},"down":{"uv":[2,3.75,2.75,4.5],"texture":"#main","rotation":180}}},{"from":[5,1,7],"to":[12,8,12],"faces":{"east":{"uv":[3.75,0,5,1.75],"texture":"#main"},"south":{"uv":[3.5,0,5.25,1.75],"texture":"#main"},"north":{"uv":[3.5,0,5.25,1.75],"texture":"#main"},"west":{"uv":[3.75,0,5,1.75],"texture":"#main"},"up":{"uv":[3.5,0.25,5.25,1.5],"texture":"#main","rotation":180},"down":{"uv":[3.5,0.25,5.25,1.5],"texture":"#main","rotation":180}}}],"display":{"head":{"translation":[-0.46,-32,-2.086]}}}