{"parent":"physical_parent","textures":{"main":"pokemon/sunkern"},"texture_size":[48,48],"elements":[{"from":[5,0,5],"to":[11,9,11],"faces":{"east":{"uv":[7.33333,0,9.33333,3],"texture":"#main"},"south":{"uv":[4.66667,7.66667,6.66667,10.66667],"texture":"#main"},"north":{"uv":[2.66667,7.33333,4.66667,10.33333],"texture":"#main"},"west":{"uv":[6.66667,7.66667,8.66667,10.66667],"texture":"#main"},"up":{"uv":[7.33333,3,9.33333,5],"texture":"#main"},"down":{"uv":[8,5,10,7],"texture":"#main"}}},{"from":[4,1,4],"to":[12,8,12],"faces":{"east":{"uv":[4.66667,2.33333,7.33333,4.66667],"texture":"#main"},"south":{"uv":[10,9.66633,15.33267,14.33267],"texture":"#main"},"north":{"uv":[4.66667,0,7.33333,2.33333],"texture":"#main"},"west":{"uv":[0,7.33333,2.66667,9.66667],"texture":"#main"},"up":{"uv":[0,4.66667,2.66667,7.33333],"texture":"#main"},"down":{"uv":[2.66667,4.66667,5.33333,7.33333],"texture":"#main"}}},{"rotation":{"origin":[8.00436,9.49301,12.00261],"angle":22.5,"axis":"x"},"from":[4,7.75,12.5],"to":[12,10.5,12.5],"faces":{"south":{"uv":[4,11.33333,9.666,13.33333],"texture":"#main"}}},{"rotation":{"origin":[7.99564,9.49301,3.99739],"angle":-22.5,"axis":"x"},"from":[4,7.75,3.5],"to":[12,10.5,3.5],"faces":{"north":{"uv":[4,11.33333,9.66633,13.33333],"texture":"#main"}}},{"rotation":{"origin":[7.99564,9.49301,3.99739],"angle":-22.5,"axis":"z"},"from":[12.24303,9.25,4.00175],"to":[12.24303,12,12.00175],"faces":{"east":{"uv":[4,11.33333,9.66633,13.33333],"texture":"#main"}}},{"rotation":{"origin":[8.00436,9.49301,3.99739],"angle":22.5,"axis":"z"},"from":[3.75697,9.25,4.00175],"to":[3.75697,12,12.00175],"faces":{"west":{"uv":[4,11.33333,9.66633,13.33333],"texture":"#main"}}},{"from":[7.5,8,7.5],"to":[8.5,12,8.5],"faces":{"east":{"uv":[9,9.66667,9.33333,11],"texture":"#main"},"south":{"uv":[9.33333,9.66667,9.66667,11],"texture":"#main"},"north":{"uv":[8.66667,9.66667,9,11],"texture":"#main"},"west":{"uv":[9.66667,9.66667,10,11],"texture":"#main"},"up":{"uv":[5.33333,4.66667,5.66667,5],"texture":"#main"},"down":{"uv":[5.33333,5,5.66667,5.33333],"texture":"#main"}}},{"rotation":{"origin":[7.99302,11.99999,8.00699],"angle":0,"axis":"z"},"from":[1,12,4.5],"to":[15,12,11.5],"faces":{"up":{"uv":[0,0,4.66667,2.33333],"texture":"#main"}}}],"display":{"head":{"rotation":[0,-180,0],"translation":[0,-33.5,0],"scale":[1.2,1.2,1.2]}},"credit":"Made with Blockbench"}