{"credit":"Made with Blockbench","texture_size":[32,32],"textures":{"particle":"pokemon/swanna","main":"pokemon/swanna"},"elements":[{"from":[4.4,2.41141,6.96939],"to":[7.2,4.01141,10.56939],"rotation":{"angle":0,"axis":"y","origin":[-4.8,-1.18859,-1.83061]},"faces":{"north":{"uv":[5.5,8,6.5,8.5],"texture":"#main"},"east":{"uv":[2.5,7,3.75,7.5],"texture":"#main"},"south":{"uv":[9,2,10,2.5],"texture":"#main"},"west":{"uv":[4,8,5.25,8.5],"texture":"#main"},"up":{"uv":[14,3.25,13,2],"texture":"#main"},"down":{"uv":[14,3.5,13,4.75],"texture":"#main"}}},{"from":[5.2,0.01141,8.16939],"to":[6.4,2.81141,9.36939],"rotation":{"angle":0,"axis":"y","origin":[-4.8,0.01141,-1.83061]},"faces":{"north":{"uv":[11.5,5.5,12,6.5],"texture":"#main"},"east":{"uv":[3.5,12.5,4,13.5],"texture":"#main"},"south":{"uv":[6.5,13,7,14],"texture":"#main"},"west":{"uv":[1,14,1.5,15],"texture":"#main"},"up":{"uv":[12,7,11.5,6.5],"texture":"#main"},"down":{"uv":[10.5,12,10,12.5],"texture":"#main"}}},{"from":[4.4,0.01141,5.36939],"to":[7.2,0.01141,8.16939],"rotation":{"angle":0,"axis":"y","origin":[-4.8,0.01141,-1.83061]},"faces":{"north":{"uv":[0,0,1,0],"texture":"#main"},"east":{"uv":[0,0,1,0],"texture":"#main"},"south":{"uv":[0,0,1,0],"texture":"#main"},"west":{"uv":[0,0,1,0],"texture":"#main"},"up":{"uv":[3.5,14.5,2.5,13.5],"texture":"#main"},"down":{"uv":[4.5,13.5,3.5,14.5],"texture":"#main"}}},{"from":[8.8,2.41141,6.96939],"to":[11.6,4.01141,10.56939],"rotation":{"angle":0,"axis":"y","origin":[20.8,-1.18859,-1.83061]},"faces":{"north":{"uv":[6.5,8,5.5,8.5],"texture":"#main"},"east":{"uv":[5.25,8,4,8.5],"texture":"#main"},"south":{"uv":[10,2,9,2.5],"texture":"#main"},"west":{"uv":[3.75,7,2.5,7.5],"texture":"#main"},"up":{"uv":[13,3.25,14,2],"texture":"#main"},"down":{"uv":[13,3.5,14,4.75],"texture":"#main"}}},{"from":[9.6,0.01141,8.16939],"to":[10.8,2.81141,9.36939],"rotation":{"angle":0,"axis":"y","origin":[20.8,0.01141,-1.83061]},"faces":{"north":{"uv":[12,5.5,11.5,6.5],"texture":"#main"},"east":{"uv":[1.5,14,1,15],"texture":"#main"},"south":{"uv":[7,13,6.5,14],"texture":"#main"},"west":{"uv":[4,12.5,3.5,13.5],"texture":"#main"},"up":{"uv":[11.5,7,12,6.5],"texture":"#main"},"down":{"uv":[10,12,10.5,12.5],"texture":"#main"}}},{"from":[8.8,0.01141,5.36939],"to":[11.6,0.01141,8.16939],"rotation":{"angle":0,"axis":"y","origin":[20.8,0.01141,-1.83061]},"faces":{"north":{"uv":[1,0,0,0],"texture":"#main"},"east":{"uv":[1,0,0,0],"texture":"#main"},"south":{"uv":[1,0,0,0],"texture":"#main"},"west":{"uv":[1,0,0,0],"texture":"#main"},"up":{"uv":[2.5,14.5,3.5,13.5],"texture":"#main"},"down":{"uv":[3.5,13.5,4.5,14.5],"texture":"#main"}}},{"from":[4,4.01141,2.96939],"to":[12,11.61141,15.36939],"rotation":{"angle":0,"axis":"y","origin":[-4.8,-1.18859,-1.83061]},"faces":{"north":{"uv":[0,5,2.5,7.5],"texture":"#main"},"east":{"uv":[0,0,4,2.5],"texture":"#main"},"south":{"uv":[6.5,0,9,2.5],"texture":"#main"},"west":{"uv":[0,2.5,4,5],"texture":"#main"},"up":{"uv":[6.5,4,4,0],"texture":"#main"},"down":{"uv":[6.5,4,4,8],"texture":"#main"}}},{"from":[4.8,11.61141,15.36939],"to":[11.2,16.41141,15.36939],"rotation":{"angle":22.5,"axis":"x","origin":[8,11.61141,15.36939]},"faces":{"north":{"uv":[8.5,7,10.5,8.5],"texture":"#main"},"east":{"uv":[0,0,0,1.5],"texture":"#main"},"south":{"uv":[8.5,7,10.5,8.5],"texture":"#main"},"west":{"uv":[0,0,0,1.5],"texture":"#main"},"up":{"uv":[2,0,0,0],"texture":"#main"},"down":{"uv":[2,0,0,0],"texture":"#main"}}},{"from":[4.08,4.81141,1.36939],"to":[7.68,10.41141,4.56939],"rotation":{"angle":0,"axis":"y","origin":[-4.32,-1.18859,-1.83061]},"faces":{"north":{"uv":[2.5,5,3.75,6.75],"texture":"#main"},"east":{"uv":[8.5,10,9.5,11.75],"texture":"#main"},"south":{"uv":[7,10,8.25,11.75],"texture":"#main"},"west":{"uv":[3,10.5,4,12.25],"texture":"#main"},"up":{"uv":[6.25,14,5,13],"texture":"#main"},"down":{"uv":[14.25,5,13,6],"texture":"#main"}}},{"from":[8.32,4.81141,1.36939],"to":[11.92,10.41141,4.56939],"rotation":{"angle":0,"axis":"y","origin":[20.32,-1.18859,-1.83061]},"faces":{"north":{"uv":[3.75,5,2.5,6.75],"texture":"#main"},"east":{"uv":[4,10.5,3,12.25],"texture":"#main"},"south":{"uv":[8.25,10,7,11.75],"texture":"#main"},"west":{"uv":[9.5,10,8.5,11.75],"texture":"#main"},"up":{"uv":[5,14,6.25,13],"texture":"#main"},"down":{"uv":[13,5,14.25,6],"texture":"#main"}}},{"from":[6,7.29141,1.76939],"to":[10,12.89141,5.76939],"rotation":{"angle":-22.5,"axis":"x","origin":[8,9.61141,2.96939]},"faces":{"north":{"uv":[0,10.5,1.25,12.25],"texture":"#main"},"east":{"uv":[1.5,10.5,2.75,12.25],"texture":"#main"},"south":{"uv":[10.5,7,11.75,8.75],"texture":"#main"},"west":{"uv":[10.5,9,11.75,10.75],"texture":"#main"},"up":{"uv":[13.25,12.75,12,11.5],"texture":"#main"},"down":{"uv":[1.25,12.5,0,13.75],"texture":"#main"}}},{"from":[6.4,11.49141,0.88939],"to":[9.6,16.69141,4.08939],"rotation":{"angle":22.5,"axis":"x","origin":[8,12.21141,2.68939]},"faces":{"north":{"uv":[12,0,13,1.75],"texture":"#main"},"east":{"uv":[12,2,13,3.75],"texture":"#main"},"south":{"uv":[12,5.5,13,7.25],"texture":"#main"},"west":{"uv":[7,12,8,13.75],"texture":"#main"},"up":{"uv":[11,14.5,10,13.5],"texture":"#main"},"down":{"uv":[12,13.5,11,14.5],"texture":"#main"}}},{"from":[6.56,15.39509,1.9973],"to":[9.44,20.99509,5.1973],"rotation":{"angle":-22.5,"axis":"x","origin":[8,16.79856,4.16709]},"faces":{"north":{"uv":[12,7.5,13,9.25],"texture":"#main"},"east":{"uv":[8,12,9,13.75],"texture":"#main"},"south":{"uv":[9,12,10,13.75],"texture":"#main"},"west":{"uv":[12,9.5,13,11.25],"texture":"#main"},"up":{"uv":[14.5,12.5,13.5,11.5],"texture":"#main"},"down":{"uv":[1,14,0,15],"texture":"#main"}}},{"from":[6,19.49141,-0.71061],"to":[10,22.69141,3.68939],"rotation":{"angle":0,"axis":"y","origin":[-4.8,-3.30859,-3.51061]},"faces":{"north":{"uv":[13,6,14.25,7],"texture":"#main"},"east":{"uv":[13,0,14.5,1],"texture":"#main"},"south":{"uv":[13,7,14.25,8],"texture":"#main"},"west":{"uv":[13,1,14.5,2],"texture":"#main"},"up":{"uv":[11.75,12.5,10.5,11],"texture":"#main"},"down":{"uv":[12.75,4,11.5,5.5],"texture":"#main"}}},{"from":[6,22.69141,0.72939],"to":[10,25.89141,0.72939],"rotation":{"angle":22.5,"axis":"x","origin":[8,22.69141,0.88939]},"faces":{"north":{"uv":[13,8,14.25,9],"texture":"#main"},"east":{"uv":[0,0,0,1],"texture":"#main"},"south":{"uv":[13,8,14.25,9],"texture":"#main"},"west":{"uv":[0,0,0,1],"texture":"#main"},"up":{"uv":[1.25,0,0,0],"texture":"#main"},"down":{"uv":[1.25,0,0,0],"texture":"#main"}}},{"from":[7.2,19.49141,-3.91061],"to":[8.8,20.69141,-0.71061],"rotation":{"angle":0,"axis":"y","origin":[-4.8,-3.30859,-3.51061]},"faces":{"north":{"uv":[4.5,13.5,5,14],"texture":"#main"},"east":{"uv":[10,2,11,2.5],"texture":"#main"},"south":{"uv":[13.5,12.5,14,13],"texture":"#main"},"west":{"uv":[11,2,12,2.5],"texture":"#main"},"up":{"uv":[8,15,7.5,14],"texture":"#main"},"down":{"uv":[8.5,14,8,15],"texture":"#main"}}},{"from":[5.2,20.05141,0.48939],"to":[7.2,23.09141,2.88939],"rotation":{"angle":-22.5,"axis":"x","origin":[6.2,22.09141,2.08939]},"faces":{"north":{"uv":[14,2,14.75,3],"texture":"#main"},"east":{"uv":[14,3,14.75,4],"texture":"#main"},"south":{"uv":[14,4,14.75,5],"texture":"#main"},"west":{"uv":[4.5,14,5.25,15],"texture":"#main"},"up":{"uv":[6.25,14.75,5.5,14],"texture":"#main"},"down":{"uv":[7.25,14,6.5,14.75],"texture":"#main"}}},{"from":[8.8,20.05141,0.48939],"to":[10.8,23.09141,2.88939],"rotation":{"angle":-22.5,"axis":"x","origin":[9.8,22.09141,2.08939]},"faces":{"north":{"uv":[14.75,2,14,3],"texture":"#main"},"east":{"uv":[5.25,14,4.5,15],"texture":"#main"},"south":{"uv":[14.75,4,14,5],"texture":"#main"},"west":{"uv":[14.75,3,14,4],"texture":"#main"},"up":{"uv":[5.5,14.75,6.25,14],"texture":"#main"},"down":{"uv":[6.5,14,7.25,14.75],"texture":"#main"}}},{"from":[4.6,11.01141,3.76939],"to":[6.6,15.41141,13.76939],"rotation":{"angle":45,"axis":"z","origin":[5.6,10.61141,8.76939]},"faces":{"north":{"uv":[13,10,13.75,11.5],"texture":"#main"},"east":{"uv":[8.5,2.5,11.75,4],"texture":"#main"},"south":{"uv":[12,13,12.75,14.5],"texture":"#main"},"west":{"uv":[4,8.5,7.25,10],"texture":"#main"},"up":{"uv":[10.25,11.75,9.5,8.5],"texture":"#main"},"down":{"uv":[4.75,10,4,13.25],"texture":"#main"}}},{"from":[-2.85766,11.57737,3.80939],"to":[3.54234,13.57737,13.72939],"rotation":{"angle":22.5,"axis":"z","origin":[0.34234,12.57737,8.76939]},"faces":{"north":{"uv":[1.5,12.5,3.5,13.25],"texture":"#main"},"east":{"uv":[9,0,12,0.75],"texture":"#main"},"south":{"uv":[10,12.5,12,13.25],"texture":"#main"},"west":{"uv":[9,1,12,1.75],"texture":"#main"},"up":{"uv":[2,10.5,0,7.5],"texture":"#main"},"down":{"uv":[4,7.5,2,10.5],"texture":"#main"}}},{"from":[-3.4,7.97141,3.84939],"to":[-1.4,12.37141,13.68939],"rotation":{"angle":22.5,"axis":"z","origin":[-2.4,10.61141,8.76939]},"faces":{"north":{"uv":[13,13,13.75,14.5],"texture":"#main"},"east":{"uv":[8.5,4,11.5,5.5],"texture":"#main"},"south":{"uv":[1.5,13.5,2.25,15],"texture":"#main"},"west":{"uv":[8.5,5.5,11.5,7],"texture":"#main"},"up":{"uv":[5.75,13,5,10],"texture":"#main"},"down":{"uv":[6.75,10,6,13],"texture":"#main"}}},{"from":[-8,8.05141,4.64939],"to":[-1.6,8.05141,14.48939],"rotation":{"angle":22.5,"axis":"z","origin":[-2.4,11.81141,8.76939]},"faces":{"north":{"uv":[0,0,2,0],"texture":"#main"},"east":{"uv":[0,0,3,0],"texture":"#main"},"south":{"uv":[0,0,2,0],"texture":"#main"},"west":{"uv":[0,0,3,0],"texture":"#main"},"up":{"uv":[8.5,5.5,6.5,2.5],"texture":"#main"},"down":{"uv":[8.5,2.5,6.5,5.5],"texture":"#main"}}},{"from":[9.4,11.01141,3.76939],"to":[11.4,15.41141,13.76939],"rotation":{"angle":-45,"axis":"z","origin":[10.4,10.61141,8.76939]},"faces":{"north":{"uv":[13.75,10,13,11.5],"texture":"#main"},"east":{"uv":[7.25,8.5,4,10],"texture":"#main"},"south":{"uv":[12.75,13,12,14.5],"texture":"#main"},"west":{"uv":[11.75,2.5,8.5,4],"texture":"#main"},"up":{"uv":[9.5,11.75,10.25,8.5],"texture":"#main"},"down":{"uv":[4,10,4.75,13.25],"texture":"#main"}}},{"from":[12.45766,11.57737,3.80939],"to":[18.85766,13.57737,13.72939],"rotation":{"angle":-22.5,"axis":"z","origin":[15.65766,12.57737,8.76939]},"faces":{"north":{"uv":[3.5,12.5,1.5,13.25],"texture":"#main"},"east":{"uv":[12,1,9,1.75],"texture":"#main"},"south":{"uv":[12,12.5,10,13.25],"texture":"#main"},"west":{"uv":[12,0,9,0.75],"texture":"#main"},"up":{"uv":[0,10.5,2,7.5],"texture":"#main"},"down":{"uv":[2,7.5,4,10.5],"texture":"#main"}}},{"from":[17.4,7.97141,3.84939],"to":[19.4,12.37141,13.68939],"rotation":{"angle":-22.5,"axis":"z","origin":[18.4,10.61141,8.76939]},"faces":{"north":{"uv":[13.75,13,13,14.5],"texture":"#main"},"east":{"uv":[11.5,5.5,8.5,7],"texture":"#main"},"south":{"uv":[2.25,13.5,1.5,15],"texture":"#main"},"west":{"uv":[11.5,4,8.5,5.5],"texture":"#main"},"up":{"uv":[5,13,5.75,10],"texture":"#main"},"down":{"uv":[6,10,6.75,13],"texture":"#main"}}},{"from":[19.84,8.05141,4.64939],"to":[26.24,8.05141,14.48939],"rotation":{"angle":-22.5,"axis":"z","origin":[18.4,11.81141,8.76939]},"faces":{"north":{"uv":[2,0,0,0],"texture":"#main"},"east":{"uv":[3,0,0,0],"texture":"#main"},"south":{"uv":[2,0,0,0],"texture":"#main"},"west":{"uv":[3,0,0,0],"texture":"#main"},"up":{"uv":[6.5,5.5,8.5,2.5],"texture":"#main"},"down":{"uv":[6.5,2.5,8.5,5.5],"texture":"#main"}}}],"display":{"head":{"translation":[0,-35,0]}},"groups":[{"name":"Swanna","origin":[0,-0.01901,0.38434],"color":0,"children":[{"name":"leg_l","origin":[-2.2,4.04474,0.85273],"color":0,"children":[0,1,2]},{"name":"leg_r","origin":[2.2,4.04474,0.70273],"color":0,"children":[3,4,5]},{"name":"body","origin":[0,3.96573,0.849],"color":0,"children":[6,7,8,9,{"name":"neck","origin":[0,10.32326,-3.97182],"color":0,"children":[10,11,{"name":"head","origin":[0.36,15.69846,-3.63845],"color":0,"children":[12,13,14,15,16,17]}]},{"name":"wing_l","origin":[-2.84392,11.19853,0.96939],"color":0,"children":[18,19,20,21]},{"name":"wing_r","origin":[3.09392,11.19853,0.96939],"color":0,"children":[22,23,24,25]}]}]}]}