{"credit":"Made with Blockbench","texture_size":[64,64],"textures":{"main":"pokemon/unfezant_m"},"elements":[{"from":[-2.478,7.04319,-2.19376],"to":[2.478,11.29119,2.05424],"rotation":{"angle":-45,"axis":"x","origin":[0,4.09949,-1.83924]},"faces":{"north":{"uv":[7,2.25,8.25,3.25],"texture":"#main"},"east":{"uv":[6.25,7.5,7.25,8.5],"texture":"#main"},"south":{"uv":[7,3.25,8.25,4.25],"texture":"#main"},"west":{"uv":[7.5,6.25,8.5,7.25],"texture":"#main"},"up":{"uv":[8.25,5.25,7,4.25],"texture":"#main"},"down":{"uv":[4.25,7.25,3,8.25],"texture":"#main"}}},{"from":[-2.832,5.934,-4.168],"to":[2.832,10.182,2.912],"rotation":{"angle":0,"axis":"y","origin":[0,4.09949,-1.83924]},"faces":{"north":{"uv":[6,6.5,7.375,7.5],"texture":"#main"},"east":{"uv":[6.25,1.25,8,2.25],"texture":"#main"},"south":{"uv":[1.5,6.75,2.875,7.75],"texture":"#main"},"west":{"uv":[6.5,0,8.25,1],"texture":"#main"},"up":{"uv":[6.125,3,4.75,1.25],"texture":"#main"},"down":{"uv":[2.875,5,1.5,6.75],"texture":"#main"}}},{"from":[-1.93874,9.29196,-6.6773],"to":[1.93874,18.17264,-2.73728],"rotation":{"angle":0,"axis":"y","origin":[0,10.0223,-4.70729]},"faces":{"north":{"uv":[3,5,4,7.25],"texture":"#main"},"east":{"uv":[4,5,5,7.25],"texture":"#main"},"south":{"uv":[5,5,6,7.25],"texture":"#main"},"west":{"uv":[6,3,7,5.25],"texture":"#main"},"up":{"uv":[6.25,8.5,5.25,7.5],"texture":"#main"},"down":{"uv":[8.5,5.25,7.5,6.25],"texture":"#main"}}},{"from":[0,13.1069,-11.30526],"to":[0,16.48406,-6.6773],"rotation":{"angle":0,"axis":"y","origin":[0,4.34546,-1.51959]},"faces":{"north":{"uv":[0,0,0,0.875],"texture":"#main"},"east":{"uv":[8,1,9.125,1.875],"texture":"#main"},"south":{"uv":[0,0,0,0.875],"texture":"#main"},"west":{"uv":[8.25,0,9.375,0.875],"texture":"#main"},"up":{"uv":[0,1.125,0,0],"texture":"#main"},"down":{"uv":[0,0,0,1.125],"texture":"#main"}}},{"from":[1.96126,14.79196,-7.6273],"to":[1.96126,19.67264,1.31272],"rotation":{"angle":0,"axis":"y","origin":[0,10.0223,-4.70729]},"faces":{"north":{"uv":[0,0,0,1.25],"texture":"#main"},"east":{"uv":[6,3.75,3.75,5],"texture":"#main"},"south":{"uv":[0,0,0,1.25],"texture":"#main"},"west":{"uv":[3.75,3.75,6,5],"texture":"#main"},"up":{"uv":[0,2.25,0,0],"texture":"#main"},"down":{"uv":[0,0,0,2.25],"texture":"#main"}}},{"from":[-1.96126,14.79196,-7.6273],"to":[-1.96126,19.67264,1.31272],"rotation":{"angle":0,"axis":"y","origin":[0,10.0223,-4.70729]},"faces":{"north":{"uv":[0,0,0,1.25],"texture":"#main"},"east":{"uv":[6,3.75,3.75,5],"texture":"#main"},"south":{"uv":[0,0,0,1.25],"texture":"#main"},"west":{"uv":[3.75,3.75,6,5],"texture":"#main"},"up":{"uv":[0,2.25,0,0],"texture":"#main"},"down":{"uv":[0,0,0,2.25],"texture":"#main"}}},{"from":[-1.93874,18.37555,-6.33111],"to":[-0.56126,18.37555,-2.39109],"rotation":{"angle":-22.5,"axis":"x","origin":[-1.25,18.39196,-5.70729]},"faces":{"north":{"uv":[0,0,0.375,0],"texture":"#main"},"east":{"uv":[0,0,1,0],"texture":"#main"},"south":{"uv":[0,0,0.375,0],"texture":"#main"},"west":{"uv":[0,0,1,0],"texture":"#main"},"up":{"uv":[8.875,6,8.5,5],"texture":"#main"},"down":{"uv":[5.875,8.5,5.5,9.5],"texture":"#main"}}},{"from":[-1.93874,19.6385,-2.65298],"to":[-0.56126,19.6385,1.28704],"rotation":{"angle":0,"axis":"y","origin":[-1.25,19.64399,-2.65606]},"faces":{"north":{"uv":[0,0,0.375,0],"texture":"#main"},"east":{"uv":[0,0,1,0],"texture":"#main"},"south":{"uv":[0,0,0.375,0],"texture":"#main"},"west":{"uv":[0,0,1,0],"texture":"#main"},"up":{"uv":[6.375,9.5,6,8.5],"texture":"#main"},"down":{"uv":[8.875,6,8.5,7],"texture":"#main"}}},{"from":[-1.93874,19.6635,1.27202],"to":[-0.56126,19.6635,5.21204],"rotation":{"angle":45,"axis":"x","origin":[-1.25,19.6385,1.26703]},"faces":{"north":{"uv":[0,0,0.375,0],"texture":"#main"},"east":{"uv":[0,0,1,0],"texture":"#main"},"south":{"uv":[0,0,0.375,0],"texture":"#main"},"west":{"uv":[0,0,1,0],"texture":"#main"},"up":{"uv":[6.875,9.5,6.5,8.5],"texture":"#main"},"down":{"uv":[7.375,8.5,7,9.5],"texture":"#main"}}},{"from":[-1.93874,12.93434,4.09199],"to":[-0.56126,16.87436,4.09199],"rotation":{"angle":22.5,"axis":"x","origin":[-1.25,16.86657,4.07432]},"faces":{"north":{"uv":[7.5,8.5,7.875,9.5],"texture":"#main"},"east":{"uv":[0,0,0,1],"texture":"#main"},"south":{"uv":[0.75,8.75,1.125,9.75],"texture":"#main"},"west":{"uv":[0,0,0,1],"texture":"#main"},"up":{"uv":[0.375,0,0,0],"texture":"#main"},"down":{"uv":[0.375,0,0,0],"texture":"#main"}}},{"from":[-1.93874,13.24024,-1.3554],"to":[-0.56126,13.24024,2.58462],"rotation":{"angle":-22.5,"axis":"x","origin":[-1.25,13.24573,2.58771]},"faces":{"north":{"uv":[0,0,0.375,0],"texture":"#main"},"east":{"uv":[0,0,1,0],"texture":"#main"},"south":{"uv":[0,0,0.375,0],"texture":"#main"},"west":{"uv":[0,0,1,0],"texture":"#main"},"up":{"uv":[1.625,9.75,1.25,8.75],"texture":"#main"},"down":{"uv":[2.125,8.75,1.75,9.75],"texture":"#main"}}},{"from":[0.56126,18.37555,-6.33111],"to":[1.93874,18.37555,-2.39109],"rotation":{"angle":-22.5,"axis":"x","origin":[1.25,18.39196,-5.70729]},"faces":{"north":{"uv":[0.375,0,0,0],"texture":"#main"},"east":{"uv":[1,0,0,0],"texture":"#main"},"south":{"uv":[0.375,0,0,0],"texture":"#main"},"west":{"uv":[1,0,0,0],"texture":"#main"},"up":{"uv":[8.5,6,8.875,5],"texture":"#main"},"down":{"uv":[5.5,8.5,5.875,9.5],"texture":"#main"}}},{"from":[0.56126,19.6385,-2.65298],"to":[1.93874,19.6385,1.28704],"rotation":{"angle":0,"axis":"y","origin":[1.25,19.64399,-2.65606]},"faces":{"north":{"uv":[0.375,0,0,0],"texture":"#main"},"east":{"uv":[1,0,0,0],"texture":"#main"},"south":{"uv":[0.375,0,0,0],"texture":"#main"},"west":{"uv":[1,0,0,0],"texture":"#main"},"up":{"uv":[6,9.5,6.375,8.5],"texture":"#main"},"down":{"uv":[8.5,6,8.875,7],"texture":"#main"}}},{"from":[0.56126,19.6635,1.27202],"to":[1.93874,19.6635,5.21204],"rotation":{"angle":45,"axis":"x","origin":[1.25,19.6385,1.26703]},"faces":{"north":{"uv":[0.375,0,0,0],"texture":"#main"},"east":{"uv":[1,0,0,0],"texture":"#main"},"south":{"uv":[0.375,0,0,0],"texture":"#main"},"west":{"uv":[1,0,0,0],"texture":"#main"},"up":{"uv":[6.5,9.5,6.875,8.5],"texture":"#main"},"down":{"uv":[7,8.5,7.375,9.5],"texture":"#main"}}},{"from":[0.56126,12.93434,4.09199],"to":[1.93874,16.87436,4.09199],"rotation":{"angle":22.5,"axis":"x","origin":[1.25,16.86657,4.07432]},"faces":{"north":{"uv":[7.875,8.5,7.5,9.5],"texture":"#main"},"east":{"uv":[0,0,0,1],"texture":"#main"},"south":{"uv":[1.125,8.75,0.75,9.75],"texture":"#main"},"west":{"uv":[0,0,0,1],"texture":"#main"},"up":{"uv":[0,0,0.375,0],"texture":"#main"},"down":{"uv":[0,0,0.375,0],"texture":"#main"}}},{"from":[0.56126,13.24024,-1.3554],"to":[1.93874,13.24024,2.58462],"rotation":{"angle":-22.5,"axis":"x","origin":[1.25,13.24573,2.58771]},"faces":{"north":{"uv":[0.375,0,0,0],"texture":"#main"},"east":{"uv":[1,0,0,0],"texture":"#main"},"south":{"uv":[0.375,0,0,0],"texture":"#main"},"west":{"uv":[1,0,0,0],"texture":"#main"},"up":{"uv":[1.25,9.75,1.625,8.75],"texture":"#main"},"down":{"uv":[1.75,8.75,2.125,9.75],"texture":"#main"}}},{"from":[-2.832,5.24821,5.32075],"to":[2.832,5.24821,15.34475],"rotation":{"angle":-45,"axis":"x","origin":[0,4.80749,-1.83924]},"faces":{"north":{"uv":[0,0,1.375,0],"texture":"#main"},"east":{"uv":[0,0,2.5,0],"texture":"#main"},"south":{"uv":[0,0,1.375,0],"texture":"#main"},"west":{"uv":[0,0,2.5,0],"texture":"#main"},"up":{"uv":[4.625,3.75,3.25,1.25],"texture":"#main"},"down":{"uv":[1.375,3.75,0,6.25],"texture":"#main"}}},{"from":[0,14.15026,-2.21758],"to":[0,19.02838,3.66118],"rotation":{"angle":-22.5,"axis":"x","origin":[0,15.7992,-0.67348]},"faces":{"north":{"uv":[0,0,0,1.25],"texture":"#main"},"east":{"uv":[6,5.25,7.5,6.5],"texture":"#main"},"south":{"uv":[0,0,0,1.25],"texture":"#main"},"west":{"uv":[0,6.25,1.5,7.5],"texture":"#main"},"up":{"uv":[0,1.5,0,0],"texture":"#main"},"down":{"uv":[0,0,0,1.5],"texture":"#main"}}},{"from":[2.8674,6.288,-4.876],"to":[2.8674,11.536,7.396],"rotation":{"angle":0,"axis":"y","origin":[0,4.09949,-1.83924]},"faces":{"north":{"uv":[0,0,0,1.25],"texture":"#main"},"east":{"uv":[0,2.5,3.125,3.75],"texture":"#main"},"south":{"uv":[0,0,0,1.25],"texture":"#main"},"west":{"uv":[3.25,0,6.375,1.25],"texture":"#main"},"up":{"uv":[0,3.125,0,0],"texture":"#main"},"down":{"uv":[0,0,0,3.125],"texture":"#main"}}},{"from":[-2.8674,6.288,-4.876],"to":[-2.8674,11.536,7.396],"rotation":{"angle":0,"axis":"y","origin":[0,4.09949,-1.83924]},"faces":{"north":{"uv":[0,0,0,1.25],"texture":"#main"},"east":{"uv":[0,0,3.125,1.25],"texture":"#main"},"south":{"uv":[0,0,0,1.25],"texture":"#main"},"west":{"uv":[0,1.25,3.125,2.5],"texture":"#main"},"up":{"uv":[0,3.125,0,0],"texture":"#main"},"down":{"uv":[0,0,0,3.125],"texture":"#main"}}},{"from":[-2.582,2.934,-1.918],"to":[-0.068,7.182,2.162],"rotation":{"angle":-45,"axis":"x","origin":[0,4.09949,-1.83924]},"faces":{"north":{"uv":[2,7.75,2.625,8.75],"texture":"#main"},"east":{"uv":[4.25,7.25,5.25,8.25],"texture":"#main"},"south":{"uv":[8.25,2,8.875,3],"texture":"#main"},"west":{"uv":[0,7.5,1,8.5],"texture":"#main"},"up":{"uv":[3.375,9.25,2.75,8.25],"texture":"#main"},"down":{"uv":[8.875,3,8.25,4],"texture":"#main"}}},{"from":[-2.332,3.03486,-1.065],"to":[-0.168,6.28286,1.515],"rotation":{"angle":0,"axis":"y","origin":[-1.25,3.15886,1.875]},"faces":{"north":{"uv":[5.5,3,6,3.75],"texture":"#main"},"east":{"uv":[4.75,3,5.375,3.75],"texture":"#main"},"south":{"uv":[5,8.5,5.5,9.25],"texture":"#main"},"west":{"uv":[6.25,2.25,6.875,3],"texture":"#main"},"up":{"uv":[9.5,3.375,9,2.75],"texture":"#main"},"down":{"uv":[9.5,3.5,9,4.125],"texture":"#main"}}},{"from":[-1.7656,0.029,-0.28],"to":[-1.093,3.184,0.428],"rotation":{"angle":0,"axis":"y","origin":[-1.4293,1.6065,0.074]},"faces":{"north":{"uv":[0.5,9.25,0.625,10],"texture":"#main"},"east":{"uv":[4.75,9.25,4.875,10],"texture":"#main"},"south":{"uv":[5,9.25,5.125,10],"texture":"#main"},"west":{"uv":[5.25,9.25,5.375,10],"texture":"#main"},"up":{"uv":[6.625,1.125,6.5,1],"texture":"#main"},"down":{"uv":[6.875,1,6.75,1.125],"texture":"#main"}}},{"from":[-1.4156,0.029,0.445],"to":[-1.4156,2.184,2.403],"rotation":{"angle":0,"axis":"y","origin":[-1.4293,1.6065,2.749]},"faces":{"north":{"uv":[0,0,0,0.5],"texture":"#main"},"east":{"uv":[9,6.75,9.5,7.25],"texture":"#main"},"south":{"uv":[0,0,0,0.5],"texture":"#main"},"west":{"uv":[9,7.25,9.5,7.75],"texture":"#main"},"up":{"uv":[0,0.5,0,0],"texture":"#main"},"down":{"uv":[0,0,0,0.5],"texture":"#main"}}},{"from":[-1.5906,0.029,-2.23],"to":[-1.5906,2.184,-0.272],"rotation":{"angle":22.5,"axis":"y","origin":[-1.6043,1.6065,0.074]},"faces":{"north":{"uv":[0,0,0,0.5],"texture":"#main"},"east":{"uv":[9,7.75,9.5,8.25],"texture":"#main"},"south":{"uv":[0,0,0,0.5],"texture":"#main"},"west":{"uv":[8,9,8.5,9.5],"texture":"#main"},"up":{"uv":[0,0.5,0,0],"texture":"#main"},"down":{"uv":[0,0,0,0.5],"texture":"#main"}}},{"from":[-1.4156,0.029,-2.23],"to":[-1.4156,2.184,-0.272],"rotation":{"angle":0,"axis":"y","origin":[-1.4293,1.6065,0.074]},"faces":{"north":{"uv":[0,0,0,0.5],"texture":"#main"},"east":{"uv":[9,5.75,9.5,6.25],"texture":"#main"},"south":{"uv":[0,0,0,0.5],"texture":"#main"},"west":{"uv":[9,6.25,9.5,6.75],"texture":"#main"},"up":{"uv":[0,0.5,0,0],"texture":"#main"},"down":{"uv":[0,0,0,0.5],"texture":"#main"}}},{"from":[-1.2656,0.029,-2.23],"to":[-1.2656,2.184,-0.272],"rotation":{"angle":-22.5,"axis":"y","origin":[-1.4293,1.6065,0.074]},"faces":{"north":{"uv":[0,0,0,0.5],"texture":"#main"},"east":{"uv":[9,8.25,9.5,8.75],"texture":"#main"},"south":{"uv":[0,0,0,0.5],"texture":"#main"},"west":{"uv":[8.5,9,9,9.5],"texture":"#main"},"up":{"uv":[0,0.5,0,0],"texture":"#main"},"down":{"uv":[0,0,0,0.5],"texture":"#main"}}},{"from":[0.068,2.934,-1.918],"to":[2.582,7.182,2.162],"rotation":{"angle":-45,"axis":"x","origin":[0,4.09949,-1.83924]},"faces":{"north":{"uv":[3.5,8.25,4.125,9.25],"texture":"#main"},"east":{"uv":[7.25,7.5,8.25,8.5],"texture":"#main"},"south":{"uv":[8.25,4,8.875,5],"texture":"#main"},"west":{"uv":[1,7.75,2,8.75],"texture":"#main"},"up":{"uv":[4.875,9.25,4.25,8.25],"texture":"#main"},"down":{"uv":[8.875,7.25,8.25,8.25],"texture":"#main"}}},{"from":[0.168,3.03486,-1.065],"to":[2.332,6.28286,1.515],"rotation":{"angle":0,"axis":"y","origin":[1.25,3.15886,1.875]},"faces":{"north":{"uv":[2.25,8.75,2.75,9.5],"texture":"#main"},"east":{"uv":[8.25,8.25,8.875,9],"texture":"#main"},"south":{"uv":[9,2,9.5,2.75],"texture":"#main"},"west":{"uv":[0,8.5,0.625,9.25],"texture":"#main"},"up":{"uv":[9.5,4.875,9,4.25],"texture":"#main"},"down":{"uv":[9.5,5,9,5.625],"texture":"#main"}}},{"from":[1.093,0.029,-0.28],"to":[1.7656,3.184,0.428],"rotation":{"angle":0,"axis":"y","origin":[1.4293,1.6065,0.074]},"faces":{"north":{"uv":[9,9.25,9.125,10],"texture":"#main"},"east":{"uv":[9.25,9.25,9.375,10],"texture":"#main"},"south":{"uv":[9.5,0,9.625,0.75],"texture":"#main"},"west":{"uv":[9.5,2,9.625,2.75],"texture":"#main"},"up":{"uv":[7.125,1.125,7,1],"texture":"#main"},"down":{"uv":[7.375,1,7.25,1.125],"texture":"#main"}}},{"from":[1.4156,0.029,0.445],"to":[1.4156,2.184,2.403],"rotation":{"angle":0,"axis":"y","origin":[1.4293,1.6065,2.749]},"faces":{"north":{"uv":[0,0,0,0.5],"texture":"#main"},"east":{"uv":[9,8.75,9.5,9.25],"texture":"#main"},"south":{"uv":[0,0,0,0.5],"texture":"#main"},"west":{"uv":[0,9.25,0.5,9.75],"texture":"#main"},"up":{"uv":[0,0.5,0,0],"texture":"#main"},"down":{"uv":[0,0,0,0.5],"texture":"#main"}}},{"from":[1.5906,0.029,-2.23],"to":[1.5906,2.184,-0.272],"rotation":{"angle":-22.5,"axis":"y","origin":[1.6043,1.6065,0.074]},"faces":{"north":{"uv":[0,0,0,0.5],"texture":"#main"},"east":{"uv":[9.25,1,9.75,1.5],"texture":"#main"},"south":{"uv":[0,0,0,0.5],"texture":"#main"},"west":{"uv":[9.25,1.5,9.75,2],"texture":"#main"},"up":{"uv":[0,0.5,0,0],"texture":"#main"},"down":{"uv":[0,0,0,0.5],"texture":"#main"}}},{"from":[1.4156,0.029,-2.23],"to":[1.4156,2.184,-0.272],"rotation":{"angle":0,"axis":"y","origin":[1.4293,1.6065,0.074]},"faces":{"north":{"uv":[0,0,0,0.5],"texture":"#main"},"east":{"uv":[2.75,9.25,3.25,9.75],"texture":"#main"},"south":{"uv":[0,0,0,0.5],"texture":"#main"},"west":{"uv":[3.25,9.25,3.75,9.75],"texture":"#main"},"up":{"uv":[0,0.5,0,0],"texture":"#main"},"down":{"uv":[0,0,0,0.5],"texture":"#main"}}},{"from":[1.2656,0.029,-2.23],"to":[1.2656,2.184,-0.272],"rotation":{"angle":22.5,"axis":"y","origin":[1.4293,1.6065,0.074]},"faces":{"north":{"uv":[0,0,0,0.5],"texture":"#main"},"east":{"uv":[3.75,9.25,4.25,9.75],"texture":"#main"},"south":{"uv":[0,0,0,0.5],"texture":"#main"},"west":{"uv":[4.25,9.25,4.75,9.75],"texture":"#main"},"up":{"uv":[0,0.5,0,0],"texture":"#main"},"down":{"uv":[0,0,0,0.5],"texture":"#main"}}}],"display":{"head":{"translation":[8.25,-35.25,7.5]}},"groups":[{"name":"unfezant","origin":[0,-0.0887,-0.41346],"color":0,"children":[{"name":"body","origin":[0,7.49605,-0.39972],"color":0,"children":[0,1,{"name":"head","origin":[0,9.99809,-4.00329],"color":0,"children":[2,3,4,5,{"name":"head_feather_l","origin":[-1.25,18.11453,-6.17047],"color":0,"children":[6,7,8,9,10]},{"name":"head_feather_r","origin":[1.25,18.16453,-6.22047],"color":0,"children":[11,12,13,14,15]},{"name":"tail","origin":[0,10.22602,2.95602],"color":0,"children":[16]},17]},{"name":"wing_r","origin":[2.8674,8.912,-4.865],"color":0,"children":[18]},{"name":"wing_l","origin":[-2.8674,8.912,-4.89],"color":0,"children":[19]}]},{"name":"leg_l","origin":[-1.4293,6.6065,-2.676],"color":0,"children":[20,21,22,23,24,25,26]},{"name":"leg_r","origin":[1.38646,6.40792,-2.66444],"color":0,"children":[27,28,29,30,31,32,33]}]}]}