{"parent":"physical_parent","textures":{"main":"pokemon/voltorb","particle":"pokemon/voltorb"},"elements":[{"from":[4,3,4],"to":[12,11,12],"faces":{"east":{"uv":[0,0,2,2],"texture":"#main"},"south":{"uv":[2.5,0,4.5,2],"texture":"#main"},"north":{"uv":[5,0,7,2],"texture":"#main"},"west":{"uv":[2.5,0,4.5,2],"texture":"#main"},"up":{"uv":[7.25,0,9.25,2],"texture":"#main"},"down":{"uv":[9.5,0,11.5,2],"texture":"#main"}}},{"from":[5,11,5],"to":[11,12,11],"faces":{"east":{"uv":[5.25,0,6.75,0.25],"texture":"#main"},"south":{"uv":[5.25,0,6.75,0.25],"texture":"#main"},"north":{"uv":[5.25,0,6.75,0.25],"texture":"#main"},"west":{"uv":[5.25,0,6.75,0.25],"texture":"#main"},"up":{"uv":[7.5,0.25,9,1.75],"texture":"#main"}}},{"from":[5,2,5],"to":[11,3,11],"faces":{"east":{"uv":[9.75,0.25,11.25,1.75],"texture":"#main"},"south":{"uv":[9.75,0.25,11.25,1.75],"texture":"#main"},"north":{"uv":[9.75,0.25,11.25,1.75],"texture":"#main"},"west":{"uv":[9.75,0.25,11.25,1.75],"texture":"#main"},"up":{"uv":[9.75,0.25,11.25,1.75],"texture":"#main"},"down":{"uv":[9.75,0.25,11.25,1.75],"texture":"#main"}}},{"from":[5,4,3],"to":[11,10,4],"faces":{"east":{"uv":[6.75,0.25,7,1.75],"texture":"#main"},"north":{"uv":[5.25,0.25,6.75,1.75],"texture":"#main"},"west":{"uv":[6.75,0.25,7,1.75],"texture":"#main"},"up":{"uv":[5.25,0.25,7,0.5],"texture":"#main"},"down":{"uv":[9.75,0.25,11.25,1.75],"texture":"#main"}}},{"from":[5,4,12],"to":[11,10,13],"faces":{"east":{"uv":[4.25,0.25,4.5,1.75],"texture":"#main"},"south":{"uv":[2.75,0.25,4.25,1.75],"texture":"#main"},"west":{"uv":[2.5,0.25,2.75,1.75],"texture":"#main"},"up":{"uv":[2.75,0.25,4.25,0.5],"texture":"#main"},"down":{"uv":[9.75,0.25,11.25,1.75],"texture":"#main"}}},{"from":[12,4,5],"to":[13,10,11],"faces":{"east":{"uv":[0.25,0.25,1.75,1.75],"texture":"#main"},"south":{"uv":[0,0.25,0.25,1.75],"texture":"#main"},"north":{"uv":[2.5,0.25,2.75,1.75],"texture":"#main"},"up":{"uv":[0.25,0.25,1.75,0.5],"texture":"#main","rotation":270},"down":{"uv":[9.75,0.25,11.25,1.75],"texture":"#main"}}},{"from":[3,4,5],"to":[4,10,11],"faces":{"south":{"uv":[4.25,0.25,4.5,1.75],"texture":"#main"},"north":{"uv":[2.5,0.25,2.75,1.75],"texture":"#main"},"west":{"uv":[2.75,0.25,4.25,1.75],"texture":"#main"},"up":{"uv":[2.75,0.25,4.25,0.5],"texture":"#main"},"down":{"uv":[9.75,0.25,11.25,1.75],"texture":"#main"}}}],"display":{"head":{"translation":[0,-30.6,0],"scale":[2.3,2.3,2.3]}}}