{"providers":[{"type":"bitmap","file":"minecraft:font/accented.png","height":12,"ascent":10,"chars":["ÀÁÂÃÄÅÆÇÈÉÊËÌÍÎÏ","ÐÑÒÓÔÕÖÙÚÛÜÝàáâã","äåæçìíîïñòóôõöùú","ûüýÿĀāĂăĄąĆćĈĉĊċ","ČčĎďĐđĒēĔĕĖėĘęĚě","ĜĝḠḡĞğĠġĢģĤĥĦħĨĩ","ĪīĬĭĮįİıĴĵĶķĹĺĻļ","ĽľĿŀŁłŃńŅņŇňŊŋŌō","ŎŏŐőŒœŔŕŖŗŘřŚśŜŝ","ŞşŠšŢţŤťŦŧŨũŪūŬŭ","ŮůŰűŲųŴŵŶŷŸŹźŻżŽ","žǼǽǾǿȘșȚțΆΈΉΊΌΎΏ","ΐΪΫάέήίΰϊϋόύώЀЁЃ","ЇЌЍЎЙйѐёђѓїћќѝўџ","ҐґḂḃḊḋḞḟḢḣḰḱṀṁṖṗ","ṠṡṪṫẀẁẂẃẄẅỲỳèéêë","ŉǧǫЏḍḥṛṭẒỊịỌọỤụ№","ȇƔɣʃ⁇ǱǲǳǄǅǆǇǈǊǋǌ","ℹᵫꜲꜳꜴꜵꜶꜷꜸꜺꜼꜽꝎꝏꝠꝡ","ﬄﬆᚡᚵƠơƯưẮắẤấẾếốỚ","ớỨứẰằẦầỀềồỜờỪừẢả","ẲẳẨẩẺẻổỞỂểỈỉỎỏỔở","ỦủỬửỶỷẠạẶặẬậẸẹỆệ","ỘộỢợỰựỴỵỐƕẪẫỖỗữ☞","☜☮ẴẵẼẽỄễỒỠỡỮỸỹҘҙ","ҠҡҪҫǶ\u0000\u0000\u0000\u0000\u0000\u0000\u0000\u0000\u0000\u0000\u0000"]},{"type":"bitmap","file":"minecraft:guf.png","ascent":8,"height":8,"chars":["ꀀ"]},{"type":"bitmap","file":"minecraft:gud.png","ascent":8,"height":8,"chars":["ꀁ"]},{"type":"bitmap","file":"minecraft:gup.png","ascent":8,"height":8,"chars":["ꀂ"]},{"type":"bitmap","file":"minecraft:gum.png","ascent":8,"height":8,"chars":["ꀃ"]},{"type":"bitmap","file":"minecraft:guh.png","ascent":8,"height":8,"chars":["ꀄ"]},{"type":"bitmap","file":"minecraft:gur.png","ascent":8,"height":8,"chars":["ꀅ"]},{"type":"bitmap","file":"minecraft:gug.png","ascent":8,"height":8,"chars":["ꀆ"]},{"type":"bitmap","file":"minecraft:guk.png","ascent":8,"height":8,"chars":["ꀇ"]},{"type":"bitmap","file":"minecraft:gui.png","ascent":8,"height":8,"chars":["ꀈ"]},{"type":"bitmap","file":"minecraft:guj.png","ascent":8,"height":8,"chars":["ꀉ"]},{"type":"bitmap","file":"minecraft:gun.png","ascent":8,"height":8,"chars":["ꀊ"]},{"type":"bitmap","file":"minecraft:guu.png","ascent":8,"height":8,"chars":["ꀋ"]},{"type":"bitmap","file":"minecraft:guq.png","ascent":6,"height":6,"chars":["ꀌ"]},{"type":"bitmap","file":"minecraft:gus.png","ascent":8,"height":8,"chars":["ꀍ"]},{"type":"bitmap","file":"minecraft:gub.png","ascent":8,"height":8,"chars":["ꀎ"]},{"type":"bitmap","file":"minecraft:gul.png","ascent":6,"height":6,"chars":["ꀏ"]},{"type":"bitmap","file":"minecraft:guc.png","ascent":6,"height":6,"chars":["ꀐ"]},{"type":"bitmap","file":"minecraft:gut.png","ascent":8,"height":8,"chars":["ꀑ"]},{"type":"bitmap","file":"minecraft:gua.png","ascent":8,"height":8,"chars":["ꀒ"]},{"type":"bitmap","file":"minecraft:gue.png","ascent":8,"height":8,"chars":["ꀓ"]},{"type":"bitmap","file":"minecraft:gtr.png","ascent":11,"height":16,"chars":["ꀔ"]},{"type":"bitmap","file":"minecraft:gtq.png","ascent":8,"height":8,"chars":["ꀕ"]},{"type":"bitmap","file":"minecraft:gpf.png","ascent":8,"height":8,"chars":["ꀖ"]},{"type":"bitmap","file":"minecraft:gmp.png","ascent":8,"height":8,"chars":["ꀗ"]},{"type":"bitmap","file":"minecraft:gnb.png","ascent":8,"height":8,"chars":["ꀘ"]},{"type":"bitmap","file":"minecraft:gmq.png","ascent":8,"height":8,"chars":["ꀙ"]},{"type":"bitmap","file":"minecraft:gmu.png","ascent":8,"height":8,"chars":["ꀚ"]},{"type":"bitmap","file":"minecraft:guo.png","ascent":8,"height":8,"chars":["ꀛ"]},{"type":"bitmap","file":"minecraft:gtx.png","ascent":8,"height":8,"chars":["ꀜ"]},{"type":"bitmap","file":"minecraft:gpg.png","ascent":8,"height":8,"chars":["ꀝ"]},{"type":"bitmap","file":"minecraft:gms.png","ascent":8,"height":8,"chars":["ꀞ"]},{"type":"bitmap","file":"minecraft:gmx.png","ascent":8,"height":8,"chars":["ꀟ"]},{"type":"bitmap","file":"minecraft:gmv.png","ascent":8,"height":8,"chars":["ꀠ"]},{"type":"bitmap","file":"minecraft:gmt.png","ascent":8,"height":8,"chars":["ꀡ"]},{"type":"bitmap","file":"minecraft:gmw.png","ascent":8,"height":8,"chars":["ꀢ"]},{"type":"bitmap","file":"minecraft:gmr.png","ascent":8,"height":8,"chars":["ꀣ"]},{"type":"bitmap","file":"minecraft:gmo.png","ascent":8,"height":8,"chars":["ꀤ"]},{"type":"bitmap","file":"minecraft:gna.png","ascent":8,"height":8,"chars":["ꀥ"]},{"type":"bitmap","file":"minecraft:jlk.png","ascent":8,"height":8,"chars":["ꀦ"]},{"type":"bitmap","file":"minecraft:jld.png","ascent":8,"height":8,"chars":["ꀧ"]},{"type":"bitmap","file":"minecraft:jli.png","ascent":8,"height":8,"chars":["ꀨ"]},{"type":"bitmap","file":"minecraft:jlh.png","ascent":8,"height":8,"chars":["ꀩ"]},{"type":"bitmap","file":"minecraft:jkx.png","ascent":8,"height":8,"chars":["ꀪ"]},{"type":"bitmap","file":"minecraft:jle.png","ascent":8,"height":8,"chars":["ꀫ"]},{"type":"bitmap","file":"minecraft:jrm.png","ascent":8,"height":8,"chars":["ꀬ"]},{"type":"bitmap","file":"minecraft:gsw.png","ascent":8,"height":10,"chars":["ꀭ"]},{"type":"bitmap","file":"minecraft:grl.png","ascent":8,"height":8,"chars":["ꀮ"]},{"type":"bitmap","file":"minecraft:gqh.png","ascent":8,"height":8,"chars":["ꀯ"]},{"type":"bitmap","file":"minecraft:bhr.png","ascent":7,"height":8,"chars":["ꀰ"]},{"type":"bitmap","file":"minecraft:bit.png","ascent":7,"height":8,"chars":["ꀱ"]},{"type":"bitmap","file":"minecraft:bjr.png","ascent":7,"height":8,"chars":["ꀲ"]},{"type":"bitmap","file":"minecraft:item/filled_map.png","ascent":8,"height":8,"chars":["ꀳ"]},{"type":"bitmap","file":"minecraft:gti.png","ascent":8,"height":8,"chars":["ꀴ"]},{"type":"bitmap","file":"minecraft:gqi.png","ascent":8,"height":8,"chars":["ꀵ"]},{"type":"bitmap","file":"minecraft:gpj.png","ascent":8,"height":8,"chars":["ꀶ"]},{"type":"bitmap","file":"minecraft:gqa.png","ascent":8,"height":8,"chars":["ꀷ"]},{"type":"bitmap","file":"minecraft:gtd.png","ascent":8,"height":8,"chars":["ꀸ"]},{"type":"bitmap","file":"minecraft:gsi.png","ascent":8,"height":8,"chars":["ꀹ"]},{"type":"bitmap","file":"minecraft:gpv.png","ascent":8,"height":8,"chars":["ꀺ"]},{"type":"bitmap","file":"minecraft:gsj.png","ascent":8,"height":8,"chars":["ꀻ"]},{"type":"bitmap","file":"minecraft:gth.png","ascent":8,"height":8,"chars":["ꀼ"]},{"type":"bitmap","file":"minecraft:gsn.png","ascent":8,"height":8,"chars":["ꀽ"]},{"type":"bitmap","file":"minecraft:grn.png","ascent":8,"height":8,"chars":["ꀾ"]},{"type":"bitmap","file":"minecraft:gtk.png","ascent":8,"height":8,"chars":["ꀿ"]},{"type":"bitmap","file":"minecraft:gta.png","ascent":8,"height":8,"chars":["ꁀ"]},{"type":"bitmap","file":"minecraft:gqd.png","ascent":8,"height":8,"chars":["ꁁ"]},{"type":"bitmap","file":"minecraft:gpx.png","ascent":8,"height":8,"chars":["ꁂ"]},{"type":"bitmap","file":"minecraft:gso.png","ascent":8,"height":8,"chars":["ꁃ"]},{"type":"bitmap","file":"minecraft:gsx.png","ascent":8,"height":8,"chars":["ꁄ"]},{"type":"bitmap","file":"minecraft:grm.png","ascent":8,"height":8,"chars":["ꁅ"]},{"type":"bitmap","file":"minecraft:gps.png","ascent":8,"height":8,"chars":["ꁆ"]},{"type":"bitmap","file":"minecraft:gsu.png","ascent":8,"height":8,"chars":["ꁇ"]},{"type":"bitmap","file":"minecraft:grs.png","ascent":8,"height":8,"chars":["ꁈ"]},{"type":"bitmap","file":"minecraft:gst.png","ascent":8,"height":8,"chars":["ꁉ"]},{"type":"bitmap","file":"minecraft:gsp.png","ascent":8,"height":8,"chars":["ꁊ"]},{"type":"bitmap","file":"minecraft:gqe.png","ascent":8,"height":8,"chars":["ꃆ"]},{"type":"bitmap","file":"minecraft:grk.png","ascent":8,"height":8,"chars":["ꁋ"]},{"type":"bitmap","file":"minecraft:gtp.png","ascent":8,"height":8,"chars":["ꁌ"]},{"type":"bitmap","file":"minecraft:gto.png","ascent":8,"height":8,"chars":["ꁍ"]},{"type":"bitmap","file":"minecraft:goq.png","ascent":8,"height":8,"chars":["ꁎ"]},{"type":"bitmap","file":"minecraft:gni.png","ascent":8,"height":8,"chars":["ꁏ"]},{"type":"bitmap","file":"minecraft:gor.png","ascent":8,"height":8,"chars":["ꁐ"]},{"type":"bitmap","file":"minecraft:gpd.png","ascent":8,"height":8,"chars":["ꁑ"]},{"type":"bitmap","file":"minecraft:gnv.png","ascent":8,"height":8,"chars":["ꁒ"]},{"type":"bitmap","file":"minecraft:gnf.png","ascent":8,"height":8,"chars":["ꁓ"]},{"type":"bitmap","file":"minecraft:gpe.png","ascent":8,"height":8,"chars":["ꁔ"]},{"type":"bitmap","file":"minecraft:gng.png","ascent":8,"height":8,"chars":["ꁕ"]},{"type":"bitmap","file":"minecraft:goe.png","ascent":8,"height":8,"chars":["ꁖ"]},{"type":"bitmap","file":"minecraft:goa.png","ascent":8,"height":8,"chars":["ꁗ"]},{"type":"bitmap","file":"minecraft:gns.png","ascent":8,"height":8,"chars":["ꁘ"]},{"type":"bitmap","file":"minecraft:gnc.png","ascent":8,"height":8,"chars":["ꁙ"]},{"type":"bitmap","file":"minecraft:gnx.png","ascent":8,"height":8,"chars":["ꁚ"]},{"type":"bitmap","file":"minecraft:gnh.png","ascent":8,"height":8,"chars":["ꁛ"]},{"type":"bitmap","file":"minecraft:gnj.png","ascent":8,"height":8,"chars":["ꁜ"]},{"type":"bitmap","file":"minecraft:gnq.png","ascent":8,"height":8,"chars":["ꁝ"]},{"type":"bitmap","file":"minecraft:gpc.png","ascent":8,"height":8,"chars":["ꁞ"]},{"type":"bitmap","file":"minecraft:gnn.png","ascent":8,"height":8,"chars":["ꁟ"]},{"type":"bitmap","file":"minecraft:gnw.png","ascent":8,"height":8,"chars":["ꁠ"]},{"type":"bitmap","file":"minecraft:gnp.png","ascent":8,"height":8,"chars":["ꁡ"]},{"type":"bitmap","file":"minecraft:gne.png","ascent":8,"height":8,"chars":["ꁢ"]},{"type":"bitmap","file":"minecraft:gpb.png","ascent":8,"height":8,"chars":["ꁣ"]},{"type":"bitmap","file":"minecraft:gog.png","ascent":8,"height":8,"chars":["ꁤ"]},{"type":"bitmap","file":"minecraft:goc.png","ascent":8,"height":8,"chars":["ꁥ"]},{"type":"bitmap","file":"minecraft:gpa.png","ascent":8,"height":8,"chars":["ꁦ"]},{"type":"bitmap","file":"minecraft:gou.png","ascent":8,"height":8,"chars":["ꁧ"]},{"type":"bitmap","file":"minecraft:gol.png","ascent":8,"height":8,"chars":["ꁨ"]},{"type":"bitmap","file":"minecraft:gnr.png","ascent":8,"height":8,"chars":["ꁩ"]},{"type":"bitmap","file":"minecraft:gob.png","ascent":8,"height":8,"chars":["ꁪ"]},{"type":"bitmap","file":"minecraft:gon.png","ascent":8,"height":8,"chars":["ꁫ"]},{"type":"bitmap","file":"minecraft:gnl.png","ascent":8,"height":8,"chars":["ꁬ"]},{"type":"bitmap","file":"minecraft:gno.png","ascent":8,"height":8,"chars":["ꁭ"]},{"type":"bitmap","file":"minecraft:gok.png","ascent":8,"height":8,"chars":["ꁮ"]},{"type":"bitmap","file":"minecraft:gnm.png","ascent":8,"height":8,"chars":["ꁯ"]},{"type":"bitmap","file":"minecraft:gnk.png","ascent":8,"height":8,"chars":["ꁰ"]},{"type":"bitmap","file":"minecraft:gos.png","ascent":8,"height":8,"chars":["ꁱ"]},{"type":"bitmap","file":"minecraft:gnt.png","ascent":8,"height":8,"chars":["ꁲ"]},{"type":"bitmap","file":"minecraft:goj.png","ascent":8,"height":8,"chars":["ꁳ"]},{"type":"bitmap","file":"minecraft:gom.png","ascent":8,"height":8,"chars":["ꁴ"]},{"type":"bitmap","file":"minecraft:gof.png","ascent":8,"height":8,"chars":["ꁵ"]},{"type":"bitmap","file":"minecraft:gop.png","ascent":8,"height":8,"chars":["ꁶ"]},{"type":"bitmap","file":"minecraft:gnu.png","ascent":8,"height":8,"chars":["ꁷ"]},{"type":"bitmap","file":"minecraft:god.png","ascent":8,"height":8,"chars":["ꁸ"]},{"type":"bitmap","file":"minecraft:gox.png","ascent":8,"height":8,"chars":["ꁹ"]},{"type":"bitmap","file":"minecraft:goo.png","ascent":8,"height":8,"chars":["ꁺ"]},{"type":"bitmap","file":"minecraft:goh.png","ascent":8,"height":8,"chars":["ꁻ"]},{"type":"bitmap","file":"minecraft:gnd.png","ascent":8,"height":8,"chars":["ꁼ"]},{"type":"bitmap","file":"minecraft:got.png","ascent":8,"height":8,"chars":["ꁽ"]},{"type":"bitmap","file":"minecraft:gov.png","ascent":8,"height":8,"chars":["ꁾ"]},{"type":"bitmap","file":"minecraft:gow.png","ascent":8,"height":8,"chars":["ꁿ"]},{"type":"bitmap","file":"minecraft:goi.png","ascent":8,"height":8,"chars":["ꂀ"]},{"type":"bitmap","file":"minecraft:gts.png","ascent":24,"height":24,"chars":["ꂁ"]},{"type":"bitmap","file":"minecraft:gtb.png","ascent":8,"height":8,"chars":["ꂂ"]},{"type":"bitmap","file":"minecraft:grq.png","ascent":7,"height":8,"chars":["ꂃ"]},{"type":"bitmap","file":"minecraft:grp.png","ascent":7,"height":8,"chars":["ꂄ"]},{"type":"bitmap","file":"minecraft:gro.png","ascent":7,"height":8,"chars":["ꂅ"]},{"type":"bitmap","file":"minecraft:gtm.png","ascent":8,"height":8,"chars":["ꂆ"]},{"type":"bitmap","file":"minecraft:gri.png","ascent":8,"height":8,"chars":["ꂇ"]},{"type":"bitmap","file":"minecraft:gtj.png","ascent":8,"height":8,"chars":["ꂈ"]},{"type":"bitmap","file":"minecraft:gtc.png","ascent":8,"height":8,"chars":["ꂉ"]},{"type":"bitmap","file":"minecraft:gsk.png","ascent":8,"height":8,"chars":["ꂊ"]},{"type":"bitmap","file":"minecraft:gtg.png","ascent":8,"height":8,"chars":["ꂋ"]},{"type":"bitmap","file":"minecraft:grj.png","ascent":8,"height":8,"chars":["ꂌ"]},{"type":"bitmap","file":"minecraft:gsm.png","ascent":8,"height":8,"chars":["ꂍ"]},{"type":"bitmap","file":"minecraft:gsl.png","ascent":8,"height":8,"chars":["ꂎ"]},{"type":"bitmap","file":"minecraft:gqb.png","ascent":8,"height":8,"chars":["ꂏ"]},{"type":"bitmap","file":"minecraft:gsq.png","ascent":8,"height":8,"chars":["ꂐ"]},{"type":"bitmap","file":"minecraft:gte.png","ascent":8,"height":8,"chars":["ꂑ"]},{"type":"bitmap","file":"minecraft:gpu.png","ascent":8,"height":8,"chars":["ꂒ"]},{"type":"bitmap","file":"minecraft:gtf.png","ascent":-10,"height":64,"chars":["ꂓ"]},{"type":"bitmap","file":"minecraft:gsr.png","ascent":-10,"height":64,"chars":["ꂔ"]},{"type":"bitmap","file":"minecraft:grr.png","ascent":48,"height":64,"chars":["ꂕ"]},{"type":"bitmap","file":"minecraft:gpi.png","ascent":48,"height":64,"chars":["ꂖ"]},{"type":"bitmap","file":"minecraft:gsv.png","ascent":8,"height":8,"chars":["ꂱ"]},{"type":"bitmap","file":"minecraft:gqc.png","ascent":8,"height":8,"chars":["ꂲ"]},{"type":"bitmap","file":"minecraft:gph.png","ascent":8,"height":8,"chars":["ꂳ"]},{"type":"bitmap","file":"minecraft:gqf.png","ascent":8,"height":8,"chars":["ꂴ"]},{"type":"bitmap","file":"minecraft:gpt.png","ascent":8,"height":8,"chars":["ꂵ"]},{"type":"bitmap","file":"minecraft:gqg.png","ascent":8,"height":8,"chars":["ꂶ"]},{"type":"bitmap","file":"minecraft:bjx.png","ascent":10,"height":14,"chars":["ꂷ"]},{"type":"bitmap","file":"minecraft:gqk.png","ascent":8,"height":8,"chars":["ꂸ"]},{"type":"bitmap","file":"minecraft:grg.png","ascent":8,"height":8,"chars":["ꂹ"]},{"type":"bitmap","file":"minecraft:gql.png","ascent":8,"height":8,"chars":["ꂺ"]},{"type":"bitmap","file":"minecraft:grf.png","ascent":8,"height":8,"chars":["ꂻ"]},{"type":"bitmap","file":"minecraft:grh.png","ascent":8,"height":8,"chars":["ꂼ"]},{"type":"bitmap","file":"minecraft:gtn.png","ascent":41,"height":48,"chars":["ꂽ"]},{"type":"bitmap","file":"minecraft:jlp.png","ascent":8,"height":8,"chars":["ꂾ"]},{"type":"bitmap","file":"minecraft:jlg.png","ascent":8,"height":8,"chars":["ꂿ"]},{"type":"bitmap","file":"minecraft:jks.png","ascent":8,"height":8,"chars":["ꃀ"]},{"type":"bitmap","file":"minecraft:jku.png","ascent":8,"height":8,"chars":["ꃁ"]},{"type":"bitmap","file":"minecraft:jlq.png","ascent":8,"height":8,"chars":["ꃂ"]},{"type":"bitmap","file":"minecraft:jla.png","ascent":8,"height":8,"chars":["ꃃ"]},{"type":"bitmap","file":"minecraft:jlm.png","ascent":8,"height":8,"chars":["ꃄ"]},{"type":"bitmap","file":"minecraft:jlo.png","ascent":8,"height":8,"chars":["ꃅ"]},{"type":"bitmap","file":"minecraft:jlb.png","ascent":8,"height":8,"chars":["ꃇ"]},{"type":"bitmap","file":"minecraft:jlf.png","ascent":8,"height":8,"chars":["ꃈ"]},{"type":"bitmap","file":"minecraft:jkv.png","ascent":8,"height":8,"chars":["ꃉ"]},{"type":"bitmap","file":"minecraft:jlc.png","ascent":8,"height":8,"chars":["ꃊ"]},{"type":"bitmap","file":"minecraft:jlj.png","ascent":8,"height":8,"chars":["ꃋ"]},{"type":"bitmap","file":"minecraft:jkw.png","ascent":8,"height":8,"chars":["ꃌ"]},{"type":"bitmap","file":"minecraft:jll.png","ascent":8,"height":8,"chars":["ꃍ"]},{"type":"bitmap","file":"minecraft:jkt.png","ascent":8,"height":8,"chars":["ꃎ"]},{"type":"bitmap","file":"minecraft:gre.png","ascent":8,"height":8,"chars":["ꃏ"]},{"type":"bitmap","file":"minecraft:jmg.png","ascent":8,"height":8,"chars":["ꃐ"]},{"type":"bitmap","file":"minecraft:gpo.png","ascent":8,"height":8,"chars":["ꃑ"]},{"type":"bitmap","file":"minecraft:gpl.png","ascent":8,"height":8,"chars":["ꃒ"]},{"type":"bitmap","file":"minecraft:gpp.png","ascent":8,"height":8,"chars":["ꃓ"]},{"type":"bitmap","file":"minecraft:gpq.png","ascent":8,"height":8,"chars":["ꃔ"]},{"type":"bitmap","file":"minecraft:gpr.png","ascent":8,"height":8,"chars":["ꃕ"]},{"type":"bitmap","file":"minecraft:gpn.png","ascent":8,"height":8,"chars":["ꃖ"]},{"type":"bitmap","file":"minecraft:gpm.png","ascent":8,"height":8,"chars":["ꃗ"]},{"type":"bitmap","file":"minecraft:jmp.png","ascent":8,"height":8,"chars":["ꃙ"]},{"type":"bitmap","file":"minecraft:gss.png","ascent":32,"height":64,"chars":["ꃚꃛ","ꃜꃝ"]},{"chars":["ꃞ"],"file":"minecraft:gtw.png","ascent":250,"height":1500,"type":"bitmap"},{"chars":["ꃟ"],"file":"minecraft:gtw.png","ascent":10,"height":300,"type":"bitmap"},{"type":"bitmap","file":"minecraft:gqj.png","ascent":8,"height":8,"chars":["ꃠ"]},{"type":"bitmap","file":"minecraft:gss.png","ascent":24,"height":64,"chars":["ꃡꃢ","ꃣꃤ"]},{"type":"bitmap","file":"minecraft:gqv.png","ascent":8,"height":8,"chars":["ꃥ"]},{"type":"bitmap","file":"minecraft:gqm.png","ascent":8,"height":8,"chars":["ꃦ"]},{"type":"bitmap","file":"minecraft:gqw.png","ascent":8,"height":8,"chars":["ꃬ"]},{"type":"bitmap","file":"minecraft:gqx.png","ascent":8,"height":8,"chars":["ꃧ"]},{"type":"bitmap","file":"minecraft:gra.png","ascent":8,"height":8,"chars":["ꃭ"]},{"type":"bitmap","file":"minecraft:gqs.png","ascent":8,"height":8,"chars":[""]},{"type":"bitmap","file":"minecraft:gqt.png","ascent":8,"height":8,"chars":["ꃨ"]},{"type":"bitmap","file":"minecraft:gqn.png","ascent":8,"height":8,"chars":["ꃩ"]},{"type":"bitmap","file":"minecraft:gqp.png","ascent":8,"height":8,"chars":["ꃪ"]},{"type":"bitmap","file":"minecraft:grd.png","ascent":8,"height":8,"chars":["ꃫ"]},{"type":"bitmap","file":"minecraft:gsd.png","ascent":8,"height":8,"chars":["ꃮ"]},{"type":"bitmap","file":"minecraft:gsh.png","ascent":8,"height":8,"chars":["ꃯ"]},{"type":"bitmap","file":"minecraft:gsb.png","ascent":8,"height":8,"chars":["ꃰ"]},{"type":"bitmap","file":"minecraft:grv.png","ascent":8,"height":8,"chars":["ꃱ"]},{"type":"bitmap","file":"minecraft:gsa.png","ascent":8,"height":8,"chars":["ꃲ"]},{"type":"bitmap","file":"minecraft:gsc.png","ascent":8,"height":8,"chars":["ꃳ"]},{"type":"bitmap","file":"minecraft:gse.png","ascent":8,"height":8,"chars":["ꃴ"]},{"type":"bitmap","file":"minecraft:grx.png","ascent":8,"height":8,"chars":["ꃵ"]},{"type":"bitmap","file":"minecraft:grt.png","ascent":8,"height":8,"chars":["ꃶ"]},{"type":"bitmap","file":"minecraft:grw.png","ascent":8,"height":8,"chars":["ꃷ"]},{"type":"bitmap","file":"minecraft:gru.png","ascent":8,"height":8,"chars":["ꃸ"]},{"type":"bitmap","file":"minecraft:gsf.png","ascent":8,"height":8,"chars":["ꃹ"]},{"type":"bitmap","file":"minecraft:gsg.png","ascent":8,"height":8,"chars":["ꃺ"]},{"type":"bitmap","file":"minecraft:gtt.png","ascent":-32768,"height":-3,"chars":[""]},{"type":"bitmap","file":"minecraft:gtt.png","ascent":-32768,"height":-4,"chars":[""]},{"type":"bitmap","file":"minecraft:gtt.png","ascent":-32768,"height":-5,"chars":[""]},{"type":"bitmap","file":"minecraft:gtt.png","ascent":-32768,"height":-6,"chars":[""]},{"type":"bitmap","file":"minecraft:gtt.png","ascent":-32768,"height":-7,"chars":[""]},{"type":"bitmap","file":"minecraft:gtt.png","ascent":-32768,"height":-8,"chars":[""]},{"type":"bitmap","file":"minecraft:gtt.png","ascent":-32768,"height":-9,"chars":[""]},{"type":"bitmap","file":"minecraft:gtt.png","ascent":-32768,"height":-10,"chars":[""]},{"type":"bitmap","file":"minecraft:gtt.png","ascent":-32768,"height":-18,"chars":[""]},{"type":"bitmap","file":"minecraft:gtt.png","ascent":-32768,"height":-34,"chars":[""]},{"type":"bitmap","file":"minecraft:gtt.png","ascent":-32768,"height":-66,"chars":[""]},{"type":"bitmap","file":"minecraft:gtt.png","ascent":-32768,"height":-130,"chars":[""]},{"type":"bitmap","file":"minecraft:gtt.png","ascent":-32768,"height":-258,"chars":[""]},{"type":"bitmap","file":"minecraft:gtt.png","ascent":-32768,"height":-514,"chars":[""]},{"type":"bitmap","file":"minecraft:gtt.png","ascent":-32768,"height":-1026,"chars":[""]},{"type":"bitmap","file":"minecraft:gtt.png","ascent":-65536,"height":-32770,"chars":[""]},{"type":"bitmap","file":"minecraft:gtt.png","ascent":-32768,"height":0,"chars":[""]},{"type":"bitmap","file":"minecraft:gtt.png","ascent":-32768,"height":1,"chars":[""]},{"type":"bitmap","file":"minecraft:gtt.png","ascent":-32768,"height":2,"chars":[""]},{"type":"bitmap","file":"minecraft:gtt.png","ascent":-32768,"height":3,"chars":[""]},{"type":"bitmap","file":"minecraft:gtt.png","ascent":-32768,"height":4,"chars":[""]},{"type":"bitmap","file":"minecraft:gtt.png","ascent":-32768,"height":5,"chars":[""]},{"type":"bitmap","file":"minecraft:gtt.png","ascent":-32768,"height":6,"chars":[""]},{"type":"bitmap","file":"minecraft:gtt.png","ascent":-32768,"height":7,"chars":[""]},{"type":"bitmap","file":"minecraft:gtt.png","ascent":-32768,"height":15,"chars":[""]},{"type":"bitmap","file":"minecraft:gtt.png","ascent":-32768,"height":31,"chars":[""]},{"type":"bitmap","file":"minecraft:gtt.png","ascent":-32768,"height":63,"chars":[""]},{"type":"bitmap","file":"minecraft:gtt.png","ascent":-32768,"height":127,"chars":[""]},{"type":"bitmap","file":"minecraft:gtt.png","ascent":-32768,"height":255,"chars":[""]},{"type":"bitmap","file":"minecraft:gtt.png","ascent":-32768,"height":511,"chars":[""]},{"type":"bitmap","file":"minecraft:gtt.png","ascent":-32768,"height":1023,"chars":[""]},{"type":"bitmap","file":"minecraft:gtt.png","ascent":-65536,"height":32767,"chars":[""]},{"type":"bitmap","file":"minecraft:gtv.png","ascent":-32768,"height":-3,"chars":[""]},{"type":"bitmap","file":"minecraft:gtv.png","ascent":-32768,"height":-4,"chars":[""]},{"type":"bitmap","file":"minecraft:gtv.png","ascent":-32768,"height":-5,"chars":[""]},{"type":"bitmap","file":"minecraft:gtv.png","ascent":-32768,"height":-6,"chars":[""]},{"type":"bitmap","file":"minecraft:gtv.png","ascent":-32768,"height":-7,"chars":[""]},{"type":"bitmap","file":"minecraft:gtv.png","ascent":-32768,"height":-8,"chars":[""]},{"type":"bitmap","file":"minecraft:gtv.png","ascent":-32768,"height":-9,"chars":[""]},{"type":"bitmap","file":"minecraft:gtv.png","ascent":-32768,"height":-10,"chars":[""]},{"type":"bitmap","file":"minecraft:gtv.png","ascent":-32768,"height":-18,"chars":[""]},{"type":"bitmap","file":"minecraft:gtv.png","ascent":-32768,"height":-34,"chars":[""]},{"type":"bitmap","file":"minecraft:gtv.png","ascent":-32768,"height":-66,"chars":[""]},{"type":"bitmap","file":"minecraft:gtv.png","ascent":-32768,"height":-130,"chars":[""]},{"type":"bitmap","file":"minecraft:gtv.png","ascent":-32768,"height":-258,"chars":[""]},{"type":"bitmap","file":"minecraft:gtv.png","ascent":-32768,"height":-514,"chars":[""]},{"type":"bitmap","file":"minecraft:gtv.png","ascent":-32768,"height":-1026,"chars":[""]},{"type":"bitmap","file":"minecraft:gtv.png","ascent":-65536,"height":-32770,"chars":[""]},{"type":"bitmap","file":"minecraft:gtv.png","ascent":-32768,"height":0,"chars":[""]},{"type":"bitmap","file":"minecraft:gtv.png","ascent":-32768,"height":1,"chars":[""]},{"type":"bitmap","file":"minecraft:gtv.png","ascent":-32768,"height":2,"chars":[""]},{"type":"bitmap","file":"minecraft:gtv.png","ascent":-32768,"height":3,"chars":[""]},{"type":"bitmap","file":"minecraft:gtv.png","ascent":-32768,"height":4,"chars":[""]},{"type":"bitmap","file":"minecraft:gtv.png","ascent":-32768,"height":5,"chars":[""]},{"type":"bitmap","file":"minecraft:gtv.png","ascent":-32768,"height":6,"chars":[""]},{"type":"bitmap","file":"minecraft:gtv.png","ascent":-32768,"height":7,"chars":[""]},{"type":"bitmap","file":"minecraft:gtv.png","ascent":-32768,"height":15,"chars":[""]},{"type":"bitmap","file":"minecraft:gtv.png","ascent":-32768,"height":31,"chars":[""]},{"type":"bitmap","file":"minecraft:gtv.png","ascent":-32768,"height":63,"chars":[""]},{"type":"bitmap","file":"minecraft:gtv.png","ascent":-32768,"height":127,"chars":[""]},{"type":"bitmap","file":"minecraft:gtv.png","ascent":-32768,"height":255,"chars":[""]},{"type":"bitmap","file":"minecraft:gtv.png","ascent":-32768,"height":511,"chars":[""]},{"type":"bitmap","file":"minecraft:gtv.png","ascent":-32768,"height":1023,"chars":[""]},{"type":"bitmap","file":"minecraft:gtv.png","ascent":-65536,"height":32767,"chars":[""]}]}