{"textures":{"0":"cosmetics/articuno_bag"},"elements":[{"from":[4,2,1],"to":[9,11,6],"faces":{"down":{"uv":[1.5,1.25,2.75,2.5],"texture":"#0","rotation":180},"up":{"uv":[1.5,1.25,2.75,2.5],"texture":"#0"},"north":{"uv":[0,3.75,1.25,6],"texture":"#0","rotation":180},"south":{"uv":[0,3.75,1.25,6],"texture":"#0","rotation":180},"west":{"uv":[0,3.75,1.25,6],"texture":"#0"},"east":{"uv":[1.5,3.75,2.75,6],"texture":"#0","rotation":180}}},{"from":[-11.5,6,2],"to":[4.5,22,2.1],"faces":{"north":{"uv":[6.5,0.5,10.5,4.5],"texture":"#0"},"south":{"uv":[11.5,0.5,15.5,4.5],"texture":"#0"}}},{"from":[13.5,6,2],"to":[29.5,22,2.1],"faces":{"north":{"uv":[11.5,0.5,15.5,4.5],"texture":"#0"},"south":{"uv":[6.5,0.5,10.5,4.5],"texture":"#0"}}},{"from":[6.5,1,4],"to":[11.5,1.1,13],"rotation":{"origin":[6,4.5,3.5],"axis":"x","angle":-22.5},"faces":{"down":{"uv":[9.75,4.5,11,6.75],"texture":"#0","rotation":180},"up":{"uv":[9.75,4.5,11,6.75],"texture":"#0"},"north":{"uv":[9.75,4.5,11,6.75],"texture":"#0"}}},{"from":[6.5002,4.8943,13.5778],"to":[11.5002,4.9943,16.5778],"faces":{"down":{"uv":[9.75,7.25,11,7.75],"texture":"#0","rotation":180},"up":{"uv":[9.75,7.25,11,7.75],"texture":"#0","rotation":180}}},{"from":[6.5004,4.8269,17.9166],"to":[11.5004,4.9269,20.9166],"rotation":{"origin":[6.00044,8.32691,17.41665],"axis":"x","angle":22.5},"faces":{"down":{"uv":[9.75,7.25,11,7.75],"texture":"#0","rotation":180},"up":{"uv":[9.75,7.25,11,7.75],"texture":"#0","rotation":180}}},{"from":[6.5007,3.1041,21.8994],"to":[11.5007,3.2041,24.8994],"rotation":{"origin":[6.00071,6.60411,21.39938],"axis":"x","angle":45},"faces":{"down":{"uv":[9.75,7.25,11,7.75],"texture":"#0","rotation":180},"up":{"uv":[9.75,7.25,11,7.75],"texture":"#0","rotation":180}}},{"from":[6.501,-0.0118,20.9196],"to":[11.501,2.9882,21.0196],"rotation":{"origin":[6.00098,3.48821,24.4196],"axis":"x","angle":-22.5},"faces":{"north":{"uv":[9.75,7.25,11,7.75],"texture":"#0","rotation":180},"south":{"uv":[9.75,7.25,11,7.75],"texture":"#0","rotation":180}}},{"from":[6.5006,-2.0463,22.518],"to":[11.5006,-1.0463,22.618],"faces":{"north":{"uv":[9.75,7.25,11,7.75],"texture":"#0","rotation":180},"south":{"uv":[9.75,7.25,11,7.75],"texture":"#0","rotation":180}}},{"from":[6.5001,-4.3852,22.4507],"to":[11.5001,-3.3852,22.5507],"rotation":{"origin":[6.00011,-2.8852,25.95072],"axis":"x","angle":22.5},"faces":{"north":{"uv":[9.75,7.25,11,7.75],"texture":"#0","rotation":180},"south":{"uv":[9.75,7.25,11,7.75],"texture":"#0","rotation":180}}},{"from":[6.4996,-7.5203,21.4935],"to":[11.4996,-5.5203,21.5935],"rotation":{"origin":[5.99964,-5.02031,24.99351],"axis":"x","angle":45},"faces":{"north":{"uv":[9.75,7.25,11,7.75],"texture":"#0","rotation":180},"south":{"uv":[9.75,7.25,11,7.75],"texture":"#0","rotation":180}}},{"from":[6.4994,-3.9261,19.1231],"to":[11.4994,-3.8261,22.1231],"rotation":{"origin":[5.99941,-7.42609,22.62307],"axis":"x","angle":-22.5},"faces":{"down":{"uv":[9.75,7.25,11,7.75],"texture":"#0","rotation":180},"up":{"uv":[9.75,7.25,11,7.75],"texture":"#0","rotation":180}}},{"from":[6.4992,-5.5318,15.0503],"to":[11.4992,-5.4318,18.0503],"faces":{"down":{"uv":[9.75,7.25,11,7.75],"texture":"#0","rotation":180},"up":{"uv":[9.75,7.25,11,7.75],"texture":"#0","rotation":180}}},{"from":[6.4989,-5.4567,10.673],"to":[11.4989,-5.3567,13.673],"rotation":{"origin":[5.99894,-8.95669,14.17298],"axis":"x","angle":22.5},"faces":{"down":{"uv":[9.75,7.25,11,7.75],"texture":"#0","rotation":180},"up":{"uv":[9.75,7.25,11,7.75],"texture":"#0","rotation":180}}},{"from":[6.4987,-4.3836,10.279],"to":[11.4987,-4.283599,12.279],"faces":{"down":{"uv":[9.75,7.25,11,7.75],"texture":"#0","rotation":180},"up":{"uv":[9.75,7.25,11,7.75],"texture":"#0","rotation":180}}},{"from":[6.4985,-3.9258,9.5805],"to":[11.4985,-3.8258,11.5805],"rotation":{"origin":[5.99848,-7.42583,12.08046],"axis":"x","angle":-22.5},"faces":{"down":{"uv":[9.75,8,11,8.5],"texture":"#0"},"up":{"uv":[9.75,8,11,8.5],"texture":"#0"}}},{"from":[6.4983,-3.7702,8.76],"to":[11.4983,-3.6702,10.76],"rotation":{"origin":[5.99826,-7.27021,11.25996],"axis":"x","angle":-45},"faces":{"down":{"uv":[9.75,8.75,11,9.25],"texture":"#0"},"up":{"uv":[9.75,8.75,11,9.25],"texture":"#0","rotation":180}}},{"from":[9,2,1],"to":[14,11,6],"faces":{"down":{"uv":[1.5,1.25,2.75,2.5],"texture":"#0","rotation":180},"up":{"uv":[1.5,1.25,2.75,2.5],"texture":"#0"},"north":{"uv":[1.5,3.75,2.75,6],"texture":"#0","rotation":180},"south":{"uv":[1.5,3.75,2.75,6],"texture":"#0","rotation":180},"west":{"uv":[0,3.75,1.25,6],"texture":"#0"},"east":{"uv":[1.5,3.75,2.75,6],"texture":"#0","rotation":180}}},{"from":[5,11,1],"to":[9,16,6],"faces":{"down":{"uv":[1.5,1.25,2.75,2.5],"texture":"#0","rotation":180},"up":{"uv":[1.5,1.25,2.75,2.5],"texture":"#0"},"north":{"uv":[0.25,4.75,1.25,6],"texture":"#0","rotation":180},"south":{"uv":[0.25,4.75,1.25,6],"texture":"#0","rotation":180},"west":{"uv":[0,3.75,1.25,6],"texture":"#0"},"east":{"uv":[1.5,3.75,2.75,6],"texture":"#0","rotation":180}}},{"from":[9,11,1],"to":[13,16,6],"faces":{"down":{"uv":[1.5,1.25,2.75,2.5],"texture":"#0","rotation":180},"up":{"uv":[1.5,1.25,2.75,2.5],"texture":"#0"},"north":{"uv":[1.5,4.75,2.5,6],"texture":"#0","rotation":180},"south":{"uv":[1.5,4.75,2.5,6],"texture":"#0","rotation":180},"west":{"uv":[0,3.75,1.25,6],"texture":"#0"},"east":{"uv":[1.5,3.75,2.75,6],"texture":"#0","rotation":180}}},{"from":[12.5,4,2.5],"to":[14.5,9,5.5],"faces":{"down":{"uv":[9.75,4.5,10,4.75],"texture":"#0","rotation":180},"up":{"uv":[9.75,4.5,10,4.75],"texture":"#0"},"north":{"uv":[9.75,4.5,10,4.75],"texture":"#0","rotation":90},"south":{"uv":[9.75,4.5,10,4.75],"texture":"#0","rotation":90},"west":{"uv":[0,0,8,5],"texture":"#0"},"east":{"uv":[9.75,4.5,11,5.5],"texture":"#0","rotation":90}}},{"from":[5,4,6],"to":[13,9,7],"faces":{"down":{"uv":[9.75,4.5,10,4.75],"texture":"#0","rotation":90},"up":{"uv":[9.75,4.5,10,4.75],"texture":"#0","rotation":90},"north":{"uv":[0,0,8,5],"texture":"#0"},"south":{"uv":[9.75,4.5,11,6.75],"texture":"#0","rotation":90},"west":{"uv":[9.75,4.5,10,4.75],"texture":"#0","rotation":90},"east":{"uv":[9.75,4.5,10,4.75],"texture":"#0","rotation":90}}},{"from":[3.5,4,2.5],"to":[5.5,9,5.5],"faces":{"down":{"uv":[9.75,4.5,10,4.75],"texture":"#0","rotation":180},"up":{"uv":[9.75,4.5,10,4.75],"texture":"#0"},"north":{"uv":[9.75,4.5,10,4.75],"texture":"#0","rotation":90},"south":{"uv":[9.75,4.5,10,4.75],"texture":"#0","rotation":90},"west":{"uv":[9.75,4.5,11,5.5],"texture":"#0","rotation":90},"east":{"uv":[9.75,4.5,11,5.5],"texture":"#0","rotation":90}}},{"from":[13,2,-5],"to":[14,3,1],"faces":{"down":{"uv":[0,0,0.25,0.25],"texture":"#0"},"up":{"uv":[0,0,0.25,0.25],"texture":"#0"},"north":{"uv":[0,0,0.25,0.25],"texture":"#0"},"south":{"uv":[0,0,1,1],"texture":"#0"},"west":{"uv":[0,0,0.25,0.25],"texture":"#0"},"east":{"uv":[0,0,0.25,0.25],"texture":"#0"}}},{"from":[13,10,-5],"to":[14,11,1],"faces":{"down":{"uv":[0,0,0.25,0.25],"texture":"#0"},"up":{"uv":[0,0,0.25,0.25],"texture":"#0"},"north":{"uv":[0,0,0.25,0.25],"texture":"#0"},"south":{"uv":[0,0,1,1],"texture":"#0"},"west":{"uv":[0,0,0.25,0.25],"texture":"#0"},"east":{"uv":[0,0,0.25,0.25],"texture":"#0"}}},{"from":[13,3,-5],"to":[14,10,-4],"faces":{"down":{"uv":[0,0,0.25,0.25],"texture":"#0"},"up":{"uv":[0,0,0.25,0.25],"texture":"#0"},"north":{"uv":[0,0,0.25,0.25],"texture":"#0"},"south":{"uv":[0,0,1,1],"texture":"#0"},"west":{"uv":[0,0,0.25,0.25],"texture":"#0"},"east":{"uv":[0,0,0.25,0.25],"texture":"#0"}}},{"from":[4,10,-5],"to":[5,11,1],"faces":{"down":{"uv":[0,0,0.25,0.25],"texture":"#0"},"up":{"uv":[0,0,0.25,0.25],"texture":"#0"},"north":{"uv":[0,0,0.25,0.25],"texture":"#0"},"south":{"uv":[0,0,1,1],"texture":"#0"},"west":{"uv":[0,0,0.25,0.25],"texture":"#0"},"east":{"uv":[0,0,0.25,0.25],"texture":"#0"}}},{"from":[4,3,-5],"to":[5,10,-4],"faces":{"down":{"uv":[0,0,0.25,0.25],"texture":"#0"},"up":{"uv":[0,0,0.25,0.25],"texture":"#0"},"north":{"uv":[0,0,0.25,0.25],"texture":"#0"},"south":{"uv":[0,0,1,1],"texture":"#0"},"west":{"uv":[0,0,0.25,0.25],"texture":"#0"},"east":{"uv":[0,0,0.25,0.25],"texture":"#0"}}},{"from":[4,2,-5],"to":[5,3,1],"faces":{"down":{"uv":[0,0,0.25,0.25],"texture":"#0"},"up":{"uv":[0,0,0.25,0.25],"texture":"#0"},"north":{"uv":[0,0,0.25,0.25],"texture":"#0"},"south":{"uv":[0,0,1,1],"texture":"#0"},"west":{"uv":[0,0,0.25,0.25],"texture":"#0"},"east":{"uv":[0,0,0.25,0.25],"texture":"#0"}}}],"display":{"thirdperson_righthand":{"scale":[0.0001,0.0001,0.0001]},"thirdperson_lefthand":{"rotation":[70,0,0],"translation":[-5,-11.05,12.66],"scale":[0.9,0.9,0.9]},"firstperson_righthand":{"scale":[0,0,0]},"firstperson_lefthand":{"scale":[0,0,0]},"gui":{"rotation":[30,135,0],"translation":[1.8,-1,0],"scale":[0.5,0.5,0.5]},"head":{"translation":[-1.5,-10.5,-24],"scale":[1.5,1.5,1.5]},"ground":{"scale":[0.0001,0.0001,0.0001]},"fixed":{"scale":[0.0001,0.0001,0.0001]}}}