{"credit":"Made with Blockbench","textures":{"0":"pokemon/bulbasaur","particle":"pokemon/bulbasaur"},"elements":[{"from":[5.5,1.5,3],"to":[12.5,8.5,8],"faces":{"north":{"uv":[0,0,1.75,1.75],"texture":"#0"},"east":{"uv":[3.75,0,5,1.75],"texture":"#0"},"south":{"uv":[5.25,0,6.75,1.5],"texture":"#0"},"west":{"uv":[1.75,0,3,1.75],"texture":"#0"},"up":{"uv":[7,0,8.25,1.75],"rotation":270,"texture":"#0"},"down":{"uv":[5.5,0,6.75,1.75],"rotation":270,"texture":"#0"}}},{"from":[5.5,8.5,4],"to":[7.5,9.5,4.1],"faces":{"north":{"uv":[4.5,3.5,5,3.75],"texture":"#0"},"south":{"uv":[4.5,3.5,5,3.75],"texture":"#0"}}},{"from":[10.5,8.5,4],"to":[12.5,9.5,4.1],"faces":{"north":{"uv":[4.5,3.5,5,3.75],"rotation":180,"texture":"#0"},"south":{"uv":[4.5,3.5,5,3.75],"texture":"#0"}}},{"from":[5.5,1.5,8],"to":[12.5,8.5,10],"faces":{"north":{"uv":[0,0,1.75,1.75],"texture":"#0"},"east":{"uv":[2.25,0,2.75,1.75],"texture":"#0"},"south":{"uv":[5.25,0,6.75,1.5],"texture":"#0"},"west":{"uv":[4,0,4.5,1.75],"texture":"#0"},"up":{"uv":[8,0,8.5,1.75],"rotation":270,"texture":"#0"},"down":{"uv":[5.5,0,6.75,1.75],"rotation":270,"texture":"#0"}}},{"from":[4.5,1.5,3],"to":[5.5,7.5,10],"faces":{"north":{"uv":[1.75,0,2,1.75],"texture":"#0"},"east":{"uv":[2.25,0,2.75,1.75],"texture":"#0"},"south":{"uv":[1.75,0,2,1.75],"texture":"#0"},"west":{"uv":[3.75,3.5,5.25,5],"texture":"#0"},"up":{"uv":[8,0,8.5,1.75],"rotation":270,"texture":"#0"},"down":{"uv":[5.5,0,6.75,1.75],"rotation":270,"texture":"#0"}}},{"from":[12.5,1.5,3],"to":[13.5,7.5,10],"faces":{"north":{"uv":[1.75,0,2,1.75],"texture":"#0"},"east":{"uv":[3.75,3.5,5.25,5],"texture":"#0"},"south":{"uv":[1.75,0,2,1.75],"texture":"#0"},"west":{"uv":[3.75,3.5,5.25,5],"texture":"#0"},"up":{"uv":[8,0,8.5,1.75],"rotation":270,"texture":"#0"},"down":{"uv":[5.5,0,6.75,1.75],"rotation":270,"texture":"#0"}}},{"from":[5.5,1.5,10],"to":[12.5,8.5,12],"faces":{"north":{"uv":[0,0,1.75,1.75],"texture":"#0"},"east":{"uv":[2.25,0,2.75,1.75],"texture":"#0"},"south":{"uv":[5.25,0,6.75,1.5],"texture":"#0"},"west":{"uv":[4,0,4.5,1.75],"texture":"#0"},"up":{"uv":[8,0,8.5,1.75],"rotation":270,"texture":"#0"},"down":{"uv":[5.5,0,6.75,1.75],"rotation":270,"texture":"#0"}}},{"from":[4.5,1.5,10],"to":[5.5,7.5,12],"faces":{"north":{"uv":[1.75,0,2,1.75],"texture":"#0"},"east":{"uv":[2.25,0,2.75,1.75],"texture":"#0"},"south":{"uv":[1.75,0,2,1.75],"texture":"#0"},"west":{"uv":[3.75,3.5,4.75,5],"texture":"#0"},"up":{"uv":[8,0,8.5,1.75],"rotation":270,"texture":"#0"},"down":{"uv":[5.5,0,6.75,1.75],"rotation":270,"texture":"#0"}}},{"from":[12.5,1.5,10],"to":[13.5,7.5,12],"faces":{"north":{"uv":[1.75,0,2,1.75],"texture":"#0"},"east":{"uv":[3.75,3.5,4.75,5],"texture":"#0"},"south":{"uv":[1.75,0,2,1.75],"texture":"#0"},"west":{"uv":[3.75,3.5,5.25,5],"texture":"#0"},"up":{"uv":[8,0,8.5,1.75],"rotation":270,"texture":"#0"},"down":{"uv":[5.5,0,6.75,1.75],"rotation":270,"texture":"#0"}}}],"display":{"thirdperson_righthand":{"translation":[0,2.0869,0],"scale":[0.5,0.5,0.5]},"thirdperson_lefthand":{"translation":[0,2.0869,0],"scale":[0.5,0.5,0.5]},"firstperson_righthand":{"rotation":[5,125,-14],"translation":[2.0869,4.8695,-3.478]},"firstperson_lefthand":{"rotation":[5,125,-14],"translation":[2.0869,4.8695,-3.478]},"gui":{"rotation":[14,143,-1],"translation":[1.3,2.0869,0],"scale":[1.2,1.2,1.2]},"head":{"translation":[-1.5,14,1],"scale":[1.75,1.75,1.75]}}}