{"credit":"Made with Blockbench","textures":{"0":"cosmetics/marowakskull","particle":"cosmetics/marowakskull"},"elements":[{"from":[5.9475,15.662,5.0032],"to":[6.0475,20.662,11.0032],"rotation":{"angle":22.5,"axis":"z","origin":[5.99747,18.16198,8.00321]},"faces":{"east":{"uv":[0,11.28906,1.5,12.28906],"texture":"#0"},"west":{"uv":[0,11.25,1.5,12.25],"texture":"#0"}}},{"from":[11,10,6],"to":[12,14,10],"faces":{"north":{"uv":[6.5,8,7.5,9],"texture":"#0"},"east":{"uv":[5.25,9.25,6.25,10.25],"rotation":90,"texture":"#0"},"south":{"uv":[5.25,8,6.25,9],"texture":"#0"},"west":{"uv":[6.5,8,7.5,9],"texture":"#0"},"up":{"uv":[6.5,9.25,7.5,10.25],"texture":"#0"},"down":{"uv":[6.5,9.25,7.5,10.25],"texture":"#0"}}},{"from":[5,10,5],"to":[11,16,11],"faces":{"north":{"uv":[0,6.25,1.5,7.75],"texture":"#0"},"east":{"uv":[5.25,6.25,6.75,7.75],"texture":"#0"},"south":{"uv":[3.5,6.25,5,7.75],"texture":"#0"},"west":{"uv":[1.75,6.25,3.25,7.75],"texture":"#0"},"up":{"uv":[3.5,8,5,9.5],"rotation":270,"texture":"#0"}}},{"from":[5.01,9,4.5],"to":[7.01,11,6.5],"faces":{"north":{"uv":[1,7.25,1.5,7.75],"texture":"#0"},"east":{"uv":[1,7.25,1.5,7.75],"texture":"#0"},"south":{"uv":[1,7.25,1.5,7.75],"rotation":90,"texture":"#0"},"west":{"uv":[1,7.25,1.5,7.75],"rotation":90,"texture":"#0"},"up":{"uv":[1,7.25,1.5,7.75],"rotation":90,"texture":"#0"},"down":{"uv":[1,7.25,1.5,7.75],"rotation":90,"texture":"#0"}}},{"from":[5.01,9,9.5],"to":[7.01,11,11.5],"faces":{"north":{"uv":[1,7.25,1.5,7.75],"rotation":90,"texture":"#0"},"east":{"uv":[1,7.25,1.5,7.75],"rotation":90,"texture":"#0"},"south":{"uv":[1,7.25,1.5,7.75],"rotation":90,"texture":"#0"},"west":{"uv":[1,7.25,1.5,7.75],"texture":"#0"},"up":{"uv":[1,7.25,1.5,7.75],"rotation":90,"texture":"#0"},"down":{"uv":[1,7.25,1.5,7.75],"rotation":180,"texture":"#0"}}},{"from":[9.01,9.5,9.5],"to":[10.01,10.5,11.5],"faces":{"north":{"uv":[1,7.25,1.25,7.5],"rotation":90,"texture":"#0"},"east":{"uv":[1,7.25,1.25,7.5],"rotation":90,"texture":"#0"},"south":{"uv":[1,7.25,1.25,7.5],"rotation":90,"texture":"#0"},"west":{"uv":[1,7.25,1.25,7.5],"rotation":90,"texture":"#0"},"up":{"uv":[1,7.25,1.25,7.5],"rotation":90,"texture":"#0"},"down":{"uv":[1,7.25,1.25,7.5],"rotation":90,"texture":"#0"}}},{"from":[9.01,9.5,4.5],"to":[10.01,10.5,6.5],"faces":{"north":{"uv":[1,7.25,1.25,7.5],"rotation":90,"texture":"#0"},"east":{"uv":[1,7.25,1.25,7.5],"rotation":90,"texture":"#0"},"south":{"uv":[1,7.25,1.25,7.5],"rotation":90,"texture":"#0"},"west":{"uv":[1,7.25,1.25,7.5],"rotation":90,"texture":"#0"},"up":{"uv":[1,7.25,1.25,7.5],"rotation":90,"texture":"#0"},"down":{"uv":[1,7.25,1.25,7.5],"rotation":90,"texture":"#0"}}},{"from":[12,10,6],"to":[15,12,10],"faces":{"north":{"uv":[6.5,8.5,7.5,9],"texture":"#0"},"east":{"uv":[5.25,9.75,6.25,10.25],"texture":"#0"},"south":{"uv":[5.25,8.5,6.25,9],"texture":"#0"},"west":{"uv":[6.5,8,7.5,9],"texture":"#0"},"up":{"uv":[6.5,9.25,7.5,10.25],"texture":"#0"},"down":{"uv":[6.5,9.25,7.5,10.25],"texture":"#0"}}},{"from":[12,12,7],"to":[15,14,9],"faces":{"north":{"uv":[6.5,8.5,7.5,9],"texture":"#0"},"east":{"uv":[5.5,9.25,6,9.75],"texture":"#0"},"south":{"uv":[5.25,8.5,6.25,9],"texture":"#0"},"west":{"uv":[6.5,8,7.5,9],"texture":"#0"},"up":{"uv":[6.5,9.25,7.5,10.25],"texture":"#0"},"down":{"uv":[6.5,9.25,7.5,10.25],"texture":"#0"}}}],"display":{"thirdperson_righthand":{"rotation":[0,90,0],"translation":[0,-2.086,0],"scale":[0.5,0.5,0.5]},"thirdperson_lefthand":{"rotation":[0,-90,0],"translation":[0,-2.086,0],"scale":[0.5,0.5,0.5]},"firstperson_righthand":{"rotation":[5,125,-14],"translation":[2.0869,-1,-1.391],"scale":[0.7,0.7,0.7]},"firstperson_lefthand":{"rotation":[5,125,-14],"translation":[2.0869,-1,-1.391],"scale":[0.7,0.7,0.7]},"gui":{"rotation":[14,-136,-1],"translation":[0.6956,-6.26,0]},"head":{"rotation":[0,89,0],"translation":[0,-11.75,0],"scale":[2.52773,2.52773,2.52773]}}}