{
	"credit": "Made with Blockbench",
	"texture_size": [64, 64],
	"textures": {
		"0": "gameitems/customblocks/ranch_block/ranch_block_egg",
		"particle": "gameitems/customblocks/ranch_block/ranch_block_egg"
	},
	"elements": [
		{
			"from": [5, 0, 5],
			"to": [11, 1, 11],
			"faces": {
				"north": {"uv": [1.5, 1.5, 3, 1.75], "texture": "#0"},
				"east": {"uv": [0, 1.5, 1.5, 1.75], "texture": "#0"},
				"south": {"uv": [4.5, 1.5, 6, 1.75], "texture": "#0"},
				"west": {"uv": [3, 1.5, 4.5, 1.75], "texture": "#0"},
				"up": {"uv": [3, 1.5, 1.5, 0], "texture": "#0"},
				"down": {"uv": [4.5, 0, 3, 1.5], "texture": "#0"}
			}
		},
		{
			"from": [4, 1, 4],
			"to": [12, 4, 12],
			"faces": {
				"north": {"uv": [8, 2, 10, 2.75], "texture": "#0"},
				"east": {"uv": [6, 2, 8, 2.75], "texture": "#0"},
				"south": {"uv": [12, 2, 14, 2.75], "texture": "#0"},
				"west": {"uv": [10, 2, 12, 2.75], "texture": "#0"},
				"up": {"uv": [10, 2, 8, 0], "texture": "#0"},
				"down": {"uv": [12, 0, 10, 2], "texture": "#0"}
			}
		},
		{
			"from": [5, 4, 4],
			"to": [11, 7, 12],
			"faces": {
				"north": {"uv": [2, 4.75, 3.5, 5.5], "texture": "#0"},
				"east": {"uv": [0, 4.75, 2, 5.5], "texture": "#0"},
				"south": {"uv": [5.5, 4.75, 7, 5.5], "texture": "#0"},
				"west": {"uv": [3.5, 4.75, 5.5, 5.5], "texture": "#0"},
				"up": {"uv": [3.5, 4.75, 2, 2.75], "texture": "#0"},
				"down": {"uv": [5, 2.75, 3.5, 4.75], "texture": "#0"}
			}
		},
		{
			"from": [11, 4, 5],
			"to": [12, 7, 11],
			"faces": {
				"north": {"uv": [8.5, 4.25, 8.75, 5], "texture": "#0"},
				"east": {"uv": [7, 4.25, 8.5, 5], "texture": "#0"},
				"south": {"uv": [10.25, 4.25, 10.5, 5], "texture": "#0"},
				"west": {"uv": [8.75, 4.25, 10.25, 5], "texture": "#0"},
				"up": {"uv": [8.75, 4.25, 8.5, 2.75], "texture": "#0"},
				"down": {"uv": [9, 2.75, 8.75, 4.25], "texture": "#0"}
			}
		},
		{
			"from": [4, 4, 5],
			"to": [5, 7, 11],
			"faces": {
				"north": {"uv": [1.5, 7, 1.75, 7.75], "texture": "#0"},
				"east": {"uv": [0, 7, 1.5, 7.75], "texture": "#0"},
				"south": {"uv": [3.25, 7, 3.5, 7.75], "texture": "#0"},
				"west": {"uv": [1.75, 7, 3.25, 7.75], "texture": "#0"},
				"up": {"uv": [1.75, 7, 1.5, 5.5], "texture": "#0"},
				"down": {"uv": [2, 5.5, 1.75, 7], "texture": "#0"}
			}
		},
		{
			"from": [5, 7, 5],
			"to": [11, 10, 11],
			"faces": {
				"north": {"uv": [5, 7, 6.5, 7.75], "texture": "#0"},
				"east": {"uv": [3.5, 7, 5, 7.75], "texture": "#0"},
				"south": {"uv": [8, 7, 9.5, 7.75], "texture": "#0"},
				"west": {"uv": [6.5, 7, 8, 7.75], "texture": "#0"},
				"up": {"uv": [6.5, 7, 5, 5.5], "texture": "#0"},
				"down": {"uv": [8, 5.5, 6.5, 7], "texture": "#0"}
			}
		},
		{
			"from": [6, 10, 6],
			"to": [10, 11, 10],
			"faces": {
				"north": {"uv": [1, 8.75, 2, 9], "texture": "#0"},
				"east": {"uv": [0, 8.75, 1, 9], "texture": "#0"},
				"south": {"uv": [3, 8.75, 4, 9], "texture": "#0"},
				"west": {"uv": [2, 8.75, 3, 9], "texture": "#0"},
				"up": {"uv": [2, 8.75, 1, 7.75], "texture": "#0"},
				"down": {"uv": [3, 7.75, 2, 8.75], "texture": "#0"}
			}
		}
	],
	"display": {
		"thirdperson_righthand": {
			"rotation": [25, 0, 0],
			"translation": [0, 4.1739, 2.0869],
			"scale": [0.8, 0.8, 0.8]
		},
		"thirdperson_lefthand": {
			"rotation": [25, 0, 0],
			"translation": [0, 4.1739, 2.0869],
			"scale": [0.8, 0.8, 0.8]
		},
		"firstperson_righthand": {
			"rotation": [5, 125, -14],
			"translation": [2.0869, 4.8695, -3.478],
			"scale": [0.8, 0.8, 0.8]
		},
		"firstperson_lefthand": {
			"rotation": [5, 125, -14],
			"translation": [2.0869, 4.8695, -3.478],
			"scale": [0.8, 0.8, 0.8]
		},
		"ground": {
			"translation": [0, -8, 0],
			"scale": [0.7, 0.7, 0.7]
		},
		"gui": {
			"rotation": [14, 143, -1],
			"translation": [0, 2.0869, 0]
		},
		"head": {
			"translation": [0, -23, 0.6956],
			"scale": [1.3, 1.3, 1.3]
		}
	},
	"groups": [
		{
			"name": "egg",
			"origin": [8, 8, 8],
			"children": [0, 1, 2, 3, 4, 5, 6]
		}
	]
}