{"textures":{"white":"pokeball/white","black":"pokeball/black","purple":"pokeball/l_blue","pink":"pokeball/yellow"},"elements":[{"from":[6.4997,0.4996,5.9993],"to":[11.4997,2.4996,10.9993],"faces":{"down":{"uv":[6.5,5,11.5,10],"texture":"#purple"},"up":{"uv":[6.5,6,11.5,11],"texture":"#purple"},"north":{"uv":[4.5,13.5,9.5,15.5],"texture":"#purple"},"south":{"uv":[6.5,13.5,11.5,15.5],"texture":"#purple"},"west":{"uv":[6,13.5,11,15.5],"texture":"#purple"},"east":{"uv":[5,13.5,10,15.5],"texture":"#purple"}}},{"from":[6.5005,3.0002,6.0002],"to":[11.5005,5.0002,11.0002],"faces":{"down":{"uv":[6.5,5,11.5,10],"texture":"#purple"},"up":{"uv":[6.5,6,11.5,11],"texture":"#purple"},"north":{"uv":[4.5,14,9.5,15.5],"texture":"#purple"},"south":{"uv":[6.5,14,11.5,15.5],"texture":"#purple"},"west":{"uv":[6,14,11,15.5],"texture":"#purple"},"east":{"uv":[5,14,10,15.5],"texture":"#purple"}}},{"from":[7.0004,0.9994,5.4992],"to":[11.0004,2.4994,5.9992],"faces":{"down":{"uv":[0,0,16,16],"texture":"#purple"},"up":{"uv":[0,0,16,16],"texture":"#purple"},"north":{"uv":[0,0,16,16],"texture":"#purple"},"south":{"uv":[0,0,16,16],"texture":"#purple"},"west":{"uv":[0,0,16,16],"texture":"#purple"},"east":{"uv":[0,0,16,16],"texture":"#purple"}}},{"from":[7.0004,0.9999,10.9994],"to":[11.0004,2.4999,11.4994],"faces":{"down":{"uv":[6.5,5,11.5,10],"texture":"#purple"},"up":{"uv":[6.5,6,11.5,11],"texture":"#purple"},"north":{"uv":[4.5,14,9.5,15.5],"texture":"#purple"},"south":{"uv":[6.5,14,11.5,15.5],"texture":"#purple"},"west":{"uv":[6,14,11,15.5],"texture":"#purple"},"east":{"uv":[5,14,10,15.5],"texture":"#purple"}}},{"from":[6.9994,3.0009,5.4998],"to":[10.9994,4.5009,5.9998],"faces":{"down":{"uv":[6.5,5,11.5,10],"texture":"#purple"},"up":{"uv":[6.5,6,11.5,11],"texture":"#purple"},"north":{"uv":[4.5,14,9.5,15.5],"texture":"#purple"},"south":{"uv":[6.5,14,11.5,15.5],"texture":"#purple"},"west":{"uv":[6,14,11,15.5],"texture":"#purple"},"east":{"uv":[5,14,10,15.5],"texture":"#purple"}}},{"from":[7.0009,2.999,10.9998],"to":[11.0009,4.499,11.4998],"faces":{"down":{"uv":[6.5,5,11.5,10],"texture":"#purple"},"up":{"uv":[6.5,6,11.5,11],"texture":"#purple"},"north":{"uv":[4.5,14,9.5,15.5],"texture":"#purple"},"south":{"uv":[6.5,14,11.5,15.5],"texture":"#purple"},"west":{"uv":[6,14,11,15.5],"texture":"#purple"},"east":{"uv":[5,14,10,15.5],"texture":"#purple"}}},{"from":[7,4.999,6.5008],"to":[11,5.499,10.5008],"faces":{"down":{"uv":[6.5,5,11.5,10],"texture":"#purple"},"up":{"uv":[6.5,6,11.5,11],"texture":"#purple"},"north":{"uv":[4.5,14,9.5,15.5],"texture":"#purple"},"south":{"uv":[6.5,14,11.5,15.5],"texture":"#purple"},"west":{"uv":[6,14,11,15.5],"texture":"#purple"},"east":{"uv":[5,14,10,15.5],"texture":"#purple"}}},{"from":[7.0001,0.0009999999,6.4999],"to":[11.0001,0.501,10.4999],"faces":{"down":{"uv":[0,0,16,16],"texture":"#purple"},"up":{"uv":[0,0,16,16],"texture":"#purple"},"north":{"uv":[0,0,16,16],"texture":"#purple"},"south":{"uv":[0,0,16,16],"texture":"#purple"},"west":{"uv":[0,0,16,16],"texture":"#purple"},"east":{"uv":[0,0,16,16],"texture":"#purple"}}},{"from":[5.9993,1,6.5001],"to":[6.4993,2.5,10.5001],"faces":{"down":{"uv":[0,0,16,16],"texture":"#purple","rotation":270},"up":{"uv":[0,0,16,16],"texture":"#purple","rotation":90},"north":{"uv":[0,0,16,16],"texture":"#purple"},"south":{"uv":[0,0,16,16],"texture":"#purple"},"west":{"uv":[0,0,16,16],"texture":"#purple"},"east":{"uv":[0,0,16,16],"texture":"#purple"}}},{"from":[6.9991,2.9997,6.4998],"to":[7.4991,4.4997,10.4998],"faces":{"down":{"uv":[6.5,5,11.5,10],"texture":"#white"},"up":{"uv":[6.5,6,11.5,11],"texture":"#white"},"north":{"uv":[4.5,14,9.5,15.5],"texture":"#white"},"south":{"uv":[6.5,14,11.5,15.5],"texture":"#white"},"west":{"uv":[6,14,11,15.5],"texture":"#white"},"east":{"uv":[5,14,10,15.5],"texture":"#white"}}},{"from":[11.4995,1.0004,6.5001],"to":[11.9995,2.5004,10.5001],"faces":{"down":{"uv":[0,0,16,16],"texture":"#purple"},"up":{"uv":[0,0,16,16],"texture":"#purple"},"north":{"uv":[0,0,16,16],"texture":"#purple"},"south":{"uv":[0,0,16,16],"texture":"#purple"},"west":{"uv":[0,0,16,16],"texture":"#purple"},"east":{"uv":[0,0,16,16],"texture":"#purple"}}},{"from":[11.5004,3.0007,6.5003],"to":[12.0004,4.5007,10.5003],"faces":{"down":{"uv":[6.5,5,11.5,10],"texture":"#purple"},"up":{"uv":[6.5,6,11.5,11],"texture":"#purple"},"north":{"uv":[4.5,14,9.5,15.5],"texture":"#purple"},"south":{"uv":[6.5,14,11.5,15.5],"texture":"#purple"},"west":{"uv":[6,14,11,15.5],"texture":"#purple"},"east":{"uv":[5,14,10,15.5],"texture":"#purple"}}},{"from":[6.5008,2.4991,6.4998],"to":[11.5008,2.9991,10.4998],"faces":{"down":{"uv":[6.5,5,11.5,10],"texture":"#black"},"up":{"uv":[6.5,6,11.5,11],"texture":"#black"},"north":{"uv":[4.5,14,9.5,15.5],"texture":"#black"},"south":{"uv":[6.5,14,11.5,15.5],"texture":"#black"},"west":{"uv":[6,14,11,15.5],"texture":"#black"},"east":{"uv":[5,14,10,15.5],"texture":"#black"}}},{"from":[7.0006,2.5005,6.0005],"to":[11.0006,3.0005,11.0005],"faces":{"down":{"uv":[6.5,5,11.5,10],"texture":"#black"},"up":{"uv":[6.5,6,11.5,11],"texture":"#black"},"north":{"uv":[4.5,14,9.5,15.5],"texture":"#black"},"south":{"uv":[6.5,14.5,11.5,16],"texture":"#black"},"west":{"uv":[6,14,11,15.5],"texture":"#black"},"east":{"uv":[5,14,10,15.5],"texture":"#black"}}},{"from":[6.0009,2.9999,6.4998],"to":[6.5009,4.4999,10.4998],"faces":{"down":{"uv":[6.5,5,11.5,10],"texture":"#purple"},"up":{"uv":[6.5,6,11.5,11],"texture":"#purple"},"north":{"uv":[4.5,14,9.5,15.5],"texture":"#purple"},"south":{"uv":[6.5,14,11.5,15.5],"texture":"#purple"},"west":{"uv":[6,14,11,15.5],"texture":"#purple"},"east":{"uv":[5,14,10,15.5],"texture":"#purple"}}},{"from":[8.0004,1.7502,5.2493],"to":[10.0004,3.7502,6.2493],"faces":{"down":{"uv":[6.5,5,11.5,10],"texture":"#black"},"up":{"uv":[6.5,6,11.5,11],"texture":"#black"},"north":{"uv":[4.5,14,9.5,15.5],"texture":"#black"},"south":{"uv":[6.5,14,11.5,15.5],"texture":"#black"},"west":{"uv":[6,14,11,15.5],"texture":"#black"},"east":{"uv":[5,14,10,15.5],"texture":"#black"}}},{"from":[8.2508,1.9998,4.9999],"to":[9.7508,3.4998,5.4999],"faces":{"down":{"uv":[0,0,16,16],"texture":"#white"},"up":{"uv":[0,0,16,16],"texture":"#white"},"north":{"uv":[0,0,16,16],"texture":"#white"},"south":{"uv":[0,0,16,16],"texture":"#white"},"west":{"uv":[0,0,16,16],"texture":"#white"},"east":{"uv":[0,0,16,16],"texture":"#white"}}},{"from":[6.2508,4.2495,6.2509],"to":[7.2508,5.2495,10.7509],"faces":{"down":{"uv":[6.5,5,11.5,10],"texture":"#pink"},"up":{"uv":[6.5,6,11.5,11],"texture":"#pink"},"north":{"uv":[4.5,14,9.5,15.5],"texture":"#pink"},"south":{"uv":[6.5,14,11.5,15.5],"texture":"#pink"},"west":{"uv":[6,14,11,15.5],"texture":"#pink"},"east":{"uv":[5,14,10,15.5],"texture":"#pink"}}},{"from":[6.3757,4.1258,5.8747],"to":[7.3757,5.1258,6.8747],"faces":{"down":{"uv":[6.5,5,11.5,10],"texture":"#pink"},"up":{"uv":[6.5,6,11.5,11],"texture":"#pink"},"north":{"uv":[4.5,14,9.5,15.5],"texture":"#pink"},"south":{"uv":[6.5,14,11.5,15.5],"texture":"#pink"},"west":{"uv":[6,14,11,15.5],"texture":"#pink"},"east":{"uv":[5,14,10,15.5],"texture":"#pink"}}},{"from":[6.3754,4.1255,10.1243],"to":[7.3754,5.1255,11.1243],"faces":{"down":{"uv":[6.5,5,11.5,10],"texture":"#pink"},"up":{"uv":[6.5,6,11.5,11],"texture":"#pink"},"north":{"uv":[4.5,14,9.5,15.5],"texture":"#pink"},"south":{"uv":[6.5,14,11.5,15.5],"texture":"#pink"},"west":{"uv":[6,14,11,15.5],"texture":"#pink"},"east":{"uv":[5,14,10,15.5],"texture":"#pink"}}},{"from":[10.7505,4.2495,6.2493],"to":[11.7505,5.2495,10.7493],"faces":{"down":{"uv":[6.5,5,11.5,10],"texture":"#pink"},"up":{"uv":[6.5,6,11.5,11],"texture":"#pink"},"north":{"uv":[4.5,14,9.5,15.5],"texture":"#pink"},"south":{"uv":[6.5,14,11.5,15.5],"texture":"#pink"},"west":{"uv":[6,14,11,15.5],"texture":"#pink"},"east":{"uv":[5,14,10,15.5],"texture":"#pink"}}},{"from":[10.6253,4.1258,5.8748],"to":[11.6253,5.1258,6.8748],"faces":{"down":{"uv":[6.5,5,11.5,10],"texture":"#pink"},"up":{"uv":[6.5,6,11.5,11],"texture":"#pink"},"north":{"uv":[4.5,14,9.5,15.5],"texture":"#pink"},"south":{"uv":[6.5,14,11.5,15.5],"texture":"#pink"},"west":{"uv":[6,14,11,15.5],"texture":"#pink"},"east":{"uv":[5,14,10,15.5],"texture":"#pink"}}},{"from":[10.6254,4.1242,10.1252],"to":[11.6254,5.1242,11.1252],"faces":{"down":{"uv":[6.5,5,11.5,10],"texture":"#pink"},"up":{"uv":[6.5,6,11.5,11],"texture":"#pink"},"north":{"uv":[4.5,14,9.5,15.5],"texture":"#pink"},"south":{"uv":[6.5,14,11.5,15.5],"texture":"#pink"},"west":{"uv":[6,14,11,15.5],"texture":"#pink"},"east":{"uv":[5,14,10,15.5],"texture":"#pink"}}},{"from":[6.5,3.875,5.625],"to":[7.5,4.875,6.625],"faces":{"down":{"uv":[6.5,5,11.5,10],"texture":"#pink"},"up":{"uv":[6.5,6,11.5,11],"texture":"#pink"},"north":{"uv":[4.5,14,9.5,15.5],"texture":"#pink"},"south":{"uv":[6.5,14,11.5,15.5],"texture":"#pink"},"west":{"uv":[6,14,11,15.5],"texture":"#pink"},"east":{"uv":[5,14,10,15.5],"texture":"#pink"}}},{"from":[6.875,3.625,5.375],"to":[11.125,4.625,6.375],"faces":{"down":{"uv":[6.5,5,11.5,10],"texture":"#pink"},"up":{"uv":[6.5,6,11.5,11],"texture":"#pink"},"north":{"uv":[4.5,14,9.5,15.5],"texture":"#pink"},"south":{"uv":[6.5,14,11.5,15.5],"texture":"#pink"},"west":{"uv":[6,14,11,15.5],"texture":"#pink"},"east":{"uv":[5,14,10,15.5],"texture":"#pink"}}},{"from":[10.375,3.875,5.625],"to":[11.375,4.875,6.625],"faces":{"down":{"uv":[6.5,5,11.5,10],"texture":"#pink"},"up":{"uv":[6.5,6,11.5,11],"texture":"#pink"},"north":{"uv":[4.5,14,9.5,15.5],"texture":"#pink"},"south":{"uv":[6.5,14,11.5,15.5],"texture":"#pink"},"west":{"uv":[6,14,11,15.5],"texture":"#pink"},"east":{"uv":[5,14,10,15.5],"texture":"#pink"}}},{"from":[6.875,0.875,5.375],"to":[11.125,1.875,6.375],"faces":{"down":{"uv":[6.5,5,11.5,10],"texture":"#pink"},"up":{"uv":[6.5,6,11.5,11],"texture":"#pink"},"north":{"uv":[4.5,14,9.5,15.5],"texture":"#pink"},"south":{"uv":[6.5,14,11.5,15.5],"texture":"#pink"},"west":{"uv":[6,14,11,15.5],"texture":"#pink"},"east":{"uv":[5,14,10,15.5],"texture":"#pink"}}},{"from":[10.375,0.625,5.625],"to":[11.375,1.625,6.625],"faces":{"down":{"uv":[6.5,5,11.5,10],"texture":"#pink"},"up":{"uv":[6.5,6,11.5,11],"texture":"#pink"},"north":{"uv":[4.5,14,9.5,15.5],"texture":"#pink"},"south":{"uv":[6.5,14,11.5,15.5],"texture":"#pink"},"west":{"uv":[6,14,11,15.5],"texture":"#pink"},"east":{"uv":[5,14,10,15.5],"texture":"#pink"}}},{"from":[10.625,0.375,5.875],"to":[11.625,1.375,6.875],"faces":{"down":{"uv":[6.5,5,11.5,10],"texture":"#pink"},"up":{"uv":[6.5,6,11.5,11],"texture":"#pink"},"north":{"uv":[4.5,14,9.5,15.5],"texture":"#pink"},"south":{"uv":[6.5,14,11.5,15.5],"texture":"#pink"},"west":{"uv":[6,14,11,15.5],"texture":"#pink"},"east":{"uv":[5,14,10,15.5],"texture":"#pink"}}},{"from":[6.5,0.625,5.625],"to":[7.5,1.625,6.625],"faces":{"down":{"uv":[6.5,5,11.5,10],"texture":"#pink"},"up":{"uv":[6.5,6,11.5,11],"texture":"#pink"},"north":{"uv":[4.5,14,9.5,15.5],"texture":"#pink"},"south":{"uv":[6.5,14,11.5,15.5],"texture":"#pink"},"west":{"uv":[6,14,11,15.5],"texture":"#pink"},"east":{"uv":[5,14,10,15.5],"texture":"#pink"}}},{"from":[6.375,0.375,5.875],"to":[7.375,1.375,6.875],"faces":{"down":{"uv":[6.5,5,11.5,10],"texture":"#pink"},"up":{"uv":[6.5,6,11.5,11],"texture":"#pink"},"north":{"uv":[4.5,14,9.5,15.5],"texture":"#pink"},"south":{"uv":[6.5,14,11.5,15.5],"texture":"#pink"},"west":{"uv":[6,14,11,15.5],"texture":"#pink"},"east":{"uv":[5,14,10,15.5],"texture":"#pink"}}},{"from":[10.5,3.875,10.375],"to":[11.5,4.875,11.375],"faces":{"down":{"uv":[6.5,5,11.5,10],"texture":"#pink","rotation":180},"up":{"uv":[6.5,6,11.5,11],"texture":"#pink","rotation":180},"north":{"uv":[6.5,14,11.5,15.5],"texture":"#pink"},"south":{"uv":[4.5,14,9.5,15.5],"texture":"#pink"},"west":{"uv":[5,14,10,15.5],"texture":"#pink"},"east":{"uv":[6,14,11,15.5],"texture":"#pink"}}},{"from":[10.6243,4.1258,10.1253],"to":[11.6243,5.1258,11.1253],"faces":{"down":{"uv":[6.5,5,11.5,10],"texture":"#pink","rotation":180},"up":{"uv":[6.5,6,11.5,11],"texture":"#pink","rotation":180},"north":{"uv":[6.5,14,11.5,15.5],"texture":"#pink"},"south":{"uv":[4.5,14,9.5,15.5],"texture":"#pink"},"west":{"uv":[5,14,10,15.5],"texture":"#pink"},"east":{"uv":[6,14,11,15.5],"texture":"#pink"}}},{"from":[6.875,3.625,10.625],"to":[11.125,4.625,11.625],"faces":{"down":{"uv":[6.5,5,11.5,10],"texture":"#pink","rotation":180},"up":{"uv":[6.5,6,11.5,11],"texture":"#pink","rotation":180},"north":{"uv":[6.5,14,11.5,15.5],"texture":"#pink"},"south":{"uv":[4.5,14,9.5,15.5],"texture":"#pink"},"west":{"uv":[5,14,10,15.5],"texture":"#pink"},"east":{"uv":[6,14,11,15.5],"texture":"#pink"}}},{"from":[6.625,3.875,10.375],"to":[7.625,4.875,11.375],"faces":{"down":{"uv":[6.5,5,11.5,10],"texture":"#pink","rotation":180},"up":{"uv":[6.5,6,11.5,11],"texture":"#pink","rotation":180},"north":{"uv":[6.5,14,11.5,15.5],"texture":"#pink"},"south":{"uv":[4.5,14,9.5,15.5],"texture":"#pink"},"west":{"uv":[5,14,10,15.5],"texture":"#pink"},"east":{"uv":[6,14,11,15.5],"texture":"#pink"}}},{"from":[6.3747,4.1258,10.1252],"to":[7.3747,5.1258,11.1252],"faces":{"down":{"uv":[6.5,5,11.5,10],"texture":"#pink","rotation":180},"up":{"uv":[6.5,6,11.5,11],"texture":"#pink","rotation":180},"north":{"uv":[6.5,14,11.5,15.5],"texture":"#pink"},"south":{"uv":[4.5,14,9.5,15.5],"texture":"#pink"},"west":{"uv":[5,14,10,15.5],"texture":"#pink"},"east":{"uv":[6,14,11,15.5],"texture":"#pink"}}},{"from":[6.375,0.375,10.125],"to":[7.375,1.375,11.125],"faces":{"down":{"uv":[6.5,5,11.5,10],"texture":"#pink","rotation":180},"up":{"uv":[6.5,6,11.5,11],"texture":"#pink","rotation":180},"north":{"uv":[6.5,14,11.5,15.5],"texture":"#pink"},"south":{"uv":[4.5,14,9.5,15.5],"texture":"#pink"},"west":{"uv":[5,14,10,15.5],"texture":"#pink"},"east":{"uv":[6,14,11,15.5],"texture":"#pink"}}},{"from":[6.625,0.625,10.375],"to":[7.625,1.625,11.375],"faces":{"down":{"uv":[6.5,5,11.5,10],"texture":"#pink","rotation":180},"up":{"uv":[6.5,6,11.5,11],"texture":"#pink","rotation":180},"north":{"uv":[6.5,14,11.5,15.5],"texture":"#pink"},"south":{"uv":[4.5,14,9.5,15.5],"texture":"#pink"},"west":{"uv":[5,14,10,15.5],"texture":"#pink"},"east":{"uv":[6,14,11,15.5],"texture":"#pink"}}},{"from":[6.875,0.875,10.625],"to":[11.125,1.875,11.625],"faces":{"down":{"uv":[6.5,5,11.5,10],"texture":"#pink","rotation":180},"up":{"uv":[6.5,6,11.5,11],"texture":"#pink","rotation":180},"north":{"uv":[6.5,14,11.5,15.5],"texture":"#pink"},"south":{"uv":[4.5,14,9.5,15.5],"texture":"#pink"},"west":{"uv":[5,14,10,15.5],"texture":"#pink"},"east":{"uv":[6,14,11,15.5],"texture":"#pink"}}},{"from":[10.625,0.375,10.125],"to":[11.625,1.375,11.125],"faces":{"down":{"uv":[6.5,5,11.5,10],"texture":"#pink","rotation":180},"up":{"uv":[6.5,6,11.5,11],"texture":"#pink","rotation":180},"north":{"uv":[6.5,14,11.5,15.5],"texture":"#pink"},"south":{"uv":[4.5,14,9.5,15.5],"texture":"#pink"},"west":{"uv":[5,14,10,15.5],"texture":"#pink"},"east":{"uv":[6,14,11,15.5],"texture":"#pink"}}},{"from":[10.5,0.625,10.375],"to":[11.5,1.625,11.375],"faces":{"down":{"uv":[6.5,5,11.5,10],"texture":"#pink","rotation":180},"up":{"uv":[6.5,6,11.5,11],"texture":"#pink","rotation":180},"north":{"uv":[6.5,14,11.5,15.5],"texture":"#pink"},"south":{"uv":[4.5,14,9.5,15.5],"texture":"#pink"},"west":{"uv":[5,14,10,15.5],"texture":"#pink"},"east":{"uv":[6,14,11,15.5],"texture":"#pink"}}},{"from":[6.25,0.25,6.25],"to":[7.25,1.25,10.75],"faces":{"down":{"uv":[6.5,5,11.5,10],"texture":"#pink"},"up":{"uv":[6.5,6,11.5,11],"texture":"#pink"},"north":{"uv":[4.5,14,9.5,15.5],"texture":"#pink"},"south":{"uv":[6.5,14,11.5,15.5],"texture":"#pink"},"west":{"uv":[6,14,11,15.5],"texture":"#pink"},"east":{"uv":[5,14,10,15.5],"texture":"#pink"}}},{"from":[10.7497,0.25,6.2484],"to":[11.7497,1.25,10.7484],"faces":{"down":{"uv":[6.5,5,11.5,10],"texture":"#pink"},"up":{"uv":[6.5,6,11.5,11],"texture":"#pink"},"north":{"uv":[4.5,14,9.5,15.5],"texture":"#pink"},"south":{"uv":[6.5,14,11.5,15.5],"texture":"#pink"},"west":{"uv":[6,14,11,15.5],"texture":"#pink"},"east":{"uv":[5,14,10,15.5],"texture":"#pink"}}},{"from":[7.25,3,5.25],"to":[10.75,4,6.25],"faces":{"down":{"uv":[6.5,5,11.5,10],"texture":"#pink"},"up":{"uv":[6.5,6,11.5,11],"texture":"#pink"},"north":{"uv":[4.5,14,9.5,15.5],"texture":"#pink"},"south":{"uv":[6.5,14,11.5,15.5],"texture":"#pink"},"west":{"uv":[6,14,11,15.5],"texture":"#pink"},"east":{"uv":[5,14,10,15.5],"texture":"#pink"}}},{"from":[7.25,1.5,5.25],"to":[10.75,2.5,6.25],"faces":{"down":{"uv":[6.5,5,11.5,10],"texture":"#pink"},"up":{"uv":[6.5,6,11.5,11],"texture":"#pink"},"north":{"uv":[4.5,14,9.5,15.5],"texture":"#pink"},"south":{"uv":[6.5,14,11.5,15.5],"texture":"#pink"},"west":{"uv":[6,14,11,15.5],"texture":"#pink"},"east":{"uv":[5,14,10,15.5],"texture":"#pink"}}},{"from":[7.375,1.5,10.75],"to":[10.875,2.5,11.75],"faces":{"down":{"uv":[6.5,5,11.5,10],"texture":"#pink"},"up":{"uv":[6.5,6,11.5,11],"texture":"#pink"},"north":{"uv":[4.5,14,9.5,15.5],"texture":"#pink"},"south":{"uv":[6.5,14,11.5,15.5],"texture":"#pink"},"west":{"uv":[6,14,11,15.5],"texture":"#pink"},"east":{"uv":[5,14,10,15.5],"texture":"#pink"}}},{"from":[7.375,3,10.75],"to":[10.875,4,11.75],"faces":{"down":{"uv":[6.5,5,11.5,10],"texture":"#pink"},"up":{"uv":[6.5,6,11.5,11],"texture":"#pink"},"north":{"uv":[4.5,14,9.5,15.5],"texture":"#pink"},"south":{"uv":[6.5,14,11.5,15.5],"texture":"#pink"},"west":{"uv":[6,14,11,15.5],"texture":"#pink"},"east":{"uv":[5,14,10,15.5],"texture":"#pink"}}},{"from":[8,4.125,5.75],"to":[10,5.125,6.375],"faces":{"down":{"uv":[6.5,5,11.5,10],"texture":"#pink"},"up":{"uv":[6.5,6,11.5,11],"texture":"#pink"},"north":{"uv":[4.5,14,9.5,15.5],"texture":"#pink"},"south":{"uv":[6.5,14,11.5,15.5],"texture":"#pink"},"west":{"uv":[6,14,11,15.5],"texture":"#pink"},"east":{"uv":[5,14,10,15.5],"texture":"#pink"}}},{"from":[8.375,4.375,6.125],"to":[9.625,5.375,6.75],"faces":{"down":{"uv":[6.5,5,11.5,10],"texture":"#pink"},"up":{"uv":[6.5,6,11.5,11],"texture":"#pink"},"north":{"uv":[4.5,14,9.5,15.5],"texture":"#pink"},"south":{"uv":[6.5,14,11.5,15.5],"texture":"#pink"},"west":{"uv":[6,14,11,15.5],"texture":"#pink"},"east":{"uv":[5,14,10,15.5],"texture":"#pink"}}},{"from":[8,0.375,5.75],"to":[10,1.375,6.375],"faces":{"down":{"uv":[6.5,5,11.5,10],"texture":"#pink"},"up":{"uv":[6.5,6,11.5,11],"texture":"#pink"},"north":{"uv":[4.5,14,9.5,15.5],"texture":"#pink"},"south":{"uv":[6.5,14,11.5,15.5],"texture":"#pink"},"west":{"uv":[6,14,11,15.5],"texture":"#pink"},"east":{"uv":[5,14,10,15.5],"texture":"#pink"}}},{"from":[8.375,0.125,6.125],"to":[9.625,1.125,6.75],"faces":{"down":{"uv":[6.5,5,11.5,10],"texture":"#pink"},"up":{"uv":[6.5,6,11.5,11],"texture":"#pink"},"north":{"uv":[4.5,14,9.5,15.5],"texture":"#pink"},"south":{"uv":[6.5,14,11.5,15.5],"texture":"#pink"},"west":{"uv":[6,14,11,15.5],"texture":"#pink"},"east":{"uv":[5,14,10,15.5],"texture":"#pink"}}},{"from":[8.375,0.125,10.25],"to":[9.625,1.125,10.875],"faces":{"down":{"uv":[6.5,5,11.5,10],"texture":"#pink","rotation":180},"up":{"uv":[6.5,6,11.5,11],"texture":"#pink","rotation":180},"north":{"uv":[6.5,14,11.5,15.5],"texture":"#pink"},"south":{"uv":[4.5,14,9.5,15.5],"texture":"#pink"},"west":{"uv":[5,14,10,15.5],"texture":"#pink"},"east":{"uv":[6,14,11,15.5],"texture":"#pink"}}},{"from":[8,0.375,10.625],"to":[10,1.375,11.25],"faces":{"down":{"uv":[6.5,5,11.5,10],"texture":"#pink","rotation":180},"up":{"uv":[6.5,6,11.5,11],"texture":"#pink","rotation":180},"north":{"uv":[6.5,14,11.5,15.5],"texture":"#pink"},"south":{"uv":[4.5,14,9.5,15.5],"texture":"#pink"},"west":{"uv":[5,14,10,15.5],"texture":"#pink"},"east":{"uv":[6,14,11,15.5],"texture":"#pink"}}},{"from":[8,4.125,10.625],"to":[10,5.125,11.25],"faces":{"down":{"uv":[6.5,5,11.5,10],"texture":"#pink","rotation":180},"up":{"uv":[6.5,6,11.5,11],"texture":"#pink","rotation":180},"north":{"uv":[6.5,14,11.5,15.5],"texture":"#pink"},"south":{"uv":[4.5,14,9.5,15.5],"texture":"#pink"},"west":{"uv":[5,14,10,15.5],"texture":"#pink"},"east":{"uv":[6,14,11,15.5],"texture":"#pink"}}},{"from":[8.375,4.375,10.25],"to":[9.625,5.375,10.875],"faces":{"down":{"uv":[6.5,5,11.5,10],"texture":"#pink","rotation":180},"up":{"uv":[6.5,6,11.5,11],"texture":"#pink","rotation":180},"north":{"uv":[6.5,14,11.5,15.5],"texture":"#pink"},"south":{"uv":[4.5,14,9.5,15.5],"texture":"#pink"},"west":{"uv":[5,14,10,15.5],"texture":"#pink"},"east":{"uv":[6,14,11,15.5],"texture":"#pink"}}}],"display":{"thirdperson_righthand":{"translation":[-1,4.8695,0]},"thirdperson_lefthand":{"translation":[1,4.8695,0]},"firstperson_righthand":{"rotation":[0,-90,25],"translation":[0.4343,7.05,-0.261],"scale":[0.68,0.68,0.68]},"firstperson_lefthand":{"rotation":[0,-90,25],"translation":[1.13,7.3739,1.13],"scale":[0.68,0.68,0.68]},"gui":{"rotation":[19.5,-155.5,0],"translation":[2.25,9.55,15],"scale":[1.99141,1.99141,1.99141]},"ground":{"translation":[0,1.3913,0]},"fixed":{"translation":[-2.369,12.3,0],"scale":[2.3,2.3,2.3]}},"gui_light":"front"}