{"textures":{"white":"pokeball/white","black":"pokeball/black","red":"pokeball/red","yellow":"pokeball/yellow"},"elements":[{"from":[6.4999,0.5001,5.9998],"to":[11.4999,2.500101,10.9998],"faces":{"down":{"uv":[0,0,16,16],"texture":"#white"},"up":{"uv":[0,0,16,16],"texture":"#white"},"north":{"uv":[0,0,16,16],"texture":"#white"},"south":{"uv":[0,0,16,16],"texture":"#white"},"west":{"uv":[0,0,16,16],"texture":"#white"},"east":{"uv":[0,0,16,16],"texture":"#white"}}},{"from":[6.5,3.0005,5.9992],"to":[11.5,5.0005,10.9992],"faces":{"down":{"uv":[6.5,5,11.5,10],"texture":"#red"},"up":{"uv":[6.5,6,11.5,11],"texture":"#red"},"north":{"uv":[4.5,14,9.5,15.5],"texture":"#red"},"south":{"uv":[6.5,14,11.5,15.5],"texture":"#red"},"west":{"uv":[6,14,11,15.5],"texture":"#red"},"east":{"uv":[5,14,10,15.5],"texture":"#red"}}},{"from":[6.9998,0.9998,5.4996],"to":[10.9998,2.4998,5.9996],"faces":{"down":{"uv":[0,0,16,16],"texture":"#white"},"up":{"uv":[0,0,16,16],"texture":"#white"},"north":{"uv":[0,0,16,16],"texture":"#white"},"south":{"uv":[0,0,16,16],"texture":"#white"},"west":{"uv":[0,0,16,16],"texture":"#white"},"east":{"uv":[0,0,16,16],"texture":"#white"}}},{"from":[7.0006,0.9995,11.0007],"to":[11.0006,2.4995,11.5007],"faces":{"down":{"uv":[6.5,5,11.5,10],"texture":"#white"},"up":{"uv":[6.5,6,11.5,11],"texture":"#white"},"north":{"uv":[4.5,14,9.5,15.5],"texture":"#white"},"south":{"uv":[6.5,14,11.5,15.5],"texture":"#white"},"west":{"uv":[6,14,11,15.5],"texture":"#white"},"east":{"uv":[5,14,10,15.5],"texture":"#white"}}},{"from":[6.9997,3.0008,5.4996],"to":[10.9997,4.500801,5.9996],"faces":{"down":{"uv":[6.5,5,11.5,10],"texture":"#red"},"up":{"uv":[6.5,6,11.5,11],"texture":"#red"},"north":{"uv":[4.5,14,9.5,15.5],"texture":"#red"},"south":{"uv":[6.5,14,11.5,15.5],"texture":"#red"},"west":{"uv":[6,14,11,15.5],"texture":"#red"},"east":{"uv":[5,14,10,15.5],"texture":"#red"}}},{"from":[7.0007,2.9999,10.9998],"to":[11.00069,4.4999,11.4998],"faces":{"down":{"uv":[6.5,5,11.5,10],"texture":"#red"},"up":{"uv":[6.5,6,11.5,11],"texture":"#red"},"north":{"uv":[4.5,14,9.5,15.5],"texture":"#red"},"south":{"uv":[6.5,14,11.5,15.5],"texture":"#red"},"west":{"uv":[6,14,11,15.5],"texture":"#red"},"east":{"uv":[5,14,10,15.5],"texture":"#red"}}},{"from":[6.9996,5.0005,6.5009],"to":[10.9996,5.5005,10.5009],"faces":{"down":{"uv":[6.5,5,11.5,10],"texture":"#red"},"up":{"uv":[6.5,6,11.5,11],"texture":"#red"},"north":{"uv":[4.5,14,9.5,15.5],"texture":"#red"},"south":{"uv":[6.5,14,11.5,15.5],"texture":"#red"},"west":{"uv":[6,14,11,15.5],"texture":"#red"},"east":{"uv":[5,14,10,15.5],"texture":"#red"}}},{"from":[7.0003,0.0009,6.4992],"to":[11.0003,0.5009,10.4992],"faces":{"down":{"uv":[0,0,16,16],"texture":"#white"},"up":{"uv":[0,0,16,16],"texture":"#white"},"north":{"uv":[0,0,16,16],"texture":"#white"},"south":{"uv":[0,0,16,16],"texture":"#white"},"west":{"uv":[0,0,16,16],"texture":"#white"},"east":{"uv":[0,0,16,16],"texture":"#white"}}},{"from":[5.9995,0.9992,6.5007],"to":[6.4995,2.4992,10.5007],"faces":{"down":{"uv":[0,0,16,16],"texture":"#white","rotation":270},"up":{"uv":[0,0,16,16],"texture":"#white","rotation":90},"north":{"uv":[0,0,16,16],"texture":"#white"},"south":{"uv":[0,0,16,16],"texture":"#white"},"west":{"uv":[0,0,16,16],"texture":"#white"},"east":{"uv":[0,0,16,16],"texture":"#white"}}},{"from":[7,2.9995,6.4991],"to":[7.5,4.4995,10.4991],"faces":{"down":{"uv":[6.5,5,11.5,10],"texture":"#white"},"up":{"uv":[6.5,6,11.5,11],"texture":"#white"},"north":{"uv":[4.5,14,9.5,15.5],"texture":"#white"},"south":{"uv":[6.5,14,11.5,15.5],"texture":"#white"},"west":{"uv":[6,14,11,15.5],"texture":"#white"},"east":{"uv":[5,14,10,15.5],"texture":"#white"}}},{"from":[11.4993,1.0008,6.4994],"to":[11.9993,2.5008,10.4994],"faces":{"down":{"uv":[0,0,16,16],"texture":"#white"},"up":{"uv":[0,0,16,16],"texture":"#white"},"north":{"uv":[0,0,16,16],"texture":"#white"},"south":{"uv":[0,0,16,16],"texture":"#white"},"west":{"uv":[0,0,16,16],"texture":"#white"},"east":{"uv":[0,0,16,16],"texture":"#white"}}},{"from":[11.4993,3.0007,6.5],"to":[11.9993,4.5007,10.5],"faces":{"down":{"uv":[6.5,5,11.5,10],"texture":"#red"},"up":{"uv":[6.5,6,11.5,11],"texture":"#red"},"north":{"uv":[4.5,14,9.5,15.5],"texture":"#red"},"south":{"uv":[6.5,14,11.5,15.5],"texture":"#red"},"west":{"uv":[6,14,11,15.5],"texture":"#red"},"east":{"uv":[5,14,10,15.5],"texture":"#red"}}},{"from":[6.499,2.5006,6.5007],"to":[11.499,3.0006,10.5007],"faces":{"down":{"uv":[6.5,5,11.5,10],"texture":"#black"},"up":{"uv":[6.5,6,11.5,11],"texture":"#black"},"north":{"uv":[4.5,14,9.5,15.5],"texture":"#black"},"south":{"uv":[6.5,14,11.5,15.5],"texture":"#black"},"west":{"uv":[6,14,11,15.5],"texture":"#black"},"east":{"uv":[5,14,10,15.5],"texture":"#black"}}},{"from":[7.0001,2.4996,6.0003],"to":[11.0001,2.9996,11.0003],"faces":{"down":{"uv":[6.5,5,11.5,10],"texture":"#black"},"up":{"uv":[6.5,6,11.5,11],"texture":"#black"},"north":{"uv":[4.5,14,9.5,15.5],"texture":"#black"},"south":{"uv":[6.5,14.5,11.5,16],"texture":"#black"},"west":{"uv":[6,14,11,15.5],"texture":"#black"},"east":{"uv":[5,14,10,15.5],"texture":"#black"}}},{"from":[6.0007,3.0006,6.5],"to":[6.5007,4.5006,10.5],"faces":{"down":{"uv":[6.5,5,11.5,10],"texture":"#red"},"up":{"uv":[6.5,6,11.5,11],"texture":"#red"},"north":{"uv":[4.5,14,9.5,15.5],"texture":"#red"},"south":{"uv":[6.5,14,11.5,15.5],"texture":"#red"},"west":{"uv":[6,14,11,15.5],"texture":"#red"},"east":{"uv":[5,14,10,15.5],"texture":"#red"}}},{"from":[7.9991,1.7491,5.2493],"to":[9.999101,3.7491,6.2493],"faces":{"down":{"uv":[6.5,5,11.5,10],"texture":"#black"},"up":{"uv":[6.5,6,11.5,11],"texture":"#black"},"north":{"uv":[4.5,14,9.5,15.5],"texture":"#black"},"south":{"uv":[6.5,14,11.5,15.5],"texture":"#black"},"west":{"uv":[6,14,11,15.5],"texture":"#black"},"east":{"uv":[5,14,10,15.5],"texture":"#black"}}},{"from":[8.250199,2.0005,4.9997],"to":[9.750199,3.5005,5.4997],"faces":{"down":{"uv":[0,0,16,16],"texture":"#white"},"up":{"uv":[0,0,16,16],"texture":"#white"},"north":{"uv":[0,0,16,16],"texture":"#white"},"south":{"uv":[0,0,16,16],"texture":"#white"},"west":{"uv":[0,0,16,16],"texture":"#white"},"east":{"uv":[0,0,16,16],"texture":"#white"}}},{"from":[7.75,3,5.375],"to":[10.25,4,5.875],"faces":{"down":{"uv":[6.5,5,11.5,10],"texture":"#yellow"},"up":{"uv":[6.5,6,11.5,11],"texture":"#yellow"},"north":{"uv":[4.5,14,9.5,15.5],"texture":"#yellow"},"south":{"uv":[6.5,14,11.5,15.5],"texture":"#yellow"},"west":{"uv":[6,14,11,15.5],"texture":"#yellow"},"east":{"uv":[5,14,10,15.5],"texture":"#yellow"}}},{"from":[7.75,3.75,5.49],"to":[10.25,4.75,5.99],"faces":{"down":{"uv":[6.5,5,11.5,10],"texture":"#yellow"},"up":{"uv":[6.5,6,11.5,11],"texture":"#yellow"},"north":{"uv":[4.5,14,9.5,15.5],"texture":"#yellow"},"south":{"uv":[6.5,14,11.5,15.5],"texture":"#yellow"},"west":{"uv":[6,14,11,15.5],"texture":"#yellow"},"east":{"uv":[5,14,10,15.5],"texture":"#yellow"}}},{"from":[8,3.575,5.43],"to":[10,4.575,5.93],"faces":{"down":{"uv":[6.5,5,11.5,10],"texture":"#black"},"up":{"uv":[6.5,6,11.5,11],"texture":"#black"},"north":{"uv":[4.5,14,9.5,15.5],"texture":"#black"},"south":{"uv":[6.5,14,11.5,15.5],"texture":"#black"},"west":{"uv":[6,14,11,15.5],"texture":"#black"},"east":{"uv":[5,14,10,15.5],"texture":"#black"}}},{"from":[7.75,4.5,5.5],"to":[10.25,5.949,6],"rotation":{"origin":[7.75,4.5,5.5],"axis":"x","angle":45},"faces":{"down":{"uv":[6.5,5,11.5,10],"texture":"#yellow"},"up":{"uv":[6.5,6,11.5,11],"texture":"#yellow"},"north":{"uv":[4.5,14,9.5,15.5],"texture":"#yellow"},"south":{"uv":[6.5,14,11.5,15.5],"texture":"#yellow"},"west":{"uv":[6,14,11,15.5],"texture":"#yellow"},"east":{"uv":[5,14,10,15.5],"texture":"#yellow"}}},{"from":[8,4.75,5.625],"to":[10,5.75,6.125],"rotation":{"origin":[8,4.75,5.625],"axis":"x","angle":45},"faces":{"down":{"uv":[6.5,5,11.5,10],"texture":"#black"},"up":{"uv":[6.5,6,11.5,11],"texture":"#black"},"north":{"uv":[4.5,14,9.5,15.5],"texture":"#black"},"south":{"uv":[6.5,14,11.5,15.5],"texture":"#black"},"west":{"uv":[6,14,11,15.5],"texture":"#black"},"east":{"uv":[5,14,10,15.5],"texture":"#black"}}},{"from":[7.5,4.625,6.5],"to":[10.5,5.625,10.5],"faces":{"down":{"uv":[6.5,14,11.5,15.5],"texture":"#yellow"},"up":{"uv":[9.5,15.5,4.5,14],"texture":"#yellow"},"north":{"uv":[11.5,10,6.5,5],"texture":"#yellow"},"south":{"uv":[6.5,6,11.5,11],"texture":"#yellow"},"west":{"uv":[6,14,11,15.5],"texture":"#yellow","rotation":90},"east":{"uv":[5,14,10,15.5],"texture":"#yellow","rotation":270}}},{"from":[7.75,5.25,6.75],"to":[10.25,5.75,10.25],"faces":{"down":{"uv":[6.5,14,11.5,15.5],"texture":"#black"},"up":{"uv":[9.5,15.5,4.5,14],"texture":"#black"},"north":{"uv":[11.5,10,6.5,5],"texture":"#black"},"south":{"uv":[6.5,6,11.5,11],"texture":"#black"},"west":{"uv":[6,14,11,15.5],"texture":"#black","rotation":90},"east":{"uv":[5,14,10,15.5],"texture":"#black","rotation":270}}},{"from":[7.75,4.625,11],"to":[10.25,6.074,11.5],"rotation":{"origin":[10.25,4.625,11.5],"axis":"x","angle":-45},"faces":{"down":{"uv":[6.5,5,11.5,10],"texture":"#yellow","rotation":180},"up":{"uv":[6.5,6,11.5,11],"texture":"#yellow","rotation":180},"north":{"uv":[6.5,14,11.5,15.5],"texture":"#yellow"},"south":{"uv":[4.5,14,9.5,15.5],"texture":"#yellow"},"west":{"uv":[5,14,10,15.5],"texture":"#yellow"},"east":{"uv":[6,14,11,15.5],"texture":"#yellow"}}},{"from":[8,4.8902,11.0884],"to":[10,5.8902,11.5884],"rotation":{"origin":[10.25,4.625,11.5],"axis":"x","angle":-45},"faces":{"down":{"uv":[6.5,5,11.5,10],"texture":"#black","rotation":180},"up":{"uv":[6.5,6,11.5,11],"texture":"#black","rotation":180},"north":{"uv":[6.5,14,11.5,15.5],"texture":"#black"},"south":{"uv":[4.5,14,9.5,15.5],"texture":"#black"},"west":{"uv":[5,14,10,15.5],"texture":"#black"},"east":{"uv":[6,14,11,15.5],"texture":"#black"}}},{"from":[8,3.575,11.07],"to":[10,4.575,11.57],"faces":{"down":{"uv":[6.5,5,11.5,10],"texture":"#black","rotation":180},"up":{"uv":[6.5,6,11.5,11],"texture":"#black","rotation":180},"north":{"uv":[6.5,14,11.5,15.5],"texture":"#black"},"south":{"uv":[4.5,14,9.5,15.5],"texture":"#black"},"west":{"uv":[5,14,10,15.5],"texture":"#black"},"east":{"uv":[6,14,11,15.5],"texture":"#black"}}},{"from":[7.75,3.75,11.01],"to":[10.25,4.75,11.51],"faces":{"down":{"uv":[6.5,5,11.5,10],"texture":"#yellow","rotation":180},"up":{"uv":[6.5,6,11.5,11],"texture":"#yellow","rotation":180},"north":{"uv":[6.5,14,11.5,15.5],"texture":"#yellow"},"south":{"uv":[4.5,14,9.5,15.5],"texture":"#yellow"},"west":{"uv":[5,14,10,15.5],"texture":"#yellow"},"east":{"uv":[6,14,11,15.5],"texture":"#yellow"}}},{"from":[7.75,3,11.125],"to":[10.25,4,11.625],"faces":{"down":{"uv":[6.5,5,11.5,10],"texture":"#yellow","rotation":180},"up":{"uv":[6.5,6,11.5,11],"texture":"#yellow","rotation":180},"north":{"uv":[6.5,14,11.5,15.5],"texture":"#yellow"},"south":{"uv":[4.5,14,9.5,15.5],"texture":"#yellow"},"west":{"uv":[5,14,10,15.5],"texture":"#yellow"},"east":{"uv":[6,14,11,15.5],"texture":"#yellow"}}},{"from":[8,3,10.75],"to":[10,3.8,11.75],"faces":{"down":{"uv":[6.5,5,11.5,10],"texture":"#black"},"up":{"uv":[6.5,6,11.5,11],"texture":"#black"},"north":{"uv":[4.5,14,9.5,15.5],"texture":"#black"},"south":{"uv":[6.5,14,11.5,15.5],"texture":"#black"},"west":{"uv":[6,14,11,15.5],"texture":"#black"},"east":{"uv":[5,14,10,15.5],"texture":"#black"}}},{"from":[7.25,4.625,6.75],"to":[10.75,5.625,10.25],"faces":{"down":{"uv":[6.5,14,11.5,15.5],"texture":"#yellow"},"up":{"uv":[9.5,15.5,4.5,14],"texture":"#yellow"},"north":{"uv":[11.5,10,6.5,5],"texture":"#yellow"},"south":{"uv":[6.5,6,11.5,11],"texture":"#yellow"},"west":{"uv":[6,14,11,15.5],"texture":"#yellow","rotation":90},"east":{"uv":[5,14,10,15.5],"texture":"#yellow","rotation":270}}},{"from":[7.5,5.25,7],"to":[10.5,5.75,10],"faces":{"down":{"uv":[6.5,14,11.5,15.5],"texture":"#black"},"up":{"uv":[9.5,15.5,4.5,14],"texture":"#black"},"north":{"uv":[11.5,10,6.5,5],"texture":"#black"},"south":{"uv":[6.5,6,11.5,11],"texture":"#black"},"west":{"uv":[6,14,11,15.5],"texture":"#black","rotation":90},"east":{"uv":[5,14,10,15.5],"texture":"#black","rotation":270}}}],"display":{"thirdperson_righthand":{"translation":[-1,4.8695,0]},"thirdperson_lefthand":{"translation":[1,4.8695,0]},"firstperson_righthand":{"rotation":[0,-90,25],"translation":[0.4343,7.05,-0.261],"scale":[0.68,0.68,0.68]},"firstperson_lefthand":{"rotation":[0,-90,25],"translation":[1.13,7.3739,1.13],"scale":[0.68,0.68,0.68]},"gui":{"rotation":[19.5,-155.5,0],"translation":[2.25,9.55,15],"scale":[1.99141,1.99141,1.99141]},"ground":{"translation":[0,3.4,0]},"fixed":{"translation":[-2.369,12.3,0],"scale":[2.3,2.3,2.3]}},"gui_light":"front"}