{
	"credit": "Made with Blockbench",
	"texture_size": [32, 32],
	"textures": {
		"0": "gameitems/customblocks/fossilmachine",
		"particle": "gameitems/customblocks/fossilmachine"
	},
	"elements": [
		{
			"name": "base",
			"from": [2, 0, 2],
			"to": [14, 6, 14],
			"faces": {
				"north": {"uv": [0, 0, 6, 3], "texture": "#0"},
				"east": {"uv": [0, 9, 6, 12], "texture": "#0"},
				"south": {"uv": [0, 6, 6, 9], "texture": "#0"},
				"west": {"uv": [0, 3, 6, 6], "texture": "#0"},
				"up": {"uv": [6, 6, 12, 12], "texture": "#0"},
				"down": {"uv": [6, 0, 12, 6], "texture": "#0"}
			}
		},
		{
			"name": "east_wall",
			"from": [12, 6, 5],
			"to": [13, 16, 11],
			"faces": {
				"north": {"uv": [15.5, 5, 16, 10], "texture": "#0"},
				"east": {"uv": [12, 0, 16, 5], "texture": "#0"},
				"south": {"uv": [15, 5, 15.5, 10], "texture": "#0"},
				"west": {"uv": [12, 0, 16, 5], "texture": "#0"},
				"up": {"uv": [15.5, 5, 16, 9], "texture": "#0"},
				"down": {"uv": [15.5, 5, 16, 9], "texture": "#0"}
			}
		},
		{
			"name": "west_wall",
			"from": [3, 6, 5],
			"to": [4, 16, 11],
			"faces": {
				"north": {"uv": [15.5, 4.75, 16, 9.75], "texture": "#0"},
				"east": {"uv": [12, 0, 16, 5], "texture": "#0"},
				"south": {"uv": [15, 5, 15.5, 10], "texture": "#0"},
				"west": {"uv": [12, 0, 16, 5], "texture": "#0"},
				"up": {"uv": [15.5, 5, 16, 9], "texture": "#0"},
				"down": {"uv": [15.5, 5, 16, 9], "texture": "#0"}
			}
		},
		{
			"name": "north_wall",
			"from": [5, 6, 3],
			"to": [11, 16, 4],
			"faces": {
				"north": {"uv": [13, 0, 16, 5], "texture": "#0"},
				"east": {"uv": [15.5, 5, 16, 10], "texture": "#0"},
				"south": {"uv": [13, 0, 16, 5], "texture": "#0"},
				"west": {"uv": [15.5, 5, 16, 10], "texture": "#0"},
				"up": {"uv": [12.5, 5, 15.5, 5.5], "texture": "#0"},
				"down": {"uv": [12.5, 5, 15.5, 5.5], "texture": "#0"}
			}
		},
		{
			"name": "south_wall",
			"from": [5, 6, 12],
			"to": [11, 16, 13],
			"faces": {
				"north": {"uv": [13, 0, 16, 5], "texture": "#0"},
				"east": {"uv": [15.5, 5, 16, 10], "texture": "#0"},
				"south": {"uv": [13, 0, 16, 5], "texture": "#0"},
				"west": {"uv": [15.5, 5, 16, 10], "texture": "#0"},
				"up": {"uv": [12.5, 5, 15.5, 5.5], "texture": "#0"},
				"down": {"uv": [12.5, 5, 15.5, 5.5], "texture": "#0"}
			}
		},
		{
			"name": "nw_corner",
			"from": [4, 6, 4],
			"to": [5, 16, 5],
			"faces": {
				"north": {"uv": [15.5, 0, 16, 5], "texture": "#0"},
				"east": {"uv": [15.5, 0, 16, 5], "texture": "#0"},
				"south": {"uv": [15.5, 0, 16, 5], "texture": "#0"},
				"west": {"uv": [15.5, 0, 16, 5], "texture": "#0"},
				"up": {"uv": [15.5, 0, 16, 0.5], "texture": "#0"},
				"down": {"uv": [15.5, 0, 16, 0.5], "texture": "#0"}
			}
		},
		{
			"name": "ne_corner",
			"from": [11, 6, 4],
			"to": [12, 16, 5],
			"faces": {
				"north": {"uv": [15.5, 0, 16, 5], "texture": "#0"},
				"east": {"uv": [15.5, 0, 16, 5], "texture": "#0"},
				"south": {"uv": [15.5, 0, 16, 5], "texture": "#0"},
				"west": {"uv": [15.5, 0, 16, 5], "texture": "#0"},
				"up": {"uv": [15.5, 0, 16, 0.5], "texture": "#0"},
				"down": {"uv": [15.5, 0, 16, 0.5], "texture": "#0"}
			}
		},
		{
			"name": "sw_corner",
			"from": [4, 6, 11],
			"to": [5, 16, 12],
			"faces": {
				"north": {"uv": [15.5, 0, 16, 5], "texture": "#0"},
				"east": {"uv": [15.5, 0, 16, 5], "texture": "#0"},
				"south": {"uv": [15.5, 0, 16, 5], "texture": "#0"},
				"west": {"uv": [15.5, 0, 16, 5], "texture": "#0"},
				"up": {"uv": [15.5, 0, 16, 0.5], "texture": "#0"},
				"down": {"uv": [15.5, 0, 16, 0.5], "texture": "#0"}
			}
		},
		{
			"name": "se_corner",
			"from": [11, 6, 11],
			"to": [12, 16, 12],
			"faces": {
				"north": {"uv": [15.5, 0, 16, 5], "texture": "#0"},
				"east": {"uv": [15.5, 0, 16, 5], "texture": "#0"},
				"south": {"uv": [15.5, 0, 16, 5], "texture": "#0"},
				"west": {"uv": [15.5, 0, 16, 5], "texture": "#0"},
				"up": {"uv": [15.5, 0, 16, 0.5], "texture": "#0"},
				"down": {"uv": [15.5, 0, 16, 0.5], "texture": "#0"}
			}
		},
		{
			"name": "top_east",
			"from": [11, 16, 5],
			"to": [12, 17, 11],
			"faces": {
				"north": {"uv": [15.5, 0, 16, 0.5], "texture": "#0"},
				"east": {"uv": [13, 0, 16, 0.5], "texture": "#0"},
				"south": {"uv": [15.5, 0, 16, 0.5], "texture": "#0"},
				"west": {"uv": [13, 0, 16, 0.5], "texture": "#0"},
				"up": {"uv": [15.5, 0, 16, 3], "texture": "#0"},
				"down": {"uv": [15.5, 0, 16, 3], "texture": "#0"}
			}
		},
		{
			"name": "top_west",
			"from": [4, 16, 5],
			"to": [5, 17, 11],
			"faces": {
				"north": {"uv": [15.5, 0, 16, 0.5], "texture": "#0"},
				"east": {"uv": [13, 0, 16, 0.5], "texture": "#0"},
				"south": {"uv": [15.5, 0, 16, 0.5], "texture": "#0"},
				"west": {"uv": [13, 0, 16, 0.5], "texture": "#0"},
				"up": {"uv": [15.5, 0, 16, 3], "texture": "#0"},
				"down": {"uv": [15.5, 0, 16, 3], "texture": "#0"}
			}
		},
		{
			"name": "top_north",
			"from": [5, 16, 4],
			"to": [11, 17, 5],
			"faces": {
				"north": {"uv": [13, 0, 16, 0.5], "texture": "#0"},
				"east": {"uv": [15.5, 0, 16, 0.5], "texture": "#0"},
				"south": {"uv": [13, 0, 16, 0.5], "texture": "#0"},
				"west": {"uv": [15.5, 0, 16, 0.5], "texture": "#0"},
				"up": {"uv": [13, 0, 16, 0.5], "texture": "#0"},
				"down": {"uv": [13, 0, 16, 0.5], "texture": "#0"}
			}
		},
		{
			"name": "top_south",
			"from": [5, 16, 11],
			"to": [11, 17, 12],
			"faces": {
				"north": {"uv": [13, 0, 16, 0.5], "texture": "#0"},
				"east": {"uv": [15.5, 0, 16, 0.5], "texture": "#0"},
				"south": {"uv": [13, 0, 16, 0.5], "texture": "#0"},
				"west": {"uv": [15.5, 0, 16, 0.5], "texture": "#0"},
				"up": {"uv": [13, 0, 16, 0.5], "texture": "#0"},
				"down": {"uv": [13, 0, 16, 0.5], "texture": "#0"}
			}
		},
		{
			"name": "top_center",
			"from": [5, 17, 5],
			"to": [11, 18, 11],
			"faces": {
				"north": {"uv": [13, 0, 16, 0.5], "texture": "#0"},
				"east": {"uv": [12, 0, 16, 0.5], "texture": "#0"},
				"south": {"uv": [13, 0, 16, 0.5], "texture": "#0"},
				"west": {"uv": [12, 0, 16, 0.5], "texture": "#0"},
				"up": {"uv": [13, 0, 16, 4], "texture": "#0"},
				"down": {"uv": [13, 0, 16, 4], "texture": "#0"}
			}
		}
	],
	"display": {
		"thirdperson_righthand": {
			"scale": [0.2, 0.2, 0.2]
		},
		"thirdperson_lefthand": {
			"scale": [0.2, 0.2, 0.2]
		},
		"firstperson_righthand": {
			"rotation": [-29, -16, 21],
			"translation": [0, 3.4782, 0],
			"scale": [0.2, 0.2, 0.2]
		},
		"firstperson_lefthand": {
			"rotation": [-29, -16, 21],
			"translation": [0, 3.4782, 0],
			"scale": [0.2, 0.2, 0.2]
		},
		"ground": {
			"translation": [0, 4.1739, 0],
			"scale": [0.3, 0.3, 0.3]
		},
		"gui": {
			"rotation": [23, -27, 0],
			"translation": [0, 0.23, 0],
			"scale": [0.3, 0.3, 0.3]
		},
		"head": {
			"rotation": [-30, -180, 0],
			"translation": [0, -23.75, -11.5],
			"scale": [4, 4, 4]
		},
		"fixed": {
			"scale": [0.4, 0.4, 0.4]
		}
	},
	"groups": [
		0,
		{
			"name": "glass",
			"origin": [0, 0, 0],
			"color": 0,
			"children": [1, 2, 3, 4, 5, 6, 7, 8, 9, 10, 11, 12, 13]
		}
	]
}