{"credit":"Made with Blockbench","texture_size":[128,128],"textures":{"particle":"pokemon/abomasnow","main":"pokemon/abomasnow"},"elements":[{"from":[-2.5,-7,-5],"to":[18.5,18,11],"rotation":{"angle":0,"axis":"y","origin":[0.5,-3,-5]},"faces":{"north":{"uv":[2,2,4.625,5.125],"texture":"#main"},"east":{"uv":[0,2,2,5.125],"texture":"#main"},"south":{"uv":[6.625,2,9.25,5.125],"texture":"#main"},"west":{"uv":[4.625,2,6.625,5.125],"texture":"#main"},"up":{"uv":[4.625,2,2,0],"texture":"#main"},"down":{"uv":[7.25,0,4.625,2],"texture":"#main"}}},{"from":[8.5,8,-6.5],"to":[19.5,17,-4.5],"rotation":{"angle":22.5,"axis":"z","origin":[14,12.5,-5.5]},"faces":{"north":{"uv":[10.5,8.75,11.875,9.875],"texture":"#main"},"east":{"uv":[10.25,8.75,10.5,9.875],"texture":"#main"},"south":{"uv":[12.125,8.75,13.5,9.875],"texture":"#main"},"west":{"uv":[11.875,8.75,12.125,9.875],"texture":"#main"},"up":{"uv":[11.875,8.75,10.5,8.5],"texture":"#main"},"down":{"uv":[13.25,8.5,11.875,8.75],"texture":"#main"}}},{"from":[-3.5,8,-6.5],"to":[7.5,17,-4.5],"shade":false,"rotation":{"angle":-22.5,"axis":"z","origin":[2,12.5,-5.5]},"faces":{"north":{"uv":[11.875,8.75,10.5,9.875],"texture":"#main"},"east":{"uv":[12.125,8.75,11.875,9.875],"texture":"#main"},"south":{"uv":[13.5,8.75,12.125,9.875],"texture":"#main"},"west":{"uv":[10.5,8.75,10.25,9.875],"texture":"#main"},"up":{"uv":[10.5,8.75,11.875,8.5],"texture":"#main"},"down":{"uv":[11.875,8.5,13.25,8.75],"texture":"#main"}}},{"from":[8.5,17.5,-4.5],"to":[14.5,22.5,-2.5],"rotation":{"angle":22.5,"axis":"z","origin":[11.5,20,-3.5]},"faces":{"north":{"uv":[11.25,7.5,12,8.125],"texture":"#main"},"east":{"uv":[11,7.5,11.25,8.125],"texture":"#main"},"south":{"uv":[12.25,7.5,13,8.125],"texture":"#main"},"west":{"uv":[12,7.5,12.25,8.125],"texture":"#main"},"up":{"uv":[12,7.5,11.25,7.25],"texture":"#main"},"down":{"uv":[12.75,7.25,12,7.5],"texture":"#main"}}},{"from":[1.5,17.5,-4.5],"to":[7.5,22.5,-2.5],"shade":false,"rotation":{"angle":-22.5,"axis":"z","origin":[4.5,20,-3.5]},"faces":{"north":{"uv":[12,7.5,11.25,8.125],"texture":"#main"},"east":{"uv":[12.25,7.5,12,8.125],"texture":"#main"},"south":{"uv":[13,7.5,12.25,8.125],"texture":"#main"},"west":{"uv":[11.25,7.5,11,8.125],"texture":"#main"},"up":{"uv":[11.25,7.5,12,7.25],"texture":"#main"},"down":{"uv":[12,7.25,12.75,7.5],"texture":"#main"}}},{"from":[4,-4,11],"to":[12,0,25],"rotation":{"angle":22.5,"axis":"x","origin":[8,1,19]},"faces":{"north":{"uv":[1.75,9.75,2.75,10.25],"texture":"#main"},"east":{"uv":[0,9.75,1.75,10.25],"texture":"#main"},"south":{"uv":[4.5,9.75,5.5,10.25],"texture":"#main"},"west":{"uv":[2.75,9.75,4.5,10.25],"texture":"#main"},"up":{"uv":[2.75,9.75,1.75,8],"texture":"#main"},"down":{"uv":[3.75,8,2.75,9.75],"texture":"#main"}}},{"from":[3.5,-1.83458,22.21594],"to":[12.5,2.16542,31.21594],"rotation":{"angle":-22.5,"axis":"x","origin":[8.5,-2.83458,32.68099]},"faces":{"north":{"uv":[10.125,6.75,11.25,7.25],"texture":"#main"},"east":{"uv":[9,6.75,10.125,7.25],"texture":"#main"},"south":{"uv":[12.375,6.75,13.5,7.25],"texture":"#main"},"west":{"uv":[11.25,6.75,12.375,7.25],"texture":"#main"},"up":{"uv":[11.25,6.75,10.125,5.625],"texture":"#main"},"down":{"uv":[12.375,5.625,11.25,6.75],"texture":"#main"}}},{"from":[18.5,9,-1],"to":[24.5,18,5],"rotation":{"angle":45,"axis":"z","origin":[21.5,11,2]},"faces":{"north":{"uv":[11,11.25,11.75,12.375],"texture":"#main"},"east":{"uv":[10.25,11.25,11,12.375],"texture":"#main"},"south":{"uv":[12.5,11.25,13.25,12.375],"texture":"#main"},"west":{"uv":[11.75,11.25,12.5,12.375],"texture":"#main"},"up":{"uv":[11.75,11.25,11,10.5],"texture":"#main"},"down":{"uv":[12.5,10.5,11.75,11.25],"texture":"#main"}}},{"from":[-11,-2,-2.5],"to":[-3,11,6.5],"rotation":{"angle":0,"axis":"z","origin":[-5.5,11,2]},"faces":{"north":{"uv":[10.375,1.125,11.375,2.75],"texture":"#main"},"east":{"uv":[9.25,1.125,10.375,2.75],"texture":"#main"},"south":{"uv":[12.5,1.125,13.5,2.75],"texture":"#main"},"west":{"uv":[11.375,1.125,12.5,2.75],"texture":"#main"},"up":{"uv":[11.375,1.125,10.375,0],"texture":"#main"},"down":{"uv":[12.375,0,11.375,1.125],"texture":"#main"}}},{"from":[19,-2,-2.5],"to":[27,11,6.5],"rotation":{"angle":0,"axis":"z","origin":[21.5,11,2]},"faces":{"north":{"uv":[6.625,9.625,7.625,11.25],"texture":"#main"},"east":{"uv":[5.5,9.625,6.625,11.25],"texture":"#main"},"south":{"uv":[8.75,9.625,9.75,11.25],"texture":"#main"},"west":{"uv":[7.625,9.625,8.75,11.25],"texture":"#main"},"up":{"uv":[7.625,9.625,6.625,8.5],"texture":"#main"},"down":{"uv":[8.625,8.5,7.625,9.625],"texture":"#main"}}},{"from":[-8.5,9,-1],"to":[-2.5,18,5],"rotation":{"angle":-45,"axis":"z","origin":[-5.5,11,2]},"faces":{"north":{"uv":[4,11.25,4.75,12.375],"texture":"#main"},"east":{"uv":[3.25,11.25,4,12.375],"texture":"#main"},"south":{"uv":[5.5,11.25,6.25,12.375],"texture":"#main"},"west":{"uv":[4.75,11.25,5.5,12.375],"texture":"#main"},"up":{"uv":[4.75,11.25,4,10.5],"texture":"#main"},"down":{"uv":[5.5,10.5,4.75,11.25],"texture":"#main"}}},{"from":[11.5,-11,-10],"to":[19.5,-7,6],"rotation":{"angle":-22.5,"axis":"y","origin":[13.5,-9,-1.5]},"faces":{"north":{"uv":[9.25,5.125,10.25,5.625],"texture":"#main"},"east":{"uv":[7.25,5.125,9.25,5.625],"texture":"#main"},"south":{"uv":[12.25,5.125,13.25,5.625],"texture":"#main"},"west":{"uv":[10.25,5.125,12.25,5.625],"texture":"#main"},"up":{"uv":[10.25,5.125,9.25,3.125],"texture":"#main"},"down":{"uv":[11.25,3.125,10.25,5.125],"texture":"#main"}}},{"from":[-3.5,-11,-10],"to":[4.5,-7,6],"rotation":{"angle":22.5,"axis":"y","origin":[2.5,-9,-1.5]},"faces":{"north":{"uv":[7,8,8,8.5],"texture":"#main"},"east":{"uv":[5,8,7,8.5],"texture":"#main"},"south":{"uv":[10,8,11,8.5],"texture":"#main"},"west":{"uv":[8,8,10,8.5],"texture":"#main"},"up":{"uv":[8,8,7,6],"texture":"#main"},"down":{"uv":[9,6,8,8],"texture":"#main"}}},{"from":[0.5,18,-4],"to":[15.5,28,9],"rotation":{"angle":0,"axis":"y","origin":[-0.5,-3,-5]},"faces":{"north":{"uv":[1.625,6.75,3.5,8],"texture":"#main"},"east":{"uv":[0,6.75,1.625,8],"texture":"#main"},"south":{"uv":[5.125,6.75,7,8],"texture":"#main"},"west":{"uv":[3.5,6.75,5.125,8],"texture":"#main"},"up":{"uv":[3.5,6.75,1.625,5.125],"texture":"#main"},"down":{"uv":[5.375,5.125,3.5,6.75],"texture":"#main"}}},{"from":[11.5,25,-5],"to":[16.5,32,-3],"rotation":{"angle":-45,"axis":"z","origin":[13,26.5,-4]},"faces":{"north":{"uv":[7.5,0.25,8.125,1.125],"texture":"#main"},"east":{"uv":[7.25,0.25,7.5,1.125],"texture":"#main"},"south":{"uv":[8.375,0.25,9,1.125],"texture":"#main"},"west":{"uv":[8.125,0.25,8.375,1.125],"texture":"#main"},"up":{"uv":[8.125,0.25,7.5,0],"texture":"#main"},"down":{"uv":[8.75,0,8.125,0.25],"texture":"#main"}}},{"from":[-0.5,25,-5],"to":[4.5,32,-3],"shade":false,"rotation":{"angle":45,"axis":"z","origin":[3,26.5,-4]},"faces":{"north":{"uv":[8.125,0.25,7.5,1.125],"texture":"#main"},"east":{"uv":[8.375,0.25,8.125,1.125],"texture":"#main"},"south":{"uv":[9,0.25,8.375,1.125],"texture":"#main"},"west":{"uv":[7.5,0.25,7.25,1.125],"texture":"#main"},"up":{"uv":[7.5,0.25,8.125,0],"texture":"#main"},"down":{"uv":[8.125,0,8.75,0.25],"texture":"#main"}}}],"display":{"head":{"translation":[2.5,-17.5,5.5],"scale":[1.35,1.35,1.35]}},"groups":[{"name":"root","origin":[8,8,8],"color":0,"children":[0,1,2,3,4,5,6,7,8,9,10,11,12,13,14,15]}]}