{"parent":"physical_parent","textures":{"main":"pokemon/aerodactyl"},"elements":[{"from":[4,5,3],"to":[12,13,11],"faces":{"east":{"uv":[4.5,0,6.5,2],"texture":"#main"},"south":{"uv":[0,2.25,2,4.25],"texture":"#main"},"north":{"uv":[0,0,2,2],"texture":"#main"},"west":{"uv":[2.25,0,4.25,2],"texture":"#main"},"up":{"uv":[2.25,2.25,4.25,4.25],"texture":"#main"},"down":{"uv":[4.5,2.25,6.5,4.25],"texture":"#main"}}},{"rotation":{"origin":[8,14.125,4.875],"angle":-45,"axis":"x"},"from":[6,10.125,2.875],"to":[10,18.125,6.875],"faces":{"east":{"uv":[2,8.5,3,10.75],"texture":"#main"},"south":{"uv":[2,8.5,3,10.75],"texture":"#main"},"north":{"uv":[2,8.5,3,10.75],"texture":"#main"},"west":{"uv":[2,8.5,3,10.75],"texture":"#main"}}},{"from":[5.01,19,-5],"to":[11.01,23,4],"faces":{"east":{"uv":[0.75,12.25,3,13.25],"texture":"#main"},"south":{"uv":[8.25,11.75,9.75,12.75],"texture":"#main","rotation":180},"north":{"uv":[6.25,11.75,7.75,12.75],"texture":"#main","rotation":180},"west":{"uv":[0.75,11,3,12],"texture":"#main"},"up":{"uv":[6.5,9.25,8.75,10.75],"texture":"#main","rotation":270},"down":{"uv":[6.25,13,8.5,14.5],"texture":"#main","rotation":90}}},{"rotation":{"origin":[8,16.5,-0.5],"angle":-45,"axis":"x"},"from":[5,15,-5],"to":[11,18,4],"faces":{"east":{"uv":[3.75,9.75,5.75,10.5],"texture":"#main"},"south":{"uv":[8.25,11.75,9.75,12.75],"texture":"#main"},"north":{"uv":[8.25,11.75,9.75,12.75],"texture":"#main"},"west":{"uv":[3.75,9.75,5.75,10.5],"texture":"#main"},"up":{"uv":[3.75,12.5,6,14],"texture":"#main","rotation":90},"down":{"uv":[3.75,10.75,5.75,12.25],"texture":"#main"}}},{"from":[5.01,23,1],"to":[5.11,27,6],"faces":{"east":{"uv":[12.25,7.75,13.5,8.75],"texture":"#main"},"west":{"uv":[10.75,7.5,12,8.75],"texture":"#main"}}},{"from":[11.01,23,1],"to":[11.11,27,6],"faces":{"east":{"uv":[12.25,7.75,13.5,8.75],"texture":"#main"},"west":{"uv":[10.75,7.5,12,8.75],"texture":"#main"}}},{"from":[8.01,13,7],"to":[8.11,17,11],"faces":{"east":{"uv":[13,4.5,14,5.5],"texture":"#main"},"west":{"uv":[13,4.5,14,5.5],"texture":"#main"}}},{"rotation":{"origin":[5,4,6],"angle":-22.5,"axis":"x"},"from":[3,1,4],"to":[7,7,8],"faces":{"east":{"uv":[2.5,4.5,3.5,6],"texture":"#main"},"south":{"uv":[3.75,4.5,4.75,6],"texture":"#main"},"north":{"uv":[0,4.5,1,6],"texture":"#main"},"west":{"uv":[1.25,4.5,2.25,6],"texture":"#main"},"up":{"uv":[0,6.25,1,7],"texture":"#main"},"down":{"uv":[0,6.25,1,7],"texture":"#main"}}},{"rotation":{"origin":[11,4,6],"angle":-22.5,"axis":"x"},"from":[9,1,4],"to":[13,7,8],"faces":{"east":{"uv":[2.5,4.5,3.5,6],"texture":"#main"},"south":{"uv":[3.75,4.5,4.75,6],"texture":"#main"},"north":{"uv":[0,4.5,1,6],"texture":"#main"},"west":{"uv":[1.25,4.5,2.25,6],"texture":"#main"},"up":{"uv":[0,6.25,1,7],"texture":"#main"},"down":{"uv":[0,6.25,1,7],"texture":"#main"}}},{"from":[6,7,9],"to":[10,11,23],"faces":{"east":{"uv":[1.5,6.5,5,7.5],"texture":"#main","rotation":180},"south":{"uv":[5.5,6.75,6,7.25],"texture":"#main","rotation":180},"west":{"uv":[1.5,6.5,5,7.5],"texture":"#main"},"up":{"uv":[1.5,6.5,5,7.5],"texture":"#main","rotation":90},"down":{"uv":[1.5,6.5,5,7.5],"texture":"#main","rotation":270}}},{"from":[8,6,23],"to":[8.1,12,32],"faces":{"east":{"uv":[8.75,6.25,11,7.75],"texture":"#main"},"west":{"uv":[6.25,6.25,8.5,7.75],"texture":"#main"}}},{"from":[-12,11,6],"to":[4,27,6.1],"faces":{"south":{"uv":[10.5,10.75,14.5,14.75],"texture":"#main"},"north":{"uv":[8.5,1.25,12.5,5.25],"texture":"#main"}}},{"from":[12,11,6],"to":[28,27,6.1],"faces":{"south":{"uv":[8.5,1.25,12.5,5.25],"texture":"#main"},"north":{"uv":[10.5,10.75,14.5,14.75],"texture":"#main"}}},{"rotation":{"origin":[11.00412,17.91289,-1.917014],"angle":-45,"axis":"x"},"from":[11.0041,17.4129,-6.417],"to":[11.1041,18.4129,-0.4169998],"faces":{"east":{"uv":[11.5,9.75,13.25,10],"texture":"#main"},"west":{"uv":[11.5,9.75,13.25,10],"texture":"#main"}}},{"rotation":{"origin":[5.00412,17.91289,-1.917014],"angle":-45,"axis":"x"},"from":[5.0041,17.4129,-6.417],"to":[5.1041,18.4129,0.5830002],"faces":{"east":{"uv":[11.5,9.75,13.25,10],"texture":"#main"},"west":{"uv":[11.5,9.75,13.25,10],"texture":"#main"}}}],"display":{"head":{"translation":[0,-20.17,0],"scale":[2,2,2]}}}