{"credit":"Made with Blockbench","texture_size":[64,64],"textures":{"particle":"pokemon/archeops","main":"pokemon/archeops"},"elements":[{"from":[5.01212,7.39711,3.29418],"to":[12.16212,14.54711,14.73418],"rotation":{"angle":0,"axis":"y","origin":[-3.56788,-2.61289,-2.42582]},"faces":{"north":{"uv":[5.5,6.25,6.875,7.625],"texture":"#main"},"east":{"uv":[0,4,2.25,5.375],"texture":"#main"},"south":{"uv":[6.5,0,7.875,1.375],"texture":"#main"},"west":{"uv":[2.25,4,4.5,5.375],"texture":"#main"},"up":{"uv":[5.875,6.25,4.5,4],"texture":"#main"},"down":{"uv":[6.375,0,5,2.25],"texture":"#main"}}},{"from":[6.08462,15.01186,15.44918],"to":[11.08962,18.22936,15.44918],"rotation":{"angle":22.5,"axis":"x","origin":[8.58712,16.62061,13.66168]},"faces":{"north":{"uv":[8.25,7.5,9.25,8.125],"texture":"#main"},"east":{"uv":[0,0,0,0.625],"texture":"#main"},"south":{"uv":[8.25,8.25,9.25,8.875],"texture":"#main"},"west":{"uv":[0,0,0,0.625],"texture":"#main"},"up":{"uv":[1,0,0,0],"texture":"#main"},"down":{"uv":[1,0,0,0],"texture":"#main"}}},{"from":[6.79962,7.39711,14.73418],"to":[10.37462,10.61461,15.80668],"rotation":{"angle":0,"axis":"y","origin":[-3.56788,-2.61289,-2.42582]},"faces":{"north":{"uv":[4.75,8.75,5.5,9.375],"texture":"#main"},"east":{"uv":[6.75,7.75,7,8.375],"texture":"#main"},"south":{"uv":[8.75,4.75,9.5,5.375],"texture":"#main"},"west":{"uv":[2.75,10,3,10.625],"texture":"#main"},"up":{"uv":[11,7.5,10.25,7.25],"texture":"#main"},"down":{"uv":[11,7.5,10.25,7.75],"texture":"#main"}}},{"from":[7.30012,7.77236,15.74925],"to":[9.65962,10.27486,19.68175],"rotation":{"angle":0,"axis":"y","origin":[3.83237,4.19736,15.74925]},"faces":{"north":{"uv":[10.25,6,10.75,6.5],"texture":"#main"},"east":{"uv":[9.5,2,10.25,2.5],"texture":"#main"},"south":{"uv":[10.25,6.5,10.75,7],"texture":"#main"},"west":{"uv":[2.25,9.5,3,10],"texture":"#main"},"up":{"uv":[10,3.25,9.5,2.5],"texture":"#main"},"down":{"uv":[10,3.25,9.5,4],"texture":"#main"}}},{"from":[7.65762,8.12986,19.68175],"to":[9.30212,9.91736,23.61425],"rotation":{"angle":0,"axis":"y","origin":[3.83237,4.19736,15.74925]},"faces":{"north":{"uv":[10.25,10.25,10.625,10.625],"texture":"#main"},"east":{"uv":[10,1.5,10.75,1.875],"texture":"#main"},"south":{"uv":[0,10.5,0.375,10.875],"texture":"#main"},"west":{"uv":[1.5,10.25,2.25,10.625],"texture":"#main"},"up":{"uv":[4.875,11,4.5,10.25],"texture":"#main"},"down":{"uv":[10.625,5.25,10.25,6],"texture":"#main"}}},{"from":[8.01512,8.48736,23.61425],"to":[8.94462,9.55986,27.54675],"rotation":{"angle":0,"axis":"y","origin":[3.83237,4.19736,15.74925]},"faces":{"north":{"uv":[6.75,8.5,6.875,8.75],"texture":"#main"},"east":{"uv":[10.25,8.25,11,8.5],"texture":"#main"},"south":{"uv":[8.75,3.5,8.875,3.75],"texture":"#main"},"west":{"uv":[10.25,8.5,11,8.75],"texture":"#main"},"up":{"uv":[5.125,11,5,10.25],"texture":"#main"},"down":{"uv":[10.625,0.75,10.5,1.5],"texture":"#main"}}},{"from":[8.58712,5.96711,26.17418],"to":[8.58712,12.04461,30.10668],"rotation":{"angle":0,"axis":"y","origin":[-3.56788,-2.61289,-2.42582]},"faces":{"north":{"uv":[0,0,0,1.125],"texture":"#main"},"east":{"uv":[8,1.5,8.75,2.625],"texture":"#main"},"south":{"uv":[0,0,0,1.125],"texture":"#main"},"west":{"uv":[8,2.75,8.75,3.875],"texture":"#main"},"up":{"uv":[0,0.75,0,0],"texture":"#main"},"down":{"uv":[0,0,0,0.75],"texture":"#main"}}},{"from":[4.29712,6.21736,7.94168],"to":[4.29712,11.93736,17.95168],"rotation":{"angle":0,"axis":"y","origin":[4.29712,6.21736,7.94168]},"faces":{"north":{"uv":[0,0,0,1.125],"texture":"#main"},"east":{"uv":[1.5,5.5,3.375,6.625],"texture":"#main"},"south":{"uv":[0,0,0,1.125],"texture":"#main"},"west":{"uv":[6,3.75,7.875,4.875],"texture":"#main"},"up":{"uv":[0,1.875,0,0],"texture":"#main"},"down":{"uv":[0,0,0,1.875],"texture":"#main"}}},{"from":[3.22462,5.70711,5.79668],"to":[5.01212,11.42711,11.51668],"rotation":{"angle":-22.5,"axis":"x","origin":[4.11837,7.85211,9.01418]},"faces":{"north":{"uv":[0,9.25,0.375,10.375],"texture":"#main"},"east":{"uv":[3,7.5,4.125,8.625],"texture":"#main"},"south":{"uv":[0.5,9.25,0.875,10.375],"texture":"#main"},"west":{"uv":[4.25,7.5,5.375,8.625],"texture":"#main"},"up":{"uv":[1.375,10.375,1,9.25],"texture":"#main"},"down":{"uv":[9.625,5.5,9.25,6.625],"texture":"#main"}}},{"from":[2.58762,5.51941,4.67894],"to":[5.66212,5.51941,9.68394],"rotation":{"angle":22.5,"axis":"x","origin":[3.83237,5.51941,8.12394]},"faces":{"north":{"uv":[0,0,0.625,0],"texture":"#main"},"east":{"uv":[0,0,1,0],"texture":"#main"},"south":{"uv":[0,0,0.625,0],"texture":"#main"},"west":{"uv":[0,0,1,0],"texture":"#main"},"up":{"uv":[1.375,9.25,0.75,8.25],"texture":"#main"},"down":{"uv":[1.375,8.25,0.75,9.25],"texture":"#main"}}},{"from":[2.77762,5.03576,4.11205],"to":[5.13712,6.53076,7.68705],"rotation":{"angle":22.5,"axis":"x","origin":[4.06462,4.02826,5.18455]},"faces":{"north":{"uv":[8.75,5.5,9.25,5.75],"texture":"#main"},"east":{"uv":[10.25,7.75,11,8],"texture":"#main"},"south":{"uv":[9,4.5,9.5,4.75],"texture":"#main"},"west":{"uv":[10.25,8,11,8.25],"texture":"#main"},"up":{"uv":[3.5,7.5,3,6.75],"texture":"#main"},"down":{"uv":[10,1.25,9.5,2],"texture":"#main"}}},{"from":[3.13512,3.96207,2.54286],"to":[3.13512,7.17957,5.04536],"rotation":{"angle":0,"axis":"y","origin":[3.07012,5.55586,4.64226]},"faces":{"north":{"uv":[0,0,0,0.625],"texture":"#main"},"east":{"uv":[3,9.75,3.5,10.375],"texture":"#main"},"south":{"uv":[0,0,0,0.625],"texture":"#main"},"west":{"uv":[3.5,9.75,4,10.375],"texture":"#main"},"up":{"uv":[0,0.5,0,0],"texture":"#main"},"down":{"uv":[0,0,0,0.5],"texture":"#main"}}},{"from":[3.98012,3.96207,2.54286],"to":[3.98012,7.17957,5.04536],"rotation":{"angle":0,"axis":"y","origin":[3.07012,5.55586,4.64226]},"faces":{"north":{"uv":[0,0,0,0.625],"texture":"#main"},"east":{"uv":[9.75,5.25,10.25,5.875],"texture":"#main"},"south":{"uv":[0,0,0,0.625],"texture":"#main"},"west":{"uv":[5.75,9.75,6.25,10.375],"texture":"#main"},"up":{"uv":[0,0.5,0,0],"texture":"#main"},"down":{"uv":[0,0,0,0.5],"texture":"#main"}}},{"from":[4.76012,3.96207,2.54286],"to":[4.76012,7.17957,5.04536],"rotation":{"angle":0,"axis":"y","origin":[3.07012,5.55586,4.64226]},"faces":{"north":{"uv":[0,0,0,0.625],"texture":"#main"},"east":{"uv":[4,9.75,4.5,10.375],"texture":"#main"},"south":{"uv":[0,0,0,0.625],"texture":"#main"},"west":{"uv":[5.25,9.75,5.75,10.375],"texture":"#main"},"up":{"uv":[0,0.5,0,0],"texture":"#main"},"down":{"uv":[0,0,0,0.5],"texture":"#main"}}},{"from":[11.4936,5.51941,4.67894],"to":[14.5681,5.51941,9.68394],"rotation":{"angle":22.5,"axis":"x","origin":[13.32335,5.51941,8.12394]},"faces":{"north":{"uv":[0,0,0.625,0],"texture":"#main"},"east":{"uv":[0,0,1,0],"texture":"#main"},"south":{"uv":[0,0,0.625,0],"texture":"#main"},"west":{"uv":[0,0,1,0],"texture":"#main"},"up":{"uv":[2.125,9.75,1.5,8.75],"texture":"#main"},"down":{"uv":[1.375,8.25,0.75,9.25],"texture":"#main"}}},{"from":[11.9936,5.03576,4.11205],"to":[14.3531,6.53076,7.68705],"rotation":{"angle":22.5,"axis":"x","origin":[13.0661,4.02826,5.18455]},"faces":{"north":{"uv":[0.5,10.5,1,10.75],"texture":"#main"},"east":{"uv":[10.25,8.75,11,9],"texture":"#main"},"south":{"uv":[10.5,0.5,11,0.75],"texture":"#main"},"west":{"uv":[10.25,9,11,9.25],"texture":"#main"},"up":{"uv":[10,4.75,9.5,4],"texture":"#main"},"down":{"uv":[5.25,9.5,4.75,10.25],"texture":"#main"}}},{"from":[13.9956,3.96207,2.54286],"to":[13.9956,7.17957,5.04536],"rotation":{"angle":0,"axis":"y","origin":[14.0606,5.55586,4.64226]},"faces":{"north":{"uv":[0,0,0,0.625],"texture":"#main"},"east":{"uv":[7.75,9.75,8.25,10.375],"texture":"#main"},"south":{"uv":[0,0,0,0.625],"texture":"#main"},"west":{"uv":[9.75,8.25,10.25,8.875],"texture":"#main"},"up":{"uv":[0,0.5,0,0],"texture":"#main"},"down":{"uv":[0,0,0,0.5],"texture":"#main"}}},{"from":[13.1506,3.96207,2.54286],"to":[13.1506,7.17957,5.04536],"rotation":{"angle":0,"axis":"y","origin":[14.0606,5.55586,4.64226]},"faces":{"north":{"uv":[0,0,0,0.625],"texture":"#main"},"east":{"uv":[9.75,9,10.25,9.625],"texture":"#main"},"south":{"uv":[0,0,0,0.625],"texture":"#main"},"west":{"uv":[9.75,9.75,10.25,10.375],"texture":"#main"},"up":{"uv":[0,0.5,0,0],"texture":"#main"},"down":{"uv":[0,0,0,0.5],"texture":"#main"}}},{"from":[12.3706,3.96207,2.54286],"to":[12.3706,7.17957,5.04536],"rotation":{"angle":0,"axis":"y","origin":[14.0606,5.55586,4.64226]},"faces":{"north":{"uv":[0,0,0,0.625],"texture":"#main"},"east":{"uv":[10,0,10.5,0.625],"texture":"#main"},"south":{"uv":[0,0,0,0.625],"texture":"#main"},"west":{"uv":[10,0.75,10.5,1.375],"texture":"#main"},"up":{"uv":[0,0.5,0,0],"texture":"#main"},"down":{"uv":[0,0,0,0.5],"texture":"#main"}}},{"from":[12.1436,5.70711,5.79668],"to":[13.9311,11.42711,11.51668],"rotation":{"angle":-22.5,"axis":"x","origin":[13.03735,7.85211,9.01418]},"faces":{"north":{"uv":[9.25,6.75,9.625,7.875],"texture":"#main"},"east":{"uv":[7,7.5,8.125,8.625],"texture":"#main"},"south":{"uv":[9.25,8,9.625,9.125],"texture":"#main"},"west":{"uv":[5.5,7.75,6.625,8.875],"texture":"#main"},"up":{"uv":[9.625,10.375,9.25,9.25],"texture":"#main"},"down":{"uv":[9.875,0,9.5,1.125],"texture":"#main"}}},{"from":[12.8586,6.21736,7.94168],"to":[12.8586,11.93736,17.95168],"rotation":{"angle":0,"axis":"y","origin":[12.8586,6.21736,7.94168]},"faces":{"north":{"uv":[0,0,0,1.125],"texture":"#main"},"east":{"uv":[6,5,7.875,6.125],"texture":"#main"},"south":{"uv":[0,0,0,1.125],"texture":"#main"},"west":{"uv":[3.5,6.25,5.375,7.375],"texture":"#main"},"up":{"uv":[0,1.875,0,0],"texture":"#main"},"down":{"uv":[0,0,0,1.875],"texture":"#main"}}},{"from":[6.73462,17.0026,-5.28361],"to":[10.30962,20.5776,0.07889],"rotation":{"angle":0,"axis":"y","origin":[8.52212,22.2936,0.79389]},"faces":{"north":{"uv":[8.5,6.75,9.25,7.5],"texture":"#main"},"east":{"uv":[3.5,5.5,4.5,6.25],"texture":"#main"},"south":{"uv":[2.25,8.75,3,9.5],"texture":"#main"},"west":{"uv":[8,4,9,4.75],"texture":"#main"},"up":{"uv":[8.75,5.75,8,4.75],"texture":"#main"},"down":{"uv":[0.75,8.25,0,9.25],"texture":"#main"}}},{"from":[7.09212,15.2151,-4.56861],"to":[9.95212,16.6451,0.79389],"rotation":{"angle":-22.5,"axis":"x","origin":[8.52212,16.2876,-2.78111]},"faces":{"north":{"uv":[10.5,0,11,0.25],"texture":"#main"},"east":{"uv":[5,3.75,6,4],"texture":"#main"},"south":{"uv":[10.5,0.25,11,0.5],"texture":"#main"},"west":{"uv":[10.25,7,11.25,7.25],"texture":"#main"},"up":{"uv":[4.25,9.75,3.75,8.75],"texture":"#main"},"down":{"uv":[4.75,8.75,4.25,9.75],"texture":"#main"}}},{"from":[6.94912,15.90263,-0.15867],"to":[10.09512,18.76263,4.48883],"rotation":{"angle":22.5,"axis":"x","origin":[8.52212,19.15588,2.09358]},"faces":{"north":{"uv":[8.25,9.5,8.875,10],"texture":"#main"},"east":{"uv":[5.5,9,6.375,9.5],"texture":"#main"},"south":{"uv":[1.5,9.75,2.125,10.25],"texture":"#main"},"west":{"uv":[8.25,9,9.125,9.5],"texture":"#main"},"up":{"uv":[9.375,3.375,8.75,2.5],"texture":"#main"},"down":{"uv":[3.625,8.75,3,9.625],"texture":"#main"}}},{"from":[7.09212,12.75961,1.97143],"to":[9.95212,17.40711,4.83143],"rotation":{"angle":-22.5,"axis":"x","origin":[8.52212,15.97711,3.29418]},"faces":{"north":{"uv":[6.75,8.75,7.25,9.625],"texture":"#main"},"east":{"uv":[7.25,8.75,7.75,9.625],"texture":"#main"},"south":{"uv":[7.75,8.75,8.25,9.625],"texture":"#main"},"west":{"uv":[9,3.5,9.5,4.375],"texture":"#main"},"up":{"uv":[8.5,6.25,8,5.75],"texture":"#main"},"down":{"uv":[10.75,2,10.25,2.5],"texture":"#main"}}},{"from":[4.65462,10.74126,3.39183],"to":[12.51962,18.60626,3.39183],"rotation":{"angle":45,"axis":"x","origin":[8.58712,14.67376,3.39183]},"faces":{"north":{"uv":[5,2.25,6.5,3.75],"texture":"#main"},"east":{"uv":[0,0,0,1.5],"texture":"#main"},"south":{"uv":[0,5.5,1.5,7],"texture":"#main"},"west":{"uv":[0,0,0,1.5],"texture":"#main"},"up":{"uv":[1.5,0,0,0],"texture":"#main"},"down":{"uv":[1.5,0,0,0],"texture":"#main"}}},{"from":[12.1436,13.47461,4.72418],"to":[19.2936,14.54711,8.33168],"rotation":{"angle":45,"axis":"z","origin":[12.1436,14.01086,7.76293]},"faces":{"north":{"uv":[9.5,5,10.875,5.25],"texture":"#main"},"east":{"uv":[10.25,9.25,11,9.5],"texture":"#main"},"south":{"uv":[5.25,9.5,6.625,9.75],"texture":"#main"},"west":{"uv":[10.25,9.5,11,9.75],"texture":"#main"},"up":{"uv":[7.875,3.5,6.5,2.75],"texture":"#main"},"down":{"uv":[9.375,0,8,0.75],"texture":"#main"}}},{"from":[19.2936,14.08236,3.26168],"to":[26.4436,14.08236,9.33918],"rotation":{"angle":45,"axis":"z","origin":[12.1436,14.01086,7.76293]},"faces":{"north":{"uv":[0,0,1.375,0],"texture":"#main"},"east":{"uv":[0,0,1.125,0],"texture":"#main"},"south":{"uv":[0,0,1.375,0],"texture":"#main"},"west":{"uv":[0,0,1.125,0],"texture":"#main"},"up":{"uv":[1.375,8.125,0,7],"texture":"#main"},"down":{"uv":[8.375,6.25,7,7.375],"texture":"#main"}}},{"from":[10.81544,18.68289,4.30168],"to":[24.04294,18.68289,14.31168],"rotation":{"angle":45,"axis":"z","origin":[16.89294,18.32539,12.94668]},"faces":{"north":{"uv":[0,0,2.5,0],"texture":"#main"},"east":{"uv":[0,0,1.875,0],"texture":"#main"},"south":{"uv":[0,0,2.5,0],"texture":"#main"},"west":{"uv":[0,0,1.875,0],"texture":"#main"},"up":{"uv":[5,1.875,2.5,0],"texture":"#main"},"down":{"uv":[5,2,2.5,3.875],"texture":"#main"}}},{"from":[22.9206,19.56207,2.21786],"to":[22.9206,22.77957,4.72036],"rotation":{"angle":45,"axis":"z","origin":[19.8331,19.54582,3.79411]},"faces":{"north":{"uv":[0,0,0,0.625],"texture":"#main"},"east":{"uv":[8.25,10,8.75,10.625],"texture":"#main"},"south":{"uv":[0,0,0,0.625],"texture":"#main"},"west":{"uv":[8.75,10,9.25,10.625],"texture":"#main"},"up":{"uv":[0,0.5,0,0],"texture":"#main"},"down":{"uv":[0,0,0,0.5],"texture":"#main"}}},{"from":[22.0756,19.56207,2.21786],"to":[22.0756,22.77957,4.72036],"rotation":{"angle":45,"axis":"z","origin":[19.8331,19.54582,3.79411]},"faces":{"north":{"uv":[0,0,0,0.625],"texture":"#main"},"east":{"uv":[10,3.25,10.5,3.875],"texture":"#main"},"south":{"uv":[0,0,0,0.625],"texture":"#main"},"west":{"uv":[10,4,10.5,4.625],"texture":"#main"},"up":{"uv":[0,0.5,0,0],"texture":"#main"},"down":{"uv":[0,0,0,0.5],"texture":"#main"}}},{"from":[21.2956,19.56207,2.21786],"to":[21.2956,22.77957,4.72036],"rotation":{"angle":45,"axis":"z","origin":[19.8331,19.54582,3.79411]},"faces":{"north":{"uv":[0,0,0,0.625],"texture":"#main"},"east":{"uv":[2.25,10,2.75,10.625],"texture":"#main"},"south":{"uv":[0,0,0,0.625],"texture":"#main"},"west":{"uv":[10,2.5,10.5,3.125],"texture":"#main"},"up":{"uv":[0,0.5,0,0],"texture":"#main"},"down":{"uv":[0,0,0,0.5],"texture":"#main"}}},{"from":[-2.13788,13.47461,4.72418],"to":[5.01212,14.54711,8.26668],"rotation":{"angle":-45,"axis":"z","origin":[5.01212,14.01086,7.76293]},"faces":{"north":{"uv":[6.5,3.5,7.875,3.75],"texture":"#main"},"east":{"uv":[10.25,9.75,10.875,10],"texture":"#main"},"south":{"uv":[9.5,4.75,10.875,5],"texture":"#main"},"west":{"uv":[10.25,10,10.875,10.25],"texture":"#main"},"up":{"uv":[9.375,1.375,8,0.75],"texture":"#main"},"down":{"uv":[2.875,8,1.5,8.625],"texture":"#main"}}},{"from":[-6.88722,18.68289,4.30168],"to":[6.34028,18.68289,14.31168],"rotation":{"angle":-45,"axis":"z","origin":[0.26278,18.32539,12.94668]},"faces":{"north":{"uv":[0,0,2.5,0],"texture":"#main"},"east":{"uv":[0,0,1.875,0],"texture":"#main"},"south":{"uv":[0,0,2.5,0],"texture":"#main"},"west":{"uv":[0,0,1.875,0],"texture":"#main"},"up":{"uv":[2.5,1.875,0,0],"texture":"#main"},"down":{"uv":[2.5,2,0,3.875],"texture":"#main"}}},{"from":[-4.13988,19.56207,2.21786],"to":[-4.13988,22.77957,4.72036],"rotation":{"angle":-45,"axis":"z","origin":[-2.67738,19.54582,3.79411]},"faces":{"north":{"uv":[0,0,0,0.625],"texture":"#main"},"east":{"uv":[9.75,6,10.25,6.625],"texture":"#main"},"south":{"uv":[0,0,0,0.625],"texture":"#main"},"west":{"uv":[6.25,9.75,6.75,10.375],"texture":"#main"},"up":{"uv":[0,0.5,0,0],"texture":"#main"},"down":{"uv":[0,0,0,0.5],"texture":"#main"}}},{"from":[-4.91988,19.56207,2.21786],"to":[-4.91988,22.77957,4.72036],"rotation":{"angle":-45,"axis":"z","origin":[-2.67738,19.54582,3.79411]},"faces":{"north":{"uv":[0,0,0,0.625],"texture":"#main"},"east":{"uv":[6.75,9.75,7.25,10.375],"texture":"#main"},"south":{"uv":[0,0,0,0.625],"texture":"#main"},"west":{"uv":[9.75,6.75,10.25,7.375],"texture":"#main"},"up":{"uv":[0,0.5,0,0],"texture":"#main"},"down":{"uv":[0,0,0,0.5],"texture":"#main"}}},{"from":[-5.76488,19.56207,2.21786],"to":[-5.76488,22.77957,4.72036],"rotation":{"angle":-45,"axis":"z","origin":[-2.67738,19.54582,3.79411]},"faces":{"north":{"uv":[0,0,0,0.625],"texture":"#main"},"east":{"uv":[7.25,9.75,7.75,10.375],"texture":"#main"},"south":{"uv":[0,0,0,0.625],"texture":"#main"},"west":{"uv":[9.75,7.5,10.25,8.125],"texture":"#main"},"up":{"uv":[0,0.5,0,0],"texture":"#main"},"down":{"uv":[0,0,0,0.5],"texture":"#main"}}},{"from":[-7.75,14.08236,3.26168],"to":[-0.6,14.08236,9.33918],"rotation":{"angle":-45,"axis":"z","origin":[5.01212,14.01086,7.76293]},"faces":{"north":{"uv":[0,0,1.375,0],"texture":"#main"},"east":{"uv":[0,0,1.125,0],"texture":"#main"},"south":{"uv":[0,0,1.375,0],"texture":"#main"},"west":{"uv":[0,0,1.125,0],"texture":"#main"},"up":{"uv":[7.875,2.625,6.5,1.5],"texture":"#main"},"down":{"uv":[2.875,6.75,1.5,7.875],"texture":"#main"}}}],"display":{"head":{"translation":[0,-33.5,0],"scale":[1.5,1.5,1.5]}},"groups":[{"name":"Archeops","origin":[0.31547,15.03138,-1.23893],"color":0,"children":[{"name":"body","origin":[0.33712,9.97151,2.19924],"color":0,"children":[0,1,2,{"name":"tail","origin":[0.25668,9.01917,6.7711],"color":0,"children":[3,{"name":"tail2","origin":[0.26562,9.01769,10.62297],"color":0,"children":[4,{"name":"tail3","origin":[0.28349,9.01474,14.61046],"color":0,"children":[5,6]}]}]},{"name":"leg_l","origin":[-3.76813,10.23883,0.14417],"color":0,"children":[7,8,9,10,11,12,13]},{"name":"leg_r","origin":[4.67385,10.48883,0.39417],"color":0,"children":[14,15,16,17,18,19,20]},{"name":"neck","origin":[0.33712,13.92376,-4.85817],"color":0,"children":[{"name":"head","origin":[0.27212,16.26116,-5.38635],"color":0,"children":[21,22,23]},24,25]},{"name":"wing_r","origin":[3.9538,14.17148,-2.32627],"color":0,"children":[26,27,28,29,30,31]},{"name":"wing_l","origin":[-3.23788,14.01086,-2.73707],"color":0,"children":[32,33,34,35,36,37]}]}]}]}