{"credit":"Made with Blockbench","texture_size":[32,32],"textures":{"main":"pokemon/audino"},"elements":[{"from":[0,3.825,2.55],"to":[0,10.625,9.35],"rotation":{"angle":0,"axis":"y","origin":[0,3.825,5.61]},"faces":{"north":{"uv":[0,0,0,2],"texture":"#main"},"east":{"uv":[2,7,4,9],"texture":"#main"},"south":{"uv":[0,0,0,2],"texture":"#main"},"west":{"uv":[7,2,9,4],"texture":"#main"},"up":{"uv":[0,2,0,0],"texture":"#main"},"down":{"uv":[0,0,0,2],"texture":"#main"}}},{"from":[-3.4,12.75,-3.4],"to":[3.4,19.55,3.4],"rotation":{"angle":0,"axis":"y","origin":[-13.6,0.85,-13.6]},"faces":{"north":{"uv":[2,5,4,7],"texture":"#main"},"east":{"uv":[5,2.5,7,4.5],"texture":"#main"},"south":{"uv":[4,5,6,7],"texture":"#main"},"west":{"uv":[6,4.5,8,6.5],"texture":"#main"},"up":{"uv":[8,8.5,6,6.5],"texture":"#main"},"down":{"uv":[9,0,7,2],"texture":"#main"}}},{"from":[3.264,13.634,0],"to":[10.574,20.944,0],"rotation":{"angle":0,"axis":"y","origin":[6.919,14.365,0]},"faces":{"north":{"uv":[2.5,0,0,2.5],"texture":"#main"},"east":{"uv":[0,0,0,2.5],"texture":"#main"},"south":{"uv":[2.5,2.5,0,5],"texture":"#main"},"west":{"uv":[0,0,0,2.5],"texture":"#main"},"up":{"uv":[0,0,2.5,0],"texture":"#main"},"down":{"uv":[0,0,2.5,0],"texture":"#main"}}},{"from":[3.264,7.786,0],"to":[10.574,15.096,0],"rotation":{"angle":0,"axis":"y","origin":[6.919,14.365,0]},"faces":{"north":{"uv":[5,0,2.5,2.5],"texture":"#main"},"east":{"uv":[0,0,0,2.5],"texture":"#main"},"south":{"uv":[5,2.5,2.5,5],"texture":"#main"},"west":{"uv":[0,0,0,2.5],"texture":"#main"},"up":{"uv":[0,0,2.5,0],"texture":"#main"},"down":{"uv":[0,0,2.5,0],"texture":"#main"}}},{"from":[-10.574,13.634,0],"to":[-3.264,20.944,0],"rotation":{"angle":0,"axis":"y","origin":[-6.919,14.365,0]},"faces":{"north":{"uv":[0,0,2.5,2.5],"texture":"#main"},"east":{"uv":[0,0,0,2.5],"texture":"#main"},"south":{"uv":[0,2.5,2.5,5],"texture":"#main"},"west":{"uv":[0,0,0,2.5],"texture":"#main"},"up":{"uv":[2.5,0,0,0],"texture":"#main"},"down":{"uv":[2.5,0,0,0],"texture":"#main"}}},{"from":[-10.574,7.786,0],"to":[-3.264,15.096,0],"rotation":{"angle":0,"axis":"y","origin":[-6.919,14.365,0]},"faces":{"north":{"uv":[2.5,0,5,2.5],"texture":"#main"},"east":{"uv":[0,0,0,2.5],"texture":"#main"},"south":{"uv":[2.5,2.5,5,5],"texture":"#main"},"west":{"uv":[0,0,0,2.5],"texture":"#main"},"up":{"uv":[2.5,0,0,0],"texture":"#main"},"down":{"uv":[2.5,0,0,0],"texture":"#main"}}},{"from":[-3.4,5.1,-2.975],"to":[3.4,12.75,2.975],"rotation":{"angle":0,"axis":"y","origin":[-13.6,0.85,-13.6]},"faces":{"north":{"uv":[0,5,2,7.25],"texture":"#main"},"east":{"uv":[4,7,5.75,9.25],"texture":"#main"},"south":{"uv":[5,0,7,2.25],"texture":"#main"},"west":{"uv":[0,7.5,1.75,9.75],"texture":"#main"},"up":{"uv":[10,5.75,8,4],"texture":"#main"},"down":{"uv":[10,6,8,7.75],"texture":"#main"}}},{"from":[-5.95,5.65619,-2.3271],"to":[-3.4,12.45619,0.2229],"rotation":{"angle":0,"axis":"y","origin":[-4.675,11.9,-0.85]},"faces":{"north":{"uv":[8,8,8.75,10],"texture":"#main"},"east":{"uv":[6,8.5,6.75,10.5],"texture":"#main"},"south":{"uv":[7,8.5,7.75,10.5],"texture":"#main"},"west":{"uv":[9,0,9.75,2],"texture":"#main"},"up":{"uv":[9.75,10.25,9,9.5],"texture":"#main"},"down":{"uv":[0.75,10,0,10.75],"texture":"#main"}}},{"from":[3.4,5.65619,-2.3271],"to":[5.95,12.45619,0.2229],"rotation":{"angle":0,"axis":"y","origin":[4.675,11.9,-0.85]},"faces":{"north":{"uv":[8.75,8,8,10],"texture":"#main"},"east":{"uv":[9.75,0,9,2],"texture":"#main"},"south":{"uv":[7.75,8.5,7,10.5],"texture":"#main"},"west":{"uv":[6.75,8.5,6,10.5],"texture":"#main"},"up":{"uv":[9,10.25,9.75,9.5],"texture":"#main"},"down":{"uv":[0,10,0.75,10.75],"texture":"#main"}}},{"from":[-2.55,0,-1.275],"to":[0,5.1,1.275],"rotation":{"angle":0,"axis":"y","origin":[-13.6,0,-13.6]},"faces":{"north":{"uv":[2,9,2.75,10.25],"texture":"#main"},"east":{"uv":[9,2,9.75,3.25],"texture":"#main"},"south":{"uv":[3,9,3.75,10.25],"texture":"#main"},"west":{"uv":[9,8,9.75,9.25],"texture":"#main"},"up":{"uv":[4.75,10.25,4,9.5],"texture":"#main"},"down":{"uv":[5.75,9.5,5,10.25],"texture":"#main"}}},{"from":[0,0,-1.275],"to":[2.55,5.1,1.275],"rotation":{"angle":0,"axis":"y","origin":[13.6,0,-13.6]},"faces":{"north":{"uv":[2.75,9,2,10.25],"texture":"#main"},"east":{"uv":[9.75,8,9,9.25],"texture":"#main"},"south":{"uv":[3.75,9,3,10.25],"texture":"#main"},"west":{"uv":[9.75,2,9,3.25],"texture":"#main"},"up":{"uv":[4,10.25,4.75,9.5],"texture":"#main"},"down":{"uv":[5,9.5,5.75,10.25],"texture":"#main"}}}],"display":{"head":{"translation":[8,-35,8]}},"groups":[{"name":"Audino","origin":[0,0,0],"color":0,"children":[{"name":"body","origin":[0,5.175,0],"color":0,"children":[{"name":"tail","origin":[0,5.725,2.95],"color":0,"children":[0]},{"name":"head","origin":[0,13.15,0],"color":0,"children":[1,{"name":"ear_r","origin":[3.419,17.615,0],"color":0,"children":[2,{"name":"ear2_r","origin":[6.169,15.116,0],"color":0,"children":[3]}]},{"name":"ear_l","origin":[-3.419,17.615,0],"color":0,"children":[4,{"name":"ear2_l","origin":[-5.919,15.066,0],"color":0,"children":[5]}]}]},6,{"name":"arm_l","origin":[-3.275,12.30619,-1.0521],"color":0,"children":[7]},{"name":"arm_r","origin":[3.425,12.30619,-1.0521],"color":0,"children":[8]}]},{"name":"leg_l","origin":[-1.275,5.05,0],"color":0,"children":[9]},{"name":"leg_r","origin":[1.275,5.05,0],"color":0,"children":[10]}]}]}