{"credit":"Made with Blockbench","texture_size":[64,64],"textures":{"main":"pokemon/bergmite"},"elements":[{"from":[7.85,4,0.75],"to":[7.85,14,10.25],"rotation":{"angle":0,"axis":"y","origin":[-1.9,11,-5]},"faces":{"north":{"uv":[0,0,0,2.5],"texture":"#main"},"east":{"uv":[0,0,2.5,2.5],"texture":"#main"},"south":{"uv":[0,0,0,2.5],"texture":"#main"},"west":{"uv":[0,2.5,2.5,5],"texture":"#main"},"up":{"uv":[0,2.5,0,0],"texture":"#main"},"down":{"uv":[0,0,0,2.5],"texture":"#main"}}},{"from":[4.25,1,5],"to":[11.25,5,13],"rotation":{"angle":0,"axis":"y","origin":[-0.75,0,0]},"faces":{"north":{"uv":[7,0,8.75,1],"texture":"#main"},"east":{"uv":[6,4,8,5],"texture":"#main"},"south":{"uv":[7,1,8.75,2],"texture":"#main"},"west":{"uv":[6,5,8,6],"texture":"#main"},"up":{"uv":[4.25,6.5,2.5,4.5],"texture":"#main"},"down":{"uv":[6,4.5,4.25,6.5],"texture":"#main"}}},{"from":[5.25,0,6],"to":[6.25,1,7],"rotation":{"angle":0,"axis":"y","origin":[-0.75,0,0]},"faces":{"north":{"uv":[5.75,6.5,6,6.75],"texture":"#main"},"east":{"uv":[2,6.75,2.25,7],"texture":"#main"},"south":{"uv":[2.25,6.75,2.5,7],"texture":"#main"},"west":{"uv":[5.75,6.75,6,7],"texture":"#main"},"up":{"uv":[2.25,7.25,2,7],"texture":"#main"},"down":{"uv":[2.5,7,2.25,7.25],"texture":"#main"}}},{"from":[5.25,0,11],"to":[6.25,1,12],"rotation":{"angle":0,"axis":"y","origin":[-0.75,0,0]},"faces":{"north":{"uv":[7,3.75,7.25,4],"texture":"#main"},"east":{"uv":[5.75,7,6,7.25],"texture":"#main"},"south":{"uv":[2,7.25,2.25,7.5],"texture":"#main"},"west":{"uv":[2.25,7.25,2.5,7.5],"texture":"#main"},"up":{"uv":[7.5,4,7.25,3.75],"texture":"#main"},"down":{"uv":[6,7.25,5.75,7.5],"texture":"#main"}}},{"from":[9.25,0,11],"to":[10.25,1,12],"rotation":{"angle":0,"axis":"y","origin":[-0.75,0,0]},"faces":{"north":{"uv":[7.25,3.75,7,4],"texture":"#main"},"east":{"uv":[2.5,7.25,2.25,7.5],"texture":"#main"},"south":{"uv":[2.25,7.25,2,7.5],"texture":"#main"},"west":{"uv":[6,7,5.75,7.25],"texture":"#main"},"up":{"uv":[7.25,4,7.5,3.75],"texture":"#main"},"down":{"uv":[5.75,7.25,6,7.5],"texture":"#main"}}},{"from":[9.25,0,6],"to":[10.25,1,7],"rotation":{"angle":0,"axis":"y","origin":[-0.75,0,0]},"faces":{"north":{"uv":[6,6.5,5.75,6.75],"texture":"#main"},"east":{"uv":[6,6.75,5.75,7],"texture":"#main"},"south":{"uv":[2.5,6.75,2.25,7],"texture":"#main"},"west":{"uv":[2.25,6.75,2,7],"texture":"#main"},"up":{"uv":[2,7.25,2.25,7],"texture":"#main"},"down":{"uv":[2.25,7,2.5,7.25],"texture":"#main"}}},{"from":[5.25,5,6],"to":[10.25,7,12],"rotation":{"angle":0,"axis":"y","origin":[-0.75,0,0]},"faces":{"north":{"uv":[4.75,4,6,4.5],"texture":"#main"},"east":{"uv":[5.75,7.5,7.25,8],"texture":"#main"},"south":{"uv":[7.75,2.5,9,3],"texture":"#main"},"west":{"uv":[7.75,2,9.25,2.5],"texture":"#main"},"up":{"uv":[7.25,7.5,6,6],"texture":"#main"},"down":{"uv":[3.75,6.5,2.5,8],"texture":"#main"}}},{"from":[3.25,2,4.25],"to":[12.25,6,13.25],"rotation":{"angle":0,"axis":"y","origin":[-0.75,0,0]},"faces":{"north":{"uv":[4.75,0,7,1],"texture":"#main"},"east":{"uv":[4.75,1,7,2],"texture":"#main"},"south":{"uv":[4.75,2,7,3],"texture":"#main"},"west":{"uv":[4.75,3,7,4],"texture":"#main"},"up":{"uv":[4.75,2.25,2.5,0],"texture":"#main"},"down":{"uv":[4.75,2.25,2.5,4.5],"texture":"#main"}}},{"from":[5.1,6,5.75],"to":[10.35,8,12.25],"rotation":{"angle":0,"axis":"y","origin":[-0.75,0,0]},"faces":{"north":{"uv":[7.25,7.75,8.5,8.25],"texture":"#main"},"east":{"uv":[7,3.25,8.75,3.75],"texture":"#main"},"south":{"uv":[2,8,3.25,8.5],"texture":"#main"},"west":{"uv":[7.25,7.25,9,7.75],"texture":"#main"},"up":{"uv":[1.25,6.75,0,5],"texture":"#main"},"down":{"uv":[2.5,5,1.25,6.75],"texture":"#main"}}},{"from":[6.1,8,6.75],"to":[9.35,14,11.25],"rotation":{"angle":0,"axis":"y","origin":[-0.75,0,0]},"faces":{"north":{"uv":[5,6.5,5.75,8],"texture":"#main"},"east":{"uv":[3.75,6.5,5,8],"texture":"#main"},"south":{"uv":[1.25,6.75,2,8.25],"texture":"#main"},"west":{"uv":[0,6.75,1.25,8.25],"texture":"#main"},"up":{"uv":[7.75,3.25,7,2],"texture":"#main"},"down":{"uv":[8,6,7.25,7.25],"texture":"#main"}}}],"display":{"head":{"translation":[0,-35,0]}},"groups":[{"name":"bone","origin":[-0.245,4.2,-1.375],"color":0,"nbt":"{}","armAnimationEnabled":false,"children":[0,1,2,3,4,5,6,7,8,9]}]}