{"credit":"Made with Blockbench","texture_size":[32,32],"textures":{"particle":"pokemon/boldore","main":"pokemon/boldore"},"elements":[{"from":[-10.72,3.33144,-6.97632],"to":[-5.248,9.71544,-1.50432],"rotation":{"angle":0,"axis":"y","origin":[-14.064,-0.31656,-13.58832]},"faces":{"north":{"uv":[7,2.5,8.75,4.5],"texture":"#main"},"east":{"uv":[3,7.5,4.75,9.5],"texture":"#main"},"south":{"uv":[5,7.5,6.75,9.5],"texture":"#main"},"west":{"uv":[7,7.5,8.75,9.5],"texture":"#main"},"up":{"uv":[1.75,10.25,0,8.5],"texture":"#main"},"down":{"uv":[10.25,4.5,8.5,6.25],"texture":"#main"}}},{"from":[-9.656,0.51944,-5.60832],"to":[-6.92,4.16744,-2.87232],"rotation":{"angle":-22.5,"axis":"x","origin":[-8.288,1.58344,-4.24032]},"faces":{"north":{"uv":[2,8.5,3,9.75],"texture":"#main"},"east":{"uv":[9,0,10,1.25],"texture":"#main"},"south":{"uv":[9,1.5,10,2.75],"texture":"#main"},"west":{"uv":[9,3,10,4.25],"texture":"#main"},"up":{"uv":[4,10.5,3,9.5],"texture":"#main"},"down":{"uv":[5,9.5,4,10.5],"texture":"#main"}}},{"from":[5.696,3.33144,-6.97632],"to":[11.168,9.71544,-1.50432],"rotation":{"angle":0,"axis":"y","origin":[14.512,-0.31656,-13.58832]},"faces":{"north":{"uv":[8.75,2.5,7,4.5],"texture":"#main"},"east":{"uv":[8.75,7.5,7,9.5],"texture":"#main"},"south":{"uv":[6.75,7.5,5,9.5],"texture":"#main"},"west":{"uv":[4.75,7.5,3,9.5],"texture":"#main"},"up":{"uv":[0,10.25,1.75,8.5],"texture":"#main"},"down":{"uv":[8.5,4.5,10.25,6.25],"texture":"#main"}}},{"from":[7.368,0.51944,-5.60832],"to":[10.104,4.16744,-2.87232],"rotation":{"angle":-22.5,"axis":"x","origin":[8.736,1.58344,-4.24032]},"faces":{"north":{"uv":[3,8.5,2,9.75],"texture":"#main"},"east":{"uv":[10,3,9,4.25],"texture":"#main"},"south":{"uv":[10,1.5,9,2.75],"texture":"#main"},"west":{"uv":[10,0,9,1.25],"texture":"#main"},"up":{"uv":[3,10.5,4,9.5],"texture":"#main"},"down":{"uv":[4,9.5,5,10.5],"texture":"#main"}}},{"from":[-2.284,3.40744,4.70368],"to":[3.188,9.79144,10.17568],"rotation":{"angle":0,"axis":"y","origin":[-8.136,4.47144,7.81968]},"faces":{"north":{"uv":[5,7.5,6.75,9.5],"texture":"#main"},"east":{"uv":[7,7.5,8.75,9.5],"texture":"#main"},"south":{"uv":[7,2.5,8.75,4.5],"texture":"#main"},"west":{"uv":[3,7.5,4.75,9.5],"texture":"#main"},"up":{"uv":[1.75,10.25,0,8.5],"rotation":180,"texture":"#main"},"down":{"uv":[10.25,4.5,8.5,6.25],"rotation":180,"texture":"#main"}}},{"from":[-0.232,0.13944,5.69168],"to":[2.504,3.78744,8.42768],"rotation":{"angle":22.5,"axis":"x","origin":[1.136,1.96344,7.81968]},"faces":{"north":{"uv":[9,1.5,10,2.75],"texture":"#main"},"east":{"uv":[9,3,10,4.25],"texture":"#main"},"south":{"uv":[2,8.5,3,9.75],"texture":"#main"},"west":{"uv":[9,0,10,1.25],"texture":"#main"},"up":{"uv":[4,10.5,3,9.5],"rotation":180,"texture":"#main"},"down":{"uv":[5,9.5,4,10.5],"rotation":180,"texture":"#main"}}},{"from":[-5.248,5.15544,-4.46832],"to":[5.696,12.45144,4.65168],"rotation":{"angle":0,"axis":"y","origin":[-14.368,0.13944,-13.58832]},"faces":{"north":{"uv":[3.5,0,7,2.5],"texture":"#main"},"east":{"uv":[3.5,5,6.5,7.5],"texture":"#main"},"south":{"uv":[3.5,2.5,7,5],"texture":"#main"},"west":{"uv":[0,6,3,8.5],"texture":"#main"},"up":{"uv":[3.5,3,0,0],"texture":"#main"},"down":{"uv":[3.5,3,0,6],"texture":"#main"}}},{"from":[-3.88,3.78744,-5.07632],"to":[-2.056,7.43544,-3.25232],"rotation":{"angle":0,"axis":"y","origin":[-14.368,0.13944,-13.58832]},"faces":{"north":{"uv":[3,6,3.5,7.25],"texture":"#main"},"east":{"uv":[6,9.5,6.5,10.75],"texture":"#main"},"south":{"uv":[6.5,9.5,7,10.75],"texture":"#main"},"west":{"uv":[9.5,6.5,10,7.75],"texture":"#main"},"up":{"uv":[7.5,5,7,4.5],"texture":"#main"},"down":{"uv":[8,4.5,7.5,5],"texture":"#main"}}},{"from":[-0.688,3.78744,-5.07632],"to":[1.136,6.52344,-3.25232],"rotation":{"angle":0,"axis":"y","origin":[14.816,0.13944,-13.58832]},"faces":{"north":{"uv":[9,6.5,8.5,7.5],"texture":"#main"},"east":{"uv":[8.5,9.5,8,10.5],"texture":"#main"},"south":{"uv":[8,9.5,7.5,10.5],"texture":"#main"},"west":{"uv":[7.5,9.5,7,10.5],"texture":"#main"},"up":{"uv":[8,5,8.5,4.5],"texture":"#main"},"down":{"uv":[10,1,10.5,1.5],"texture":"#main"}}},{"from":[2.504,3.78744,-5.07632],"to":[4.328,7.43544,-3.25232],"rotation":{"angle":0,"axis":"y","origin":[14.816,0.13944,-13.58832]},"faces":{"north":{"uv":[3.5,6,3,7.25],"texture":"#main"},"east":{"uv":[10,6.5,9.5,7.75],"texture":"#main"},"south":{"uv":[7,9.5,6.5,10.75],"texture":"#main"},"west":{"uv":[6.5,9.5,6,10.75],"texture":"#main"},"up":{"uv":[7,5,7.5,4.5],"texture":"#main"},"down":{"uv":[7.5,4.5,8,5],"texture":"#main"}}},{"from":[4.632,9.25944,-1.27632],"to":[8.28,11.08344,0.54768],"rotation":{"angle":45,"axis":"z","origin":[5.316,10.17144,-0.36432]},"faces":{"north":{"uv":[3,7.25,3.5,6],"rotation":90,"texture":"#main"},"east":{"uv":[7.5,4.5,7,5],"rotation":270,"texture":"#main"},"south":{"uv":[6.5,10.75,7,9.5],"rotation":270,"texture":"#main"},"west":{"uv":[8,5,7.5,4.5],"rotation":270,"texture":"#main"},"up":{"uv":[6,10.75,6.5,9.5],"rotation":270,"texture":"#main"},"down":{"uv":[9.5,7.75,10,6.5],"rotation":270,"texture":"#main"}}},{"from":[1.972,11.38744,-1.27632],"to":[3.796,14.12344,0.54768],"rotation":{"angle":-22.5,"axis":"z","origin":[2.884,12.75544,-0.36432]},"faces":{"north":{"uv":[9,6.5,8.5,7.5],"rotation":180,"texture":"#main"},"east":{"uv":[7.5,9.5,7,10.5],"rotation":180,"texture":"#main"},"south":{"uv":[8,9.5,7.5,10.5],"rotation":180,"texture":"#main"},"west":{"uv":[8.5,9.5,8,10.5],"rotation":180,"texture":"#main"},"up":{"uv":[10,1,10.5,1.5],"rotation":180,"texture":"#main"},"down":{"uv":[8,5,8.5,4.5],"rotation":180,"texture":"#main"}}},{"from":[-3.348,11.38744,-1.27632],"to":[-1.524,14.12344,0.54768],"rotation":{"angle":22.5,"axis":"z","origin":[-2.436,12.75544,-0.36432]},"faces":{"north":{"uv":[8.5,6.5,9,7.5],"rotation":180,"texture":"#main"},"east":{"uv":[8,9.5,8.5,10.5],"rotation":180,"texture":"#main"},"south":{"uv":[7.5,9.5,8,10.5],"rotation":180,"texture":"#main"},"west":{"uv":[7,9.5,7.5,10.5],"rotation":180,"texture":"#main"},"up":{"uv":[10.5,1,10,1.5],"rotation":180,"texture":"#main"},"down":{"uv":[8.5,5,8,4.5],"rotation":180,"texture":"#main"}}},{"from":[-0.688,7.13144,-5.83632],"to":[1.136,13.97144,-0.36432],"rotation":{"angle":0,"axis":"y","origin":[0.224,7.13144,-3.10032]},"faces":{"north":{"uv":[9,6.5,9.5,8.75],"texture":"#main"},"east":{"uv":[6.5,5,8.25,7.25],"texture":"#main"},"south":{"uv":[9,9,9.5,11.25],"texture":"#main"},"west":{"uv":[7,0,8.75,2.25],"texture":"#main"},"up":{"uv":[5.5,11.25,5,9.5],"texture":"#main"},"down":{"uv":[6,9.5,5.5,11.25],"texture":"#main"}}},{"from":[-7.832,9.25944,-1.27632],"to":[-4.184,11.08344,0.54768],"rotation":{"angle":-45,"axis":"z","origin":[-4.868,10.17144,-0.36432]},"faces":{"north":{"uv":[3,6,3.5,7.25],"rotation":90,"texture":"#main"},"east":{"uv":[8,4.5,7.5,5],"rotation":270,"texture":"#main"},"south":{"uv":[6.5,9.5,7,10.75],"rotation":270,"texture":"#main"},"west":{"uv":[7.5,5,7,4.5],"rotation":270,"texture":"#main"},"up":{"uv":[6,9.5,6.5,10.75],"rotation":270,"texture":"#main"},"down":{"uv":[9.5,6.5,10,7.75],"rotation":270,"texture":"#main"}}}],"display":{"head":{"translation":[11.75,-31.25,11],"scale":[1.5,1.5,1.5]}},"groups":[{"name":"Boldore","origin":[0.3,-0.13661,1.72369],"color":0,"children":[{"name":"leg_l","origin":[-5.386,8.15451,-3.13574],"color":0,"children":[0,1]},{"name":"leg_r","origin":[5.584,8.65451,-3.13574],"color":0,"children":[2,3]},{"name":"back_leg","origin":[0.794,8.17686,4.62861],"color":0,"children":[4,5]},{"name":"body","origin":[0.224,5.24435,0.36568],"color":0,"children":[6,7,8,9,10,11,12,13,14]}]}]}