{"credit":"Made with Blockbench","texture_size":[64,64],"textures":{"main":"pokemon/clawitzer"},"elements":[{"from":[4,0,3],"to":[10,6,12],"rotation":{"angle":0,"axis":"y","origin":[7,0,8]},"faces":{"north":{"uv":[12.25,6.25,13.75,7.75],"texture":"#main"},"east":{"uv":[5.5,10,7.75,11.5],"texture":"#main"},"south":{"uv":[12.75,2,14.25,3.5],"texture":"#main"},"west":{"uv":[10,6.25,12.25,7.75],"texture":"#main"},"up":{"uv":[9.25,13,7.75,10.75],"texture":"#main"},"down":{"uv":[10.75,10.75,9.25,13],"texture":"#main"}}},{"from":[10,0.225,11],"to":[16,8.225,16],"rotation":{"angle":22.5,"axis":"x","origin":[13,3.225,12.5]},"faces":{"north":{"uv":[10.75,10.75,12.25,12.75],"texture":"#main"},"east":{"uv":[12,4.25,13.25,6.25],"texture":"#main"},"south":{"uv":[11.5,0,13,2],"texture":"#main"},"west":{"uv":[0,12.25,1.25,14.25],"texture":"#main"},"up":{"uv":[8.25,14.25,6.75,13],"texture":"#main"},"down":{"uv":[9.75,13,8.25,14.25],"texture":"#main"}}},{"from":[9,0.425,9],"to":[17,9.225,14],"rotation":{"angle":-22.5,"axis":"y","origin":[13,3.225,12.5]},"faces":{"north":{"uv":[7.75,8.5,9.75,10.75],"texture":"#main"},"east":{"uv":[11.5,2,12.75,4.25],"texture":"#main"},"south":{"uv":[9.5,0,11.5,2.25],"texture":"#main"},"west":{"uv":[5.5,11.5,6.75,13.75],"texture":"#main"},"up":{"uv":[13.75,10.5,11.75,9.25],"texture":"#main"},"down":{"uv":[3.25,12.25,1.25,13.5],"texture":"#main"}}},{"from":[8,0.225,0],"to":[17,12.225,11],"rotation":{"angle":-22.5,"axis":"y","origin":[12.5,3.225,14.5]},"faces":{"north":{"uv":[5.5,7,7.75,10],"texture":"#main"},"east":{"uv":[0,7,2.75,10],"texture":"#main"},"south":{"uv":[7.25,0,9.5,3],"texture":"#main"},"west":{"uv":[2.75,7,5.5,10],"texture":"#main"},"up":{"uv":[9.5,5.75,7.25,3],"texture":"#main"},"down":{"uv":[10,5.75,7.75,8.5],"texture":"#main"}}},{"from":[16,5.225,-1],"to":[18,8.225,2],"rotation":{"angle":-22.5,"axis":"y","origin":[12.5,3.225,14.5]},"faces":{"north":{"uv":[7.25,5.75,7.75,6.5],"texture":"#main"},"east":{"uv":[14.5,9,15.25,9.75],"texture":"#main"},"south":{"uv":[9.5,4.5,10,5.25],"texture":"#main"},"west":{"uv":[9.75,14.5,10.5,15.25],"texture":"#main"},"up":{"uv":[13.25,4.25,12.75,3.5],"texture":"#main"},"down":{"uv":[4.5,14.75,4,15.5],"texture":"#main"}}},{"from":[17.5,0.725,-1],"to":[17.5,14.725,28],"rotation":{"angle":-22.5,"axis":"y","origin":[12.5,3.225,14.5]},"faces":{"north":{"uv":[0,0,0,3.5],"texture":"#main"},"east":{"uv":[0,0,7.25,3.5],"texture":"#main"},"south":{"uv":[0,0,0,3.5],"texture":"#main"},"west":{"uv":[0,3.5,7.25,7],"texture":"#main"},"up":{"uv":[0,7.25,0,0],"texture":"#main"},"down":{"uv":[0,0,0,7.25],"texture":"#main"}}},{"from":[7.75,0.725,-1],"to":[7.75,14.725,28],"rotation":{"angle":-22.5,"axis":"y","origin":[12.5,3.225,14.5]},"faces":{"north":{"uv":[0,0,0,3.5],"texture":"#main"},"east":{"uv":[0,0,7.25,3.5],"texture":"#main"},"south":{"uv":[0,0,0,3.5],"texture":"#main"},"west":{"uv":[0,3.5,7.25,7],"texture":"#main"},"up":{"uv":[0,7.25,0,0],"texture":"#main"},"down":{"uv":[0,0,0,7.25],"texture":"#main"}}},{"from":[7,5.225,-1],"to":[9,8.225,2],"rotation":{"angle":-22.5,"axis":"y","origin":[12.5,3.225,14.5]},"faces":{"north":{"uv":[7.25,5.75,7.75,6.5],"texture":"#main"},"east":{"uv":[14.5,9,15.25,9.75],"texture":"#main"},"south":{"uv":[9.5,4.5,10,5.25],"texture":"#main"},"west":{"uv":[9.75,14.5,10.5,15.25],"texture":"#main"},"up":{"uv":[13.25,4.25,12.75,3.5],"texture":"#main"},"down":{"uv":[4.5,14.75,4,15.5],"texture":"#main"}}},{"from":[15.75,2.225,-1],"to":[23.25,11.225,6.25],"rotation":{"angle":-22.5,"axis":"y","origin":[19.5,3.225,-2.5]},"faces":{"north":{"uv":[9.5,2.25,11.5,4.5],"texture":"#main"},"east":{"uv":[0,10,1.75,12.25],"texture":"#main"},"south":{"uv":[9.75,8.5,11.75,10.75],"texture":"#main"},"west":{"uv":[1.75,10,3.5,12.25],"texture":"#main"},"up":{"uv":[5.5,11.75,3.5,10],"texture":"#main"},"down":{"uv":[12,4.5,10,6.25],"texture":"#main"}}},{"from":[20.48221,2.3,-1],"to":[25.48221,8.3,6],"rotation":{"angle":-22.5,"axis":"y","origin":[22.48221,3.725,-11.00626]},"faces":{"north":{"uv":[3.25,13.25,4.5,14.75],"texture":"#main"},"east":{"uv":[3.5,11.75,5.25,13.25],"texture":"#main"},"south":{"uv":[13.25,3.5,14.5,5],"texture":"#main"},"west":{"uv":[11.75,7.75,13.5,9.25],"texture":"#main"},"up":{"uv":[12,14.5,10.75,12.75],"texture":"#main"},"down":{"uv":[14.25,0,13,1.75],"texture":"#main"}}},{"from":[17,-0.775,-1],"to":[22,1.225,6.5],"rotation":{"angle":-22.5,"axis":"y","origin":[19.5,3.225,-2.5]},"faces":{"north":{"uv":[13.75,7.25,15,7.75],"texture":"#main"},"east":{"uv":[13.5,8.5,15.5,9],"texture":"#main"},"south":{"uv":[13.75,10,15,10.5],"texture":"#main"},"west":{"uv":[13.5,10.5,15.5,11],"texture":"#main"},"up":{"uv":[13.5,12.5,12.25,10.5],"texture":"#main"},"down":{"uv":[13.5,12.5,12.25,14.5],"texture":"#main"}}},{"from":[20.10476,-0.775,-1],"to":[23.10476,1.225,3],"rotation":{"angle":-22.5,"axis":"y","origin":[21.60476,0.225,-7.58134]},"faces":{"north":{"uv":[15,14.75,15.75,15.25],"texture":"#main"},"east":{"uv":[15,3,16,3.5],"texture":"#main"},"south":{"uv":[15.25,0,16,0.5],"texture":"#main"},"west":{"uv":[15,9.75,16,10.25],"texture":"#main"},"up":{"uv":[14.5,7.25,13.75,6.25],"texture":"#main"},"down":{"uv":[14.5,9,13.75,10],"texture":"#main"}}},{"from":[21,1.225,-1],"to":[22,2.225,0],"rotation":{"angle":-22.5,"axis":"y","origin":[19.5,3.225,-2.5]},"faces":{"north":{"uv":[3.25,13,3.5,13.25],"texture":"#main"},"east":{"uv":[5.25,13,5.5,13.25],"texture":"#main"},"south":{"uv":[13.5,9,13.75,9.25],"texture":"#main"},"west":{"uv":[14,1.75,14.25,2],"texture":"#main"},"up":{"uv":[14.75,7.25,14.5,7],"texture":"#main"},"down":{"uv":[14.75,9.75,14.5,10],"texture":"#main"}}},{"from":[17,1.225,-1],"to":[18,2.225,0],"rotation":{"angle":-22.5,"axis":"y","origin":[19.5,3.225,-2.5]},"faces":{"north":{"uv":[6.25,14.75,6.5,15],"texture":"#main"},"east":{"uv":[14.75,7,15,7.25],"texture":"#main"},"south":{"uv":[14.75,9.75,15,10],"texture":"#main"},"west":{"uv":[0.75,15,1,15.25],"texture":"#main"},"up":{"uv":[1,15.5,0.75,15.25],"texture":"#main"},"down":{"uv":[15.5,1.25,15.25,1.5],"texture":"#main"}}},{"from":[17,1.225,-0.5],"to":[18,2.225,1.5],"rotation":{"angle":-22.5,"axis":"y","origin":[19.5,3.225,-2.5]},"faces":{"north":{"uv":[15.25,4.25,15.5,4.5],"texture":"#main"},"east":{"uv":[7.25,6.5,7.75,6.75],"texture":"#main"},"south":{"uv":[5,15.25,5.25,15.5],"texture":"#main"},"west":{"uv":[7.25,6.75,7.75,7],"texture":"#main"},"up":{"uv":[9.75,5.75,9.5,5.25],"texture":"#main"},"down":{"uv":[10,5.25,9.75,5.75],"texture":"#main"}}},{"from":[21,1.225,-0.5],"to":[22,2.225,1.5],"rotation":{"angle":-22.5,"axis":"y","origin":[19.5,3.225,-2.5]},"faces":{"north":{"uv":[15.25,5,15.5,5.25],"texture":"#main"},"east":{"uv":[11.5,4.25,12,4.5],"texture":"#main"},"south":{"uv":[5.25,15.25,5.5,15.5],"texture":"#main"},"west":{"uv":[11.75,10.5,12.25,10.75],"texture":"#main"},"up":{"uv":[6.75,14.25,6.5,13.75],"texture":"#main"},"down":{"uv":[12.25,14,12,14.5],"texture":"#main"}}},{"from":[1.0029,0,6.73744],"to":[2.0029,2,11.73744],"rotation":{"angle":45,"axis":"y","origin":[1.78806,1.25,8.19134]},"faces":{"north":{"uv":[1,14.25,1.25,14.75],"texture":"#main"},"east":{"uv":[14.5,4.5,15.75,5],"texture":"#main"},"south":{"uv":[14.25,5.75,14.5,6.25],"texture":"#main"},"west":{"uv":[14.5,6.5,15.75,7],"texture":"#main"},"up":{"uv":[5.5,13,5.25,11.75],"texture":"#main"},"down":{"uv":[12.25,12.75,12,14],"texture":"#main"}}},{"from":[-1.06928,-0.25,4.02756],"to":[2.93072,2.75,10.02756],"rotation":{"angle":22.5,"axis":"x","origin":[0.93072,1.25,7.52756]},"faces":{"north":{"uv":[13.5,14,14.5,14.75],"texture":"#main"},"east":{"uv":[10,7.75,11.5,8.5],"texture":"#main"},"south":{"uv":[0,14.25,1,15],"texture":"#main"},"west":{"uv":[13.5,7.75,15,8.5],"texture":"#main"},"up":{"uv":[7.75,13,6.75,11.5],"texture":"#main"},"down":{"uv":[10.75,13,9.75,14.5],"texture":"#main"}}},{"from":[-2.67404,-0.9,2.14622],"to":[0.32596,1.85,4.89622],"rotation":{"angle":0,"axis":"x","origin":[-1.17404,1.25,2.44622]},"faces":{"north":{"uv":[10.5,14.5,11.25,15.25],"texture":"#main"},"east":{"uv":[14.5,11,15.25,11.75],"texture":"#main"},"south":{"uv":[11.25,14.5,12,15.25],"texture":"#main"},"west":{"uv":[14.5,11.75,15.25,12.5],"texture":"#main"},"up":{"uv":[12.75,15.25,12,14.5],"texture":"#main"},"down":{"uv":[15.25,12.5,14.5,13.25],"texture":"#main"}}},{"from":[5,0,2],"to":[9,3,3],"rotation":{"angle":0,"axis":"y","origin":[7,0,-1]},"faces":{"north":{"uv":[14.25,0,15.25,0.75],"texture":"#main"},"east":{"uv":[11.5,7.75,11.75,8.5],"texture":"#main"},"south":{"uv":[14.25,0.75,15.25,1.5],"texture":"#main"},"west":{"uv":[3.25,12.25,3.5,13],"texture":"#main"},"up":{"uv":[14,2,13,1.75],"texture":"#main"},"down":{"uv":[16,10.25,15,10.5],"texture":"#main"}}},{"from":[5.75,0,-0.5],"to":[5.75,3,2.5],"rotation":{"angle":0,"axis":"y","origin":[7.75,0,-2]},"faces":{"north":{"uv":[0,0,0,0.75],"texture":"#main"},"east":{"uv":[12.75,14.5,13.5,15.25],"texture":"#main"},"south":{"uv":[0,0,0,0.75],"texture":"#main"},"west":{"uv":[14.5,13.25,15.25,14],"texture":"#main"},"up":{"uv":[0,0.75,0,0],"texture":"#main"},"down":{"uv":[0,0,0,0.75],"texture":"#main"}}},{"from":[8,0,-0.5],"to":[8,3,2.5],"rotation":{"angle":0,"axis":"y","origin":[7.75,0,-2]},"faces":{"north":{"uv":[0,0,0,0.75],"texture":"#main"},"east":{"uv":[14.5,14,15.25,14.75],"texture":"#main"},"south":{"uv":[0,0,0,0.75],"texture":"#main"},"west":{"uv":[1,14.75,1.75,15.5],"texture":"#main"},"up":{"uv":[0,0.75,0,0],"texture":"#main"},"down":{"uv":[0,0,0,0.75],"texture":"#main"}}},{"from":[7,0,-1],"to":[7,3,2],"rotation":{"angle":0,"axis":"y","origin":[7.75,0,-2]},"faces":{"north":{"uv":[0,0,0,0.75],"texture":"#main"},"east":{"uv":[1.75,14.75,2.5,15.5],"texture":"#main"},"south":{"uv":[0,0,0,0.75],"texture":"#main"},"west":{"uv":[2.5,14.75,3.25,15.5],"texture":"#main"},"up":{"uv":[0,0.75,0,0],"texture":"#main"},"down":{"uv":[0,0,0,0.75],"texture":"#main"}}},{"from":[5,-2,11.25],"to":[9,3,15.25],"rotation":{"angle":45,"axis":"x","origin":[7,2.5,14]},"faces":{"north":{"uv":[4.5,13.25,5.5,14.5],"texture":"#main"},"east":{"uv":[13.25,5,14.25,6.25],"texture":"#main"},"south":{"uv":[1.25,13.5,2.25,14.75],"texture":"#main"},"west":{"uv":[2.25,13.5,3.25,14.75],"texture":"#main"},"up":{"uv":[14.5,12,13.5,11],"texture":"#main"},"down":{"uv":[14.5,12,13.5,13],"texture":"#main"}}},{"from":[5.25,-1.75,12],"to":[8.75,2.25,15],"rotation":{"angle":45,"axis":"x","origin":[7,-0.25,13]},"faces":{"north":{"uv":[13.5,13,14.5,14],"texture":"#main"},"east":{"uv":[14.25,1.5,15,2.5],"texture":"#main"},"south":{"uv":[5.5,13.75,6.5,14.75],"texture":"#main"},"west":{"uv":[14.25,2.5,15,3.5],"texture":"#main"},"up":{"uv":[15.25,5.75,14.25,5],"texture":"#main"},"down":{"uv":[7.5,14.25,6.5,15],"texture":"#main"}}},{"from":[5.5,-1.5,13],"to":[8.5,2.5,16],"rotation":{"angle":45,"axis":"x","origin":[7,-0.25,13]},"faces":{"north":{"uv":[7.5,14.25,8.25,15.25],"texture":"#main"},"east":{"uv":[8.25,14.25,9,15.25],"texture":"#main"},"south":{"uv":[9,14.25,9.75,15.25],"texture":"#main"},"west":{"uv":[14.5,3.5,15.25,4.5],"texture":"#main"},"up":{"uv":[4,15.5,3.25,14.75],"texture":"#main"},"down":{"uv":[6.25,14.75,5.5,15.5],"texture":"#main"}}},{"from":[5.75,-4.40165,10.61612],"to":[8.25,-1.40165,13.61612],"rotation":{"angle":45,"axis":"x","origin":[7,-2.90165,12.11612]},"faces":{"north":{"uv":[13.5,14.75,14.25,15.5],"texture":"#main"},"east":{"uv":[14.25,14.75,15,15.5],"texture":"#main"},"south":{"uv":[0,15,0.75,15.75],"texture":"#main"},"west":{"uv":[15,1.5,15.75,2.25],"texture":"#main"},"up":{"uv":[15.75,3,15,2.25],"texture":"#main"},"down":{"uv":[7,15,6.25,15.75],"texture":"#main"}}},{"from":[6,-2.5036,6.59448],"to":[8,-0.0036,9.59448],"rotation":{"angle":-45,"axis":"x","origin":[7,-1.7536,9.34448]},"faces":{"north":{"uv":[7,15,7.5,15.75],"texture":"#main"},"east":{"uv":[15,7,15.75,7.75],"texture":"#main"},"south":{"uv":[15.25,0.5,15.75,1.25],"texture":"#main"},"west":{"uv":[15,7.75,15.75,8.5],"texture":"#main"},"up":{"uv":[15.75,4.25,15.25,3.5],"texture":"#main"},"down":{"uv":[5,15.25,4.5,16],"texture":"#main"}}},{"from":[5,-3.20069,5.05799],"to":[9,-3.20069,8.05799],"rotation":{"angle":-45,"axis":"x","origin":[7,-2.70069,7.05799]},"faces":{"north":{"uv":[0,0,1,0],"texture":"#main"},"east":{"uv":[0,0,0.75,0],"texture":"#main"},"south":{"uv":[0,0,1,0],"texture":"#main"},"west":{"uv":[0,0,0.75,0],"texture":"#main"},"up":{"uv":[5.5,15.25,4.5,14.5],"texture":"#main"},"down":{"uv":[15.5,5.75,14.5,6.5],"texture":"#main"}}}],"display":{"head":{"translation":[0,-20.75,0]}},"groups":[{"name":"bone","origin":[-1.75,2.75,10],"color":0,"nbt":"{}","armAnimationEnabled":false,"children":[0,1,2,3,4,5,6,7,8,9,10,11,12,13,14,15,16,17,18,19,20,21,22,23,24,25,26,27,28]}]}