{"credit":"Made with Blockbench","texture_size":[64,64],"textures":{"main":"pokemon/doublade"},"elements":[{"from":[4.75,2.75,7.25],"to":[7.75,11.75,8.25],"rotation":{"angle":45,"axis":"z","origin":[4.89681,8.59006,7.75]},"faces":{"north":{"uv":[6.5,4.5,7.25,6.75],"texture":"#main"},"east":{"uv":[7.5,0,7.75,2.25],"texture":"#main"},"south":{"uv":[6.5,6.75,7.25,9],"texture":"#main"},"west":{"uv":[7.5,2.25,7.75,4.5],"texture":"#main"},"up":{"uv":[10.25,0.25,9.5,0],"texture":"#main"},"down":{"uv":[10.25,0.25,9.5,0.5],"texture":"#main"}}},{"from":[8.91709,4.35848,7.35],"to":[11.04209,6.48348,8.15],"rotation":{"angle":0,"axis":"y","origin":[4.89681,8.59006,7.75]},"faces":{"north":{"uv":[8.5,3,9,3.5],"texture":"#main"},"east":{"uv":[4,10.5,4.25,11],"texture":"#main"},"south":{"uv":[8.5,3.5,9,4],"texture":"#main"},"west":{"uv":[10.5,4,10.75,4.5],"texture":"#main"},"up":{"uv":[10.75,6.75,10.25,6.5],"texture":"#main"},"down":{"uv":[4.75,10.5,4.25,10.75],"texture":"#main"}}},{"from":[5.5,10.75,6.75],"to":[7,12.25,8.75],"rotation":{"angle":45,"axis":"z","origin":[4.89681,8.59006,7.75]},"faces":{"north":{"uv":[9.75,9.75,10.125,10.125],"texture":"#main"},"east":{"uv":[9.5,0.5,10,0.875],"texture":"#main"},"south":{"uv":[10,0.5,10.375,0.875],"texture":"#main"},"west":{"uv":[9.5,1,10,1.375],"texture":"#main"},"up":{"uv":[9.875,2,9.5,1.5],"texture":"#main"},"down":{"uv":[9.875,2,9.5,2.5],"texture":"#main"}}},{"from":[5.25,10.5,6.775],"to":[7.25,12.5,7.125],"rotation":{"angle":45,"axis":"z","origin":[4.89681,8.59006,7.75]},"faces":{"north":{"uv":[8.5,6,9,6.5],"texture":"#main"},"east":{"uv":[7.25,10.5,7.375,11],"texture":"#main"},"south":{"uv":[8.5,6.5,9,7],"texture":"#main"},"west":{"uv":[10.5,7.25,10.625,7.75],"texture":"#main"},"up":{"uv":[11,6.375,10.5,6.25],"texture":"#main"},"down":{"uv":[8,10.5,7.5,10.625],"texture":"#main"}}},{"from":[4.15,9,6.875],"to":[6.15,11,7.225],"rotation":{"angle":45,"axis":"z","origin":[4.89681,8.59006,7.75]},"faces":{"north":{"uv":[8.5,7,9,7.5],"texture":"#main"},"east":{"uv":[10.5,7.75,10.625,8.25],"texture":"#main"},"south":{"uv":[8.5,7.5,9,8],"texture":"#main"},"west":{"uv":[8,10.5,8.125,11],"texture":"#main"},"up":{"uv":[8.75,10.625,8.25,10.5],"texture":"#main"},"down":{"uv":[11,8.25,10.5,8.375],"texture":"#main"}}},{"from":[6.4,9,6.875],"to":[8.4,11,7.225],"rotation":{"angle":45,"axis":"z","origin":[4.89681,8.59006,7.75]},"faces":{"north":{"uv":[8.5,8,9,8.5],"texture":"#main"},"east":{"uv":[10.5,8.5,10.625,9],"texture":"#main"},"south":{"uv":[8.5,8.5,9,9],"texture":"#main"},"west":{"uv":[8.75,10.5,8.875,11],"texture":"#main"},"up":{"uv":[9.5,10.625,9,10.5],"texture":"#main"},"down":{"uv":[11,9,10.5,9.125],"texture":"#main"}}},{"from":[4.15,9,8.275],"to":[6.15,11,8.625],"rotation":{"angle":45,"axis":"z","origin":[4.89681,8.59006,7.75]},"faces":{"north":{"uv":[9,0,9.5,0.5],"texture":"#main"},"east":{"uv":[10.5,10.25,10.625,10.75],"texture":"#main"},"south":{"uv":[9,0.5,9.5,1],"texture":"#main"},"west":{"uv":[10.75,0,10.875,0.5],"texture":"#main"},"up":{"uv":[11.25,4.125,10.75,4],"texture":"#main"},"down":{"uv":[4.75,10.75,4.25,10.875],"texture":"#main"}}},{"from":[5.25,10.5,8.375],"to":[7.25,12.5,8.725],"rotation":{"angle":45,"axis":"z","origin":[4.89681,8.59006,7.75]},"faces":{"north":{"uv":[9,3,9.5,3.5],"texture":"#main"},"east":{"uv":[10.75,4.25,10.875,4.75],"texture":"#main"},"south":{"uv":[9,3.5,9.5,4],"texture":"#main"},"west":{"uv":[10.75,4.75,10.875,5.25],"texture":"#main"},"up":{"uv":[11.25,5.375,10.75,5.25],"texture":"#main"},"down":{"uv":[6.25,10.75,5.75,10.875],"texture":"#main"}}},{"from":[6.4,9,8.275],"to":[8.4,11,8.625],"rotation":{"angle":45,"axis":"z","origin":[4.89681,8.59006,7.75]},"faces":{"north":{"uv":[9,4,9.5,4.5],"texture":"#main"},"east":{"uv":[10.75,5.75,10.875,6.25],"texture":"#main"},"south":{"uv":[9,4.5,9.5,5],"texture":"#main"},"west":{"uv":[6.5,10.75,6.625,11.25],"texture":"#main"},"up":{"uv":[11.25,6.625,10.75,6.5],"texture":"#main"},"down":{"uv":[11.25,6.75,10.75,6.875],"texture":"#main"}}},{"from":[5.75,12.25,7.25],"to":[6.75,14.25,8.25],"rotation":{"angle":45,"axis":"z","origin":[4.89681,8.59006,7.75]},"faces":{"north":{"uv":[10.5,4.5,10.75,5],"texture":"#main"},"east":{"uv":[4.75,10.5,5,11],"texture":"#main"},"south":{"uv":[5,10.5,5.25,11],"texture":"#main"},"west":{"uv":[10.5,5,10.75,5.5],"texture":"#main"},"up":{"uv":[9.75,9.5,9.5,9.25],"texture":"#main"},"down":{"uv":[7.25,9.75,7,10],"texture":"#main"}}},{"from":[5.85,14.25,7.35],"to":[6.65,14.6,8.15],"rotation":{"angle":45,"axis":"z","origin":[4.89681,8.59006,7.75]},"faces":{"north":{"uv":[1.25,11,1.5,11.125],"texture":"#main"},"east":{"uv":[11,1.25,11.25,1.375],"texture":"#main"},"south":{"uv":[1.5,11,1.75,11.125],"texture":"#main"},"west":{"uv":[11,1.5,11.25,1.625],"texture":"#main"},"up":{"uv":[9.75,10.25,9.5,10],"texture":"#main"},"down":{"uv":[7,10.75,6.75,11],"texture":"#main"}}},{"from":[-9.73978,0.82469,7.75],"to":[3.06022,21.17469,7.75],"rotation":{"angle":22.5,"axis":"z","origin":[1.78674,13.79276,7.75]},"faces":{"north":{"uv":[0,0,3.25,5.125],"texture":"#main"},"east":{"uv":[0,0,0,5.125],"texture":"#main"},"south":{"uv":[3.25,0,6.5,5.125],"texture":"#main"},"west":{"uv":[0,0,0,5.125],"texture":"#main"},"up":{"uv":[3.25,0,0,0],"texture":"#main"},"down":{"uv":[3.25,0,0,0],"texture":"#main"}}},{"from":[1.83775,7.26564,7],"to":[3.26275,10.61564,8.5],"rotation":{"angle":-22.5,"axis":"z","origin":[4.89681,8.59006,7.75]},"faces":{"north":{"uv":[8,0,8.375,0.875],"texture":"#main"},"east":{"uv":[8,1,8.375,1.875],"texture":"#main"},"south":{"uv":[8,2,8.375,2.875],"texture":"#main"},"west":{"uv":[8,3,8.375,3.875],"texture":"#main"},"up":{"uv":[10.375,1.375,10,1],"texture":"#main"},"down":{"uv":[10.375,1.5,10,1.875],"texture":"#main"}}},{"from":[2.15316,7.90021,7.025],"to":[3.42816,9.42521,8.475],"rotation":{"angle":22.5,"axis":"z","origin":[4.22181,7.66506,7.75]},"faces":{"north":{"uv":[10,2,10.375,2.375],"texture":"#main"},"east":{"uv":[10,2.5,10.375,2.875],"texture":"#main"},"south":{"uv":[10,3,10.375,3.375],"texture":"#main"},"west":{"uv":[10,3.5,10.375,3.875],"texture":"#main"},"up":{"uv":[10.375,4.375,10,4],"texture":"#main"},"down":{"uv":[10.375,4.5,10,4.875],"texture":"#main"}}},{"from":[5.3716,11.2598,7],"to":[8.7216,12.6848,8.5],"rotation":{"angle":22.5,"axis":"z","origin":[4.89681,8.59006,7.75]},"faces":{"north":{"uv":[8,4,8.875,4.375],"texture":"#main"},"east":{"uv":[10,5,10.375,5.375],"texture":"#main"},"south":{"uv":[8,4.5,8.875,4.875],"texture":"#main"},"west":{"uv":[10,5.5,10.375,5.875],"texture":"#main"},"up":{"uv":[8.875,5.375,8,5],"texture":"#main"},"down":{"uv":[8.875,5.5,8,5.875],"texture":"#main"}}},{"from":[4.17234,11.88408,7.025],"to":[5.69734,13.15908,8.475],"rotation":{"angle":-22.5,"axis":"z","origin":[4.89681,8.59006,7.75]},"faces":{"north":{"uv":[10,6,10.375,6.375],"texture":"#main"},"east":{"uv":[10,6.75,10.375,7.125],"texture":"#main"},"south":{"uv":[7,10,7.375,10.375],"texture":"#main"},"west":{"uv":[10,7.25,10.375,7.625],"texture":"#main"},"up":{"uv":[7.875,10.375,7.5,10],"texture":"#main"},"down":{"uv":[10.375,7.75,10,8.125],"texture":"#main"}}},{"from":[4.35,9.25,6.75],"to":[5.85,10.75,8.75],"rotation":{"angle":45,"axis":"z","origin":[4.89681,8.59006,7.75]},"faces":{"north":{"uv":[8,10,8.375,10.375],"texture":"#main"},"east":{"uv":[9.5,2.5,10,2.875],"texture":"#main"},"south":{"uv":[10,8.25,10.375,8.625],"texture":"#main"},"west":{"uv":[9.5,3,10,3.375],"texture":"#main"},"up":{"uv":[9.875,4,9.5,3.5],"texture":"#main"},"down":{"uv":[9.875,4,9.5,4.5],"texture":"#main"}}},{"from":[6.65,9.25,6.75],"to":[8.15,10.75,8.75],"rotation":{"angle":45,"axis":"z","origin":[4.89681,8.59006,7.75]},"faces":{"north":{"uv":[8.5,10,8.875,10.375],"texture":"#main"},"east":{"uv":[9.5,4.5,10,4.875],"texture":"#main"},"south":{"uv":[10,8.75,10.375,9.125],"texture":"#main"},"west":{"uv":[9.5,5,10,5.375],"texture":"#main"},"up":{"uv":[9.875,6,9.5,5.5],"texture":"#main"},"down":{"uv":[9.875,6,9.5,6.5],"texture":"#main"}}},{"from":[8.25,2.75,7.35],"to":[11.25,11.75,8.35],"rotation":{"angle":-45,"axis":"z","origin":[11.10319,8.59006,7.85]},"faces":{"north":{"uv":[7.25,4.5,8,6.75],"texture":"#main"},"east":{"uv":[7.75,0,8,2.25],"texture":"#main"},"south":{"uv":[7.25,6.75,8,9],"texture":"#main"},"west":{"uv":[7.75,2.25,8,4.5],"texture":"#main"},"up":{"uv":[7.25,9.75,6.5,9.5],"texture":"#main"},"down":{"uv":[10.25,6.5,9.5,6.75],"texture":"#main"}}},{"from":[4.95791,4.35848,7.45],"to":[7.08291,6.48348,8.25],"rotation":{"angle":0,"axis":"y","origin":[11.10319,8.59006,7.85]},"faces":{"north":{"uv":[9,5,9.5,5.5],"texture":"#main"},"east":{"uv":[5.25,10.5,5.5,11],"texture":"#main"},"south":{"uv":[9,5.5,9.5,6],"texture":"#main"},"west":{"uv":[5.5,10.5,5.75,11],"texture":"#main"},"up":{"uv":[11,5.75,10.5,5.5],"texture":"#main"},"down":{"uv":[6.25,10.5,5.75,10.75],"texture":"#main"}}},{"from":[9,10.75,6.85],"to":[10.5,12.25,8.85],"rotation":{"angle":-45,"axis":"z","origin":[11.10319,8.59006,7.85]},"faces":{"north":{"uv":[9,10,9.375,10.375],"texture":"#main"},"east":{"uv":[9.5,6.75,10,7.125],"texture":"#main"},"south":{"uv":[10.25,0,10.625,0.375],"texture":"#main"},"west":{"uv":[7.25,9.5,7.75,9.875],"texture":"#main"},"up":{"uv":[9.875,7.75,9.5,7.25],"texture":"#main"},"down":{"uv":[8.125,9.5,7.75,10],"texture":"#main"}}},{"from":[8.75,10.5,6.875],"to":[10.75,12.5,7.225],"rotation":{"angle":-45,"axis":"z","origin":[11.10319,8.59006,7.85]},"faces":{"north":{"uv":[9,6,9.5,6.5],"texture":"#main"},"east":{"uv":[10.75,7,10.875,7.5],"texture":"#main"},"south":{"uv":[6.5,9,7,9.5],"texture":"#main"},"west":{"uv":[7.5,10.75,7.625,11.25],"texture":"#main"},"up":{"uv":[11.25,7.625,10.75,7.5],"texture":"#main"},"down":{"uv":[11.25,7.75,10.75,7.875],"texture":"#main"}}},{"from":[9.85,9,6.975],"to":[11.85,11,7.325],"rotation":{"angle":-45,"axis":"z","origin":[11.10319,8.59006,7.85]},"faces":{"north":{"uv":[9,6.5,9.5,7],"texture":"#main"},"east":{"uv":[7.75,10.75,7.875,11.25],"texture":"#main"},"south":{"uv":[7,9,7.5,9.5],"texture":"#main"},"west":{"uv":[8.25,10.75,8.375,11.25],"texture":"#main"},"up":{"uv":[11.25,8.125,10.75,8],"texture":"#main"},"down":{"uv":[11.25,8.5,10.75,8.625],"texture":"#main"}}},{"from":[7.6,9,6.975],"to":[9.6,11,7.325],"rotation":{"angle":-45,"axis":"z","origin":[11.10319,8.59006,7.85]},"faces":{"north":{"uv":[9,7,9.5,7.5],"texture":"#main"},"east":{"uv":[8.5,10.75,8.625,11.25],"texture":"#main"},"south":{"uv":[7.5,9,8,9.5],"texture":"#main"},"west":{"uv":[9,10.75,9.125,11.25],"texture":"#main"},"up":{"uv":[11.25,8.875,10.75,8.75],"texture":"#main"},"down":{"uv":[9.75,10.75,9.25,10.875],"texture":"#main"}}},{"from":[9.85,9,8.375],"to":[11.85,11,8.725],"rotation":{"angle":-45,"axis":"z","origin":[11.10319,8.59006,7.85]},"faces":{"north":{"uv":[9,7.5,9.5,8],"texture":"#main"},"east":{"uv":[10.75,9.25,10.875,9.75],"texture":"#main"},"south":{"uv":[8,9,8.5,9.5],"texture":"#main"},"west":{"uv":[9.75,10.75,9.875,11.25],"texture":"#main"},"up":{"uv":[11.25,9.875,10.75,9.75],"texture":"#main"},"down":{"uv":[10.5,10.75,10,10.875],"texture":"#main"}}},{"from":[8.75,10.5,8.475],"to":[10.75,12.5,8.825],"rotation":{"angle":-45,"axis":"z","origin":[11.10319,8.59006,7.85]},"faces":{"north":{"uv":[9,8,9.5,8.5],"texture":"#main"},"east":{"uv":[10.75,10,10.875,10.5],"texture":"#main"},"south":{"uv":[8.5,9,9,9.5],"texture":"#main"},"west":{"uv":[10.5,10.75,10.625,11.25],"texture":"#main"},"up":{"uv":[11.25,10.625,10.75,10.5],"texture":"#main"},"down":{"uv":[11.25,10.75,10.75,10.875],"texture":"#main"}}},{"from":[7.6,9,8.375],"to":[9.6,11,8.725],"rotation":{"angle":-45,"axis":"z","origin":[11.10319,8.59006,7.85]},"faces":{"north":{"uv":[9,8.5,9.5,9],"texture":"#main"},"east":{"uv":[0,11,0.125,11.5],"texture":"#main"},"south":{"uv":[9,9,9.5,9.5],"texture":"#main"},"west":{"uv":[11,0,11.125,0.5],"texture":"#main"},"up":{"uv":[0.75,11.125,0.25,11],"texture":"#main"},"down":{"uv":[11.5,0.5,11,0.625],"texture":"#main"}}},{"from":[9.25,12.25,7.35],"to":[10.25,14.25,8.35],"rotation":{"angle":-45,"axis":"z","origin":[11.10319,8.59006,7.85]},"faces":{"north":{"uv":[10.5,5.75,10.75,6.25],"texture":"#main"},"east":{"uv":[6.25,10.5,6.5,11],"texture":"#main"},"south":{"uv":[10.5,6.75,10.75,7.25],"texture":"#main"},"west":{"uv":[7,10.5,7.25,11],"texture":"#main"},"up":{"uv":[1,11.25,0.75,11],"texture":"#main"},"down":{"uv":[11.25,0.75,11,1],"texture":"#main"}}},{"from":[9.35,14.25,7.45],"to":[10.15,14.6,8.25],"rotation":{"angle":-45,"axis":"z","origin":[11.10319,8.59006,7.85]},"faces":{"north":{"uv":[1.75,11,2,11.125],"texture":"#main"},"east":{"uv":[11,1.75,11.25,1.875],"texture":"#main"},"south":{"uv":[2,11,2.25,11.125],"texture":"#main"},"west":{"uv":[11,2,11.25,2.125],"texture":"#main"},"up":{"uv":[1.25,11.25,1,11],"texture":"#main"},"down":{"uv":[11.25,1,11,1.25],"texture":"#main"}}},{"from":[12.93978,0.82469,7.85],"to":[25.73978,21.17469,7.85],"rotation":{"angle":-22.5,"axis":"z","origin":[14.21326,13.79276,7.85]},"faces":{"north":{"uv":[0,5.25,3.25,10.375],"texture":"#main"},"east":{"uv":[0,0,0,5.125],"texture":"#main"},"south":{"uv":[3.25,5.25,6.5,10.375],"texture":"#main"},"west":{"uv":[0,0,0,5.125],"texture":"#main"},"up":{"uv":[3.25,0,0,0],"texture":"#main"},"down":{"uv":[3.25,0,0,0],"texture":"#main"}}},{"from":[12.73725,7.26564,7.1],"to":[14.16225,10.61564,8.6],"rotation":{"angle":22.5,"axis":"z","origin":[11.10319,8.59006,7.85]},"faces":{"north":{"uv":[8,6,8.375,6.875],"texture":"#main"},"east":{"uv":[8,7,8.375,7.875],"texture":"#main"},"south":{"uv":[8,8,8.375,8.875],"texture":"#main"},"west":{"uv":[8.5,0,8.875,0.875],"texture":"#main"},"up":{"uv":[6.875,10.625,6.5,10.25],"texture":"#main"},"down":{"uv":[10.625,9.25,10.25,9.625],"texture":"#main"}}},{"from":[12.57184,7.90021,7.125],"to":[13.84684,9.42521,8.575],"rotation":{"angle":-22.5,"axis":"z","origin":[11.77819,7.66506,7.85]},"faces":{"north":{"uv":[9.5,10.25,9.875,10.625],"texture":"#main"},"east":{"uv":[10.25,9.75,10.625,10.125],"texture":"#main"},"south":{"uv":[10,10.25,10.375,10.625],"texture":"#main"},"west":{"uv":[0,10.5,0.375,10.875],"texture":"#main"},"up":{"uv":[0.875,10.875,0.5,10.5],"texture":"#main"},"down":{"uv":[10.875,0.5,10.5,0.875],"texture":"#main"}}},{"from":[7.2784,11.2598,7.1],"to":[10.6284,12.6848,8.6],"rotation":{"angle":-22.5,"axis":"z","origin":[11.10319,8.59006,7.85]},"faces":{"north":{"uv":[8.5,1,9.375,1.375],"texture":"#main"},"east":{"uv":[1,10.5,1.375,10.875],"texture":"#main"},"south":{"uv":[8.5,1.5,9.375,1.875],"texture":"#main"},"west":{"uv":[10.5,1,10.875,1.375],"texture":"#main"},"up":{"uv":[9.375,2.375,8.5,2],"texture":"#main"},"down":{"uv":[9.375,2.5,8.5,2.875],"texture":"#main"}}},{"from":[10.30266,11.88408,7.125],"to":[11.82766,13.15908,8.575],"rotation":{"angle":22.5,"axis":"z","origin":[11.10319,8.59006,7.85]},"faces":{"north":{"uv":[1.5,10.5,1.875,10.875],"texture":"#main"},"east":{"uv":[10.5,1.5,10.875,1.875],"texture":"#main"},"south":{"uv":[2,10.5,2.375,10.875],"texture":"#main"},"west":{"uv":[10.5,2,10.875,2.375],"texture":"#main"},"up":{"uv":[2.875,10.875,2.5,10.5],"texture":"#main"},"down":{"uv":[10.875,2.5,10.5,2.875],"texture":"#main"}}},{"from":[10.15,9.25,6.85],"to":[11.65,10.75,8.85],"rotation":{"angle":-45,"axis":"z","origin":[11.10319,8.59006,7.85]},"faces":{"north":{"uv":[3,10.5,3.375,10.875],"texture":"#main"},"east":{"uv":[9.5,7.75,10,8.125],"texture":"#main"},"south":{"uv":[10.5,3,10.875,3.375],"texture":"#main"},"west":{"uv":[8.25,9.5,8.75,9.875],"texture":"#main"},"up":{"uv":[9.875,8.75,9.5,8.25],"texture":"#main"},"down":{"uv":[9.125,9.5,8.75,10],"texture":"#main"}}},{"from":[7.85,9.25,6.85],"to":[9.35,10.75,8.85],"rotation":{"angle":-45,"axis":"z","origin":[11.10319,8.59006,7.85]},"faces":{"north":{"uv":[3.5,10.5,3.875,10.875],"texture":"#main"},"east":{"uv":[9.5,8.75,10,9.125],"texture":"#main"},"south":{"uv":[10.5,3.5,10.875,3.875],"texture":"#main"},"west":{"uv":[9.25,9.5,9.75,9.875],"texture":"#main"},"up":{"uv":[6.875,10.25,6.5,9.75],"texture":"#main"},"down":{"uv":[10.125,9.25,9.75,9.75],"texture":"#main"}}},{"from":[6,2,7.75],"to":[10,11,7.75],"rotation":{"angle":0,"axis":"y","origin":[9,5,7.75]},"faces":{"north":{"uv":[6.5,0,7.5,2.25],"texture":"#main"},"east":{"uv":[0,0,0,2.25],"texture":"#main"},"south":{"uv":[7.5,0,6.5,2.25],"texture":"#main"},"west":{"uv":[0,0,0,2.25],"texture":"#main"},"up":{"uv":[1,0,0,0],"texture":"#main"},"down":{"uv":[1,0,0,0],"texture":"#main"}}}],"display":{"head":{"translation":[0,-30,0]}},"groups":[{"name":"Doublade","origin":[0,2,1.25],"color":0,"nbt":"{}","armAnimationEnabled":false,"children":[{"name":"Doublade1","origin":[0,2,1.25],"color":0,"nbt":"{}","armAnimationEnabled":false,"children":[0,1,2,3,4,5,6,7,8,9,10,11,12,13,14,15,16,17]},{"name":"Doublade2","origin":[0,2,1.25],"color":0,"nbt":"{}","armAnimationEnabled":false,"children":[18,19,20,21,22,23,24,25,26,27,28,29,30,31,32,33,34,35]},36]}]}