{"parent":"physical_parent","textures":{"main":"pokemon/dugtrio"},"elements":[{"from":[6.500453,-0.0008018005,6.000464],"to":[11.00045,4.999198,10.50046],"faces":{"east":{"uv":[0,13.5,2.5,16],"texture":"#main"},"south":{"uv":[10.5,11.5,15.5,15],"texture":"#main"},"north":{"uv":[0,13,2.5,16],"texture":"#main"},"west":{"uv":[0,14,2.5,16],"texture":"#main"},"up":{"uv":[0,13,3,16],"texture":"#main"},"down":{"uv":[0,12,4.5,16],"texture":"#main"}}},{"from":[6.749078,5.000957,6.249454],"to":[10.74908,5.500957,10.24945],"faces":{"east":{"uv":[0,13.5,2.5,16],"texture":"#main"},"south":{"uv":[0,13.5,3,16],"texture":"#main"},"north":{"uv":[0,13,2.5,16],"texture":"#main"},"west":{"uv":[0,14,2.5,16],"texture":"#main"},"up":{"uv":[0,13,3,16],"texture":"#main"},"down":{"uv":[0,12,4.5,16],"texture":"#main"}}},{"from":[7.000359,5.499506,6.499649],"to":[10.50036,5.999506,9.999649],"faces":{"east":{"uv":[0,13.5,2.5,16],"texture":"#main"},"south":{"uv":[0,13.5,3,16],"texture":"#main"},"north":{"uv":[0,13,2.5,16],"texture":"#main"},"west":{"uv":[0,14,2.5,16],"texture":"#main"},"up":{"uv":[0,13,3,16],"texture":"#main"},"down":{"uv":[0,12,4.5,16],"texture":"#main"}}},{"from":[8.000611,2.499395,10.4996],"to":[9.500611,3.499395,10.9996],"faces":{"east":{"uv":[0,8,1.5,9.5],"texture":"#main"},"south":{"uv":[2,7.5,4,9.5],"texture":"#main"},"north":{"uv":[0,8,1.5,9.5],"texture":"#main"},"west":{"uv":[0,8,1.5,9.5],"texture":"#main"},"up":{"uv":[0,8,1.5,9.5],"texture":"#main"},"down":{"uv":[0,8,1.5,9.5],"texture":"#main"}}},{"rotation":{"origin":[5.75,0,7.75],"angle":-22.5,"axis":"z"},"from":[5.749368,0.0005509007,7.74952],"to":[6.749368,2.000551,8.749519],"faces":{"east":{"uv":[16,6.5,13.5,5.5],"texture":"#main","rotation":90},"south":{"uv":[11.5,5.5,16,6.5],"texture":"#main","rotation":270},"north":{"uv":[11.5,5.5,16,6.5],"texture":"#main","rotation":90},"west":{"uv":[11.5,5.5,16,6.5],"texture":"#main","rotation":270},"up":{"uv":[11.5,5.5,16,6.5],"texture":"#main","rotation":270},"down":{"uv":[16,6.5,11,5.5],"texture":"#main","rotation":90}}},{"rotation":{"origin":[10.875,-0.375,7.875],"angle":22.5,"axis":"z"},"from":[10.87578,-0.3752351,7.875406],"to":[11.87578,1.624765,8.875406],"faces":{"east":{"uv":[16,6.5,13.5,5.5],"texture":"#main","rotation":90},"south":{"uv":[11.5,5.5,16,6.5],"texture":"#main","rotation":270},"north":{"uv":[11.5,5.5,16,6.5],"texture":"#main","rotation":90},"west":{"uv":[11.5,5.5,16,6.5],"texture":"#main","rotation":270},"up":{"uv":[11.5,5.5,16,6.5],"texture":"#main","rotation":270},"down":{"uv":[16,6.5,11,5.5],"texture":"#main","rotation":90}}},{"rotation":{"origin":[8.375,-0.5,11],"angle":-45,"axis":"x"},"from":[8.374743,-0.5000035,11.00095],"to":[9.374743,1.499997,12.00095],"faces":{"east":{"uv":[16,6.5,13.5,5.5],"texture":"#main","rotation":90},"south":{"uv":[11.5,5.5,16,6.5],"texture":"#main","rotation":270},"north":{"uv":[11.5,5.5,16,6.5],"texture":"#main","rotation":90},"west":{"uv":[11.5,5.5,16,6.5],"texture":"#main","rotation":270},"up":{"uv":[11.5,5.5,16,6.5],"texture":"#main","rotation":270},"down":{"uv":[16,6.5,11,5.5],"texture":"#main","rotation":90}}},{"from":[6.25045,0.00006188883,5.749196],"to":[11.25045,0.5000619,10.7492],"faces":{"east":{"uv":[11,7.5,16,9],"texture":"#main"},"south":{"uv":[11.5,7.5,16,9],"texture":"#main"},"north":{"uv":[12.5,7.5,16,9],"texture":"#main"},"west":{"uv":[11.5,7.5,16,9],"texture":"#main"},"up":{"uv":[12.5,7.5,16,9],"texture":"#main"},"down":{"uv":[11.5,7.5,16,9],"texture":"#main"}}},{"from":[6.000035,0.0005887321,5.999301],"to":[11.50004,0.5005887,10.4993],"faces":{"east":{"uv":[11,7.5,16,9],"texture":"#main"},"south":{"uv":[11.5,7.5,16,9],"texture":"#main"},"north":{"uv":[12.5,7.5,16,9],"texture":"#main"},"west":{"uv":[11.5,7.5,16,9],"texture":"#main"},"up":{"uv":[12.5,7.5,16,9],"texture":"#main"},"down":{"uv":[11.5,7.5,16,9],"texture":"#main"}}},{"from":[6.499735,-0.0007028585,5.500429],"to":[10.99973,0.4992971,11.00043],"faces":{"east":{"uv":[11,7.5,16,9],"texture":"#main"},"south":{"uv":[11.5,7.5,16,9],"texture":"#main"},"north":{"uv":[12.5,7.5,16,9],"texture":"#main"},"west":{"uv":[11.5,7.5,16,9],"texture":"#main"},"up":{"uv":[12.5,7.5,16,9],"texture":"#main"},"down":{"uv":[11.5,7.5,16,9],"texture":"#main"}}},{"from":[6.249647,0.2504265,5.750226],"to":[11.24965,0.7504265,10.75023],"faces":{"east":{"uv":[11,7.5,16,9],"texture":"#main"},"south":{"uv":[11.5,7.5,16,9],"texture":"#main"},"north":{"uv":[12.5,7.5,16,9],"texture":"#main"},"west":{"uv":[11.5,7.5,16,9],"texture":"#main"},"up":{"uv":[12.5,7.5,16,9],"texture":"#main"},"down":{"uv":[11.5,7.5,16,9],"texture":"#main"}}},{"rotation":{"origin":[7,-0.25,10.75],"angle":-22.5,"axis":"x"},"from":[7.000479,-0.2506474,10.75091],"to":[7.500479,1.249353,11.25091],"faces":{"east":{"uv":[16,6.5,13.5,5.5],"texture":"#main","rotation":90},"south":{"uv":[11.5,5.5,16,6.5],"texture":"#main","rotation":270},"north":{"uv":[11.5,5.5,16,6.5],"texture":"#main","rotation":90},"west":{"uv":[11.5,5.5,16,6.5],"texture":"#main","rotation":270},"up":{"uv":[11.5,5.5,16,6.5],"texture":"#main","rotation":270},"down":{"uv":[16,6.5,11,5.5],"texture":"#main","rotation":90}}},{"rotation":{"origin":[7.625,0.25,10.5],"angle":-22.5,"axis":"x"},"from":[7.625347,0.2502896,10.49946],"to":[8.125347,0.7502896,10.99946],"faces":{"east":{"uv":[16,6.5,13.5,5.5],"texture":"#main","rotation":90},"south":{"uv":[11.5,5.5,16,6.5],"texture":"#main","rotation":270},"north":{"uv":[11.5,5.5,16,6.5],"texture":"#main","rotation":90},"west":{"uv":[11.5,5.5,16,6.5],"texture":"#main","rotation":270},"up":{"uv":[11.5,5.5,16,6.5],"texture":"#main","rotation":270},"down":{"uv":[16,6.5,11,5.5],"texture":"#main","rotation":90}}},{"rotation":{"origin":[6.375,-0.375,10.625],"angle":-45,"axis":"x"},"from":[6.374516,-0.374984,10.62555],"to":[6.874516,0.125016,11.62555],"faces":{"east":{"uv":[16,6.5,13.5,5.5],"texture":"#main","rotation":90},"south":{"uv":[11.5,5.5,16,6.5],"texture":"#main","rotation":270},"north":{"uv":[11.5,5.5,16,6.5],"texture":"#main","rotation":90},"west":{"uv":[11.5,5.5,16,6.5],"texture":"#main","rotation":270},"up":{"uv":[11.5,5.5,16,6.5],"texture":"#main","rotation":270},"down":{"uv":[16,6.5,11,5.5],"texture":"#main","rotation":90}}},{"rotation":{"origin":[9.5,0,10.5],"angle":-45,"axis":"x"},"from":[9.500357,0.0008643592,10.50085],"to":[10.00036,0.5008644,11.50085],"faces":{"east":{"uv":[16,6.5,13.5,5.5],"texture":"#main","rotation":90},"south":{"uv":[11.5,5.5,16,6.5],"texture":"#main","rotation":270},"north":{"uv":[11.5,5.5,16,6.5],"texture":"#main","rotation":90},"west":{"uv":[11.5,5.5,16,6.5],"texture":"#main","rotation":270},"up":{"uv":[11.5,5.5,16,6.5],"texture":"#main","rotation":270},"down":{"uv":[16,6.5,11,5.5],"texture":"#main","rotation":90}}},{"rotation":{"origin":[10.25,-0.125,10.75],"angle":-22.5,"axis":"x"},"from":[10.24934,-0.1257564,10.74976],"to":[10.74934,1.374244,11.24976],"faces":{"east":{"uv":[16,6.5,13.5,5.5],"texture":"#main","rotation":90},"south":{"uv":[11.5,5.5,16,6.5],"texture":"#main","rotation":270},"north":{"uv":[11.5,5.5,16,6.5],"texture":"#main","rotation":90},"west":{"uv":[11.5,5.5,16,6.5],"texture":"#main","rotation":270},"up":{"uv":[11.5,5.5,16,6.5],"texture":"#main","rotation":270},"down":{"uv":[16,6.5,11,5.5],"texture":"#main","rotation":90}}},{"rotation":{"origin":[6.5,0.5,6],"angle":-45,"axis":"x"},"from":[6.499853,0.4994628,5.500697],"to":[6.999853,1.499463,6.000697],"faces":{"east":{"uv":[16,6.5,13.5,5.5],"texture":"#main","rotation":90},"south":{"uv":[11.5,5.5,16,6.5],"texture":"#main","rotation":270},"north":{"uv":[11.5,5.5,16,6.5],"texture":"#main","rotation":90},"west":{"uv":[11.5,5.5,16,6.5],"texture":"#main","rotation":270},"up":{"uv":[11.5,5.5,16,6.5],"texture":"#main","rotation":270},"down":{"uv":[16,6.5,11,5.5],"texture":"#main","rotation":90}}},{"rotation":{"origin":[6.5,1,6],"angle":22.5,"axis":"x"},"from":[7.124759,-0.5675811,5.33767],"to":[7.624759,0.9324189,5.83767],"faces":{"east":{"uv":[16,6.5,13.5,5.5],"texture":"#main","rotation":90},"south":{"uv":[11.5,5.5,16,6.5],"texture":"#main","rotation":270},"north":{"uv":[11.5,5.5,16,6.5],"texture":"#main","rotation":90},"west":{"uv":[11.5,5.5,16,6.5],"texture":"#main","rotation":270},"up":{"uv":[11.5,5.5,16,6.5],"texture":"#main","rotation":270},"down":{"uv":[16,6.5,11,5.5],"texture":"#main","rotation":90}}},{"rotation":{"origin":[6.5,1,6],"angle":22.5,"axis":"x"},"from":[7.749919,-0.1247209,5.375316],"to":[8.24992,0.3752791,5.875316],"faces":{"east":{"uv":[16,6.5,13.5,5.5],"texture":"#main","rotation":90},"south":{"uv":[11.5,5.5,16,6.5],"texture":"#main","rotation":270},"north":{"uv":[11.5,5.5,16,6.5],"texture":"#main","rotation":90},"west":{"uv":[11.5,5.5,16,6.5],"texture":"#main","rotation":270},"up":{"uv":[11.5,5.5,16,6.5],"texture":"#main","rotation":270},"down":{"uv":[16,6.5,11,5.5],"texture":"#main","rotation":90}}},{"rotation":{"origin":[6.5,0.25,6.625],"angle":-45,"axis":"x"},"from":[8.499434,0.6539516,4.750087],"to":[9.499434,1.653952,7.250087],"faces":{"east":{"uv":[16,6.5,13.5,5.5],"texture":"#main","rotation":90},"south":{"uv":[11.5,5.5,16,6.5],"texture":"#main","rotation":270},"north":{"uv":[11.5,5.5,16,6.5],"texture":"#main","rotation":90},"west":{"uv":[11.5,5.5,16,6.5],"texture":"#main","rotation":270},"up":{"uv":[11.5,5.5,16,6.5],"texture":"#main","rotation":270},"down":{"uv":[16,6.5,11,5.5],"texture":"#main","rotation":90}}},{"rotation":{"origin":[6.5,0.5,6.5],"angle":-45,"axis":"x"},"from":[9.625669,0.6773658,5.647036],"to":[10.12567,1.677366,6.147036],"faces":{"east":{"uv":[16,6.5,13.5,5.5],"texture":"#main","rotation":90},"south":{"uv":[11.5,5.5,16,6.5],"texture":"#main","rotation":270},"north":{"uv":[11.5,5.5,16,6.5],"texture":"#main","rotation":90},"west":{"uv":[11.5,5.5,16,6.5],"texture":"#main","rotation":270},"up":{"uv":[11.5,5.5,16,6.5],"texture":"#main","rotation":270},"down":{"uv":[16,6.5,11,5.5],"texture":"#main","rotation":90}}},{"rotation":{"origin":[6.5,1.125,6.5],"angle":22.5,"axis":"x"},"from":[10.37471,-0.5579216,5.789579],"to":[10.87471,0.9420784,6.289579],"faces":{"east":{"uv":[16,6.5,13.5,5.5],"texture":"#main","rotation":90},"south":{"uv":[11.5,5.5,16,6.5],"texture":"#main","rotation":270},"north":{"uv":[11.5,5.5,16,6.5],"texture":"#main","rotation":90},"west":{"uv":[11.5,5.5,16,6.5],"texture":"#main","rotation":270},"up":{"uv":[11.5,5.5,16,6.5],"texture":"#main","rotation":270},"down":{"uv":[16,6.5,11,5.5],"texture":"#main","rotation":90}}},{"rotation":{"origin":[5.5,0,6.125],"angle":-45,"axis":"z"},"from":[5.499359,0.0006064688,6.12518],"to":[5.999359,1.500606,6.62518],"faces":{"east":{"uv":[16,6.5,13.5,5.5],"texture":"#main","rotation":90},"south":{"uv":[11.5,5.5,16,6.5],"texture":"#main","rotation":270},"north":{"uv":[11.5,5.5,16,6.5],"texture":"#main","rotation":90},"west":{"uv":[11.5,5.5,16,6.5],"texture":"#main","rotation":270},"up":{"uv":[11.5,5.5,16,6.5],"texture":"#main","rotation":270},"down":{"uv":[16,6.5,11,5.5],"texture":"#main","rotation":90}}},{"rotation":{"origin":[6.25,-0.25,9],"angle":22.5,"axis":"z"},"from":[6.249468,-0.2492575,8.999082],"to":[6.749468,1.250742,9.499082],"faces":{"east":{"uv":[16,6.5,13.5,5.5],"texture":"#main","rotation":90},"south":{"uv":[11.5,5.5,16,6.5],"texture":"#main","rotation":270},"north":{"uv":[11.5,5.5,16,6.5],"texture":"#main","rotation":90},"west":{"uv":[11.5,5.5,16,6.5],"texture":"#main","rotation":270},"up":{"uv":[11.5,5.5,16,6.5],"texture":"#main","rotation":270},"down":{"uv":[16,6.5,11,5.5],"texture":"#main","rotation":90}}},{"rotation":{"origin":[6.5,0.5,7],"angle":45,"axis":"z"},"from":[5.500966,0.4996972,6.999804],"to":[6.500966,0.9996972,7.499804],"faces":{"east":{"uv":[16,6.5,13.5,5.5],"texture":"#main","rotation":90},"south":{"uv":[11.5,5.5,16,6.5],"texture":"#main","rotation":270},"north":{"uv":[11.5,5.5,16,6.5],"texture":"#main","rotation":90},"west":{"uv":[11.5,5.5,16,6.5],"texture":"#main","rotation":270},"up":{"uv":[11.5,5.5,16,6.5],"texture":"#main","rotation":270},"down":{"uv":[16,6.5,11,5.5],"texture":"#main","rotation":90}}},{"rotation":{"origin":[5.625,0.125,10],"angle":-45,"axis":"z"},"from":[5.624488,0.1251633,10.00072],"to":[6.124488,1.125163,10.50072],"faces":{"east":{"uv":[16,6.5,13.5,5.5],"texture":"#main","rotation":90},"south":{"uv":[11.5,5.5,16,6.5],"texture":"#main","rotation":270},"north":{"uv":[11.5,5.5,16,6.5],"texture":"#main","rotation":90},"west":{"uv":[11.5,5.5,16,6.5],"texture":"#main","rotation":270},"up":{"uv":[11.5,5.5,16,6.5],"texture":"#main","rotation":270},"down":{"uv":[16,6.5,11,5.5],"texture":"#main","rotation":90}}},{"rotation":{"origin":[10.5,0,6.25],"angle":-45,"axis":"z"},"from":[10.49955,-0.0003013712,6.249943],"to":[10.99955,1.499699,6.749943],"faces":{"east":{"uv":[16,6.5,13.5,5.5],"texture":"#main","rotation":90},"south":{"uv":[11.5,5.5,16,6.5],"texture":"#main","rotation":270},"north":{"uv":[11.5,5.5,16,6.5],"texture":"#main","rotation":90},"west":{"uv":[11.5,5.5,16,6.5],"texture":"#main","rotation":270},"up":{"uv":[11.5,5.5,16,6.5],"texture":"#main","rotation":270},"down":{"uv":[16,6.5,11,5.5],"texture":"#main","rotation":90}}},{"rotation":{"origin":[11.5,0.5,7.125],"angle":45,"axis":"z"},"from":[10.49977,0.5005085,7.124268],"to":[11.49977,1.000509,7.624268],"faces":{"east":{"uv":[16,6.5,13.5,5.5],"texture":"#main","rotation":90},"south":{"uv":[11.5,5.5,16,6.5],"texture":"#main","rotation":270},"north":{"uv":[11.5,5.5,16,6.5],"texture":"#main","rotation":90},"west":{"uv":[11.5,5.5,16,6.5],"texture":"#main","rotation":270},"up":{"uv":[11.5,5.5,16,6.5],"texture":"#main","rotation":270},"down":{"uv":[16,6.5,11,5.5],"texture":"#main","rotation":90}}},{"rotation":{"origin":[11.25,-0.125,9.125],"angle":22.5,"axis":"z"},"from":[11.2491,-0.1254715,9.125725],"to":[11.7491,1.374529,9.625725],"faces":{"east":{"uv":[16,6.5,13.5,5.5],"texture":"#main","rotation":90},"south":{"uv":[11.5,5.5,16,6.5],"texture":"#main","rotation":270},"north":{"uv":[11.5,5.5,16,6.5],"texture":"#main","rotation":90},"west":{"uv":[11.5,5.5,16,6.5],"texture":"#main","rotation":270},"up":{"uv":[11.5,5.5,16,6.5],"texture":"#main","rotation":270},"down":{"uv":[16,6.5,11,5.5],"texture":"#main","rotation":90}}},{"rotation":{"origin":[10.625,0.125,9.875],"angle":-45,"axis":"z"},"from":[10.62424,0.1246641,9.875905],"to":[11.12424,1.124664,10.37591],"faces":{"east":{"uv":[16,6.5,13.5,5.5],"texture":"#main","rotation":90},"south":{"uv":[11.5,5.5,16,6.5],"texture":"#main","rotation":270},"north":{"uv":[11.5,5.5,16,6.5],"texture":"#main","rotation":90},"west":{"uv":[11.5,5.5,16,6.5],"texture":"#main","rotation":270},"up":{"uv":[11.5,5.5,16,6.5],"texture":"#main","rotation":270},"down":{"uv":[16,6.5,11,5.5],"texture":"#main","rotation":90}}},{"rotation":{"origin":[15.625,0,8.875],"angle":-45,"axis":"z"},"from":[15.62476,0.0007923777,8.874244],"to":[16.12476,1.000792,9.374244],"faces":{"east":{"uv":[16,6.5,13.5,5.5],"texture":"#main","rotation":90},"south":{"uv":[11.5,5.5,16,6.5],"texture":"#main","rotation":270},"north":{"uv":[11.5,5.5,16,6.5],"texture":"#main","rotation":90},"west":{"uv":[11.5,5.5,16,6.5],"texture":"#main","rotation":270},"up":{"uv":[11.5,5.5,16,6.5],"texture":"#main","rotation":270},"down":{"uv":[16,6.5,11,5.5],"texture":"#main","rotation":90}}},{"from":[11.50095,-0.1246299,5.000802],"to":[16.00095,4.37537,9.500801],"faces":{"east":{"uv":[0,13.5,2.5,16],"texture":"#main"},"south":{"uv":[10.5,11.5,15.5,15],"texture":"#main"},"north":{"uv":[0,13,2.5,16],"texture":"#main"},"west":{"uv":[0,14,2.5,16],"texture":"#main"},"up":{"uv":[0,13,3,16],"texture":"#main"},"down":{"uv":[0,12,4.5,16],"texture":"#main"}}},{"from":[11.75046,4.375182,5.000303],"to":[15.75046,4.875182,9.000303],"faces":{"east":{"uv":[0,13.5,2.5,16],"texture":"#main"},"south":{"uv":[0,13.5,3,16],"texture":"#main"},"north":{"uv":[0,13,2.5,16],"texture":"#main"},"west":{"uv":[0,14,2.5,16],"texture":"#main"},"up":{"uv":[0,13,3,16],"texture":"#main"},"down":{"uv":[0,12,4.5,16],"texture":"#main"}}},{"from":[12.00035,4.875168,5.249424],"to":[15.50035,5.375168,8.749424],"faces":{"east":{"uv":[0,13.5,2.5,16],"texture":"#main"},"south":{"uv":[0,13.5,3,16],"texture":"#main"},"north":{"uv":[0,13,2.5,16],"texture":"#main"},"west":{"uv":[0,14,2.5,16],"texture":"#main"},"up":{"uv":[0,13,3,16],"texture":"#main"},"down":{"uv":[0,12,4.5,16],"texture":"#main"}}},{"from":[12.99954,2.124967,9.500641],"to":[14.49954,3.124967,10.00064],"faces":{"east":{"uv":[0,8,1.5,9.5],"texture":"#main"},"south":{"uv":[2,7.5,4,9.5],"texture":"#main"},"north":{"uv":[0,8,1.5,9.5],"texture":"#main"},"west":{"uv":[0,8,1.5,9.5],"texture":"#main"},"up":{"uv":[0,8,1.5,9.5],"texture":"#main"},"down":{"uv":[0,8,1.5,9.5],"texture":"#main"}}},{"rotation":{"origin":[10.75,-0.125,6.75],"angle":-22.5,"axis":"z"},"from":[10.75019,-0.1247082,6.750837],"to":[11.75019,1.875292,7.750837],"faces":{"east":{"uv":[16,6.5,13.5,5.5],"texture":"#main","rotation":90},"south":{"uv":[11.5,5.5,16,6.5],"texture":"#main","rotation":270},"north":{"uv":[11.5,5.5,16,6.5],"texture":"#main","rotation":90},"west":{"uv":[11.5,5.5,16,6.5],"texture":"#main","rotation":270},"up":{"uv":[11.5,5.5,16,6.5],"texture":"#main","rotation":270},"down":{"uv":[16,6.5,11,5.5],"texture":"#main","rotation":90}}},{"rotation":{"origin":[15.875,-0.5,6.875],"angle":22.5,"axis":"z"},"from":[15.87486,-0.4997355,6.875025],"to":[16.87486,1.500264,7.875025],"faces":{"east":{"uv":[16,6.5,13.5,5.5],"texture":"#main","rotation":90},"south":{"uv":[11.5,5.5,16,6.5],"texture":"#main","rotation":270},"north":{"uv":[11.5,5.5,16,6.5],"texture":"#main","rotation":90},"west":{"uv":[11.5,5.5,16,6.5],"texture":"#main","rotation":270},"up":{"uv":[11.5,5.5,16,6.5],"texture":"#main","rotation":270},"down":{"uv":[16,6.5,11,5.5],"texture":"#main","rotation":90}}},{"rotation":{"origin":[13.375,-0.625,10],"angle":-45,"axis":"x"},"from":[13.3746,-0.6243243,9.99957],"to":[14.3746,1.375676,10.99957],"faces":{"east":{"uv":[16,6.5,13.5,5.5],"texture":"#main","rotation":90},"south":{"uv":[11.5,5.5,16,6.5],"texture":"#main","rotation":270},"north":{"uv":[11.5,5.5,16,6.5],"texture":"#main","rotation":90},"west":{"uv":[11.5,5.5,16,6.5],"texture":"#main","rotation":270},"up":{"uv":[11.5,5.5,16,6.5],"texture":"#main","rotation":270},"down":{"uv":[16,6.5,11,5.5],"texture":"#main","rotation":90}}},{"from":[11.25061,-0.1245073,4.749483],"to":[16.25061,0.3754927,9.749483],"faces":{"east":{"uv":[11,7.5,16,9],"texture":"#main"},"south":{"uv":[11.5,7.5,16,9],"texture":"#main"},"north":{"uv":[12.5,7.5,16,9],"texture":"#main"},"west":{"uv":[11.5,7.5,16,9],"texture":"#main"},"up":{"uv":[12.5,7.5,16,9],"texture":"#main"},"down":{"uv":[11.5,7.5,16,9],"texture":"#main"}}},{"from":[10.99903,-0.124668,4.999414],"to":[16.49903,0.375332,9.499414],"faces":{"east":{"uv":[11,7.5,16,9],"texture":"#main"},"south":{"uv":[11.5,7.5,16,9],"texture":"#main"},"north":{"uv":[12.5,7.5,16,9],"texture":"#main"},"west":{"uv":[11.5,7.5,16,9],"texture":"#main"},"up":{"uv":[12.5,7.5,16,9],"texture":"#main"},"down":{"uv":[11.5,7.5,16,9],"texture":"#main"}}},{"from":[11.5005,-0.1254973,4.49946],"to":[16.0005,0.3745027,9.99946],"faces":{"east":{"uv":[11,7.5,16,9],"texture":"#main"},"south":{"uv":[11.5,7.5,16,9],"texture":"#main"},"north":{"uv":[12.5,7.5,16,9],"texture":"#main"},"west":{"uv":[11.5,7.5,16,9],"texture":"#main"},"up":{"uv":[12.5,7.5,16,9],"texture":"#main"},"down":{"uv":[11.5,7.5,16,9],"texture":"#main"}}},{"from":[11.25089,0.1249654,4.749881],"to":[16.25089,0.6249654,9.749882],"faces":{"east":{"uv":[11,7.5,16,9],"texture":"#main"},"south":{"uv":[11.5,7.5,16,9],"texture":"#main"},"north":{"uv":[12.5,7.5,16,9],"texture":"#main"},"west":{"uv":[11.5,7.5,16,9],"texture":"#main"},"up":{"uv":[12.5,7.5,16,9],"texture":"#main"},"down":{"uv":[11.5,7.5,16,9],"texture":"#main"}}},{"rotation":{"origin":[12,-0.375,9.75],"angle":-22.5,"axis":"x"},"from":[12.0005,-0.3747363,9.750177],"to":[12.5005,1.125264,10.25018],"faces":{"east":{"uv":[16,6.5,13.5,5.5],"texture":"#main","rotation":90},"south":{"uv":[11.5,5.5,16,6.5],"texture":"#main","rotation":270},"north":{"uv":[11.5,5.5,16,6.5],"texture":"#main","rotation":90},"west":{"uv":[11.5,5.5,16,6.5],"texture":"#main","rotation":270},"up":{"uv":[11.5,5.5,16,6.5],"texture":"#main","rotation":270},"down":{"uv":[16,6.5,11,5.5],"texture":"#main","rotation":90}}},{"rotation":{"origin":[12.625,0.125,9.5],"angle":-22.5,"axis":"x"},"from":[12.62501,0.1240795,9.499058],"to":[13.12501,0.6240795,9.999058],"faces":{"east":{"uv":[16,6.5,13.5,5.5],"texture":"#main","rotation":90},"south":{"uv":[11.5,5.5,16,6.5],"texture":"#main","rotation":270},"north":{"uv":[11.5,5.5,16,6.5],"texture":"#main","rotation":90},"west":{"uv":[11.5,5.5,16,6.5],"texture":"#main","rotation":270},"up":{"uv":[11.5,5.5,16,6.5],"texture":"#main","rotation":270},"down":{"uv":[16,6.5,11,5.5],"texture":"#main","rotation":90}}},{"rotation":{"origin":[11.375,-0.5,9.625],"angle":-45,"axis":"x"},"from":[11.37465,-0.4995976,9.625578],"to":[11.87465,0.0004024208,10.62558],"faces":{"east":{"uv":[16,6.5,13.5,5.5],"texture":"#main","rotation":90},"south":{"uv":[11.5,5.5,16,6.5],"texture":"#main","rotation":270},"north":{"uv":[11.5,5.5,16,6.5],"texture":"#main","rotation":90},"west":{"uv":[11.5,5.5,16,6.5],"texture":"#main","rotation":270},"up":{"uv":[11.5,5.5,16,6.5],"texture":"#main","rotation":270},"down":{"uv":[16,6.5,11,5.5],"texture":"#main","rotation":90}}},{"rotation":{"origin":[14.5,-0.125,9.5],"angle":-45,"axis":"x"},"from":[14.49948,-0.1248452,9.500717],"to":[14.99948,0.3751548,10.50072],"faces":{"east":{"uv":[16,6.5,13.5,5.5],"texture":"#main","rotation":90},"south":{"uv":[11.5,5.5,16,6.5],"texture":"#main","rotation":270},"north":{"uv":[11.5,5.5,16,6.5],"texture":"#main","rotation":90},"west":{"uv":[11.5,5.5,16,6.5],"texture":"#main","rotation":270},"up":{"uv":[11.5,5.5,16,6.5],"texture":"#main","rotation":270},"down":{"uv":[16,6.5,11,5.5],"texture":"#main","rotation":90}}},{"rotation":{"origin":[15.25,-0.25,9.75],"angle":-22.5,"axis":"x"},"from":[15.25048,-0.2493598,9.750009],"to":[15.75048,1.25064,10.25001],"faces":{"east":{"uv":[16,6.5,13.5,5.5],"texture":"#main","rotation":90},"south":{"uv":[11.5,5.5,16,6.5],"texture":"#main","rotation":270},"north":{"uv":[11.5,5.5,16,6.5],"texture":"#main","rotation":90},"west":{"uv":[11.5,5.5,16,6.5],"texture":"#main","rotation":270},"up":{"uv":[11.5,5.5,16,6.5],"texture":"#main","rotation":270},"down":{"uv":[16,6.5,11,5.5],"texture":"#main","rotation":90}}},{"rotation":{"origin":[11.5,0.375,5],"angle":-45,"axis":"x"},"from":[11.50071,0.375733,4.500209],"to":[12.00071,1.375733,5.000209],"faces":{"east":{"uv":[16,6.5,13.5,5.5],"texture":"#main","rotation":90},"south":{"uv":[11.5,5.5,16,6.5],"texture":"#main","rotation":270},"north":{"uv":[11.5,5.5,16,6.5],"texture":"#main","rotation":90},"west":{"uv":[11.5,5.5,16,6.5],"texture":"#main","rotation":270},"up":{"uv":[11.5,5.5,16,6.5],"texture":"#main","rotation":270},"down":{"uv":[16,6.5,11,5.5],"texture":"#main","rotation":90}}},{"rotation":{"origin":[11.5,0.875,5],"angle":22.5,"axis":"x"},"from":[12.12514,-0.6922516,4.336134],"to":[12.62514,0.8077484,4.836134],"faces":{"east":{"uv":[16,6.5,13.5,5.5],"texture":"#main","rotation":90},"south":{"uv":[11.5,5.5,16,6.5],"texture":"#main","rotation":270},"north":{"uv":[11.5,5.5,16,6.5],"texture":"#main","rotation":90},"west":{"uv":[11.5,5.5,16,6.5],"texture":"#main","rotation":270},"up":{"uv":[11.5,5.5,16,6.5],"texture":"#main","rotation":270},"down":{"uv":[16,6.5,11,5.5],"texture":"#main","rotation":90}}},{"rotation":{"origin":[11.5,0.875,5],"angle":22.5,"axis":"x"},"from":[12.74956,-0.2493906,4.375823],"to":[13.24956,0.2506095,4.875823],"faces":{"east":{"uv":[16,6.5,13.5,5.5],"texture":"#main","rotation":90},"south":{"uv":[11.5,5.5,16,6.5],"texture":"#main","rotation":270},"north":{"uv":[11.5,5.5,16,6.5],"texture":"#main","rotation":90},"west":{"uv":[11.5,5.5,16,6.5],"texture":"#main","rotation":270},"up":{"uv":[11.5,5.5,16,6.5],"texture":"#main","rotation":270},"down":{"uv":[16,6.5,11,5.5],"texture":"#main","rotation":90}}},{"rotation":{"origin":[11.5,0.125,5.625],"angle":-45,"axis":"x"},"from":[13.49985,0.5298956,3.751241],"to":[14.49985,1.529896,6.251241],"faces":{"east":{"uv":[16,6.5,13.5,5.5],"texture":"#main","rotation":90},"south":{"uv":[11.5,5.5,16,6.5],"texture":"#main","rotation":270},"north":{"uv":[11.5,5.5,16,6.5],"texture":"#main","rotation":90},"west":{"uv":[11.5,5.5,16,6.5],"texture":"#main","rotation":270},"up":{"uv":[11.5,5.5,16,6.5],"texture":"#main","rotation":270},"down":{"uv":[16,6.5,11,5.5],"texture":"#main","rotation":90}}},{"rotation":{"origin":[11.5,0.375,5.5],"angle":-45,"axis":"x"},"from":[14.62562,0.5520532,4.646771],"to":[15.12562,1.552053,5.146771],"faces":{"east":{"uv":[16,6.5,13.5,5.5],"texture":"#main","rotation":90},"south":{"uv":[11.5,5.5,16,6.5],"texture":"#main","rotation":270},"north":{"uv":[11.5,5.5,16,6.5],"texture":"#main","rotation":90},"west":{"uv":[11.5,5.5,16,6.5],"texture":"#main","rotation":270},"up":{"uv":[11.5,5.5,16,6.5],"texture":"#main","rotation":270},"down":{"uv":[16,6.5,11,5.5],"texture":"#main","rotation":90}}},{"rotation":{"origin":[11.5,1,5.5],"angle":22.5,"axis":"x"},"from":[15.37502,-0.6828512,4.78809],"to":[15.87502,0.8171488,5.28809],"faces":{"east":{"uv":[16,6.5,13.5,5.5],"texture":"#main","rotation":90},"south":{"uv":[11.5,5.5,16,6.5],"texture":"#main","rotation":270},"north":{"uv":[11.5,5.5,16,6.5],"texture":"#main","rotation":90},"west":{"uv":[11.5,5.5,16,6.5],"texture":"#main","rotation":270},"up":{"uv":[11.5,5.5,16,6.5],"texture":"#main","rotation":270},"down":{"uv":[16,6.5,11,5.5],"texture":"#main","rotation":90}}},{"rotation":{"origin":[10.5,-0.125,5.125],"angle":-45,"axis":"z"},"from":[10.50094,-0.1246345,5.125073],"to":[11.00094,1.375365,5.625073],"faces":{"east":{"uv":[16,6.5,13.5,5.5],"texture":"#main","rotation":90},"south":{"uv":[11.5,5.5,16,6.5],"texture":"#main","rotation":270},"north":{"uv":[11.5,5.5,16,6.5],"texture":"#main","rotation":90},"west":{"uv":[11.5,5.5,16,6.5],"texture":"#main","rotation":270},"up":{"uv":[11.5,5.5,16,6.5],"texture":"#main","rotation":270},"down":{"uv":[16,6.5,11,5.5],"texture":"#main","rotation":90}}},{"rotation":{"origin":[11.25,-0.375,8],"angle":22.5,"axis":"z"},"from":[11.25068,-0.3741107,7.999761],"to":[11.75068,1.125889,8.499762],"faces":{"east":{"uv":[16,6.5,13.5,5.5],"texture":"#main","rotation":90},"south":{"uv":[11.5,5.5,16,6.5],"texture":"#main","rotation":270},"north":{"uv":[11.5,5.5,16,6.5],"texture":"#main","rotation":90},"west":{"uv":[11.5,5.5,16,6.5],"texture":"#main","rotation":270},"up":{"uv":[11.5,5.5,16,6.5],"texture":"#main","rotation":270},"down":{"uv":[16,6.5,11,5.5],"texture":"#main","rotation":90}}},{"rotation":{"origin":[11.5,0.375,6],"angle":45,"axis":"z"},"from":[10.4998,0.3743047,5.999828],"to":[11.4998,0.8743047,6.499828],"faces":{"east":{"uv":[16,6.5,13.5,5.5],"texture":"#main","rotation":90},"south":{"uv":[11.5,5.5,16,6.5],"texture":"#main","rotation":270},"north":{"uv":[11.5,5.5,16,6.5],"texture":"#main","rotation":90},"west":{"uv":[11.5,5.5,16,6.5],"texture":"#main","rotation":270},"up":{"uv":[11.5,5.5,16,6.5],"texture":"#main","rotation":270},"down":{"uv":[16,6.5,11,5.5],"texture":"#main","rotation":90}}},{"rotation":{"origin":[10.625,0,9],"angle":-45,"axis":"z"},"from":[10.62423,-0.0003431562,8.999384],"to":[11.12423,0.9996569,9.499384],"faces":{"east":{"uv":[16,6.5,13.5,5.5],"texture":"#main","rotation":90},"south":{"uv":[11.5,5.5,16,6.5],"texture":"#main","rotation":270},"north":{"uv":[11.5,5.5,16,6.5],"texture":"#main","rotation":90},"west":{"uv":[11.5,5.5,16,6.5],"texture":"#main","rotation":270},"up":{"uv":[11.5,5.5,16,6.5],"texture":"#main","rotation":270},"down":{"uv":[16,6.5,11,5.5],"texture":"#main","rotation":90}}},{"rotation":{"origin":[15.5,-0.125,5.25],"angle":-45,"axis":"z"},"from":[15.49968,-0.1248698,5.250749],"to":[15.99968,1.37513,5.750749],"faces":{"east":{"uv":[16,6.5,13.5,5.5],"texture":"#main","rotation":90},"south":{"uv":[11.5,5.5,16,6.5],"texture":"#main","rotation":270},"north":{"uv":[11.5,5.5,16,6.5],"texture":"#main","rotation":90},"west":{"uv":[11.5,5.5,16,6.5],"texture":"#main","rotation":270},"up":{"uv":[11.5,5.5,16,6.5],"texture":"#main","rotation":270},"down":{"uv":[16,6.5,11,5.5],"texture":"#main","rotation":90}}},{"rotation":{"origin":[16.5,0.375,6.125],"angle":45,"axis":"z"},"from":[15.50082,0.3758545,6.124145],"to":[16.50082,0.8758545,6.624145],"faces":{"east":{"uv":[16,6.5,13.5,5.5],"texture":"#main","rotation":90},"south":{"uv":[11.5,5.5,16,6.5],"texture":"#main","rotation":270},"north":{"uv":[11.5,5.5,16,6.5],"texture":"#main","rotation":90},"west":{"uv":[11.5,5.5,16,6.5],"texture":"#main","rotation":270},"up":{"uv":[11.5,5.5,16,6.5],"texture":"#main","rotation":270},"down":{"uv":[16,6.5,11,5.5],"texture":"#main","rotation":90}}},{"rotation":{"origin":[16.25,-0.25,8.125],"angle":22.5,"axis":"z"},"from":[16.25023,-0.2496124,8.12401],"to":[16.75023,1.250388,8.62401],"faces":{"east":{"uv":[16,6.5,13.5,5.5],"texture":"#main","rotation":90},"south":{"uv":[11.5,5.5,16,6.5],"texture":"#main","rotation":270},"north":{"uv":[11.5,5.5,16,6.5],"texture":"#main","rotation":90},"west":{"uv":[11.5,5.5,16,6.5],"texture":"#main","rotation":270},"up":{"uv":[11.5,5.5,16,6.5],"texture":"#main","rotation":270},"down":{"uv":[16,6.5,11,5.5],"texture":"#main","rotation":90}}},{"rotation":{"origin":[13.25,0,3.375],"angle":-45,"axis":"z"},"from":[13.24967,0.0006399314,3.374556],"to":[13.74967,1.00064,3.874556],"faces":{"east":{"uv":[16,6.5,13.5,5.5],"texture":"#main","rotation":90},"south":{"uv":[11.5,5.5,16,6.5],"texture":"#main","rotation":270},"north":{"uv":[11.5,5.5,16,6.5],"texture":"#main","rotation":90},"west":{"uv":[11.5,5.5,16,6.5],"texture":"#main","rotation":270},"up":{"uv":[11.5,5.5,16,6.5],"texture":"#main","rotation":270},"down":{"uv":[16,6.5,11,5.5],"texture":"#main","rotation":90}}},{"from":[9.12491,-0.1240267,-0.4997266],"to":[13.62491,4.875973,4.000273],"faces":{"east":{"uv":[0,13.5,2.5,16],"texture":"#main"},"south":{"uv":[0,13,3.5,16],"texture":"#main"},"north":{"uv":[0,13,2.5,16],"texture":"#main"},"west":{"uv":[0,14,2.5,16],"texture":"#main"},"up":{"uv":[0,13,3,16],"texture":"#main"},"down":{"uv":[0,12,4.5,16],"texture":"#main"}}},{"from":[9.374352,9.874459,-0.2493019],"to":[13.37435,10.37446,3.750698],"faces":{"east":{"uv":[0,13.5,2.5,16],"texture":"#main"},"south":{"uv":[0,13.5,3,16],"texture":"#main"},"north":{"uv":[0,13,2.5,16],"texture":"#main"},"west":{"uv":[0,14,2.5,16],"texture":"#main"},"up":{"uv":[0,13,3,16],"texture":"#main"},"down":{"uv":[0,12,4.5,16],"texture":"#main"}}},{"from":[9.624144,10.3755,0.000118503],"to":[13.12414,10.8755,3.500118],"faces":{"east":{"uv":[0,13.5,2.5,16],"texture":"#main"},"south":{"uv":[0,13.5,3,16],"texture":"#main"},"north":{"uv":[0,13,2.5,16],"texture":"#main"},"west":{"uv":[0,14,2.5,16],"texture":"#main"},"up":{"uv":[0,13,3,16],"texture":"#main"},"down":{"uv":[0,12,4.5,16],"texture":"#main"}}},{"from":[10.6243,7.374503,3.999282],"to":[12.1243,8.374503,4.499282],"faces":{"east":{"uv":[0,8,1.5,9.5],"texture":"#main"},"south":{"uv":[2,7.5,4,9.5],"texture":"#main"},"north":{"uv":[0,8,1.5,9.5],"texture":"#main"},"west":{"uv":[0,8,1.5,9.5],"texture":"#main"},"up":{"uv":[0,8,1.5,9.5],"texture":"#main"},"down":{"uv":[0,8,1.5,9.5],"texture":"#main"}}},{"rotation":{"origin":[8.375,-0.125,1.25],"angle":-22.5,"axis":"z"},"from":[8.374282,-0.1250324,1.249732],"to":[9.374282,1.874968,2.249732],"faces":{"east":{"uv":[16,6.5,13.5,5.5],"texture":"#main","rotation":90},"south":{"uv":[11.5,5.5,16,6.5],"texture":"#main","rotation":270},"north":{"uv":[11.5,5.5,16,6.5],"texture":"#main","rotation":90},"west":{"uv":[11.5,5.5,16,6.5],"texture":"#main","rotation":270},"up":{"uv":[11.5,5.5,16,6.5],"texture":"#main","rotation":270},"down":{"uv":[16,6.5,11,5.5],"texture":"#main","rotation":90}}},{"rotation":{"origin":[13.5,-0.5,1.375],"angle":22.5,"axis":"z"},"from":[13.50091,-0.5000927,1.375742],"to":[14.50091,1.499907,2.375742],"faces":{"east":{"uv":[16,6.5,13.5,5.5],"texture":"#main","rotation":90},"south":{"uv":[11.5,5.5,16,6.5],"texture":"#main","rotation":270},"north":{"uv":[11.5,5.5,16,6.5],"texture":"#main","rotation":90},"west":{"uv":[11.5,5.5,16,6.5],"texture":"#main","rotation":270},"up":{"uv":[11.5,5.5,16,6.5],"texture":"#main","rotation":270},"down":{"uv":[16,6.5,11,5.5],"texture":"#main","rotation":90}}},{"rotation":{"origin":[11,-0.625,4.5],"angle":-45,"axis":"x"},"from":[10.99976,-0.6259171,4.500459],"to":[11.99976,1.374083,5.500459],"faces":{"east":{"uv":[16,6.5,13.5,5.5],"texture":"#main","rotation":90},"south":{"uv":[11.5,5.5,16,6.5],"texture":"#main","rotation":270},"north":{"uv":[11.5,5.5,16,6.5],"texture":"#main","rotation":90},"west":{"uv":[11.5,5.5,16,6.5],"texture":"#main","rotation":270},"up":{"uv":[11.5,5.5,16,6.5],"texture":"#main","rotation":270},"down":{"uv":[16,6.5,11,5.5],"texture":"#main","rotation":90}}},{"from":[8.875743,-0.1253564,-0.7492944],"to":[13.87574,0.3746436,4.250706],"faces":{"east":{"uv":[11,7.5,16,9],"texture":"#main"},"south":{"uv":[11.5,7.5,16,9],"texture":"#main"},"north":{"uv":[12.5,7.5,16,9],"texture":"#main"},"west":{"uv":[11.5,7.5,16,9],"texture":"#main"},"up":{"uv":[12.5,7.5,16,9],"texture":"#main"},"down":{"uv":[11.5,7.5,16,9],"texture":"#main"}}},{"from":[8.624475,-0.1253638,-0.4990595],"to":[14.12448,0.3746362,4.00094],"faces":{"east":{"uv":[11,7.5,16,9],"texture":"#main"},"south":{"uv":[11.5,7.5,16,9],"texture":"#main"},"north":{"uv":[12.5,7.5,16,9],"texture":"#main"},"west":{"uv":[11.5,7.5,16,9],"texture":"#main"},"up":{"uv":[12.5,7.5,16,9],"texture":"#main"},"down":{"uv":[11.5,7.5,16,9],"texture":"#main"}}},{"from":[9.124695,-0.1258409,-1.000707],"to":[13.62469,0.3741591,4.499293],"faces":{"east":{"uv":[11,7.5,16,9],"texture":"#main"},"south":{"uv":[11.5,7.5,16,9],"texture":"#main"},"north":{"uv":[12.5,7.5,16,9],"texture":"#main"},"west":{"uv":[11.5,7.5,16,9],"texture":"#main"},"up":{"uv":[12.5,7.5,16,9],"texture":"#main"},"down":{"uv":[11.5,7.5,16,9],"texture":"#main"}}},{"from":[8.874759,0.1246246,-0.7504899],"to":[13.87476,0.6246246,4.24951],"faces":{"east":{"uv":[11,7.5,16,9],"texture":"#main"},"south":{"uv":[11.5,7.5,16,9],"texture":"#main"},"north":{"uv":[12.5,7.5,16,9],"texture":"#main"},"west":{"uv":[11.5,7.5,16,9],"texture":"#main"},"up":{"uv":[12.5,7.5,16,9],"texture":"#main"},"down":{"uv":[11.5,7.5,16,9],"texture":"#main"}}},{"rotation":{"origin":[9.625,-0.375,4.25],"angle":-22.5,"axis":"x"},"from":[9.625293,-0.3751624,4.249903],"to":[10.12529,1.124838,4.749903],"faces":{"east":{"uv":[16,6.5,13.5,5.5],"texture":"#main","rotation":90},"south":{"uv":[11.5,5.5,16,6.5],"texture":"#main","rotation":270},"north":{"uv":[11.5,5.5,16,6.5],"texture":"#main","rotation":90},"west":{"uv":[11.5,5.5,16,6.5],"texture":"#main","rotation":270},"up":{"uv":[11.5,5.5,16,6.5],"texture":"#main","rotation":270},"down":{"uv":[16,6.5,11,5.5],"texture":"#main","rotation":90}}},{"rotation":{"origin":[10.25,0.125,4],"angle":-22.5,"axis":"x"},"from":[10.24909,0.1249427,3.999365],"to":[10.74909,0.6249427,4.499365],"faces":{"east":{"uv":[16,6.5,13.5,5.5],"texture":"#main","rotation":90},"south":{"uv":[11.5,5.5,16,6.5],"texture":"#main","rotation":270},"north":{"uv":[11.5,5.5,16,6.5],"texture":"#main","rotation":90},"west":{"uv":[11.5,5.5,16,6.5],"texture":"#main","rotation":270},"up":{"uv":[11.5,5.5,16,6.5],"texture":"#main","rotation":270},"down":{"uv":[16,6.5,11,5.5],"texture":"#main","rotation":90}}},{"rotation":{"origin":[9,-0.5,4.125],"angle":-45,"axis":"x"},"from":[9.000502,-0.4996083,4.124215],"to":[9.500502,0.0003916621,5.124215],"faces":{"east":{"uv":[16,6.5,13.5,5.5],"texture":"#main","rotation":90},"south":{"uv":[11.5,5.5,16,6.5],"texture":"#main","rotation":270},"north":{"uv":[11.5,5.5,16,6.5],"texture":"#main","rotation":90},"west":{"uv":[11.5,5.5,16,6.5],"texture":"#main","rotation":270},"up":{"uv":[11.5,5.5,16,6.5],"texture":"#main","rotation":270},"down":{"uv":[16,6.5,11,5.5],"texture":"#main","rotation":90}}},{"rotation":{"origin":[12.125,-0.125,4],"angle":-45,"axis":"x"},"from":[12.12567,-0.1251767,3.999245],"to":[12.62567,0.3748233,4.999246],"faces":{"east":{"uv":[16,6.5,13.5,5.5],"texture":"#main","rotation":90},"south":{"uv":[11.5,5.5,16,6.5],"texture":"#main","rotation":270},"north":{"uv":[11.5,5.5,16,6.5],"texture":"#main","rotation":90},"west":{"uv":[11.5,5.5,16,6.5],"texture":"#main","rotation":270},"up":{"uv":[11.5,5.5,16,6.5],"texture":"#main","rotation":270},"down":{"uv":[16,6.5,11,5.5],"texture":"#main","rotation":90}}},{"rotation":{"origin":[12.875,-0.25,4.25],"angle":-22.5,"axis":"x"},"from":[12.8754,-0.2492606,4.250616],"to":[13.3754,1.250739,4.750616],"faces":{"east":{"uv":[16,6.5,13.5,5.5],"texture":"#main","rotation":90},"south":{"uv":[11.5,5.5,16,6.5],"texture":"#main","rotation":270},"north":{"uv":[11.5,5.5,16,6.5],"texture":"#main","rotation":90},"west":{"uv":[11.5,5.5,16,6.5],"texture":"#main","rotation":270},"up":{"uv":[11.5,5.5,16,6.5],"texture":"#main","rotation":270},"down":{"uv":[16,6.5,11,5.5],"texture":"#main","rotation":90}}},{"rotation":{"origin":[9.125,0.375,-0.5],"angle":-45,"axis":"x"},"from":[9.125133,0.3745905,-1.000267],"to":[9.625133,1.374591,-0.500267],"faces":{"east":{"uv":[16,6.5,13.5,5.5],"texture":"#main","rotation":90},"south":{"uv":[11.5,5.5,16,6.5],"texture":"#main","rotation":270},"north":{"uv":[11.5,5.5,16,6.5],"texture":"#main","rotation":90},"west":{"uv":[11.5,5.5,16,6.5],"texture":"#main","rotation":270},"up":{"uv":[11.5,5.5,16,6.5],"texture":"#main","rotation":270},"down":{"uv":[16,6.5,11,5.5],"texture":"#main","rotation":90}}},{"rotation":{"origin":[9.125,0.875,-0.5],"angle":22.5,"axis":"x"},"from":[9.749149,-0.6931855,-1.162704],"to":[10.24915,0.8068145,-0.6627041],"faces":{"east":{"uv":[16,6.5,13.5,5.5],"texture":"#main","rotation":90},"south":{"uv":[11.5,5.5,16,6.5],"texture":"#main","rotation":270},"north":{"uv":[11.5,5.5,16,6.5],"texture":"#main","rotation":90},"west":{"uv":[11.5,5.5,16,6.5],"texture":"#main","rotation":270},"up":{"uv":[11.5,5.5,16,6.5],"texture":"#main","rotation":270},"down":{"uv":[16,6.5,11,5.5],"texture":"#main","rotation":90}}},{"rotation":{"origin":[9.125,0.875,-0.5],"angle":22.5,"axis":"x"},"from":[10.37411,-0.2507991,-1.122967],"to":[10.87411,0.2492009,-0.6229672],"faces":{"east":{"uv":[16,6.5,13.5,5.5],"texture":"#main","rotation":90},"south":{"uv":[11.5,5.5,16,6.5],"texture":"#main","rotation":270},"north":{"uv":[11.5,5.5,16,6.5],"texture":"#main","rotation":90},"west":{"uv":[11.5,5.5,16,6.5],"texture":"#main","rotation":270},"up":{"uv":[11.5,5.5,16,6.5],"texture":"#main","rotation":270},"down":{"uv":[16,6.5,11,5.5],"texture":"#main","rotation":90}}},{"rotation":{"origin":[9.125,0.125,0.125],"angle":-45,"axis":"x"},"from":[11.12409,0.5294092,-1.748585],"to":[12.12409,1.529409,0.7514154],"faces":{"east":{"uv":[16,6.5,13.5,5.5],"texture":"#main","rotation":90},"south":{"uv":[11.5,5.5,16,6.5],"texture":"#main","rotation":270},"north":{"uv":[11.5,5.5,16,6.5],"texture":"#main","rotation":90},"west":{"uv":[11.5,5.5,16,6.5],"texture":"#main","rotation":270},"up":{"uv":[11.5,5.5,16,6.5],"texture":"#main","rotation":270},"down":{"uv":[16,6.5,11,5.5],"texture":"#main","rotation":90}}},{"rotation":{"origin":[9.125,0.375,0],"angle":-45,"axis":"x"},"from":[12.2504,0.551528,-0.8529288],"to":[12.7504,1.551528,-0.3529288],"faces":{"east":{"uv":[16,6.5,13.5,5.5],"texture":"#main","rotation":90},"south":{"uv":[11.5,5.5,16,6.5],"texture":"#main","rotation":270},"north":{"uv":[11.5,5.5,16,6.5],"texture":"#main","rotation":90},"west":{"uv":[11.5,5.5,16,6.5],"texture":"#main","rotation":270},"up":{"uv":[11.5,5.5,16,6.5],"texture":"#main","rotation":270},"down":{"uv":[16,6.5,11,5.5],"texture":"#main","rotation":90}}},{"rotation":{"origin":[9.125,1,0],"angle":22.5,"axis":"x"},"from":[12.99951,-0.6831983,-0.7103114],"to":[13.49951,0.8168017,-0.2103114],"faces":{"east":{"uv":[16,6.5,13.5,5.5],"texture":"#main","rotation":90},"south":{"uv":[11.5,5.5,16,6.5],"texture":"#main","rotation":270},"north":{"uv":[11.5,5.5,16,6.5],"texture":"#main","rotation":90},"west":{"uv":[11.5,5.5,16,6.5],"texture":"#main","rotation":270},"up":{"uv":[11.5,5.5,16,6.5],"texture":"#main","rotation":270},"down":{"uv":[16,6.5,11,5.5],"texture":"#main","rotation":90}}},{"rotation":{"origin":[8.125,-0.125,-0.375],"angle":-45,"axis":"z"},"from":[8.125071,-0.1256384,-0.3745618],"to":[8.625071,1.374362,0.1254382],"faces":{"east":{"uv":[16,6.5,13.5,5.5],"texture":"#main","rotation":90},"south":{"uv":[11.5,5.5,16,6.5],"texture":"#main","rotation":270},"north":{"uv":[11.5,5.5,16,6.5],"texture":"#main","rotation":90},"west":{"uv":[11.5,5.5,16,6.5],"texture":"#main","rotation":270},"up":{"uv":[11.5,5.5,16,6.5],"texture":"#main","rotation":270},"down":{"uv":[16,6.5,11,5.5],"texture":"#main","rotation":90}}},{"rotation":{"origin":[8.875,-0.375,2.5],"angle":22.5,"axis":"z"},"from":[8.875291,-0.3755155,2.500643],"to":[9.375291,1.124485,3.000643],"faces":{"east":{"uv":[16,6.5,13.5,5.5],"texture":"#main","rotation":90},"south":{"uv":[11.5,5.5,16,6.5],"texture":"#main","rotation":270},"north":{"uv":[11.5,5.5,16,6.5],"texture":"#main","rotation":90},"west":{"uv":[11.5,5.5,16,6.5],"texture":"#main","rotation":270},"up":{"uv":[11.5,5.5,16,6.5],"texture":"#main","rotation":270},"down":{"uv":[16,6.5,11,5.5],"texture":"#main","rotation":90}}},{"rotation":{"origin":[9.125,0.375,0.5],"angle":45,"axis":"z"},"from":[8.124465,0.374145,0.5009763],"to":[9.124465,0.874145,1.000976],"faces":{"east":{"uv":[16,6.5,13.5,5.5],"texture":"#main","rotation":90},"south":{"uv":[11.5,5.5,16,6.5],"texture":"#main","rotation":270},"north":{"uv":[11.5,5.5,16,6.5],"texture":"#main","rotation":90},"west":{"uv":[11.5,5.5,16,6.5],"texture":"#main","rotation":270},"up":{"uv":[11.5,5.5,16,6.5],"texture":"#main","rotation":270},"down":{"uv":[16,6.5,11,5.5],"texture":"#main","rotation":90}}},{"rotation":{"origin":[8.25,0,3.5],"angle":-45,"axis":"z"},"from":[8.250652,0.0005998013,3.499622],"to":[8.750652,1.0006,3.999622],"faces":{"east":{"uv":[16,6.5,13.5,5.5],"texture":"#main","rotation":90},"south":{"uv":[11.5,5.5,16,6.5],"texture":"#main","rotation":270},"north":{"uv":[11.5,5.5,16,6.5],"texture":"#main","rotation":90},"west":{"uv":[11.5,5.5,16,6.5],"texture":"#main","rotation":270},"up":{"uv":[11.5,5.5,16,6.5],"texture":"#main","rotation":270},"down":{"uv":[16,6.5,11,5.5],"texture":"#main","rotation":90}}},{"rotation":{"origin":[13.125,-0.125,-0.25],"angle":-45,"axis":"z"},"from":[13.12481,-0.124791,-0.2506817],"to":[13.62481,1.375209,0.2493183],"faces":{"east":{"uv":[16,6.5,13.5,5.5],"texture":"#main","rotation":90},"south":{"uv":[11.5,5.5,16,6.5],"texture":"#main","rotation":270},"north":{"uv":[11.5,5.5,16,6.5],"texture":"#main","rotation":90},"west":{"uv":[11.5,5.5,16,6.5],"texture":"#main","rotation":270},"up":{"uv":[11.5,5.5,16,6.5],"texture":"#main","rotation":270},"down":{"uv":[16,6.5,11,5.5],"texture":"#main","rotation":90}}},{"rotation":{"origin":[14.125,0.375,0.625],"angle":45,"axis":"z"},"from":[13.12464,0.3741432,0.625887],"to":[14.12464,0.8741432,1.125887],"faces":{"east":{"uv":[16,6.5,13.5,5.5],"texture":"#main","rotation":90},"south":{"uv":[11.5,5.5,16,6.5],"texture":"#main","rotation":270},"north":{"uv":[11.5,5.5,16,6.5],"texture":"#main","rotation":90},"west":{"uv":[11.5,5.5,16,6.5],"texture":"#main","rotation":270},"up":{"uv":[11.5,5.5,16,6.5],"texture":"#main","rotation":270},"down":{"uv":[16,6.5,11,5.5],"texture":"#main","rotation":90}}},{"rotation":{"origin":[13.875,-0.25,2.625],"angle":22.5,"axis":"z"},"from":[13.87518,-0.2507849,2.625015],"to":[14.37518,1.249215,3.125015],"faces":{"east":{"uv":[16,6.5,13.5,5.5],"texture":"#main","rotation":90},"south":{"uv":[11.5,5.5,16,6.5],"texture":"#main","rotation":270},"north":{"uv":[11.5,5.5,16,6.5],"texture":"#main","rotation":90},"west":{"uv":[11.5,5.5,16,6.5],"texture":"#main","rotation":270},"up":{"uv":[11.5,5.5,16,6.5],"texture":"#main","rotation":270},"down":{"uv":[16,6.5,11,5.5],"texture":"#main","rotation":90}}},{"from":[9.124958,4.874688,-0.5002476],"to":[13.62496,9.874687,3.999753],"faces":{"east":{"uv":[0,13.5,2.5,16],"texture":"#main"},"south":{"uv":[10.5,11.5,15.5,15],"texture":"#main"},"north":{"uv":[0,13,2.5,16],"texture":"#main"},"west":{"uv":[0,14,2.5,16],"texture":"#main"},"up":{"uv":[0,13,3,16],"texture":"#main"},"down":{"uv":[0,12,4.5,16],"texture":"#main"}}}],"display":{"head":{"rotation":[0,180,0],"translation":[10.434,-19.47,-7.651],"scale":[3,3,3]},"firstperson_righthand":{"rotation":[0,180,0],"scale":[0.0001,0.0001,0.0001]},"firstperson_lefthand":{"scale":[0.0001,0.0001,0.0001]},"thirdperson_righthand":{"rotation":[0,180,0],"translation":[0.6912,3.4782,1.3913]},"gui":{"translation":[-2.782,2.7826,0]},"ground":{"translation":[0,3.4782,0]},"fixed":{"rotation":[0,-180,0],"translation":[3.4782,2.0869,-3.478]}}}