{"parent":"physical_parent","textures":{"main":"pokemon/electrike"},"texture_size":[64,64],"elements":[{"rotation":{"origin":[-2,8,20],"angle":0,"axis":"y"},"from":[4,0,11],"to":[6,1,14],"faces":{"east":{"uv":[5.75,5.5,6.5,5.75],"texture":"#main"},"south":{"uv":[9.25,1.5,9.75,1.75],"texture":"#main"},"north":{"uv":[8.25,9.25,8.75,9.5],"texture":"#main"},"west":{"uv":[6.5,9.25,7.25,9.5],"texture":"#main"},"up":{"uv":[8.75,8.25,8.25,7.5],"texture":"#main"},"down":{"uv":[6.75,8.5,6.25,9.25],"texture":"#main"}}},{"rotation":{"origin":[18,8,20],"angle":0,"axis":"y"},"from":[10,0,11],"to":[12,1,14],"faces":{"east":{"uv":[7.25,9.25,6.5,9.5],"texture":"#main"},"south":{"uv":[9.75,1.5,9.25,1.75],"texture":"#main"},"north":{"uv":[8.75,9.25,8.25,9.5],"texture":"#main"},"west":{"uv":[6.5,5.5,5.75,5.75],"texture":"#main"},"up":{"uv":[8.25,8.25,8.75,7.5],"texture":"#main"},"down":{"uv":[6.25,8.5,6.75,9.25],"texture":"#main"}}},{"rotation":{"origin":[-2,8,13],"angle":0,"axis":"y"},"from":[4,0,4],"to":[6,1,7],"faces":{"east":{"uv":[5.75,5.5,6.5,5.75],"texture":"#main"},"south":{"uv":[9.25,1.5,9.75,1.75],"texture":"#main"},"north":{"uv":[8.25,9.25,8.75,9.5],"texture":"#main"},"west":{"uv":[6.5,9.25,7.25,9.5],"texture":"#main"},"up":{"uv":[8.75,8.25,8.25,7.5],"texture":"#main"},"down":{"uv":[6.75,8.5,6.25,9.25],"texture":"#main"}}},{"rotation":{"origin":[18,8,13],"angle":0,"axis":"y"},"from":[10,0,4],"to":[12,1,7],"faces":{"east":{"uv":[7.25,9.25,6.5,9.5],"texture":"#main"},"south":{"uv":[9.75,1.5,9.25,1.75],"texture":"#main"},"north":{"uv":[8.75,9.25,8.25,9.5],"texture":"#main"},"west":{"uv":[6.5,5.5,5.75,5.75],"texture":"#main"},"up":{"uv":[8.25,8.25,8.75,7.5],"texture":"#main"},"down":{"uv":[6.25,8.5,6.75,9.25],"texture":"#main"}}},{"rotation":{"origin":[-1.5,5.25,22.5],"angle":22.5,"axis":"x"},"from":[4.5,-2.75,14.5],"to":[6.5,1.25,16.5],"faces":{"east":{"uv":[3.75,8.25,4.25,9.25],"texture":"#main"},"south":{"uv":[4.25,8.25,4.75,9.25],"texture":"#main"},"north":{"uv":[7.75,2.5,8.25,3.5],"texture":"#main"},"west":{"uv":[4.75,8.25,5.25,9.25],"texture":"#main"},"up":{"uv":[4,9.75,3.5,9.25],"texture":"#main"},"down":{"uv":[4.5,9.25,4,9.75],"texture":"#main"}}},{"rotation":{"origin":[17.5,5.25,22.5],"angle":22.5,"axis":"x"},"from":[9.5,-2.75,14.5],"to":[11.5,1.25,16.5],"faces":{"east":{"uv":[5.25,8.25,4.75,9.25],"texture":"#main"},"south":{"uv":[4.75,8.25,4.25,9.25],"texture":"#main"},"north":{"uv":[8.25,2.5,7.75,3.5],"texture":"#main"},"west":{"uv":[4.25,8.25,3.75,9.25],"texture":"#main"},"up":{"uv":[3.5,9.75,4,9.25],"texture":"#main"},"down":{"uv":[4,9.25,4.5,9.75],"texture":"#main"}}},{"rotation":{"origin":[-1.5,5.25,15.5],"angle":22.5,"axis":"x"},"from":[4.5,-2.75,7.5],"to":[6.5,1.25,9.5],"faces":{"east":{"uv":[3.75,8.25,4.25,9.25],"texture":"#main"},"south":{"uv":[4.25,8.25,4.75,9.25],"texture":"#main"},"north":{"uv":[7.75,2.5,8.25,3.5],"texture":"#main"},"west":{"uv":[4.75,8.25,5.25,9.25],"texture":"#main"},"up":{"uv":[4,9.75,3.5,9.25],"texture":"#main"},"down":{"uv":[4.5,9.25,4,9.75],"texture":"#main"}}},{"rotation":{"origin":[17.5,5.25,15.5],"angle":22.5,"axis":"x"},"from":[9.5,-2.75,7.5],"to":[11.5,1.25,9.5],"faces":{"east":{"uv":[5.25,8.25,4.75,9.25],"texture":"#main"},"south":{"uv":[4.75,8.25,4.25,9.25],"texture":"#main"},"north":{"uv":[8.25,2.5,7.75,3.5],"texture":"#main"},"west":{"uv":[4.25,8.25,3.75,9.25],"texture":"#main"},"up":{"uv":[3.5,9.75,4,9.25],"texture":"#main"},"down":{"uv":[4,9.25,4.5,9.75],"texture":"#main"}}},{"rotation":{"origin":[-1.5,4.75,22.75],"angle":22.5,"axis":"x"},"from":[5.5,-0.25,13.75],"to":[6.5,7.75,15.75],"faces":{"east":{"uv":[2.75,7,3.25,9],"texture":"#main"},"south":{"uv":[7.25,7.75,7.5,9.75],"texture":"#main"},"north":{"uv":[0.75,7.75,1,9.75],"texture":"#main"},"west":{"uv":[3.25,7,3.75,9],"texture":"#main"},"up":{"uv":[3.5,5.75,3.25,5.25],"texture":"#main"},"down":{"uv":[2,6,1.75,6.5],"texture":"#main"}}},{"rotation":{"origin":[17.5,4.75,22.75],"angle":22.5,"axis":"x"},"from":[9.5,-0.25,13.75],"to":[10.5,7.75,15.75],"faces":{"east":{"uv":[3.75,7,3.25,9],"texture":"#main"},"south":{"uv":[7.5,7.75,7.25,9.75],"texture":"#main"},"north":{"uv":[1,7.75,0.75,9.75],"texture":"#main"},"west":{"uv":[3.25,7,2.75,9],"texture":"#main"},"up":{"uv":[3.25,5.75,3.5,5.25],"texture":"#main"},"down":{"uv":[1.75,6,2,6.5],"texture":"#main"}}},{"rotation":{"origin":[-1.5,14.28041,6.48145],"angle":45,"axis":"x"},"from":[5,5.28041,11.23145],"to":[7,8.28041,15.23145],"faces":{"east":{"uv":[3.75,7,4.75,7.75],"texture":"#main"},"south":{"uv":[7.5,8.5,8,9.25],"texture":"#main"},"north":{"uv":[6.75,8.5,7.25,9.25],"texture":"#main"},"west":{"uv":[6.5,7,7.5,7.75],"texture":"#main"},"up":{"uv":[5.75,9.25,5.25,8.25],"texture":"#main"},"down":{"uv":[6.25,8.25,5.75,9.25],"texture":"#main"}}},{"rotation":{"origin":[17.5,14.28041,6.48145],"angle":45,"axis":"x"},"from":[9,5.28041,11.23145],"to":[11,8.28041,15.23145],"faces":{"east":{"uv":[7.5,7,6.5,7.75],"texture":"#main"},"south":{"uv":[8,8.5,7.5,9.25],"texture":"#main"},"north":{"uv":[7.25,8.5,6.75,9.25],"texture":"#main"},"west":{"uv":[4.75,7,3.75,7.75],"texture":"#main"},"up":{"uv":[5.25,9.25,5.75,8.25],"texture":"#main"},"down":{"uv":[5.75,8.25,6.25,9.25],"texture":"#main"}}},{"rotation":{"origin":[-1.5,14.23063,17.62079],"angle":-22.5,"axis":"x"},"from":[5,5.48063,8.62079],"to":[7,9.48063,11.62079],"faces":{"east":{"uv":[7,2.5,7.75,3.5],"texture":"#main"},"south":{"uv":[8.25,1.5,8.75,2.5],"texture":"#main"},"north":{"uv":[8.25,8.25,8.75,9.25],"texture":"#main"},"west":{"uv":[7.5,7.5,8.25,8.5],"texture":"#main"},"up":{"uv":[9.25,9.5,8.75,8.75],"texture":"#main"},"down":{"uv":[9.25,1.5,8.75,2.25],"texture":"#main"}}},{"rotation":{"origin":[17.5,14.23063,17.62079],"angle":-22.5,"axis":"x"},"from":[9,5.48063,8.62079],"to":[11,9.48063,11.62079],"faces":{"east":{"uv":[8.25,7.5,7.5,8.5],"texture":"#main"},"south":{"uv":[8.75,1.5,8.25,2.5],"texture":"#main"},"north":{"uv":[8.75,8.25,8.25,9.25],"texture":"#main"},"west":{"uv":[7.75,2.5,7,3.5],"texture":"#main"},"up":{"uv":[8.75,9.5,9.25,8.75],"texture":"#main"},"down":{"uv":[8.75,1.5,9.25,2.25],"texture":"#main"}}},{"rotation":{"origin":[15,12,17],"angle":0,"axis":"y"},"from":[6,4,2],"to":[10,6,16],"faces":{"east":{"uv":[5,4.5,8.5,5],"texture":"#main"},"south":{"uv":[8.25,3,9.25,3.5],"texture":"#main"},"north":{"uv":[8.25,2.5,9.25,3],"texture":"#main"},"west":{"uv":[5.75,5,9.25,5.5],"texture":"#main"},"up":{"uv":[4.5,3.5,3.5,0],"texture":"#main"},"down":{"uv":[1,4.25,0,7.75],"texture":"#main"}}},{"rotation":{"origin":[15,20.91966,13.34922],"angle":22.5,"axis":"x"},"from":[7,5.91966,18.34922],"to":[9,15.91966,21.34922],"faces":{"east":{"uv":[5.75,5.75,6.5,8.25],"texture":"#main"},"south":{"uv":[2.25,7,2.75,9.5],"texture":"#main"},"north":{"uv":[1.75,7,2.25,9.5],"texture":"#main"},"west":{"uv":[5.75,0,6.5,2.5],"texture":"#main"},"up":{"uv":[9.25,7.75,8.75,7],"texture":"#main"},"down":{"uv":[9.25,7.75,8.75,8.5],"texture":"#main"}}},{"rotation":{"origin":[15,14,16],"angle":0,"axis":"y"},"from":[6,6,-2],"to":[10,8,15],"faces":{"east":{"uv":[5,3.5,9.25,4],"texture":"#main"},"south":{"uv":[8.25,6,9.25,6.5],"texture":"#main"},"north":{"uv":[8.25,5.5,9.25,6],"texture":"#main"},"west":{"uv":[5,4,9.25,4.5],"texture":"#main"},"up":{"uv":[1,4.25,0,0],"texture":"#main"},"down":{"uv":[2,1,1,5.25],"texture":"#main"}}},{"rotation":{"origin":[15,12,16],"angle":0,"axis":"y"},"from":[6,5,-2],"to":[10,6,2],"faces":{"east":{"uv":[8.75,8.5,9.75,8.75],"texture":"#main"},"south":{"uv":[4.5,9.25,5.5,9.5],"texture":"#main"},"north":{"uv":[8.75,2.25,9.75,2.5],"texture":"#main"},"west":{"uv":[5.5,9.25,6.5,9.5],"texture":"#main"},"up":{"uv":[7.5,2.5,6.5,1.5],"texture":"#main"},"down":{"uv":[7.5,5.5,6.5,6.5],"texture":"#main"}}},{"rotation":{"origin":[15,21,16],"angle":-22.5,"axis":"x"},"from":[6.5,13.5,-5],"to":[9.5,15.5,8],"faces":{"east":{"uv":[6.5,6.5,9.75,7],"texture":"#main"},"south":{"uv":[2.75,9,3.5,9.5],"texture":"#main"},"north":{"uv":[8.5,4.5,9.25,5],"texture":"#main"},"west":{"uv":[6.5,0,9.75,0.5],"texture":"#main"},"up":{"uv":[5.75,8.25,5,5],"texture":"#main"},"down":{"uv":[1.75,5.25,1,8.5],"texture":"#main"}}},{"rotation":{"origin":[8,10.84846,4.49208],"angle":-22.5,"axis":"x"},"from":[5.5,9.84846,-0.00792],"to":[10.5,11.84846,9.99208],"faces":{"east":{"uv":[6.5,0.5,9,1],"texture":"#main"},"south":{"uv":[3.75,7.75,5,8.25],"texture":"#main"},"north":{"uv":[7.5,7,8.75,7.5],"texture":"#main"},"west":{"uv":[6.5,1,9,1.5],"texture":"#main"},"up":{"uv":[3.25,7,2,4.5],"texture":"#main"},"down":{"uv":[5.75,0,4.5,2.5],"texture":"#main"}}},{"rotation":{"origin":[13,15,16],"angle":0,"axis":"x"},"from":[5,7,3],"to":[11,11,13],"faces":{"east":{"uv":[1,0,3.5,1],"texture":"#main"},"south":{"uv":[3.25,6,4.75,7],"texture":"#main"},"north":{"uv":[2,1,3.5,2],"texture":"#main"},"west":{"uv":[4.5,2.5,7,3.5],"texture":"#main"},"up":{"uv":[3.5,4.5,2,2],"texture":"#main"},"down":{"uv":[5,3.5,3.5,6],"texture":"#main"}}},{"rotation":{"origin":[8,4.00422,2.03347],"angle":45,"axis":"x"},"from":[6.5,2.00422,1.03347],"to":[9.5,6.00422,3.03347],"faces":{"east":{"uv":[0,8.5,0.5,9.5],"texture":"#main"},"south":{"uv":[7.5,5.5,8.25,6.5],"texture":"#main"},"north":{"uv":[7.5,1.5,8.25,2.5],"texture":"#main"},"west":{"uv":[1,8.5,1.5,9.5],"texture":"#main"},"up":{"uv":[9.75,1,9,0.5],"texture":"#main"},"down":{"uv":[9.75,1,9,1.5],"texture":"#main"}}},{"rotation":{"origin":[8,4.00422,2.03347],"angle":45,"axis":"x"},"from":[6.5,2.00422,0.03347],"to":[9.5,5.00422,1.03347],"faces":{"east":{"uv":[3.25,4.5,3.5,5.25],"texture":"#main"},"south":{"uv":[6.5,7.75,7.25,8.5],"texture":"#main"},"north":{"uv":[0,7.75,0.75,8.5],"texture":"#main"},"west":{"uv":[1.75,5.25,2,6],"texture":"#main"},"up":{"uv":[8.25,9.5,7.5,9.25],"texture":"#main"},"down":{"uv":[10,9.25,9.25,9.5],"texture":"#main"}}}],"display":{"head":{"translation":[0,-28.25,0],"scale":[1.86,1.86,1.86]}}}