{"parent":"physical_parent","textures":{"main":"pokemon/gengar"},"elements":[{"from":[3,5,2],"to":[13,15,12],"faces":{"north":{"uv":[0,0,2.5,2.5],"texture":"#main"},"east":{"uv":[2.75,0,5.25,2.5],"texture":"#main"},"south":{"uv":[5.5,0,8,2.5],"texture":"#main"},"west":{"uv":[2.75,0,5.25,2.5],"texture":"#main"},"up":{"uv":[2.75,0,5.25,2.5],"texture":"#main"},"down":{"uv":[8.25,0,10.75,2.5],"texture":"#main"}}},{"from":[2,14,7],"to":[14,20,7.1],"faces":{"north":{"uv":[0,6,3,7.5],"texture":"#main"},"south":{"uv":[3.25,6,6.25,7.5],"texture":"#main"}}},{"from":[2.5,6.75,4],"to":[7.5,9.75,8],"rotation":{"angle":22.5,"axis":"z","origin":[0,0,0]},"faces":{"north":{"uv":[3.75,4.25,4.75,5.5],"rotation":270,"texture":"#main"},"south":{"uv":[2.5,4.25,3.5,5.5],"rotation":90,"texture":"#main"},"west":{"uv":[2.5,2.75,3.5,3.75],"rotation":90,"texture":"#main"},"up":{"uv":[1.25,4.25,2.25,5.5],"rotation":270,"texture":"#main"},"down":{"uv":[0,4.25,1,5.5],"rotation":270,"texture":"#main"}}},{"from":[7.5,12.75,4],"to":[12.5,15.75,8],"rotation":{"angle":-22.5,"axis":"z","origin":[0,0,0]},"faces":{"north":{"uv":[2.5,4.25,3.5,5.5],"rotation":90,"texture":"#main"},"east":{"uv":[3.75,2.75,4.75,3.75],"rotation":270,"texture":"#main"},"south":{"uv":[3.75,4.25,4.75,5.5],"rotation":270,"texture":"#main"},"up":{"uv":[1.25,4.25,2.25,5.5],"rotation":270,"texture":"#main"},"down":{"uv":[0,4.25,1,5.5],"rotation":270,"texture":"#main"}}},{"from":[3,1,5],"to":[7,5,9],"faces":{"north":{"uv":[3.75,2.75,4.75,3.75],"texture":"#main"},"east":{"uv":[1.25,2.75,2.25,3.75],"texture":"#main"},"south":{"uv":[0,2.75,1,3.75],"texture":"#main"},"west":{"uv":[1.25,2.75,2.25,3.75],"texture":"#main"},"up":{"uv":[3.75,2.75,4.75,3.75],"texture":"#main"},"down":{"uv":[2.5,2.75,3.5,3.75],"texture":"#main"}}},{"from":[6,-5.75,12.75],"to":[10,-3.75,12.85],"rotation":{"angle":-45,"axis":"x","origin":[0,0,0]},"faces":{"north":{"uv":[9,1.75,10,2.5],"rotation":180,"texture":"#main"},"south":{"uv":[9,1.75,10,2.5],"rotation":180,"texture":"#main"}}},{"from":[7,-7.75,12.75],"to":[9,-5.75,12.85],"rotation":{"angle":-45,"axis":"x","origin":[0,0,0]},"faces":{"north":{"uv":[9,1.75,10,2.5],"rotation":180,"texture":"#main"},"south":{"uv":[9,1.75,10,2.5],"rotation":180,"texture":"#main"}}},{"from":[9,1,5],"to":[13,5,9],"faces":{"north":{"uv":[2.5,2.75,3.5,3.75],"texture":"#main"},"east":{"uv":[1.25,2.75,2.25,3.75],"texture":"#main"},"south":{"uv":[0,2.75,1,3.75],"rotation":180,"texture":"#main"},"west":{"uv":[1.25,2.75,2.25,3.75],"texture":"#main"},"up":{"uv":[3.75,2.75,4.75,3.75],"texture":"#main"},"down":{"uv":[3.75,2.75,4.75,3.75],"texture":"#main"}}}],"display":{"thirdperson_lefthand":{"scale":[0.0001,0.0001,0.0001]},"firstperson_righthand":{"scale":[0.0001,0.0001,0.0001]},"firstperson_lefthand":{"scale":[0.0001,0.0001,0.0001]},"head":{"translation":[0,-26,0],"scale":[2.7,2.7,2.7]}}}