{"credit":"Made with Blockbench","texture_size":[64,64],"textures":{"main":"pokemon/hippopotas"},"elements":[{"from":[4,4,4],"to":[12,11,14],"rotation":{"angle":0,"axis":"y","origin":[9,0,0]},"faces":{"north":{"uv":[2.5,2.5,4.5,4.25],"texture":"#main"},"east":{"uv":[0,2.5,2.5,4.25],"texture":"#main"},"south":{"uv":[7,2.5,9,4.25],"texture":"#main"},"west":{"uv":[4.5,2.5,7,4.25],"texture":"#main"},"up":{"uv":[4.5,2.5,2.5,0],"texture":"#main"},"down":{"uv":[6.5,0,4.5,2.5],"texture":"#main"}}},{"from":[6.5,11,9],"to":[9.5,12,12],"rotation":{"angle":0,"axis":"y","origin":[9.5,0,0]},"faces":{"north":{"uv":[7.25,2,8,2.25],"texture":"#main"},"east":{"uv":[6.5,2,7.25,2.25],"texture":"#main"},"south":{"uv":[8.75,2,9.5,2.25],"texture":"#main"},"west":{"uv":[8,2,8.75,2.25],"texture":"#main"},"up":{"uv":[8,2,7.25,1.25],"texture":"#main"},"down":{"uv":[8.75,1.25,8,2],"texture":"#main"}}},{"from":[10.3,0.05,4.55],"to":[12.7,5.45,6.95],"rotation":{"angle":0,"axis":"y","origin":[9,0,0]},"faces":{"north":{"uv":[1.5,8.25,2,9.5],"texture":"#main"},"east":{"uv":[1,8.25,1.5,9.5],"texture":"#main"},"south":{"uv":[2.5,8.25,3,9.5],"texture":"#main"},"west":{"uv":[2,8.25,2.5,9.5],"texture":"#main"},"up":{"uv":[2,8.25,1.5,7.75],"texture":"#main"},"down":{"uv":[2.5,7.75,2,8.25],"texture":"#main"}}},{"from":[3.3,0.05,4.55],"to":[5.7,5.45,6.95],"rotation":{"angle":0,"axis":"y","origin":[7,0,0]},"faces":{"north":{"uv":[0.5,0.5,1,1.75],"texture":"#main"},"east":{"uv":[0,0.5,0.5,1.75],"texture":"#main"},"south":{"uv":[1.5,0.5,2,1.75],"texture":"#main"},"west":{"uv":[1,0.5,1.5,1.75],"texture":"#main"},"up":{"uv":[1,0.5,0.5,0],"texture":"#main"},"down":{"uv":[1.5,0,1,0.5],"texture":"#main"}}},{"from":[3.3,0.05,10.55],"to":[5.7,5.45,12.95],"rotation":{"angle":0,"axis":"y","origin":[7,0,0]},"faces":{"north":{"uv":[0.5,0.5,1,1.75],"texture":"#main"},"east":{"uv":[0,0.5,0.5,1.75],"texture":"#main"},"south":{"uv":[1.5,0.5,2,1.75],"texture":"#main"},"west":{"uv":[1,0.5,1.5,1.75],"texture":"#main"},"up":{"uv":[1,0.5,0.5,0],"texture":"#main"},"down":{"uv":[1.5,0,1,0.5],"texture":"#main"}}},{"from":[10.3,0.05,10.55],"to":[12.7,5.45,12.95],"rotation":{"angle":0,"axis":"y","origin":[9,0,0]},"faces":{"north":{"uv":[1.5,8.25,2,9.5],"texture":"#main"},"east":{"uv":[1,8.25,1.5,9.5],"texture":"#main"},"south":{"uv":[2.5,8.25,3,9.5],"texture":"#main"},"west":{"uv":[2,8.25,2.5,9.5],"texture":"#main"},"up":{"uv":[2,8.25,1.5,7.75],"texture":"#main"},"down":{"uv":[2.5,7.75,2,8.25],"texture":"#main"}}},{"from":[3.5,6,-3],"to":[12.5,12,5],"rotation":{"angle":0,"axis":"y","origin":[9.5,0,0]},"faces":{"north":{"uv":[2,6.25,4.25,7.75],"texture":"#main"},"east":{"uv":[0,6.25,2,7.75],"texture":"#main"},"south":{"uv":[6.25,6.25,8.5,7.75],"texture":"#main"},"west":{"uv":[4.25,6.25,6.25,7.75],"texture":"#main"},"up":{"uv":[4.25,6.25,2,4.25],"texture":"#main"},"down":{"uv":[6.5,4.25,4.25,6.25],"texture":"#main"}}},{"from":[3,8,-4],"to":[6,11,-2],"rotation":{"angle":0,"axis":"y","origin":[9,0,0]},"faces":{"north":{"uv":[6,8.25,6.75,9],"texture":"#main"},"east":{"uv":[5.5,8.25,6,9],"texture":"#main"},"south":{"uv":[7.25,8.25,8,9],"texture":"#main"},"west":{"uv":[6.75,8.25,7.25,9],"texture":"#main"},"up":{"uv":[6.75,8.25,6,7.75],"texture":"#main"},"down":{"uv":[7.5,7.75,6.75,8.25],"texture":"#main"}}},{"from":[10,8,-4],"to":[13,11,-2],"rotation":{"angle":0,"axis":"y","origin":[7,0,0]},"faces":{"north":{"uv":[3.5,8.25,4.25,9],"texture":"#main"},"east":{"uv":[3,8.25,3.5,9],"texture":"#main"},"south":{"uv":[4.75,8.25,5.5,9],"texture":"#main"},"west":{"uv":[4.25,8.25,4.75,9],"texture":"#main"},"up":{"uv":[4.25,8.25,3.5,7.75],"texture":"#main"},"down":{"uv":[5,7.75,4.25,8.25],"texture":"#main"}}},{"from":[5,12,3],"to":[11,15,5],"rotation":{"angle":0,"axis":"y","origin":[9,0,0]},"faces":{"north":{"uv":[7,0.5,8.5,1.25],"texture":"#main"},"east":{"uv":[6.5,0.5,7,1.25],"texture":"#main"},"south":{"uv":[9,0.5,10.5,1.25],"texture":"#main"},"west":{"uv":[8.5,0.5,9,1.25],"texture":"#main"},"up":{"uv":[8.5,0.5,7,0],"texture":"#main"},"down":{"uv":[10,0,8.5,0.5],"texture":"#main"}}}],"display":{"head":{"translation":[0,-33.5,0],"scale":[1.2,1.2,1.2]}},"groups":[{"name":"root","origin":[0,0,0],"color":0,"children":[0,1,2,3,4,5,6,7,8,9]}]}