{"credit":"Made with Blockbench","texture_size":[128,128],"textures":{"main":"pokemon/hoopa-unbound"},"elements":[{"from":[8.13695,2.71331,6.49791],"to":[9.86495,5.30531,11.68191],"rotation":{"angle":0,"axis":"y","origin":[9.00095,-0.74269,8.22591]},"faces":{"north":{"uv":[8.75,10.625,9.375,11.5],"texture":"#main"},"east":{"uv":[4,7,5.75,7.875],"texture":"#main"},"south":{"uv":[11.125,6.625,11.75,7.5],"texture":"#main"},"west":{"uv":[5.75,7.25,7.5,8.125],"texture":"#main"},"up":{"uv":[6.375,10.875,5.75,9.125],"texture":"#main"},"down":{"uv":[1.625,9.25,1,11],"texture":"#main"}}},{"from":[8.17295,3.07331,11.17791],"to":[9.81995,5.30531,16.36191],"rotation":{"angle":-22.5,"axis":"x","origin":[9.00095,4.00931,11.51991]},"faces":{"north":{"uv":[11.375,1.375,12,2.125],"texture":"#main"},"east":{"uv":[8.25,2.375,10,3.125],"texture":"#main"},"south":{"uv":[9.375,11.375,10,12.125],"texture":"#main"},"west":{"uv":[8.25,3.125,10,3.875],"texture":"#main"},"up":{"uv":[2.25,11,1.625,9.25],"texture":"#main"},"down":{"uv":[2.875,9.375,2.25,11.125],"texture":"#main"}}},{"from":[8.31695,5.55707,15.48299],"to":[9.68495,7.06907,20.66699],"rotation":{"angle":0,"axis":"y","origin":[9.00095,6.79907,18.25499]},"faces":{"north":{"uv":[7.75,3.5,8.25,4],"texture":"#main"},"east":{"uv":[9.625,1.375,11.375,1.875],"texture":"#main"},"south":{"uv":[0.5,10.5,1,11],"texture":"#main"},"west":{"uv":[9.625,1.875,11.375,2.375],"texture":"#main"},"up":{"uv":[8.5,10.5,8,8.75],"texture":"#main"},"down":{"uv":[5,9.375,4.5,11.125],"texture":"#main"}}},{"from":[8.96495,5.55707,18.36299],"to":[8.96495,8.86907,27.86699],"rotation":{"angle":0,"axis":"y","origin":[9.00095,6.79907,18.25499]},"faces":{"north":{"uv":[0,0,0,1.125],"texture":"#main"},"east":{"uv":[3.5,0,6.75,1.125],"texture":"#main"},"south":{"uv":[0,0,0,1.125],"texture":"#main"},"west":{"uv":[3.5,1.125,6.75,2.25],"texture":"#main"},"up":{"uv":[0,3.25,0,0],"texture":"#main"},"down":{"uv":[0,0,0,3.25],"texture":"#main"}}},{"from":[-1.83469,1.35989,6.49791],"to":[0.32531,3.51989,10.81791],"rotation":{"angle":22.5,"axis":"z","origin":[2.19131,1.43989,10.27791]},"faces":{"north":{"uv":[11,5.125,11.75,5.875],"texture":"#main"},"east":{"uv":[9,0,10.5,0.75],"texture":"#main"},"south":{"uv":[2,11.125,2.75,11.875],"texture":"#main"},"west":{"uv":[9.125,3.875,10.625,4.625],"texture":"#main"},"up":{"uv":[8,10.25,7.25,8.75],"texture":"#main"},"down":{"uv":[5.75,9.125,5,10.625],"texture":"#main"}}},{"from":[-1.94269,1.25189,7.79391],"to":[0.43331,3.62789,8.22591],"rotation":{"angle":22.5,"axis":"z","origin":[2.19131,1.43989,10.27791]},"faces":{"north":{"uv":[10.875,9.875,11.75,10.75],"texture":"#main"},"east":{"uv":[3.5,12,3.625,12.875],"texture":"#main"},"south":{"uv":[10.875,10.75,11.75,11.625],"texture":"#main"},"west":{"uv":[3.625,12,3.75,12.875],"texture":"#main"},"up":{"uv":[12.625,5.75,11.75,5.625],"texture":"#main"},"down":{"uv":[12.625,5.75,11.75,5.875],"texture":"#main"}}},{"from":[-2.15869,1.14389,10.81791],"to":[0.43331,3.73589,11.24991],"rotation":{"angle":22.5,"axis":"z","origin":[2.19131,1.43989,10.27791]},"faces":{"north":{"uv":[10.875,8.125,11.75,9],"texture":"#main"},"east":{"uv":[6.625,4,6.75,4.875],"texture":"#main"},"south":{"uv":[10.875,9,11.75,9.875],"texture":"#main"},"west":{"uv":[2.625,11.875,2.75,12.75],"texture":"#main"},"up":{"uv":[10,5.375,9.125,5.25],"texture":"#main"},"down":{"uv":[12.625,3.125,11.75,3.25],"texture":"#main"}}},{"from":[-1.72669,1.57589,11.24991],"to":[0.00131,3.30389,12.11391],"rotation":{"angle":22.5,"axis":"z","origin":[2.19131,1.43989,10.27791]},"faces":{"north":{"uv":[2.75,6.375,3.375,7],"texture":"#main"},"east":{"uv":[8,1.375,8.25,2],"texture":"#main"},"south":{"uv":[10,3.25,10.625,3.875],"texture":"#main"},"west":{"uv":[7.25,8.125,7.5,8.75],"texture":"#main"},"up":{"uv":[6.375,7.25,5.75,7],"texture":"#main"},"down":{"uv":[5.625,7.875,5,8.125],"texture":"#main"}}},{"from":[-1.40269,1.89989,12.11391],"to":[-0.32269,2.97989,12.97791],"rotation":{"angle":22.5,"axis":"z","origin":[2.19131,1.43989,10.27791]},"faces":{"north":{"uv":[5.5,11.875,5.875,12.25],"texture":"#main"},"east":{"uv":[8.25,6.875,8.5,7.25],"texture":"#main"},"south":{"uv":[12,1.75,12.375,2.125],"texture":"#main"},"west":{"uv":[10.125,9.125,10.375,9.5],"texture":"#main"},"up":{"uv":[6.75,5.25,6.375,5],"texture":"#main"},"down":{"uv":[6.75,7,6.375,7.25],"texture":"#main"}}},{"from":[16.83294,0.51213,6.49791],"to":[18.99294,2.67213,10.81791],"rotation":{"angle":-22.5,"axis":"z","origin":[17.96694,0.59213,10.27791]},"faces":{"north":{"uv":[11.75,5.125,11,5.875],"texture":"#main"},"east":{"uv":[10.625,3.875,9.125,4.625],"texture":"#main"},"south":{"uv":[2.75,11.125,2,11.875],"texture":"#main"},"west":{"uv":[10.5,0,9,0.75],"texture":"#main"},"up":{"uv":[7.25,10.25,8,8.75],"texture":"#main"},"down":{"uv":[5,9.125,5.75,10.625],"texture":"#main"}}},{"from":[16.72494,0.40413,7.79391],"to":[19.10094,2.78013,8.22591],"rotation":{"angle":-22.5,"axis":"z","origin":[17.96694,0.59213,10.27791]},"faces":{"north":{"uv":[11.75,9.875,10.875,10.75],"texture":"#main"},"east":{"uv":[3.75,12,3.625,12.875],"texture":"#main"},"south":{"uv":[11.75,10.75,10.875,11.625],"texture":"#main"},"west":{"uv":[3.625,12,3.5,12.875],"texture":"#main"},"up":{"uv":[11.75,5.75,12.625,5.625],"texture":"#main"},"down":{"uv":[11.75,5.75,12.625,5.875],"texture":"#main"}}},{"from":[16.72494,0.29613,10.81791],"to":[19.31694,2.88813,11.24991],"rotation":{"angle":-22.5,"axis":"z","origin":[17.96694,0.59213,10.27791]},"faces":{"north":{"uv":[11.75,8.125,10.875,9],"texture":"#main"},"east":{"uv":[2.75,11.875,2.625,12.75],"texture":"#main"},"south":{"uv":[11.75,9,10.875,9.875],"texture":"#main"},"west":{"uv":[6.75,4,6.625,4.875],"texture":"#main"},"up":{"uv":[9.125,5.375,10,5.25],"texture":"#main"},"down":{"uv":[11.75,3.125,12.625,3.25],"texture":"#main"}}},{"from":[17.15694,0.72813,11.24991],"to":[18.88494,2.45613,12.11391],"rotation":{"angle":-22.5,"axis":"z","origin":[17.96694,0.59213,10.27791]},"faces":{"north":{"uv":[3.375,6.375,2.75,7],"texture":"#main"},"east":{"uv":[7.5,8.125,7.25,8.75],"texture":"#main"},"south":{"uv":[10.625,3.25,10,3.875],"texture":"#main"},"west":{"uv":[8.25,1.375,8,2],"texture":"#main"},"up":{"uv":[5.75,7.25,6.375,7],"texture":"#main"},"down":{"uv":[5,7.875,5.625,8.125],"texture":"#main"}}},{"from":[17.48094,1.05213,12.11391],"to":[18.56094,2.13213,12.97791],"rotation":{"angle":-22.5,"axis":"z","origin":[17.96694,0.59213,10.27791]},"faces":{"north":{"uv":[5.875,11.875,5.5,12.25],"texture":"#main"},"east":{"uv":[10.375,9.125,10.125,9.5],"texture":"#main"},"south":{"uv":[12.375,1.75,12,2.125],"texture":"#main"},"west":{"uv":[8.5,6.875,8.25,7.25],"texture":"#main"},"up":{"uv":[6.375,5.25,6.75,5],"texture":"#main"},"down":{"uv":[6.375,7,6.75,7.25],"texture":"#main"}}},{"from":[4.37563,16.12884,7.49791],"to":[6.53563,18.28884,11.81791],"rotation":{"angle":-45,"axis":"z","origin":[2.40163,23.20884,11.27791]},"faces":{"north":{"uv":[11,5.125,11.75,5.875],"texture":"#main"},"east":{"uv":[9,0,10.5,0.75],"texture":"#main"},"south":{"uv":[2,11.125,2.75,11.875],"texture":"#main"},"west":{"uv":[9.125,3.875,10.625,4.625],"texture":"#main"},"up":{"uv":[8,10.25,7.25,8.75],"texture":"#main"},"down":{"uv":[5.75,9.125,5,10.625],"texture":"#main"}}},{"from":[4.26763,16.02084,8.79391],"to":[6.64363,18.39684,9.22591],"rotation":{"angle":-45,"axis":"z","origin":[2.40163,23.20884,11.27791]},"faces":{"north":{"uv":[10.875,9.875,11.75,10.75],"texture":"#main"},"east":{"uv":[3.5,12,3.625,12.875],"texture":"#main"},"south":{"uv":[10.875,10.75,11.75,11.625],"texture":"#main"},"west":{"uv":[3.625,12,3.75,12.875],"texture":"#main"},"up":{"uv":[12.625,5.75,11.75,5.625],"texture":"#main"},"down":{"uv":[12.625,5.75,11.75,5.875],"texture":"#main"}}},{"from":[4.05163,15.91284,11.81791],"to":[6.64363,18.50484,12.24991],"rotation":{"angle":-45,"axis":"z","origin":[2.40163,23.20884,11.27791]},"faces":{"north":{"uv":[10.875,8.125,11.75,9],"texture":"#main"},"east":{"uv":[6.625,4,6.75,4.875],"texture":"#main"},"south":{"uv":[10.875,9,11.75,9.875],"texture":"#main"},"west":{"uv":[2.625,11.875,2.75,12.75],"texture":"#main"},"up":{"uv":[10,5.375,9.125,5.25],"texture":"#main"},"down":{"uv":[12.625,3.125,11.75,3.25],"texture":"#main"}}},{"from":[4.48363,16.34484,12.24991],"to":[6.21163,18.07284,13.11391],"rotation":{"angle":-45,"axis":"z","origin":[2.40163,23.20884,11.27791]},"faces":{"north":{"uv":[2.75,6.375,3.375,7],"texture":"#main"},"east":{"uv":[8,1.375,8.25,2],"texture":"#main"},"south":{"uv":[10,3.25,10.625,3.875],"texture":"#main"},"west":{"uv":[7.25,8.125,7.5,8.75],"texture":"#main"},"up":{"uv":[6.375,7.25,5.75,7],"texture":"#main"},"down":{"uv":[5.625,7.875,5,8.125],"texture":"#main"}}},{"from":[4.80763,16.66884,13.11391],"to":[5.88763,17.74884,13.97791],"rotation":{"angle":-45,"axis":"z","origin":[2.40163,23.20884,11.27791]},"faces":{"north":{"uv":[5.5,11.875,5.875,12.25],"texture":"#main"},"east":{"uv":[8.25,6.875,8.5,7.25],"texture":"#main"},"south":{"uv":[12,1.75,12.375,2.125],"texture":"#main"},"west":{"uv":[10.125,9.125,10.375,9.5],"texture":"#main"},"up":{"uv":[6.75,5.25,6.375,5],"texture":"#main"},"down":{"uv":[6.75,7,6.375,7.25],"texture":"#main"}}},{"from":[15.91826,15.8862,6.49791],"to":[18.07826,18.0462,10.81791],"rotation":{"angle":45,"axis":"z","origin":[17.05226,17.9662,10.27791]},"faces":{"north":{"uv":[11.75,5.125,11,5.875],"texture":"#main"},"east":{"uv":[10.625,3.875,9.125,4.625],"texture":"#main"},"south":{"uv":[2.75,11.125,2,11.875],"texture":"#main"},"west":{"uv":[10.5,0,9,0.75],"texture":"#main"},"up":{"uv":[7.25,10.25,8,8.75],"texture":"#main"},"down":{"uv":[5,9.125,5.75,10.625],"texture":"#main"}}},{"from":[15.81026,15.7782,7.79391],"to":[18.18626,18.1542,8.22591],"rotation":{"angle":45,"axis":"z","origin":[17.05226,17.9662,10.27791]},"faces":{"north":{"uv":[11.75,9.875,10.875,10.75],"texture":"#main"},"east":{"uv":[3.75,12,3.625,12.875],"texture":"#main"},"south":{"uv":[11.75,10.75,10.875,11.625],"texture":"#main"},"west":{"uv":[3.625,12,3.5,12.875],"texture":"#main"},"up":{"uv":[11.75,5.75,12.625,5.625],"texture":"#main"},"down":{"uv":[11.75,5.75,12.625,5.875],"texture":"#main"}}},{"from":[15.81026,15.6702,10.81791],"to":[18.40226,18.2622,11.24991],"rotation":{"angle":45,"axis":"z","origin":[17.05226,17.9662,10.27791]},"faces":{"north":{"uv":[11.75,8.125,10.875,9],"texture":"#main"},"east":{"uv":[2.75,11.875,2.625,12.75],"texture":"#main"},"south":{"uv":[11.75,9,10.875,9.875],"texture":"#main"},"west":{"uv":[6.75,4,6.625,4.875],"texture":"#main"},"up":{"uv":[9.125,5.375,10,5.25],"texture":"#main"},"down":{"uv":[11.75,3.125,12.625,3.25],"texture":"#main"}}},{"from":[16.24226,16.1022,11.24991],"to":[17.97026,17.8302,12.11391],"rotation":{"angle":45,"axis":"z","origin":[17.05226,17.9662,10.27791]},"faces":{"north":{"uv":[3.375,6.375,2.75,7],"texture":"#main"},"east":{"uv":[7.5,8.125,7.25,8.75],"texture":"#main"},"south":{"uv":[10.625,3.25,10,3.875],"texture":"#main"},"west":{"uv":[8.25,1.375,8,2],"texture":"#main"},"up":{"uv":[5.75,7.25,6.375,7],"texture":"#main"},"down":{"uv":[5,7.875,5.625,8.125],"texture":"#main"}}},{"from":[16.56626,16.4262,12.11391],"to":[17.64626,17.5062,12.97791],"rotation":{"angle":45,"axis":"z","origin":[17.05226,17.9662,10.27791]},"faces":{"north":{"uv":[5.875,11.875,5.5,12.25],"texture":"#main"},"east":{"uv":[10.375,9.125,10.125,9.5],"texture":"#main"},"south":{"uv":[12.375,1.75,12,2.125],"texture":"#main"},"west":{"uv":[8.5,6.875,8.25,7.25],"texture":"#main"},"up":{"uv":[6.375,5.25,6.75,5],"texture":"#main"},"down":{"uv":[6.375,7,6.75,7.25],"texture":"#main"}}},{"from":[-1.65917,7.39331,6.88059],"to":[0.50083,9.55331,11.20059],"rotation":{"angle":0,"axis":"y","origin":[-9.28705,3.93731,1.22591]},"faces":{"north":{"uv":[11,5.125,11.75,5.875],"texture":"#main"},"east":{"uv":[9,0,10.5,0.75],"texture":"#main"},"south":{"uv":[2,11.125,2.75,11.875],"texture":"#main"},"west":{"uv":[9.125,3.875,10.625,4.625],"texture":"#main"},"up":{"uv":[8,10.25,7.25,8.75],"texture":"#main"},"down":{"uv":[5.75,9.125,5,10.625],"texture":"#main"}}},{"from":[-1.76717,7.28531,8.17659],"to":[0.60883,9.66131,8.60859],"rotation":{"angle":0,"axis":"y","origin":[-9.17905,3.72131,2.52191]},"faces":{"north":{"uv":[10.875,9.875,11.75,10.75],"texture":"#main"},"east":{"uv":[3.5,12,3.625,12.875],"texture":"#main"},"south":{"uv":[10.875,10.75,11.75,11.625],"texture":"#main"},"west":{"uv":[3.625,12,3.75,12.875],"texture":"#main"},"up":{"uv":[12.625,5.75,11.75,5.625],"texture":"#main"},"down":{"uv":[12.625,5.75,11.75,5.875],"texture":"#main"}}},{"from":[-1.98317,7.17731,11.20059],"to":[0.60883,9.76931,11.63259],"rotation":{"angle":0,"axis":"y","origin":[-9.17905,3.72131,5.54591]},"faces":{"north":{"uv":[10.875,8.125,11.75,9],"texture":"#main"},"east":{"uv":[6.625,4,6.75,4.875],"texture":"#main"},"south":{"uv":[10.875,9,11.75,9.875],"texture":"#main"},"west":{"uv":[2.625,11.875,2.75,12.75],"texture":"#main"},"up":{"uv":[10,5.375,9.125,5.25],"texture":"#main"},"down":{"uv":[12.625,3.125,11.75,3.25],"texture":"#main"}}},{"from":[-1.55117,7.60931,11.63259],"to":[0.17683,9.33731,12.49659],"rotation":{"angle":0,"axis":"y","origin":[-9.17905,3.72131,5.97791]},"faces":{"north":{"uv":[2.75,6.375,3.375,7],"texture":"#main"},"east":{"uv":[8,1.375,8.25,2],"texture":"#main"},"south":{"uv":[10,3.25,10.625,3.875],"texture":"#main"},"west":{"uv":[7.25,8.125,7.5,8.75],"texture":"#main"},"up":{"uv":[6.375,7.25,5.75,7],"texture":"#main"},"down":{"uv":[5.625,7.875,5,8.125],"texture":"#main"}}},{"from":[-1.22717,7.93331,12.49659],"to":[-0.14717,9.01331,13.36059],"rotation":{"angle":0,"axis":"y","origin":[-8.96305,3.93731,6.84191]},"faces":{"north":{"uv":[5.5,11.875,5.875,12.25],"texture":"#main"},"east":{"uv":[8.25,6.875,8.5,7.25],"texture":"#main"},"south":{"uv":[12,1.75,12.375,2.125],"texture":"#main"},"west":{"uv":[10.125,9.125,10.375,9.5],"texture":"#main"},"up":{"uv":[6.75,5.25,6.375,5],"texture":"#main"},"down":{"uv":[6.75,7,6.375,7.25],"texture":"#main"}}},{"from":[17.93503,7.39331,6.11523],"to":[20.09503,9.55331,10.43523],"rotation":{"angle":0,"axis":"y","origin":[9.87516,3.93731,1.22591]},"faces":{"north":{"uv":[11.75,5.125,11,5.875],"texture":"#main"},"east":{"uv":[10.625,3.875,9.125,4.625],"texture":"#main"},"south":{"uv":[2.75,11.125,2,11.875],"texture":"#main"},"west":{"uv":[10.5,0,9,0.75],"texture":"#main"},"up":{"uv":[7.25,10.25,8,8.75],"texture":"#main"},"down":{"uv":[5,9.125,5.75,10.625],"texture":"#main"}}},{"from":[17.82703,7.28531,7.41123],"to":[20.20303,9.66131,7.84323],"rotation":{"angle":0,"axis":"y","origin":[9.76716,3.72131,2.52191]},"faces":{"north":{"uv":[11.75,9.875,10.875,10.75],"texture":"#main"},"east":{"uv":[3.75,12,3.625,12.875],"texture":"#main"},"south":{"uv":[11.75,10.75,10.875,11.625],"texture":"#main"},"west":{"uv":[3.625,12,3.5,12.875],"texture":"#main"},"up":{"uv":[11.75,5.75,12.625,5.625],"texture":"#main"},"down":{"uv":[11.75,5.75,12.625,5.875],"texture":"#main"}}},{"from":[17.82703,7.17731,10.43523],"to":[20.41903,9.76931,10.86723],"rotation":{"angle":0,"axis":"y","origin":[9.76716,3.72131,5.54591]},"faces":{"north":{"uv":[11.75,8.125,10.875,9],"texture":"#main"},"east":{"uv":[2.75,11.875,2.625,12.75],"texture":"#main"},"south":{"uv":[11.75,9,10.875,9.875],"texture":"#main"},"west":{"uv":[6.75,4,6.625,4.875],"texture":"#main"},"up":{"uv":[9.125,5.375,10,5.25],"texture":"#main"},"down":{"uv":[11.75,3.125,12.625,3.25],"texture":"#main"}}},{"from":[18.25903,7.60931,10.86723],"to":[19.98703,9.33731,11.73123],"rotation":{"angle":0,"axis":"y","origin":[9.76716,3.72131,5.97791]},"faces":{"north":{"uv":[3.375,6.375,2.75,7],"texture":"#main"},"east":{"uv":[7.5,8.125,7.25,8.75],"texture":"#main"},"south":{"uv":[10.625,3.25,10,3.875],"texture":"#main"},"west":{"uv":[8.25,1.375,8,2],"texture":"#main"},"up":{"uv":[5.75,7.25,6.375,7],"texture":"#main"},"down":{"uv":[5,7.875,5.625,8.125],"texture":"#main"}}},{"from":[18.58303,7.93331,11.73123],"to":[19.66303,9.01331,12.59523],"rotation":{"angle":0,"axis":"y","origin":[9.55116,3.93731,6.84191]},"faces":{"north":{"uv":[5.875,11.875,5.5,12.25],"texture":"#main"},"east":{"uv":[10.375,9.125,10.125,9.5],"texture":"#main"},"south":{"uv":[12.375,1.75,12,2.125],"texture":"#main"},"west":{"uv":[8.5,6.875,8.25,7.25],"texture":"#main"},"up":{"uv":[6.375,5.25,6.75,5],"texture":"#main"},"down":{"uv":[6.375,7,6.75,7.25],"texture":"#main"}}},{"from":[6.84095,5.30531,6.49791],"to":[11.16095,10.05731,11.68191],"rotation":{"angle":0,"axis":"y","origin":[9.00095,-0.74269,8.22591]},"faces":{"north":{"uv":[6.75,4,8.25,5.625],"texture":"#main"},"east":{"uv":[0,4.75,1.75,6.375],"texture":"#main"},"south":{"uv":[6.75,5.625,8.25,7.25],"texture":"#main"},"west":{"uv":[1.75,4.75,3.5,6.375],"texture":"#main"},"up":{"uv":[7,4,5.5,2.25],"texture":"#main"},"down":{"uv":[1.5,6.375,0,8.125],"texture":"#main"}}},{"from":[7.48895,10.05731,3.90591],"to":[10.51295,12.64931,7.79391],"rotation":{"angle":0,"axis":"y","origin":[8.78495,4.00931,5.63391]},"faces":{"north":{"uv":[10,2.375,11,3.25],"texture":"#main"},"east":{"uv":[1,8.375,2.375,9.25],"texture":"#main"},"south":{"uv":[10,5.25,11,6.125],"texture":"#main"},"west":{"uv":[2.375,8.5,3.75,9.375],"texture":"#main"},"up":{"uv":[9,1.375,8,0],"texture":"#main"},"down":{"uv":[1,8.125,0,9.5],"texture":"#main"}}},{"from":[5.32895,11.13731,6.06591],"to":[7.48895,12.43331,7.36191],"rotation":{"angle":0,"axis":"y","origin":[5.76095,5.08931,5.20191]},"faces":{"north":{"uv":[7,3.5,7.75,4],"texture":"#main"},"east":{"uv":[11.75,4.125,12.25,4.625],"texture":"#main"},"south":{"uv":[11.5,6.125,12.25,6.625],"texture":"#main"},"west":{"uv":[4.5,11.75,5,12.25],"texture":"#main"},"up":{"uv":[3.5,12.125,2.75,11.625],"texture":"#main"},"down":{"uv":[12.375,3.25,11.625,3.75],"texture":"#main"}}},{"from":[7.16495,10.92131,5.84991],"to":[7.48895,12.64931,7.57791],"rotation":{"angle":0,"axis":"y","origin":[5.76095,4.87331,5.41791]},"faces":{"north":{"uv":[3.375,6.375,3.5,7],"texture":"#main"},"east":{"uv":[7.75,11.5,8.375,12.125],"texture":"#main"},"south":{"uv":[3.75,12,3.875,12.625],"texture":"#main"},"west":{"uv":[8.375,11.5,9,12.125],"texture":"#main"},"up":{"uv":[4,12.625,3.875,12],"texture":"#main"},"down":{"uv":[4.125,12,4,12.625],"texture":"#main"}}},{"from":[5.86895,11.02931,5.95791],"to":[6.19295,12.54131,7.46991],"rotation":{"angle":0,"axis":"y","origin":[4.46495,4.98131,5.41791]},"faces":{"north":{"uv":[2.75,11.125,2.875,11.625],"texture":"#main"},"east":{"uv":[11.75,4.625,12.25,5.125],"texture":"#main"},"south":{"uv":[4.125,12,4.25,12.5],"texture":"#main"},"west":{"uv":[11.75,5.125,12.25,5.625],"texture":"#main"},"up":{"uv":[4.375,12.5,4.25,12],"texture":"#main"},"down":{"uv":[4.5,12,4.375,12.5],"texture":"#main"}}},{"from":[3.16895,11.13731,6.71391],"to":[5.76095,14.59331,6.71391],"rotation":{"angle":0,"axis":"y","origin":[3.60095,5.08931,4.55391]},"faces":{"north":{"uv":[5.5,4,6.375,5.25],"texture":"#main"},"east":{"uv":[0,0,0,1.25],"texture":"#main"},"south":{"uv":[2.875,9.375,3.75,10.625],"texture":"#main"},"west":{"uv":[0,0,0,1.25],"texture":"#main"},"up":{"uv":[0.875,0,0,0],"texture":"#main"},"down":{"uv":[0.875,0,0,0],"texture":"#main"}}},{"from":[10.50516,10.92131,5.84991],"to":[10.82916,12.64931,7.57791],"rotation":{"angle":0,"axis":"y","origin":[11.38716,4.87331,5.41791]},"faces":{"north":{"uv":[3.5,6.375,3.375,7],"texture":"#main"},"east":{"uv":[9,11.5,8.375,12.125],"texture":"#main"},"south":{"uv":[3.875,12,3.75,12.625],"texture":"#main"},"west":{"uv":[8.375,11.5,7.75,12.125],"texture":"#main"},"up":{"uv":[3.875,12.625,4,12],"texture":"#main"},"down":{"uv":[4,12,4.125,12.625],"texture":"#main"}}},{"from":[10.50516,11.13731,6.06591],"to":[12.66516,12.43331,7.36191],"rotation":{"angle":0,"axis":"y","origin":[11.38716,5.08931,5.20191]},"faces":{"north":{"uv":[7.75,3.5,7,4],"texture":"#main"},"east":{"uv":[5,11.75,4.5,12.25],"texture":"#main"},"south":{"uv":[12.25,6.125,11.5,6.625],"texture":"#main"},"west":{"uv":[12.25,4.125,11.75,4.625],"texture":"#main"},"up":{"uv":[2.75,12.125,3.5,11.625],"texture":"#main"},"down":{"uv":[11.625,3.25,12.375,3.75],"texture":"#main"}}},{"from":[11.80116,11.02931,5.95791],"to":[12.12516,12.54131,7.46991],"rotation":{"angle":0,"axis":"y","origin":[12.68316,4.98131,5.41791]},"faces":{"north":{"uv":[2.875,11.125,2.75,11.625],"texture":"#main"},"east":{"uv":[12.25,5.125,11.75,5.625],"texture":"#main"},"south":{"uv":[4.25,12,4.125,12.5],"texture":"#main"},"west":{"uv":[12.25,4.625,11.75,5.125],"texture":"#main"},"up":{"uv":[4.25,12.5,4.375,12],"texture":"#main"},"down":{"uv":[4.375,12,4.5,12.5],"texture":"#main"}}},{"from":[12.23316,11.13731,6.71391],"to":[14.82516,14.59331,6.71391],"rotation":{"angle":0,"axis":"y","origin":[13.54716,5.08931,4.55391]},"faces":{"north":{"uv":[6.375,4,5.5,5.25],"texture":"#main"},"east":{"uv":[0,0,0,1.25],"texture":"#main"},"south":{"uv":[3.75,9.375,2.875,10.625],"texture":"#main"},"west":{"uv":[0,0,0,1.25],"texture":"#main"},"up":{"uv":[0,0,0.875,0],"texture":"#main"},"down":{"uv":[0,0,0.875,0],"texture":"#main"}}},{"from":[8.56895,10.27331,3.47391],"to":[9.43295,12.43331,4.33791],"rotation":{"angle":22.5,"axis":"x","origin":[9.00095,11.56931,3.90591]},"faces":{"north":{"uv":[3.75,8.5,4,9.25],"texture":"#main"},"east":{"uv":[10.5,0,10.75,0.75],"texture":"#main"},"south":{"uv":[9,11.5,9.25,12.25],"texture":"#main"},"west":{"uv":[11.75,10.5,12,11.25],"texture":"#main"},"up":{"uv":[7,2.25,6.75,2],"texture":"#main"},"down":{"uv":[1.25,8.125,1,8.375],"texture":"#main"}}},{"from":[9.00095,7.89731,2.60991],"to":[9.00095,10.92131,6.49791],"rotation":{"angle":0,"axis":"y","origin":[9.43295,2.28131,2.60991]},"faces":{"north":{"uv":[0,0,0,1],"texture":"#main"},"east":{"uv":[5,8.125,6.375,9.125],"texture":"#main"},"south":{"uv":[0,0,0,1],"texture":"#main"},"west":{"uv":[8.25,1.375,9.625,2.375],"texture":"#main"},"up":{"uv":[0,1.375,0,0],"texture":"#main"},"down":{"uv":[0,0,0,1.375],"texture":"#main"}}},{"from":[7.70495,7.89731,6.49791],"to":[10.29695,12.21731,9.52191],"rotation":{"angle":-45,"axis":"x","origin":[9.00095,10.27331,8.22591]},"faces":{"north":{"uv":[6.375,8.125,7.25,9.625],"texture":"#main"},"east":{"uv":[7.5,7.25,8.5,8.75],"texture":"#main"},"south":{"uv":[8.25,3.875,9.125,5.375],"texture":"#main"},"west":{"uv":[4,7.875,5,9.375],"texture":"#main"},"up":{"uv":[7.25,10.625,6.375,9.625],"texture":"#main"},"down":{"uv":[9.375,9.625,8.5,10.625],"texture":"#main"}}},{"from":[7.27295,10.92131,7.79391],"to":[10.72895,15.24131,13.40991],"rotation":{"angle":-45,"axis":"x","origin":[9.00095,13.29731,8.22591]},"faces":{"north":{"uv":[7,2,8.25,3.5],"texture":"#main"},"east":{"uv":[3.5,2.25,5.5,3.75],"texture":"#main"},"south":{"uv":[2.75,7,4,8.5],"texture":"#main"},"west":{"uv":[3.5,3.75,5.5,5.25],"texture":"#main"},"up":{"uv":[2.75,8.375,1.5,6.375],"texture":"#main"},"down":{"uv":[8,0,6.75,2],"texture":"#main"}}},{"from":[9.00095,9.53531,7.79391],"to":[9.00095,16.44731,17.72991],"rotation":{"angle":-45,"axis":"x","origin":[9.00095,13.29731,8.22591]},"faces":{"north":{"uv":[0,0,0,2.375],"texture":"#main"},"east":{"uv":[0,0,3.5,2.375],"texture":"#main"},"south":{"uv":[0,0,0,2.375],"texture":"#main"},"west":{"uv":[0,2.375,3.5,4.75],"texture":"#main"},"up":{"uv":[0,3.5,0,0],"texture":"#main"},"down":{"uv":[0,0,0,3.5],"texture":"#main"}}},{"from":[8.67695,12.32531,6.60591],"to":[9.32495,13.40531,9.41391],"rotation":{"angle":-45,"axis":"x","origin":[9.00095,13.29731,8.22591]},"faces":{"north":{"uv":[7.75,10.25,8,10.625],"texture":"#main"},"east":{"uv":[3.5,11.625,4.5,12],"texture":"#main"},"south":{"uv":[10.625,4.125,10.875,4.5],"texture":"#main"},"west":{"uv":[11.625,3.75,12.625,4.125],"texture":"#main"},"up":{"uv":[6.625,5,6.375,4],"texture":"#main"},"down":{"uv":[10.375,8.125,10.125,9.125],"texture":"#main"}}},{"from":[5.97695,6.60131,6.49791],"to":[6.84095,8.76131,11.68191],"rotation":{"angle":0,"axis":"y","origin":[9.00095,-0.74269,8.22591]},"faces":{"north":{"uv":[0.5,11.875,0.75,12.625],"texture":"#main"},"east":{"uv":[8.25,5.375,10,6.125],"texture":"#main"},"south":{"uv":[0.75,11.875,1,12.625],"texture":"#main"},"west":{"uv":[8.25,6.125,10,6.875],"texture":"#main"},"up":{"uv":[6.125,12.625,5.875,10.875],"texture":"#main"},"down":{"uv":[6.375,10.875,6.125,12.625],"texture":"#main"}}},{"from":[6.40895,8.76131,6.60591],"to":[7.70495,10.48931,11.57391],"rotation":{"angle":0,"axis":"y","origin":[9.00095,-0.74269,8.22591]},"faces":{"north":{"uv":[4.5,11.125,5,11.75],"texture":"#main"},"east":{"uv":[9,0.75,10.75,1.375],"texture":"#main"},"south":{"uv":[10.875,11.625,11.375,12.25],"texture":"#main"},"west":{"uv":[9.125,4.625,10.875,5.25],"texture":"#main"},"up":{"uv":[7.75,12,7.25,10.25],"texture":"#main"},"down":{"uv":[10.875,8.125,10.375,9.875],"texture":"#main"}}},{"from":[6.40895,5.10703,6.60591],"to":[7.70495,6.83503,11.57391],"rotation":{"angle":0,"axis":"y","origin":[9.00095,-0.58097,7.79391]},"faces":{"north":{"uv":[11.375,11.625,11.875,12.25],"texture":"#main"},"east":{"uv":[9.375,6.875,11.125,7.5],"texture":"#main"},"south":{"uv":[11.75,0,12.25,0.625],"texture":"#main"},"west":{"uv":[9.375,7.5,11.125,8.125],"texture":"#main"},"up":{"uv":[10.875,11.625,10.375,9.875],"texture":"#main"},"down":{"uv":[0.5,10.5,0,12.25],"texture":"#main"}}},{"from":[5.54495,7.03331,6.92991],"to":[5.97695,8.32931,11.24991],"rotation":{"angle":0,"axis":"y","origin":[9.00095,-0.74269,8.22591]},"faces":{"north":{"uv":[7.25,12,7.375,12.5],"texture":"#main"},"east":{"uv":[10,6.125,11.5,6.625],"texture":"#main"},"south":{"uv":[7.375,12,7.5,12.5],"texture":"#main"},"west":{"uv":[10.75,0.875,12.25,1.375],"texture":"#main"},"up":{"uv":[9.375,13,9.25,11.5],"texture":"#main"},"down":{"uv":[1.125,11.875,1,13.375],"texture":"#main"}}},{"from":[4.68095,7.12331,8.65791],"to":[5.97695,8.23931,9.95391],"rotation":{"angle":0,"axis":"y","origin":[9.00095,-0.74269,8.22591]},"faces":{"north":{"uv":[11.75,7.125,12.25,7.5],"texture":"#main"},"east":{"uv":[11.75,11.25,12.25,11.625],"texture":"#main"},"south":{"uv":[1.125,11.875,1.625,12.25],"texture":"#main"},"west":{"uv":[1.625,11.875,2.125,12.25],"texture":"#main"},"up":{"uv":[12.25,7.125,11.75,6.625],"texture":"#main"},"down":{"uv":[12.25,8,11.75,8.5],"texture":"#main"}}},{"from":[5.22095,6.92531,8.61471],"to":[5.65295,8.43731,10.01871],"rotation":{"angle":0,"axis":"y","origin":[9.00095,-0.74269,8.22591]},"faces":{"north":{"uv":[7.5,12,7.625,12.5],"texture":"#main"},"east":{"uv":[11.75,8.5,12.25,9],"texture":"#main"},"south":{"uv":[7.625,12,7.75,12.5],"texture":"#main"},"west":{"uv":[11.75,9,12.25,9.5],"texture":"#main"},"up":{"uv":[12.125,11.25,12,10.75],"texture":"#main"},"down":{"uv":[12,12,11.875,12.5],"texture":"#main"}}},{"from":[3.81695,7.24931,8.87391],"to":[4.68095,8.11331,9.73791],"rotation":{"angle":0,"axis":"y","origin":[9.00095,-0.74269,8.22591]},"faces":{"north":{"uv":[1.25,8.125,1.5,8.375],"texture":"#main"},"east":{"uv":[5,10.625,5.25,10.875],"texture":"#main"},"south":{"uv":[5.25,10.625,5.5,10.875],"texture":"#main"},"west":{"uv":[5.5,10.625,5.75,10.875],"texture":"#main"},"up":{"uv":[10.25,11.625,10,11.375],"texture":"#main"},"down":{"uv":[12.25,12,12,12.25],"texture":"#main"}}},{"from":[11.16216,6.60131,6.49791],"to":[12.02616,8.76131,11.68191],"rotation":{"angle":0,"axis":"y","origin":[8.14716,-0.74269,8.22591]},"faces":{"north":{"uv":[0.75,11.875,0.5,12.625],"texture":"#main"},"east":{"uv":[10,6.125,8.25,6.875],"texture":"#main"},"south":{"uv":[1,11.875,0.75,12.625],"texture":"#main"},"west":{"uv":[10,5.375,8.25,6.125],"texture":"#main"},"up":{"uv":[5.875,12.625,6.125,10.875],"texture":"#main"},"down":{"uv":[6.125,10.875,6.375,12.625],"texture":"#main"}}},{"from":[12.02616,7.03331,6.92991],"to":[12.45816,8.32931,11.24991],"rotation":{"angle":0,"axis":"y","origin":[8.14716,-0.74269,8.22591]},"faces":{"north":{"uv":[7.375,12,7.25,12.5],"texture":"#main"},"east":{"uv":[12.25,0.875,10.75,1.375],"texture":"#main"},"south":{"uv":[7.5,12,7.375,12.5],"texture":"#main"},"west":{"uv":[11.5,6.125,10,6.625],"texture":"#main"},"up":{"uv":[9.25,13,9.375,11.5],"texture":"#main"},"down":{"uv":[1,11.875,1.125,13.375],"texture":"#main"}}},{"from":[12.35016,6.92531,8.61471],"to":[12.78216,8.43731,10.01871],"rotation":{"angle":0,"axis":"y","origin":[8.14716,-0.74269,8.22591]},"faces":{"north":{"uv":[7.625,12,7.5,12.5],"texture":"#main"},"east":{"uv":[12.25,9,11.75,9.5],"texture":"#main"},"south":{"uv":[7.75,12,7.625,12.5],"texture":"#main"},"west":{"uv":[12.25,8.5,11.75,9],"texture":"#main"},"up":{"uv":[12,11.25,12.125,10.75],"texture":"#main"},"down":{"uv":[11.875,12,12,12.5],"texture":"#main"}}},{"from":[12.02616,7.12331,8.65791],"to":[13.32216,8.23931,9.95391],"rotation":{"angle":0,"axis":"y","origin":[8.14716,-0.74269,8.22591]},"faces":{"north":{"uv":[12.25,7.125,11.75,7.5],"texture":"#main"},"east":{"uv":[2.125,11.875,1.625,12.25],"texture":"#main"},"south":{"uv":[1.625,11.875,1.125,12.25],"texture":"#main"},"west":{"uv":[12.25,11.25,11.75,11.625],"texture":"#main"},"up":{"uv":[11.75,7.125,12.25,6.625],"texture":"#main"},"down":{"uv":[11.75,8,12.25,8.5],"texture":"#main"}}},{"from":[13.32216,7.24931,8.87391],"to":[14.18616,8.11331,9.73791],"rotation":{"angle":0,"axis":"y","origin":[8.14716,-0.74269,8.22591]},"faces":{"north":{"uv":[1.5,8.125,1.25,8.375],"texture":"#main"},"east":{"uv":[5.75,10.625,5.5,10.875],"texture":"#main"},"south":{"uv":[5.5,10.625,5.25,10.875],"texture":"#main"},"west":{"uv":[5.25,10.625,5,10.875],"texture":"#main"},"up":{"uv":[10,11.625,10.25,11.375],"texture":"#main"},"down":{"uv":[12,12,12.25,12.25],"texture":"#main"}}},{"from":[10.29816,5.10703,6.60591],"to":[11.59416,6.83503,11.57391],"rotation":{"angle":0,"axis":"y","origin":[8.14716,-0.58097,7.79391]},"faces":{"north":{"uv":[11.875,11.625,11.375,12.25],"texture":"#main"},"east":{"uv":[11.125,7.5,9.375,8.125],"texture":"#main"},"south":{"uv":[12.25,0,11.75,0.625],"texture":"#main"},"west":{"uv":[11.125,6.875,9.375,7.5],"texture":"#main"},"up":{"uv":[10.375,11.625,10.875,9.875],"texture":"#main"},"down":{"uv":[0,10.5,0.5,12.25],"texture":"#main"}}},{"from":[10.29816,8.76131,6.60591],"to":[11.59416,10.48931,11.57391],"rotation":{"angle":0,"axis":"y","origin":[8.14716,-0.74269,8.22591]},"faces":{"north":{"uv":[5,11.125,4.5,11.75],"texture":"#main"},"east":{"uv":[10.875,4.625,9.125,5.25],"texture":"#main"},"south":{"uv":[11.375,11.625,10.875,12.25],"texture":"#main"},"west":{"uv":[10.75,0.75,9,1.375],"texture":"#main"},"up":{"uv":[7.25,12,7.75,10.25],"texture":"#main"},"down":{"uv":[10.375,8.125,10.875,9.875],"texture":"#main"}}},{"from":[5.54495,2.17331,7.36191],"to":[8.56895,4.76531,10.38591],"rotation":{"angle":22.5,"axis":"z","origin":[6.84095,4.00931,8.87391]},"faces":{"north":{"uv":[9.375,10.5,10.375,11.375],"texture":"#main"},"east":{"uv":[10.625,3.25,11.625,4.125],"texture":"#main"},"south":{"uv":[7.75,10.625,8.75,11.5],"texture":"#main"},"west":{"uv":[10.75,0,11.75,0.875],"texture":"#main"},"up":{"uv":[1,10.5,0,9.5],"texture":"#main"},"down":{"uv":[10.375,9.5,9.375,10.5],"texture":"#main"}}},{"from":[5.35957,0.28248,7.57791],"to":[7.51957,4.17048,10.16991],"rotation":{"angle":0,"axis":"y","origin":[5.25157,2.76648,8.87391]},"faces":{"north":{"uv":[3.75,9.375,4.5,10.75],"texture":"#main"},"east":{"uv":[8.5,6.875,9.375,8.25],"texture":"#main"},"south":{"uv":[9.375,8.125,10.125,9.5],"texture":"#main"},"west":{"uv":[8.5,8.25,9.375,9.625],"texture":"#main"},"up":{"uv":[4.5,11.625,3.75,10.75],"texture":"#main"},"down":{"uv":[1.25,11,0.5,11.875],"texture":"#main"}}},{"from":[5.14357,0.71448,7.36191],"to":[7.73557,1.14648,10.38591],"rotation":{"angle":0,"axis":"y","origin":[5.25157,2.76648,8.87391]},"faces":{"north":{"uv":[6.375,12,7.25,12.125],"texture":"#main"},"east":{"uv":[10,6.625,11,6.75],"texture":"#main"},"south":{"uv":[10,12,10.875,12.125],"texture":"#main"},"west":{"uv":[10,6.75,11,6.875],"texture":"#main"},"up":{"uv":[3.75,11.625,2.875,10.625],"texture":"#main"},"down":{"uv":[7.25,10.625,6.375,11.625],"texture":"#main"}}},{"from":[5.14357,1.25448,7.36191],"to":[7.73557,1.68648,10.38591],"rotation":{"angle":0,"axis":"y","origin":[5.25157,2.76648,8.87391]},"faces":{"north":{"uv":[12,10.5,12.875,10.625],"texture":"#main"},"east":{"uv":[11.75,0.625,12.75,0.75],"texture":"#main"},"south":{"uv":[12,10.625,12.875,10.75],"texture":"#main"},"west":{"uv":[11.75,0.75,12.75,0.875],"texture":"#main"},"up":{"uv":[11.75,5.125,10.875,4.125],"texture":"#main"},"down":{"uv":[5.875,10.875,5,11.875],"texture":"#main"}}},{"from":[6.65557,4.60248,6.28191],"to":[11.40757,5.46648,11.46591],"rotation":{"angle":0,"axis":"y","origin":[5.25157,2.76648,8.87391]},"faces":{"north":{"uv":[11.125,7.75,12.75,8],"texture":"#main"},"east":{"uv":[11,5.875,12.75,6.125],"texture":"#main"},"south":{"uv":[11.375,2.125,13,2.375],"texture":"#main"},"west":{"uv":[11.125,7.5,12.875,7.75],"texture":"#main"},"up":{"uv":[5.125,7,3.5,5.25],"texture":"#main"},"down":{"uv":[6.75,5.25,5.125,7],"texture":"#main"}}},{"from":[8.38357,6.94248,6.28191],"to":[9.67957,7.37448,6.71391],"rotation":{"angle":0,"axis":"y","origin":[5.25157,2.94648,8.87391]},"faces":{"north":{"uv":[8,10.5,8.5,10.625],"texture":"#main"},"east":{"uv":[6.625,4.875,6.75,5],"texture":"#main"},"south":{"uv":[11.125,8,11.625,8.125],"texture":"#main"},"west":{"uv":[5.625,7.875,5.75,8],"texture":"#main"},"up":{"uv":[3.25,12.25,2.75,12.125],"texture":"#main"},"down":{"uv":[6.875,12.125,6.375,12.25],"texture":"#main"}}},{"from":[9.84157,7.55808,6.28191],"to":[10.27357,8.85408,6.71391],"rotation":{"angle":0,"axis":"z","origin":[9.08557,7.15848,6.49791]},"faces":{"north":{"uv":[7.75,12.125,8.25,12.25],"rotation":270,"texture":"#main"},"east":{"uv":[9.875,12.25,9.375,12.125],"rotation":90,"texture":"#main"},"south":{"uv":[8.25,12.125,8.75,12.25],"rotation":90,"texture":"#main"},"west":{"uv":[10.375,12.125,9.875,12.25],"rotation":90,"texture":"#main"},"up":{"uv":[2.625,8.375,2.75,8.5],"rotation":90,"texture":"#main"},"down":{"uv":[5.625,8,5.75,8.125],"rotation":90,"texture":"#main"}}},{"from":[7.78232,7.55808,6.28191],"to":[8.21432,8.85408,6.71391],"rotation":{"angle":0,"axis":"z","origin":[8.91632,7.15848,6.49791]},"faces":{"north":{"uv":[10.375,12.125,10.875,12.25],"rotation":90,"texture":"#main"},"east":{"uv":[12.625,11,12.125,11.125],"rotation":270,"texture":"#main"},"south":{"uv":[12.125,10.75,12.625,10.875],"rotation":270,"texture":"#main"},"west":{"uv":[12.625,11,12.125,10.875],"rotation":270,"texture":"#main"},"up":{"uv":[2.25,9.25,2.375,9.375],"rotation":270,"texture":"#main"},"down":{"uv":[10.875,5.125,11,5.25],"rotation":270,"texture":"#main"}}},{"from":[7.86517,6.55368,6.28191],"to":[8.72917,6.98568,6.71391],"rotation":{"angle":-45,"axis":"z","origin":[9.03157,7.15848,6.49791]},"faces":{"north":{"uv":[2.375,8.375,2.625,8.5],"texture":"#main"},"east":{"uv":[11,6.625,11.125,6.75],"texture":"#main"},"south":{"uv":[3.75,9.25,4,9.375],"texture":"#main"},"west":{"uv":[11,6.75,11.125,6.875],"texture":"#main"},"up":{"uv":[10.875,4.625,10.625,4.5],"texture":"#main"},"down":{"uv":[2.25,11,2,11.125],"texture":"#main"}}},{"from":[9.32672,6.55368,6.28191],"to":[10.19072,6.98568,6.71391],"rotation":{"angle":45,"axis":"z","origin":[9.02432,7.15848,6.49791]},"faces":{"north":{"uv":[3.25,12.125,3.5,12.25],"texture":"#main"},"east":{"uv":[10.25,11.375,10.375,11.5],"texture":"#main"},"south":{"uv":[6.875,12.125,7.125,12.25],"texture":"#main"},"west":{"uv":[10.25,11.5,10.375,11.625],"texture":"#main"},"up":{"uv":[9,12.25,8.75,12.125],"texture":"#main"},"down":{"uv":[12.5,0.25,12.25,0.375],"texture":"#main"}}},{"from":[7.86517,9.42814,6.28191],"to":[8.72917,9.86014,6.71391],"rotation":{"angle":45,"axis":"z","origin":[9.03157,9.25534,6.49791]},"faces":{"north":{"uv":[12.25,0.375,12.5,0.5],"texture":"#main"},"east":{"uv":[11.625,8,11.75,8.125],"texture":"#main"},"south":{"uv":[12.25,0.5,12.5,0.625],"texture":"#main"},"west":{"uv":[7.125,12.125,7.25,12.25],"texture":"#main"},"up":{"uv":[12.5,1,12.25,0.875],"texture":"#main"},"down":{"uv":[12.5,1,12.25,1.125],"texture":"#main"}}},{"from":[8.38357,9.03934,6.28191],"to":[9.67957,9.47134,6.71391],"rotation":{"angle":0,"axis":"y","origin":[5.25157,13.46734,8.87391]},"faces":{"north":{"uv":[12.125,11.125,12.625,11.25],"texture":"#main"},"east":{"uv":[1.625,12.25,1.75,12.375],"texture":"#main"},"south":{"uv":[0,12.25,0.5,12.375],"texture":"#main"},"west":{"uv":[1.75,12.25,1.875,12.375],"texture":"#main"},"up":{"uv":[12.75,0.125,12.25,0],"texture":"#main"},"down":{"uv":[12.75,0.125,12.25,0.25],"texture":"#main"}}},{"from":[9.32672,9.42814,6.28191],"to":[10.19072,9.86014,6.71391],"rotation":{"angle":-45,"axis":"z","origin":[9.02432,9.25534,6.49791]},"faces":{"north":{"uv":[1.125,12.25,1.375,12.375],"texture":"#main"},"east":{"uv":[1.875,12.25,2,12.375],"texture":"#main"},"south":{"uv":[12.25,1.125,12.5,1.25],"texture":"#main"},"west":{"uv":[2,12.25,2.125,12.375],"texture":"#main"},"up":{"uv":[12.5,1.375,12.25,1.25],"texture":"#main"},"down":{"uv":[1.625,12.25,1.375,12.375],"texture":"#main"}}},{"from":[5.35957,-0.79752,7.57791],"to":[7.51957,0.28248,10.16991],"rotation":{"angle":0,"axis":"y","origin":[5.25157,2.76648,8.87391]},"faces":{"north":{"uv":[11.75,2.375,12.5,2.75],"texture":"#main"},"east":{"uv":[6.375,11.625,7.25,12],"texture":"#main"},"south":{"uv":[11.75,2.75,12.5,3.125],"texture":"#main"},"west":{"uv":[10,11.625,10.875,12],"texture":"#main"},"up":{"uv":[2,11.875,1.25,11],"texture":"#main"},"down":{"uv":[11.75,2.375,11,3.25],"texture":"#main"}}},{"from":[5.79157,-0.52752,6.49791],"to":[7.08757,0.55248,7.79391],"rotation":{"angle":22.5,"axis":"x","origin":[6.43957,-0.25752,6.92991]},"faces":{"north":{"uv":[2.125,11.875,2.625,12.25],"texture":"#main"},"east":{"uv":[5,11.875,5.5,12.25],"texture":"#main"},"south":{"uv":[11.875,11.625,12.375,12],"texture":"#main"},"west":{"uv":[12,1.375,12.5,1.75],"texture":"#main"},"up":{"uv":[12.25,10,11.75,9.5],"texture":"#main"},"down":{"uv":[12.25,10,11.75,10.5],"texture":"#main"}}},{"from":[9.47916,2.17331,7.36191],"to":[12.50316,4.76531,10.38591],"rotation":{"angle":-22.5,"axis":"z","origin":[11.20716,4.00931,8.87391]},"faces":{"north":{"uv":[10.375,10.5,9.375,11.375],"texture":"#main"},"east":{"uv":[11.75,0,10.75,0.875],"texture":"#main"},"south":{"uv":[8.75,10.625,7.75,11.5],"texture":"#main"},"west":{"uv":[11.625,3.25,10.625,4.125],"texture":"#main"},"up":{"uv":[0,10.5,1,9.5],"texture":"#main"},"down":{"uv":[9.375,9.5,10.375,10.5],"texture":"#main"}}},{"from":[10.52853,0.28248,7.57791],"to":[12.68853,4.17048,10.16991],"rotation":{"angle":0,"axis":"y","origin":[12.79653,2.76648,8.87391]},"faces":{"north":{"uv":[4.5,9.375,3.75,10.75],"texture":"#main"},"east":{"uv":[9.375,8.25,8.5,9.625],"texture":"#main"},"south":{"uv":[10.125,8.125,9.375,9.5],"texture":"#main"},"west":{"uv":[9.375,6.875,8.5,8.25],"texture":"#main"},"up":{"uv":[3.75,11.625,4.5,10.75],"texture":"#main"},"down":{"uv":[0.5,11,1.25,11.875],"texture":"#main"}}},{"from":[10.31253,1.25448,7.36191],"to":[12.90453,1.68648,10.38591],"rotation":{"angle":0,"axis":"y","origin":[12.79653,2.76648,8.87391]},"faces":{"north":{"uv":[12.875,10.5,12,10.625],"texture":"#main"},"east":{"uv":[12.75,0.75,11.75,0.875],"texture":"#main"},"south":{"uv":[12.875,10.625,12,10.75],"texture":"#main"},"west":{"uv":[12.75,0.625,11.75,0.75],"texture":"#main"},"up":{"uv":[10.875,5.125,11.75,4.125],"texture":"#main"},"down":{"uv":[5,10.875,5.875,11.875],"texture":"#main"}}},{"from":[10.31253,0.71448,7.36191],"to":[12.90453,1.14648,10.38591],"rotation":{"angle":0,"axis":"y","origin":[12.79653,2.76648,8.87391]},"faces":{"north":{"uv":[7.25,12,6.375,12.125],"texture":"#main"},"east":{"uv":[11,6.75,10,6.875],"texture":"#main"},"south":{"uv":[10.875,12,10,12.125],"texture":"#main"},"west":{"uv":[11,6.625,10,6.75],"texture":"#main"},"up":{"uv":[2.875,11.625,3.75,10.625],"texture":"#main"},"down":{"uv":[6.375,10.625,7.25,11.625],"texture":"#main"}}},{"from":[10.96053,-0.52752,6.49791],"to":[12.25653,0.55248,7.79391],"rotation":{"angle":22.5,"axis":"x","origin":[11.60853,-0.25752,6.92991]},"faces":{"north":{"uv":[2.625,11.875,2.125,12.25],"texture":"#main"},"east":{"uv":[12.5,1.375,12,1.75],"texture":"#main"},"south":{"uv":[12.375,11.625,11.875,12],"texture":"#main"},"west":{"uv":[5.5,11.875,5,12.25],"texture":"#main"},"up":{"uv":[11.75,10,12.25,9.5],"texture":"#main"},"down":{"uv":[11.75,10,12.25,10.5],"texture":"#main"}}},{"from":[10.52853,-0.79752,7.57791],"to":[12.68853,0.28248,10.16991],"rotation":{"angle":0,"axis":"y","origin":[12.79653,2.76648,8.87391]},"faces":{"north":{"uv":[12.5,2.375,11.75,2.75],"texture":"#main"},"east":{"uv":[10.875,11.625,10,12],"texture":"#main"},"south":{"uv":[12.5,2.75,11.75,3.125],"texture":"#main"},"west":{"uv":[7.25,11.625,6.375,12],"texture":"#main"},"up":{"uv":[1.25,11.875,2,11],"texture":"#main"},"down":{"uv":[11,2.375,11.75,3.25],"texture":"#main"}}}],"display":{"head":{"translation":[-4.25,-8,0],"scale":[4,4,4]}},"groups":[{"name":"bone","origin":[0.00945,7.40339,1.57798],"color":0,"nbt":"{}","armAnimationEnabled":false,"children":[0,1,2,3,{"name":"bone2","origin":[-3.8219,-10.98486,2.376],"rotation":[0,0,22.5],"color":0,"nbt":"{}","armAnimationEnabled":false,"children":[4,5,6,7,8]},{"name":"bone6","origin":[3.5019,-9.98486,2.376],"rotation":[0,0,-22.5],"color":0,"nbt":"{}","armAnimationEnabled":false,"children":[9,10,11,12,13]},{"name":"bone4","origin":[-4.2619,5.33514,3.376],"rotation":[0,0,-45],"color":0,"nbt":"{}","armAnimationEnabled":false,"children":[14,15,16,17,18]},{"name":"bone7","origin":[2.5819,4.33514,2.376],"rotation":[0,0,45],"color":0,"nbt":"{}","armAnimationEnabled":false,"children":[19,20,21,22,23]},{"name":"bone3","origin":[-10.3419,-5.86486,2.376],"rotation":[0,22.5,0],"color":0,"nbt":"{}","armAnimationEnabled":false,"children":[24,25,26,27,28]},{"name":"bone5","origin":[9.3819,-5.86486,2.376],"rotation":[0,-22.5,0],"color":0,"nbt":"{}","armAnimationEnabled":false,"children":[29,30,31,32,33]},34,35,36,37,38,39,40,41,42,43,44,45,46,47,48,49,50,51,52,53,54,55,56,57,58,59,60,61,62,63,64,65,66,67,68,69,70,71,72,73,74,75,76,77,78,79,80,81,82,83,84]}]}