{"credit":"Made with Blockbench","texture_size":[64,64],"textures":{"particle":"pokemon/landorus-incarnate","main":"pokemon/landorus-incarnate"},"elements":[{"from":[10.946,14.77,-7.578],"to":[12.386,18.802,2.502],"rotation":{"angle":45,"axis":"z","origin":[5.186,15.85,-2.538]},"faces":{"north":{"uv":[3.75,8.25,4,9.125],"texture":"#main"},"east":{"uv":[4,7,6.125,7.875],"texture":"#main"},"south":{"uv":[3.5,9.5,3.75,10.375],"texture":"#main"},"west":{"uv":[7,4.25,9.125,5.125],"texture":"#main"},"up":{"uv":[3.25,12.875,3,10.75],"texture":"#main"},"down":{"uv":[3.5,10.75,3.25,12.875],"texture":"#main"}}},{"from":[-0.574,14.77,2.502],"to":[12.386,18.802,3.942],"rotation":{"angle":45,"axis":"z","origin":[5.186,15.85,-2.538]},"faces":{"north":{"uv":[2.25,6,5,6.875],"texture":"#main"},"east":{"uv":[11,11.5,11.25,12.375],"texture":"#main"},"south":{"uv":[5,6,7.75,6.875],"texture":"#main"},"west":{"uv":[2.75,11.75,3,12.625],"texture":"#main"},"up":{"uv":[13,7.75,10.25,7.5],"texture":"#main"},"down":{"uv":[13.25,1,10.5,1.25],"texture":"#main"}}},{"from":[3.026,14.47,2.202],"to":[5.786,19.102,4.242],"rotation":{"angle":45,"axis":"z","origin":[5.186,15.85,-2.538]},"faces":{"north":{"uv":[10.5,10.5,11.125,11.5],"texture":"#main"},"east":{"uv":[8,11.75,8.375,12.75],"texture":"#main"},"south":{"uv":[0,10.75,0.625,11.75],"texture":"#main"},"west":{"uv":[8.5,11.75,8.875,12.75],"texture":"#main"},"up":{"uv":[12.375,11.375,11.75,11],"texture":"#main"},"down":{"uv":[12.375,11.5,11.75,11.875],"texture":"#main"}}},{"from":[7.826,14.47,2.202],"to":[10.586,19.102,4.242],"rotation":{"angle":45,"axis":"z","origin":[5.186,15.85,-2.538]},"faces":{"north":{"uv":[0.75,10.75,1.375,11.75],"texture":"#main"},"east":{"uv":[9,11.75,9.375,12.75],"texture":"#main"},"south":{"uv":[1.5,10.75,2.125,11.75],"texture":"#main"},"west":{"uv":[9.5,11.75,9.875,12.75],"texture":"#main"},"up":{"uv":[12.625,0.375,12,0],"texture":"#main"},"down":{"uv":[12.625,0.5,12,0.875],"texture":"#main"}}},{"from":[10.526,14.47,-1.098],"to":[13.286,19.102,1.842],"rotation":{"angle":45,"axis":"z","origin":[5.186,15.85,-2.538]},"faces":{"north":{"uv":[2.25,10.75,2.875,11.75],"texture":"#main"},"east":{"uv":[4.25,10.75,4.875,11.75],"texture":"#main"},"south":{"uv":[5,10.75,5.625,11.75],"texture":"#main"},"west":{"uv":[10.75,7.75,11.375,8.75],"texture":"#main"},"up":{"uv":[1.125,12.375,0.5,11.75],"texture":"#main"},"down":{"uv":[1.875,11.75,1.25,12.375],"texture":"#main"}}},{"from":[10.526,14.47,-5.898],"to":[13.286,19.102,-2.958],"rotation":{"angle":45,"axis":"z","origin":[5.186,15.85,-2.538]},"faces":{"north":{"uv":[9.25,10.75,9.875,11.75],"texture":"#main"},"east":{"uv":[11.25,4.5,11.875,5.5],"texture":"#main"},"south":{"uv":[11.25,6,11.875,7],"texture":"#main"},"west":{"uv":[11.25,8.75,11.875,9.75],"texture":"#main"},"up":{"uv":[2.625,12.375,2,11.75],"texture":"#main"},"down":{"uv":[4.125,11.75,3.5,12.375],"texture":"#main"}}},{"from":[6.926,14.17,-9.798],"to":[9.986,19.402,-6.858],"rotation":{"angle":45,"axis":"z","origin":[5.186,15.85,-2.538]},"faces":{"north":{"uv":[3.5,10.5,4.125,11.625],"texture":"#main"},"east":{"uv":[7.75,10.5,8.375,11.625],"texture":"#main"},"south":{"uv":[8.5,10.5,9.125,11.625],"texture":"#main"},"west":{"uv":[10.5,9.25,11.125,10.375],"texture":"#main"},"up":{"uv":[12.375,4.125,11.75,3.5],"texture":"#main"},"down":{"uv":[4.875,11.75,4.25,12.375],"texture":"#main"}}},{"from":[1.526,13.87,-10.098],"to":[5.186,19.702,-6.558],"rotation":{"angle":45,"axis":"z","origin":[5.186,15.85,-2.538]},"faces":{"north":{"uv":[2,9.5,2.75,10.75],"texture":"#main"},"east":{"uv":[2.75,9.5,3.5,10.75],"texture":"#main"},"south":{"uv":[4.75,9.5,5.5,10.75],"texture":"#main"},"west":{"uv":[5.5,9.5,6.25,10.75],"texture":"#main"},"up":{"uv":[7.75,6,7,5.25],"texture":"#main"},"down":{"uv":[12,10.25,11.25,11],"texture":"#main"}}},{"from":[-0.574,14.77,-9.018],"to":[12.386,18.802,-7.578],"rotation":{"angle":45,"axis":"z","origin":[5.186,15.85,-2.538]},"faces":{"north":{"uv":[6.75,0,9.5,0.875],"texture":"#main"},"east":{"uv":[10,11.75,10.25,12.625],"texture":"#main"},"south":{"uv":[6.75,1,9.5,1.875],"texture":"#main"},"west":{"uv":[10.25,11.75,10.5,12.625],"texture":"#main"},"up":{"uv":[13.25,5.75,10.5,5.5],"texture":"#main"},"down":{"uv":[13.25,5.75,10.5,6],"texture":"#main"}}},{"from":[-5.614,5.77,-5.418],"to":[4.466,13.69,4.662],"rotation":{"angle":0,"axis":"y","origin":[-12.094,5.77,-11.178]},"faces":{"north":{"uv":[2.25,3.5,4.375,5.125],"texture":"#main"},"east":{"uv":[0,4.5,2.125,6.125],"texture":"#main"},"south":{"uv":[4.5,0,6.625,1.625],"texture":"#main"},"west":{"uv":[4.5,1.75,6.625,3.375],"texture":"#main"},"up":{"uv":[2.125,2.125,0,0],"texture":"#main"},"down":{"uv":[2.125,2.25,0,4.375],"texture":"#main"}}},{"from":[-0.574,2.89,4.662],"to":[-0.574,11.53,14.742],"rotation":{"angle":0,"axis":"y","origin":[-12.094,5.77,-11.178]},"faces":{"north":{"uv":[0,0,0,1.75],"texture":"#main"},"east":{"uv":[2.25,0,4.375,1.75],"texture":"#main"},"south":{"uv":[0,0,0,1.75],"texture":"#main"},"west":{"uv":[2.25,1.75,4.375,3.5],"texture":"#main"},"up":{"uv":[0,2.125,0,0],"texture":"#main"},"down":{"uv":[0,0,0,2.125],"texture":"#main"}}},{"from":[-3.454,13.69,-2.538],"to":[2.306,19.45,1.782],"rotation":{"angle":0,"axis":"y","origin":[-12.094,5.77,-11.178]},"faces":{"north":{"uv":[7.75,6.5,9,7.75],"texture":"#main"},"east":{"uv":[3.75,9.25,4.625,10.5],"texture":"#main"},"south":{"uv":[7.75,7.75,9,9],"texture":"#main"},"west":{"uv":[9.25,4.25,10.125,5.5],"texture":"#main"},"up":{"uv":[10.5,2.875,9.25,2],"texture":"#main"},"down":{"uv":[10.5,5.5,9.25,6.375],"texture":"#main"}}},{"from":[-4.174,16.57,-2.898],"to":[3.026,21.97,2.862],"rotation":{"angle":0,"axis":"y","origin":[-12.094,5.77,-11.178]},"faces":{"north":{"uv":[6.25,7,7.75,8.125],"texture":"#main"},"east":{"uv":[0,8,1.25,9.125],"texture":"#main"},"south":{"uv":[7.75,5.25,9.25,6.375],"texture":"#main"},"west":{"uv":[1.25,8,2.5,9.125],"texture":"#main"},"up":{"uv":[4,8.25,2.5,7],"texture":"#main"},"down":{"uv":[8.5,3,7,4.25],"texture":"#main"}}},{"from":[-6.694,18.73,-4.698],"to":[-3.814,21.61,1.782],"rotation":{"angle":-22.5,"axis":"x","origin":[-5.254,20.17,1.062]},"faces":{"north":{"uv":[5,11.75,5.625,12.375],"texture":"#main"},"east":{"uv":[9.5,1.25,10.875,1.875],"texture":"#main"},"south":{"uv":[5.75,11.75,6.375,12.375],"texture":"#main"},"west":{"uv":[6.25,9.5,7.625,10.125],"texture":"#main"},"up":{"uv":[10.375,10.625,9.75,9.25],"texture":"#main"},"down":{"uv":[10.625,7.75,10,9.125],"texture":"#main"}}},{"from":[-5.974,16.21,-5.058],"to":[1.226,18.73,-2.898],"rotation":{"angle":22.5,"axis":"z","origin":[-6.118,17.65,-4.338]},"faces":{"north":{"uv":[10.5,0,12,0.5],"texture":"#main"},"east":{"uv":[4,5.25,4.5,5.75],"texture":"#main"},"south":{"uv":[10.5,0.5,12,1],"texture":"#main"},"west":{"uv":[1.75,6.25,2.25,6.75],"texture":"#main"},"up":{"uv":[12,2.5,10.5,2],"texture":"#main"},"down":{"uv":[12,2.5,10.5,3],"texture":"#main"}}},{"from":[2.474,18.73,-4.698],"to":[5.354,21.61,1.782],"rotation":{"angle":-22.5,"axis":"x","origin":[3.914,20.17,1.062]},"faces":{"north":{"uv":[6.5,11.75,7.125,12.375],"texture":"#main"},"east":{"uv":[9.75,3,11.125,3.625],"texture":"#main"},"south":{"uv":[7.25,11.75,7.875,12.375],"texture":"#main"},"west":{"uv":[10.25,3.75,11.625,4.375],"texture":"#main"},"up":{"uv":[6.875,11.625,6.25,10.25],"texture":"#main"},"down":{"uv":[7.625,10.25,7,11.625],"texture":"#main"}}},{"from":[-1.654,16.21,-4.77],"to":[4.106,18.73,-2.61],"rotation":{"angle":0,"axis":"y","origin":[4.25,17.65,-4.05]},"faces":{"north":{"uv":[11,1.25,12.25,1.75],"texture":"#main"},"east":{"uv":[9.75,3.75,10.25,4.25],"texture":"#main"},"south":{"uv":[11.25,3,12.5,3.5],"texture":"#main"},"west":{"uv":[10.5,6,11,6.5],"texture":"#main"},"up":{"uv":[12.5,7.5,11.25,7],"texture":"#main"},"down":{"uv":[12.5,9.75,11.25,10.25],"texture":"#main"}}},{"from":[-6.094,21.97,-1.878],"to":[5.066,27.25,2.322],"rotation":{"angle":0,"axis":"y","origin":[-1.234,26.47,-0.378]},"faces":{"north":{"uv":[4.5,3.5,6.875,4.625],"texture":"#main"},"east":{"uv":[8.75,9.25,9.625,10.375],"texture":"#main"},"south":{"uv":[4.5,4.75,6.875,5.875],"texture":"#main"},"west":{"uv":[9.5,0,10.375,1.125],"texture":"#main"},"up":{"uv":[9.125,2.875,6.75,2],"texture":"#main"},"down":{"uv":[2.375,7,0,7.875],"texture":"#main"}}},{"from":[-2.494,21.97,-0.978],"to":[1.466,28.45,3.222],"rotation":{"angle":0,"axis":"y","origin":[-1.234,26.47,0.522]},"faces":{"north":{"uv":[7.75,9,8.625,10.375],"texture":"#main"},"east":{"uv":[9,7.75,9.875,9.125],"texture":"#main"},"south":{"uv":[0,9.25,0.875,10.625],"texture":"#main"},"west":{"uv":[1,9.25,1.875,10.625],"texture":"#main"},"up":{"uv":[11.125,5.375,10.25,4.5],"texture":"#main"},"down":{"uv":[11.125,6.5,10.25,7.375],"texture":"#main"}}},{"from":[-3.214,21.61,-3.618],"to":[2.186,27.01,1.782],"rotation":{"angle":0,"axis":"y","origin":[-0.514,24.31,-0.918]},"faces":{"north":{"uv":[4,8,5.125,9.125],"texture":"#main"},"east":{"uv":[2.5,8.25,3.625,9.375],"texture":"#main"},"south":{"uv":[5.25,8.25,6.375,9.375],"texture":"#main"},"west":{"uv":[6.5,8.25,7.625,9.375],"texture":"#main"},"up":{"uv":[9.625,4.125,8.5,3],"texture":"#main"},"down":{"uv":[10.125,6.5,9,7.625],"texture":"#main"}}},{"from":[-3.89609,25.53519,-3.05072],"to":[-1.37609,29.49519,-3.05072],"rotation":{"angle":22.5,"axis":"z","origin":[-2.33609,27.81519,-3.05072]},"faces":{"north":{"uv":[11.25,11,11.75,11.875],"texture":"#main"},"east":{"uv":[0,0,0,0.875],"texture":"#main"},"south":{"uv":[11.5,7.75,12,8.625],"texture":"#main"},"west":{"uv":[0,0,0,0.875],"texture":"#main"},"up":{"uv":[0.5,0,0,0],"texture":"#main"},"down":{"uv":[0.5,0,0,0],"texture":"#main"}}},{"from":[-1.49609,25.83519,-3.05072],"to":[1.02391,29.79519,-3.05072],"rotation":{"angle":0,"axis":"y","origin":[-0.23609,27.57519,-3.35072]},"faces":{"north":{"uv":[5.75,10.75,6.25,11.625],"texture":"#main"},"east":{"uv":[0,0,0,0.875],"texture":"#main"},"south":{"uv":[10,10.75,10.5,11.625],"texture":"#main"},"west":{"uv":[0,0,0,0.875],"texture":"#main"},"up":{"uv":[0.5,0,0,0],"texture":"#main"},"down":{"uv":[0.5,0,0,0],"texture":"#main"}}},{"from":[0.27609,25.53519,-3.05072],"to":[2.79609,29.49519,-3.05072],"rotation":{"angle":-22.5,"axis":"z","origin":[1.23609,27.81519,-3.05072]},"faces":{"north":{"uv":[10.5,11.5,11,12.375],"texture":"#main"},"east":{"uv":[0,0,0,0.875],"texture":"#main"},"south":{"uv":[0,11.75,0.5,12.625],"texture":"#main"},"west":{"uv":[0,0,0,0.875],"texture":"#main"},"up":{"uv":[0.5,0,0,0],"texture":"#main"},"down":{"uv":[0.5,0,0,0],"texture":"#main"}}},{"from":[-4.414,21.97,-3.69],"to":[3.866,24.49,-3.69],"rotation":{"angle":0,"axis":"y","origin":[-0.514,24.31,-0.918]},"faces":{"north":{"uv":[2.25,5.25,4,5.75],"texture":"#main"},"east":{"uv":[0,0,0,0.5],"texture":"#main"},"south":{"uv":[0,6.25,1.75,6.75],"texture":"#main"},"west":{"uv":[0,0,0,0.5],"texture":"#main"},"up":{"uv":[1.75,0,0,0],"texture":"#main"},"down":{"uv":[1.75,0,0,0],"texture":"#main"}}}],"display":{"head":{"translation":[12,-29.75,12],"scale":[1.5,1.5,1.5]}},"groups":[{"name":"Landorus_Incarnate","origin":[3.35,9.25,-4.05],"color":0,"children":[{"name":"body","origin":[2.79409,21.4258,-2.09211],"color":0,"children":[0,1,2,3,4,5,6,7,8,{"name":"cloud","origin":[-0.574,5.72,-1.088],"color":0,"children":[9,10]},{"name":"neck","origin":[-0.64202,13.68962,-0.26606],"color":0,"children":[11,12,{"name":"arm_l","origin":[-4.17206,20.06105,1.12791],"color":0,"children":[13,14]},{"name":"arm_r","origin":[3.07,20.58782,0.27191],"color":0,"children":[15,16]},{"name":"head","origin":[-0.4503,21.96737,0.22626],"color":0,"children":[17,18,19,20,21,22,23]}]}]}]}]}