{"parent":"physical_parent","textures":{"main":"pokemon/lunatone"},"texture_size":[32,32],"elements":[{"rotation":{"origin":[15.5,11,18.5],"angle":0,"axis":"y"},"from":[6.5,1,11.5],"to":[9.5,14,16.5],"faces":{"east":{"uv":[0,0,2.5,6.5],"texture":"#main"},"south":{"uv":[5,8.5,6.5,15],"texture":"#main"},"north":{"uv":[0,6.5,1.5,13],"texture":"#main"},"west":{"uv":[2.5,2.5,5,9],"texture":"#main"},"up":{"uv":[12.5,9.5,11,7],"texture":"#main"},"down":{"uv":[12,12.5,10.5,15],"texture":"#main"}}},{"rotation":{"origin":[16.5,12,17.5],"angle":0,"axis":"y"},"from":[7.5,2,9.5],"to":[8.5,3,11.5],"faces":{"east":{"uv":[0,0,1,0.5],"texture":"#main"},"south":{"uv":[5,8,5.5,8.5],"texture":"#main"},"north":{"uv":[0,6.5,0.5,7],"texture":"#main"},"west":{"uv":[3,3,4,3.5],"texture":"#main"},"up":{"uv":[12,7.5,11.5,6.5],"texture":"#main"},"down":{"uv":[11,13.5,10.5,14.5],"texture":"#main"}}},{"rotation":{"origin":[16.5,22,17.5],"angle":0,"axis":"y"},"from":[7.5,12,9.5],"to":[8.5,13,11.5],"faces":{"east":{"uv":[0,0,1,0.5],"texture":"#main"},"south":{"uv":[5,8.5,5.5,9],"texture":"#main"},"north":{"uv":[0,6.5,0.5,7],"texture":"#main"},"west":{"uv":[2.5,2.5,3.5,3],"texture":"#main"},"up":{"uv":[11.5,8,11,7],"texture":"#main"},"down":{"uv":[11,12.5,10.5,13.5],"texture":"#main"}}},{"rotation":{"origin":[16,11.25,20.5],"angle":0,"axis":"y"},"from":[7,3.25,16.5],"to":[9,13.25,18.5],"faces":{"east":{"uv":[2.5,9,3.5,14],"texture":"#main"},"south":{"uv":[3.5,9,4.5,14],"texture":"#main"},"north":{"uv":[1.5,6.5,2.5,11.5],"texture":"#main"},"west":{"uv":[9.5,3,10.5,8],"texture":"#main"},"up":{"uv":[12,10.5,11,9.5],"texture":"#main"},"down":{"uv":[13,9.5,12,10.5],"texture":"#main"}}},{"rotation":{"origin":[16,10,16.5],"angle":0,"axis":"y"},"from":[8,4,6.5],"to":[8,11,14.5],"faces":{"east":{"uv":[5,5,9,8.5],"texture":"#main"},"south":{"uv":[0,0,0,3.5],"texture":"#main"},"north":{"uv":[0,0,0,3.5],"texture":"#main"},"west":{"uv":[5,0,9,3.5],"texture":"#main"},"up":{"uv":[0,4,0,0],"texture":"#main"},"down":{"uv":[0,0,0,4],"texture":"#main"}}},{"rotation":{"origin":[15,14,18.5],"angle":0,"axis":"y"},"from":[7,13,6.5],"to":[9,16,15.5],"faces":{"east":{"uv":[5,3.5,9.5,5],"texture":"#main"},"south":{"uv":[12,12.5,13,14],"texture":"#main"},"north":{"uv":[1.5,11.5,2.5,13],"texture":"#main"},"west":{"uv":[6.5,8.5,11,10],"texture":"#main"},"up":{"uv":[7.5,14.5,6.5,10],"texture":"#main"},"down":{"uv":[8.5,10,7.5,14.5],"texture":"#main"}}},{"rotation":{"origin":[15,1,18.5],"angle":0,"axis":"y"},"from":[7,-1,6.5],"to":[9,2,15.5],"faces":{"east":{"uv":[9,0,13.5,1.5],"texture":"#main"},"south":{"uv":[12.5,4.5,13.5,6],"texture":"#main"},"north":{"uv":[12.5,3,13.5,4.5],"texture":"#main"},"west":{"uv":[9,1.5,13.5,3],"texture":"#main"},"up":{"uv":[9.5,14.5,8.5,10],"texture":"#main"},"down":{"uv":[10.5,10,9.5,14.5],"texture":"#main"}}},{"rotation":{"origin":[15,14,16.5],"angle":0,"axis":"y"},"from":[8,12,3.5],"to":[8,16,7.5],"faces":{"east":{"uv":[2.5,0,4.5,2],"texture":"#main"},"south":{"uv":[0,0,0,2],"texture":"#main"},"north":{"uv":[0,0,0,2],"texture":"#main"},"west":{"uv":[10.5,10.5,12.5,12.5],"texture":"#main"},"up":{"uv":[0,2,0,0],"texture":"#main"},"down":{"uv":[0,0,0,2],"texture":"#main"}}},{"rotation":{"origin":[15,1,16.5],"angle":0,"axis":"y"},"from":[8,-1,3.5],"to":[8,3,7.5],"faces":{"east":{"uv":[10.5,3,12.5,5],"texture":"#main"},"south":{"uv":[0,0,0,2],"texture":"#main"},"north":{"uv":[0,0,0,2],"texture":"#main"},"west":{"uv":[10.5,5,12.5,7],"texture":"#main"},"up":{"uv":[0,2,0,0],"texture":"#main"},"down":{"uv":[0,0,0,2],"texture":"#main"}}}],"display":{"head":{"translation":[0,-13.75,-4],"scale":[1.2,1.2,1.2]}}}