{"parent":"physical_parent","textures":{"main":"pokemon/meganium"},"elements":[{"from":[3,-9,0],"to":[7,-2,4],"rotation":{"angle":0,"axis":"y","origin":[18,-6,8]},"faces":{"north":{"uv":[6.5,3.875,7,4.75],"texture":"#main"},"east":{"uv":[6,3.875,6.5,4.75],"texture":"#main"},"south":{"uv":[7.5,3.875,8,4.75],"texture":"#main"},"west":{"uv":[7,3.875,7.5,4.75],"texture":"#main"},"up":{"uv":[7,3.875,6.5,3.375],"texture":"#main"},"down":{"uv":[7.5,3.375,7,3.875],"texture":"#main"}}},{"from":[3,-9,12],"to":[7,-2,16],"rotation":{"angle":0,"axis":"y","origin":[18,-6,21]},"faces":{"north":{"uv":[4,6,4.5,6.875],"texture":"#main"},"east":{"uv":[3.5,6,4,6.875],"texture":"#main"},"south":{"uv":[5,6,5.5,6.875],"texture":"#main"},"west":{"uv":[4.5,6,5,6.875],"texture":"#main"},"up":{"uv":[4.5,6,4,5.5],"texture":"#main"},"down":{"uv":[5,5.5,4.5,6],"texture":"#main"}}},{"from":[6.5,3,17],"to":[9.5,6,21],"rotation":{"angle":-22.5,"axis":"x","origin":[20,-2,17]},"faces":{"north":{"uv":[3.5,7.375,3.875,7.75],"texture":"#main"},"east":{"uv":[3,7.375,3.5,7.75],"texture":"#main"},"south":{"uv":[4.375,7.375,4.75,7.75],"texture":"#main"},"west":{"uv":[3.875,7.375,4.375,7.75],"texture":"#main"},"up":{"uv":[3.875,7.375,3.5,6.875],"texture":"#main"},"down":{"uv":[4.25,6.875,3.875,7.375],"texture":"#main"}}},{"from":[7,5,20.69552],"to":[9,7,24.69552],"rotation":{"angle":-22.5,"axis":"x","origin":[20,-1.46927,20.69552]},"faces":{"north":{"uv":[5.75,0.5,6,0.75],"texture":"#main"},"east":{"uv":[5.25,0.5,5.75,0.75],"texture":"#main"},"south":{"uv":[6.5,0.5,6.75,0.75],"texture":"#main"},"west":{"uv":[6,0.5,6.5,0.75],"texture":"#main"},"up":{"uv":[6,0.5,5.75,0],"texture":"#main"},"down":{"uv":[6.25,0,6,0.5],"texture":"#main"}}},{"from":[9,-9,-1],"to":[13,-8,0],"rotation":{"angle":0,"axis":"y","origin":[23,-9,5]},"faces":{"north":{"uv":[5.375,1.125,5.875,1.25],"texture":"#main"},"east":{"uv":[5.25,1.125,5.375,1.25],"texture":"#main"},"south":{"uv":[6,1.125,6.5,1.25],"texture":"#main"},"west":{"uv":[5.875,1.125,6,1.25],"texture":"#main"},"up":{"uv":[5.875,1.125,5.375,1],"texture":"#main"},"down":{"uv":[6.375,1,5.875,1.125],"texture":"#main"}}},{"from":[9,-9,11],"to":[13,-8,12],"rotation":{"angle":0,"axis":"y","origin":[23,-9,17]},"faces":{"north":{"uv":[0.125,4.875,0.625,5],"texture":"#main"},"east":{"uv":[0,4.875,0.125,5],"texture":"#main"},"south":{"uv":[0.75,4.875,1.25,5],"texture":"#main"},"west":{"uv":[0.625,4.875,0.75,5],"texture":"#main"},"up":{"uv":[0.625,4.875,0.125,4.75],"texture":"#main"},"down":{"uv":[1.125,4.75,0.625,4.875],"texture":"#main"}}},{"from":[3,-9,-1],"to":[7,-8,0],"rotation":{"angle":0,"axis":"y","origin":[17,-9,5]},"faces":{"north":{"uv":[5.375,0.875,5.875,1],"texture":"#main"},"east":{"uv":[5.25,0.875,5.375,1],"texture":"#main"},"south":{"uv":[6,0.875,6.5,1],"texture":"#main"},"west":{"uv":[5.875,0.875,6,1],"texture":"#main"},"up":{"uv":[5.875,0.875,5.375,0.75],"texture":"#main"},"down":{"uv":[6.375,0.75,5.875,0.875],"texture":"#main"}}},{"from":[3,-9,11],"to":[7,-8,12],"rotation":{"angle":0,"axis":"y","origin":[17,-9,17]},"faces":{"north":{"uv":[0.125,5.125,0.625,5.25],"texture":"#main"},"east":{"uv":[0,5.125,0.125,5.25],"texture":"#main"},"south":{"uv":[0.75,5.125,1.25,5.25],"texture":"#main"},"west":{"uv":[0.625,5.125,0.75,5.25],"texture":"#main"},"up":{"uv":[0.625,5.125,0.125,5],"texture":"#main"},"down":{"uv":[1.125,5,0.625,5.125],"texture":"#main"}}},{"from":[9,-9,0],"to":[13,-2,4],"rotation":{"angle":0,"axis":"y","origin":[23,-6,8]},"faces":{"north":{"uv":[6,6,6.5,6.875],"texture":"#main"},"east":{"uv":[5.5,6,6,6.875],"texture":"#main"},"south":{"uv":[7,6,7.5,6.875],"texture":"#main"},"west":{"uv":[6.5,6,7,6.875],"texture":"#main"},"up":{"uv":[6.5,6,6,5.5],"texture":"#main"},"down":{"uv":[7,5.5,6.5,6],"texture":"#main"}}},{"from":[9,-9,12],"to":[13,-2,16],"rotation":{"angle":0,"axis":"y","origin":[23,-6,21]},"faces":{"north":{"uv":[0.5,3.875,1,4.75],"texture":"#main"},"east":{"uv":[0,3.875,0.5,4.75],"texture":"#main"},"south":{"uv":[1.5,3.875,2,4.75],"texture":"#main"},"west":{"uv":[1,3.875,1.5,4.75],"texture":"#main"},"up":{"uv":[1,3.875,0.5,3.375],"texture":"#main"},"down":{"uv":[1.5,3.375,1,3.875],"texture":"#main"}}},{"from":[2,-2,-1],"to":[14,7,17],"rotation":{"angle":0,"axis":"y","origin":[18,2,8]},"faces":{"north":{"uv":[2.25,2.25,3.75,3.375],"texture":"#main"},"east":{"uv":[0,2.25,2.25,3.375],"texture":"#main"},"south":{"uv":[6,2.25,7.5,3.375],"texture":"#main"},"west":{"uv":[3.75,2.25,6,3.375],"texture":"#main"},"up":{"uv":[3.75,2.25,2.25,0],"texture":"#main"},"down":{"uv":[5.25,0,3.75,2.25],"texture":"#main"}}},{"from":[5,19,-3],"to":[11,24,5],"rotation":{"angle":0,"axis":"y","origin":[18,23,8]},"faces":{"north":{"uv":[1,6.5,1.75,7.125],"texture":"#main"},"east":{"uv":[0,6.5,1,7.125],"texture":"#main"},"south":{"uv":[2.75,6.5,3.5,7.125],"texture":"#main"},"west":{"uv":[1.75,6.5,2.75,7.125],"texture":"#main"},"up":{"uv":[1.75,6.5,1,5.5],"texture":"#main"},"down":{"uv":[2.5,5.5,1.75,6.5],"texture":"#main"}}},{"from":[6,6,0],"to":[10,19,4],"rotation":{"angle":0,"axis":"y","origin":[18,10,8]},"faces":{"north":{"uv":[0.5,0.5,1,2.125],"texture":"#main"},"east":{"uv":[0,0.5,0.5,2.125],"texture":"#main"},"south":{"uv":[1.5,0.5,2,2.125],"texture":"#main"},"west":{"uv":[1,0.5,1.5,2.125],"texture":"#main"},"up":{"uv":[1,0.5,0.5,0],"texture":"#main"},"down":{"uv":[1.5,0,1,0.5],"texture":"#main"}}},{"from":[0,11,-9],"to":[16,11,7],"rotation":{"angle":-22.5,"axis":"x","origin":[21,15,6]},"faces":{"north":{"uv":[8.25,5.125,10.25,5.25],"texture":"#main"},"east":{"uv":[6.25,5,8.25,5.125],"texture":"#main"},"south":{"uv":[9,5,11,5.125],"texture":"#main"},"west":{"uv":[6.5,5,8.5,5.125],"texture":"#main"},"up":{"uv":[4,5.375,2,3.375],"texture":"#main"},"down":{"uv":[4,5.375,2,3.375],"texture":"#main"}}},{"from":[4,31,-11],"to":[12,31,2],"rotation":{"angle":-45,"axis":"x","origin":[21,35,4]},"faces":{"north":{"uv":[8.625,2.625,9.625,2.75],"texture":"#main"},"east":{"uv":[8.375,3.125,10,3.25],"texture":"#main"},"south":{"uv":[9.875,2.5,10.875,2.625],"texture":"#main"},"west":{"uv":[8.125,2.875,9.75,3],"texture":"#main"},"up":{"uv":[7.875,1.625,6.875,0],"texture":"#main"},"down":{"uv":[7.875,1.625,6.875,0],"rotation":180,"texture":"#main"}}}],"display":{"head":{"translation":[0,-14.5,0],"scale":[1.67969,1.67969,1.67969]}}}