{"parent":"physical_parent","textures":{"main":"pokemon/metapod"},"elements":[{"rotation":{"origin":[5.090774,5.374331,8],"angle":-22.5,"axis":"z"},"from":[2.0908,9.3743,6],"to":[7.0908,13.3743,12],"faces":{"east":{"uv":[0,2.5,1.5,3.5],"texture":"#main"},"south":{"uv":[3.25,2.5,4.5,3.5],"texture":"#main"},"north":{"uv":[1.75,2.5,3,3.5],"texture":"#main"},"west":{"uv":[0,2.5,1.5,3.5],"texture":"#main"},"down":{"uv":[0.5,2.5,1,3.5],"texture":"#main"}}},{"from":[4,16,6],"to":[11,23,12],"faces":{"east":{"uv":[0,3.75,1.5,5.5],"texture":"#main"},"south":{"uv":[1.75,3.75,3.25,5.5],"texture":"#main"},"north":{"uv":[1.75,3.75,3.25,5.5],"texture":"#main"},"west":{"uv":[1.75,3.75,3.25,5.5],"texture":"#main"},"up":{"uv":[3,3.75,3.25,5],"texture":"#main"},"down":{"uv":[3,3.75,3.25,5],"texture":"#main"}}},{"from":[5,12,5.99],"to":[10,16,11.97],"faces":{"east":{"uv":[0,2.5,1.5,3.5],"texture":"#main"},"south":{"uv":[3.25,2.5,4.5,3.5],"texture":"#main"},"north":{"uv":[1.75,2.5,3,3.5],"texture":"#main"},"west":{"uv":[0,2.5,1.5,3.5],"texture":"#main"}}},{"rotation":{"origin":[1.398198,4.061841,8],"angle":-45,"axis":"z"},"from":[-0.6018,7.0618,7],"to":[2.3982,12.0618,11],"faces":{"east":{"uv":[1,0,2,1.25],"texture":"#main"},"south":{"uv":[0,0,0.75,1.25],"texture":"#main"},"north":{"uv":[2.25,0,3,1.25],"texture":"#main"},"west":{"uv":[1,0,2,1.25],"texture":"#main"},"down":{"uv":[0,1.5,1,2.25],"texture":"#main"}}},{"rotation":{"origin":[20.26346,10.97919,8],"angle":45,"axis":"z"},"from":[17.2635,25.9792,7],"to":[22.2635,30.9792,11],"faces":{"east":{"uv":[1.5,6,2.5,7.25],"texture":"#main"},"south":{"uv":[2.75,6,4,7.5],"texture":"#main"},"north":{"uv":[2.75,6,4,7.5],"texture":"#main"},"up":{"uv":[1.5,6,2.5,7.25],"texture":"#main"}}},{"rotation":{"origin":[14,8,8],"angle":22.5,"axis":"z"},"from":[12,23,8],"to":[15,30,10],"faces":{"east":{"uv":[1.5,7.75,2,9.5],"texture":"#main"},"south":{"uv":[2.25,7.75,3,9.5],"texture":"#main"},"north":{"uv":[2.25,7.75,3,9.5],"texture":"#main"},"west":{"uv":[1.5,7.75,2,9.5],"texture":"#main"},"up":{"uv":[3.25,7.75,4,8.25],"texture":"#main"}}},{"from":[11,17,7],"to":[12,21,11],"faces":{"east":{"uv":[0,6,1,7],"texture":"#main"},"south":{"uv":[3,3.75,3.25,5],"texture":"#main"},"north":{"uv":[3,3.75,3.25,5],"texture":"#main"},"up":{"uv":[3,3.75,3.25,5],"texture":"#main"},"down":{"uv":[3,3.75,3.25,5],"texture":"#main"}}},{"from":[5,17,5],"to":[10,22,13],"faces":{"east":{"uv":[5.25,4,6.5,5.25],"texture":"#main"},"south":{"uv":[5.25,4,6.5,5.25],"texture":"#main"},"north":{"uv":[0.5,4.5,1,5],"texture":"#main"},"west":{"uv":[5.25,4,6.5,5.25],"texture":"#main"},"up":{"uv":[5.25,4,6.5,5.25],"texture":"#main"},"down":{"uv":[5.25,4,6.5,5.25],"texture":"#main"}}},{"from":[6,18,4],"to":[9,21,14],"faces":{"east":{"uv":[0.5,4.5,1,5],"texture":"#main"},"south":{"uv":[6.75,4.25,7.5,5],"texture":"#main"},"north":{"uv":[6.75,4.25,7.5,5],"texture":"#main"},"west":{"uv":[0.5,4.5,1,5],"texture":"#main"},"up":{"uv":[0.5,4.5,1,5],"texture":"#main"},"down":{"uv":[0.5,4.5,1,5],"texture":"#main"}}}],"display":{"head":{"rotation":[0,90,0],"translation":[-1.1,-42.41,-2.782]},"firstperson_righthand":{"scale":[0.0001,0.0001,0.0001]},"thirdperson_lefthand":{"scale":[0.0001,0.0001,0.0001]},"firstperson_lefthand":{"scale":[0.0001,0.0001,0.0001]}}}