{"parent":"physical_parent","textures":{"main":"pokemon/muk"},"elements":[{"from":[1,0,1],"to":[11,2,11],"faces":{"east":{"uv":[0,0,2.5,0.5],"texture":"#main"},"south":{"uv":[0,0,2.5,0.5],"texture":"#main","rotation":180},"north":{"uv":[0,0,2.5,0.5],"texture":"#main"},"west":{"uv":[0,0,2.5,0.5],"texture":"#main"},"up":{"uv":[0,0.75,2.5,3.25],"texture":"#main"},"down":{"uv":[0,0.75,2.5,3.25],"texture":"#main"}}},{"from":[7,0,11],"to":[15,3,14],"faces":{"east":{"uv":[2.5,8.75,3.25,9.5],"texture":"#main"},"south":{"uv":[0.25,8.75,2.25,9.5],"texture":"#main"},"north":{"uv":[0.25,8.75,2.25,9.5],"texture":"#main"},"west":{"uv":[3.5,8.75,4.25,9.5],"texture":"#main"},"up":{"uv":[0.25,8.75,2.25,9.5],"texture":"#main"},"down":{"uv":[0.25,8.75,2.25,9.5],"texture":"#main"}}},{"from":[2,2,2],"to":[10,6,10],"faces":{"east":{"uv":[2.75,1.75,4.75,2.75],"texture":"#main"},"south":{"uv":[5,4,7,5],"texture":"#main"},"north":{"uv":[5,1.75,7,2.75],"texture":"#main"},"west":{"uv":[2.75,4,4.75,5],"texture":"#main"},"up":{"uv":[2.75,1.75,4.75,2.75],"texture":"#main","rotation":90}}},{"from":[7,0,-1],"to":[15,3,2],"faces":{"east":{"uv":[2.5,8.75,3.25,9.5],"texture":"#main"},"south":{"uv":[0.25,8.75,2.25,9.5],"texture":"#main"},"north":{"uv":[0.25,8.75,2.25,9.5],"texture":"#main"},"west":{"uv":[3.5,8.75,4.25,9.5],"texture":"#main"},"up":{"uv":[0.25,8.75,2.25,9.5],"texture":"#main"},"down":{"uv":[0.25,8.75,2.25,9.5],"texture":"#main"}}},{"from":[10,2,3],"to":[11,4,9],"faces":{"east":{"uv":[0.75,1.5,2.5,2],"texture":"#main"},"south":{"uv":[0.75,1.25,1,1.75],"texture":"#main","rotation":90},"north":{"uv":[0.75,1.25,1,1.75],"texture":"#main","rotation":90},"up":{"uv":[0.75,1.5,2.5,1.75],"texture":"#main","rotation":90},"down":{"uv":[0.75,1.5,2.5,1.75],"texture":"#main","rotation":90}}},{"rotation":{"origin":[6.5,8,6],"angle":22.5,"axis":"z"},"from":[3,6,3],"to":[10,8,9],"faces":{"east":{"uv":[2.75,5.25,4.25,5.75],"texture":"#main","rotation":180},"south":{"uv":[4.5,6.5,6.25,7.5],"texture":"#main"},"north":{"uv":[4.5,6.5,6.25,7.5],"texture":"#main"},"west":{"uv":[4.5,5.25,6,6.25],"texture":"#main"},"up":{"uv":[6.75,6.5,8.25,8.25],"texture":"#main"},"down":{"uv":[6.75,6.5,8.25,8.25],"texture":"#main","rotation":90}}},{"from":[7,6,3.01],"to":[9,7,8.99],"faces":{"east":{"uv":[3,1.25,4.494531,1.5],"texture":"#main"},"south":{"uv":[0.75,1.25,1,1.75],"texture":"#main","rotation":90},"north":{"uv":[0.75,1.25,1,1.75],"texture":"#main","rotation":90},"up":{"uv":[0.75,1.5,2.245,2],"texture":"#main","rotation":90},"down":{"uv":[0.75,1.5,2.245,2],"texture":"#main","rotation":90}}},{"from":[10.2,4,6],"to":[10.201,8,7],"faces":{"east":{"uv":[0.75,1.5,1,2.5],"texture":"#main"},"south":{"uv":[0.75,1.25,1.75,1.25],"texture":"#main","rotation":90},"north":{"uv":[0.75,1.25,1.75,1.25],"texture":"#main","rotation":90},"up":{"uv":[0.75,1.5,1,1.5],"texture":"#main","rotation":90},"down":{"uv":[0.75,1.5,1,1.5],"texture":"#main","rotation":90}}},{"rotation":{"origin":[5.738392,9.846428,5.997571],"angle":22.5,"axis":"z"},"from":[2.2384,7.8464,2.9976],"to":[9.2384,9.8464,8.997601],"faces":{"east":{"uv":[4.75,5.25,6,5.75],"texture":"#main"},"south":{"uv":[4.5,6.5,6.25,7],"texture":"#main"},"north":{"uv":[4.5,6.5,6.25,7],"texture":"#main"},"west":{"uv":[4.5,5.25,6,5.75],"texture":"#main"},"up":{"uv":[6.75,6.5,8.25,8.25],"texture":"#main"},"down":{"uv":[6.75,6.5,8.25,8.25],"texture":"#main","rotation":90}}}],"display":{"head":{"rotation":[0,90,0],"translation":[4.9782,-23.47,-4.173],"scale":[2.5,2.5,2.5]},"firstperson_righthand":{"scale":[0.0001,0.0001,0.0001]},"thirdperson_lefthand":{"scale":[0.0001,0.0001,0.0001]},"firstperson_lefthand":{"scale":[0.0001,0.0001,0.0001]}}}