{"parent":"physical_parent","textures":{"main":"pokemon/nidoranm"},"elements":[{"from":[4.4,3,1],"to":[14.41,11,14.01],"faces":{"east":{"uv":[0,2.25,3.25,4.25],"texture":"#main"},"south":{"uv":[3.5,0,6,2],"texture":"#main"},"north":{"uv":[3.5,2.25,6,4.25],"texture":"#main"},"west":{"uv":[0,0,3.25,2],"texture":"#main"},"up":{"uv":[0,4.75,3.25,7.25],"texture":"#main"},"down":{"uv":[0,7.5,3.25,10],"texture":"#main"}}},{"from":[6.5,11,4],"to":[6.6,16,14],"faces":{"east":{"uv":[12,3.25,14.25,4],"texture":"#main"},"west":{"uv":[12,2.25,14.25,3],"texture":"#main"}}},{"from":[9.5,11,4],"to":[9.6,19,14],"faces":{"east":{"uv":[12,0,14.75,2],"texture":"#main"},"west":{"uv":[9,1,11.75,3],"texture":"#main"}}},{"from":[12.5,11,4],"to":[12.6,16,14],"faces":{"east":{"uv":[12,3.25,14.25,4],"texture":"#main"},"west":{"uv":[12,2.25,14.25,3],"texture":"#main"}}},{"from":[6,4.01,-10],"to":[13,9.01,-7],"faces":{"east":{"uv":[8.25,7.5,9,8.75],"texture":"#main"},"north":{"uv":[9.75,7.5,11.5,8.75],"texture":"#main"},"west":{"uv":[7.25,7.5,8,8.75],"texture":"#main"},"up":{"uv":[11.75,7.5,13.5,8.25],"texture":"#main","rotation":180},"down":{"uv":[11.75,8.5,13.5,9.25],"texture":"#main","rotation":180}}},{"rotation":{"origin":[8,25,3],"angle":22.5,"axis":"x"},"from":[8,7,-5],"to":[11,9,0],"faces":{"east":{"uv":[0,11.75,1.25,12.25],"texture":"#main"},"north":{"uv":[0,10.25,1,11],"texture":"#main"},"west":{"uv":[0,11.75,1.25,12.25],"texture":"#main"},"up":{"uv":[0,10.25,1.25,11.25],"texture":"#main","rotation":90},"down":{"uv":[0,10.25,1.25,11.25],"texture":"#main","rotation":270}}},{"rotation":{"origin":[-0.6,12,-4],"angle":45,"axis":"x"},"from":[4.9,14,-5],"to":[5,28,3],"faces":{"east":{"uv":[7,11.75,10.5,13.75],"texture":"#main","rotation":270},"west":{"uv":[7,9.5,10.5,11.5],"texture":"#main","rotation":270}}},{"from":[5,4,-8],"to":[14,13,1],"faces":{"east":{"uv":[9.75,4.75,12,7],"texture":"#main"},"south":{"uv":[12.25,4.75,14.5,7],"texture":"#main","rotation":180},"north":{"uv":[12.25,4.75,14.5,7],"texture":"#main"},"west":{"uv":[7.25,4.75,9.5,7],"texture":"#main"},"up":{"uv":[12.25,4.75,14.5,7],"texture":"#main"},"down":{"uv":[12.25,4.75,14.5,7],"texture":"#main"}}},{"from":[3.5,0,-2],"to":[6.5,3,6],"faces":{"east":{"uv":[8.5,3.5,10.5,4.25],"texture":"#main"},"south":{"uv":[7.5,1.5,8.25,2.25],"texture":"#main","rotation":90},"north":{"uv":[6.5,1.5,7.25,2.25],"texture":"#main","rotation":90},"west":{"uv":[6.5,3.5,8.5,4.25],"texture":"#main"},"up":{"uv":[6.5,2.5,8.5,3.25],"texture":"#main","rotation":90},"down":{"uv":[6.5,2.5,8.5,3.25],"texture":"#main","rotation":270}}},{"from":[3.5,1,9],"to":[6.5,7,15],"faces":{"east":{"uv":[5.5,4.75,7,6.25],"texture":"#main"},"south":{"uv":[4.5,6.5,5.25,8],"texture":"#main"},"north":{"uv":[3.5,6.5,4.25,8],"texture":"#main"},"west":{"uv":[3.75,4.75,5.25,6.25],"texture":"#main"},"up":{"uv":[4.5,6.5,5.25,8],"texture":"#main"},"down":{"uv":[3.5,6.5,4.25,8],"texture":"#main"}}},{"from":[12.5,0,-2],"to":[15.5,3,6],"faces":{"east":{"uv":[8.5,3.5,10.5,4.25],"texture":"#main"},"south":{"uv":[7.5,1.5,8.25,2.25],"texture":"#main","rotation":90},"north":{"uv":[6.5,1.5,7.25,2.25],"texture":"#main","rotation":90},"west":{"uv":[6.5,3.5,8.5,4.25],"texture":"#main"},"up":{"uv":[6.5,2.5,8.5,3.25],"texture":"#main","rotation":90},"down":{"uv":[6.5,2.5,8.5,3.25],"texture":"#main","rotation":270}}},{"rotation":{"origin":[8,16,4],"angle":22.5,"axis":"x"},"from":[8,-2,-4],"to":[11,0,-3.9],"faces":{"south":{"uv":[6.5,1.5,7,2.25],"texture":"#main","rotation":270},"north":{"uv":[6.5,1.5,7,2.25],"texture":"#main","rotation":270}}},{"from":[12.5,1,9],"to":[15.5,7,15],"faces":{"east":{"uv":[5.5,4.75,7,6.25],"texture":"#main"},"south":{"uv":[4.5,6.5,5.25,8],"texture":"#main","rotation":180},"north":{"uv":[3.5,6.5,4.25,8],"texture":"#main"},"west":{"uv":[3.75,4.75,5.25,6.25],"texture":"#main"},"up":{"uv":[4.5,6.5,5.25,8],"texture":"#main"},"down":{"uv":[3.5,6.5,4.25,8],"texture":"#main"}}},{"from":[13.5,0,8],"to":[16.5,3,14],"faces":{"east":{"uv":[8.75,3.5,10.25,4.25],"texture":"#main"},"south":{"uv":[7.5,1.5,8.25,2.25],"texture":"#main","rotation":90},"north":{"uv":[6.5,1.5,7.25,2.25],"texture":"#main","rotation":90},"west":{"uv":[6.75,3.5,8.25,4.25],"texture":"#main"},"up":{"uv":[6.75,2.5,8.25,3.25],"texture":"#main","rotation":90},"down":{"uv":[6.5,2.5,8,3.25],"texture":"#main","rotation":270}}},{"from":[2.5,0,8],"to":[5.5,3,14],"faces":{"east":{"uv":[8.75,3.5,10.25,4.25],"texture":"#main"},"south":{"uv":[7.5,1.5,8.25,2.25],"texture":"#main","rotation":90},"north":{"uv":[6.5,1.5,7.25,2.25],"texture":"#main","rotation":90},"west":{"uv":[6.75,3.5,8.25,4.25],"texture":"#main"},"up":{"uv":[6.75,2.5,8.25,3.25],"texture":"#main","rotation":90},"down":{"uv":[6.5,2.5,8,3.25],"texture":"#main","rotation":270}}},{"rotation":{"origin":[8.5,12,-4],"angle":45,"axis":"x"},"from":[14,14,-5],"to":[14.1,28,3],"faces":{"east":{"uv":[3.5,9.5,7,11.5],"texture":"#main","rotation":90},"west":{"uv":[7,11.75,10.5,13.75],"texture":"#main","rotation":270}}}],"display":{"head":{"translation":[-1.5,-35,1.3913]},"firstperson_righthand":{"scale":[0.0001,0.0001,0.0001]},"thirdperson_lefthand":{"scale":[0.0001,0.0001,0.0001]},"firstperson_lefthand":{"scale":[0.0001,0.0001,0.0001]}}}