{"parent":"physical_parent","textures":{"main":"pokemon/onix"},"elements":[{"from":[2,-14,11],"to":[5,-11,14],"faces":{"east":{"uv":[3.25,2.75,4,3.5],"texture":"#main","rotation":90},"south":{"uv":[4.75,2.75,5.5,3.5],"texture":"#main","rotation":90},"north":{"uv":[2.5,2.75,3.25,3.5],"texture":"#main","rotation":270},"west":{"uv":[2.5,2.75,3.25,3.5],"texture":"#main","rotation":180},"up":{"uv":[3.25,2.75,4,3.5],"texture":"#main","rotation":180},"down":{"uv":[5.5,2.75,6.25,3.5],"texture":"#main","rotation":270}}},{"from":[1,-13,14],"to":[4,-10,17],"faces":{"east":{"uv":[7,2.75,7.75,3.5],"texture":"#main","rotation":90},"south":{"uv":[4.75,2.75,5.5,3.5],"texture":"#main","rotation":90},"north":{"uv":[2.5,2.75,3.25,3.5],"texture":"#main","rotation":180},"west":{"uv":[7,2.75,7.75,3.5],"texture":"#main","rotation":90},"up":{"uv":[3.25,3.5,4,4.25],"texture":"#main","rotation":180},"down":{"uv":[4.75,2.75,5.5,3.5],"texture":"#main","rotation":180}}},{"from":[2,-10,16],"to":[5,-7,19],"faces":{"east":{"uv":[5.5,3.5,6.25,4.25],"texture":"#main","rotation":270},"south":{"uv":[5.5,2.75,6.25,3.5],"texture":"#main","rotation":270},"north":{"uv":[3.25,3.5,4,4.25],"texture":"#main","rotation":180},"west":{"uv":[7,2.75,7.75,3.5],"texture":"#main","rotation":180},"up":{"uv":[5.5,3.5,6.25,4.25],"texture":"#main","rotation":270},"down":{"uv":[5.5,3.5,6.25,4.25],"texture":"#main","rotation":270}}},{"from":[3,-7,16],"to":[7,-3,20],"faces":{"east":{"uv":[7.75,3.5,8.75,4.5],"texture":"#main","rotation":180},"south":{"uv":[6.75,2.75,7.75,3.75],"texture":"#main","rotation":180},"north":{"uv":[3.25,3.5,4.25,4.5],"texture":"#main","rotation":180},"west":{"uv":[7.5,2.75,8.5,3.75],"texture":"#main","rotation":180},"up":{"uv":[3.25,3.5,4.25,4.5],"texture":"#main","rotation":270},"down":{"uv":[6.75,2.75,7.75,3.75],"texture":"#main","rotation":180}}},{"from":[4,-3,14],"to":[8,1,18],"faces":{"east":{"uv":[7.75,3.5,8.75,4.5],"texture":"#main"},"south":{"uv":[7,2.75,8,3.75],"texture":"#main"},"north":{"uv":[7.75,3.5,8.75,4.5],"texture":"#main","rotation":90},"west":{"uv":[5,2.75,6,3.75],"texture":"#main","rotation":180},"up":{"uv":[7.75,3.5,8.75,4.5],"texture":"#main","rotation":270},"down":{"uv":[7.75,3.5,8.75,4.5],"texture":"#main","rotation":180}}},{"from":[4,1,16],"to":[9,6,21],"faces":{"east":{"uv":[3,2.75,4.25,4],"texture":"#main"},"south":{"uv":[7.25,2.75,8.5,4],"texture":"#main"},"north":{"uv":[5,2.75,6.25,4],"texture":"#main"},"west":{"uv":[5,2.75,6.25,4],"texture":"#main","rotation":180},"up":{"uv":[3,2.75,4.25,4],"texture":"#main","rotation":180},"down":{"uv":[3,2.75,4.25,4],"texture":"#main","rotation":270}}},{"from":[3,6,18],"to":[8,11,23],"faces":{"east":{"uv":[5,2.75,6.25,4],"texture":"#main"},"south":{"uv":[5,3,6.25,4.25],"texture":"#main"},"north":{"uv":[7,3.25,8.25,4.5],"texture":"#main"},"west":{"uv":[6.75,2.75,8,4],"texture":"#main","rotation":180},"up":{"uv":[3,2.75,4.25,4],"texture":"#main"},"down":{"uv":[3,3.25,4.25,4.5],"texture":"#main"}}},{"from":[4,11,20],"to":[10,17,26],"faces":{"east":{"uv":[0.25,2.5,1.75,4.25],"texture":"#main","rotation":90},"south":{"uv":[0.5,2.75,2,4.5],"texture":"#main","rotation":270},"north":{"uv":[0.5,3,2,4.5],"texture":"#main","rotation":180},"west":{"uv":[0,2.5,1.5,4],"texture":"#main","rotation":180},"up":{"uv":[0.5,2.75,2,4.5],"texture":"#main","rotation":90},"down":{"uv":[0.5,2.75,2,4.5],"texture":"#main","rotation":90}}},{"from":[5,17,18],"to":[12,24,25],"faces":{"east":{"uv":[6.75,2.5,8.5,4.25],"texture":"#main","rotation":180},"south":{"uv":[2.5,2.75,4.25,4.5],"texture":"#main","rotation":180},"north":{"uv":[4.75,2.75,6.5,4.5],"texture":"#main","rotation":90},"west":{"uv":[4.75,2.75,6.5,4.5],"texture":"#main","rotation":180},"up":{"uv":[4.5,2.75,6.25,4.5],"texture":"#main","rotation":180},"down":{"uv":[6.75,2.5,8.5,4.25],"texture":"#main","rotation":180}}},{"from":[5,20,11],"to":[12,27,18],"faces":{"east":{"uv":[4.75,2.75,6.5,4.5],"texture":"#main","rotation":90},"south":{"uv":[4.75,2.75,6.5,4.5],"texture":"#main","rotation":180},"north":{"uv":[6.75,2.75,8.5,4.5],"texture":"#main","rotation":90},"west":{"uv":[7,2.75,8.75,4.5],"texture":"#main","rotation":90},"up":{"uv":[4.75,2.75,6.5,4.5],"texture":"#main","rotation":90},"down":{"uv":[4.75,2.75,6.5,4.5],"texture":"#main","rotation":90}}},{"from":[4,17,3],"to":[12,25,11],"faces":{"east":{"uv":[0,2.5,2,4.5],"texture":"#main","rotation":90},"south":{"uv":[0,2.5,2,4.5],"texture":"#main","rotation":90},"north":{"uv":[2.25,2.5,4.25,4.5],"texture":"#main"},"west":{"uv":[2.25,2.5,4.25,4.5],"texture":"#main","rotation":180},"up":{"uv":[2.25,2.5,4.25,4.5],"texture":"#main"},"down":{"uv":[0,2.5,2,4.5],"texture":"#main","rotation":90}}},{"from":[4,14,-6],"to":[13,23,3],"faces":{"east":{"uv":[2.5,0,4.75,2.25],"texture":"#main"},"south":{"uv":[5,0,7.25,2.25],"texture":"#main"},"north":{"uv":[7.5,0,9.75,2.25],"texture":"#main"},"west":{"uv":[0,0,2.25,2.25],"texture":"#main"},"up":{"uv":[5,0,7.25,2.25],"texture":"#main"},"down":{"uv":[5,0,7.25,2.25],"texture":"#main"}}},{"from":[8,23,-3],"to":[9,32,2],"faces":{"east":{"uv":[11.5,0,12.75,2.25],"texture":"#main"},"south":{"uv":[13,0,14.25,2],"texture":"#main"},"north":{"uv":[13,0,14.25,2],"texture":"#main"},"west":{"uv":[10,0,11.25,2.25],"texture":"#main"},"up":{"uv":[13,0,14.25,2],"texture":"#main"}}},{"from":[7,16,-7],"to":[10,23,-6],"faces":{"east":{"uv":[0.75,0,1,2.25],"texture":"#main"},"south":{"uv":[5,0,7.25,2.25],"texture":"#main"},"north":{"uv":[8.25,0,9,1.75],"texture":"#main"},"west":{"uv":[0.75,0,1,2.25],"texture":"#main"},"up":{"uv":[8.25,0,9,0.25],"texture":"#main"},"down":{"uv":[8.25,0,9,0.25],"texture":"#main"}}}],"display":{"head":{"scale":[2.5,2.5,2.5]},"firstperson_righthand":{"scale":[0.0001,0.0001,0.0001]},"thirdperson_lefthand":{"scale":[0.0001,0.0001,0.0001]},"firstperson_lefthand":{"scale":[0.0001,0.0001,0.0001]}}}