{"parent":"physical_parent","textures":{"main":"pokemon/pelipper"},"texture_size":[64,64],"elements":[{"rotation":{"origin":[15,11,13],"angle":0,"axis":"y"},"from":[4,3,0],"to":[12,11,9],"faces":{"east":{"uv":[0,0,2.25,2],"texture":"#main"},"south":{"uv":[5.75,2,7.75,4],"texture":"#main"},"north":{"uv":[5.75,0,7.75,2],"texture":"#main"},"west":{"uv":[0,2,2.25,4],"texture":"#main"},"up":{"uv":[4.25,4.5,2.25,2.25],"texture":"#main"},"down":{"uv":[4.25,0,2.25,2.25],"texture":"#main"}}},{"rotation":{"origin":[15,12,13],"angle":0,"axis":"y"},"from":[4,12,0],"to":[12,12,9],"faces":{"east":{"uv":[0,0,2.25,0],"texture":"#main"},"south":{"uv":[0,0,2,0],"texture":"#main"},"north":{"uv":[0,0,2,0],"texture":"#main"},"west":{"uv":[0,0,2.25,0],"texture":"#main"},"up":{"uv":[2,6.25,0,4],"texture":"#main"},"down":{"uv":[6.25,4.25,4.25,6.5],"texture":"#main"}}},{"rotation":{"origin":[14.31399,7.55623,24],"angle":22.5,"axis":"z"},"from":[-1.68601,13.55623,9],"to":[9.31399,13.55623,15],"faces":{"east":{"uv":[0,1.5,0,0],"texture":"#main","rotation":90},"south":{"uv":[0,0,0,2.75],"texture":"#main","rotation":90},"north":{"uv":[0,0,0,2.75],"texture":"#main","rotation":270},"west":{"uv":[0,0,0,1.5],"texture":"#main","rotation":90},"up":{"uv":[2,4.5,3.5,7.25],"texture":"#main","rotation":90},"down":{"uv":[4.25,0,5.75,2.75],"texture":"#main","rotation":90}}},{"rotation":{"origin":[1.68601,7.55623,24],"angle":-22.5,"axis":"z"},"from":[6.68601,13.55623,9],"to":[17.68601,13.55623,15],"faces":{"east":{"uv":[0,0,0,1.5],"texture":"#main","rotation":270},"south":{"uv":[0,0,0,2.75],"texture":"#main","rotation":270},"north":{"uv":[0,0,0,2.75],"texture":"#main","rotation":90},"west":{"uv":[0,1.5,0,0],"texture":"#main","rotation":270},"up":{"uv":[3.5,4.5,2,7.25],"texture":"#main","rotation":270},"down":{"uv":[5.75,0,4.25,2.75],"texture":"#main","rotation":270}}},{"rotation":{"origin":[15,11,23],"angle":0,"axis":"y"},"from":[6,4,9],"to":[10,11,14],"faces":{"east":{"uv":[6.25,6.25,7.5,8],"texture":"#main"},"south":{"uv":[7.5,5.25,8.5,7],"texture":"#main"},"north":{"uv":[5,6.5,6,8.25],"texture":"#main"},"west":{"uv":[6.25,4,7.5,5.75],"texture":"#main"},"up":{"uv":[1,9,0,7.75],"texture":"#main"},"down":{"uv":[4,7.75,3,9],"texture":"#main"}}},{"rotation":{"origin":[15,19,14],"angle":0,"axis":"y"},"from":[5,11,6],"to":[11,16,12],"faces":{"east":{"uv":[1.5,7.25,3,8.5],"texture":"#main"},"south":{"uv":[7.5,7.5,9,8.75],"texture":"#main"},"north":{"uv":[3.5,6.5,5,7.75],"texture":"#main"},"west":{"uv":[7.5,4,9,5.25],"texture":"#main"},"up":{"uv":[5.75,4.25,4.25,2.75],"texture":"#main"},"down":{"uv":[1.5,6.25,0,7.75],"texture":"#main"}}}],"display":{"head":{"translation":[0,-11.5,-2],"scale":[2.04,2.04,2.04]}}}