{"parent":"physical_parent","textures":{"main":"pokemon/ponyta"},"elements":[{"from":[4,0,3],"to":[6,5,5],"faces":{"east":{"uv":[0,3,0.5,4.25],"texture":"#main"},"south":{"uv":[1.5,3,2,4.25],"texture":"#main"},"north":{"uv":[0,4.5,0.5,5.75],"texture":"#main"},"west":{"uv":[0.75,3,1.25,4.25],"texture":"#main"},"up":{"uv":[1,4.5,1.5,5],"texture":"#main","rotation":270},"down":{"uv":[1,4.5,1.5,5],"texture":"#main","rotation":270}}},{"from":[4,0,10],"to":[6,5,12],"faces":{"east":{"uv":[0,3,0.5,4.25],"texture":"#main"},"south":{"uv":[1.5,3,2,4.25],"texture":"#main"},"north":{"uv":[0,4.5,0.5,5.75],"texture":"#main"},"west":{"uv":[0.75,3,1.25,4.25],"texture":"#main"},"up":{"uv":[1,4.5,1.5,5],"texture":"#main","rotation":270},"down":{"uv":[1,4.5,1.5,5],"texture":"#main","rotation":270}}},{"from":[8,0,10],"to":[10,5,12],"faces":{"east":{"uv":[0,3,0.5,4.25],"texture":"#main"},"south":{"uv":[1.5,3,2,4.25],"texture":"#main"},"north":{"uv":[0,4.5,0.5,5.75],"texture":"#main"},"west":{"uv":[0.75,3,1.25,4.25],"texture":"#main"},"up":{"uv":[1,4.5,1.5,5],"texture":"#main","rotation":270},"down":{"uv":[1,4.5,1.5,5],"texture":"#main","rotation":270}}},{"from":[8,0,3],"to":[10,5,5],"faces":{"east":{"uv":[0,3,0.5,4.25],"texture":"#main"},"south":{"uv":[1.5,3,2,4.25],"texture":"#main"},"north":{"uv":[0,4.5,0.5,5.75],"texture":"#main"},"west":{"uv":[0.75,3,1.25,4.25],"texture":"#main"},"up":{"uv":[1,4.5,1.5,5],"texture":"#main","rotation":270},"down":{"uv":[1,4.5,1.5,5],"texture":"#main","rotation":270}}},{"from":[4,5,3],"to":[10,10,12],"faces":{"east":{"uv":[0,1.5,2.25,2.75],"texture":"#main"},"south":{"uv":[2.5,0,4,1.25],"texture":"#main"},"north":{"uv":[2.5,0,4,1.25],"texture":"#main"},"west":{"uv":[0,0,2.25,1.25],"texture":"#main"},"up":{"uv":[2.5,1.5,4.75,3],"texture":"#main","rotation":90},"down":{"uv":[2.5,1.5,4.75,3],"texture":"#main","rotation":90}}},{"from":[5,10,3],"to":[9,17,6],"faces":{"east":{"uv":[3,4.5,3.75,6.25],"texture":"#main"},"south":{"uv":[1.75,4.5,2.75,6.25],"texture":"#main"},"north":{"uv":[1.75,4.5,2.75,6.25],"texture":"#main"},"west":{"uv":[3,4.5,3.75,6.25],"texture":"#main"},"up":{"uv":[4,5.5,5,6.25],"texture":"#main"}}},{"from":[5,13,-1],"to":[9,17,3],"faces":{"east":{"uv":[8,5.25,8.75,6.25],"texture":"#main"},"north":{"uv":[6.5,6.5,7.5,7.5],"texture":"#main"},"west":{"uv":[6.5,5.25,7.5,6.25],"texture":"#main"},"up":{"uv":[7.75,6.5,8.75,7.5],"texture":"#main"},"down":{"uv":[7.75,6.5,8.75,7.5],"texture":"#main"}}},{"from":[5,15,6],"to":[5.1,18,10],"faces":{"east":{"uv":[10.25,7.75,11.25,8.5],"texture":"#main"},"west":{"uv":[9,6.75,10,7.5],"texture":"#main"}}},{"from":[9,15,6],"to":[9.1,18,10],"faces":{"east":{"uv":[10.25,6.75,11.25,7.5],"texture":"#main"},"west":{"uv":[8.75,7.75,10,8.5],"texture":"#main"}}},{"from":[7,16,1],"to":[7.1,22,10],"faces":{"east":{"uv":[11.75,10.25,14,11.75],"texture":"#main"},"west":{"uv":[9,10.25,11.25,11.75],"texture":"#main"}}},{"from":[7,7,12],"to":[7.1,13,21],"faces":{"east":{"uv":[11.75,12.25,14,13.75],"texture":"#main"},"west":{"uv":[9,12.25,11.25,13.75],"texture":"#main"}}},{"from":[5,1,5],"to":[5.1,4,9],"faces":{"east":{"uv":[10.25,8.75,11.25,9.5],"texture":"#main"},"west":{"uv":[9,8.75,10,9.5],"texture":"#main"}}},{"from":[9,1,5],"to":[9.1,4,9],"faces":{"east":{"uv":[10.25,8.75,11.25,9.5],"texture":"#main"},"west":{"uv":[9,8.75,10,9.5],"texture":"#main"}}},{"from":[9,3,12],"to":[9.1,6,16],"faces":{"east":{"uv":[10.25,8.75,11.25,9.5],"texture":"#main"},"west":{"uv":[9,8.75,10,9.5],"texture":"#main"}}},{"from":[5,3,12],"to":[5.1,6,16],"faces":{"east":{"uv":[10.25,8.75,11.25,9.5],"texture":"#main"},"west":{"uv":[9,8.75,10,9.5],"texture":"#main"}}}],"display":{"head":{"translation":[2.0869,-27.82,0.6956],"scale":[2,2,2]},"firstperson_righthand":{"scale":[0.0001,0.0001,0.0001]},"thirdperson_lefthand":{"scale":[0.0001,0.0001,0.0001]},"firstperson_lefthand":{"scale":[0.0001,0.0001,0.0001]}}}