{"credit":"Made with Blockbench","texture_size":[32,32],"textures":{"main":"pokemon/purrloin"},"elements":[{"from":[-1.5,1.76731,-1.32048],"to":[1.5,5.01731,2.67952],"rotation":{"angle":22.5,"axis":"x","origin":[0,2.74231,0.07952]},"faces":{"north":{"uv":[5.5,9.75,4,8],"rotation":180,"texture":"#main"},"east":{"uv":[0,7,1.75,9],"rotation":90,"texture":"#main"},"south":{"uv":[9.5,4,8,5.75],"texture":"#main"},"west":{"uv":[2,7,3.75,9],"rotation":270,"texture":"#main"},"up":{"uv":[8,2,9.5,4],"texture":"#main"},"down":{"uv":[8,0,9.5,2],"rotation":180,"texture":"#main"}}},{"from":[-1.25,3,-1.75],"to":[1.25,6,0.75],"rotation":{"angle":0,"axis":"y","origin":[0,3.5,0]},"faces":{"north":{"uv":[5.5,8,6.75,9.5],"texture":"#main"},"east":{"uv":[8,6,9.25,7.5],"texture":"#main"},"south":{"uv":[7,8,8.25,9.5],"texture":"#main"},"west":{"uv":[8.5,7.5,9.75,9],"texture":"#main"},"up":{"uv":[1.25,10.25,0,9],"texture":"#main"},"down":{"uv":[2.75,9,1.5,10.25],"texture":"#main"}}},{"from":[-1.25,5.75,-3],"to":[1.25,7,-2.5],"rotation":{"angle":0,"axis":"y","origin":[0,5.75,-6.5]},"faces":{"north":{"uv":[6.5,9.5,7.75,10.25],"texture":"#main"},"east":{"uv":[5,10,5.25,10.75],"texture":"#main"},"south":{"uv":[9.5,9,10.75,9.75],"texture":"#main"},"west":{"uv":[10,7.5,10.25,8.25],"texture":"#main"},"up":{"uv":[11.25,4.75,10,4.5],"texture":"#main"},"down":{"uv":[11.25,5,10,5.25],"texture":"#main"}}},{"from":[-2,5.75,-2.5],"to":[2,9.75,1.5],"rotation":{"angle":0,"axis":"y","origin":[0,5.75,-2.5]},"faces":{"north":{"uv":[4,0,6,2],"texture":"#main"},"east":{"uv":[4,2,6,4],"texture":"#main"},"south":{"uv":[4,4,6,6],"texture":"#main"},"west":{"uv":[0,5,2,7],"texture":"#main"},"up":{"uv":[4,7,2,5],"texture":"#main"},"down":{"uv":[8,0,6,2],"texture":"#main"}}},{"from":[-2,5.75,-1.5],"to":[-2,9.75,2.5],"rotation":{"angle":-45,"axis":"y","origin":[-2,7.75,-1.5]},"faces":{"north":{"uv":[0,0,0,2],"texture":"#main"},"east":{"uv":[6,6,4,8],"texture":"#main"},"south":{"uv":[0,0,0,2],"texture":"#main"},"west":{"uv":[4,6,6,8],"texture":"#main"},"up":{"uv":[0,2,0,0],"texture":"#main"},"down":{"uv":[0,0,0,2],"texture":"#main"}}},{"from":[2,5.75,-1.5],"to":[2,9.75,2.5],"rotation":{"angle":45,"axis":"y","origin":[2,7.75,-1.5]},"faces":{"north":{"uv":[0,0,0,2],"texture":"#main"},"east":{"uv":[6,6,4,8],"texture":"#main"},"south":{"uv":[0,0,0,2],"texture":"#main"},"west":{"uv":[4,6,6,8],"texture":"#main"},"up":{"uv":[0,2,0,0],"texture":"#main"},"down":{"uv":[0,0,0,2],"texture":"#main"}}},{"from":[2,9.75,-3],"to":[2,13.75,1],"rotation":{"angle":-22.5,"axis":"z","origin":[2,9.75,-1]},"faces":{"north":{"uv":[0,0,0,2],"texture":"#main"},"east":{"uv":[8,6,6,8],"texture":"#main"},"south":{"uv":[0,0,0,2],"texture":"#main"},"west":{"uv":[6,6,8,8],"texture":"#main"},"up":{"uv":[0,2,0,0],"texture":"#main"},"down":{"uv":[0,0,0,2],"texture":"#main"}}},{"from":[-2,9.75,-3],"to":[-2,13.75,1],"rotation":{"angle":22.5,"axis":"z","origin":[-2,9.75,-1]},"faces":{"north":{"uv":[0,0,0,2],"texture":"#main"},"east":{"uv":[8,6,6,8],"texture":"#main"},"south":{"uv":[0,0,0,2],"texture":"#main"},"west":{"uv":[6,6,8,8],"texture":"#main"},"up":{"uv":[0,2,0,0],"texture":"#main"},"down":{"uv":[0,0,0,2],"texture":"#main"}}},{"from":[0,2,2.75],"to":[0,6.5,6.75],"rotation":{"angle":0,"axis":"y","origin":[-1.5,2,4.75]},"faces":{"north":{"uv":[0,0,0,2.25],"texture":"#main"},"east":{"uv":[0,0,2,2.25],"texture":"#main"},"south":{"uv":[0,0,0,2.25],"texture":"#main"},"west":{"uv":[2,0,4,2.25],"texture":"#main"},"up":{"uv":[0,2,0,0],"texture":"#main"},"down":{"uv":[0,0,0,2],"texture":"#main"}}},{"from":[0,4,6.75],"to":[0,8.5,10.75],"rotation":{"angle":0,"axis":"y","origin":[-1.5,4,8.75]},"faces":{"north":{"uv":[0,0,0,2.25],"texture":"#main"},"east":{"uv":[0,2.5,2,4.75],"texture":"#main"},"south":{"uv":[0,0,0,2.25],"texture":"#main"},"west":{"uv":[2,2.5,4,4.75],"texture":"#main"},"up":{"uv":[0,2,0,0],"texture":"#main"},"down":{"uv":[0,0,0,2],"texture":"#main"}}},{"from":[-2,0,-1.25],"to":[-1,3.75,-0.25],"rotation":{"angle":22.5,"axis":"x","origin":[-1.5,3.625,-1.5]},"faces":{"north":{"uv":[9.5,3,10,5],"texture":"#main"},"east":{"uv":[9.5,5,10,7],"texture":"#main"},"south":{"uv":[5.5,9.5,6,11.5],"texture":"#main"},"west":{"uv":[6,9.5,6.5,11.5],"texture":"#main"},"up":{"uv":[8.5,8,8,7.5],"texture":"#main"},"down":{"uv":[8.5,9.5,8,10],"texture":"#main"}}},{"from":[-2.5,0,1.5],"to":[-1,3,3.5],"rotation":{"angle":0,"axis":"y","origin":[-2.5,0,0.5]},"faces":{"north":{"uv":[9.5,0,10.25,1.5],"texture":"#main"},"east":{"uv":[3,9,4,10.5],"texture":"#main"},"south":{"uv":[9.5,1.5,10.25,3],"texture":"#main"},"west":{"uv":[8.5,9,9.5,10.5],"texture":"#main"},"up":{"uv":[10.75,4,10,3],"texture":"#main"},"down":{"uv":[4.75,10,4,11],"texture":"#main"}}},{"from":[-2.5,0,1],"to":[-1,0.75,1.5],"rotation":{"angle":0,"axis":"y","origin":[-2.5,0,-1.5]},"faces":{"north":{"uv":[9.5,7,10.25,7.5],"texture":"#main"},"east":{"uv":[10,6.5,10.25,7],"texture":"#main"},"south":{"uv":[10,4,10.75,4.5],"texture":"#main"},"west":{"uv":[8,10,8.25,10.5],"texture":"#main"},"up":{"uv":[10.75,5.75,10,5.5],"texture":"#main"},"down":{"uv":[10.75,6,10,6.25],"texture":"#main"}}},{"from":[1,0,1.5],"to":[2.5,3,3.5],"rotation":{"angle":0,"axis":"y","origin":[2.5,0,0.5]},"faces":{"north":{"uv":[10.25,0,9.5,1.5],"texture":"#main"},"east":{"uv":[9.5,9,8.5,10.5],"texture":"#main"},"south":{"uv":[10.25,1.5,9.5,3],"texture":"#main"},"west":{"uv":[4,9,3,10.5],"texture":"#main"},"up":{"uv":[10,4,10.75,3],"texture":"#main"},"down":{"uv":[4,10,4.75,11],"texture":"#main"}}},{"from":[1,0,1],"to":[2.5,0.75,1.5],"rotation":{"angle":0,"axis":"y","origin":[2.5,0,-1.5]},"faces":{"north":{"uv":[10.25,7,9.5,7.5],"texture":"#main"},"east":{"uv":[8.25,10,8,10.5],"texture":"#main"},"south":{"uv":[10.75,4,10,4.5],"texture":"#main"},"west":{"uv":[10.25,6.5,10,7],"texture":"#main"},"up":{"uv":[10,5.75,10.75,5.5],"texture":"#main"},"down":{"uv":[10,6,10.75,6.25],"texture":"#main"}}},{"from":[1,0,-1.25],"to":[2,3.75,-0.25],"rotation":{"angle":22.5,"axis":"x","origin":[1.5,3.625,-1.5]},"faces":{"north":{"uv":[10,3,9.5,5],"texture":"#main"},"east":{"uv":[6.5,9.5,6,11.5],"texture":"#main"},"south":{"uv":[6,9.5,5.5,11.5],"texture":"#main"},"west":{"uv":[10,5,9.5,7],"texture":"#main"},"up":{"uv":[8,8,8.5,7.5],"texture":"#main"},"down":{"uv":[8,9.5,8.5,10],"texture":"#main"}}}],"display":{"head":{"translation":[8.5,-35,5.75]}},"groups":[{"name":"Purrloin","origin":[0,5.08205,0.35362],"color":0,"children":[{"name":"body","origin":[0,2.36322,2.13259],"color":0,"children":[0,{"name":"neck","origin":[0,3.5,-0.5],"color":0,"children":[1,{"name":"head","origin":[0,5.90625,-0.85539],"color":0,"children":[2,3,4,5,{"name":"ear_r","origin":[2,9.75,-1],"color":0,"children":[6]},{"name":"ear_l","origin":[-2,9.75,-1],"color":0,"children":[7]}]}]},{"name":"tail","origin":[0,2.75,3],"color":0,"children":[8,{"name":"tail2","origin":[0,5.75,6.75],"color":0,"children":[9]}]}]},{"name":"arm_l","origin":[-1.5,3.2212,-0.82679],"color":0,"children":[10]},{"name":"leg_l","origin":[-1.25,2.4375,2.375],"color":0,"children":[11,12]},{"name":"leg_r","origin":[1.25,2.9375,2.625],"color":0,"children":[13,14]},{"name":"arm_r","origin":[1.5,3.2712,-0.82679],"color":0,"children":[15]}]}]}