{"parent":"physical_parent","textures":{"main":"pokemon/regirock"},"texture_size":[64,64],"elements":[{"rotation":{"origin":[2,0,0],"angle":0,"axis":"y"},"from":[2,0,5],"to":[7,8,11],"faces":{"east":{"uv":[5,0,6.5,2],"texture":"#main"},"south":{"uv":[6,2,7.25,4],"texture":"#main"},"north":{"uv":[1.5,6,2.75,8],"texture":"#main"},"west":{"uv":[0,6,1.5,8],"texture":"#main"},"up":{"uv":[9,1.5,7.75,0],"texture":"#main"},"down":{"uv":[5.25,7.75,4,9.25],"texture":"#main"}}},{"rotation":{"origin":[14,0,0],"angle":0,"axis":"y"},"from":[9,0,5],"to":[14,8,11],"faces":{"east":{"uv":[1.5,6,0,8],"texture":"#main"},"south":{"uv":[7.25,2,6,4],"texture":"#main"},"north":{"uv":[2.75,6,1.5,8],"texture":"#main"},"west":{"uv":[6.5,0,5,2],"texture":"#main"},"up":{"uv":[7.75,1.5,9,0],"texture":"#main"},"down":{"uv":[4,7.75,5.25,9.25],"texture":"#main"}}},{"from":[4,6,6],"to":[12,9,10],"faces":{"east":{"uv":[10.25,5,11.25,5.75],"texture":"#main"},"south":{"uv":[8.5,8.5,10.5,9.25],"texture":"#main"},"north":{"uv":[8.5,7.75,10.5,8.5],"texture":"#main"},"west":{"uv":[10.25,5.75,11.25,6.5],"texture":"#main"},"up":{"uv":[9.25,6.75,7.25,5.75],"texture":"#main"},"down":{"uv":[9.25,6.75,7.25,7.75],"texture":"#main"}}},{"from":[3,9,4],"to":[13,21,11],"faces":{"east":{"uv":[0,3,1.75,6],"texture":"#main"},"south":{"uv":[2.5,0,5,3],"texture":"#main"},"north":{"uv":[0,0,2.5,3],"texture":"#main"},"west":{"uv":[1.75,3,3.5,6],"texture":"#main"},"up":{"uv":[6,4.75,3.5,3],"texture":"#main"},"down":{"uv":[6,4.75,3.5,6.5],"texture":"#main"}}},{"rotation":{"origin":[5.5,17.5,12.5],"angle":-22.5,"axis":"x"},"from":[6.5,21,10],"to":[9.5,24,16],"faces":{"east":{"uv":[0,9.25,1.5,10],"texture":"#main"},"south":{"uv":[8,10.25,8.75,11],"texture":"#main"},"north":{"uv":[7.25,10.25,8,11],"texture":"#main"},"west":{"uv":[4,9.25,5.5,10],"texture":"#main"},"up":{"uv":[2.25,10.75,1.5,9.25],"texture":"#main"},"down":{"uv":[6.25,9.25,5.5,10.75],"texture":"#main"}}},{"rotation":{"origin":[6,11.5,11.5],"angle":0,"axis":"x"},"from":[6,14,11],"to":[10,18,15],"faces":{"east":{"uv":[8.25,9.25,9.25,10.25],"texture":"#main"},"south":{"uv":[9.25,9.25,10.25,10.25],"texture":"#main"},"north":{"uv":[9.25,6.5,10.25,7.5],"texture":"#main"},"west":{"uv":[9.75,0,10.75,1],"texture":"#main"},"up":{"uv":[7.25,10.75,6.25,9.75],"texture":"#main"},"down":{"uv":[1,10,0,11],"texture":"#main"}}},{"rotation":{"origin":[6,6.5,8.5],"angle":22.5,"axis":"x"},"from":[6,9,8],"to":[10,13,12],"faces":{"east":{"uv":[10,2,11,3],"texture":"#main"},"south":{"uv":[10,3,11,4],"texture":"#main"},"north":{"uv":[10,1,11,2],"texture":"#main"},"west":{"uv":[4,10,5,11],"texture":"#main"},"up":{"uv":[11,5,10,4],"texture":"#main"},"down":{"uv":[3.25,10.25,2.25,11.25],"texture":"#main"}}},{"rotation":{"origin":[2.5,20.5,8],"angle":0,"axis":"z"},"from":[-1.5,19,5.5],"to":[3.5,27,10.5],"faces":{"east":{"uv":[6,6,7.25,8],"texture":"#main"},"south":{"uv":[6.5,0,7.75,2],"texture":"#main"},"north":{"uv":[6,4,7.25,6],"texture":"#main"},"west":{"uv":[2.75,6.5,4,8.5],"texture":"#main"},"up":{"uv":[2.5,9.25,1.25,8],"texture":"#main"},"down":{"uv":[6.5,8,5.25,9.25],"texture":"#main"}}},{"rotation":{"origin":[13.5,20.5,8],"angle":0,"axis":"z"},"from":[12.5,19,5.5],"to":[17.5,27,10.5],"faces":{"east":{"uv":[4,6.5,2.75,8.5],"texture":"#main"},"south":{"uv":[7.75,0,6.5,2],"texture":"#main"},"north":{"uv":[7.25,4,6,6],"texture":"#main"},"west":{"uv":[7.25,6,6,8],"texture":"#main"},"up":{"uv":[1.25,9.25,2.5,8],"texture":"#main"},"down":{"uv":[5.25,8,6.5,9.25],"texture":"#main"}}},{"rotation":{"origin":[2.5,5.5,7.5],"angle":0,"axis":"z"},"from":[-1,7,5.5],"to":[3,12,9.5],"faces":{"east":{"uv":[9,3,10,4.25],"texture":"#main"},"south":{"uv":[9,4.25,10,5.5],"texture":"#main"},"north":{"uv":[9,1.75,10,3],"texture":"#main"},"west":{"uv":[7.25,9,8.25,10.25],"texture":"#main"},"up":{"uv":[6,3,5,2],"texture":"#main"},"down":{"uv":[10.25,5.5,9.25,6.5],"texture":"#main"}}},{"rotation":{"origin":[13.5,5.5,7.5],"angle":0,"axis":"z"},"from":[13,7,5.5],"to":[17,12,9.5],"faces":{"east":{"uv":[8.25,9,7.25,10.25],"texture":"#main"},"south":{"uv":[10,4.25,9,5.5],"texture":"#main"},"north":{"uv":[10,1.75,9,3],"texture":"#main"},"west":{"uv":[10,3,9,4.25],"texture":"#main"},"up":{"uv":[5,3,6,2],"texture":"#main"},"down":{"uv":[9.25,5.5,10.25,6.5],"texture":"#main"}}},{"rotation":{"origin":[3,12.5,7.5],"angle":0,"axis":"z"},"from":[0,12,6],"to":[3,19,9],"faces":{"east":{"uv":[2.5,8.5,3.25,10.25],"texture":"#main"},"south":{"uv":[3.25,8.5,4,10.25],"texture":"#main"},"north":{"uv":[6.5,8,7.25,9.75],"texture":"#main"},"west":{"uv":[9,0,9.75,1.75],"texture":"#main"},"up":{"uv":[4,11,3.25,10.25],"texture":"#main"},"down":{"uv":[11,6.5,10.25,7.25],"texture":"#main"}}},{"rotation":{"origin":[13,12.5,7.5],"angle":0,"axis":"z"},"from":[13,12,6],"to":[16,19,9],"faces":{"east":{"uv":[9.75,0,9,1.75],"texture":"#main"},"south":{"uv":[4,8.5,3.25,10.25],"texture":"#main"},"north":{"uv":[7.25,8,6.5,9.75],"texture":"#main"},"west":{"uv":[3.25,8.5,2.5,10.25],"texture":"#main"},"up":{"uv":[3.25,11,4,10.25],"texture":"#main"},"down":{"uv":[10.25,6.5,11,7.25],"texture":"#main"}}},{"rotation":{"origin":[0.5,-1,-0.5],"angle":0,"axis":"y"},"from":[4.5,21,4],"to":[11.5,26,9],"faces":{"east":{"uv":[7.25,7.75,8.5,9],"texture":"#main"},"south":{"uv":[7.25,2,9,3.25],"texture":"#main"},"north":{"uv":[4,6.5,5.75,7.75],"texture":"#main"},"west":{"uv":[0,8,1.25,9.25],"texture":"#main"},"up":{"uv":[9,4.5,7.25,3.25],"texture":"#main"},"down":{"uv":[9,4.5,7.25,5.75],"texture":"#main"}}}],"display":{"head":{"translation":[0,-28,0],"scale":[1.88,1.88,1.88]}}}