{"parent":"physical_parent","textures":{"main":"pokemon/rhyhorn"},"elements":[{"from":[4,3,-8],"to":[12,11,0],"faces":{"east":{"uv":[4.5,0,6.5,2],"texture":"#main"},"south":{"uv":[4.5,0,6.5,2],"texture":"#main"},"north":{"uv":[0,0,2,2],"texture":"#main"},"west":{"uv":[2.25,0,4.25,2],"texture":"#main"},"up":{"uv":[4.5,0,6.5,2],"texture":"#main"},"down":{"uv":[4.5,0,6.5,2],"texture":"#main"}}},{"from":[9,14,0],"to":[9.1,20,16],"faces":{"east":{"uv":[6,8.5,10,10],"texture":"#main"},"west":{"uv":[6,8.5,10,10],"texture":"#main"}}},{"from":[2,-4,1],"to":[6,3,5],"faces":{"east":{"uv":[3.25,8.5,4.25,10.25],"texture":"#main"},"south":{"uv":[3.25,8.5,4.25,10.25],"texture":"#main"},"north":{"uv":[4.5,6.5,5.5,8.25],"texture":"#main"},"west":{"uv":[3.25,8.5,4.25,10.25],"texture":"#main"},"up":{"uv":[4.5,8.5,5.5,9.5],"texture":"#main"},"down":{"uv":[4.5,8.5,5.5,9.5],"texture":"#main"}}},{"from":[2,-4,12],"to":[6,3,16],"faces":{"east":{"uv":[3.25,8.5,4.25,10.25],"texture":"#main"},"south":{"uv":[3.25,8.5,4.25,10.25],"texture":"#main"},"north":{"uv":[4.5,6.5,5.5,8.25],"texture":"#main"},"west":{"uv":[3.25,8.5,4.25,10.25],"texture":"#main"},"up":{"uv":[4.5,8.5,5.5,9.5],"texture":"#main"},"down":{"uv":[4.5,8.5,5.5,9.5],"texture":"#main"}}},{"rotation":{"origin":[8,10,-5],"angle":22.5,"axis":"x"},"from":[0,1,-5],"to":[16,17,-6],"faces":{"east":{"uv":[10.75,0,12.5,1.75],"texture":"#main"},"south":{"uv":[0,2,4,6.25],"texture":"#main"},"north":{"uv":[0,2,4,6.25],"texture":"#main"},"west":{"uv":[8.75,0,10.5,1.75],"texture":"#main"},"up":{"uv":[12.75,0,14.5,1.75],"texture":"#main","rotation":180},"down":{"uv":[12.75,0,14.5,1.75],"texture":"#main"}}},{"from":[11,-4,12],"to":[15,3,16],"faces":{"east":{"uv":[3.25,8.5,4.25,10.25],"texture":"#main"},"south":{"uv":[3.25,8.5,4.25,10.25],"texture":"#main"},"north":{"uv":[3.25,6.5,4.25,8.25],"texture":"#main"},"west":{"uv":[3.25,8.5,4.25,10.25],"texture":"#main"},"up":{"uv":[4.5,8.5,5.5,9.5],"texture":"#main"},"down":{"uv":[4.5,8.5,5.5,9.5],"texture":"#main"}}},{"from":[11,-4,1],"to":[15,3,5],"faces":{"east":{"uv":[3.25,8.5,4.25,10.25],"texture":"#main"},"south":{"uv":[3.25,8.5,4.25,10.25],"texture":"#main"},"north":{"uv":[3.25,6.5,4.25,8.25],"texture":"#main"},"west":{"uv":[3.25,8.5,4.25,10.25],"texture":"#main"},"up":{"uv":[4.5,8.5,5.5,9.5],"texture":"#main"},"down":{"uv":[4.5,8.5,5.5,9.5],"texture":"#main"}}},{"rotation":{"origin":[8,9.5,-9],"angle":-45,"axis":"x"},"from":[7,6,-11],"to":[9,10,-9],"faces":{"east":{"uv":[5,2.5,5.5,3],"texture":"#main"},"south":{"uv":[5,2.5,5.5,3],"texture":"#main"},"north":{"uv":[5,2.5,5.5,3],"texture":"#main"},"west":{"uv":[5,2.5,5.5,3],"texture":"#main"},"up":{"uv":[5,2.5,5.5,3],"texture":"#main"},"down":{"uv":[5,2.5,5.5,3],"texture":"#main"}}},{"from":[3,3,0],"to":[14,14,16],"faces":{"east":{"uv":[10.25,2.25,14.25,5],"texture":"#main"},"south":{"uv":[0,6.5,2.75,9.25],"texture":"#main","rotation":90},"north":{"uv":[0,6.5,2.75,9.25],"texture":"#main","rotation":90},"west":{"uv":[6,2.25,10,5],"texture":"#main"},"up":{"uv":[10.25,5.5,14.25,8.25],"texture":"#main","rotation":90},"down":{"uv":[6,5.5,10,8.25],"texture":"#main","rotation":90}}},{"rotation":{"origin":[1,6,3],"angle":-45,"axis":"y"},"from":[1,3,0],"to":[1.1,9,6],"faces":{"east":{"uv":[7.75,10.25,9.25,11.75],"texture":"#main"},"west":{"uv":[6,10.25,7.5,11.75],"texture":"#main"}}},{"rotation":{"origin":[1,6,14],"angle":-45,"axis":"y"},"from":[1,3,11],"to":[1.1,9,17],"faces":{"east":{"uv":[7.75,10.25,9.25,11.75],"texture":"#main"},"west":{"uv":[6,10.25,7.5,11.75],"texture":"#main"}}},{"rotation":{"origin":[16,6,14],"angle":45,"axis":"y"},"from":[16,3,11],"to":[16.1,9,17],"faces":{"east":{"uv":[7.75,10.25,9.25,11.75],"texture":"#main"},"west":{"uv":[6,10.25,7.5,11.75],"texture":"#main"}}},{"rotation":{"origin":[16,6,3],"angle":45,"axis":"y"},"from":[16,3,0],"to":[16.1,9,6],"faces":{"east":{"uv":[7.75,10.25,9.25,11.75],"texture":"#main"},"west":{"uv":[6,10.25,7.5,11.75],"texture":"#main"}}}],"display":{"head":{"translation":[0,-23.64,0],"scale":[1.7,1.7,1.7]}}}