{"credit":"Made with Blockbench","textures":{"particle":"pokemon/roggenrola","main":"pokemon/roggenrola"},"elements":[{"from":[-3,1.58153,-1.71632],"to":[3,9.08153,4.28368],"rotation":{"angle":0,"axis":"y","origin":[-12,0.08153,-10.71632]},"faces":{"north":{"uv":[0,0,4,5],"texture":"#main"},"east":{"uv":[4,0,8,5],"texture":"#main"},"south":{"uv":[0,5,4,10],"texture":"#main"},"west":{"uv":[4,5,8,10],"texture":"#main"},"up":{"uv":[12,4,8,0],"texture":"#main"},"down":{"uv":[12,4,8,8],"texture":"#main"}}},{"from":[-1.5,9.08153,-0.21632],"to":[1.5,15.08153,2.78368],"rotation":{"angle":22.5,"axis":"x","origin":[0,9.08153,1.28368]},"faces":{"north":{"uv":[8,8,10,12],"texture":"#main"},"east":{"uv":[0,10,2,14],"texture":"#main"},"south":{"uv":[2,10,4,14],"texture":"#main"},"west":{"uv":[4,10,6,14],"texture":"#main"},"up":{"uv":[12,13,10,11],"texture":"#main"},"down":{"uv":[14,0,12,2],"texture":"#main"}}},{"from":[-4.62868,0.08153,-3.22736],"to":[-2.00368,1.58153,0.89764],"rotation":{"angle":22.5,"axis":"y","origin":[-2.75368,0.83153,-1.72736]},"faces":{"north":{"uv":[12,4,14,5],"texture":"#main"},"east":{"uv":[12,2,14.5,3],"texture":"#main"},"south":{"uv":[12,5,14,6],"texture":"#main"},"west":{"uv":[12,3,14.5,4],"texture":"#main"},"up":{"uv":[8,12.5,6,10],"texture":"#main"},"down":{"uv":[12,8,10,10.5],"texture":"#main"}}},{"from":[2.00368,0.08153,-3.22736],"to":[4.62868,1.58153,0.89764],"rotation":{"angle":-22.5,"axis":"y","origin":[2.75368,0.83153,-1.72736]},"faces":{"north":{"uv":[14,4,12,5],"texture":"#main"},"east":{"uv":[14.5,3,12,4],"texture":"#main"},"south":{"uv":[14,5,12,6],"texture":"#main"},"west":{"uv":[14.5,2,12,3],"texture":"#main"},"up":{"uv":[6,12.5,8,10],"texture":"#main"},"down":{"uv":[10,8,12,10.5],"texture":"#main"}}}],"display":{"head":{"translation":[7.75,-35.25,6.25]}},"groups":[{"name":"roggenrola","origin":[0,-0.16306,0.43264],"color":0,"children":[{"name":"body","origin":[0,1.33153,1.28368],"color":0,"children":[0,{"name":"head_rock","origin":[0,9.08153,1.28368],"color":0,"children":[1]}]},{"name":"leg_l","origin":[-2.2081,0.83153,0.90758],"color":0,"children":[2]},{"name":"leg_r","origin":[2.4581,0.83153,0.75758],"color":0,"children":[3]}]}]}