{"credit":"Made with Blockbench","texture_size":[64,64],"textures":{"particle":"pokemon/seismitoad","main":"pokemon/seismitoad"},"elements":[{"from":[-9.9,0.23266,-0.44151],"to":[-6.3,7.43266,4.95849],"rotation":{"angle":-22.5,"axis":"x","origin":[-8.1,3.56266,0.45849]},"faces":{"north":{"uv":[3,7.5,3.5,8.5],"texture":"#main"},"east":{"uv":[4,1.5,4.75,2.5],"texture":"#main"},"south":{"uv":[3.5,7.5,4,8.5],"texture":"#main"},"west":{"uv":[5.5,5.5,6.25,6.5],"texture":"#main"},"up":{"uv":[5,8.25,4.5,7.5],"texture":"#main"},"down":{"uv":[8,5,7.5,5.75],"texture":"#main"}}},{"from":[-9.72,-0.08234,-0.53151],"to":[-6.48,0.81766,2.16849],"rotation":{"angle":0,"axis":"y","origin":[-8.1,3.56266,0.45849]},"faces":{"north":{"uv":[6,1.25,6.5,1.375],"texture":"#main"},"east":{"uv":[8,4.25,8.375,4.375],"texture":"#main"},"south":{"uv":[8,4,8.5,4.125],"texture":"#main"},"west":{"uv":[8,4.5,8.375,4.625],"texture":"#main"},"up":{"uv":[8.25,7.125,7.75,6.75],"texture":"#main"},"down":{"uv":[7.5,7.75,7,8.125],"texture":"#main"}}},{"from":[-9.72,-0.08234,-3.23151],"to":[-6.48,-0.08234,-0.53151],"rotation":{"angle":0,"axis":"y","origin":[-8.1,3.56266,0.45849]},"faces":{"north":{"uv":[0,0,0.5,0],"texture":"#main"},"east":{"uv":[0,0,0.375,0],"texture":"#main"},"south":{"uv":[0,0,0.5,0],"texture":"#main"},"west":{"uv":[0,0,0.375,0],"texture":"#main"},"up":{"uv":[8.5,2.375,8,2],"texture":"#main"},"down":{"uv":[8.5,2,8,2.375],"texture":"#main"}}},{"from":[-9.72,-0.08234,2.16849],"to":[-6.48,-0.08234,4.86849],"rotation":{"angle":0,"axis":"y","origin":[-8.1,3.56266,0.45849]},"faces":{"north":{"uv":[0,0,0.5,0],"texture":"#main"},"east":{"uv":[0,0,0.375,0],"texture":"#main"},"south":{"uv":[0,0,0.5,0],"texture":"#main"},"west":{"uv":[0,0,0.375,0],"texture":"#main"},"up":{"uv":[8.25,7.625,7.75,7.25],"texture":"#main"},"down":{"uv":[8.25,7.25,7.75,7.625],"texture":"#main"}}},{"from":[6.3,0.23266,-0.44151],"to":[9.9,7.43266,4.95849],"rotation":{"angle":-22.5,"axis":"x","origin":[8.1,3.56266,0.45849]},"faces":{"north":{"uv":[3.5,7.5,3,8.5],"texture":"#main"},"east":{"uv":[6.25,5.5,5.5,6.5],"texture":"#main"},"south":{"uv":[4,7.5,3.5,8.5],"texture":"#main"},"west":{"uv":[4.75,1.5,4,2.5],"texture":"#main"},"up":{"uv":[4.5,8.25,5,7.5],"texture":"#main"},"down":{"uv":[7.5,5,8,5.75],"texture":"#main"}}},{"from":[6.48,-0.08234,-0.53151],"to":[9.72,0.81766,2.16849],"rotation":{"angle":0,"axis":"y","origin":[8.1,3.56266,0.45849]},"faces":{"north":{"uv":[6.5,1.25,6,1.375],"texture":"#main"},"east":{"uv":[8.375,4.5,8,4.625],"texture":"#main"},"south":{"uv":[8.5,4,8,4.125],"texture":"#main"},"west":{"uv":[8.375,4.25,8,4.375],"texture":"#main"},"up":{"uv":[7.75,7.125,8.25,6.75],"texture":"#main"},"down":{"uv":[7,7.75,7.5,8.125],"texture":"#main"}}},{"from":[6.48,-0.08234,2.16849],"to":[9.72,-0.08234,4.86849],"rotation":{"angle":0,"axis":"y","origin":[8.1,3.56266,0.45849]},"faces":{"north":{"uv":[0.5,0,0,0],"texture":"#main"},"east":{"uv":[0.375,0,0,0],"texture":"#main"},"south":{"uv":[0.5,0,0,0],"texture":"#main"},"west":{"uv":[0.375,0,0,0],"texture":"#main"},"up":{"uv":[7.75,7.625,8.25,7.25],"texture":"#main"},"down":{"uv":[7.75,7.25,8.25,7.625],"texture":"#main"}}},{"from":[6.48,-0.08234,-3.23151],"to":[9.72,-0.08234,-0.53151],"rotation":{"angle":0,"axis":"y","origin":[8.1,3.56266,0.45849]},"faces":{"north":{"uv":[0.5,0,0,0],"texture":"#main"},"east":{"uv":[0.375,0,0,0],"texture":"#main"},"south":{"uv":[0.5,0,0,0],"texture":"#main"},"west":{"uv":[0.375,0,0,0],"texture":"#main"},"up":{"uv":[8,2.375,8.5,2],"texture":"#main"},"down":{"uv":[8,2,8.5,2.375],"texture":"#main"}}},{"from":[-7.2,3.56266,-3.14151],"to":[7.2,21.56266,7.65849],"rotation":{"angle":0,"axis":"y","origin":[-14.4,-0.03734,-12.14151]},"faces":{"north":{"uv":[0,0,2,2.5],"texture":"#main"},"east":{"uv":[0,2.5,1.5,5],"texture":"#main"},"south":{"uv":[2,0,4,2.5],"texture":"#main"},"west":{"uv":[1.5,2.5,3,5],"texture":"#main"},"up":{"uv":[5,4,3,2.5],"texture":"#main"},"down":{"uv":[6,0,4,1.5],"texture":"#main"}}},{"from":[-6.3,6.26266,4.50849],"to":[-0.9,11.66266,9.90849],"rotation":{"angle":0,"axis":"y","origin":[-14.85,-0.03734,-12.14151]},"faces":{"north":{"uv":[7.25,3,8,3.75],"texture":"#main"},"east":{"uv":[5.25,7.25,6,8],"texture":"#main"},"south":{"uv":[6,7.25,6.75,8],"texture":"#main"},"west":{"uv":[0,7.5,0.75,8.25],"texture":"#main"},"up":{"uv":[8.25,0.75,7.5,0],"texture":"#main"},"down":{"uv":[1.5,7.5,0.75,8.25],"texture":"#main"}}},{"from":[0.9,6.26266,4.50849],"to":[6.3,11.66266,9.90849],"rotation":{"angle":0,"axis":"y","origin":[14.85,-0.03734,-12.14151]},"faces":{"north":{"uv":[8,3,7.25,3.75],"texture":"#main"},"east":{"uv":[0.75,7.5,0,8.25],"texture":"#main"},"south":{"uv":[6.75,7.25,6,8],"texture":"#main"},"west":{"uv":[6,7.25,5.25,8],"texture":"#main"},"up":{"uv":[7.5,0.75,8.25,0],"texture":"#main"},"down":{"uv":[0.75,7.5,1.5,8.25],"texture":"#main"}}},{"from":[0.9,14.81266,4.50849],"to":[6.3,20.21266,9.90849],"rotation":{"angle":0,"axis":"y","origin":[14.85,-0.03734,-12.14151]},"faces":{"north":{"uv":[2.25,7,1.5,7.75],"texture":"#main"},"east":{"uv":[7.75,6.25,7,7],"texture":"#main"},"south":{"uv":[3,7,2.25,7.75],"texture":"#main"},"west":{"uv":[7.75,1.5,7,2.25],"texture":"#main"},"up":{"uv":[7,7.75,7.75,7],"texture":"#main"},"down":{"uv":[7.25,2.25,8,3],"texture":"#main"}}},{"from":[-6.3,14.81266,4.50849],"to":[-0.9,20.21266,9.90849],"rotation":{"angle":0,"axis":"y","origin":[-14.85,-0.03734,-12.14151]},"faces":{"north":{"uv":[1.5,7,2.25,7.75],"texture":"#main"},"east":{"uv":[7,1.5,7.75,2.25],"texture":"#main"},"south":{"uv":[2.25,7,3,7.75],"texture":"#main"},"west":{"uv":[7,6.25,7.75,7],"texture":"#main"},"up":{"uv":[7.75,7.75,7,7],"texture":"#main"},"down":{"uv":[8,2.25,7.25,3],"texture":"#main"}}},{"from":[-5.4,18.41266,-7.64151],"to":[5.4,26.96266,2.25849],"rotation":{"angle":0,"axis":"y","origin":[-14.4,-0.03734,-12.14151]},"faces":{"north":{"uv":[0,5,1.5,6.25],"texture":"#main"},"east":{"uv":[5,1.5,6.375,2.75],"texture":"#main"},"south":{"uv":[1.5,5,3,6.25],"texture":"#main"},"west":{"uv":[5,2.75,6.375,4],"texture":"#main"},"up":{"uv":[4.5,5.375,3,4],"texture":"#main"},"down":{"uv":[6,4,4.5,5.375],"texture":"#main"}}},{"from":[-6.03,23.27266,-8.54151],"to":[-0.63,28.67266,-3.14151],"rotation":{"angle":0,"axis":"y","origin":[-14.4,-0.03734,-12.14151]},"faces":{"north":{"uv":[3.75,6.75,4.5,7.5],"texture":"#main"},"east":{"uv":[6.75,4,7.5,4.75],"texture":"#main"},"south":{"uv":[4.5,6.75,5.25,7.5],"texture":"#main"},"west":{"uv":[6.75,4.75,7.5,5.5],"texture":"#main"},"up":{"uv":[7.5,6.25,6.75,5.5],"texture":"#main"},"down":{"uv":[7.75,0.75,7,1.5],"texture":"#main"}}},{"from":[0.63,23.27266,-8.54151],"to":[6.03,28.67266,-3.14151],"rotation":{"angle":0,"axis":"y","origin":[14.4,-0.03734,-12.14151]},"faces":{"north":{"uv":[4.5,6.75,3.75,7.5],"texture":"#main"},"east":{"uv":[7.5,4.75,6.75,5.5],"texture":"#main"},"south":{"uv":[5.25,6.75,4.5,7.5],"texture":"#main"},"west":{"uv":[7.5,4,6.75,4.75],"texture":"#main"},"up":{"uv":[6.75,6.25,7.5,5.5],"texture":"#main"},"down":{"uv":[7,0.75,7.75,1.5],"texture":"#main"}}},{"from":[11.592,13.11706,4.74249],"to":[13.104,18.15706,9.78249],"rotation":{"angle":-22.5,"axis":"x","origin":[9.072,2.73466,-0.29751]},"faces":{"north":{"uv":[5,1.5,4.75,2.25],"texture":"#main"},"east":{"uv":[3,6.25,2.25,7],"texture":"#main"},"south":{"uv":[7,7.25,6.75,8],"texture":"#main"},"west":{"uv":[2.25,6.25,1.5,7],"texture":"#main"},"up":{"uv":[5,8.25,5.25,7.5],"texture":"#main"},"down":{"uv":[2,7.75,2.25,8.5],"texture":"#main"}}},{"from":[7.056,11.60506,3.23049],"to":[11.592,19.66906,11.29449],"rotation":{"angle":-22.5,"axis":"x","origin":[9.072,2.73466,-0.29751]},"faces":{"north":{"uv":[6.625,0,6,1.125],"texture":"#main"},"east":{"uv":[5.375,5.5,4.25,6.625],"texture":"#main"},"south":{"uv":[6.625,4,6,5.125],"texture":"#main"},"west":{"uv":[4.125,5.5,3,6.625],"texture":"#main"},"up":{"uv":[0,7.375,0.625,6.25],"texture":"#main"},"down":{"uv":[0.75,6.25,1.375,7.375],"texture":"#main"}}},{"from":[8.064,3.42654,-0.6524],"to":[10.8864,11.49054,3.3796],"rotation":{"angle":45,"axis":"x","origin":[9.576,14.40606,4.72035]},"faces":{"north":{"uv":[7.875,3.75,7.5,4.875],"texture":"#main"},"east":{"uv":[7,1.25,6.5,2.375],"texture":"#main"},"south":{"uv":[4.375,7.5,4,8.625],"texture":"#main"},"west":{"uv":[6.75,5.25,6.25,6.375],"texture":"#main"},"up":{"uv":[2.25,8.25,2.625,7.75],"texture":"#main"},"down":{"uv":[7.75,6.25,8.125,6.75],"texture":"#main"}}},{"from":[6.8544,5.55706,-6.95031],"to":[11.8944,10.59706,-3.42231],"rotation":{"angle":0,"axis":"y","origin":[16.128,-1.29734,-14.40951]},"faces":{"north":{"uv":[7.25,2.5,6.5,3.25],"texture":"#main"},"east":{"uv":[2,7.75,1.5,8.5],"texture":"#main"},"south":{"uv":[7.25,3.25,6.5,4],"texture":"#main"},"west":{"uv":[8.25,0.75,7.75,1.5],"texture":"#main"},"up":{"uv":[7.5,6.25,8.25,5.75],"texture":"#main"},"down":{"uv":[7.75,1.5,8.5,2],"texture":"#main"}}},{"from":[7.8624,6.56506,-7.95831],"to":[10.8864,9.58906,-6.95031],"rotation":{"angle":0,"axis":"y","origin":[16.128,-1.29734,-14.40951]},"faces":{"north":{"uv":[8.375,3,8,3.375],"texture":"#main"},"east":{"uv":[5.375,6.75,5.25,7.125],"texture":"#main"},"south":{"uv":[8.375,3.5,8,3.875],"texture":"#main"},"west":{"uv":[6.875,0.75,6.75,1.125],"texture":"#main"},"up":{"uv":[8,4.875,8.375,4.75],"texture":"#main"},"down":{"uv":[8,5,8.375,5.125],"texture":"#main"}}},{"from":[6.8544,0.51706,-6.05031],"to":[11.8944,5.55706,-6.05031],"rotation":{"angle":-22.5,"axis":"x","origin":[9.3744,5.55706,-6.05031]},"faces":{"north":{"uv":[7.5,0,6.75,0.75],"texture":"#main"},"east":{"uv":[0,0,0,0.75],"texture":"#main"},"south":{"uv":[7.5,0,6.75,0.75],"texture":"#main"},"west":{"uv":[0,0,0,0.75],"texture":"#main"},"up":{"uv":[0,0,0.75,0],"texture":"#main"},"down":{"uv":[0,0,0.75,0],"texture":"#main"}}},{"from":[1.8144,5.55706,-5.60031],"to":[6.8544,10.59706,-5.60031],"rotation":{"angle":22.5,"axis":"y","origin":[6.8544,8.07706,-5.60031]},"faces":{"north":{"uv":[6.25,6.5,5.5,7.25],"texture":"#main"},"east":{"uv":[0,0,0,0.75],"texture":"#main"},"south":{"uv":[5.5,6.5,6.25,7.25],"texture":"#main"},"west":{"uv":[0,0,0,0.75],"texture":"#main"},"up":{"uv":[0,0,0.75,0],"texture":"#main"},"down":{"uv":[0,0,0.75,0],"texture":"#main"}}},{"from":[-13.104,13.11706,4.74249],"to":[-11.592,18.15706,9.78249],"rotation":{"angle":-22.5,"axis":"x","origin":[-9.072,2.73466,-0.29751]},"faces":{"north":{"uv":[4.75,1.5,5,2.25],"texture":"#main"},"east":{"uv":[1.5,6.25,2.25,7],"texture":"#main"},"south":{"uv":[6.75,7.25,7,8],"texture":"#main"},"west":{"uv":[2.25,6.25,3,7],"texture":"#main"},"up":{"uv":[5.25,8.25,5,7.5],"texture":"#main"},"down":{"uv":[2.25,7.75,2,8.5],"texture":"#main"}}},{"from":[-11.592,11.60506,3.23049],"to":[-7.056,19.66906,11.29449],"rotation":{"angle":-22.5,"axis":"x","origin":[-9.072,2.73466,-0.29751]},"faces":{"north":{"uv":[6,0,6.625,1.125],"texture":"#main"},"east":{"uv":[3,5.5,4.125,6.625],"texture":"#main"},"south":{"uv":[6,4,6.625,5.125],"texture":"#main"},"west":{"uv":[4.25,5.5,5.375,6.625],"texture":"#main"},"up":{"uv":[0.625,7.375,0,6.25],"texture":"#main"},"down":{"uv":[1.375,6.25,0.75,7.375],"texture":"#main"}}},{"from":[-10.8864,3.42654,-0.6524],"to":[-8.064,11.49054,3.3796],"rotation":{"angle":45,"axis":"x","origin":[-9.576,14.40606,4.72035]},"faces":{"north":{"uv":[7.5,3.75,7.875,4.875],"texture":"#main"},"east":{"uv":[6.25,5.25,6.75,6.375],"texture":"#main"},"south":{"uv":[4,7.5,4.375,8.625],"texture":"#main"},"west":{"uv":[6.5,1.25,7,2.375],"texture":"#main"},"up":{"uv":[2.625,8.25,2.25,7.75],"texture":"#main"},"down":{"uv":[8.125,6.25,7.75,6.75],"texture":"#main"}}},{"from":[-11.8944,5.55706,-6.95031],"to":[-6.8544,10.59706,-3.42231],"rotation":{"angle":0,"axis":"y","origin":[-16.128,-1.29734,-14.40951]},"faces":{"north":{"uv":[6.5,2.5,7.25,3.25],"texture":"#main"},"east":{"uv":[7.75,0.75,8.25,1.5],"texture":"#main"},"south":{"uv":[6.5,3.25,7.25,4],"texture":"#main"},"west":{"uv":[1.5,7.75,2,8.5],"texture":"#main"},"up":{"uv":[8.25,6.25,7.5,5.75],"texture":"#main"},"down":{"uv":[8.5,1.5,7.75,2],"texture":"#main"}}},{"from":[-10.8864,6.56506,-7.95831],"to":[-7.8624,9.58906,-6.95031],"rotation":{"angle":0,"axis":"y","origin":[-16.128,-1.29734,-14.40951]},"faces":{"north":{"uv":[8,3,8.375,3.375],"texture":"#main"},"east":{"uv":[6.75,0.75,6.875,1.125],"texture":"#main"},"south":{"uv":[8,3.5,8.375,3.875],"texture":"#main"},"west":{"uv":[5.25,6.75,5.375,7.125],"texture":"#main"},"up":{"uv":[8.375,4.875,8,4.75],"texture":"#main"},"down":{"uv":[8.375,5,8,5.125],"texture":"#main"}}},{"from":[-6.8544,5.55706,-5.60031],"to":[-1.8144,10.59706,-5.60031],"rotation":{"angle":-22.5,"axis":"y","origin":[-6.8544,8.07706,-5.60031]},"faces":{"north":{"uv":[5.5,6.5,6.25,7.25],"texture":"#main"},"east":{"uv":[0,0,0,0.75],"texture":"#main"},"south":{"uv":[6.25,6.5,5.5,7.25],"texture":"#main"},"west":{"uv":[0,0,0,0.75],"texture":"#main"},"up":{"uv":[0.75,0,0,0],"texture":"#main"},"down":{"uv":[0.75,0,0,0],"texture":"#main"}}},{"from":[-11.8944,0.51706,-6.05031],"to":[-6.8544,5.55706,-6.05031],"rotation":{"angle":-22.5,"axis":"x","origin":[-9.3744,5.55706,-6.05031]},"faces":{"north":{"uv":[6.75,0,7.5,0.75],"texture":"#main"},"east":{"uv":[0,0,0,0.75],"texture":"#main"},"south":{"uv":[6.75,0,7.5,0.75],"texture":"#main"},"west":{"uv":[0,0,0,0.75],"texture":"#main"},"up":{"uv":[0.75,0,0,0],"texture":"#main"},"down":{"uv":[0.75,0,0,0],"texture":"#main"}}}],"display":{"head":{"translation":[9,-34.25,8],"scale":[1.1,1.1,1.1]}},"groups":[{"name":"Seismitoad","origin":[0,0.04668,-0.57312],"color":0,"children":[{"name":"leg_l","origin":[-8.1,7.59542,2.56838],"color":0,"children":[0,1,2,3]},{"name":"leg_r","origin":[8.1,6.84542,2.11838],"color":0,"children":[4,5,6,7]},{"name":"body","origin":[0,4.10266,6.21849],"color":0,"children":[8,9,10,11,12,{"name":"head","origin":[0,20.12766,-0.79151],"color":0,"children":[13,14,15]},{"name":"arm_r","origin":[7.1138,17.38187,1.68866],"color":0,"children":[16,17,18,{"name":"hand_r","origin":[9.41236,10.36502,-5.59062],"color":0,"children":[19,20,21,22]}]},{"name":"arm_l","origin":[-7.1138,17.63187,1.68866],"color":0,"children":[23,24,25,{"name":"hand_l","origin":[-9.16236,9.36502,-4.84062],"color":0,"children":[26,27,28,29]}]}]}]}]}