{"credit":"Made with Blockbench","texture_size":[64,64],"textures":{"main":"pokemon/shaymin"},"elements":[{"from":[4.15,0,10],"to":[6.55,2,13],"faces":{"north":{"uv":[0.75,2,1.25,2.5],"texture":"#main"},"east":{"uv":[0,2,0.75,2.5],"texture":"#main"},"south":{"uv":[2,2,2.5,2.5],"texture":"#main"},"west":{"uv":[1.25,2,2,2.5],"texture":"#main"},"up":{"uv":[1.25,2,0.75,1.25],"texture":"#main"},"down":{"uv":[1.75,1.25,1.25,2],"texture":"#main"}}},{"from":[4.15,0,4],"to":[6.55,2,7],"faces":{"north":{"uv":[0.75,2,1.25,2.5],"texture":"#main"},"east":{"uv":[0,2,0.75,2.5],"texture":"#main"},"south":{"uv":[2,2,2.5,2.5],"texture":"#main"},"west":{"uv":[1.25,2,2,2.5],"texture":"#main"},"up":{"uv":[1.25,2,0.75,1.25],"texture":"#main"},"down":{"uv":[1.75,1.25,1.25,2],"texture":"#main"}}},{"from":[8.95,0,10],"to":[11.35,2,13],"shade":false,"faces":{"north":{"uv":[1.25,2,0.75,2.5],"texture":"#main"},"east":{"uv":[2,2,1.25,2.5],"texture":"#main"},"south":{"uv":[2.5,2,2,2.5],"texture":"#main"},"west":{"uv":[0.75,2,0,2.5],"texture":"#main"},"up":{"uv":[0.75,2,1.25,1.25],"texture":"#main"},"down":{"uv":[1.25,1.25,1.75,2],"texture":"#main"}}},{"from":[8.95,0,4],"to":[11.35,2,7],"shade":false,"faces":{"north":{"uv":[1.25,2,0.75,2.5],"texture":"#main"},"east":{"uv":[2,2,1.25,2.5],"texture":"#main"},"south":{"uv":[2.5,2,2,2.5],"texture":"#main"},"west":{"uv":[0.75,2,0,2.5],"texture":"#main"},"up":{"uv":[0.75,2,1.25,1.25],"texture":"#main"},"down":{"uv":[1.25,1.25,1.75,2],"texture":"#main"}}},{"from":[3.65,0.9,1.8],"to":[3.65,10.3,9.9],"rotation":{"angle":0,"axis":"y","origin":[0,7.45,-0.15]},"faces":{"north":{"uv":[2,7.5,2,9.75],"texture":"#main"},"east":{"uv":[0,7.5,2,9.75],"texture":"#main"},"south":{"uv":[4,7.5,4,9.75],"texture":"#main"},"west":{"uv":[2,7.5,4,9.75],"texture":"#main"},"up":{"uv":[2,7.5,2,5.5],"texture":"#main"},"down":{"uv":[2,5.5,2,7.5],"texture":"#main"}}},{"from":[3.725,0.1,3.1],"to":[3.725,7.1,13.1],"rotation":{"angle":0,"axis":"y","origin":[-4.7,3.6,0.2]},"faces":{"north":{"uv":[2.5,9.75,2.5,11.5],"texture":"#main"},"east":{"uv":[0,9.75,2.5,11.5],"texture":"#main"},"south":{"uv":[5,9.75,5,11.5],"texture":"#main"},"west":{"uv":[2.5,9.75,5,11.5],"texture":"#main"},"up":{"uv":[2.5,9.75,2.5,7.25],"texture":"#main"},"down":{"uv":[2.5,7.25,2.5,9.75],"texture":"#main"}}},{"from":[4.05,2,3.5],"to":[11.45,8,13.5],"faces":{"north":{"uv":[2.5,6,4.25,7.5],"texture":"#main"},"east":{"uv":[0,6,2.5,7.5],"texture":"#main"},"south":{"uv":[6.75,6,8.5,7.5],"texture":"#main"},"west":{"uv":[4.25,6,6.75,7.5],"texture":"#main"},"up":{"uv":[4.25,6,2.5,3.5],"texture":"#main"},"down":{"uv":[6,3.5,4.25,6],"texture":"#main"}}},{"from":[3.75,5.7,1.8],"to":[11.75,8.5,13.9],"rotation":{"angle":0,"axis":"y","origin":[0,7.15,-0.15]},"faces":{"north":{"uv":[3,3,5,3.5],"texture":"#main"},"east":{"uv":[0,3,3,3.5],"texture":"#main"},"south":{"uv":[8,3,10,3.5],"texture":"#main"},"west":{"uv":[5,3,8,3.5],"texture":"#main"},"up":{"uv":[5,3,3,0],"texture":"#main"},"down":{"uv":[7,0,5,3],"texture":"#main"}}},{"from":[4.15,5.6,0.8],"to":[4.15,11.6,12.9],"rotation":{"angle":0,"axis":"y","origin":[0,7.15,-0.15]},"faces":{"north":{"uv":[7.25,7.5,7.25,9],"texture":"#main"},"east":{"uv":[4.25,7.5,7.25,9],"texture":"#main"},"south":{"uv":[10.25,7.5,10.25,9],"texture":"#main"},"west":{"uv":[7.25,7.5,10.25,9],"texture":"#main"},"up":{"uv":[7.25,7.5,7.25,4.5],"texture":"#main"},"down":{"uv":[7.25,4.5,7.25,7.5],"texture":"#main"}}},{"from":[7.85,5.6,0.8],"to":[7.85,11.6,12.9],"shade":false,"rotation":{"angle":0,"axis":"y","origin":[0,7.15,-0.15]},"faces":{"north":{"uv":[7.25,7.5,7.25,9],"texture":"#main"},"east":{"uv":[10.25,7.5,7.25,9],"texture":"#main"},"south":{"uv":[10.25,7.5,10.25,9],"texture":"#main"},"west":{"uv":[7.25,7.5,4.25,9],"texture":"#main"},"up":{"uv":[7.25,7.5,7.25,4.5],"texture":"#main"},"down":{"uv":[7.25,4.5,7.25,7.5],"texture":"#main"}}},{"from":[11.35,5.6,0.8],"to":[11.35,11.6,12.9],"shade":false,"rotation":{"angle":0,"axis":"y","origin":[0,7.15,-0.15]},"faces":{"north":{"uv":[7.25,7.5,7.25,9],"texture":"#main"},"east":{"uv":[10.25,7.5,7.25,9],"texture":"#main"},"south":{"uv":[10.25,7.5,10.25,9],"texture":"#main"},"west":{"uv":[7.25,7.5,4.25,9],"texture":"#main"},"up":{"uv":[7.25,7.5,7.25,4.5],"texture":"#main"},"down":{"uv":[7.25,4.5,7.25,7.5],"texture":"#main"}}},{"from":[5.15,2,2],"to":[10.35,6.3,4.4],"rotation":{"angle":0,"axis":"y","origin":[0,4.55,-6]},"faces":{"north":{"uv":[6.5,4,7.75,5],"texture":"#main"},"east":{"uv":[6,4,6.5,5],"texture":"#main"},"south":{"uv":[8.25,4,9.5,5],"texture":"#main"},"west":{"uv":[7.75,4,8.25,5],"texture":"#main"},"up":{"uv":[7.75,4,6.5,3.5],"texture":"#main"},"down":{"uv":[9,3.5,7.75,4],"texture":"#main"}}},{"from":[5.65,2.7,1],"to":[9.85,4.9,4.2],"rotation":{"angle":0,"axis":"y","origin":[0,4.55,-6]},"faces":{"north":{"uv":[7.75,0.75,8.75,1.25],"texture":"#main"},"east":{"uv":[7,0.75,7.75,1.25],"texture":"#main"},"south":{"uv":[9.5,0.75,10.5,1.25],"texture":"#main"},"west":{"uv":[8.75,0.75,9.5,1.25],"texture":"#main"},"up":{"uv":[8.75,0.75,7.75,0],"texture":"#main"},"down":{"uv":[9.75,0,8.75,0.75],"texture":"#main"}}},{"from":[7.35,4.3,0.8],"to":[7.95,5,1.3],"rotation":{"angle":0,"axis":"y","origin":[0,4.55,-6]},"faces":{"north":{"uv":[0,0,0,0],"texture":"#main"},"east":{"uv":[0,0,0,0],"texture":"#main"},"south":{"uv":[0,0,0,0],"texture":"#main"},"west":{"uv":[0,0,0,0],"texture":"#main"},"up":{"uv":[0,0,0,0],"texture":"#main"},"down":{"uv":[0,0,0,0],"texture":"#main"}}}],"display":{"head":{"translation":[0,-35,0]}},"groups":[{"name":"shaymin","origin":[0,0,0],"color":0,"children":[{"name":"legs","origin":[0,0,0],"color":0,"children":[0,1,2,3]},{"name":"body","origin":[0,7.15,-0.15],"color":0,"children":[4,5,6,7,8,9,10]},{"name":"head","origin":[0,4.55,-6],"color":0,"children":[11,12,13]}]}]}