{"credit":"Made with Blockbench","texture_size":[32,32],"textures":{"particle":"pokemon/simisage","main":"pokemon/simisage"},"elements":[{"from":[-2.72,2.4,-1.6],"to":[2.72,6.24,3.84],"rotation":{"angle":0,"axis":"y","origin":[0,4.48,1.12]},"faces":{"north":{"uv":[6,10.5,7.75,11.75],"texture":"#main"},"east":{"uv":[10.5,6,12.25,7.25],"texture":"#main"},"south":{"uv":[8,10.5,9.75,11.75],"texture":"#main"},"west":{"uv":[0,11,1.75,12.25],"texture":"#main"},"up":{"uv":[7.75,10.25,6,8.5],"texture":"#main"},"down":{"uv":[9.75,8.5,8,10.25],"texture":"#main"}}},{"from":[-2.4,6.24,-1.28],"to":[2.4,11.04,3.52],"rotation":{"angle":0,"axis":"y","origin":[0,4.48,1.12]},"faces":{"north":{"uv":[10,8,11.5,9.5],"texture":"#main"},"east":{"uv":[10,9.5,11.5,11],"texture":"#main"},"south":{"uv":[10.5,0,12,1.5],"texture":"#main"},"west":{"uv":[10.5,1.5,12,3],"texture":"#main"},"up":{"uv":[12,4.5,10.5,3],"texture":"#main"},"down":{"uv":[12,4.5,10.5,6],"texture":"#main"}}},{"from":[-4.32,11.04,-2.56],"to":[4.32,17.76,4.8],"rotation":{"angle":0,"axis":"y","origin":[-4.78294,12.38077,4.41787]},"faces":{"north":{"uv":[0,7,2.75,9],"texture":"#main"},"east":{"uv":[8,0,10.25,2],"texture":"#main"},"south":{"uv":[3,7,5.75,9],"texture":"#main"},"west":{"uv":[8,2,10.25,4],"texture":"#main"},"up":{"uv":[2.75,6.75,0,4.5],"texture":"#main"},"down":{"uv":[5.75,4.5,3,6.75],"texture":"#main"}}},{"from":[-13.76,10.96,2.56],"to":[-4.288,17.616,2.56],"rotation":{"angle":-22.5,"axis":"y","origin":[-4.224,14.288,2.56]},"faces":{"north":{"uv":[6,4.5,9,6.5],"texture":"#main"},"east":{"uv":[0,0,0,2],"texture":"#main"},"south":{"uv":[6,6.5,9,8.5],"texture":"#main"},"west":{"uv":[0,0,0,2],"texture":"#main"},"up":{"uv":[3,0,0,0],"texture":"#main"},"down":{"uv":[3,0,0,0],"texture":"#main"}}},{"from":[4.288,10.96,2.56],"to":[13.76,17.616,2.56],"rotation":{"angle":22.5,"axis":"y","origin":[4.224,14.288,2.56]},"faces":{"north":{"uv":[9,4.5,6,6.5],"texture":"#main"},"east":{"uv":[0,0,0,2],"texture":"#main"},"south":{"uv":[9,6.5,6,8.5],"texture":"#main"},"west":{"uv":[0,0,0,2],"texture":"#main"},"up":{"uv":[0,0,3,0],"texture":"#main"},"down":{"uv":[0,0,3,0],"texture":"#main"}}},{"from":[-6.24,17.65388,1.40062],"to":[6.24,31.09388,1.40062],"rotation":{"angle":-22.5,"axis":"x","origin":[0,17.88155,1.39574]},"faces":{"north":{"uv":[0,0,4,4.25],"texture":"#main"},"east":{"uv":[0,0,0,4.25],"texture":"#main"},"south":{"uv":[4,0,8,4.25],"texture":"#main"},"west":{"uv":[0,0,0,4.25],"texture":"#main"},"up":{"uv":[4,0,0,0],"texture":"#main"},"down":{"uv":[4,0,0,0],"texture":"#main"}}},{"from":[-2.85174,7.85708,-1.28],"to":[-2.85174,11.05708,3.52],"rotation":{"angle":22.5,"axis":"z","origin":[-2.70294,9.18077,1.21787]},"faces":{"north":{"uv":[0,0,0,1],"texture":"#main"},"east":{"uv":[11.5,7.5,13,8.5],"texture":"#main"},"south":{"uv":[0,0,0,1],"texture":"#main"},"west":{"uv":[11.5,7.5,13,8.5],"texture":"#main"},"up":{"uv":[0,1.5,0,0],"texture":"#main"},"down":{"uv":[0,0,0,1.5],"texture":"#main"}}},{"from":[-6.4744,8.159,0.448],"to":[-2.1544,9.599,1.888],"rotation":{"angle":0,"axis":"y","origin":[-2.70294,9.18077,1.21787]},"faces":{"north":{"uv":[6,12,7.25,12.5],"texture":"#main"},"east":{"uv":[9,12.5,9.5,13],"texture":"#main"},"south":{"uv":[7.5,12,8.75,12.5],"texture":"#main"},"west":{"uv":[9.5,12.5,10,13],"texture":"#main"},"up":{"uv":[10.25,12.5,9,12],"texture":"#main"},"down":{"uv":[1.25,12.5,0,13],"texture":"#main"}}},{"from":[-9.80329,7.74061,0.288],"to":[-5.80329,10.14061,2.048],"rotation":{"angle":45,"axis":"z","origin":[-5.90294,9.18077,1.21787]},"faces":{"north":{"uv":[12,2,13.25,2.75],"texture":"#main"},"east":{"uv":[8.5,12.5,9,13.25],"texture":"#main"},"south":{"uv":[12,3,13.25,3.75],"texture":"#main"},"west":{"uv":[12.5,8.5,13,9.25],"texture":"#main"},"up":{"uv":[2.75,13,1.5,12.5],"texture":"#main"},"down":{"uv":[4.25,12.5,3,13],"texture":"#main"}}},{"from":[-12.52329,7.74061,-0.032],"to":[-9.80329,10.46061,2.368],"rotation":{"angle":45,"axis":"z","origin":[-5.90294,9.18077,1.21787]},"faces":{"north":{"uv":[10.5,12,11.25,12.75],"texture":"#main"},"east":{"uv":[4.5,12.5,5.25,13.25],"texture":"#main"},"south":{"uv":[5.5,12.5,6.25,13.25],"texture":"#main"},"west":{"uv":[12.5,6,13.25,6.75],"texture":"#main"},"up":{"uv":[7.25,13.25,6.5,12.5],"texture":"#main"},"down":{"uv":[8.25,12.5,7.5,13.25],"texture":"#main"}}},{"from":[2.85174,7.85708,-1.28],"to":[2.85174,11.05708,3.52],"rotation":{"angle":-22.5,"axis":"z","origin":[2.70294,9.18077,1.21787]},"faces":{"north":{"uv":[0,0,0,1],"texture":"#main"},"east":{"uv":[13,7.5,11.5,8.5],"texture":"#main"},"south":{"uv":[0,0,0,1],"texture":"#main"},"west":{"uv":[13,7.5,11.5,8.5],"texture":"#main"},"up":{"uv":[0,1.5,0,0],"texture":"#main"},"down":{"uv":[0,0,0,1.5],"texture":"#main"}}},{"from":[2.1544,8.159,0.448],"to":[6.4744,9.599,1.888],"rotation":{"angle":0,"axis":"y","origin":[2.5144,8.879,1.168]},"faces":{"north":{"uv":[7.25,12,6,12.5],"texture":"#main"},"east":{"uv":[10,12.5,9.5,13],"texture":"#main"},"south":{"uv":[8.75,12,7.5,12.5],"texture":"#main"},"west":{"uv":[9.5,12.5,9,13],"texture":"#main"},"up":{"uv":[9,12.5,10.25,12],"texture":"#main"},"down":{"uv":[0,12.5,1.25,13],"texture":"#main"}}},{"from":[5.80329,7.74061,0.288],"to":[9.80329,10.14061,2.048],"rotation":{"angle":-45,"axis":"z","origin":[5.90294,9.18077,1.21787]},"faces":{"north":{"uv":[13.25,2,12,2.75],"texture":"#main"},"east":{"uv":[13,8.5,12.5,9.25],"texture":"#main"},"south":{"uv":[13.25,3,12,3.75],"texture":"#main"},"west":{"uv":[9,12.5,8.5,13.25],"texture":"#main"},"up":{"uv":[1.5,13,2.75,12.5],"texture":"#main"},"down":{"uv":[3,12.5,4.25,13],"texture":"#main"}}},{"from":[9.80329,7.74061,-0.032],"to":[12.52329,10.46061,2.368],"rotation":{"angle":-45,"axis":"z","origin":[5.90294,9.18077,1.21787]},"faces":{"north":{"uv":[11.25,12,10.5,12.75],"texture":"#main"},"east":{"uv":[13.25,6,12.5,6.75],"texture":"#main"},"south":{"uv":[6.25,12.5,5.5,13.25],"texture":"#main"},"west":{"uv":[5.25,12.5,4.5,13.25],"texture":"#main"},"up":{"uv":[6.5,13.25,7.25,12.5],"texture":"#main"},"down":{"uv":[7.5,12.5,8.25,13.25],"texture":"#main"}}},{"from":[0,2.4,3.84],"to":[0,7.2,7.68],"rotation":{"angle":0,"axis":"y","origin":[0,3.31212,3.84291]},"faces":{"north":{"uv":[0,0,0,1.5],"texture":"#main"},"east":{"uv":[2,11,3.25,12.5],"texture":"#main"},"south":{"uv":[0,0,0,1.5],"texture":"#main"},"west":{"uv":[3.5,11,4.75,12.5],"texture":"#main"},"up":{"uv":[0,1.25,0,0],"texture":"#main"},"down":{"uv":[0,0,0,1.25],"texture":"#main"}}},{"from":[0,2.4,7.68],"to":[0,9.12,12.8],"rotation":{"angle":0,"axis":"y","origin":[0,3.31212,7.68291]},"faces":{"north":{"uv":[0,0,0,2],"texture":"#main"},"east":{"uv":[0,9,1.5,11],"texture":"#main"},"south":{"uv":[0,0,0,2],"texture":"#main"},"west":{"uv":[1.5,9,3,11],"texture":"#main"},"up":{"uv":[0,1.5,0,0],"texture":"#main"},"down":{"uv":[0,0,0,1.5],"texture":"#main"}}},{"from":[-0.04,7.69934,9.70793],"to":[-0.04,14.41934,14.82793],"rotation":{"angle":-22.5,"axis":"x","origin":[0,3.31212,7.68291]},"faces":{"north":{"uv":[0,0,0,2],"texture":"#main"},"east":{"uv":[3,9,4.5,11],"texture":"#main"},"south":{"uv":[0,0,0,2],"texture":"#main"},"west":{"uv":[9,4,10.5,6],"texture":"#main"},"up":{"uv":[0,1.5,0,0],"texture":"#main"},"down":{"uv":[0,0,0,1.5],"texture":"#main"}}},{"from":[0.04,9.65646,5.26277],"to":[0.04,16.37646,10.38277],"rotation":{"angle":22.5,"axis":"x","origin":[0,3.31212,7.68291]},"faces":{"north":{"uv":[0,0,0,2],"texture":"#main"},"east":{"uv":[4.5,9,6,11],"texture":"#main"},"south":{"uv":[0,0,0,2],"texture":"#main"},"west":{"uv":[9,6,10.5,8],"texture":"#main"},"up":{"uv":[0,1.5,0,0],"texture":"#main"},"down":{"uv":[0,0,0,1.5],"texture":"#main"}}},{"from":[-4.13809,0.48261,-0.32],"to":[-0.77809,5.28261,2.56],"rotation":{"angle":-22.5,"axis":"z","origin":[-2.01091,4.75826,0.64]},"faces":{"north":{"uv":[5,11,6,12.5],"texture":"#main"},"east":{"uv":[11.5,8.5,12.5,10],"texture":"#main"},"south":{"uv":[11.5,10,12.5,11.5],"texture":"#main"},"west":{"uv":[11.5,11.5,12.5,13],"texture":"#main"},"up":{"uv":[13,1,12,0],"texture":"#main"},"down":{"uv":[13,1,12,2],"texture":"#main"}}},{"from":[-5.28,0,-1.6],"to":[-2.88,1.44,1.92],"rotation":{"angle":0,"axis":"y","origin":[-2.01091,4.75826,0.64]},"faces":{"north":{"uv":[10.5,7.5,11.25,8],"texture":"#main"},"east":{"uv":[8,4,9,4.5],"texture":"#main"},"south":{"uv":[12.5,7,13.25,7.5],"texture":"#main"},"west":{"uv":[9,8,10,8.5],"texture":"#main"},"up":{"uv":[12.75,5,12,4],"texture":"#main"},"down":{"uv":[12.75,5,12,6],"texture":"#main"}}},{"from":[0.77809,0.48261,-0.32],"to":[4.13809,5.28261,2.56],"rotation":{"angle":22.5,"axis":"z","origin":[2.01091,4.75826,0.64]},"faces":{"north":{"uv":[6,11,5,12.5],"texture":"#main"},"east":{"uv":[12.5,11.5,11.5,13],"texture":"#main"},"south":{"uv":[12.5,10,11.5,11.5],"texture":"#main"},"west":{"uv":[12.5,8.5,11.5,10],"texture":"#main"},"up":{"uv":[12,1,13,0],"texture":"#main"},"down":{"uv":[12,1,13,2],"texture":"#main"}}},{"from":[2.88,0,-1.6],"to":[5.28,1.44,1.92],"rotation":{"angle":0,"axis":"y","origin":[2.01091,4.75826,0.64]},"faces":{"north":{"uv":[11.25,7.5,10.5,8],"texture":"#main"},"east":{"uv":[10,8,9,8.5],"texture":"#main"},"south":{"uv":[13.25,7,12.5,7.5],"texture":"#main"},"west":{"uv":[9,4,8,4.5],"texture":"#main"},"up":{"uv":[12,5,12.75,4],"texture":"#main"},"down":{"uv":[12,5,12.75,6],"texture":"#main"}}}],"display":{"head":{"translation":[8,-35.25,7]}},"groups":[{"name":"Simisage","origin":[0,0,0],"color":0,"children":[{"name":"body","origin":[0,2.88,1.12],"color":0,"children":[0,1,{"name":"head","origin":[0,11.2,1.12],"color":0,"children":[2,{"name":"ear_l","origin":[-4.224,14.288,2.56],"color":0,"children":[3]},{"name":"ear_r","origin":[4.224,14.288,2.56],"color":0,"children":[4]},{"name":"hair","origin":[0,17.88155,-1.08426],"color":0,"children":[5]}]},{"name":"arm_l","origin":[-2.38027,9.12905,1.144],"color":0,"children":[6,7,{"name":"hand_l","origin":[-5.92138,8.93583,1.168],"color":0,"children":[8,9]}]},{"name":"arm_r","origin":[2.35027,8.80905,1.144],"color":0,"children":[10,11,{"name":"hand_r","origin":[5.92138,8.93583,1.168],"color":0,"children":[12,13]}]},{"name":"tail","origin":[0,3.2,3.76],"color":0,"children":[14,{"name":"tail2","origin":[0,3.31212,7.68291],"color":0,"children":[15,16,17]}]}]},{"name":"leg_l","origin":[-2.01091,4.99826,0.64],"color":0,"children":[18,19]},{"name":"leg_r","origin":[1.61091,5.15826,0.64],"color":0,"children":[20,21]}]}]}