{"credit":"Made with Blockbench","texture_size":[32,32],"textures":{"main":"pokemon/simipour"},"elements":[{"from":[-1.50047,2.10623,-1.98717],"to":[1.85953,6.90623,0.89283],"rotation":{"angle":-22.5,"axis":"z","origin":[-4.85133,12.36335,2.7507]},"faces":{"north":{"uv":[9.5,10.5,10.5,12],"texture":"#main"},"east":{"uv":[10.5,10.5,11.5,12],"texture":"#main"},"south":{"uv":[0,11,1,12.5],"texture":"#main"},"west":{"uv":[1,11,2,12.5],"texture":"#main"},"up":{"uv":[10,8.5,9,7.5],"texture":"#main"},"down":{"uv":[12.5,8.5,11.5,9.5],"texture":"#main"}}},{"from":[-5.34839,-0.01742,-3.26717],"to":[-2.94839,1.42258,0.25283],"rotation":{"angle":0,"axis":"y","origin":[-4.85133,12.36335,2.7507]},"faces":{"north":{"uv":[1,12.5,1.75,13],"texture":"#main"},"east":{"uv":[8,4,9,4.5],"texture":"#main"},"south":{"uv":[2,12.5,2.75,13],"texture":"#main"},"west":{"uv":[0,12.5,1,13],"texture":"#main"},"up":{"uv":[12.25,12.5,11.5,11.5],"texture":"#main"},"down":{"uv":[12.75,0,12,1],"texture":"#main"}}},{"from":[-1.9963,2.10623,-1.98717],"to":[1.3637,6.90623,0.89283],"rotation":{"angle":22.5,"axis":"z","origin":[4.71455,12.36335,2.7507]},"faces":{"north":{"uv":[10.5,10.5,9.5,12],"texture":"#main"},"east":{"uv":[2,11,1,12.5],"texture":"#main"},"south":{"uv":[1,11,0,12.5],"texture":"#main"},"west":{"uv":[11.5,10.5,10.5,12],"texture":"#main"},"up":{"uv":[9,8.5,10,7.5],"texture":"#main"},"down":{"uv":[11.5,8.5,12.5,9.5],"texture":"#main"}}},{"from":[2.81161,-0.01742,-3.26717],"to":[5.21161,1.42258,0.25283],"rotation":{"angle":0,"axis":"y","origin":[4.71455,12.36335,2.7507]},"faces":{"north":{"uv":[1.75,12.5,1,13],"texture":"#main"},"east":{"uv":[1,12.5,0,13],"texture":"#main"},"south":{"uv":[2.75,12.5,2,13],"texture":"#main"},"west":{"uv":[9,4,8,4.5],"texture":"#main"},"up":{"uv":[11.5,12.5,12.25,11.5],"texture":"#main"},"down":{"uv":[12,0,12.75,1],"texture":"#main"}}},{"from":[-2.78839,3.82258,-3.26717],"to":[2.65161,7.66258,2.17283],"rotation":{"angle":0,"axis":"y","origin":[-4.85133,13.80335,2.7507]},"faces":{"north":{"uv":[10.5,3,12.25,4.25],"texture":"#main"},"east":{"uv":[4.5,10.5,6.25,11.75],"texture":"#main"},"south":{"uv":[10.5,4.5,12.25,5.75],"texture":"#main"},"west":{"uv":[10.5,6,12.25,7.25],"texture":"#main"},"up":{"uv":[7.75,10.25,6,8.5],"texture":"#main"},"down":{"uv":[9.75,8.5,8,10.25],"texture":"#main"}}},{"from":[-2.78839,1.58258,-3.26717],"to":[2.65161,3.82258,-3.26717],"rotation":{"angle":0,"axis":"y","origin":[-4.85133,9.96335,2.7507]},"faces":{"north":{"uv":[2,11,3.75,11.75],"texture":"#main"},"east":{"uv":[0,0,0,0.75],"texture":"#main"},"south":{"uv":[3.75,11,2,11.75],"texture":"#main"},"west":{"uv":[0,0,0,0.75],"texture":"#main"},"up":{"uv":[1.75,0,0,0],"texture":"#main"},"down":{"uv":[1.75,0,0,0],"texture":"#main"}}},{"from":[-2.46839,7.66258,-2.94717],"to":[2.33161,12.46258,1.85283],"rotation":{"angle":0,"axis":"y","origin":[-4.85133,13.80335,2.7507]},"faces":{"north":{"uv":[4.5,9,6,10.5],"texture":"#main"},"east":{"uv":[9,6,10.5,7.5],"texture":"#main"},"south":{"uv":[10,7.5,11.5,9],"texture":"#main"},"west":{"uv":[10,9,11.5,10.5],"texture":"#main"},"up":{"uv":[12,1.5,10.5,0],"texture":"#main"},"down":{"uv":[12,1.5,10.5,3],"texture":"#main"}}},{"from":[-4.38839,12.46258,-4.22717],"to":[4.25161,19.18258,3.13283],"rotation":{"angle":0,"axis":"y","origin":[-4.85133,13.80335,2.7507]},"faces":{"north":{"uv":[0,7,2.75,9],"texture":"#main"},"east":{"uv":[8,0,10.25,2],"texture":"#main"},"south":{"uv":[3,7,5.75,9],"texture":"#main"},"west":{"uv":[8,2,10.25,4],"texture":"#main"},"up":{"uv":[2.75,6.75,0,4.5],"texture":"#main"},"down":{"uv":[5.75,4.5,3,6.75],"texture":"#main"}}},{"from":[-2.14839,8.50412,-2.31142],"to":[10.33161,21.94412,-2.31142],"rotation":{"angle":22.5,"axis":"y","origin":[-0.70839,16.90412,-2.75142]},"faces":{"north":{"uv":[4,0,0,4.25],"texture":"#main"},"east":{"uv":[0,0,0,4.25],"texture":"#main"},"south":{"uv":[0,0,4,4.25],"texture":"#main"},"west":{"uv":[0,0,0,4.25],"texture":"#main"},"up":{"uv":[0,0,4,0],"texture":"#main"},"down":{"uv":[0,0,4,0],"texture":"#main"}}},{"from":[-10.46839,8.50412,-2.31142],"to":[2.01161,21.94412,-2.31142],"rotation":{"angle":-22.5,"axis":"y","origin":[0.57161,16.90412,-2.75142]},"faces":{"north":{"uv":[0,0,4,4.25],"texture":"#main"},"east":{"uv":[0,0,0,4.25],"texture":"#main"},"south":{"uv":[4,0,0,4.25],"texture":"#main"},"west":{"uv":[0,0,0,4.25],"texture":"#main"},"up":{"uv":[4,0,0,0],"texture":"#main"},"down":{"uv":[4,0,0,0],"texture":"#main"}}},{"from":[-10.57061,8.50412,0.92686],"to":[1.90939,21.94412,0.92686],"rotation":{"angle":0,"axis":"y","origin":[-3.69061,14.42412,-0.67314]},"faces":{"north":{"uv":[0,0,4,4.25],"texture":"#main"},"east":{"uv":[0,0,0,4.25],"texture":"#main"},"south":{"uv":[4,0,0,4.25],"texture":"#main"},"west":{"uv":[0,0,0,4.25],"texture":"#main"},"up":{"uv":[4,0,0,0],"texture":"#main"},"down":{"uv":[4,0,0,0],"texture":"#main"}}},{"from":[-11.37061,8.50412,-1.47314],"to":[1.10939,21.94412,-1.47314],"rotation":{"angle":0,"axis":"y","origin":[-4.49061,14.42412,-3.07314]},"faces":{"north":{"uv":[0,0,4,4.25],"texture":"#main"},"east":{"uv":[0,0,0,4.25],"texture":"#main"},"south":{"uv":[4,0,0,4.25],"texture":"#main"},"west":{"uv":[0,0,0,4.25],"texture":"#main"},"up":{"uv":[4,0,0,0],"texture":"#main"},"down":{"uv":[4,0,0,0],"texture":"#main"}}},{"from":[-13.82839,12.38258,-2.70717],"to":[-4.35639,19.03858,-2.70717],"rotation":{"angle":0,"axis":"y","origin":[-4.29239,15.71058,-2.70717]},"faces":{"north":{"uv":[6,4.5,9,6.5],"texture":"#main"},"east":{"uv":[0,0,0,2],"texture":"#main"},"south":{"uv":[9,4.5,6,6.5],"texture":"#main"},"west":{"uv":[0,0,0,2],"texture":"#main"},"up":{"uv":[3,0,0,0],"texture":"#main"},"down":{"uv":[3,0,0,0],"texture":"#main"}}},{"from":[4.21961,12.38258,-2.70717],"to":[13.69161,19.03858,-2.70717],"rotation":{"angle":0,"axis":"y","origin":[4.15561,15.71058,-2.70717]},"faces":{"north":{"uv":[9,4.5,6,6.5],"texture":"#main"},"east":{"uv":[0,0,0,2],"texture":"#main"},"south":{"uv":[6,4.5,9,6.5],"texture":"#main"},"west":{"uv":[0,0,0,2],"texture":"#main"},"up":{"uv":[0,0,3,0],"texture":"#main"},"down":{"uv":[0,0,3,0],"texture":"#main"}}},{"from":[-1.24616,8.50412,-1.47314],"to":[11.23384,21.94412,-1.47314],"rotation":{"angle":0,"axis":"y","origin":[4.35384,14.42412,-3.07314]},"faces":{"north":{"uv":[4,0,0,4.25],"texture":"#main"},"east":{"uv":[0,0,0,4.25],"texture":"#main"},"south":{"uv":[0,0,4,4.25],"texture":"#main"},"west":{"uv":[0,0,0,4.25],"texture":"#main"},"up":{"uv":[0,0,4,0],"texture":"#main"},"down":{"uv":[0,0,4,0],"texture":"#main"}}},{"from":[-2.04616,8.50412,0.92686],"to":[10.43384,21.94412,0.92686],"rotation":{"angle":0,"axis":"y","origin":[3.55384,14.42412,-0.67314]},"faces":{"north":{"uv":[4,0,0,4.25],"texture":"#main"},"east":{"uv":[0,0,0,4.25],"texture":"#main"},"south":{"uv":[0,0,4,4.25],"texture":"#main"},"west":{"uv":[0,0,0,4.25],"texture":"#main"},"up":{"uv":[0,0,4,0],"texture":"#main"},"down":{"uv":[0,0,4,0],"texture":"#main"}}},{"from":[2.08602,9.58157,-1.21917],"to":[6.40602,11.02157,0.22083],"rotation":{"angle":-22.5,"axis":"z","origin":[2.08602,10.30157,-0.49917]},"faces":{"north":{"uv":[13.25,1,12,1.5],"texture":"#main"},"east":{"uv":[13,3,12.5,3.5],"texture":"#main"},"south":{"uv":[13.25,1.5,12,2],"texture":"#main"},"west":{"uv":[3.5,12.5,3,13],"texture":"#main"},"up":{"uv":[2,12.5,3.25,12],"texture":"#main"},"down":{"uv":[12,2,13.25,2.5],"texture":"#main"}}},{"from":[2.80361,6.1683,-1.37917],"to":[5.20361,10.1683,0.38083],"rotation":{"angle":22.5,"axis":"z","origin":[5.71455,13.12335,2.7507]},"faces":{"north":{"uv":[12.75,9.5,11.5,10.25],"rotation":270,"texture":"#main"},"east":{"uv":[12,3,13.25,2.5],"rotation":90,"texture":"#main"},"south":{"uv":[12.75,10.5,11.5,11.25],"rotation":90,"texture":"#main"},"west":{"uv":[3.5,12,4.75,12.5],"rotation":90,"texture":"#main"},"up":{"uv":[4.5,11,4,11.75],"rotation":90,"texture":"#main"},"down":{"uv":[11.5,12,11,12.75],"rotation":90,"texture":"#main"}}},{"from":[2.80361,3.4483,-1.69917],"to":[5.52361,6.1683,0.70083],"rotation":{"angle":22.5,"axis":"z","origin":[5.71455,13.12335,2.7507]},"faces":{"north":{"uv":[5.75,12,5,12.75],"rotation":270,"texture":"#main"},"east":{"uv":[9,12.75,9.75,12],"rotation":90,"texture":"#main"},"south":{"uv":[7.75,12,7,12.75],"rotation":90,"texture":"#main"},"west":{"uv":[10,12,10.75,12.75],"rotation":90,"texture":"#main"},"up":{"uv":[6.75,12,6,12.75],"rotation":90,"texture":"#main"},"down":{"uv":[8.75,12,8,12.75],"rotation":90,"texture":"#main"}}},{"from":[-6.8905,9.77978,-1.21917],"to":[-2.5705,11.21978,0.22083],"rotation":{"angle":22.5,"axis":"z","origin":[-2.21133,11.32335,2.7507]},"faces":{"north":{"uv":[12,1,13.25,1.5],"texture":"#main"},"east":{"uv":[3,12.5,3.5,13],"texture":"#main"},"south":{"uv":[12,1.5,13.25,2],"texture":"#main"},"west":{"uv":[12.5,3,13,3.5],"texture":"#main"},"up":{"uv":[3.25,12.5,2,12],"texture":"#main"},"down":{"uv":[13.25,2,12,2.5],"texture":"#main"}}},{"from":[-6.93138,7.21092,-1.37917],"to":[-4.53138,11.21092,0.38083],"rotation":{"angle":22.5,"axis":"z","origin":[-2.21133,11.32335,2.7507]},"faces":{"north":{"uv":[11.5,9.5,12.75,10.25],"rotation":90,"texture":"#main"},"east":{"uv":[4.75,12,3.5,12.5],"rotation":270,"texture":"#main"},"south":{"uv":[11.5,10.5,12.75,11.25],"rotation":270,"texture":"#main"},"west":{"uv":[13.25,3,12,2.5],"rotation":270,"texture":"#main"},"up":{"uv":[4,11,4.5,11.75],"rotation":270,"texture":"#main"},"down":{"uv":[11,12,11.5,12.75],"rotation":270,"texture":"#main"}}},{"from":[-3.22236,3.49157,-1.69917],"to":[-0.50236,6.21157,0.70083],"rotation":{"angle":-22.5,"axis":"z","origin":[-2.21133,11.32335,2.7507]},"faces":{"north":{"uv":[5,12,5.75,12.75],"rotation":90,"texture":"#main"},"east":{"uv":[10.75,12,10,12.75],"rotation":270,"texture":"#main"},"south":{"uv":[7,12,7.75,12.75],"rotation":270,"texture":"#main"},"west":{"uv":[9.75,12.75,9,12],"rotation":270,"texture":"#main"},"up":{"uv":[6,12,6.75,12.75],"rotation":270,"texture":"#main"},"down":{"uv":[8,12,8.75,12.75],"rotation":270,"texture":"#main"}}},{"from":[-0.06839,3.78258,2.17283],"to":[-0.06839,8.58258,6.01283],"rotation":{"angle":0,"axis":"y","origin":[-0.06839,9.8947,6.97574]},"faces":{"north":{"uv":[0,0,0,1.5],"texture":"#main"},"east":{"uv":[6.5,10.5,7.75,12],"texture":"#main"},"south":{"uv":[0,0,0,1.5],"texture":"#main"},"west":{"uv":[8,10.5,9.25,12],"texture":"#main"},"up":{"uv":[0,1.25,0,0],"texture":"#main"},"down":{"uv":[0,0,0,1.25],"texture":"#main"}}},{"from":[-0.06839,3.78258,6.01283],"to":[-0.06839,10.50258,11.13283],"rotation":{"angle":0,"axis":"y","origin":[-0.06839,9.8947,6.97574]},"faces":{"north":{"uv":[0,0,0,2],"texture":"#main"},"east":{"uv":[0,9,1.5,11],"texture":"#main"},"south":{"uv":[0,0,0,2],"texture":"#main"},"west":{"uv":[1.5,9,3,11],"texture":"#main"},"up":{"uv":[0,1.5,0,0],"texture":"#main"},"down":{"uv":[0,0,0,1.5],"texture":"#main"}}},{"from":[-0.02839,10.44512,6.00389],"to":[-0.02839,17.16512,11.12389],"rotation":{"angle":22.5,"axis":"x","origin":[-0.02839,10.60512,8.56389]},"faces":{"north":{"uv":[0,0,0,2],"texture":"#main"},"east":{"uv":[9,4,10.5,6],"texture":"#main"},"south":{"uv":[0,0,0,2],"texture":"#main"},"west":{"uv":[9,4,10.5,6],"texture":"#main"},"up":{"uv":[0,1.5,0,0],"texture":"#main"},"down":{"uv":[0,0,0,1.5],"texture":"#main"}}},{"from":[-0.10839,10.44512,6.00389],"to":[-0.10839,17.16512,11.12389],"rotation":{"angle":-22.5,"axis":"x","origin":[-0.10839,10.60512,8.56389]},"faces":{"north":{"uv":[0,0,0,2],"texture":"#main"},"east":{"uv":[9,4,10.5,6],"texture":"#main"},"south":{"uv":[0,0,0,2],"texture":"#main"},"west":{"uv":[9,4,10.5,6],"texture":"#main"},"up":{"uv":[0,1.5,0,0],"texture":"#main"},"down":{"uv":[0,0,0,1.5],"texture":"#main"}}}],"display":{"head":{"translation":[10,-33.5,9.75],"scale":[1.2,1.2,1.2]}},"groups":[{"name":"Simisage","origin":[0.11398,0.02904,0.11195],"color":0,"children":[{"name":"leg_l","origin":[-1.6793,4.94083,-1.02717],"color":0,"children":[0,1]},{"name":"leg_r","origin":[1.54253,4.94083,-1.02717],"color":0,"children":[2,3]},{"name":"body","origin":[-0.06839,5.09135,-1.64826],"color":0,"children":[4,5,6,{"name":"head","origin":[-0.06839,12.64872,-0.46307],"color":0,"children":[7,8,9,10,11,12,13,14,15]},{"name":"arm_r","origin":[2.10845,10.15448,-0.49917],"color":0,"children":[16,{"name":"hand_r","origin":[4.74688,9.11923,-0.49917],"color":0,"children":[17,18]}]},{"name":"arm_l","origin":[-2.21133,10.32335,-0.7493],"color":0,"children":[19,20,21]},{"name":"tail","origin":[-0.06839,5.11206,2.19836],"color":0,"children":[22,{"name":"tail2","origin":[-0.06839,4.42189,6.06687],"color":0,"children":[23,24,25]}]}]}]}]}