{"parent":"physical_parent","textures":{"main":"pokemon/slowpoke"},"elements":[{"from":[0,2,0],"to":[9,9,11],"faces":{"east":{"uv":[0,4,2.75,5.75],"texture":"#main"},"south":{"uv":[6,6,8.25,7.75],"texture":"#main"},"north":{"uv":[6,4,8.25,5.75],"texture":"#main"},"west":{"uv":[3,4,5.75,5.75],"texture":"#main"},"up":{"uv":[0,6,2.75,8.25],"texture":"#main","rotation":90},"down":{"uv":[3,6,5.75,8.25],"texture":"#main","rotation":90}}},{"from":[1,3,11],"to":[8,10,18],"faces":{"east":{"uv":[2,0,3.75,1.75],"texture":"#main"},"south":{"uv":[0,0,1.75,1.75],"texture":"#main"},"north":{"uv":[2,2,3.75,3.75],"texture":"#main"},"west":{"uv":[4,0,5.75,1.75],"texture":"#main"},"up":{"uv":[0,2,1.75,3.75],"texture":"#main"},"down":{"uv":[2,2,3.75,3.75],"texture":"#main"}}},{"from":[6,-1,8],"to":[9,2,11],"faces":{"east":{"uv":[6.25,1,7,1.75],"texture":"#main"},"south":{"uv":[7.25,1,8,1.75],"texture":"#main"},"north":{"uv":[8.25,1,9,1.75],"texture":"#main"},"west":{"uv":[8.25,1,9,1.75],"texture":"#main"},"up":{"uv":[8.25,1,9,1.75],"texture":"#main"},"down":{"uv":[8.25,1,9,1.75],"texture":"#main"}}},{"rotation":{"origin":[4.5,8.264326,0.3425273],"angle":-22.5,"axis":"x"},"from":[3,5.7643,-1.1575],"to":[6,10.7643,1.8425],"faces":{"east":{"uv":[9,5,9.75,6.5],"texture":"#main"},"south":{"uv":[9,5,9.75,6.5],"texture":"#main"},"north":{"uv":[9,5,9.75,6.5],"texture":"#main"},"west":{"uv":[9,5,9.75,6.5],"texture":"#main"}}},{"rotation":{"origin":[4.49,11.73567,0.3425278],"angle":22.5,"axis":"x"},"from":[2.99,9.2357,-1.1575],"to":[5.99,14.2357,1.8425],"faces":{"east":{"uv":[10,5,10.75,6.5],"texture":"#main"},"south":{"uv":[10,5,10.75,6.5],"texture":"#main"},"north":{"uv":[10,5,10.75,6.5],"texture":"#main"},"west":{"uv":[10,5,10.75,6.5],"texture":"#main"}}},{"rotation":{"origin":[4.5,15.3265,2.741844],"angle":45,"axis":"x"},"from":[3,12.8265,1.2418],"to":[6,15.8265,4.2418],"faces":{"east":{"uv":[11,5,11.75,6.5],"texture":"#main"},"south":{"uv":[11,5,11.75,6.5],"texture":"#main"},"north":{"uv":[11,5,11.75,6.5],"texture":"#main"},"west":{"uv":[11,5,11.75,6.5],"texture":"#main"},"up":{"uv":[11,5,11.75,6.5],"texture":"#main"},"down":{"uv":[11,5,11.75,6.5],"texture":"#main"}}},{"rotation":{"origin":[4.49,16.31161,4.918462],"angle":-22.5,"axis":"x"},"from":[2.99,14.8116,2.4185],"to":[5.99,17.8116,7.4185],"faces":{"east":{"uv":[11,5,11.75,6.5],"texture":"#main","rotation":270},"south":{"uv":[11,5,11.75,6.5],"texture":"#main"},"north":{"uv":[11,5,11.75,6.5],"texture":"#main","rotation":180},"west":{"uv":[11,5,11.75,6.5],"texture":"#main","rotation":90},"up":{"uv":[11,5,11.75,6.5],"texture":"#main","rotation":180},"down":{"uv":[11,5,11.75,6.5],"texture":"#main"}}},{"from":[3.5,16.6541,6.6541],"to":[5.5,18.6541,10.6541],"faces":{"east":{"uv":[12,5,12.75,6.5],"texture":"#main","rotation":90},"south":{"uv":[12,5,12.75,6.5],"texture":"#main","rotation":90},"north":{"uv":[12,5,12.75,6.5],"texture":"#main","rotation":90},"west":{"uv":[12,5,12.75,6.5],"texture":"#main"},"up":{"uv":[12,5,12.75,6.5],"texture":"#main","rotation":90},"down":{"uv":[12,5,12.75,6.5],"texture":"#main","rotation":90}}},{"from":[6,10,11],"to":[8,12,11.1],"faces":{"south":{"uv":[8.5,4,9,4.5],"texture":"#main"},"north":{"uv":[9.25,4,9.75,4.5],"texture":"#main"}}},{"from":[0,-1,8],"to":[3,2,11],"faces":{"east":{"uv":[6.25,1,7,1.75],"texture":"#main"},"south":{"uv":[7.25,1,8,1.75],"texture":"#main"},"north":{"uv":[8.25,1,9,1.75],"texture":"#main"},"west":{"uv":[8.25,1,9,1.75],"texture":"#main"},"up":{"uv":[8.25,1,9,1.75],"texture":"#main"},"down":{"uv":[8.25,1,9,1.75],"texture":"#main"}}},{"from":[0,-1,0],"to":[3,2,3],"faces":{"east":{"uv":[6.25,1,7,1.75],"texture":"#main"},"south":{"uv":[7.25,1,8,1.75],"texture":"#main"},"north":{"uv":[8.25,1,9,1.75],"texture":"#main"},"west":{"uv":[8.25,1,9,1.75],"texture":"#main"},"up":{"uv":[8.25,1,9,1.75],"texture":"#main"},"down":{"uv":[8.25,1,9,1.75],"texture":"#main"}}},{"from":[6,-1,0],"to":[9,2,3],"faces":{"east":{"uv":[6.25,1,7,1.75],"texture":"#main"},"south":{"uv":[7.25,1,8,1.75],"texture":"#main"},"north":{"uv":[8.25,1,9,1.75],"texture":"#main"},"west":{"uv":[8.25,1,9,1.75],"texture":"#main"},"up":{"uv":[8.25,1,9,1.75],"texture":"#main"},"down":{"uv":[8.25,1,9,1.75],"texture":"#main"}}},{"from":[1,10,11],"to":[3,12,11.1],"faces":{"south":{"uv":[8.5,4,9,4.5],"texture":"#main"},"north":{"uv":[9.25,4,9.75,4.5],"texture":"#main"}}}],"display":{"head":{"rotation":[0,180,0],"translation":[-5.4,-30.6,-3.478],"scale":[1.5,1.5,1.5]},"firstperson_righthand":{"scale":[0.0001,0.0001,0.0001]},"thirdperson_lefthand":{"scale":[0.0001,0.0001,0.0001]},"firstperson_lefthand":{"scale":[0.0001,0.0001,0.0001]}}}