{"credit":"Made with Blockbench","textures":{"particle":"pokemon/stunfisk","main":"pokemon/stunfisk"},"elements":[{"from":[-2,0,-5.225],"to":[5.6,0.95,3.8],"rotation":{"angle":0,"axis":"y","origin":[-13.4,0,-7.6]},"faces":{"north":{"uv":[10,8,14,8.5],"texture":"#main"},"east":{"uv":[10,7,15,7.5],"texture":"#main"},"south":{"uv":[10,9,14,9.5],"texture":"#main"},"west":{"uv":[8,10,13,10.5],"texture":"#main"},"up":{"uv":[10,5,6,0],"texture":"#main"},"down":{"uv":[10,5,6,10],"texture":"#main"}}},{"from":[1.135,0.95,-3.8],"to":[2.56,1.9,-2.375],"rotation":{"angle":0,"axis":"y","origin":[-13.4,0,-7.6]},"faces":{"north":{"uv":[6,13,7,13.5],"texture":"#main"},"east":{"uv":[7,13,8,13.5],"texture":"#main"},"south":{"uv":[8,13,9,13.5],"texture":"#main"},"west":{"uv":[9,13,10,13.5],"texture":"#main"},"up":{"uv":[5,14,4,13],"texture":"#main"},"down":{"uv":[6,13,5,14],"texture":"#main"}}},{"from":[-9.6,0,-3.8],"to":[-2,0,3.8],"rotation":{"angle":-22.5,"axis":"z","origin":[-2,0,0]},"faces":{"north":{"uv":[0,0,4,0],"texture":"#main"},"east":{"uv":[0,0,4,0],"texture":"#main"},"south":{"uv":[0,0,4,0],"texture":"#main"},"west":{"uv":[0,0,4,0],"texture":"#main"},"up":{"uv":[4,14,0,10],"texture":"#main"},"down":{"uv":[4,10,0,14],"texture":"#main"}}},{"from":[5.6,0,-3.8],"to":[13.2,0,3.8],"rotation":{"angle":22.5,"axis":"z","origin":[5.6,0,0]},"faces":{"north":{"uv":[4,0,0,0],"texture":"#main"},"east":{"uv":[4,0,0,0],"texture":"#main"},"south":{"uv":[4,0,0,0],"texture":"#main"},"west":{"uv":[4,0,0,0],"texture":"#main"},"up":{"uv":[0,14,4,10],"texture":"#main"},"down":{"uv":[0,10,4,14],"texture":"#main"}}},{"from":[-1.525,2.85,4.6075],"to":[5.125,3.8,9.3575],"rotation":{"angle":-45,"axis":"x","origin":[1.8,0.475,7.6]},"faces":{"north":{"uv":[8,11,11.5,11.5],"texture":"#main"},"east":{"uv":[12,11,14.5,11.5],"texture":"#main"},"south":{"uv":[8,12,11.5,12.5],"texture":"#main"},"west":{"uv":[12,12,14.5,12.5],"texture":"#main"},"up":{"uv":[7.5,12.5,4,10],"texture":"#main"},"down":{"uv":[13.5,4,10,6.5],"texture":"#main"}}},{"from":[-3.425,3.325,5.5575],"to":[7.025,3.325,14.1075],"rotation":{"angle":-45,"axis":"x","origin":[1.8,0.475,7.6]},"faces":{"north":{"uv":[0,0,5.5,0],"texture":"#main"},"east":{"uv":[0,0,4.5,0],"texture":"#main"},"south":{"uv":[0,0,5.5,0],"texture":"#main"},"west":{"uv":[0,0,4.5,0],"texture":"#main"},"up":{"uv":[5.5,4.5,0,0],"texture":"#main"},"down":{"uv":[0,0,5.5,4.5],"texture":"#main"}}}],"display":{"head":{"translation":[8,-31,11.75],"scale":[1.5,1.5,1.5]}},"groups":[{"name":"Stunfisk","origin":[-2,0,0],"color":0,"children":[{"name":"body","origin":[1.82375,-0.05,-1.9],"color":0,"children":[0,1,{"name":"wing_l","origin":[-2,0,0],"color":0,"children":[2]},{"name":"wing_r","origin":[5.6,0,0],"color":0,"children":[3]},{"name":"tail","origin":[1.8,0.31124,3.40573],"color":0,"children":[4,5]}]}]}]}