{"credit":"Made with Blockbench","texture_size":[32,32],"textures":{"particle":"pokemon/swadloon","main":"pokemon/swadloon"},"elements":[{"from":[-5.1,-0.01236,6.1],"to":[5.1,-0.01236,16.3],"rotation":{"angle":0,"axis":"y","origin":[0,0.07518,1]},"faces":{"north":{"uv":[0,0,3,0],"texture":"#main"},"east":{"uv":[0,0,3,0],"texture":"#main"},"south":{"uv":[0,0,3,0],"texture":"#main"},"west":{"uv":[0,0,3,0],"texture":"#main"},"up":{"uv":[3,3,0,0],"texture":"#main"},"down":{"uv":[3,0,0,3],"texture":"#main"}}},{"from":[-5.1,-0.01236,-4.1],"to":[5.1,10.18764,6.1],"rotation":{"angle":0,"axis":"y","origin":[0,0.07518,1]},"faces":{"north":{"uv":[3,0,6,3],"texture":"#main"},"east":{"uv":[3,3,6,6],"texture":"#main"},"south":{"uv":[0,6,3,9],"texture":"#main"},"west":{"uv":[6,0,9,3],"texture":"#main"},"up":{"uv":[6,9,3,6],"texture":"#main"},"down":{"uv":[9,3,6,6],"texture":"#main"}}},{"from":[-13.6,-0.01236,-4.1],"to":[-5.1,-0.01236,6.1],"rotation":{"angle":0,"axis":"y","origin":[0,0.07518,1]},"faces":{"north":{"uv":[0,0,2.5,0],"texture":"#main"},"east":{"uv":[0,0,3,0],"texture":"#main"},"south":{"uv":[0,0,2.5,0],"texture":"#main"},"west":{"uv":[0,0,3,0],"texture":"#main"},"up":{"uv":[2.5,12,0,9],"texture":"#main"},"down":{"uv":[2.5,12,0,9],"texture":"#main"}}},{"from":[-4.79277,9.02522,1],"to":[3.70723,17.52522,1],"rotation":{"angle":22.5,"axis":"z","origin":[0,0.07518,1]},"faces":{"north":{"uv":[2.5,9,5,11.5],"texture":"#main"},"east":{"uv":[0,0,0,2.5],"texture":"#main"},"south":{"uv":[5,9,2.5,11.5],"texture":"#main"},"west":{"uv":[0,0,0,2.5],"texture":"#main"},"up":{"uv":[2.5,0,0,0],"texture":"#main"},"down":{"uv":[2.5,0,0,0],"texture":"#main"}}},{"from":[5.1,-0.01236,-4.1],"to":[13.6,-0.01236,6.1],"rotation":{"angle":0,"axis":"y","origin":[0,0.07518,1]},"faces":{"north":{"uv":[2.5,0,0,0],"texture":"#main"},"east":{"uv":[3,0,0,0],"texture":"#main"},"south":{"uv":[2.5,0,0,0],"texture":"#main"},"west":{"uv":[3,0,0,0],"texture":"#main"},"up":{"uv":[0,12,2.5,9],"texture":"#main"},"down":{"uv":[0,12,2.5,9],"texture":"#main"}}},{"from":[-3.70723,9.02522,1],"to":[4.79277,17.52522,1],"rotation":{"angle":-22.5,"axis":"z","origin":[0,0.07518,1]},"faces":{"north":{"uv":[5,9,2.5,11.5],"texture":"#main"},"east":{"uv":[0,0,0,2.5],"texture":"#main"},"south":{"uv":[2.5,9,5,11.5],"texture":"#main"},"west":{"uv":[0,0,0,2.5],"texture":"#main"},"up":{"uv":[0,0,2.5,0],"texture":"#main"},"down":{"uv":[0,0,2.5,0],"texture":"#main"}}}],"display":{"head":{"translation":[8,-35,8]}},"groups":[{"name":"Swadloon","origin":[0,0.01766,1],"color":0,"children":[{"name":"body","origin":[0,0.07518,1],"color":0,"children":[0,1,{"name":"arm_l","origin":[-5.1,-0.01236,1],"color":0,"children":[2]},{"name":"ear_l","origin":[-1.05289,10.06272,1],"color":0,"children":[3]},{"name":"arm_r","origin":[5.1,-0.01236,1],"color":0,"children":[4]},{"name":"ear_r","origin":[1.05289,10.06272,1],"color":0,"children":[5]}]}]}]}