{"parent":"physical_parent","textures":{"main":"pokemon/swinub"},"texture_size":[48,48],"elements":[{"rotation":{"origin":[8,8.25,8],"angle":0,"axis":"y"},"from":[3,0.25,2],"to":[13,6.25,14],"faces":{"east":{"uv":[8,3.33333,12,5.33333],"texture":"#main"},"south":{"uv":[10.66667,0,14,2],"texture":"#main"},"north":{"uv":[10.66667,10.66667,14,12.66667],"texture":"#main"},"west":{"uv":[8,5.33333,12,7.33333],"texture":"#main"},"up":{"uv":[4.66667,4.66667,8,8.66667],"texture":"#main"},"down":{"uv":[4.66667,0,8,4],"texture":"#main"}}},{"rotation":{"origin":[8,8.25,8],"angle":0,"axis":"y"},"from":[1,0.25,2],"to":[15,0.25,16],"faces":{"east":{"uv":[0,0,4.66667,0],"texture":"#main"},"south":{"uv":[0,0,4.66667,0],"texture":"#main"},"north":{"uv":[0,0,4.66667,0],"texture":"#main"},"west":{"uv":[0,0,4.66667,0],"texture":"#main"},"up":{"uv":[0,0,4.66667,4.66667],"texture":"#main"}}},{"rotation":{"origin":[8.01309,1.49827,8.98863],"angle":22.5,"axis":"x"},"from":[3,3.1,3.5],"to":[13,3.1,16.5],"faces":{"east":{"uv":[0,0,4.66667,0],"texture":"#main"},"south":{"uv":[0,0,4.66667,0],"texture":"#main"},"west":{"uv":[0,0,4.66667,0],"texture":"#main"},"up":{"uv":[0,0,4.66667,4.66667],"texture":"#main"}}},{"rotation":{"origin":[8,8.25,8],"angle":0,"axis":"y"},"from":[4,0,3],"to":[12,7.25,13],"faces":{"east":{"uv":[4.66667,8.66667,8,11],"texture":"#main"},"south":{"uv":[3.33333,11,6,13.33333],"texture":"#main"},"north":{"uv":[10.66667,7.33333,13.33333,9.66667],"texture":"#main"},"west":{"uv":[0,9.33333,3.33333,11.66667],"texture":"#main"},"up":{"uv":[8,8,10.66667,11.33333],"texture":"#main"},"down":{"uv":[8,0,10.66667,3.33333],"texture":"#main"}}},{"from":[6,1,1],"to":[10,3,2],"faces":{"east":{"uv":[7.33333,4,7.66667,4.66667],"texture":"#main"},"south":{"uv":[6,4,7.33333,4.66667],"texture":"#main"},"north":{"uv":[8,11.33333,10.66633,12.666],"texture":"#main"},"west":{"uv":[7.66667,4,8,4.66667],"texture":"#main"},"up":{"uv":[8,7.33333,9.33333,7.66667],"texture":"#main"},"down":{"uv":[8,7.66667,9.33333,8],"texture":"#main"}}}],"display":{"head":{"translation":[0,-31,0],"scale":[1.5,1.5,1.5]}},"credit":"Made with Blockbench"}