{"credit":"Made with Blockbench","texture_size":[32,32],"textures":{"particle":"pokemon/trubbish","main":"pokemon/trubbish"},"elements":[{"from":[-5.31741,1.27443,-4.77154],"to":[5.48259,7.87443,5.42846],"rotation":{"angle":0,"axis":"y","origin":[-4.86741,10.27443,0.50846]},"faces":{"north":{"uv":[0,5,2.75,6.75],"texture":"#main"},"east":{"uv":[5.5,0,8,1.75],"texture":"#main"},"south":{"uv":[3,5,5.75,6.75],"texture":"#main"},"west":{"uv":[5.5,2,8,3.75],"texture":"#main"},"up":{"uv":[2.75,2.5,0,0],"texture":"#main"},"down":{"uv":[2.75,2.5,0,5],"texture":"#main"}}},{"from":[-4.71741,7.87443,-4.17154],"to":[4.88259,11.47443,4.82846],"rotation":{"angle":0,"axis":"y","origin":[-4.86741,10.27443,0.50846]},"faces":{"north":{"uv":[5.5,4,8,5],"texture":"#main"},"east":{"uv":[6,6,8.25,7],"texture":"#main"},"south":{"uv":[6,5,8.5,6],"texture":"#main"},"west":{"uv":[0,7,2.25,8],"texture":"#main"},"up":{"uv":[5.5,2.25,3,0],"texture":"#main"},"down":{"uv":[5.5,2.5,3,4.75],"texture":"#main"}}},{"from":[-2.91741,10.11119,-1.3758],"to":[3.08259,13.71119,4.0242],"rotation":{"angle":22.5,"axis":"x","origin":[-4.86741,10.27443,0.50846]},"faces":{"north":{"uv":[1.5,8,3,9],"texture":"#main"},"east":{"uv":[8,2.5,9.25,3.5],"texture":"#main"},"south":{"uv":[8,1.5,9.5,2.5],"texture":"#main"},"west":{"uv":[3,8,4.25,9],"texture":"#main"},"up":{"uv":[1.5,9.25,0,8],"texture":"#main"},"down":{"uv":[9.5,0,8,1.25],"texture":"#main"}}},{"from":[-9.21741,11.87443,2.18846],"to":[-0.81741,15.47443,2.18846],"rotation":{"angle":-22.5,"axis":"z","origin":[-2.31741,15.67443,2.18846]},"faces":{"north":{"uv":[6.5,7,7.5,9],"rotation":90,"texture":"#main"},"east":{"uv":[0,0,0,1],"texture":"#main"},"south":{"uv":[6.5,9,7.5,7],"rotation":90,"texture":"#main"},"west":{"uv":[0,0,0,1],"texture":"#main"},"up":{"uv":[2,0,0,0],"texture":"#main"},"down":{"uv":[2,0,0,0],"texture":"#main"}}},{"from":[1.18259,13.17443,2.18846],"to":[4.78259,21.57443,2.18846],"rotation":{"angle":-22.5,"axis":"z","origin":[2.48259,15.67443,2.18846]},"faces":{"north":{"uv":[6.5,7,7.5,9],"texture":"#main"},"east":{"uv":[0,0,0,2],"texture":"#main"},"south":{"uv":[6.5,7,7.5,9],"texture":"#main"},"west":{"uv":[0,0,0,2],"texture":"#main"},"up":{"uv":[1,0,0,0],"texture":"#main"},"down":{"uv":[1,0,0,0],"texture":"#main"}}},{"from":[-13.21741,1.52443,0.86846],"to":[-7.81741,4.52443,0.86846],"rotation":{"angle":0,"axis":"y","origin":[-5.21741,3.49943,0.89846]},"faces":{"north":{"uv":[8,3.5,9.25,4.25],"texture":"#main"},"east":{"uv":[0,0,0,0.75],"texture":"#main"},"south":{"uv":[9.25,3.5,8,4.25],"texture":"#main"},"west":{"uv":[0,0,0,0.75],"texture":"#main"},"up":{"uv":[1.25,0,0,0],"texture":"#main"},"down":{"uv":[1.25,0,0,0],"texture":"#main"}}},{"from":[-8.91741,2.47443,-0.57154],"to":[-5.31741,5.47443,2.42846],"rotation":{"angle":0,"axis":"y","origin":[-5.21741,3.49943,0.89846]},"faces":{"north":{"uv":[8.5,6.5,9.5,7.25],"texture":"#main"},"east":{"uv":[6.5,9,7.25,9.75],"texture":"#main"},"south":{"uv":[8.5,7.5,9.5,8.25],"texture":"#main"},"west":{"uv":[7.5,9,8.25,9.75],"texture":"#main"},"up":{"uv":[9.5,9.25,8.5,8.5],"texture":"#main"},"down":{"uv":[2.5,9,1.5,9.75],"texture":"#main"}}},{"from":[-6.46741,2.41443,-0.63154],"to":[-5.26741,5.53443,2.48846],"rotation":{"angle":0,"axis":"y","origin":[-5.21741,3.49943,0.89846]},"faces":{"north":{"uv":[9.5,7.5,9.75,8.25],"texture":"#main"},"east":{"uv":[0,9.5,0.75,10.25],"texture":"#main"},"south":{"uv":[8.5,9.5,8.75,10.25],"texture":"#main"},"west":{"uv":[9.5,0,10.25,0.75],"texture":"#main"},"up":{"uv":[9.75,9.25,9.5,8.5],"texture":"#main"},"down":{"uv":[9.25,9.5,9,10.25],"texture":"#main"}}},{"from":[5.43259,2.41443,-0.63154],"to":[6.63259,5.53443,2.48846],"rotation":{"angle":0,"axis":"y","origin":[5.03259,10.27443,0.50846]},"faces":{"north":{"uv":[9.5,9.5,9.75,10.25],"texture":"#main"},"east":{"uv":[9.5,3,10.25,3.75],"texture":"#main"},"south":{"uv":[1,10,1.25,10.75],"texture":"#main"},"west":{"uv":[9.5,6.5,10.25,7.25],"texture":"#main"},"up":{"uv":[1.75,10.75,1.5,10],"texture":"#main"},"down":{"uv":[2.25,10,2,10.75],"texture":"#main"}}},{"from":[5.48259,2.47443,-0.57154],"to":[9.08259,5.47443,2.42846],"rotation":{"angle":0,"axis":"y","origin":[5.38259,3.49943,0.89846]},"faces":{"north":{"uv":[9.5,6.5,8.5,7.25],"texture":"#main"},"east":{"uv":[8.25,9,7.5,9.75],"texture":"#main"},"south":{"uv":[9.5,7.5,8.5,8.25],"texture":"#main"},"west":{"uv":[7.25,9,6.5,9.75],"texture":"#main"},"up":{"uv":[8.5,9.25,9.5,8.5],"texture":"#main"},"down":{"uv":[1.5,9,2.5,9.75],"texture":"#main"}}},{"from":[7.98259,1.52443,0.86846],"to":[13.38259,4.52443,0.86846],"rotation":{"angle":0,"axis":"y","origin":[5.38259,3.49943,0.89846]},"faces":{"north":{"uv":[9.25,3.5,8,4.25],"texture":"#main"},"east":{"uv":[0,0,0,0.75],"texture":"#main"},"south":{"uv":[8,3.5,9.25,4.25],"texture":"#main"},"west":{"uv":[0,0,0,0.75],"texture":"#main"},"up":{"uv":[0,0,1.25,0],"texture":"#main"},"down":{"uv":[0,0,1.25,0],"texture":"#main"}}},{"from":[-4.11741,0.07443,-2.37154],"to":[-1.71741,1.27443,0.02846],"rotation":{"angle":0,"axis":"y","origin":[-4.86741,10.27443,0.50846]},"faces":{"north":{"uv":[9.5,4,10,4.25],"texture":"#main"},"east":{"uv":[2.5,10,3,10.25],"texture":"#main"},"south":{"uv":[3,10,3.5,10.25],"texture":"#main"},"west":{"uv":[3.5,10,4,10.25],"texture":"#main"},"up":{"uv":[8.5,5,8,4.5],"texture":"#main"},"down":{"uv":[6.5,8,6,8.5],"texture":"#main"}}},{"from":[1.88259,0.07443,-2.37154],"to":[4.28259,1.27443,0.02846],"rotation":{"angle":0,"axis":"y","origin":[5.03259,10.27443,0.50846]},"faces":{"north":{"uv":[4,10,4.5,10.25],"texture":"#main"},"east":{"uv":[10,4,10.5,4.25],"texture":"#main"},"south":{"uv":[4.5,10,5,10.25],"texture":"#main"},"west":{"uv":[10,4.5,10.5,4.75],"texture":"#main"},"up":{"uv":[6.5,9,6,8.5],"texture":"#main"},"down":{"uv":[1.5,9.5,1,10],"texture":"#main"}}}],"display":{"head":{"translation":[8,-35.25,8]}},"groups":[{"name":"Trubbish","origin":[-0.08259,-0.07443,0.77154],"color":0,"children":[{"name":"body","origin":[-0.34688,1.52738,0.38446],"color":0,"children":[0,1,2,{"name":"ear_l","origin":[-2.06741,13.42443,2.18846],"color":0,"children":[3]},{"name":"ear_r","origin":[2.09509,13.30369,2.18846],"color":0,"children":[4]},{"name":"arm_l","origin":[-5.23408,3.65777,0.90846],"color":0,"children":[5,6,7]},{"name":"arm_r","origin":[5.44926,3.65777,0.90846],"color":0,"children":[8,9,10]}]},{"name":"leg_l","origin":[-2.91741,1.42443,-1.17154],"color":0,"children":[11]},{"name":"leg_r","origin":[3.08259,1.42443,-1.17154],"color":0,"children":[12]}]}]}