{"credit":"Made with Blockbench","texture_size":[32,32],"textures":{"main":"pokemon/whirlipede"},"elements":[{"from":[-4,2,-6.5],"to":[4,16,7.5],"rotation":{"angle":0,"axis":"y","origin":[-16,2,-14.5]},"faces":{"north":{"uv":[3.5,7,5.5,10.5],"texture":"#main"},"east":{"uv":[0,0,3.5,3.5],"texture":"#main"},"south":{"uv":[7,3.5,9,7],"texture":"#main"},"west":{"uv":[0,3.5,3.5,7],"texture":"#main"},"up":{"uv":[7.5,10.5,5.5,7],"texture":"#main"},"down":{"uv":[9.5,7,7.5,10.5],"texture":"#main"}}},{"from":[-3.55,3,-6.5],"to":[-3.55,17,7.5],"rotation":{"angle":0,"axis":"y","origin":[-16,2,-14.5]},"faces":{"north":{"uv":[0,0,0,3.5],"texture":"#main"},"east":{"uv":[3.5,0,7,3.5],"texture":"#main"},"south":{"uv":[0,0,0,3.5],"texture":"#main"},"west":{"uv":[3.5,3.5,7,7],"texture":"#main"},"up":{"uv":[0,3.5,0,0],"texture":"#main"},"down":{"uv":[0,0,0,3.5],"texture":"#main"}}},{"from":[3.55,3,-6.5],"to":[3.55,17,7.5],"rotation":{"angle":0,"axis":"y","origin":[16,2,-14.5]},"faces":{"north":{"uv":[0,0,0,3.5],"texture":"#main"},"east":{"uv":[0,7,3.5,10.5],"texture":"#main"},"south":{"uv":[0,0,0,3.5],"texture":"#main"},"west":{"uv":[7,0,10.5,3.5],"texture":"#main"},"up":{"uv":[0,3.5,0,0],"texture":"#main"},"down":{"uv":[0,0,0,3.5],"texture":"#main"}}},{"from":[-3,6,-14.5],"to":[-3,14,-6.5],"rotation":{"angle":0,"axis":"y","origin":[-16,2,-14.5]},"faces":{"north":{"uv":[0,0,0,2],"texture":"#main"},"east":{"uv":[9,3.5,11,5.5],"texture":"#main"},"south":{"uv":[0,0,0,2],"texture":"#main"},"west":{"uv":[9.5,5.5,11.5,7.5],"texture":"#main"},"up":{"uv":[0,2,0,0],"texture":"#main"},"down":{"uv":[0,0,0,2],"texture":"#main"}}},{"from":[3,6,-14.5],"to":[3,14,-6.5],"rotation":{"angle":0,"axis":"y","origin":[16,2,-14.5]},"faces":{"north":{"uv":[0,0,0,2],"texture":"#main"},"east":{"uv":[9.5,7.5,11.5,9.5],"texture":"#main"},"south":{"uv":[0,0,0,2],"texture":"#main"},"west":{"uv":[9.5,9.5,11.5,11.5],"texture":"#main"},"up":{"uv":[0,2,0,0],"texture":"#main"},"down":{"uv":[0,0,0,2],"texture":"#main"}}},{"from":[3,3,7.5],"to":[3,11,15.5],"rotation":{"angle":0,"axis":"y","origin":[16,34,17.5]},"faces":{"north":{"uv":[0,0,0,2],"texture":"#main"},"east":{"uv":[0,10.5,2,12.5],"texture":"#main"},"south":{"uv":[0,0,0,2],"texture":"#main"},"west":{"uv":[10.5,0,12.5,2],"texture":"#main"},"up":{"uv":[0,2,0,0],"texture":"#main"},"down":{"uv":[0,0,0,2],"texture":"#main"}}},{"from":[-3,3,7.5],"to":[-3,11,15.5],"rotation":{"angle":0,"axis":"y","origin":[-16,34,17.5]},"faces":{"north":{"uv":[0,0,0,2],"texture":"#main"},"east":{"uv":[2,10.5,4,12.5],"texture":"#main"},"south":{"uv":[0,0,0,2],"texture":"#main"},"west":{"uv":[4,10.5,6,12.5],"texture":"#main"},"up":{"uv":[0,2,0,0],"texture":"#main"},"down":{"uv":[0,0,0,2],"texture":"#main"}}},{"from":[-3,16,-6.5],"to":[-3,18,7.5],"rotation":{"angle":0,"axis":"y","origin":[-16,2,-14.5]},"faces":{"north":{"uv":[0,0,0,0.5],"texture":"#main"},"east":{"uv":[10.5,2,14,2.5],"texture":"#main"},"south":{"uv":[0,0,0,0.5],"texture":"#main"},"west":{"uv":[10.5,2.5,14,3],"texture":"#main"},"up":{"uv":[0,3.5,0,0],"texture":"#main"},"down":{"uv":[0,0,0,3.5],"texture":"#main"}}},{"from":[3,16,-6.5],"to":[3,18,7.5],"rotation":{"angle":0,"axis":"y","origin":[16,2,-14.5]},"faces":{"north":{"uv":[0,0,0,0.5],"texture":"#main"},"east":{"uv":[10.5,3,14,3.5],"texture":"#main"},"south":{"uv":[0,0,0,0.5],"texture":"#main"},"west":{"uv":[6,10.5,9.5,11],"texture":"#main"},"up":{"uv":[0,3.5,0,0],"texture":"#main"},"down":{"uv":[0,0,0,3.5],"texture":"#main"}}},{"from":[3,0,-6.5],"to":[3,2,7.5],"rotation":{"angle":0,"axis":"y","origin":[16,34,-14.5]},"faces":{"north":{"uv":[0,0,0,0.5],"texture":"#main"},"east":{"uv":[11,3.5,14.5,4],"texture":"#main"},"south":{"uv":[0,0,0,0.5],"texture":"#main"},"west":{"uv":[11,4,14.5,4.5],"texture":"#main"},"up":{"uv":[0,3.5,0,0],"texture":"#main"},"down":{"uv":[0,0,0,3.5],"texture":"#main"}}},{"from":[-3,0,-6.5],"to":[-3,2,7.5],"rotation":{"angle":0,"axis":"y","origin":[-16,34,-14.5]},"faces":{"north":{"uv":[0,0,0,0.5],"texture":"#main"},"east":{"uv":[11,4.5,14.5,5],"texture":"#main"},"south":{"uv":[0,0,0,0.5],"texture":"#main"},"west":{"uv":[11,5,14.5,5.5],"texture":"#main"},"up":{"uv":[0,3.5,0,0],"texture":"#main"},"down":{"uv":[0,0,0,3.5],"texture":"#main"}}},{"from":[-3,2,-8.5],"to":[-3,16,-6.5],"rotation":{"angle":0,"axis":"y","origin":[0,1,-15.5]},"faces":{"north":{"uv":[0,0,0,3.5],"texture":"#main"},"east":{"uv":[6,11,6.5,14.5],"texture":"#main"},"south":{"uv":[0,0,0,3.5],"texture":"#main"},"west":{"uv":[6.5,11,7,14.5],"texture":"#main"},"up":{"uv":[0,0.5,0,0],"texture":"#main"},"down":{"uv":[0,0,0,0.5],"texture":"#main"}}},{"from":[3,2,-8.5],"to":[3,16,-6.5],"rotation":{"angle":0,"axis":"y","origin":[0,1,-15.5]},"faces":{"north":{"uv":[0,0,0,3.5],"texture":"#main"},"east":{"uv":[7,11,7.5,14.5],"texture":"#main"},"south":{"uv":[0,0,0,3.5],"texture":"#main"},"west":{"uv":[7.5,11,8,14.5],"texture":"#main"},"up":{"uv":[0,0.5,0,0],"texture":"#main"},"down":{"uv":[0,0,0,0.5],"texture":"#main"}}},{"from":[3,2,7.5],"to":[3,16,9.5],"rotation":{"angle":0,"axis":"y","origin":[0,9,10.5]},"faces":{"north":{"uv":[0,0,0,3.5],"texture":"#main"},"east":{"uv":[8,11,8.5,14.5],"texture":"#main"},"south":{"uv":[0,0,0,3.5],"texture":"#main"},"west":{"uv":[8.5,11,9,14.5],"texture":"#main"},"up":{"uv":[0,0.5,0,0],"texture":"#main"},"down":{"uv":[0,0,0,0.5],"texture":"#main"}}},{"from":[-3,2,7.5],"to":[-3,16,9.5],"rotation":{"angle":0,"axis":"y","origin":[0,9,10.5]},"faces":{"north":{"uv":[0,0,0,3.5],"texture":"#main"},"east":{"uv":[9,11,9.5,14.5],"texture":"#main"},"south":{"uv":[0,0,0,3.5],"texture":"#main"},"west":{"uv":[11.5,5.5,12,9],"texture":"#main"},"up":{"uv":[0,0.5,0,0],"texture":"#main"},"down":{"uv":[0,0,0,0.5],"texture":"#main"}}}],"display":{"head":{"translation":[10,-33.25,8],"scale":[1.25,1.25,1.25]}},"groups":[{"name":"whirlipede","origin":[0,0,0.5],"color":0,"children":[{"name":"body","origin":[0,9,0.5],"color":0,"children":[0,1,2,3,4,5,6,7,8,9,10,11,12,13,14]}]}]}