{"credit":"Made with Blockbench","texture_size":[32,32],"textures":{"main":"pokemon/zorua"},"elements":[{"from":[-3.06656,0.01137,-4.54151],"to":[-1.02656,3.07137,-2.50151],"rotation":{"angle":0,"axis":"y","origin":[-16.32656,0.01137,-14.74151]},"faces":{"north":{"uv":[6.5,2,7,3],"texture":"#main"},"east":{"uv":[2,8,2.5,9],"texture":"#main"},"south":{"uv":[8.5,4,9,5],"texture":"#main"},"west":{"uv":[11,11,11.5,12],"texture":"#main"},"up":{"uv":[8,9.5,7.5,9],"texture":"#main"},"down":{"uv":[8.5,9,8,9.5],"texture":"#main"}}},{"from":[-3.23656,0.01137,1.57849],"to":[-1.19656,4.60137,3.61849],"rotation":{"angle":0,"axis":"y","origin":[-15.47656,0.01137,-14.74151]},"faces":{"north":{"uv":[5.5,11,6,12.25],"texture":"#main"},"east":{"uv":[9.5,11,10,12.25],"texture":"#main"},"south":{"uv":[10,11,10.5,12.25],"texture":"#main"},"west":{"uv":[10.5,11,11,12.25],"texture":"#main"},"up":{"uv":[10,4,9.5,3.5],"texture":"#main"},"down":{"uv":[10.5,1.5,10,2],"texture":"#main"}}},{"from":[1.18344,0.01137,1.57849],"to":[3.22344,4.60137,3.61849],"rotation":{"angle":0,"axis":"y","origin":[15.46344,0.01137,-14.74151]},"faces":{"north":{"uv":[6,11,5.5,12.25],"texture":"#main"},"east":{"uv":[11,11,10.5,12.25],"texture":"#main"},"south":{"uv":[10.5,11,10,12.25],"texture":"#main"},"west":{"uv":[10,11,9.5,12.25],"texture":"#main"},"up":{"uv":[9.5,4,10,3.5],"texture":"#main"},"down":{"uv":[10,1.5,10.5,2],"texture":"#main"}}},{"from":[-3.57656,3.07137,-5.05151],"to":[3.56344,9.19137,4.63849],"rotation":{"angle":0,"axis":"y","origin":[-16.32656,0.01137,-14.74151]},"faces":{"north":{"uv":[4,9,6,10.75],"texture":"#main"},"east":{"uv":[2.5,7,5.25,8.75],"texture":"#main"},"south":{"uv":[9,4,11,5.75],"texture":"#main"},"west":{"uv":[5.5,7,8.25,8.75],"texture":"#main"},"up":{"uv":[2,5.75,0,3],"texture":"#main"},"down":{"uv":[4,3,2,5.75],"texture":"#main"}}},{"from":[-4.76656,10.38137,-4.28651],"to":[4.92344,10.38137,2.68349],"rotation":{"angle":-22.5,"axis":"x","origin":[0.07844,10.38137,-0.58901]},"faces":{"north":{"uv":[0,0,2.75,0],"texture":"#main"},"east":{"uv":[0,0,2,0],"texture":"#main"},"south":{"uv":[0,0,2.75,0],"texture":"#main"},"west":{"uv":[0,0,2,0],"texture":"#main"},"up":{"uv":[6.75,5,4,3],"texture":"#main"},"down":{"uv":[6.75,3,4,5],"texture":"#main"}}},{"from":[-2.04656,5.62137,4.63849],"to":[2.03344,10.21137,8.20849],"rotation":{"angle":0,"axis":"y","origin":[-16.32656,0.01137,-14.74151]},"faces":{"north":{"uv":[10,0,11.25,1.25],"texture":"#main"},"east":{"uv":[10.5,7.5,11.5,8.75],"texture":"#main"},"south":{"uv":[0,10.5,1.25,11.75],"texture":"#main"},"west":{"uv":[1.5,11,2.5,12.25],"texture":"#main"},"up":{"uv":[8.25,5,7,4],"texture":"#main"},"down":{"uv":[10.25,6,9,7],"texture":"#main"}}},{"from":[0.07844,6.38637,3.78849],"to":[0.07844,16.07637,11.18349],"rotation":{"angle":0,"axis":"y","origin":[0.07844,10.38137,7.91099]},"faces":{"north":{"uv":[0,0,0,2.75],"texture":"#main"},"east":{"uv":[4.75,0,2.5,2.75],"texture":"#main"},"south":{"uv":[0,0,0,2.75],"texture":"#main"},"west":{"uv":[2.5,0,4.75,2.75],"texture":"#main"},"up":{"uv":[0,2.25,0,0],"texture":"#main"},"down":{"uv":[0,0,0,2.25],"texture":"#main"}}},{"from":[-5.02156,7.19387,-10.19401],"to":[-5.02156,11.27387,-3.98901],"rotation":{"angle":-22.5,"axis":"y","origin":[-5.02156,10.50887,-7.72901]},"faces":{"north":{"uv":[0,0,0,1.25],"texture":"#main"},"east":{"uv":[11.25,9.5,9.5,10.75],"texture":"#main"},"south":{"uv":[0,0,0,1.25],"texture":"#main"},"west":{"uv":[9.5,9.5,11.25,10.75],"texture":"#main"},"up":{"uv":[0,1.75,0,0],"texture":"#main"},"down":{"uv":[0,0,0,1.75],"texture":"#main"}}},{"from":[-2.55656,7.15137,-13.04151],"to":[2.54344,9.78637,-9.98151],"rotation":{"angle":0,"axis":"y","origin":[-16.32656,0.01137,-14.74151]},"faces":{"north":{"uv":[4,11,5.5,11.75],"texture":"#main"},"east":{"uv":[7.5,11,8.5,11.75],"texture":"#main"},"south":{"uv":[11,4.5,12.5,5.25],"texture":"#main"},"west":{"uv":[8.5,11,9.5,11.75],"texture":"#main"},"up":{"uv":[6.5,3,5,2],"texture":"#main"},"down":{"uv":[4,6,2.5,7],"texture":"#main"}}},{"from":[-4.08656,7.15137,-9.98151],"to":[4.07344,13.78137,-3.35151],"rotation":{"angle":0,"axis":"y","origin":[-16.32656,0.01137,-14.74151]},"faces":{"north":{"uv":[4,5,6.5,7],"texture":"#main"},"east":{"uv":[8,0,10,2],"texture":"#main"},"south":{"uv":[0,6,2.5,8],"texture":"#main"},"west":{"uv":[2,9,4,11],"texture":"#main"},"up":{"uv":[9,7,6.5,5],"texture":"#main"},"down":{"uv":[9.5,2,7,4],"texture":"#main"}}},{"from":[-4.76656,12.80387,-5.39151],"to":[0.33344,17.90387,-5.39151],"rotation":{"angle":22.5,"axis":"z","origin":[-2.64156,12.80387,-5.39151]},"faces":{"north":{"uv":[6,9,7.5,10.5],"texture":"#main"},"east":{"uv":[0,0,0,1.5],"texture":"#main"},"south":{"uv":[9.5,2,11,3.5],"texture":"#main"},"west":{"uv":[0,0,0,1.5],"texture":"#main"},"up":{"uv":[1.5,0,0,0],"texture":"#main"},"down":{"uv":[1.5,0,0,0],"texture":"#main"}}},{"from":[5.00844,7.19387,-10.19401],"to":[5.00844,11.27387,-3.98901],"rotation":{"angle":22.5,"axis":"y","origin":[5.00844,10.50887,-7.72901]},"faces":{"north":{"uv":[0,0,0,1.25],"texture":"#main"},"east":{"uv":[11.25,9.5,9.5,10.75],"texture":"#main"},"south":{"uv":[0,0,0,1.25],"texture":"#main"},"west":{"uv":[9.5,9.5,11.25,10.75],"texture":"#main"},"up":{"uv":[0,1.75,0,0],"texture":"#main"},"down":{"uv":[0,0,0,1.75],"texture":"#main"}}},{"from":[-0.34656,12.80387,-5.39151],"to":[4.75344,17.90387,-5.39151],"rotation":{"angle":-22.5,"axis":"z","origin":[2.62844,12.80387,-5.39151]},"faces":{"north":{"uv":[7.5,9,6,10.5],"texture":"#main"},"east":{"uv":[0,0,0,1.5],"texture":"#main"},"south":{"uv":[11,2,9.5,3.5],"texture":"#main"},"west":{"uv":[0,0,0,1.5],"texture":"#main"},"up":{"uv":[0,0,1.5,0],"texture":"#main"},"down":{"uv":[0,0,1.5,0],"texture":"#main"}}},{"from":[-2.04656,12.42137,-11.51151],"to":[2.03344,16.16137,-7.51651],"rotation":{"angle":0,"axis":"y","origin":[-16.32656,0.01137,-14.74151]},"faces":{"north":{"uv":[11,1.5,12.25,2.5],"texture":"#main"},"east":{"uv":[2.5,11,3.75,12],"texture":"#main"},"south":{"uv":[11,2.5,12.25,3.5],"texture":"#main"},"west":{"uv":[11,3.5,12.25,4.5],"texture":"#main"},"up":{"uv":[7.25,11.75,6,10.5],"texture":"#main"},"down":{"uv":[11.75,6,10.5,7.25],"texture":"#main"}}},{"from":[0.07844,12.93137,-13.21151],"to":[0.07844,20.92137,-6.66651],"rotation":{"angle":0,"axis":"y","origin":[-15.90156,3.92137,-15.16651]},"faces":{"north":{"uv":[0,0,0,2.25],"texture":"#main"},"east":{"uv":[0,8,2,10.25],"texture":"#main"},"south":{"uv":[0,0,0,2.25],"texture":"#main"},"west":{"uv":[8.5,7,10.5,9.25],"texture":"#main"},"up":{"uv":[0,2,0,0],"texture":"#main"},"down":{"uv":[0,0,0,2],"texture":"#main"}}},{"from":[1.01344,0.01137,-4.54151],"to":[3.05344,3.07137,-2.50151],"rotation":{"angle":0,"axis":"y","origin":[16.31344,0.01137,-14.74151]},"faces":{"north":{"uv":[7,2,6.5,3],"texture":"#main"},"east":{"uv":[11.5,11,11,12],"texture":"#main"},"south":{"uv":[9,4,8.5,5],"texture":"#main"},"west":{"uv":[2.5,8,2,9],"texture":"#main"},"up":{"uv":[7.5,9.5,8,9],"texture":"#main"},"down":{"uv":[8,9,8.5,9.5],"texture":"#main"}}}],"display":{"head":{"translation":[8,-35,8]}},"groups":[{"name":"Zorua","origin":[0.00938,-0.01624,0.17359],"color":0,"children":[{"name":"arm_l","origin":[-2.04656,3.04137,-3.52151],"color":0,"children":[0]},{"name":"leg_l","origin":[-2.21656,3.05637,2.59849],"color":0,"children":[1]},{"name":"leg_r","origin":[2.20344,3.10637,2.59849],"color":0,"children":[2]},{"name":"body","origin":[0.03594,5.71571,-0.24592],"color":0,"children":[3,4,{"name":"tail","origin":[0.03594,8.07387,4.60474],"color":0,"children":[5,6]},{"name":"head","origin":[0.00406,8.15819,-4.33677],"color":0,"children":[7,8,9,{"name":"ear_l","origin":[-2.64156,12.80387,-5.39151],"color":0,"children":[10]},11,{"name":"ear_r","origin":[2.62844,12.80387,-5.39151],"color":0,"children":[12]},13,14]}]},{"name":"arm_r","origin":[2.03344,3.04137,-3.52151],"color":0,"children":[15]}]}]}