{"textures":{"texture":"gameitems/customitems/keyitems/gearboy"},"elements":[{"from":[2.99902,0.00097,8.00067],"to":[12.99902,16.00097,9.00067],"faces":{"north":{"uv":[0,13,3,16],"texture":"#texture"},"east":{"uv":[0,14,2,16],"texture":"#texture"},"south":{"uv":[0,12.5,3.5,16],"texture":"#texture"},"west":{"uv":[0,13,1.5,16],"texture":"#texture"},"up":{"uv":[0,15,4,16],"texture":"#texture"},"down":{"uv":[0,14,2,16],"texture":"#texture"}}},{"from":[3.49937,7.50006,8.62555],"to":[12.49937,15.50006,9.12555],"faces":{"north":{"uv":[8.5,14,10.5,16],"texture":"#texture"},"east":{"uv":[9,14,11,16],"texture":"#texture"},"south":{"uv":[9,14.5,10,16],"texture":"#texture"},"west":{"uv":[8.5,13.5,10,16],"texture":"#texture"},"up":{"uv":[8.5,14.5,10.5,16],"texture":"#texture"},"down":{"uv":[9,14,11,16],"texture":"#texture"}}},{"from":[3.24929,-0.2505,8.0007],"to":[12.74929,0.2495,9.0007],"faces":{"north":{"uv":[0,13,3,16],"texture":"#texture"},"east":{"uv":[0,14,2,16],"texture":"#texture"},"south":{"uv":[0,12.5,3.5,16],"texture":"#texture"},"west":{"uv":[0,13,1.5,16],"texture":"#texture"},"up":{"uv":[0,15,4,16],"texture":"#texture"},"down":{"uv":[0,14,2,16],"texture":"#texture"}}},{"from":[3.49912,-0.37472,7.99954],"to":[12.49912,0.12528,8.99954],"faces":{"north":{"uv":[0,13,3,16],"texture":"#texture"},"east":{"uv":[0,14,2,16],"texture":"#texture"},"south":{"uv":[0,12.5,3.5,16],"texture":"#texture"},"west":{"uv":[0,13,1.5,16],"texture":"#texture"},"up":{"uv":[0,15,4,16],"texture":"#texture"},"down":{"uv":[0,14,2,16],"texture":"#texture"}}},{"from":[3.50084,15.87546,8.0003],"to":[12.50084,16.37546,9.0003],"faces":{"north":{"uv":[0,13,3,16],"texture":"#texture"},"east":{"uv":[0,14,2,16],"texture":"#texture"},"south":{"uv":[0,12.5,3.5,16],"texture":"#texture"},"west":{"uv":[0,13,1.5,16],"texture":"#texture"},"up":{"uv":[0,15,4,16],"texture":"#texture"},"down":{"uv":[0,14,2,16],"texture":"#texture"}}},{"from":[3.2509,15.75071,7.99966],"to":[12.7509,16.25071,8.99966],"faces":{"north":{"uv":[0,13,3,16],"texture":"#texture"},"east":{"uv":[0,14,2,16],"texture":"#texture"},"south":{"uv":[0,12.5,3.5,16],"texture":"#texture"},"west":{"uv":[0,13,1.5,16],"texture":"#texture"},"up":{"uv":[0,15,4,16],"texture":"#texture"},"down":{"uv":[0,14,2,16],"texture":"#texture"}}},{"from":[3.62543,4.49944,8.75039],"to":[6.62543,5.49945,9.25039],"faces":{"north":{"uv":[8.5,14,10.5,16],"texture":"#texture"},"east":{"uv":[9,14,11,16],"texture":"#texture"},"south":{"uv":[9,14.5,10,16],"texture":"#texture"},"west":{"uv":[8.5,13.5,10,16],"texture":"#texture"},"up":{"uv":[8.5,14.5,10.5,16],"texture":"#texture"},"down":{"uv":[9,14,11,16],"texture":"#texture"}}},{"from":[4.62553,3.50081,8.75084],"to":[5.62553,6.50081,9.25084],"faces":{"north":{"uv":[8.5,14,10.5,16],"texture":"#texture"},"east":{"uv":[9,14,11,16],"texture":"#texture"},"south":{"uv":[9,14.5,10,16],"texture":"#texture"},"west":{"uv":[8.5,13.5,10,16],"texture":"#texture"},"up":{"uv":[8.5,14.5,10.5,16],"texture":"#texture"},"down":{"uv":[9,14,11,16],"texture":"#texture"}}},{"from":[10.99989,5.49942,8.74924],"to":[11.99989,6.49942,9.24924],"faces":{"north":{"uv":[8.5,14,10.5,16],"texture":"#texture"},"east":{"uv":[9,14,11,16],"texture":"#texture"},"south":{"uv":[9,14.5,10,16],"texture":"#texture"},"west":{"uv":[8.5,13.5,10,16],"texture":"#texture"},"up":{"uv":[8.5,14.5,10.5,16],"texture":"#texture"},"down":{"uv":[9,14,11,16],"texture":"#texture"}}},{"from":[9.50079,4.00027,8.74976],"to":[10.50079,5.00027,9.24976],"faces":{"north":{"uv":[8.5,14,10.5,16],"texture":"#texture"},"east":{"uv":[9,14,11,16],"texture":"#texture"},"south":{"uv":[9,14.5,10,16],"texture":"#texture"},"west":{"uv":[8.5,13.5,10,16],"texture":"#texture"},"up":{"uv":[8.5,14.5,10.5,16],"texture":"#texture"},"down":{"uv":[9,14,11,16],"texture":"#texture"}}},{"from":[6.37468,1.7493,8.62522],"to":[7.37468,2.2493,9.12522],"faces":{"north":{"uv":[8.5,14,10.5,16],"texture":"#texture"},"east":{"uv":[9,14,11,16],"texture":"#texture"},"south":{"uv":[9,14.5,10,16],"texture":"#texture"},"west":{"uv":[8.5,13.5,10,16],"texture":"#texture"},"up":{"uv":[8.5,14.5,10.5,16],"texture":"#texture"},"down":{"uv":[9,14,11,16],"texture":"#texture"}}},{"from":[7.99962,1.75015,8.62424],"to":[8.99962,2.25014,9.12424],"faces":{"north":{"uv":[8.5,14,10.5,16],"texture":"#texture"},"east":{"uv":[9,14,11,16],"texture":"#texture"},"south":{"uv":[9,14.5,10,16],"texture":"#texture"},"west":{"uv":[8.5,13.5,10,16],"texture":"#texture"},"up":{"uv":[8.5,14.5,10.5,16],"texture":"#texture"},"down":{"uv":[9,14,11,16],"texture":"#texture"}}},{"from":[3.49957,0.50018,7.37575],"to":[12.49957,12.50018,8.37575],"faces":{"north":{"uv":[0,13,3,16],"texture":"#texture"},"east":{"uv":[0,14,2,16],"texture":"#texture"},"south":{"uv":[0,12.5,3.5,16],"texture":"#texture"},"west":{"uv":[0,13,1.5,16],"texture":"#texture"},"up":{"uv":[0,15,4,16],"texture":"#texture"},"down":{"uv":[0,14,2,16],"texture":"#texture"}}},{"from":[3.49936,0.49921,7.37478],"to":[12.49936,0.99921,8.37478],"rotation":{"angle":45,"axis":"x","origin":[3.5,0.5,7.375]},"faces":{"north":{"uv":[0,13,3,16],"texture":"#texture"},"east":{"uv":[0,14,2,16],"texture":"#texture"},"south":{"uv":[0,12.5,3.5,16],"texture":"#texture"},"west":{"uv":[0,13,1.5,16],"texture":"#texture"},"up":{"uv":[0,15,4,16],"texture":"#texture"},"down":{"uv":[0,14,2,16],"texture":"#texture"}}},{"from":[4.00061,12.49939,7.62513],"to":[12.00061,15.99939,8.62513],"faces":{"north":{"uv":[0,13,3,16],"texture":"#texture"},"east":{"uv":[0,14,2,16],"texture":"#texture"},"south":{"uv":[0,12.5,3.5,16],"texture":"#texture"},"west":{"uv":[0,13,1.5,16],"texture":"#texture"},"up":{"uv":[0,15,4,16],"texture":"#texture"},"down":{"uv":[0,14,2,16],"texture":"#texture"}}},{"from":[2.94949,13.99946,7.99983],"to":[3.14949,14.19946,8.99983],"faces":{"north":{"uv":[0,13,3,16],"texture":"#texture"},"east":{"uv":[0,14,2,16],"texture":"#texture"},"south":{"uv":[0,12.5,3.5,16],"texture":"#texture"},"west":{"uv":[0,13,1.5,16],"texture":"#texture"},"up":{"uv":[0,15,4,16],"texture":"#texture"},"down":{"uv":[0,14,2,16],"texture":"#texture"}}},{"from":[2.95093,14.50062,8.00057],"to":[3.15093,14.70062,9.00057],"faces":{"north":{"uv":[0,13,3,16],"texture":"#texture"},"east":{"uv":[0,14,2,16],"texture":"#texture"},"south":{"uv":[0,12.5,3.5,16],"texture":"#texture"},"west":{"uv":[0,13,1.5,16],"texture":"#texture"},"up":{"uv":[0,15,4,16],"texture":"#texture"},"down":{"uv":[0,14,2,16],"texture":"#texture"}}},{"from":[2.95086,15.00084,7.9995],"to":[3.15086,15.20084,8.9995],"faces":{"north":{"uv":[0,13,3,16],"texture":"#texture"},"east":{"uv":[0,14,2,16],"texture":"#texture"},"south":{"uv":[0,12.5,3.5,16],"texture":"#texture"},"west":{"uv":[0,13,1.5,16],"texture":"#texture"},"up":{"uv":[0,15,4,16],"texture":"#texture"},"down":{"uv":[0,14,2,16],"texture":"#texture"}}},{"from":[2.95017,13.4995,7.99903],"to":[3.15017,13.6995,8.99903],"faces":{"north":{"uv":[0,13,3,16],"texture":"#texture"},"east":{"uv":[0,14,2,16],"texture":"#texture"},"south":{"uv":[0,12.5,3.5,16],"texture":"#texture"},"west":{"uv":[0,13,1.5,16],"texture":"#texture"},"up":{"uv":[0,15,4,16],"texture":"#texture"},"down":{"uv":[0,14,2,16],"texture":"#texture"}}},{"from":[12.86973,13.49981,8.00051],"to":[13.06973,13.69981,9.00051],"faces":{"north":{"uv":[0,13,3,16],"texture":"#texture"},"east":{"uv":[0,14,2,16],"texture":"#texture"},"south":{"uv":[0,12.5,3.5,16],"texture":"#texture"},"west":{"uv":[0,13,1.5,16],"texture":"#texture"},"up":{"uv":[0,15,4,16],"texture":"#texture"},"down":{"uv":[0,14,2,16],"texture":"#texture"}}},{"from":[12.8704,13.99978,8.00075],"to":[13.0704,14.19978,9.00075],"faces":{"north":{"uv":[0,13,3,16],"texture":"#texture"},"east":{"uv":[0,14,2,16],"texture":"#texture"},"south":{"uv":[0,12.5,3.5,16],"texture":"#texture"},"west":{"uv":[0,13,1.5,16],"texture":"#texture"},"up":{"uv":[0,15,4,16],"texture":"#texture"},"down":{"uv":[0,14,2,16],"texture":"#texture"}}},{"from":[12.87056,14.50051,8.00065],"to":[13.07056,14.70051,9.00065],"faces":{"north":{"uv":[0,13,3,16],"texture":"#texture"},"east":{"uv":[0,14,2,16],"texture":"#texture"},"south":{"uv":[0,12.5,3.5,16],"texture":"#texture"},"west":{"uv":[0,13,1.5,16],"texture":"#texture"},"up":{"uv":[0,15,4,16],"texture":"#texture"},"down":{"uv":[0,14,2,16],"texture":"#texture"}}},{"from":[12.86926,14.99926,8.00056],"to":[13.06926,15.19926,9.00056],"faces":{"north":{"uv":[0,13,3,16],"texture":"#texture"},"east":{"uv":[0,14,2,16],"texture":"#texture"},"south":{"uv":[0,12.5,3.5,16],"texture":"#texture"},"west":{"uv":[0,13,1.5,16],"texture":"#texture"},"up":{"uv":[0,15,4,16],"texture":"#texture"},"down":{"uv":[0,14,2,16],"texture":"#texture"}}},{"from":[4.50091,9.09907,8.6499],"to":[11.50091,15.09908,9.1499],"faces":{"north":{"uv":[8.5,14,10.5,16],"texture":"#texture"},"east":{"uv":[9,14,11,16],"texture":"#texture"},"south":{"uv":[0,0,10.5,10.5],"texture":"#texture"},"west":{"uv":[8.5,13.5,10,16],"texture":"#texture"},"up":{"uv":[8.5,14.5,10.5,16],"texture":"#texture"},"down":{"uv":[9,14,11,16],"texture":"#texture"}}}],"display":{"thirdperson_righthand":{"rotation":[-20,0,0],"translation":[0,2.0869,0],"scale":[0.5,0.5,0.5]},"thirdperson_lefthand":{"rotation":[-20,0,0],"translation":[0,2.0869,0],"scale":[0.5,0.5,0.5]},"firstperson_righthand":{"rotation":[-31,-19,0],"translation":[1.3912,4.8695,-0.695],"scale":[0.5,0.5,0.5]},"firstperson_lefthand":{"rotation":[-31,-19,0],"translation":[1.3912,4.8695,-0.695],"scale":[0.5,0.5,0.5]},"ground":{"translation":[0,2.7826,0],"scale":[0.7,0.7,0.7]},"gui":{"rotation":[0,32,19],"scale":[0.75977,0.75977,0.75977]},"head":{"scale":[0.0001,0.0001,0.0001]},"fixed":{"rotation":[0,-180,0]}},"gui_light":"front"}