{"credit":"Made with Blockbench","texture_size":[64,64],"textures":{"0":"gameitems/customblocks/wardrobe/wardrobe","particle":"gameitems/customblocks/wardrobe/wardrobe"},"elements":[{"from":[0,1,0],"to":[16,17,16],"rotation":{"angle":0,"axis":"y","origin":[8,9,8]},"faces":{"north":{"uv":[4,4,8,8],"texture":"#0"},"east":{"uv":[0,4,4,8],"texture":"#0"},"south":{"uv":[12,4,16,8],"texture":"#0"},"west":{"uv":[8,4,12,8],"texture":"#0"},"up":{"uv":[8,4,4,0],"texture":"#0"},"down":{"uv":[12,0,8,4],"texture":"#0"}}},{"from":[-6.25,0,-7],"to":[22,10,21.25],"rotation":{"angle":0,"axis":"y","origin":[14,9,12]},"faces":{"north":{"uv":[0,12,4,16],"texture":"#0"},"east":{"uv":[0,12,4,16],"texture":"#0"},"south":{"uv":[0,12,4,16],"texture":"#0"},"west":{"uv":[0,12,4,16],"texture":"#0"},"up":{"uv":[16,16,12,12],"texture":"#0"},"down":{"uv":[16,12,12,16],"texture":"#0"}}}],"display":{"thirdperson_righthand":{"rotation":[43,-180,0],"translation":[0,-1.391,0],"scale":[0.3,0.3,0.3]},"thirdperson_lefthand":{"rotation":[43,-180,0],"translation":[0,-1.391,0],"scale":[0.3,0.3,0.3]},"firstperson_righthand":{"rotation":[0,5,0],"translation":[0,2.7829,0],"scale":[0.3,0.3,0.3]},"firstperson_lefthand":{"rotation":[0,5,0],"translation":[0,2.7829,0],"scale":[0.3,0.3,0.3]},"ground":{"translation":[0,2.0869,0]},"gui":{"rotation":[30,150,0],"translation":[0,0.0006,0],"scale":[0.5,0.5,0.5]},"head":{"rotation":[-30,0,0],"translation":[0,-39,-3],"scale":[2.05,2.05,2.05]}}}