{"textures":{"0":"gameitems/customitems/eggs/cosmic_egg"},"elements":[{"from":[1.75,0,1.75],"to":[14.25,1.25,14.25],"faces":{"down":{"uv":[8.25,1.875,7,3.125],"texture":"#0"},"up":{"uv":[7,3.125,5.75,1.875],"texture":"#0"},"north":{"uv":[5.75,3.125,7,3.25],"texture":"#0"},"south":{"uv":[8.25,3.125,9.5,3.25],"texture":"#0"},"west":{"uv":[7,3.125,8.25,3.25],"texture":"#0"},"east":{"uv":[4.5,3.125,5.75,3.25],"texture":"#0"}}},{"from":[0.5,1.25,0.5],"to":[15.5,5,15.5],"faces":{"down":{"uv":[4.5,0,3,1.5],"texture":"#0"},"up":{"uv":[3,1.5,1.5,0],"texture":"#0"},"north":{"uv":[1.5,1.5,3,1.875],"texture":"#0"},"south":{"uv":[4.5,1.5,6,1.875],"texture":"#0"},"west":{"uv":[3,1.5,4.5,1.875],"texture":"#0"},"east":{"uv":[0,1.5,1.5,1.875],"texture":"#0"}}},{"from":[4.25,5,0.5],"to":[11.75,10,15.5],"faces":{"down":{"uv":[3,1.875,2.25,3.375],"texture":"#0"},"up":{"uv":[2.25,3.375,1.5,1.875],"texture":"#0"},"north":{"uv":[1.5,3.375,2.25,3.875],"texture":"#0"},"south":{"uv":[3.75,3.375,4.5,3.875],"texture":"#0"},"west":{"uv":[2.25,3.375,3.75,3.875],"texture":"#0"},"east":{"uv":[0,3.375,1.5,3.875],"texture":"#0"}}},{"from":[11.75,5,4.25],"to":[15.5,10,11.75],"faces":{"down":{"uv":[3.75,5.25,3.375,6],"texture":"#0"},"up":{"uv":[3.375,6,3,5.25],"texture":"#0"},"north":{"uv":[3,6,3.375,6.5],"texture":"#0"},"south":{"uv":[4.125,6,4.5,6.5],"texture":"#0"},"west":{"uv":[3.375,6,4.125,6.5],"texture":"#0"},"east":{"uv":[2.25,6,3,6.5],"texture":"#0"}}},{"from":[1.75,10,1.75],"to":[14.25,15,14.25],"faces":{"down":{"uv":[9.75,0,8.5,1.25],"texture":"#0"},"up":{"uv":[8.5,1.25,7.25,0],"texture":"#0"},"north":{"uv":[7.25,1.25,8.5,1.75],"texture":"#0"},"south":{"uv":[9.75,1.25,11,1.75],"texture":"#0"},"west":{"uv":[8.5,1.25,9.75,1.75],"texture":"#0"},"east":{"uv":[6,1.25,7.25,1.75],"texture":"#0"}}},{"from":[3,15,3],"to":[13,17.5,13],"faces":{"down":{"uv":[3,3.875,2,4.875],"texture":"#0"},"up":{"uv":[2,4.875,1,3.875],"texture":"#0"},"north":{"uv":[1,4.875,2,5.125],"texture":"#0"},"south":{"uv":[3,4.875,4,5.125],"texture":"#0"},"west":{"uv":[2,4.875,3,5.125],"texture":"#0"},"east":{"uv":[0,4.875,1,5.125],"texture":"#0"}}},{"from":[0.5,5,4.25],"to":[4.25,10,11.75],"faces":{"down":{"uv":[1.5,5.25,1.125,6],"texture":"#0"},"up":{"uv":[1.125,6,0.75,5.25],"texture":"#0"},"north":{"uv":[0.75,6,1.125,6.5],"texture":"#0"},"south":{"uv":[1.875,6,2.25,6.5],"texture":"#0"},"west":{"uv":[1.125,6,1.875,6.5],"texture":"#0"},"east":{"uv":[0,6,0.75,6.5],"texture":"#0"}}},{"from":[1.75,5,11.75],"to":[4.25,10,14.25],"faces":{"down":{"uv":[4.75,6.5,4.5,6.75],"texture":"#0"},"up":{"uv":[4.5,6.75,4.25,6.5],"texture":"#0"},"north":{"uv":[4.25,6.75,4.5,7.25],"texture":"#0"},"south":{"uv":[4.75,6.75,5,7.25],"texture":"#0"},"west":{"uv":[4.5,6.75,4.75,7.25],"texture":"#0"},"east":{"uv":[4,6.75,4.25,7.25],"texture":"#0"}}},{"from":[11.75,5,11.75],"to":[14.25,10,14.25],"faces":{"down":{"uv":[6.75,6.5,6.5,6.75],"texture":"#0"},"up":{"uv":[6.5,6.75,6.25,6.5],"texture":"#0"},"north":{"uv":[6.25,6.75,6.5,7.25],"texture":"#0"},"south":{"uv":[6.75,6.75,7,7.25],"texture":"#0"},"west":{"uv":[6.5,6.75,6.75,7.25],"texture":"#0"},"east":{"uv":[6,6.75,6.25,7.25],"texture":"#0"}}},{"from":[11.75,5,1.75],"to":[14.25,10,4.25],"faces":{"down":{"uv":[3.75,6.5,3.5,6.75],"texture":"#0"},"up":{"uv":[3.5,6.75,3.25,6.5],"texture":"#0"},"north":{"uv":[3.25,6.75,3.5,7.25],"texture":"#0"},"south":{"uv":[3.75,6.75,4,7.25],"texture":"#0"},"west":{"uv":[3.5,6.75,3.75,7.25],"texture":"#0"},"east":{"uv":[3,6.75,3.25,7.25],"texture":"#0"}}},{"from":[1.75,5,1.75],"to":[4.25,10,4.25],"faces":{"down":{"uv":[5.75,6.5,5.5,6.75],"texture":"#0"},"up":{"uv":[5.5,6.75,5.25,6.5],"texture":"#0"},"north":{"uv":[5.25,6.75,5.5,7.25],"texture":"#0"},"south":{"uv":[5.75,6.75,6,7.25],"texture":"#0"},"west":{"uv":[5.5,6.75,5.75,7.25],"texture":"#0"},"east":{"uv":[5,6.75,5.25,7.25],"texture":"#0"}}},{"from":[4.25,17.5,4.25],"to":[11.75,18.75,11.75],"faces":{"down":{"uv":[6.25,3.875,5.5,4.625],"texture":"#0"},"up":{"uv":[5.5,4.625,4.75,3.875],"texture":"#0"},"north":{"uv":[4.75,4.625,5.5,4.75],"texture":"#0"},"south":{"uv":[6.25,4.625,7,4.75],"texture":"#0"},"west":{"uv":[5.5,4.625,6.25,4.75],"texture":"#0"},"east":{"uv":[4,4.625,4.75,4.75],"texture":"#0"}}},{"from":[7.65,6.9467,7.5679],"to":[8.35,9.0467,8.2679],"faces":{"down":{"uv":[2.75,6.5,2.5,6.75],"texture":"#0"},"up":{"uv":[2.5,6.75,2.25,6.5],"texture":"#0"},"north":{"uv":[2.25,6.75,2.5,7.5],"texture":"#0"},"south":{"uv":[2.75,6.75,3,7.5],"texture":"#0"},"west":{"uv":[2.5,6.75,2.75,7.5],"texture":"#0"},"east":{"uv":[2,6.75,2.25,7.5],"texture":"#0"}}},{"from":[6.95,7.6467,7.5679],"to":[9.05,8.3467,8.2679],"faces":{"down":{"uv":[1.75,6.5,1,6.75],"texture":"#0"},"up":{"uv":[1,6.75,0.25,6.5],"texture":"#0"},"north":{"uv":[0.25,6.75,1,7],"texture":"#0"},"south":{"uv":[1.25,6.75,2,7],"texture":"#0"},"west":{"uv":[1,6.75,1.25,7],"texture":"#0"},"east":{"uv":[0,6.75,0.25,7],"texture":"#0"}}},{"from":[7.65,7.6467,6.8679],"to":[8.35,8.3467,8.9679],"faces":{"down":{"uv":[5.75,5.25,5.5,6],"texture":"#0"},"up":{"uv":[5.5,6,5.25,5.25],"texture":"#0"},"north":{"uv":[5.25,6,5.5,6.25],"texture":"#0"},"south":{"uv":[6.25,6,6.5,6.25],"texture":"#0"},"west":{"uv":[5.5,6,6.25,6.25],"texture":"#0"},"east":{"uv":[4.5,6,5.25,6.25],"texture":"#0"}}},{"from":[7.3,7.2967,7.2179],"to":[8.699999,8.6967,8.6179],"faces":{"down":{"uv":[8,5.25,7.5,5.75],"texture":"#0"},"up":{"uv":[7.5,5.75,7,5.25],"texture":"#0"},"north":{"uv":[7,5.75,7.5,6.25],"texture":"#0"},"south":{"uv":[8,5.75,8.5,6.25],"texture":"#0"},"west":{"uv":[7.5,5.75,8,6.25],"texture":"#0"},"east":{"uv":[6.5,5.75,7,6.25],"texture":"#0"}}},{"from":[6.25,6.9467,7.9179],"to":[6.6,9.0467,8.2679],"rotation":{"origin":[-7,7.64672,8.26788],"axis":"x","angle":22.5},"faces":{"down":{"uv":[7,4.25,7.1,4.35],"texture":"#0"},"up":{"uv":[7,4.25,7.1,4.35],"texture":"#0"},"north":{"uv":[7,4.25,7.1,4.35],"texture":"#0"},"south":{"uv":[7,4.25,7.1,4.35],"texture":"#0"},"west":{"uv":[7,4.25,7.1,4.35],"texture":"#0"},"east":{"uv":[7,4.25,7.1,4.35],"texture":"#0"}}},{"from":[6.6,9.0467,7.9179],"to":[6.95,9.3967,8.2679],"rotation":{"origin":[-7,7.64672,8.26788],"axis":"x","angle":22.5},"faces":{"down":{"uv":[7,4.25,7.1,4.35],"texture":"#0"},"up":{"uv":[7,4.25,7.1,4.35],"texture":"#0"},"north":{"uv":[7,4.25,7.1,4.35],"texture":"#0"},"south":{"uv":[7,4.25,7.1,4.35],"texture":"#0"},"west":{"uv":[7,4.25,7.1,4.35],"texture":"#0"},"east":{"uv":[7,4.25,7.1,4.35],"texture":"#0"}}},{"from":[6.95,9.3967,7.9179],"to":[9.05,9.7467,8.2679],"rotation":{"origin":[-7,7.64672,8.26788],"axis":"x","angle":22.5},"faces":{"down":{"uv":[7,4.25,7.1,4.35],"texture":"#0"},"up":{"uv":[7,4.25,7.1,4.35],"texture":"#0"},"north":{"uv":[7,4.25,7.1,4.35],"texture":"#0"},"south":{"uv":[7,4.25,7.1,4.35],"texture":"#0"},"west":{"uv":[7,4.25,7.1,4.35],"texture":"#0"},"east":{"uv":[7,4.25,7.1,4.35],"texture":"#0"}}},{"from":[9.05,9.0467,7.9179],"to":[9.4,9.3967,8.2679],"rotation":{"origin":[-7,7.64672,8.26788],"axis":"x","angle":22.5},"faces":{"down":{"uv":[7,4.25,7.1,4.35],"texture":"#0"},"up":{"uv":[7,4.25,7.1,4.35],"texture":"#0"},"north":{"uv":[7,4.25,7.1,4.35],"texture":"#0"},"south":{"uv":[7,4.25,7.1,4.35],"texture":"#0"},"west":{"uv":[7,4.25,7.1,4.35],"texture":"#0"},"east":{"uv":[7,4.25,7.1,4.35],"texture":"#0"}}},{"from":[9.4,6.9467,7.9179],"to":[9.75,9.0467,8.2679],"rotation":{"origin":[-7,7.64672,8.26788],"axis":"x","angle":22.5},"faces":{"down":{"uv":[7,4.25,7.1,4.35],"texture":"#0"},"up":{"uv":[7,4.25,7.1,4.35],"texture":"#0"},"north":{"uv":[7,4.25,7.1,4.35],"texture":"#0"},"south":{"uv":[7,4.25,7.1,4.35],"texture":"#0"},"west":{"uv":[7,4.25,7.1,4.35],"texture":"#0"},"east":{"uv":[7,4.25,7.1,4.35],"texture":"#0"}}},{"from":[6.25,6.2467,8.271399],"to":[9.75,9.7467,8.272401],"rotation":{"origin":[-7,7.64672,8.26788],"axis":"x","angle":22.5},"faces":{"down":{"uv":[9.5,3.875,8.25,3.875],"texture":"#0"},"up":{"uv":[8.25,3.875,7,3.875],"texture":"#0"},"north":{"uv":[9.5,3.875,8.25,5.125],"texture":"#0"},"south":{"uv":[8.25,3.875,7,5.125],"texture":"#0"},"west":{"uv":[8.25,3.875,8.25,5.125],"texture":"#0"},"east":{"uv":[7,3.875,7,5.125],"texture":"#0"}}},{"from":[9.05,6.5967,7.9179],"to":[9.4,6.9467,8.2679],"rotation":{"origin":[-7,7.64672,8.26788],"axis":"x","angle":22.5},"faces":{"down":{"uv":[7,4.25,7.1,4.35],"texture":"#0"},"up":{"uv":[7,4.25,7.1,4.35],"texture":"#0"},"north":{"uv":[7,4.25,7.1,4.35],"texture":"#0"},"south":{"uv":[7,4.25,7.1,4.35],"texture":"#0"},"west":{"uv":[7,4.25,7.1,4.35],"texture":"#0"},"east":{"uv":[7,4.25,7.1,4.35],"texture":"#0"}}},{"from":[6.95,6.2467,7.9179],"to":[9.05,6.5967,8.2679],"rotation":{"origin":[-7,7.64672,8.26788],"axis":"x","angle":22.5},"faces":{"down":{"uv":[7,4.25,7.1,4.35],"texture":"#0"},"up":{"uv":[7,4.25,7.1,4.35],"texture":"#0"},"north":{"uv":[7,4.25,7.1,4.35],"texture":"#0"},"south":{"uv":[7,4.25,7.1,4.35],"texture":"#0"},"west":{"uv":[7,4.25,7.1,4.35],"texture":"#0"},"east":{"uv":[7,4.25,7.1,4.35],"texture":"#0"}}},{"from":[6.6,6.5967,7.9179],"to":[6.95,6.9467,8.2679],"rotation":{"origin":[-7,7.64672,8.26788],"axis":"x","angle":22.5},"faces":{"down":{"uv":[7,4.25,7.1,4.35],"texture":"#0"},"up":{"uv":[7,4.25,7.1,4.35],"texture":"#0"},"north":{"uv":[7,4.25,7.1,4.35],"texture":"#0"},"south":{"uv":[7,4.25,7.1,4.35],"texture":"#0"},"west":{"uv":[7,4.25,7.1,4.35],"texture":"#0"},"east":{"uv":[7,4.25,7.1,4.35],"texture":"#0"}}},{"from":[6.25,6.2467,7.9144],"to":[9.75,9.7467,7.9154],"rotation":{"origin":[-7,7.64672,8.26788],"axis":"x","angle":22.5},"faces":{"down":{"uv":[9.5,3.875,8.25,3.875],"texture":"#0"},"up":{"uv":[8.25,3.875,7,3.875],"texture":"#0"},"north":{"uv":[7,3.875,8.25,5.125],"texture":"#0"},"south":{"uv":[8.25,3.875,9.5,5.125],"texture":"#0"},"west":{"uv":[8.25,3.875,8.25,5.125],"texture":"#0"},"east":{"uv":[7,3.875,7,5.125],"texture":"#0"}}}],"display":{"thirdperson_righthand":{"rotation":[25,0,0],"translation":[-0.695,2.0869,0.6959],"scale":[0.5,0.5,0.5]},"thirdperson_lefthand":{"rotation":[25,0,0],"translation":[-0.695,2.0869,0.6959],"scale":[0.5,0.5,0.5]},"firstperson_righthand":{"rotation":[5,125,-14],"translation":[2.0869,3.4781,-3.478],"scale":[0.5,0.5,0.5]},"firstperson_lefthand":{"rotation":[5,125,-14],"translation":[2.0869,3.4781,-3.478],"scale":[0.5,0.5,0.5]},"gui":{"rotation":[14,143,-1],"translation":[0,-0.852,0],"scale":[0.6,0.6,0.6]},"head":{"translation":[0,-32.69,0],"scale":[1.4,1.4,1.4]},"ground":{"scale":[0.8,0.8,0.8]}}}