{"textures":{"0":"gameitems/customblocks/incubator","particle":"gameitems/customblocks/incubator"},"elements":[{"from":[-0.875,-14.25,-1.125],"to":[18.925,-9.85,18.675],"faces":{"north":{"uv":[4.5,3.75,6.25,4.25],"texture":"#0"},"east":{"uv":[4.5,3.75,6.25,4.25],"texture":"#0"},"south":{"uv":[4.5,3.75,6.25,4.25],"texture":"#0"},"west":{"uv":[4.5,3.75,6.25,4.25],"texture":"#0"},"up":{"uv":[0.75,0.5,3,2.75],"texture":"#0"},"down":{"uv":[4,0.5,6.25,2.75],"texture":"#0"}}},{"from":[-0.875,20.95,-1.125],"to":[18.925,29.75,18.675],"faces":{"north":{"uv":[5.5,5,7.75,6],"texture":"#0"},"east":{"uv":[5.5,5,7.75,6],"texture":"#0"},"south":{"uv":[8,5,10.25,6],"texture":"#0"},"west":{"uv":[5.5,5,7.75,6],"texture":"#0"},"up":{"uv":[0.5,6.5,2.75,8.75],"texture":"#0"},"down":{"uv":[4,0.5,6.25,2.75],"texture":"#0"}}},{"from":[-3.075,-14.25,1.075],"to":[-0.875,-9.85,16.475],"faces":{"north":{"uv":[4.5,3.75,6.25,4.25],"texture":"#0"},"south":{"uv":[4.5,3.75,6.25,4.25],"texture":"#0"},"west":{"uv":[4.5,3.75,6.25,4.25],"texture":"#0"},"up":{"uv":[1,3,2.75,3.25],"rotation":90,"texture":"#0"},"down":{"uv":[4,0.5,6.25,0.75],"texture":"#0"}}},{"from":[18.925,-14.25,1.075],"to":[21.125,-9.85,16.475],"faces":{"north":{"uv":[4.5,3.75,6.25,4.25],"texture":"#0"},"east":{"uv":[4.5,3.75,6.25,4.25],"texture":"#0"},"south":{"uv":[4.5,3.75,6.25,4.25],"texture":"#0"},"up":{"uv":[1,3,2.75,3.25],"rotation":90,"texture":"#0"},"down":{"uv":[4,0.5,6.25,0.75],"texture":"#0"}}},{"from":[1.325,-14.25,-3.325],"to":[16.725,-9.85,-1.125],"faces":{"north":{"uv":[4.5,3.75,6.25,4.25],"texture":"#0"},"east":{"uv":[4.5,3.75,6.25,4.25],"texture":"#0"},"west":{"uv":[4.5,3.75,6.25,4.25],"texture":"#0"},"up":{"uv":[1,3,2.75,3.25],"texture":"#0"},"down":{"uv":[4,0.5,6.25,0.75],"texture":"#0"}}},{"from":[1.325,-14.25,18.675],"to":[16.725,-9.85,20.875],"faces":{"east":{"uv":[4.5,3.75,6.25,4.25],"texture":"#0"},"south":{"uv":[0.5,3.75,2.5,4.25],"texture":"#0"},"west":{"uv":[4.5,3.75,6.25,4.25],"texture":"#0"},"up":{"uv":[1,3,2.75,3.25],"texture":"#0"},"down":{"uv":[4,0.5,6.25,0.75],"texture":"#0"}}},{"from":[1.325,20.95,18.675],"to":[16.725,27.55,20.875],"faces":{"east":{"uv":[5.5,5.25,5.75,6],"texture":"#0"},"south":{"uv":[3.5,5.25,5.25,6],"texture":"#0"},"west":{"uv":[5.5,5.25,5.75,6],"texture":"#0"},"up":{"uv":[3.5,5.25,5.25,5.5],"texture":"#0"},"down":{"uv":[4,0.5,6.25,0.75],"texture":"#0"}}},{"from":[1.325,20.95,-3.325],"to":[16.725,27.55,-1.125],"faces":{"north":{"uv":[5.5,5.25,7.5,6],"texture":"#0"},"east":{"uv":[5.5,5.25,5.75,6],"texture":"#0"},"west":{"uv":[5.5,5.25,5.75,6],"texture":"#0"},"up":{"uv":[4,0.5,6.25,0.75],"texture":"#0"},"down":{"uv":[4,0.5,6.25,0.75],"texture":"#0"}}},{"from":[-3.075,20.95,1.075],"to":[-0.875,27.55,16.475],"faces":{"north":{"uv":[5.5,5.25,5.75,6],"texture":"#0"},"south":{"uv":[5.5,5.25,5.75,6],"texture":"#0"},"west":{"uv":[5.5,5.25,7.5,6],"texture":"#0"},"up":{"uv":[4,0.5,6.25,0.75],"texture":"#0"},"down":{"uv":[4,0.5,6.25,0.75],"texture":"#0"}}},{"from":[18.925,20.95,1.075],"to":[21.125,27.55,16.475],"faces":{"north":{"uv":[5.5,5.25,5.75,6],"texture":"#0"},"east":{"uv":[5.5,5.25,7.5,6],"texture":"#0"},"south":{"uv":[5.5,5.25,5.75,6],"texture":"#0"},"up":{"uv":[4,0.5,6.25,0.75],"texture":"#0"},"down":{"uv":[4,0.5,6.25,0.75],"texture":"#0"}}},{"from":[18.925,-9.85,1.075],"to":[21.125,20.95,16.475],"faces":{"north":{"uv":[6.75,7.5,8.5,11],"texture":"#0"},"east":{"uv":[6.75,7.5,8.5,11],"texture":"#0"},"south":{"uv":[6.75,7.5,8.5,11],"texture":"#0"},"west":{"uv":[6.75,7.5,8.5,11],"texture":"#0"},"up":{"uv":[6.75,7.5,8.5,11],"texture":"#0"},"down":{"uv":[6.75,7.5,8.5,11],"texture":"#0"}}},{"from":[-3.075,-9.85,1.075],"to":[-0.875,20.95,16.475],"faces":{"north":{"uv":[6.75,7.5,8.5,11],"texture":"#0"},"east":{"uv":[6.75,7.5,8.5,11],"texture":"#0"},"south":{"uv":[6.75,7.5,8.5,11],"texture":"#0"},"west":{"uv":[6.75,7.5,8.5,11],"texture":"#0"},"up":{"uv":[6.75,7.5,8.5,11],"texture":"#0"},"down":{"uv":[6.75,7.5,8.5,11],"texture":"#0"}}},{"from":[1.325,-9.85,-3.325],"to":[16.725,20.95,-1.125],"faces":{"north":{"uv":[6.75,7.5,8.5,11],"texture":"#0"},"east":{"uv":[6.75,7.5,8.5,11],"texture":"#0"},"south":{"uv":[6.75,7.5,8.5,11],"texture":"#0"},"west":{"uv":[6.75,7.5,8.5,11],"texture":"#0"},"up":{"uv":[6.75,7.5,8.5,11],"texture":"#0"},"down":{"uv":[6.75,7.5,8.5,11],"texture":"#0"}}},{"from":[1.325,-9.85,18.675],"to":[16.725,20.95,20.875],"faces":{"north":{"uv":[6.75,7.5,8.5,11],"texture":"#0"},"east":{"uv":[6.75,7.5,8.5,11],"texture":"#0"},"south":{"uv":[6.75,7.5,8.5,11],"texture":"#0"},"west":{"uv":[6.75,7.5,8.5,11],"texture":"#0"},"up":{"uv":[6.75,7.5,8.5,11],"texture":"#0"},"down":{"uv":[6.75,7.5,8.5,11],"texture":"#0"}}},{"from":[-0.875,-9.85,16.475],"to":[1.325,20.95,18.675],"faces":{"north":{"uv":[6.75,7.5,8.5,11],"texture":"#0"},"east":{"uv":[6.75,7.5,8.5,11],"texture":"#0"},"south":{"uv":[6.75,7.5,8.5,11],"texture":"#0"},"west":{"uv":[6.75,7.5,8.5,11],"texture":"#0"},"up":{"uv":[6.75,7.5,8.5,11],"texture":"#0"},"down":{"uv":[6.75,7.5,8.5,11],"texture":"#0"}}},{"from":[-0.875,-9.85,-1.125],"to":[1.325,20.95,1.075],"faces":{"north":{"uv":[6.75,7.5,8.5,11],"texture":"#0"},"east":{"uv":[6.75,7.5,8.5,11],"texture":"#0"},"south":{"uv":[6.75,7.5,8.5,11],"texture":"#0"},"west":{"uv":[6.75,7.5,8.5,11],"texture":"#0"},"up":{"uv":[6.75,7.5,8.5,11],"texture":"#0"},"down":{"uv":[6.75,7.5,8.5,11],"texture":"#0"}}},{"from":[16.725,-9.85,-1.125],"to":[18.925,20.95,1.075],"faces":{"north":{"uv":[6.75,7.5,8.5,11],"texture":"#0"},"east":{"uv":[6.75,7.5,8.5,11],"texture":"#0"},"south":{"uv":[6.75,7.5,8.5,11],"texture":"#0"},"west":{"uv":[6.75,7.5,8.5,11],"texture":"#0"},"up":{"uv":[6.75,7.5,8.5,11],"texture":"#0"},"down":{"uv":[6.75,7.5,8.5,11],"texture":"#0"}}},{"from":[16.725,-9.85,16.475],"to":[18.925,20.95,18.675],"faces":{"north":{"uv":[6.75,7.5,8.5,11],"texture":"#0"},"east":{"uv":[6.75,7.5,8.5,11],"texture":"#0"},"south":{"uv":[6.75,7.5,8.5,11],"texture":"#0"},"west":{"uv":[6.75,7.5,8.5,11],"texture":"#0"},"up":{"uv":[6.75,7.5,8.5,11],"texture":"#0"},"down":{"uv":[6.75,7.5,8.5,11],"texture":"#0"}}}],"display":{"thirdperson_righthand":{"scale":[0.2,0.2,0.2]},"thirdperson_lefthand":{"scale":[0.2,0.2,0.2]},"firstperson_righthand":{"rotation":[-29,-16,21],"translation":[0,3.4782,0],"scale":[0.2,0.2,0.2]},"firstperson_lefthand":{"rotation":[-29,-16,21],"translation":[0,3.4782,0],"scale":[0.2,0.2,0.2]},"ground":{"translation":[0,4.1739,0],"scale":[0.3,0.3,0.3]},"gui":{"rotation":[23,-27,0],"translation":[0,0.23,0],"scale":[0.3,0.3,0.3]},"head":{"rotation":[-30,-180,0],"translation":[2.7825,27,-38],"scale":[4,4,4]},"fixed":{"scale":[0.4,0.4,0.4]}}}