{"parent":"physical_parent","textures":{"main":"pokemon/sneasel"},"texture_size":[64,64],"elements":[{"rotation":{"origin":[8.51134,0.75221,7.23646],"angle":-22.5,"axis":"y"},"from":[9,0,5],"to":[12,2,9],"faces":{"east":{"uv":[8.5,8.75,9.5,9.25],"texture":"#main"},"south":{"uv":[11.25,8.75,12,9.25],"texture":"#main"},"north":{"uv":[9.5,8.75,10.25,9.25],"texture":"#main"},"west":{"uv":[10.25,8.75,11.25,9.25],"texture":"#main"},"up":{"uv":[10.25,8.75,9.5,7.75],"texture":"#main"},"down":{"uv":[11,7.75,10.25,8.75],"texture":"#main"}}},{"rotation":{"origin":[7.48866,0.75221,7.23646],"angle":22.5,"axis":"y"},"from":[4,0,5],"to":[7,2,9],"faces":{"east":{"uv":[5,8.75,6,9.25],"texture":"#main"},"south":{"uv":[7.75,8.75,8.5,9.25],"texture":"#main"},"north":{"uv":[6,8.75,6.75,9.25],"texture":"#main"},"west":{"uv":[6.75,8.75,7.75,9.25],"texture":"#main"},"up":{"uv":[6.75,8.75,6,7.75],"texture":"#main"},"down":{"uv":[7.5,7.75,6.75,8.75],"texture":"#main"}}},{"rotation":{"origin":[7.48866,0.75221,7.23646],"angle":22.5,"axis":"y"},"from":[6,0,3],"to":[7,1,5],"faces":{"east":{"uv":[10.5,12.75,11,13],"texture":"#main"},"south":{"uv":[11.75,12.75,12,13],"texture":"#main"},"north":{"uv":[11,12.75,11.25,13],"texture":"#main"},"west":{"uv":[11.25,12.75,11.75,13],"texture":"#main"},"up":{"uv":[11.25,12.75,11,12.25],"texture":"#main"},"down":{"uv":[11.5,12.25,11.25,12.75],"texture":"#main"}}},{"rotation":{"origin":[8.51134,0.75221,7.23646],"angle":-22.5,"axis":"y"},"from":[9,0,3],"to":[10,1,5],"faces":{"east":{"uv":[6,12.75,6.5,13],"texture":"#main"},"south":{"uv":[7.25,12.75,7.5,13],"texture":"#main"},"north":{"uv":[6.5,12.75,6.75,13],"texture":"#main"},"west":{"uv":[6.75,12.75,7.25,13],"texture":"#main"},"up":{"uv":[6.75,12.75,6.5,12.25],"texture":"#main"},"down":{"uv":[7,12.25,6.75,12.75],"texture":"#main"}}},{"rotation":{"origin":[7.48866,0.75221,7.23646],"angle":22.5,"axis":"y"},"from":[4,0,3],"to":[5,1,5],"faces":{"east":{"uv":[9,12.75,9.5,13],"texture":"#main"},"south":{"uv":[10.25,12.75,10.5,13],"texture":"#main"},"north":{"uv":[9.5,12.75,9.75,13],"texture":"#main"},"west":{"uv":[9.75,12.75,10.25,13],"texture":"#main"},"up":{"uv":[9.75,12.75,9.5,12.25],"texture":"#main"},"down":{"uv":[10,12.25,9.75,12.75],"texture":"#main"}}},{"rotation":{"origin":[8.51134,0.75221,7.23646],"angle":-22.5,"axis":"y"},"from":[11,0,3],"to":[12,1,5],"faces":{"east":{"uv":[7.5,12.75,8,13],"texture":"#main"},"south":{"uv":[8.75,12.75,9,13],"texture":"#main"},"north":{"uv":[8,12.75,8.25,13],"texture":"#main"},"west":{"uv":[8.25,12.75,8.75,13],"texture":"#main"},"up":{"uv":[8.25,12.75,8,12.25],"texture":"#main"},"down":{"uv":[8.5,12.25,8.25,12.75],"texture":"#main"}}},{"rotation":{"origin":[10.91146,3.00339,8.95657],"angle":-22.5,"axis":"y"},"from":[8.90712,2,7.9733],"to":[10.90712,5,9.9733],"faces":{"east":{"uv":[5,11.5,5.5,12.25],"texture":"#main"},"south":{"uv":[6.5,11.5,7,12.25],"texture":"#main"},"north":{"uv":[5.5,11.5,6,12.25],"texture":"#main"},"west":{"uv":[6,11.5,6.5,12.25],"texture":"#main"},"up":{"uv":[6,11.5,5.5,11],"texture":"#main"},"down":{"uv":[6.5,11,6,11.5],"texture":"#main"}}},{"rotation":{"origin":[5.08854,3.00339,8.95657],"angle":22.5,"axis":"y"},"from":[5.09288,2,7.9733],"to":[7.09288,5,9.9733],"faces":{"east":{"uv":[3,11.5,3.5,12.25],"texture":"#main"},"south":{"uv":[4.5,11.5,5,12.25],"texture":"#main"},"north":{"uv":[3.5,11.5,4,12.25],"texture":"#main"},"west":{"uv":[4,11.5,4.5,12.25],"texture":"#main"},"up":{"uv":[4,11.5,3.5,11],"texture":"#main"},"down":{"uv":[4.5,11,4,11.5],"texture":"#main"}}},{"rotation":{"origin":[8,7,8],"angle":0,"axis":"y"},"from":[5,4,6],"to":[11,8,11],"faces":{"east":{"uv":[5.5,4.5,6.75,5.5],"texture":"#main"},"south":{"uv":[9.5,4.5,11,5.5],"texture":"#main"},"north":{"uv":[6.75,4.5,8.25,5.5],"texture":"#main"},"west":{"uv":[8.25,4.5,9.5,5.5],"texture":"#main"},"up":{"uv":[8.25,4.5,6.75,3.25],"texture":"#main"},"down":{"uv":[9.75,3.25,8.25,4.5],"texture":"#main"}}},{"rotation":{"origin":[8.01833,3.98867,14.49299],"angle":-22.5,"axis":"x"},"from":[3,5.75,11],"to":[13,5.75,18],"faces":{"east":{"uv":[7.5,1.75,9.25,1.75],"texture":"#main"},"south":{"uv":[13.5,1.75,16,1.75],"texture":"#main"},"north":{"uv":[9.25,1.75,11.75,1.75],"texture":"#main"},"west":{"uv":[11.75,1.75,13.5,1.75],"texture":"#main"},"up":{"uv":[11.75,1.75,9.25,0],"texture":"#main"},"down":{"uv":[14.25,0,11.75,1.75],"texture":"#main"}}},{"rotation":{"origin":[8,7,8],"angle":0,"axis":"y"},"from":[5,8,7],"to":[11,11,11],"faces":{"east":{"uv":[0,8.75,1,9.5],"texture":"#main"},"south":{"uv":[3.5,8.75,5,9.5],"texture":"#main"},"north":{"uv":[1,8.75,2.5,9.5],"texture":"#main"},"west":{"uv":[2.5,8.75,3.5,9.5],"texture":"#main"},"up":{"uv":[2.5,8.75,1,7.75],"texture":"#main"},"down":{"uv":[4,7.75,2.5,8.75],"texture":"#main"}}},{"rotation":{"origin":[2.99827,9.99126,8.01046],"angle":-45,"axis":"y"},"from":[1,9,6.9],"to":[5,11,9],"faces":{"east":{"uv":[0,11.5,0.5,12],"texture":"#main"},"south":{"uv":[2,11.5,3,12],"texture":"#main"},"north":{"uv":[0.5,11.5,1.5,12],"texture":"#main"},"west":{"uv":[1.5,11.5,2,12],"texture":"#main"},"up":{"uv":[1.5,11.5,0.5,11],"texture":"#main"},"down":{"uv":[2.5,11,1.5,11.5],"texture":"#main"}}},{"rotation":{"origin":[13.00173,9.99126,8.01046],"angle":45,"axis":"y"},"from":[11,9,6.9],"to":[15,11,9],"faces":{"east":{"uv":[10,10,10.5,10.5],"texture":"#main"},"south":{"uv":[12,10,13,10.5],"texture":"#main"},"north":{"uv":[10.5,10,11.5,10.5],"texture":"#main"},"west":{"uv":[11.5,10,12,10.5],"texture":"#main"},"up":{"uv":[11.5,10,10.5,9.5],"texture":"#main"},"down":{"uv":[12.5,9.5,11.5,10],"texture":"#main"}}},{"rotation":{"origin":[0.17181,9.99125,5.19124],"angle":22.5,"axis":"x"},"from":[0.18739,9.75,3.08507],"to":[2.18739,11.75,7.18507],"faces":{"east":{"uv":[7,10.5,8,11],"texture":"#main"},"south":{"uv":[9.5,10.5,10,11],"texture":"#main"},"north":{"uv":[8,10.5,8.5,11],"texture":"#main"},"west":{"uv":[8.5,10.5,9.5,11],"texture":"#main"},"up":{"uv":[8.5,10.5,8,9.5],"texture":"#main"},"down":{"uv":[9,9.5,8.5,10.5],"texture":"#main"}}},{"rotation":{"origin":[15.82819,9.99125,5.19124],"angle":22.5,"axis":"x"},"from":[13.81261,9.75,3.08507],"to":[15.81261,11.75,7.18507],"faces":{"east":{"uv":[4,10.5,5,11],"texture":"#main"},"south":{"uv":[6.5,10.5,7,11],"texture":"#main"},"north":{"uv":[5,10.5,5.5,11],"texture":"#main"},"west":{"uv":[5.5,10.5,6.5,11],"texture":"#main"},"up":{"uv":[5.5,10.5,5,9.5],"texture":"#main"},"down":{"uv":[6,9.5,5.5,10.5],"texture":"#main"}}},{"rotation":{"origin":[1.17549,11.45569,3.64432],"angle":-22.5,"axis":"x"},"from":[1.43739,11.45345,1.27773],"to":[2.43739,12.45345,4.37773],"faces":{"east":{"uv":[2,13,2.75,13.25],"texture":"#main"},"south":{"uv":[3.75,13,4,13.25],"texture":"#main"},"north":{"uv":[2.75,13,3,13.25],"texture":"#main"},"west":{"uv":[3,13,3.75,13.25],"texture":"#main"},"up":{"uv":[3,13,2.75,12.25],"texture":"#main"},"down":{"uv":[3.25,12.25,3,13],"texture":"#main"}}},{"rotation":{"origin":[14.82451,11.45569,3.64432],"angle":-22.5,"axis":"x"},"from":[13.56261,11.45345,1.27773],"to":[14.56261,12.45345,4.37773],"faces":{"east":{"uv":[9,11.75,9.75,12],"texture":"#main"},"south":{"uv":[10.75,11.75,11,12],"texture":"#main"},"north":{"uv":[9.75,11.75,10,12],"texture":"#main"},"west":{"uv":[10,11.75,10.75,12],"texture":"#main"},"up":{"uv":[10,11.75,9.75,11],"texture":"#main"},"down":{"uv":[10.25,11,10,11.75],"texture":"#main"}}},{"rotation":{"origin":[1.17549,11.45569,3.64432],"angle":-22.5,"axis":"x"},"from":[-0.06261,11.45345,1.37773],"to":[0.93739,12.45345,4.37773],"faces":{"east":{"uv":[0,13,0.75,13.25],"texture":"#main"},"south":{"uv":[1.75,13,2,13.25],"texture":"#main"},"north":{"uv":[0.75,13,1,13.25],"texture":"#main"},"west":{"uv":[1,13,1.75,13.25],"texture":"#main"},"up":{"uv":[1,13,0.75,12.25],"texture":"#main"},"down":{"uv":[1.25,12.25,1,13],"texture":"#main"}}},{"rotation":{"origin":[14.82451,11.45569,3.64432],"angle":-22.5,"axis":"x"},"from":[15.06261,11.45345,1.37773],"to":[16.06261,12.45345,4.37773],"faces":{"east":{"uv":[7,11.75,7.75,12],"texture":"#main"},"south":{"uv":[8.75,11.75,9,12],"texture":"#main"},"north":{"uv":[7.75,11.75,8,12],"texture":"#main"},"west":{"uv":[8,11.75,8.75,12],"texture":"#main"},"up":{"uv":[8,11.75,7.75,11],"texture":"#main"},"down":{"uv":[8.25,11,8,11.75],"texture":"#main"}}},{"rotation":{"origin":[7.98996,14.74823,9.0118],"angle":0,"axis":"x"},"name":"head","from":[4,11.5,5.5],"to":[12,17.5,12.5],"faces":{"east":{"uv":[0,1.75,1.75,3.25],"texture":"#main"},"south":{"uv":[5.5,1.75,7.5,3.25],"texture":"#main"},"north":{"uv":[11.25,2.25,15.25,5.25],"texture":"#main"},"west":{"uv":[3.75,1.75,5.5,3.25],"texture":"#main"},"up":{"uv":[3.75,1.75,1.75,0],"texture":"#main"},"down":{"uv":[5.75,0,3.75,1.75],"texture":"#main"}}},{"rotation":{"origin":[7.98996,14.74823,9.0118],"angle":0,"axis":"x"},"from":[5,11.75,4.75],"to":[11,13.75,6.75],"faces":{"east":{"uv":[0,10,0.5,10.5],"texture":"#main"},"south":{"uv":[2.5,10,4,10.5],"texture":"#main"},"north":{"uv":[0,15,3,16],"texture":"#main"},"west":{"uv":[2,10,2.5,10.5],"texture":"#main"},"up":{"uv":[3,15,0,14],"texture":"#main"},"down":{"uv":[3.5,9.5,2,10],"texture":"#main"}}},{"rotation":{"origin":[3.99216,14.98862,10.5192],"angle":-22.5,"axis":"y"},"from":[3,13.5,7.75],"to":[3.001,21.5,17.75],"faces":{"east":{"uv":[0,5.75,2.5,7.75],"texture":"#main"},"west":{"uv":[2.5,5.75,5,7.75],"texture":"#main"}}},{"rotation":{"origin":[12.00784,14.98862,10.5192],"angle":22.5,"axis":"y"},"from":[13,13.5,7.75],"to":[13.001,21.5,17.75],"faces":{"east":{"uv":[5,5.75,2.5,7.75],"texture":"#main"},"west":{"uv":[2.5,5.75,0,7.75],"texture":"#main"}}},{"rotation":{"origin":[8,7,8],"angle":0,"axis":"y"},"from":[7,10,8],"to":[9,12,10],"faces":{"east":{"uv":[4,12.75,4.5,13.25],"texture":"#main"},"south":{"uv":[5.5,12.75,6,13.25],"texture":"#main"},"north":{"uv":[4.5,12.75,5,13.25],"texture":"#main"},"west":{"uv":[5,12.75,5.5,13.25],"texture":"#main"},"up":{"uv":[5,12.75,4.5,12.25],"texture":"#main"},"down":{"uv":[5.5,12.25,5,12.75],"texture":"#main"}}}],"display":{"head":{"translation":[0,-30.25,0],"scale":[1.6,1.6,1.6]}}}