{"parent":"physical_parent","textures":{"main":"pokemon/espeon","particle":"pokemon/espeon"},"elements":[{"rotation":{"origin":[8,10,-2],"angle":0,"axis":"y"},"from":[4,14,-5],"to":[11,21,2],"faces":{"east":{"uv":[0,7.5,1.75,9.25],"texture":"#main"},"south":{"uv":[5.25,7.5,7,9.25],"texture":"#main"},"north":{"uv":[1.75,7.5,3.5,9.25],"texture":"#main"},"west":{"uv":[3.5,7.5,5.25,9.25],"texture":"#main"},"up":{"uv":[3.5,7.5,1.75,5.75],"texture":"#main"},"down":{"uv":[5.25,5.75,3.5,7.5],"texture":"#main"}}},{"rotation":{"origin":[8,10,-2],"angle":-22.5,"axis":"z"},"from":[-5,15,1],"to":[2,19,1.1],"faces":{"south":{"uv":[7.75,11.25,9.5,12.25],"texture":"#main"},"north":{"uv":[7.75,11.25,9.5,12.25],"texture":"#main"}}},{"rotation":{"origin":[8,10,-2],"angle":22.5,"axis":"z"},"from":[1,15,-4],"to":[8,19,-3.9],"faces":{"south":{"uv":[9.25,3,11,4],"texture":"#main"},"north":{"uv":[9.25,3,11,4],"texture":"#main"}}},{"rotation":{"origin":[8,10,-2],"angle":-22.5,"axis":"z"},"from":[7,15,-4],"to":[14,19,-3.9],"faces":{"south":{"uv":[5.5,6,7.25,7],"texture":"#main"},"north":{"uv":[5.5,6,7.25,7],"texture":"#main"}}},{"rotation":{"origin":[8,10,-2],"angle":22.5,"axis":"z"},"from":[13,15,1],"to":[20,19,1.1],"faces":{"south":{"uv":[10.75,7.5,12.5,8.5],"texture":"#main"},"north":{"uv":[10.75,7.5,12.5,8.5],"texture":"#main"}}},{"rotation":{"origin":[8,10,-2],"angle":0,"axis":"y"},"from":[4.5,7,-3],"to":[10.5,14,13],"faces":{"east":{"uv":[0,4,4,5.75],"texture":"#main"},"south":{"uv":[9.5,4,11,5.75],"texture":"#main"},"north":{"uv":[4,4,5.5,5.75],"texture":"#main"},"west":{"uv":[5.5,4,9.5,5.75],"texture":"#main"},"up":{"uv":[5.5,4,4,0],"texture":"#main"},"down":{"uv":[7,0,5.5,4],"texture":"#main"}}},{"rotation":{"origin":[8,10,-2],"angle":0,"axis":"y"},"from":[6.5,11,12],"to":[8.5,13,16],"faces":{"east":{"uv":[9.5,6.75,10.5,7.25],"texture":"#main"},"south":{"uv":[12,6.75,12.5,7.25],"texture":"#main"},"north":{"uv":[10.5,6.75,11,7.25],"texture":"#main"},"west":{"uv":[11,6.75,12,7.25],"texture":"#main"},"up":{"uv":[11,6.75,10.5,5.75],"texture":"#main"},"down":{"uv":[11.5,5.75,11,6.75],"texture":"#main"}}},{"rotation":{"origin":[8,4.71855,3.44837],"angle":-22.5,"axis":"x"},"from":[6.501,5.71855,17.44837],"to":[8.501,7.71855,20.44837],"faces":{"east":{"uv":[10.75,12.25,11.5,12.75],"texture":"#main"},"south":{"uv":[12.75,12.25,13.25,12.75],"texture":"#main"},"north":{"uv":[11.5,12.25,12,12.75],"texture":"#main"},"west":{"uv":[12,12.25,12.75,12.75],"texture":"#main"},"up":{"uv":[12,12.25,11.5,11.5],"texture":"#main"},"down":{"uv":[12.5,11.5,12,12.25],"texture":"#main"}}},{"rotation":{"origin":[8,1.54145,9.57925],"angle":-45,"axis":"x"},"from":[6.501,2.54145,23.57925],"to":[8.501,4.54145,26.57925],"faces":{"east":{"uv":[11,4.75,11.75,5.25],"texture":"#main"},"south":{"uv":[13,4.75,13.5,5.25],"texture":"#main"},"north":{"uv":[11.75,4.75,12.25,5.25],"texture":"#main"},"west":{"uv":[12.25,4.75,13,5.25],"texture":"#main"},"up":{"uv":[12.25,4.75,11.75,4],"texture":"#main"},"down":{"uv":[12.75,4,12.25,4.75],"texture":"#main"}}},{"rotation":{"origin":[8,-2.73063,21.89296],"angle":0,"axis":"x"},"from":[6.5,14.26937,18.89296],"to":[8.5,17.26937,20.89296],"faces":{"east":{"uv":[11.5,0.5,12,1.25],"texture":"#main"},"south":{"uv":[13,0.5,13.5,1.25],"texture":"#main"},"north":{"uv":[12,0.5,12.5,1.25],"texture":"#main"},"west":{"uv":[12.5,0.5,13,1.25],"texture":"#main"},"up":{"uv":[12.5,0.5,12,0],"texture":"#main"},"down":{"uv":[13,0,12.5,0.5],"texture":"#main"}}},{"rotation":{"origin":[8,-0.82554,29.47051],"angle":-22.5,"axis":"x"},"from":[6.5,19.17446,26.47051],"to":[8.5,31.17446,28.47051],"faces":{"east":{"uv":[7,0.5,7.5,3.5],"texture":"#main"},"south":{"uv":[8.5,0.5,9,3.5],"texture":"#main"},"north":{"uv":[7.5,0.5,8,3.5],"texture":"#main"},"west":{"uv":[8,0.5,8.5,3.5],"texture":"#main"},"up":{"uv":[8,0.5,7.5,0],"texture":"#main"},"down":{"uv":[8.5,0,8,0.5],"texture":"#main"}}},{"rotation":{"origin":[8,-0.82554,29.47051],"angle":22.5,"axis":"x"},"from":[6.51,16.17446,3.47051],"to":[8.51,18.17446,8.47051],"faces":{"east":{"uv":[9.25,10.5,10.5,11],"texture":"#main"},"south":{"uv":[12.25,10.5,12.75,11],"texture":"#main"},"north":{"uv":[10.5,10.5,11,11],"texture":"#main"},"west":{"uv":[11,10.5,12.25,11],"texture":"#main"},"up":{"uv":[11,10.5,10.5,9.25],"texture":"#main"},"down":{"uv":[11.5,9.25,11,10.5],"texture":"#main"}}},{"rotation":{"origin":[8,10,-2],"angle":0,"axis":"y"},"from":[4.5,-1,-3],"to":[6.5,7,0],"faces":{"east":{"uv":[5,10,5.75,12],"texture":"#main"},"south":{"uv":[7,10,7.5,12],"texture":"#main"},"north":{"uv":[5.75,10,6.25,12],"texture":"#main"},"west":{"uv":[6.25,10,7,12],"texture":"#main"},"up":{"uv":[6.25,10,5.75,9.25],"texture":"#main"},"down":{"uv":[6.75,9.25,6.25,10],"texture":"#main"}}},{"rotation":{"origin":[8,10,11],"angle":0,"axis":"y"},"from":[4.5,-1,10],"to":[6.5,7,13],"faces":{"east":{"uv":[9,0.75,9.75,2.75],"texture":"#main"},"south":{"uv":[11,0.75,11.5,2.75],"texture":"#main"},"north":{"uv":[9.75,0.75,10.25,2.75],"texture":"#main"},"west":{"uv":[10.25,0.75,11,2.75],"texture":"#main"},"up":{"uv":[10.25,0.75,9.75,0],"texture":"#main"},"down":{"uv":[10.75,0,10.25,0.75],"texture":"#main"}}},{"rotation":{"origin":[8,10,9],"angle":0,"axis":"y"},"from":[3.5,3,9.01],"to":[6.5,11,13.01],"faces":{"east":{"uv":[0,1,1,3],"texture":"#main"},"south":{"uv":[2.75,1,3.5,3],"texture":"#main"},"north":{"uv":[1,1,1.75,3],"texture":"#main"},"west":{"uv":[1.75,1,2.75,3],"texture":"#main"},"up":{"uv":[1.75,1,1,0],"texture":"#main"},"down":{"uv":[2.5,0,1.75,1],"texture":"#main"}}},{"rotation":{"origin":[8,10,-2],"angle":0,"axis":"y"},"from":[8.5,-1,-3],"to":[10.5,7,0],"faces":{"east":{"uv":[2.5,10,3.25,12],"texture":"#main"},"south":{"uv":[4.5,10,5,12],"texture":"#main"},"north":{"uv":[3.25,10,3.75,12],"texture":"#main"},"west":{"uv":[3.75,10,4.5,12],"texture":"#main"},"up":{"uv":[3.75,10,3.25,9.25],"texture":"#main"},"down":{"uv":[4.25,9.25,3.75,10],"texture":"#main"}}},{"rotation":{"origin":[8,10,11],"angle":0,"axis":"y"},"from":[8.5,-1,10],"to":[10.5,7,13],"faces":{"east":{"uv":[0,10,0.75,12],"texture":"#main"},"south":{"uv":[2,10,2.5,12],"texture":"#main"},"north":{"uv":[0.75,10,1.25,12],"texture":"#main"},"west":{"uv":[1.25,10,2,12],"texture":"#main"},"up":{"uv":[1.25,10,0.75,9.25],"texture":"#main"},"down":{"uv":[1.75,9.25,1.25,10],"texture":"#main"}}},{"rotation":{"origin":[8,10,9],"angle":0,"axis":"y"},"from":[8.5,3,9.02],"to":[11.5,11,13.02],"faces":{"east":{"uv":[7,8,8,10],"texture":"#main"},"south":{"uv":[9.75,8,10.5,10],"texture":"#main"},"north":{"uv":[8,8,8.75,10],"texture":"#main"},"west":{"uv":[8.75,8,9.75,10],"texture":"#main"},"up":{"uv":[8.75,8,8,7],"texture":"#main"},"down":{"uv":[9.5,7,8.75,8],"texture":"#main"}}}],"display":{"head":{"translation":[1.25,-31.75,0],"scale":[1.22852,1.22852,1.22852]}}}