{"parent":"physical_parent","textures":{"main":"pokemon/shuppet"},"texture_size":[32,32],"elements":[{"rotation":{"origin":[1,10,15],"angle":0,"axis":"y"},"from":[5,2,5],"to":[11,7,11],"faces":{"east":{"uv":[0,8,3,10.5],"texture":"#main"},"south":{"uv":[9,9,12,11.5],"texture":"#main"},"north":{"uv":[7,0,10,2.5],"texture":"#main"},"west":{"uv":[9,6,12,8.5],"texture":"#main"},"up":{"uv":[7,3,4,0],"texture":"#main"},"down":{"uv":[9.5,3,6.5,6],"texture":"#main"}}},{"rotation":{"origin":[1,8,15],"angle":0,"axis":"y"},"from":[4,0,4],"to":[12,0,12],"faces":{"east":{"uv":[0,0,4,0],"texture":"#main"},"south":{"uv":[0,0,4,0],"texture":"#main"},"north":{"uv":[0,0,4,0],"texture":"#main"},"west":{"uv":[0,0,4,0],"texture":"#main"},"up":{"uv":[4,4,0,0],"texture":"#main"},"down":{"uv":[4,4,0,8],"texture":"#main"}}},{"rotation":{"origin":[1,14,1.5],"angle":0,"axis":"y"},"from":[8,0,5.5],"to":[8,12,10.5],"faces":{"east":{"uv":[4,4,6.5,10],"texture":"#main"},"south":{"uv":[0,0,0,6],"texture":"#main"},"north":{"uv":[0,0,0,6],"texture":"#main"},"west":{"uv":[6.5,6.5,9,12.5],"texture":"#main"},"up":{"uv":[0,2.5,0,0],"texture":"#main"},"down":{"uv":[0,0,0,2.5],"texture":"#main"}}},{"rotation":{"origin":[14.5,14,1],"angle":0,"axis":"y"},"from":[5.5,0,8],"to":[10.5,12,8],"faces":{"east":{"uv":[0,0,0,6],"texture":"#main"},"south":{"uv":[4,4,6.5,10],"texture":"#main"},"north":{"uv":[6.5,6.5,9,12.5],"texture":"#main"},"west":{"uv":[0,0,0,6],"texture":"#main"},"up":{"uv":[0,2.5,0,0],"texture":"#main","rotation":90},"down":{"uv":[0,0,0,2.5],"texture":"#main","rotation":270}}}],"display":{"head":{"translation":[0,-11,0],"scale":[1.6,1.6,1.6]}}}