{"parent":"physical_parent","textures":{"main":"pokemon/fearow_animated"},"elements":[{"from":[6,3,12.1],"to":[11,10,22.2],"faces":{"east":{"uv":[0,0,0.6875,0.4375],"texture":"#main"},"south":{"uv":[1.125,0,1.4375,0.4375],"texture":"#main"},"north":{"uv":[0.75,0,1.0625,0.4375],"texture":"#main","rotation":180},"west":{"uv":[0,0.5625,0.6875,1],"texture":"#main","rotation":180},"up":{"uv":[0,1.125,0.6875,1.5],"texture":"#main","rotation":270},"down":{"uv":[0,1.5625,0.6875,1.9375],"texture":"#main","rotation":90}}},{"rotation":{"origin":[8,8,18],"angle":-22.5,"axis":"x"},"from":[10,2,16],"to":[12,5,19],"faces":{"east":{"uv":[0.875,1.3125,1.0625,1.5],"texture":"#main"},"south":{"uv":[0.875,1.3125,1,1.5],"texture":"#main"},"north":{"uv":[0.875,1.3125,1,1.5],"texture":"#main","rotation":180},"west":{"uv":[0.875,1.3125,1.0625,1.5],"texture":"#main"},"up":{"uv":[0.875,1.3125,1,1.5],"texture":"#main","rotation":180},"down":{"uv":[0.875,1.3125,1,1.5],"texture":"#main","rotation":180}}},{"rotation":{"origin":[8,8,18],"angle":-22.5,"axis":"x"},"from":[5,-2,17],"to":[6,2,18],"faces":{"east":{"uv":[3.1875,2.0625,3.3125,2.1875],"texture":"#main"},"south":{"uv":[3.1875,2.0625,3.3125,2.1875],"texture":"#main"},"north":{"uv":[3.1875,2.0625,3.3125,2.1875],"texture":"#main"},"west":{"uv":[3.1875,2.0625,3.3125,2.1875],"texture":"#main"},"down":{"uv":[3.1875,2.0625,3.3125,2.1875],"texture":"#main"}}},{"from":[7,6,11.1],"to":[10,12,15.1],"faces":{"east":{"uv":[0.8125,0.625,1.0625,1],"texture":"#main"},"south":{"uv":[1.4375,0.625,1.625,1],"texture":"#main"},"north":{"uv":[1.4375,0.625,1.625,1],"texture":"#main"},"west":{"uv":[1.125,0.625,1.375,1],"texture":"#main"},"up":{"uv":[1.6875,0.625,1.875,0.875],"texture":"#main","rotation":180},"down":{"uv":[0,1.6875,0.25,1.9375],"texture":"#main"}}},{"from":[5,5.9,22.1],"to":[12,6,29.1],"faces":{"up":{"uv":[0,2.0625,0.4375,2.5],"texture":"#main","rotation":180},"down":{"uv":[0,2.0625,0.4375,2.5],"texture":"#main"}}},{"from":[6.5,10,-1],"to":[10.5,14,5],"faces":{"east":{"uv":[1.9375,0.625,2.3125,0.875],"texture":"#main"},"south":{"uv":[2.6875,0.9375,2.9375,1.1875],"texture":"#main"},"north":{"uv":[2.375,0.9375,2.625,1.1875],"texture":"#main"},"west":{"uv":[2.375,0.625,2.75,0.875],"texture":"#main"},"up":{"uv":[1.9375,0.9375,2.3125,1.1875],"texture":"#main","rotation":90},"down":{"uv":[1.9375,0.9375,2.3125,1.1875],"texture":"#main","rotation":90}}},{"rotation":{"origin":[16.9,0.6089637,21.06147],"angle":-22.5,"axis":"x"},"from":[10,-0.391,18.0615],"to":[11,0.609,20.0615],"faces":{"east":{"uv":[3.375,2.5,3.4375,2.6875],"texture":"#main","rotation":270},"south":{"uv":[3.1875,2.0625,3.3125,2.1875],"texture":"#main","rotation":270},"north":{"uv":[3.375,2.625,3.4375,2.6875],"texture":"#main","rotation":270},"west":{"uv":[3.375,2.5,3.4375,2.6875],"texture":"#main","rotation":90},"up":{"uv":[3.375,2.5,3.4375,2.6875],"texture":"#main","rotation":180},"down":{"uv":[3.1875,2.0625,3.3125,2.1875],"texture":"#main"}}},{"rotation":{"origin":[8,8,18],"angle":-22.5,"axis":"x"},"from":[5,2,16],"to":[7,5,19],"faces":{"east":{"uv":[0.875,1.3125,1.0625,1.5],"texture":"#main"},"south":{"uv":[0.875,1.3125,1,1.5],"texture":"#main"},"north":{"uv":[0.875,1.3125,1,1.5],"texture":"#main"},"west":{"uv":[0.875,1.3125,1.0625,1.5],"texture":"#main"},"up":{"uv":[0.875,1.3125,1,1.5],"texture":"#main","rotation":180},"down":{"uv":[0.875,1.3125,1,1.5],"texture":"#main"}}},{"rotation":{"origin":[8,8,18],"angle":-22.5,"axis":"x"},"from":[10,-2,17],"to":[11,2,18],"faces":{"east":{"uv":[3.1875,2.0625,3.3125,2.1875],"texture":"#main"},"south":{"uv":[3.1875,2.0625,3.3125,2.1875],"texture":"#main"},"north":{"uv":[3.1875,2.0625,3.3125,2.1875],"texture":"#main"},"west":{"uv":[3.1875,2.0625,3.3125,2.1875],"texture":"#main"},"down":{"uv":[3.1875,2.0625,3.3125,2.1875],"texture":"#main"}}},{"rotation":{"origin":[9.9,0.6089637,21.06147],"angle":-22.5,"axis":"x"},"from":[5,-0.391,18.0615],"to":[6,0.609,20.0615],"faces":{"east":{"uv":[3.375,2.5,3.4375,2.6875],"texture":"#main","rotation":270},"south":{"uv":[3.1875,2.0625,3.3125,2.1875],"texture":"#main","rotation":270},"north":{"uv":[3.375,2.625,3.4375,2.6875],"texture":"#main","rotation":270},"west":{"uv":[3.375,2.5,3.4375,2.6875],"texture":"#main","rotation":90},"up":{"uv":[3.375,2.5,3.4375,2.6875],"texture":"#main","rotation":180},"down":{"uv":[3.1875,2.0625,3.3125,2.1875],"texture":"#main"}}},{"rotation":{"origin":[8,4,14],"angle":22.5,"axis":"x"},"from":[7.5,8,4],"to":[9.5,10,11],"faces":{"east":{"uv":[2.0625,0.125,2.1875,0.5625],"texture":"#main","rotation":90},"west":{"uv":[2.0625,0.125,2.1875,0.5625],"texture":"#main","rotation":90},"up":{"uv":[2.25,0.125,2.375,0.5625],"texture":"#main"},"down":{"uv":[2.0625,0.125,2.1875,0.5625],"texture":"#main"}}},{"from":[9.875,8.775,15.9747],"to":[31.875,8.875,29.9747],"faces":{"up":{"uv":[1.9375,2.5625,2.875,4],"texture":"#main","rotation":90},"down":{"uv":[1.875,4,0.9375,2.5625],"texture":"#main","rotation":270}}},{"from":[8.9,14,-0.9],"to":[9,20,7.1],"faces":{"east":{"uv":[2.125,2,2.625,2.4375],"texture":"#main"},"west":{"uv":[1.5625,2,2.0625,2.4375],"texture":"#main"}}},{"rotation":{"origin":[10.9,-0.3910363,20.06147],"angle":-22.5,"axis":"x"},"from":[6,-1.391,17.0615],"to":[7,-0.3909998,20.0615],"faces":{"east":{"uv":[3.375,2.5,3.4375,2.6875],"texture":"#main","rotation":270},"south":{"uv":[3.375,2.5,3.4375,2.5625],"texture":"#main","rotation":270},"north":{"uv":[3.375,2.625,3.4375,2.6875],"texture":"#main","rotation":270},"west":{"uv":[3.375,2.5,3.4375,2.6875],"texture":"#main","rotation":90},"up":{"uv":[3.375,2.5,3.4375,2.6875],"texture":"#main","rotation":180},"down":{"uv":[3.375,2.5,3.4375,2.6875],"texture":"#main"}}},{"rotation":{"origin":[8.9,-0.3910363,20.06147],"angle":-22.5,"axis":"x"},"from":[4,-1.391,17.0615],"to":[5,-0.3909998,20.0615],"faces":{"east":{"uv":[3.375,2.5,3.4375,2.6875],"texture":"#main","rotation":270},"south":{"uv":[3.375,2.5,3.4375,2.5625],"texture":"#main","rotation":270},"north":{"uv":[3.375,2.625,3.4375,2.6875],"texture":"#main","rotation":270},"west":{"uv":[3.375,2.5,3.4375,2.6875],"texture":"#main","rotation":90},"up":{"uv":[3.375,2.5,3.4375,2.6875],"texture":"#main","rotation":180},"down":{"uv":[3.375,2.5,3.4375,2.6875],"texture":"#main"}}},{"rotation":{"origin":[13.9,-0.3910363,20.06147],"angle":-22.5,"axis":"x"},"from":[9,-1.391,17.0615],"to":[10,-0.3909998,20.0615],"faces":{"east":{"uv":[3.375,2.5,3.4375,2.6875],"texture":"#main","rotation":270},"south":{"uv":[3.375,2.5,3.4375,2.5625],"texture":"#main","rotation":270},"north":{"uv":[3.375,2.625,3.4375,2.6875],"texture":"#main","rotation":270},"west":{"uv":[3.375,2.5,3.4375,2.6875],"texture":"#main","rotation":90},"up":{"uv":[3.375,2.5,3.4375,2.6875],"texture":"#main","rotation":180},"down":{"uv":[3.375,2.5,3.4375,2.6875],"texture":"#main"}}},{"rotation":{"origin":[15.9,-0.3910363,20.06147],"angle":-22.5,"axis":"x"},"from":[11,-1.391,17.0615],"to":[12,-0.3909998,20.0615],"faces":{"east":{"uv":[3.375,2.5,3.4375,2.6875],"texture":"#main","rotation":270},"south":{"uv":[3.375,2.5,3.4375,2.5625],"texture":"#main","rotation":270},"north":{"uv":[3.375,2.625,3.4375,2.6875],"texture":"#main","rotation":270},"west":{"uv":[3.375,2.5,3.4375,2.6875],"texture":"#main","rotation":90},"up":{"uv":[3.375,2.5,3.4375,2.6875],"texture":"#main","rotation":180},"down":{"uv":[3.375,2.5,3.4375,2.6875],"texture":"#main"}}},{"from":[7.52,11.3701,0.0573],"to":[9.52,13.3701,7.0573],"faces":{"east":{"uv":[2.0625,0.125,2.1875,0.25],"texture":"#main"},"west":{"uv":[2.0625,0.125,2.1875,0.25],"texture":"#main","rotation":180},"up":{"uv":[2.0625,0.125,2.1875,0.25],"texture":"#main"},"down":{"uv":[2.0625,0.125,2.1875,0.25],"texture":"#main","rotation":90}}},{"from":[7.5,12,-10],"to":[9.5,14,-1],"faces":{"east":{"uv":[2,1.5,2.625,1.625],"texture":"#main"},"north":{"uv":[2.5,1.5,2.625,1.625],"texture":"#main"},"west":{"uv":[2,1.3125,2.625,1.4375],"texture":"#main"},"up":{"uv":[2.6875,1.5,3.3125,1.625],"texture":"#main","rotation":270},"down":{"uv":[2.6875,1.6875,3.3125,1.8125],"texture":"#main"}}},{"rotation":{"origin":[8,11,9],"angle":-22.5,"axis":"x"},"from":[7.5,14,-5],"to":[9.5,15,0],"faces":{"east":{"uv":[2,1.3125,2.3125,1.375],"texture":"#main"},"north":{"uv":[2.5,1.5,2.625,1.5625],"texture":"#main"},"west":{"uv":[2,1.3125,2.3125,1.375],"texture":"#main"},"up":{"uv":[2.6875,1.6875,3.3125,1.8125],"texture":"#main"}}},{"from":[-15.7505,8.75,15.9742],"to":[6.2495,8.85,29.9742],"faces":{"up":{"uv":[0.9375,2.5625,1.875,4],"texture":"#main","rotation":270},"down":{"uv":[2.875,4,1.9375,2.5625],"texture":"#main","rotation":90}}},{"from":[6,3,12.1],"to":[11,10,22.2],"faces":{"east":{"uv":[4,0,4.6875,0.4375],"texture":"#main"},"south":{"uv":[5.125,0,5.4375,0.4375],"texture":"#main"},"north":{"uv":[4.75,0,5.0625,0.4375],"texture":"#main","rotation":180},"west":{"uv":[4,0.5625,4.6875,1],"texture":"#main","rotation":180},"up":{"uv":[4,1.125,4.6875,1.5],"texture":"#main","rotation":270},"down":{"uv":[4,1.5625,4.6875,1.9375],"texture":"#main","rotation":90}}},{"rotation":{"origin":[8,8,18],"angle":-22.5,"axis":"x"},"from":[10,2,16],"to":[12,5,19],"faces":{"east":{"uv":[4.875,1.3125,5.0625,1.5],"texture":"#main"},"south":{"uv":[4.875,1.3125,5,1.5],"texture":"#main"},"north":{"uv":[4.875,1.3125,5,1.5],"texture":"#main","rotation":180},"west":{"uv":[4.875,1.3125,5.0625,1.5],"texture":"#main"},"up":{"uv":[4.875,1.3125,5,1.5],"texture":"#main","rotation":180},"down":{"uv":[4.875,1.3125,5,1.5],"texture":"#main","rotation":180}}},{"rotation":{"origin":[8,8,18],"angle":-22.5,"axis":"x"},"from":[5,-2,17],"to":[6,2,18],"faces":{"east":{"uv":[7.1875,2.0625,7.3125,2.1875],"texture":"#main"},"south":{"uv":[7.1875,2.0625,7.3125,2.1875],"texture":"#main"},"north":{"uv":[7.1875,2.0625,7.3125,2.1875],"texture":"#main"},"west":{"uv":[7.1875,2.0625,7.3125,2.1875],"texture":"#main"},"down":{"uv":[7.1875,2.0625,7.3125,2.1875],"texture":"#main"}}},{"from":[7,6,11.1],"to":[10,12,15.1],"faces":{"east":{"uv":[4.8125,0.625,5.0625,1],"texture":"#main"},"south":{"uv":[5.4375,0.625,5.625,1],"texture":"#main"},"north":{"uv":[5.4375,0.625,5.625,1],"texture":"#main"},"west":{"uv":[5.125,0.625,5.375,1],"texture":"#main"},"up":{"uv":[5.6875,0.625,5.875,0.875],"texture":"#main","rotation":180},"down":{"uv":[4,1.6875,4.25,1.9375],"texture":"#main"}}},{"from":[5,5.9,22.1],"to":[12,6,29.1],"faces":{"up":{"uv":[4,2.0625,4.4375,2.5],"texture":"#main","rotation":180},"down":{"uv":[4,2.0625,4.4375,2.5],"texture":"#main"}}},{"from":[6.5,10,-1],"to":[10.5,14,5],"faces":{"east":{"uv":[5.9375,0.625,6.3125,0.875],"texture":"#main"},"south":{"uv":[6.6875,0.9375,6.9375,1.1875],"texture":"#main"},"north":{"uv":[6.375,0.9375,6.625,1.1875],"texture":"#main"},"west":{"uv":[6.375,0.625,6.75,0.875],"texture":"#main"},"up":{"uv":[5.9375,0.9375,6.3125,1.1875],"texture":"#main","rotation":90},"down":{"uv":[5.9375,0.9375,6.3125,1.1875],"texture":"#main","rotation":90}}},{"rotation":{"origin":[16.9,0.6089637,21.06147],"angle":-22.5,"axis":"x"},"from":[10,-0.391,18.0615],"to":[11,0.609,20.0615],"faces":{"east":{"uv":[7.375,2.5,7.4375,2.6875],"texture":"#main","rotation":270},"south":{"uv":[7.1875,2.0625,7.3125,2.1875],"texture":"#main","rotation":270},"north":{"uv":[7.375,2.625,7.4375,2.6875],"texture":"#main","rotation":270},"west":{"uv":[7.375,2.5,7.4375,2.6875],"texture":"#main","rotation":90},"up":{"uv":[7.375,2.5,7.4375,2.6875],"texture":"#main","rotation":180},"down":{"uv":[7.1875,2.0625,7.3125,2.1875],"texture":"#main"}}},{"rotation":{"origin":[8,8,18],"angle":-22.5,"axis":"x"},"from":[5,2,16],"to":[7,5,19],"faces":{"east":{"uv":[4.875,1.3125,5.0625,1.5],"texture":"#main"},"south":{"uv":[4.875,1.3125,5,1.5],"texture":"#main"},"north":{"uv":[4.875,1.3125,5,1.5],"texture":"#main"},"west":{"uv":[4.875,1.3125,5.0625,1.5],"texture":"#main"},"up":{"uv":[4.875,1.3125,5,1.5],"texture":"#main","rotation":180},"down":{"uv":[4.875,1.3125,5,1.5],"texture":"#main"}}},{"rotation":{"origin":[8,8,18],"angle":-22.5,"axis":"x"},"from":[10,-2,17],"to":[11,2,18],"faces":{"east":{"uv":[7.1875,2.0625,7.3125,2.1875],"texture":"#main"},"south":{"uv":[7.1875,2.0625,7.3125,2.1875],"texture":"#main"},"north":{"uv":[7.1875,2.0625,7.3125,2.1875],"texture":"#main"},"west":{"uv":[7.1875,2.0625,7.3125,2.1875],"texture":"#main"},"down":{"uv":[7.1875,2.0625,7.3125,2.1875],"texture":"#main"}}},{"rotation":{"origin":[9.9,0.6089637,21.06147],"angle":-22.5,"axis":"x"},"from":[5,-0.391,18.0615],"to":[6,0.609,20.0615],"faces":{"east":{"uv":[7.375,2.5,7.4375,2.6875],"texture":"#main","rotation":270},"south":{"uv":[7.1875,2.0625,7.3125,2.1875],"texture":"#main","rotation":270},"north":{"uv":[7.375,2.625,7.4375,2.6875],"texture":"#main","rotation":270},"west":{"uv":[7.375,2.5,7.4375,2.6875],"texture":"#main","rotation":90},"up":{"uv":[7.375,2.5,7.4375,2.6875],"texture":"#main","rotation":180},"down":{"uv":[7.1875,2.0625,7.3125,2.1875],"texture":"#main"}}},{"rotation":{"origin":[8,4,14],"angle":22.5,"axis":"x"},"from":[7.5,8,4],"to":[9.5,10,11],"faces":{"east":{"uv":[6.0625,0.125,6.1875,0.5625],"texture":"#main","rotation":90},"west":{"uv":[6.0625,0.125,6.1875,0.5625],"texture":"#main","rotation":90},"up":{"uv":[6.25,0.125,6.375,0.5625],"texture":"#main"},"down":{"uv":[6.0625,0.125,6.1875,0.5625],"texture":"#main"}}},{"rotation":{"origin":[9.875,8.775,15.9747],"angle":45,"axis":"z"},"from":[9.875,8.775,15.9747],"to":[31.875,8.875,29.9747],"faces":{"up":{"uv":[5.9375,2.5625,6.875,4],"texture":"#main","rotation":90},"down":{"uv":[5.875,4,4.9375,2.5625],"texture":"#main","rotation":270}}},{"from":[8.9,14,-0.9],"to":[9,20,7.1],"faces":{"east":{"uv":[6.125,2,6.625,2.4375],"texture":"#main"},"west":{"uv":[5.5625,2,6.0625,2.4375],"texture":"#main"}}},{"rotation":{"origin":[10.9,-0.3910363,20.06147],"angle":-22.5,"axis":"x"},"from":[6,-1.391,17.0615],"to":[7,-0.3909997,20.0615],"faces":{"east":{"uv":[7.375,2.5,7.4375,2.6875],"texture":"#main","rotation":270},"south":{"uv":[7.375,2.5,7.4375,2.5625],"texture":"#main","rotation":270},"north":{"uv":[7.375,2.625,7.4375,2.6875],"texture":"#main","rotation":270},"west":{"uv":[7.375,2.5,7.4375,2.6875],"texture":"#main","rotation":90},"up":{"uv":[7.375,2.5,7.4375,2.6875],"texture":"#main","rotation":180},"down":{"uv":[7.375,2.5,7.4375,2.6875],"texture":"#main"}}},{"rotation":{"origin":[8.9,-0.3910363,20.06147],"angle":-22.5,"axis":"x"},"from":[4,-1.391,17.0615],"to":[5,-0.3909997,20.0615],"faces":{"east":{"uv":[7.375,2.5,7.4375,2.6875],"texture":"#main","rotation":270},"south":{"uv":[7.375,2.5,7.4375,2.5625],"texture":"#main","rotation":270},"north":{"uv":[7.375,2.625,7.4375,2.6875],"texture":"#main","rotation":270},"west":{"uv":[7.375,2.5,7.4375,2.6875],"texture":"#main","rotation":90},"up":{"uv":[7.375,2.5,7.4375,2.6875],"texture":"#main","rotation":180},"down":{"uv":[7.375,2.5,7.4375,2.6875],"texture":"#main"}}},{"rotation":{"origin":[13.9,-0.3910363,20.06147],"angle":-22.5,"axis":"x"},"from":[9,-1.391,17.0615],"to":[10,-0.3909997,20.0615],"faces":{"east":{"uv":[7.375,2.5,7.4375,2.6875],"texture":"#main","rotation":270},"south":{"uv":[7.375,2.5,7.4375,2.5625],"texture":"#main","rotation":270},"north":{"uv":[7.375,2.625,7.4375,2.6875],"texture":"#main","rotation":270},"west":{"uv":[7.375,2.5,7.4375,2.6875],"texture":"#main","rotation":90},"up":{"uv":[7.375,2.5,7.4375,2.6875],"texture":"#main","rotation":180},"down":{"uv":[7.375,2.5,7.4375,2.6875],"texture":"#main"}}},{"rotation":{"origin":[15.9,-0.3910363,20.06147],"angle":-22.5,"axis":"x"},"from":[11,-1.391,17.0615],"to":[12,-0.3909997,20.0615],"faces":{"east":{"uv":[7.375,2.5,7.4375,2.6875],"texture":"#main","rotation":270},"south":{"uv":[7.375,2.5,7.4375,2.5625],"texture":"#main","rotation":270},"north":{"uv":[7.375,2.625,7.4375,2.6875],"texture":"#main","rotation":270},"west":{"uv":[7.375,2.5,7.4375,2.6875],"texture":"#main","rotation":90},"up":{"uv":[7.375,2.5,7.4375,2.6875],"texture":"#main","rotation":180},"down":{"uv":[7.375,2.5,7.4375,2.6875],"texture":"#main"}}},{"from":[7.52,11.3701,0.0573],"to":[9.52,13.3701,7.0573],"faces":{"east":{"uv":[6.0625,0.125,6.1875,0.25],"texture":"#main"},"west":{"uv":[6.0625,0.125,6.1875,0.25],"texture":"#main","rotation":180},"up":{"uv":[6.0625,0.125,6.1875,0.25],"texture":"#main"},"down":{"uv":[6.0625,0.125,6.1875,0.25],"texture":"#main","rotation":90}}},{"from":[7.5,12,-10],"to":[9.5,14,-1],"faces":{"east":{"uv":[6,1.5,6.625,1.625],"texture":"#main"},"north":{"uv":[6.5,1.5,6.625,1.625],"texture":"#main"},"west":{"uv":[6,1.3125,6.625,1.4375],"texture":"#main"},"up":{"uv":[6.6875,1.5,7.3125,1.625],"texture":"#main","rotation":270},"down":{"uv":[6.6875,1.6875,7.3125,1.8125],"texture":"#main"}}},{"rotation":{"origin":[8,11,9],"angle":-22.5,"axis":"x"},"from":[7.5,14,-5],"to":[9.5,15,0],"faces":{"east":{"uv":[6,1.3125,6.3125,1.375],"texture":"#main"},"north":{"uv":[6.5,1.5,6.625,1.5625],"texture":"#main"},"west":{"uv":[6,1.3125,6.3125,1.375],"texture":"#main"},"up":{"uv":[6.6875,1.6875,7.3125,1.8125],"texture":"#main"}}},{"rotation":{"origin":[-8.75,24.5,16],"angle":-45,"axis":"z"},"from":[-8.75,24.5,16],"to":[13.25,24.6,30],"faces":{"up":{"uv":[4.9375,2.5625,5.875,4],"texture":"#main","rotation":270},"down":{"uv":[6.875,4,5.9375,2.5625],"texture":"#main","rotation":90}}},{"from":[6,3,12.1],"to":[11,10,22.2],"faces":{"east":{"uv":[8,0,8.6875,0.4375],"texture":"#main"},"south":{"uv":[9.125,0,9.4375,0.4375],"texture":"#main"},"north":{"uv":[8.75,0,9.0625,0.4375],"texture":"#main","rotation":180},"west":{"uv":[8,0.5625,8.6875,1],"texture":"#main","rotation":180},"up":{"uv":[8,1.125,8.6875,1.5],"texture":"#main","rotation":270},"down":{"uv":[8,1.5625,8.6875,1.9375],"texture":"#main","rotation":90}}},{"rotation":{"origin":[8,8,18],"angle":-22.5,"axis":"x"},"from":[10,2,16],"to":[12,5,19],"faces":{"east":{"uv":[8.875,1.3125,9.0625,1.5],"texture":"#main"},"south":{"uv":[8.875,1.3125,9,1.5],"texture":"#main"},"north":{"uv":[8.875,1.3125,9,1.5],"texture":"#main","rotation":180},"west":{"uv":[8.875,1.3125,9.0625,1.5],"texture":"#main"},"up":{"uv":[8.875,1.3125,9,1.5],"texture":"#main","rotation":180},"down":{"uv":[8.875,1.3125,9,1.5],"texture":"#main","rotation":180}}},{"rotation":{"origin":[8,8,18],"angle":-22.5,"axis":"x"},"from":[5,-2,17],"to":[6,2,18],"faces":{"east":{"uv":[11.1875,2.0625,11.3125,2.1875],"texture":"#main"},"south":{"uv":[11.1875,2.0625,11.3125,2.1875],"texture":"#main"},"north":{"uv":[11.1875,2.0625,11.3125,2.1875],"texture":"#main"},"west":{"uv":[11.1875,2.0625,11.3125,2.1875],"texture":"#main"},"down":{"uv":[11.1875,2.0625,11.3125,2.1875],"texture":"#main"}}},{"from":[7,6,11.1],"to":[10,12,15.1],"faces":{"east":{"uv":[8.8125,0.625,9.0625,1],"texture":"#main"},"south":{"uv":[9.4375,0.625,9.625,1],"texture":"#main"},"north":{"uv":[9.4375,0.625,9.625,1],"texture":"#main"},"west":{"uv":[9.125,0.625,9.375,1],"texture":"#main"},"up":{"uv":[9.6875,0.625,9.875,0.875],"texture":"#main","rotation":180},"down":{"uv":[8,1.6875,8.25,1.9375],"texture":"#main"}}},{"from":[5,5.9,22.1],"to":[12,6,29.1],"faces":{"up":{"uv":[8,2.0625,8.4375,2.5],"texture":"#main","rotation":180},"down":{"uv":[8,2.0625,8.4375,2.5],"texture":"#main"}}},{"from":[6.5,10,-1],"to":[10.5,14,5],"faces":{"east":{"uv":[9.9375,0.625,10.3125,0.875],"texture":"#main"},"south":{"uv":[10.6875,0.9375,10.9375,1.1875],"texture":"#main"},"north":{"uv":[10.375,0.9375,10.625,1.1875],"texture":"#main"},"west":{"uv":[10.375,0.625,10.75,0.875],"texture":"#main"},"up":{"uv":[9.9375,0.9375,10.3125,1.1875],"texture":"#main","rotation":90},"down":{"uv":[9.9375,0.9375,10.3125,1.1875],"texture":"#main","rotation":90}}},{"rotation":{"origin":[16.9,0.6089637,21.06147],"angle":-22.5,"axis":"x"},"from":[10,-0.391,18.0615],"to":[11,0.609,20.0615],"faces":{"east":{"uv":[11.375,2.5,11.4375,2.6875],"texture":"#main","rotation":270},"south":{"uv":[11.1875,2.0625,11.3125,2.1875],"texture":"#main","rotation":270},"north":{"uv":[11.375,2.625,11.4375,2.6875],"texture":"#main","rotation":270},"west":{"uv":[11.375,2.5,11.4375,2.6875],"texture":"#main","rotation":90},"up":{"uv":[11.375,2.5,11.4375,2.6875],"texture":"#main","rotation":180},"down":{"uv":[11.1875,2.0625,11.3125,2.1875],"texture":"#main"}}},{"rotation":{"origin":[8,8,18],"angle":-22.5,"axis":"x"},"from":[5,2,16],"to":[7,5,19],"faces":{"east":{"uv":[8.875,1.3125,9.0625,1.5],"texture":"#main"},"south":{"uv":[8.875,1.3125,9,1.5],"texture":"#main"},"north":{"uv":[8.875,1.3125,9,1.5],"texture":"#main"},"west":{"uv":[8.875,1.3125,9.0625,1.5],"texture":"#main"},"up":{"uv":[8.875,1.3125,9,1.5],"texture":"#main","rotation":180},"down":{"uv":[8.875,1.3125,9,1.5],"texture":"#main"}}},{"rotation":{"origin":[8,8,18],"angle":-22.5,"axis":"x"},"from":[10,-2,17],"to":[11,2,18],"faces":{"east":{"uv":[11.1875,2.0625,11.3125,2.1875],"texture":"#main"},"south":{"uv":[11.1875,2.0625,11.3125,2.1875],"texture":"#main"},"north":{"uv":[11.1875,2.0625,11.3125,2.1875],"texture":"#main"},"west":{"uv":[11.1875,2.0625,11.3125,2.1875],"texture":"#main"},"down":{"uv":[11.1875,2.0625,11.3125,2.1875],"texture":"#main"}}},{"rotation":{"origin":[9.9,0.6089637,21.06147],"angle":-22.5,"axis":"x"},"from":[5,-0.391,18.0615],"to":[6,0.609,20.0615],"faces":{"east":{"uv":[11.375,2.5,11.4375,2.6875],"texture":"#main","rotation":270},"south":{"uv":[11.1875,2.0625,11.3125,2.1875],"texture":"#main","rotation":270},"north":{"uv":[11.375,2.625,11.4375,2.6875],"texture":"#main","rotation":270},"west":{"uv":[11.375,2.5,11.4375,2.6875],"texture":"#main","rotation":90},"up":{"uv":[11.375,2.5,11.4375,2.6875],"texture":"#main","rotation":180},"down":{"uv":[11.1875,2.0625,11.3125,2.1875],"texture":"#main"}}},{"rotation":{"origin":[8,4,14],"angle":22.5,"axis":"x"},"from":[7.5,8,4],"to":[9.5,10,11],"faces":{"east":{"uv":[10.0625,0.125,10.1875,0.5625],"texture":"#main","rotation":90},"west":{"uv":[10.0625,0.125,10.1875,0.5625],"texture":"#main","rotation":90},"up":{"uv":[10.25,0.125,10.375,0.5625],"texture":"#main"},"down":{"uv":[10.0625,0.125,10.1875,0.5625],"texture":"#main"}}},{"rotation":{"origin":[10,11,20.9],"angle":45,"axis":"y"},"from":[14,8,18],"to":[14.1,30,32],"faces":{"east":{"uv":[8.9375,2.5625,9.875,4],"texture":"#main"},"west":{"uv":[9.9375,2.5625,10.875,4],"texture":"#main"}}},{"from":[8.9,14,-0.9],"to":[9,20,7.1],"faces":{"east":{"uv":[10.125,2,10.625,2.4375],"texture":"#main"},"west":{"uv":[9.5625,2,10.0625,2.4375],"texture":"#main"}}},{"rotation":{"origin":[10.9,-0.3910363,20.06147],"angle":-22.5,"axis":"x"},"from":[6,-1.391,17.0615],"to":[7,-0.3909999,20.0615],"faces":{"east":{"uv":[11.375,2.5,11.4375,2.6875],"texture":"#main","rotation":270},"south":{"uv":[11.375,2.5,11.4375,2.5625],"texture":"#main","rotation":270},"north":{"uv":[11.375,2.625,11.4375,2.6875],"texture":"#main","rotation":270},"west":{"uv":[11.375,2.5,11.4375,2.6875],"texture":"#main","rotation":90},"up":{"uv":[11.375,2.5,11.4375,2.6875],"texture":"#main","rotation":180},"down":{"uv":[11.375,2.5,11.4375,2.6875],"texture":"#main"}}},{"rotation":{"origin":[8.9,-0.3910363,20.06147],"angle":-22.5,"axis":"x"},"from":[4,-1.391,17.0615],"to":[5,-0.3909999,20.0615],"faces":{"east":{"uv":[11.375,2.5,11.4375,2.6875],"texture":"#main","rotation":270},"south":{"uv":[11.375,2.5,11.4375,2.5625],"texture":"#main","rotation":270},"north":{"uv":[11.375,2.625,11.4375,2.6875],"texture":"#main","rotation":270},"west":{"uv":[11.375,2.5,11.4375,2.6875],"texture":"#main","rotation":90},"up":{"uv":[11.375,2.5,11.4375,2.6875],"texture":"#main","rotation":180},"down":{"uv":[11.375,2.5,11.4375,2.6875],"texture":"#main"}}},{"rotation":{"origin":[13.9,-0.3910363,20.06147],"angle":-22.5,"axis":"x"},"from":[9,-1.391,17.0615],"to":[10,-0.3909999,20.0615],"faces":{"east":{"uv":[11.375,2.5,11.4375,2.6875],"texture":"#main","rotation":270},"south":{"uv":[11.375,2.5,11.4375,2.5625],"texture":"#main","rotation":270},"north":{"uv":[11.375,2.625,11.4375,2.6875],"texture":"#main","rotation":270},"west":{"uv":[11.375,2.5,11.4375,2.6875],"texture":"#main","rotation":90},"up":{"uv":[11.375,2.5,11.4375,2.6875],"texture":"#main","rotation":180},"down":{"uv":[11.375,2.5,11.4375,2.6875],"texture":"#main"}}},{"rotation":{"origin":[15.9,-0.3910363,20.06147],"angle":-22.5,"axis":"x"},"from":[11,-1.391,17.0615],"to":[12,-0.3909999,20.0615],"faces":{"east":{"uv":[11.375,2.5,11.4375,2.6875],"texture":"#main","rotation":270},"south":{"uv":[11.375,2.5,11.4375,2.5625],"texture":"#main","rotation":270},"north":{"uv":[11.375,2.625,11.4375,2.6875],"texture":"#main","rotation":270},"west":{"uv":[11.375,2.5,11.4375,2.6875],"texture":"#main","rotation":90},"up":{"uv":[11.375,2.5,11.4375,2.6875],"texture":"#main","rotation":180},"down":{"uv":[11.375,2.5,11.4375,2.6875],"texture":"#main"}}},{"from":[7.52,11.3701,0.0573],"to":[9.52,13.3701,7.0573],"faces":{"east":{"uv":[10.0625,0.125,10.1875,0.25],"texture":"#main"},"west":{"uv":[10.0625,0.125,10.1875,0.25],"texture":"#main","rotation":180},"up":{"uv":[10.0625,0.125,10.1875,0.25],"texture":"#main"},"down":{"uv":[10.0625,0.125,10.1875,0.25],"texture":"#main","rotation":90}}},{"from":[7.5,12,-10],"to":[9.5,14,-1],"faces":{"east":{"uv":[10,1.5,10.625,1.625],"texture":"#main"},"north":{"uv":[10.5,1.5,10.625,1.625],"texture":"#main"},"west":{"uv":[10,1.3125,10.625,1.4375],"texture":"#main"},"up":{"uv":[10.6875,1.5,11.3125,1.625],"texture":"#main","rotation":270},"down":{"uv":[10.6875,1.6875,11.3125,1.8125],"texture":"#main"}}},{"rotation":{"origin":[8,11,9],"angle":-22.5,"axis":"x"},"from":[7.5,14,-5],"to":[9.5,15,0],"faces":{"east":{"uv":[10,1.3125,10.3125,1.375],"texture":"#main"},"north":{"uv":[10.5,1.5,10.625,1.5625],"texture":"#main"},"west":{"uv":[10,1.3125,10.3125,1.375],"texture":"#main"},"up":{"uv":[10.6875,1.6875,11.3125,1.8125],"texture":"#main"}}},{"rotation":{"origin":[2,11,14.9],"angle":-45,"axis":"y"},"from":[6,8,12],"to":[6.1,30,26],"faces":{"east":{"uv":[8.9375,2.5625,9.875,4],"texture":"#main"},"west":{"uv":[9.9375,2.5625,10.875,4],"texture":"#main"}}},{"from":[6,3,12.1],"to":[11,10,22.2],"faces":{"east":{"uv":[12,0,12.6875,0.4375],"texture":"#main"},"south":{"uv":[13.125,0,13.4375,0.4375],"texture":"#main"},"north":{"uv":[12.75,0,13.0625,0.4375],"texture":"#main","rotation":180},"west":{"uv":[12,0.5625,12.6875,1],"texture":"#main","rotation":180},"up":{"uv":[12,1.125,12.6875,1.5],"texture":"#main","rotation":270},"down":{"uv":[12,1.5625,12.6875,1.9375],"texture":"#main","rotation":90}}},{"rotation":{"origin":[8,8,18],"angle":-22.5,"axis":"x"},"from":[10,2,16],"to":[12,5,19],"faces":{"east":{"uv":[12.875,1.3125,13.0625,1.5],"texture":"#main"},"south":{"uv":[12.875,1.3125,13,1.5],"texture":"#main"},"north":{"uv":[12.875,1.3125,13,1.5],"texture":"#main","rotation":180},"west":{"uv":[12.875,1.3125,13.0625,1.5],"texture":"#main"},"up":{"uv":[12.875,1.3125,13,1.5],"texture":"#main","rotation":180},"down":{"uv":[12.875,1.3125,13,1.5],"texture":"#main","rotation":180}}},{"rotation":{"origin":[8,8,18],"angle":-22.5,"axis":"x"},"from":[5,-2,17],"to":[6,2,18],"faces":{"east":{"uv":[15.1875,2.0625,15.3125,2.1875],"texture":"#main"},"south":{"uv":[15.1875,2.0625,15.3125,2.1875],"texture":"#main"},"north":{"uv":[15.1875,2.0625,15.3125,2.1875],"texture":"#main"},"west":{"uv":[15.1875,2.0625,15.3125,2.1875],"texture":"#main"},"down":{"uv":[15.1875,2.0625,15.3125,2.1875],"texture":"#main"}}},{"from":[7,6,11.1],"to":[10,12,15.1],"faces":{"east":{"uv":[12.8125,0.625,13.0625,1],"texture":"#main"},"south":{"uv":[13.4375,0.625,13.625,1],"texture":"#main"},"north":{"uv":[13.4375,0.625,13.625,1],"texture":"#main"},"west":{"uv":[13.125,0.625,13.375,1],"texture":"#main"},"up":{"uv":[13.6875,0.625,13.875,0.875],"texture":"#main","rotation":180},"down":{"uv":[12,1.6875,12.25,1.9375],"texture":"#main"}}},{"from":[5,5.9,22.1],"to":[12,6,29.1],"faces":{"up":{"uv":[12,2.0625,12.4375,2.5],"texture":"#main","rotation":180},"down":{"uv":[12,2.0625,12.4375,2.5],"texture":"#main"}}},{"from":[6.5,10,-1],"to":[10.5,14,5],"faces":{"east":{"uv":[13.9375,0.625,14.3125,0.875],"texture":"#main"},"south":{"uv":[14.6875,0.9375,14.9375,1.1875],"texture":"#main"},"north":{"uv":[14.375,0.9375,14.625,1.1875],"texture":"#main"},"west":{"uv":[14.375,0.625,14.75,0.875],"texture":"#main"},"up":{"uv":[13.9375,0.9375,14.3125,1.1875],"texture":"#main","rotation":90},"down":{"uv":[13.9375,0.9375,14.3125,1.1875],"texture":"#main","rotation":90}}},{"rotation":{"origin":[16.9,0.6089637,21.06147],"angle":-22.5,"axis":"x"},"from":[10,-0.391,18.0615],"to":[11,0.609,20.0615],"faces":{"east":{"uv":[15.375,2.5,15.4375,2.6875],"texture":"#main","rotation":270},"south":{"uv":[15.1875,2.0625,15.3125,2.1875],"texture":"#main","rotation":270},"north":{"uv":[15.375,2.625,15.4375,2.6875],"texture":"#main","rotation":270},"west":{"uv":[15.375,2.5,15.4375,2.6875],"texture":"#main","rotation":90},"up":{"uv":[15.375,2.5,15.4375,2.6875],"texture":"#main","rotation":180},"down":{"uv":[15.1875,2.0625,15.3125,2.1875],"texture":"#main"}}},{"rotation":{"origin":[8,8,18],"angle":-22.5,"axis":"x"},"from":[5,2,16],"to":[7,5,19],"faces":{"east":{"uv":[12.875,1.3125,13.0625,1.5],"texture":"#main"},"south":{"uv":[12.875,1.3125,13,1.5],"texture":"#main"},"north":{"uv":[12.875,1.3125,13,1.5],"texture":"#main"},"west":{"uv":[12.875,1.3125,13.0625,1.5],"texture":"#main"},"up":{"uv":[12.875,1.3125,13,1.5],"texture":"#main","rotation":180},"down":{"uv":[12.875,1.3125,13,1.5],"texture":"#main"}}},{"rotation":{"origin":[8,8,18],"angle":-22.5,"axis":"x"},"from":[10,-2,17],"to":[11,2,18],"faces":{"east":{"uv":[15.1875,2.0625,15.3125,2.1875],"texture":"#main"},"south":{"uv":[15.1875,2.0625,15.3125,2.1875],"texture":"#main"},"north":{"uv":[15.1875,2.0625,15.3125,2.1875],"texture":"#main"},"west":{"uv":[15.1875,2.0625,15.3125,2.1875],"texture":"#main"},"down":{"uv":[15.1875,2.0625,15.3125,2.1875],"texture":"#main"}}},{"rotation":{"origin":[9.9,0.6089637,21.06147],"angle":-22.5,"axis":"x"},"from":[5,-0.391,18.0615],"to":[6,0.609,20.0615],"faces":{"east":{"uv":[15.375,2.5,15.4375,2.6875],"texture":"#main","rotation":270},"south":{"uv":[15.1875,2.0625,15.3125,2.1875],"texture":"#main","rotation":270},"north":{"uv":[15.375,2.625,15.4375,2.6875],"texture":"#main","rotation":270},"west":{"uv":[15.375,2.5,15.4375,2.6875],"texture":"#main","rotation":90},"up":{"uv":[15.375,2.5,15.4375,2.6875],"texture":"#main","rotation":180},"down":{"uv":[15.1875,2.0625,15.3125,2.1875],"texture":"#main"}}},{"rotation":{"origin":[8,4,14],"angle":22.5,"axis":"x"},"from":[7.5,8,4],"to":[9.5,10,11],"faces":{"east":{"uv":[14.0625,0.125,14.1875,0.5625],"texture":"#main","rotation":90},"west":{"uv":[14.0625,0.125,14.1875,0.5625],"texture":"#main","rotation":90},"up":{"uv":[14.25,0.125,14.375,0.5625],"texture":"#main"},"down":{"uv":[14.0625,0.125,14.1875,0.5625],"texture":"#main"}}},{"rotation":{"origin":[9.875,8.775,15.9747],"angle":-22.5,"axis":"z"},"from":[9.875,8.775,15.9747],"to":[31.875,8.875,29.9747],"faces":{"up":{"uv":[13.9375,2.5625,14.875,4],"texture":"#main","rotation":90},"down":{"uv":[13.875,4,12.9375,2.5625],"texture":"#main","rotation":270}}},{"from":[8.9,14,-0.9],"to":[9,20,7.1],"faces":{"east":{"uv":[14.125,2,14.625,2.4375],"texture":"#main"},"west":{"uv":[13.5625,2,14.0625,2.4375],"texture":"#main"}}},{"rotation":{"origin":[10.9,-0.3910363,20.06147],"angle":-22.5,"axis":"x"},"from":[6,-1.391,17.0615],"to":[7,-0.3909996,20.0615],"faces":{"east":{"uv":[15.375,2.5,15.4375,2.6875],"texture":"#main","rotation":270},"south":{"uv":[15.375,2.5,15.4375,2.5625],"texture":"#main","rotation":270},"north":{"uv":[15.375,2.625,15.4375,2.6875],"texture":"#main","rotation":270},"west":{"uv":[15.375,2.5,15.4375,2.6875],"texture":"#main","rotation":90},"up":{"uv":[15.375,2.5,15.4375,2.6875],"texture":"#main","rotation":180},"down":{"uv":[15.375,2.5,15.4375,2.6875],"texture":"#main"}}},{"rotation":{"origin":[8.9,-0.3910363,20.06147],"angle":-22.5,"axis":"x"},"from":[4,-1.391,17.0615],"to":[5,-0.3909996,20.0615],"faces":{"east":{"uv":[15.375,2.5,15.4375,2.6875],"texture":"#main","rotation":270},"south":{"uv":[15.375,2.5,15.4375,2.5625],"texture":"#main","rotation":270},"north":{"uv":[15.375,2.625,15.4375,2.6875],"texture":"#main","rotation":270},"west":{"uv":[15.375,2.5,15.4375,2.6875],"texture":"#main","rotation":90},"up":{"uv":[15.375,2.5,15.4375,2.6875],"texture":"#main","rotation":180},"down":{"uv":[15.375,2.5,15.4375,2.6875],"texture":"#main"}}},{"rotation":{"origin":[13.9,-0.3910363,20.06147],"angle":-22.5,"axis":"x"},"from":[9,-1.391,17.0615],"to":[10,-0.3909996,20.0615],"faces":{"east":{"uv":[15.375,2.5,15.4375,2.6875],"texture":"#main","rotation":270},"south":{"uv":[15.375,2.5,15.4375,2.5625],"texture":"#main","rotation":270},"north":{"uv":[15.375,2.625,15.4375,2.6875],"texture":"#main","rotation":270},"west":{"uv":[15.375,2.5,15.4375,2.6875],"texture":"#main","rotation":90},"up":{"uv":[15.375,2.5,15.4375,2.6875],"texture":"#main","rotation":180},"down":{"uv":[15.375,2.5,15.4375,2.6875],"texture":"#main"}}},{"rotation":{"origin":[15.9,-0.3910363,20.06147],"angle":-22.5,"axis":"x"},"from":[11,-1.391,17.0615],"to":[12,-0.3909996,20.0615],"faces":{"east":{"uv":[15.375,2.5,15.4375,2.6875],"texture":"#main","rotation":270},"south":{"uv":[15.375,2.5,15.4375,2.5625],"texture":"#main","rotation":270},"north":{"uv":[15.375,2.625,15.4375,2.6875],"texture":"#main","rotation":270},"west":{"uv":[15.375,2.5,15.4375,2.6875],"texture":"#main","rotation":90},"up":{"uv":[15.375,2.5,15.4375,2.6875],"texture":"#main","rotation":180},"down":{"uv":[15.375,2.5,15.4375,2.6875],"texture":"#main"}}},{"from":[7.52,11.3701,0.0573],"to":[9.52,13.3701,7.0573],"faces":{"east":{"uv":[14.0625,0.125,14.1875,0.25],"texture":"#main"},"west":{"uv":[14.0625,0.125,14.1875,0.25],"texture":"#main","rotation":180},"up":{"uv":[14.0625,0.125,14.1875,0.25],"texture":"#main"},"down":{"uv":[14.0625,0.125,14.1875,0.25],"texture":"#main","rotation":90}}},{"from":[7.5,12,-10],"to":[9.5,14,-1],"faces":{"east":{"uv":[14,1.5,14.625,1.625],"texture":"#main"},"north":{"uv":[14.5,1.5,14.625,1.625],"texture":"#main"},"west":{"uv":[14,1.3125,14.625,1.4375],"texture":"#main"},"up":{"uv":[14.6875,1.5,15.3125,1.625],"texture":"#main","rotation":270},"down":{"uv":[14.6875,1.6875,15.3125,1.8125],"texture":"#main"}}},{"rotation":{"origin":[8,11,9],"angle":-22.5,"axis":"x"},"from":[7.5,14,-5],"to":[9.5,15,0],"faces":{"east":{"uv":[14,1.3125,14.3125,1.375],"texture":"#main"},"north":{"uv":[14.5,1.5,14.625,1.5625],"texture":"#main"},"west":{"uv":[14,1.3125,14.3125,1.375],"texture":"#main"},"up":{"uv":[14.6875,1.6875,15.3125,1.8125],"texture":"#main"}}},{"rotation":{"origin":[-14,0,16],"angle":22.5,"axis":"z"},"from":[-14,0,16],"to":[8,0.1,30],"faces":{"up":{"uv":[12.9375,2.5625,13.875,4],"texture":"#main","rotation":270},"down":{"uv":[14.875,4,13.9375,2.5625],"texture":"#main","rotation":90}}},{"from":[6,3,12.1],"to":[11,10,22.2],"faces":{"east":{"uv":[0,4,0.6875,4.4375],"texture":"#main"},"south":{"uv":[1.125,4,1.4375,4.4375],"texture":"#main"},"north":{"uv":[0.75,4,1.0625,4.4375],"texture":"#main","rotation":180},"west":{"uv":[0,4.5625,0.6875,5],"texture":"#main","rotation":180},"up":{"uv":[0,5.125,0.6875,5.5],"texture":"#main","rotation":270},"down":{"uv":[0,5.5625,0.6875,5.9375],"texture":"#main","rotation":90}}},{"rotation":{"origin":[8,8,18],"angle":-22.5,"axis":"x"},"from":[10,2,16],"to":[12,5,19],"faces":{"east":{"uv":[0.875,5.3125,1.0625,5.5],"texture":"#main"},"south":{"uv":[0.875,5.3125,1,5.5],"texture":"#main"},"north":{"uv":[0.875,5.3125,1,5.5],"texture":"#main","rotation":180},"west":{"uv":[0.875,5.3125,1.0625,5.5],"texture":"#main"},"up":{"uv":[0.875,5.3125,1,5.5],"texture":"#main","rotation":180},"down":{"uv":[0.875,5.3125,1,5.5],"texture":"#main","rotation":180}}},{"rotation":{"origin":[8,8,18],"angle":-22.5,"axis":"x"},"from":[5,-2,17],"to":[6,2,18],"faces":{"east":{"uv":[3.1875,6.0625,3.3125,6.1875],"texture":"#main"},"south":{"uv":[3.1875,6.0625,3.3125,6.1875],"texture":"#main"},"north":{"uv":[3.1875,6.0625,3.3125,6.1875],"texture":"#main"},"west":{"uv":[3.1875,6.0625,3.3125,6.1875],"texture":"#main"},"down":{"uv":[3.1875,6.0625,3.3125,6.1875],"texture":"#main"}}},{"from":[7,6,11.1],"to":[10,12,15.1],"faces":{"east":{"uv":[0.8125,4.625,1.0625,5],"texture":"#main"},"south":{"uv":[1.4375,4.625,1.625,5],"texture":"#main"},"north":{"uv":[1.4375,4.625,1.625,5],"texture":"#main"},"west":{"uv":[1.125,4.625,1.375,5],"texture":"#main"},"up":{"uv":[1.6875,4.625,1.875,4.875],"texture":"#main","rotation":180},"down":{"uv":[0,5.6875,0.25,5.9375],"texture":"#main"}}},{"from":[5,5.9,22.1],"to":[12,6,29.1],"faces":{"up":{"uv":[0,6.0625,0.4375,6.5],"texture":"#main","rotation":180},"down":{"uv":[0,6.0625,0.4375,6.5],"texture":"#main"}}},{"from":[6.5,10,-1],"to":[10.5,14,5],"faces":{"east":{"uv":[1.9375,4.625,2.3125,4.875],"texture":"#main"},"south":{"uv":[2.6875,4.9375,2.9375,5.1875],"texture":"#main"},"north":{"uv":[2.375,4.9375,2.625,5.1875],"texture":"#main"},"west":{"uv":[2.375,4.625,2.75,4.875],"texture":"#main"},"up":{"uv":[1.9375,4.9375,2.3125,5.1875],"texture":"#main","rotation":90},"down":{"uv":[1.9375,4.9375,2.3125,5.1875],"texture":"#main","rotation":90}}},{"rotation":{"origin":[16.9,0.6089637,21.06147],"angle":-22.5,"axis":"x"},"from":[10,-0.391,18.0615],"to":[11,0.609,20.0615],"faces":{"east":{"uv":[3.375,6.5,3.4375,6.6875],"texture":"#main","rotation":270},"south":{"uv":[3.1875,6.0625,3.3125,6.1875],"texture":"#main","rotation":270},"north":{"uv":[3.375,6.625,3.4375,6.6875],"texture":"#main","rotation":270},"west":{"uv":[3.375,6.5,3.4375,6.6875],"texture":"#main","rotation":90},"up":{"uv":[3.375,6.5,3.4375,6.6875],"texture":"#main","rotation":180},"down":{"uv":[3.1875,6.0625,3.3125,6.1875],"texture":"#main"}}},{"rotation":{"origin":[8,8,18],"angle":-22.5,"axis":"x"},"from":[5,2,16],"to":[7,5,19],"faces":{"east":{"uv":[0.875,5.3125,1.0625,5.5],"texture":"#main"},"south":{"uv":[0.875,5.3125,1,5.5],"texture":"#main"},"north":{"uv":[0.875,5.3125,1,5.5],"texture":"#main"},"west":{"uv":[0.875,5.3125,1.0625,5.5],"texture":"#main"},"up":{"uv":[0.875,5.3125,1,5.5],"texture":"#main","rotation":180},"down":{"uv":[0.875,5.3125,1,5.5],"texture":"#main"}}},{"rotation":{"origin":[8,8,18],"angle":-22.5,"axis":"x"},"from":[10,-2,17],"to":[11,2,18],"faces":{"east":{"uv":[3.1875,6.0625,3.3125,6.1875],"texture":"#main"},"south":{"uv":[3.1875,6.0625,3.3125,6.1875],"texture":"#main"},"north":{"uv":[3.1875,6.0625,3.3125,6.1875],"texture":"#main"},"west":{"uv":[3.1875,6.0625,3.3125,6.1875],"texture":"#main"},"down":{"uv":[3.1875,6.0625,3.3125,6.1875],"texture":"#main"}}},{"rotation":{"origin":[9.9,0.6089637,21.06147],"angle":-22.5,"axis":"x"},"from":[5,-0.391,18.0615],"to":[6,0.609,20.0615],"faces":{"east":{"uv":[3.375,6.5,3.4375,6.6875],"texture":"#main","rotation":270},"south":{"uv":[3.1875,6.0625,3.3125,6.1875],"texture":"#main","rotation":270},"north":{"uv":[3.375,6.625,3.4375,6.6875],"texture":"#main","rotation":270},"west":{"uv":[3.375,6.5,3.4375,6.6875],"texture":"#main","rotation":90},"up":{"uv":[3.375,6.5,3.4375,6.6875],"texture":"#main","rotation":180},"down":{"uv":[3.1875,6.0625,3.3125,6.1875],"texture":"#main"}}},{"rotation":{"origin":[8,4,14],"angle":22.5,"axis":"x"},"from":[7.5,8,4],"to":[9.5,10,11],"faces":{"east":{"uv":[2.0625,4.125,2.1875,4.5625],"texture":"#main","rotation":90},"west":{"uv":[2.0625,4.125,2.1875,4.5625],"texture":"#main","rotation":90},"up":{"uv":[2.25,4.125,2.375,4.5625],"texture":"#main"},"down":{"uv":[2.0625,4.125,2.1875,4.5625],"texture":"#main"}}},{"rotation":{"origin":[9.875,8.775,15.9747],"angle":-45,"axis":"z"},"from":[9.875,8.775,15.9747],"to":[31.875,8.875,29.9747],"faces":{"up":{"uv":[1.9375,6.5625,2.875,8],"texture":"#main","rotation":90},"down":{"uv":[1.875,8,0.9375,6.5625],"texture":"#main","rotation":270}}},{"from":[8.9,14,-0.9],"to":[9,20,7.1],"faces":{"east":{"uv":[2.125,6,2.625,6.4375],"texture":"#main"},"west":{"uv":[1.5625,6,2.0625,6.4375],"texture":"#main"}}},{"rotation":{"origin":[10.9,-0.3910363,20.06147],"angle":-22.5,"axis":"x"},"from":[6,-1.391,17.0615],"to":[7,-0.3909996,20.0615],"faces":{"east":{"uv":[3.375,6.5,3.4375,6.6875],"texture":"#main","rotation":270},"south":{"uv":[3.375,6.5,3.4375,6.5625],"texture":"#main","rotation":270},"north":{"uv":[3.375,6.625,3.4375,6.6875],"texture":"#main","rotation":270},"west":{"uv":[3.375,6.5,3.4375,6.6875],"texture":"#main","rotation":90},"up":{"uv":[3.375,6.5,3.4375,6.6875],"texture":"#main","rotation":180},"down":{"uv":[3.375,6.5,3.4375,6.6875],"texture":"#main"}}},{"rotation":{"origin":[8.9,-0.3910363,20.06147],"angle":-22.5,"axis":"x"},"from":[4,-1.391,17.0615],"to":[5,-0.3909996,20.0615],"faces":{"east":{"uv":[3.375,6.5,3.4375,6.6875],"texture":"#main","rotation":270},"south":{"uv":[3.375,6.5,3.4375,6.5625],"texture":"#main","rotation":270},"north":{"uv":[3.375,6.625,3.4375,6.6875],"texture":"#main","rotation":270},"west":{"uv":[3.375,6.5,3.4375,6.6875],"texture":"#main","rotation":90},"up":{"uv":[3.375,6.5,3.4375,6.6875],"texture":"#main","rotation":180},"down":{"uv":[3.375,6.5,3.4375,6.6875],"texture":"#main"}}},{"rotation":{"origin":[13.9,-0.3910363,20.06147],"angle":-22.5,"axis":"x"},"from":[9,-1.391,17.0615],"to":[10,-0.3909996,20.0615],"faces":{"east":{"uv":[3.375,6.5,3.4375,6.6875],"texture":"#main","rotation":270},"south":{"uv":[3.375,6.5,3.4375,6.5625],"texture":"#main","rotation":270},"north":{"uv":[3.375,6.625,3.4375,6.6875],"texture":"#main","rotation":270},"west":{"uv":[3.375,6.5,3.4375,6.6875],"texture":"#main","rotation":90},"up":{"uv":[3.375,6.5,3.4375,6.6875],"texture":"#main","rotation":180},"down":{"uv":[3.375,6.5,3.4375,6.6875],"texture":"#main"}}},{"rotation":{"origin":[15.9,-0.3910363,20.06147],"angle":-22.5,"axis":"x"},"from":[11,-1.391,17.0615],"to":[12,-0.3909996,20.0615],"faces":{"east":{"uv":[3.375,6.5,3.4375,6.6875],"texture":"#main","rotation":270},"south":{"uv":[3.375,6.5,3.4375,6.5625],"texture":"#main","rotation":270},"north":{"uv":[3.375,6.625,3.4375,6.6875],"texture":"#main","rotation":270},"west":{"uv":[3.375,6.5,3.4375,6.6875],"texture":"#main","rotation":90},"up":{"uv":[3.375,6.5,3.4375,6.6875],"texture":"#main","rotation":180},"down":{"uv":[3.375,6.5,3.4375,6.6875],"texture":"#main"}}},{"from":[7.52,11.3701,0.0573],"to":[9.52,13.3701,7.0573],"faces":{"east":{"uv":[2.0625,4.125,2.1875,4.25],"texture":"#main"},"west":{"uv":[2.0625,4.125,2.1875,4.25],"texture":"#main","rotation":180},"up":{"uv":[2.0625,4.125,2.1875,4.25],"texture":"#main"},"down":{"uv":[2.0625,4.125,2.1875,4.25],"texture":"#main","rotation":90}}},{"from":[7.5,12,-10],"to":[9.5,14,-1],"faces":{"east":{"uv":[2,5.5,2.625,5.625],"texture":"#main"},"north":{"uv":[2.5,5.5,2.625,5.625],"texture":"#main"},"west":{"uv":[2,5.3125,2.625,5.4375],"texture":"#main"},"up":{"uv":[2.6875,5.5,3.3125,5.625],"texture":"#main","rotation":270},"down":{"uv":[2.6875,5.6875,3.3125,5.8125],"texture":"#main"}}},{"rotation":{"origin":[8,11,9],"angle":-22.5,"axis":"x"},"from":[7.5,14,-5],"to":[9.5,15,0],"faces":{"east":{"uv":[2,5.3125,2.3125,5.375],"texture":"#main"},"north":{"uv":[2.5,5.5,2.625,5.5625],"texture":"#main"},"west":{"uv":[2,5.3125,2.3125,5.375],"texture":"#main"},"up":{"uv":[2.6875,5.6875,3.3125,5.8125],"texture":"#main"}}},{"rotation":{"origin":[-9.375,-7.625,16],"angle":45,"axis":"z"},"from":[-9.375,-7.625,16],"to":[12.625,-7.525,30],"faces":{"up":{"uv":[0.9375,6.5625,1.875,8],"texture":"#main","rotation":270},"down":{"uv":[2.875,8,1.9375,6.5625],"texture":"#main","rotation":90}}}],"display":{"head":{"translation":[-1,-9.738,-17.38],"scale":[2,2,2]},"firstperson_righthand":{"scale":[1.0E-4,1.0E-4,1.0E-4]},"thirdperson_lefthand":{"scale":[1.0E-4,1.0E-4,1.0E-4]},"firstperson_lefthand":{"scale":[1.0E-4,1.0E-4,1.0E-4]}}}