{"parent":"physical_parent","texture_size":[128,128],"textures":{"main":"pokemon/swampert-mega","particle":"pokemon/swampert-mega"},"elements":[{"from":[-1,-16,18],"to":[6,-6,26],"rotation":{"angle":0,"axis":"y","origin":[0,0,3]},"faces":{"north":{"uv":[8,11.5,8.875,12.75],"texture":"#main"},"east":{"uv":[11.375,6.375,12.375,7.625],"texture":"#main"},"south":{"uv":[8.875,11.5,9.75,12.75],"texture":"#main"},"west":{"uv":[11,11.375,12,12.625],"texture":"#main"},"up":{"uv":[11.25,8,10.375,7],"texture":"#main"},"down":{"uv":[11.75,1.125,10.875,2.125],"texture":"#main"}}},{"from":[-12,-16,-7],"to":[-4,-7,5],"rotation":{"angle":0,"axis":"y","origin":[-11,0,-22]},"faces":{"north":{"uv":[3.375,11.5,4.375,12.625],"texture":"#main"},"east":{"uv":[10.875,0,12.375,1.125],"texture":"#main"},"south":{"uv":[4.375,11.5,5.375,12.625],"texture":"#main"},"west":{"uv":[11,9.125,12.5,10.25],"texture":"#main"},"up":{"uv":[8,11.875,7,10.375],"texture":"#main"},"down":{"uv":[2.375,11.125,1.375,12.625],"texture":"#main"}}},{"from":[20,-12,-7],"to":[28,-3,5],"rotation":{"angle":45,"axis":"z","origin":[24,-7.5,-1]},"faces":{"north":{"uv":[4.375,11.5,3.375,12.625],"texture":"#main"},"east":{"uv":[12.5,9.125,11,10.25],"texture":"#main"},"south":{"uv":[5.375,11.5,4.375,12.625],"texture":"#main"},"west":{"uv":[12.375,0,10.875,1.125],"texture":"#main"},"up":{"uv":[7,11.875,8,10.375],"texture":"#main"},"down":{"uv":[1.375,11.125,2.375,12.625],"texture":"#main"}}},{"from":[-12,-13,2],"to":[-4,4,14],"rotation":{"angle":-22.5,"axis":"z","origin":[-8,-11.5,5]},"faces":{"north":{"uv":[10.375,4.875,11.375,7],"texture":"#main"},"east":{"uv":[8.875,5.875,10.375,8],"texture":"#main"},"south":{"uv":[6,10.375,7,12.5],"texture":"#main"},"west":{"uv":[9.375,0,10.875,2.125],"texture":"#main"},"up":{"uv":[3.375,12.625,2.375,11.125],"texture":"#main"},"down":{"uv":[12.375,4.875,11.375,6.375],"texture":"#main"}}},{"from":[20,-9,2],"to":[28,8,14],"rotation":{"angle":22.5,"axis":"z","origin":[24,-7.5,5]},"faces":{"north":{"uv":[11.375,4.875,10.375,7],"texture":"#main"},"east":{"uv":[10.875,0,9.375,2.125],"texture":"#main"},"south":{"uv":[7,10.375,6,12.5],"texture":"#main"},"west":{"uv":[10.375,5.875,8.875,8],"texture":"#main"},"up":{"uv":[2.375,12.625,3.375,11.125],"texture":"#main"},"down":{"uv":[11.375,4.875,12.375,6.375],"texture":"#main"}}},{"from":[8,-16,10],"to":[8,13,32],"rotation":{"angle":0,"axis":"y","origin":[14,0,3]},"faces":{"north":{"uv":[0,0,0,3.625],"texture":"#main"},"east":{"uv":[0,0,2.75,3.625],"texture":"#main"},"south":{"uv":[0,0,0,3.625],"texture":"#main"},"west":{"uv":[2.75,0,5.5,3.625],"texture":"#main"},"up":{"uv":[0,2.75,0,0],"texture":"#main"},"down":{"uv":[0,0,0,2.75],"texture":"#main"}}},{"from":[8,3.02656,-5.79142],"to":[8,20.02656,25.20858],"rotation":{"angle":-22.5,"axis":"x","origin":[14,-4.2487,14.57204]},"faces":{"north":{"uv":[0,0,0,2.125],"texture":"#main"},"east":{"uv":[5.5,0,9.375,2.125],"texture":"#main"},"south":{"uv":[0,0,0,2.125],"texture":"#main"},"west":{"uv":[0,6,3.875,8.125],"texture":"#main"},"up":{"uv":[0,3.875,0,0],"texture":"#main"},"down":{"uv":[0,0,0,3.875],"texture":"#main"}}},{"from":[4,3.02656,-5.79142],"to":[4,22.02656,25.20858],"rotation":{"angle":-22.5,"axis":"x","origin":[10,-4.2487,14.57204]},"faces":{"north":{"uv":[0,0,0,2.375],"texture":"#main"},"east":{"uv":[0,3.625,3.875,6],"texture":"#main"},"west":{"uv":[3.875,3.625,7.75,6],"texture":"#main"},"up":{"uv":[0,3.875,0,0],"texture":"#main"},"down":{"uv":[0,0,0,3.875],"texture":"#main"}}},{"from":[12,3.02656,-5.79142],"to":[12,22.02656,25.20858],"rotation":{"angle":-22.5,"axis":"x","origin":[6,-4.2487,14.57204]},"faces":{"north":{"uv":[0,0,0,2.375],"texture":"#main"},"east":{"uv":[7.75,3.625,3.875,6],"texture":"#main"},"west":{"uv":[3.875,3.625,0,6],"texture":"#main"},"up":{"uv":[0,3.875,0,0],"texture":"#main"},"down":{"uv":[0,0,0,3.875],"texture":"#main"}}},{"from":[10,-16,18],"to":[17,-6,26],"rotation":{"angle":0,"axis":"y","origin":[16,0,3]},"faces":{"north":{"uv":[8.875,11.5,8,12.75],"texture":"#main"},"east":{"uv":[12,11.375,11,12.625],"texture":"#main"},"south":{"uv":[9.75,11.5,8.875,12.75],"texture":"#main"},"west":{"uv":[12.375,6.375,11.375,7.625],"texture":"#main"},"up":{"uv":[10.375,8,11.25,7],"texture":"#main"},"down":{"uv":[10.875,1.125,11.75,2.125],"texture":"#main"}}},{"from":[0,-9.66117,12.2028],"to":[16,5.33883,24.2028],"rotation":{"angle":-22.5,"axis":"x","origin":[8,-2.16117,18.2028]},"faces":{"north":{"uv":[7.75,2.125,9.75,4],"texture":"#main"},"east":{"uv":[8,9.625,9.5,11.5],"texture":"#main"},"south":{"uv":[7.75,4,9.75,5.875],"texture":"#main"},"west":{"uv":[9.5,9.625,11,11.5],"texture":"#main"},"up":{"uv":[2,11.125,0,9.625],"texture":"#main"},"down":{"uv":[4,9.625,2,11.125],"texture":"#main"}}},{"from":[-2,-1.45406,0.4099],"to":[18,10.54594,17.4099],"rotation":{"angle":0,"axis":"x","origin":[0.5,3.54594,9.9099]},"faces":{"north":{"uv":[0,8.125,2.5,9.625],"texture":"#main"},"east":{"uv":[5.5,2.125,7.625,3.625],"texture":"#main"},"south":{"uv":[2.5,8.125,5,9.625],"texture":"#main"},"west":{"uv":[8,8.125,10.125,9.625],"texture":"#main"},"up":{"uv":[6.375,8.125,3.875,6],"texture":"#main"},"down":{"uv":[8.875,6,6.375,8.125],"texture":"#main"}}},{"from":[0,-1.45406,-6.5901],"to":[16,7.54594,4.4099],"rotation":{"angle":-22.5,"axis":"x","origin":[0.5,0.54594,1.9099]},"faces":{"north":{"uv":[10.125,8,12.125,9.125],"texture":"#main"},"east":{"uv":[11,10.25,12.375,11.375],"texture":"#main"},"south":{"uv":[4,10.375,6,11.5],"texture":"#main"},"west":{"uv":[0,11.125,1.375,12.25],"texture":"#main"},"up":{"uv":[11.75,3.5,9.75,2.125],"texture":"#main"},"down":{"uv":[11.75,3.5,9.75,4.875],"texture":"#main"}}},{"from":[-11,3.54594,-11],"to":[1,3.54594,7.4099],"rotation":{"angle":-22.5,"axis":"x","origin":[-9.5,0.54594,1.9099]},"faces":{"north":{"uv":[0,0,1.5,0],"texture":"#main"},"east":{"uv":[0,0,2.25,0],"texture":"#main"},"south":{"uv":[0,0,1.5,0],"texture":"#main"},"west":{"uv":[0,0,2.25,0],"texture":"#main"},"up":{"uv":[6.5,10.375,5,8.125],"texture":"#main"},"down":{"uv":[8,8.125,6.5,10.375],"texture":"#main"}}},{"from":[15,3.54594,-11],"to":[27,3.54594,7.4099],"rotation":{"angle":-22.5,"axis":"x","origin":[25.5,0.54594,1.9099]},"faces":{"north":{"uv":[1.5,0,0,0],"texture":"#main"},"east":{"uv":[2.25,0,0,0],"texture":"#main"},"south":{"uv":[1.5,0,0,0],"texture":"#main"},"west":{"uv":[2.25,0,0,0],"texture":"#main"},"up":{"uv":[5,10.375,6.5,8.125],"texture":"#main"},"down":{"uv":[6.5,8.125,8,10.375],"texture":"#main"}}}],"display":{"head":{"translation":[0,-4.75,0],"scale":[1.6,1.6,1.6]}}}