{"parent":"physical_parent","textures":{"main":"pokemon/pineco"},"elements":[{"rotation":{"origin":[16,13,16],"angle":0,"axis":"y"},"from":[4,6,4],"to":[12,16,12],"faces":{"east":{"uv":[0,2,2,4.5],"texture":"#main"},"south":{"uv":[6,2,8,4.5],"texture":"#main"},"north":{"uv":[2,2,4,4.5],"texture":"#main"},"west":{"uv":[4,2,6,4.5],"texture":"#main"},"up":{"uv":[4,2,2,0],"texture":"#main"},"down":{"uv":[6,0,4,2],"texture":"#main"}}},{"rotation":{"origin":[16,13,16],"angle":0,"axis":"y"},"from":[10,4,4],"to":[12,6,5],"faces":{"east":{"uv":[6.75,12,7,12.5],"texture":"#main"},"south":{"uv":[7.75,12,8.25,12.5],"texture":"#main"},"north":{"uv":[7,12,7.5,12.5],"texture":"#main"},"west":{"uv":[7.5,12,7.75,12.5],"texture":"#main"},"up":{"uv":[7.5,12,7,11.75],"texture":"#main"},"down":{"uv":[8,11.75,7.5,12],"texture":"#main"}}},{"rotation":{"origin":[16,13,0],"angle":0,"axis":"y"},"from":[10,4,11],"to":[12,6,12],"faces":{"east":{"uv":[2.25,9.5,2.5,10],"texture":"#main"},"south":{"uv":[3.25,9.5,3.75,10],"texture":"#main"},"north":{"uv":[2.5,9.5,3,10],"texture":"#main"},"west":{"uv":[3,9.5,3.25,10],"texture":"#main"},"up":{"uv":[3,9.5,2.5,9.25],"texture":"#main"},"down":{"uv":[3.5,9.25,3,9.5],"texture":"#main"}}},{"rotation":{"origin":[16,13,0],"angle":0,"axis":"y"},"from":[4,4,4.01],"to":[5,6,6.01],"faces":{"east":{"uv":[4,6.75,4.5,7.25],"texture":"#main"},"south":{"uv":[5.25,6.75,5.5,7.25],"texture":"#main"},"north":{"uv":[4.5,6.75,4.75,7.25],"texture":"#main"},"west":{"uv":[4.75,6.75,5.25,7.25],"texture":"#main"},"up":{"uv":[4.75,6.75,4.5,6.25],"texture":"#main"},"down":{"uv":[5,6.25,4.75,6.75],"texture":"#main"}}},{"rotation":{"origin":[0,13,0],"angle":0,"axis":"y"},"from":[11.01,4,4.01],"to":[12.01,6,6.01],"faces":{"east":{"uv":[0,1.5,0.5,2],"texture":"#main"},"south":{"uv":[1.25,1.5,1.5,2],"texture":"#main"},"north":{"uv":[0.5,1.5,0.75,2],"texture":"#main"},"west":{"uv":[0.75,1.5,1.25,2],"texture":"#main"},"up":{"uv":[0.75,1.5,0.5,1],"texture":"#main"},"down":{"uv":[1,1,0.75,1.5],"texture":"#main"}}},{"rotation":{"origin":[10,13,16],"angle":0,"axis":"y"},"from":[4.01,4,4],"to":[6.01,6,5],"faces":{"east":{"uv":[2.25,10.5,2.5,11],"texture":"#main"},"south":{"uv":[3.25,10.5,3.75,11],"texture":"#main"},"north":{"uv":[2.5,10.5,3,11],"texture":"#main"},"west":{"uv":[3,10.5,3.25,11],"texture":"#main"},"up":{"uv":[3,10.5,2.5,10.25],"texture":"#main"},"down":{"uv":[3.5,10.25,3,10.5],"texture":"#main"}}},{"rotation":{"origin":[10,13,0],"angle":0,"axis":"y"},"from":[4.01,4,11],"to":[6.01,6,12],"faces":{"east":{"uv":[7,7.25,7.25,7.75],"texture":"#main"},"south":{"uv":[8,7.25,8.5,7.75],"texture":"#main"},"north":{"uv":[7.25,7.25,7.75,7.75],"texture":"#main"},"west":{"uv":[7.75,7.25,8,7.75],"texture":"#main"},"up":{"uv":[7.75,7.25,7.25,7],"texture":"#main"},"down":{"uv":[8.25,7,7.75,7.25],"texture":"#main"}}},{"rotation":{"origin":[16,13,6],"angle":0,"axis":"y"},"from":[4,4,10.01],"to":[5,6,12.01],"faces":{"east":{"uv":[6,0.5,6.5,1],"texture":"#main"},"south":{"uv":[7.25,0.5,7.5,1],"texture":"#main"},"north":{"uv":[6.5,0.5,6.75,1],"texture":"#main"},"west":{"uv":[6.75,0.5,7.25,1],"texture":"#main"},"up":{"uv":[6.75,0.5,6.5,0],"texture":"#main"},"down":{"uv":[7,0,6.75,0.5],"texture":"#main"}}},{"rotation":{"origin":[0,13,6],"angle":0,"axis":"y"},"from":[11.01,4,10.01],"to":[12.01,6,12.01],"faces":{"east":{"uv":[0,0.5,0.5,1],"texture":"#main"},"south":{"uv":[1.25,0.5,1.5,1],"texture":"#main"},"north":{"uv":[0.5,0.5,0.75,1],"texture":"#main"},"west":{"uv":[0.75,0.5,1.25,1],"texture":"#main"},"up":{"uv":[0.75,0.5,0.5,0],"texture":"#main"},"down":{"uv":[1,0,0.75,0.5],"texture":"#main"}}},{"rotation":{"origin":[21,20,13],"angle":-22.5,"axis":"x"},"from":[8.5,13,-2],"to":[11.5,14,1],"faces":{"east":{"uv":[0,12,0.75,12.25],"texture":"#main"},"south":{"uv":[2.25,12,3,12.25],"texture":"#main"},"north":{"uv":[0.75,12,1.5,12.25],"texture":"#main"},"west":{"uv":[1.5,12,2.25,12.25],"texture":"#main"},"up":{"uv":[1.5,12,0.75,11.25],"texture":"#main"},"down":{"uv":[2.25,11.25,1.5,12],"texture":"#main"}}},{"rotation":{"origin":[21,20,3],"angle":22.5,"axis":"x"},"from":[8.5,13,15],"to":[11.5,14,18],"faces":{"east":{"uv":[8,2.5,8.75,2.75],"texture":"#main"},"south":{"uv":[10.25,2.5,11,2.75],"texture":"#main"},"north":{"uv":[8.75,2.5,9.5,2.75],"texture":"#main"},"west":{"uv":[9.5,2.5,10.25,2.75],"texture":"#main"},"up":{"uv":[9.5,2.5,8.75,1.75],"texture":"#main"},"down":{"uv":[10.25,1.75,9.5,2.5],"texture":"#main"}}},{"rotation":{"origin":[13,20,-5],"angle":22.5,"axis":"z"},"from":[-2,13,4.5],"to":[1,14,7.5],"faces":{"east":{"uv":[10.5,11.25,11.25,11.5],"texture":"#main"},"south":{"uv":[12.75,11.25,13.5,11.5],"texture":"#main"},"north":{"uv":[11.25,11.25,12,11.5],"texture":"#main"},"west":{"uv":[12,11.25,12.75,11.5],"texture":"#main"},"up":{"uv":[12,11.25,11.25,10.5],"texture":"#main"},"down":{"uv":[12.75,10.5,12,11.25],"texture":"#main"}}},{"rotation":{"origin":[3,20,-5],"angle":-22.5,"axis":"z"},"from":[15,13,4.5],"to":[18,14,7.5],"faces":{"east":{"uv":[10,8.25,10.75,8.5],"texture":"#main"},"south":{"uv":[12.25,8.25,13,8.5],"texture":"#main"},"north":{"uv":[10.75,8.25,11.5,8.5],"texture":"#main"},"west":{"uv":[11.5,8.25,12.25,8.5],"texture":"#main"},"up":{"uv":[11.5,8.25,10.75,7.5],"texture":"#main"},"down":{"uv":[12.25,7.5,11.5,8.25],"texture":"#main"}}},{"rotation":{"origin":[19,25,13],"angle":-22.5,"axis":"x"},"from":[6.5,18,-2],"to":[9.5,19,1],"faces":{"east":{"uv":[10.75,4.75,11.5,5],"texture":"#main"},"south":{"uv":[13,4.75,13.75,5],"texture":"#main"},"north":{"uv":[11.5,4.75,12.25,5],"texture":"#main"},"west":{"uv":[12.25,4.75,13,5],"texture":"#main"},"up":{"uv":[12.25,4.75,11.5,4],"texture":"#main"},"down":{"uv":[13,4,12.25,4.75],"texture":"#main"}}},{"rotation":{"origin":[19,25,3],"angle":22.5,"axis":"x"},"from":[6.5,18,15],"to":[9.5,19,18],"faces":{"east":{"uv":[8.25,9.75,9,10],"texture":"#main"},"south":{"uv":[10.5,9.75,11.25,10],"texture":"#main"},"north":{"uv":[9,9.75,9.75,10],"texture":"#main"},"west":{"uv":[9.75,9.75,10.5,10],"texture":"#main"},"up":{"uv":[9.75,9.75,9,9],"texture":"#main"},"down":{"uv":[10.5,9,9.75,9.75],"texture":"#main"}}},{"rotation":{"origin":[13,25,-3],"angle":22.5,"axis":"z"},"from":[-2,18,6.5],"to":[1,19,9.5],"faces":{"east":{"uv":[10.25,2.75,11,3],"texture":"#main"},"south":{"uv":[12.5,2.75,13.25,3],"texture":"#main"},"north":{"uv":[11,2.75,11.75,3],"texture":"#main"},"west":{"uv":[11.75,2.75,12.5,3],"texture":"#main"},"up":{"uv":[11.75,2.75,11,2],"texture":"#main"},"down":{"uv":[12.5,2,11.75,2.75],"texture":"#main"}}},{"rotation":{"origin":[3,25,-3],"angle":-22.5,"axis":"z"},"from":[15,18,6.5],"to":[18,19,9.5],"faces":{"east":{"uv":[8.25,10.75,9,11],"texture":"#main"},"south":{"uv":[10.5,10.75,11.25,11],"texture":"#main"},"north":{"uv":[9,10.75,9.75,11],"texture":"#main"},"west":{"uv":[9.75,10.75,10.5,11],"texture":"#main"},"up":{"uv":[9.75,10.75,9,10],"texture":"#main"},"down":{"uv":[10.5,10,9.75,10.75],"texture":"#main"}}},{"rotation":{"origin":[16,25,13],"angle":-22.5,"axis":"x"},"from":[3,18,-2],"to":[6,19,1],"faces":{"east":{"uv":[6,11.5,6.75,11.75],"texture":"#main"},"south":{"uv":[8.25,11.5,9,11.75],"texture":"#main"},"north":{"uv":[6.75,11.5,7.5,11.75],"texture":"#main"},"west":{"uv":[7.5,11.5,8.25,11.75],"texture":"#main"},"up":{"uv":[7.5,11.5,6.75,10.75],"texture":"#main"},"down":{"uv":[8.25,10.75,7.5,11.5],"texture":"#main"}}},{"rotation":{"origin":[16,25,3],"angle":22.5,"axis":"x"},"from":[3,18,15],"to":[6,19,18],"faces":{"east":{"uv":[9,0.75,9.75,1],"texture":"#main"},"south":{"uv":[11.25,0.75,12,1],"texture":"#main"},"north":{"uv":[9.75,0.75,10.5,1],"texture":"#main"},"west":{"uv":[10.5,0.75,11.25,1],"texture":"#main"},"up":{"uv":[10.5,0.75,9.75,0],"texture":"#main"},"down":{"uv":[11.25,0,10.5,0.75],"texture":"#main"}}},{"rotation":{"origin":[13,25,0],"angle":22.5,"axis":"z"},"from":[-2,18,10],"to":[1,19,13],"faces":{"east":{"uv":[10.25,1.75,11,2],"texture":"#main"},"south":{"uv":[12.5,1.75,13.25,2],"texture":"#main"},"north":{"uv":[11,1.75,11.75,2],"texture":"#main"},"west":{"uv":[11.75,1.75,12.5,2],"texture":"#main"},"up":{"uv":[11.75,1.75,11,1],"texture":"#main"},"down":{"uv":[12.5,1,11.75,1.75],"texture":"#main"}}},{"rotation":{"origin":[3,25,0],"angle":-22.5,"axis":"z"},"from":[15,18,10],"to":[18,19,13],"faces":{"east":{"uv":[6,10.5,6.75,10.75],"texture":"#main"},"south":{"uv":[8.25,10.5,9,10.75],"texture":"#main"},"north":{"uv":[6.75,10.5,7.5,10.75],"texture":"#main"},"west":{"uv":[7.5,10.5,8.25,10.75],"texture":"#main"},"up":{"uv":[7.5,10.5,6.75,9.75],"texture":"#main"},"down":{"uv":[8.25,9.75,7.5,10.5],"texture":"#main"}}},{"rotation":{"origin":[23,25,13],"angle":-22.5,"axis":"x"},"from":[10,18,-2],"to":[13,19,1],"faces":{"east":{"uv":[10.5,9.5,11.25,9.75],"texture":"#main"},"south":{"uv":[12.75,9.5,13.5,9.75],"texture":"#main"},"north":{"uv":[11.25,9.5,12,9.75],"texture":"#main"},"west":{"uv":[12,9.5,12.75,9.75],"texture":"#main"},"up":{"uv":[12,9.5,11.25,8.75],"texture":"#main"},"down":{"uv":[12.75,8.75,12,9.5],"texture":"#main"}}},{"rotation":{"origin":[23,25,3],"angle":22.5,"axis":"x"},"from":[10,18,15],"to":[13,19,18],"faces":{"east":{"uv":[6,9.5,6.75,9.75],"texture":"#main"},"south":{"uv":[8.25,9.5,9,9.75],"texture":"#main"},"north":{"uv":[6.75,9.5,7.5,9.75],"texture":"#main"},"west":{"uv":[7.5,9.5,8.25,9.75],"texture":"#main"},"up":{"uv":[7.5,9.5,6.75,8.75],"texture":"#main"},"down":{"uv":[8.25,8.75,7.5,9.5],"texture":"#main"}}},{"rotation":{"origin":[13,25,-7],"angle":22.5,"axis":"z"},"from":[-2,18,3],"to":[1,19,6],"faces":{"east":{"uv":[0,11,0.75,11.25],"texture":"#main"},"south":{"uv":[2.25,11,3,11.25],"texture":"#main"},"north":{"uv":[0.75,11,1.5,11.25],"texture":"#main"},"west":{"uv":[1.5,11,2.25,11.25],"texture":"#main"},"up":{"uv":[1.5,11,0.75,10.25],"texture":"#main"},"down":{"uv":[2.25,10.25,1.5,11],"texture":"#main"}}},{"rotation":{"origin":[3,25,-7],"angle":-22.5,"axis":"z"},"from":[15,18,3],"to":[18,19,6],"faces":{"east":{"uv":[0,10,0.75,10.25],"texture":"#main"},"south":{"uv":[2.25,10,3,10.25],"texture":"#main"},"north":{"uv":[0.75,10,1.5,10.25],"texture":"#main"},"west":{"uv":[1.5,10,2.25,10.25],"texture":"#main"},"up":{"uv":[1.5,10,0.75,9.25],"texture":"#main"},"down":{"uv":[2.25,9.25,1.5,10],"texture":"#main"}}},{"rotation":{"origin":[22,11,18],"angle":45,"axis":"x"},"from":[9.5,4,0],"to":[12.5,5,6],"faces":{"east":{"uv":[7,8.5,8.5,8.75],"texture":"#main"},"south":{"uv":[10.75,8.5,11.5,8.75],"texture":"#main"},"north":{"uv":[8.5,8.5,9.25,8.75],"texture":"#main"},"west":{"uv":[9.25,8.5,10.75,8.75],"texture":"#main"},"up":{"uv":[9.25,8.5,8.5,7],"texture":"#main"},"down":{"uv":[10,7,9.25,8.5],"texture":"#main"}}},{"rotation":{"origin":[22,11,-2],"angle":-45,"axis":"x"},"from":[9.5,4,10],"to":[12.5,5,16],"faces":{"east":{"uv":[6,1.5,7.5,1.75],"texture":"#main"},"south":{"uv":[9.75,1.5,10.5,1.75],"texture":"#main"},"north":{"uv":[7.5,1.5,8.25,1.75],"texture":"#main"},"west":{"uv":[8.25,1.5,9.75,1.75],"texture":"#main"},"up":{"uv":[8.25,1.5,7.5,0],"texture":"#main"},"down":{"uv":[9,0,8.25,1.5],"texture":"#main"}}},{"rotation":{"origin":[18,11,-3],"angle":-45,"axis":"z"},"from":[0,4,6.5],"to":[6,5,9.5],"faces":{"east":{"uv":[7.75,6.25,8.5,6.5],"texture":"#main"},"south":{"uv":[10.75,6.25,12.25,6.5],"texture":"#main"},"north":{"uv":[8.5,6.25,10,6.5],"texture":"#main"},"west":{"uv":[10,6.25,10.75,6.5],"texture":"#main"},"up":{"uv":[10,6.25,8.5,5.5],"texture":"#main"},"down":{"uv":[11.5,5.5,10,6.25],"texture":"#main"}}},{"rotation":{"origin":[-2,11,-3],"angle":45,"axis":"z"},"from":[10,4,6.5],"to":[16,5,9.5],"faces":{"east":{"uv":[7,5.25,7.75,5.5],"texture":"#main"},"south":{"uv":[10,5.25,11.5,5.5],"texture":"#main"},"north":{"uv":[7.75,5.25,9.25,5.5],"texture":"#main"},"west":{"uv":[9.25,5.25,10,5.5],"texture":"#main"},"up":{"uv":[9.25,5.25,7.75,4.5],"texture":"#main"},"down":{"uv":[10.75,4.5,9.25,5.25],"texture":"#main"}}},{"rotation":{"origin":[16,11,18],"angle":45,"axis":"x"},"from":[3.5,4,0],"to":[6.5,5,6],"faces":{"east":{"uv":[4,7.75,5.5,8],"texture":"#main"},"south":{"uv":[7.75,7.75,8.5,8],"texture":"#main"},"north":{"uv":[5.5,7.75,6.25,8],"texture":"#main"},"west":{"uv":[6.25,7.75,7.75,8],"texture":"#main"},"up":{"uv":[6.25,7.75,5.5,6.25],"texture":"#main"},"down":{"uv":[7,6.25,6.25,7.75],"texture":"#main"}}},{"rotation":{"origin":[16,11,-2],"angle":-45,"axis":"x"},"from":[3.5,4,10],"to":[6.5,5,16],"faces":{"east":{"uv":[4,6,5.5,6.25],"texture":"#main"},"south":{"uv":[7.75,6,8.5,6.25],"texture":"#main"},"north":{"uv":[5.5,6,6.25,6.25],"texture":"#main"},"west":{"uv":[6.25,6,7.75,6.25],"texture":"#main"},"up":{"uv":[6.25,6,5.5,4.5],"texture":"#main"},"down":{"uv":[7,4.5,6.25,6],"texture":"#main"}}},{"rotation":{"origin":[23,22,13],"angle":-22.5,"axis":"x"},"from":[10.01,15,-2],"to":[12.01,16,1],"faces":{"east":{"uv":[11.5,5.75,12.25,6],"texture":"#main"},"south":{"uv":[13.5,5.75,14,6],"texture":"#main"},"north":{"uv":[12.25,5.75,12.75,6],"texture":"#main"},"west":{"uv":[12.75,5.75,13.5,6],"texture":"#main"},"up":{"uv":[12.75,5.75,12.25,5],"texture":"#main"},"down":{"uv":[13.25,5,12.75,5.75],"texture":"#main"}}},{"rotation":{"origin":[23,22,3],"angle":22.5,"axis":"x"},"from":[10.01,15,15],"to":[12.01,16,18],"faces":{"east":{"uv":[2.25,11.75,3,12],"texture":"#main"},"south":{"uv":[4.25,11.75,4.75,12],"texture":"#main"},"north":{"uv":[3,11.75,3.5,12],"texture":"#main"},"west":{"uv":[3.5,11.75,4.25,12],"texture":"#main"},"up":{"uv":[3.5,11.75,3,11],"texture":"#main"},"down":{"uv":[4,11,3.5,11.75],"texture":"#main"}}},{"rotation":{"origin":[13,22,-7],"angle":22.5,"axis":"z"},"from":[-2,15,3.99],"to":[1,16,5.99],"faces":{"east":{"uv":[4.25,12.25,4.75,12.5],"texture":"#main"},"south":{"uv":[6,12.25,6.75,12.5],"texture":"#main"},"north":{"uv":[4.75,12.25,5.5,12.5],"texture":"#main"},"west":{"uv":[5.5,12.25,6,12.5],"texture":"#main"},"up":{"uv":[5.5,12.25,4.75,11.75],"texture":"#main"},"down":{"uv":[6.25,11.75,5.5,12.25],"texture":"#main"}}},{"rotation":{"origin":[3,22,-7],"angle":-22.5,"axis":"z"},"from":[15,15,3.99],"to":[18,16,5.99],"faces":{"east":{"uv":[10.75,10.25,11.25,10.5],"texture":"#main"},"south":{"uv":[12.5,10.25,13.25,10.5],"texture":"#main"},"north":{"uv":[11.25,10.25,12,10.5],"texture":"#main"},"west":{"uv":[12,10.25,12.5,10.5],"texture":"#main"},"up":{"uv":[12,10.25,11.25,9.75],"texture":"#main"},"down":{"uv":[12.75,9.75,12,10.25],"texture":"#main"}}},{"rotation":{"origin":[17,22,13],"angle":-22.5,"axis":"x"},"from":[4.01,15,-2],"to":[6.01,16,1],"faces":{"east":{"uv":[10.5,12.25,11.25,12.5],"texture":"#main"},"south":{"uv":[12.5,12.25,13,12.5],"texture":"#main"},"north":{"uv":[11.25,12.25,11.75,12.5],"texture":"#main"},"west":{"uv":[11.75,12.25,12.5,12.5],"texture":"#main"},"up":{"uv":[11.75,12.25,11.25,11.5],"texture":"#main"},"down":{"uv":[12.25,11.5,11.75,12.25],"texture":"#main"}}},{"rotation":{"origin":[17,22,3],"angle":22.5,"axis":"x"},"from":[4.01,15,15],"to":[6.01,16,18],"faces":{"east":{"uv":[3,5.25,3.75,5.5],"texture":"#main"},"south":{"uv":[5,5.25,5.5,5.5],"texture":"#main"},"north":{"uv":[3.75,5.25,4.25,5.5],"texture":"#main"},"west":{"uv":[4.25,5.25,5,5.5],"texture":"#main"},"up":{"uv":[4.25,5.25,3.75,4.5],"texture":"#main"},"down":{"uv":[4.75,4.5,4.25,5.25],"texture":"#main"}}},{"rotation":{"origin":[13,22,-1],"angle":22.5,"axis":"z"},"from":[-2,15,9.99],"to":[1,16,11.99],"faces":{"east":{"uv":[11.25,0.5,11.75,0.75],"texture":"#main"},"south":{"uv":[13,0.5,13.75,0.75],"texture":"#main"},"north":{"uv":[11.75,0.5,12.5,0.75],"texture":"#main"},"west":{"uv":[12.5,0.5,13,0.75],"texture":"#main"},"up":{"uv":[12.5,0.5,11.75,0],"texture":"#main"},"down":{"uv":[13.25,0,12.5,0.5],"texture":"#main"}}},{"rotation":{"origin":[3,22,-1],"angle":-22.5,"axis":"z"},"from":[15,15,9.99],"to":[18,16,11.99],"faces":{"east":{"uv":[8,4.25,8.5,4.5],"texture":"#main"},"south":{"uv":[9.75,4.25,10.5,4.5],"texture":"#main"},"north":{"uv":[8.5,4.25,9.25,4.5],"texture":"#main"},"west":{"uv":[9.25,4.25,9.75,4.5],"texture":"#main"},"up":{"uv":[9.25,4.25,8.5,3.75],"texture":"#main"},"down":{"uv":[10,3.75,9.25,4.25],"texture":"#main"}}},{"rotation":{"origin":[17,20,13],"angle":-22.5,"axis":"x"},"from":[4.5,13,-2],"to":[7.5,14,1],"faces":{"east":{"uv":[8.25,11.75,9,12],"texture":"#main"},"south":{"uv":[10.5,11.75,11.25,12],"texture":"#main"},"north":{"uv":[9,11.75,9.75,12],"texture":"#main"},"west":{"uv":[9.75,11.75,10.5,12],"texture":"#main"},"up":{"uv":[9.75,11.75,9,11],"texture":"#main"},"down":{"uv":[10.5,11,9.75,11.75],"texture":"#main"}}},{"rotation":{"origin":[17,20,3],"angle":22.5,"axis":"x"},"from":[4.5,13,15],"to":[7.5,14,18],"faces":{"east":{"uv":[8,3.5,8.75,3.75],"texture":"#main"},"south":{"uv":[10.25,3.5,11,3.75],"texture":"#main"},"north":{"uv":[8.75,3.5,9.5,3.75],"texture":"#main"},"west":{"uv":[9.5,3.5,10.25,3.75],"texture":"#main"},"up":{"uv":[9.5,3.5,8.75,2.75],"texture":"#main"},"down":{"uv":[10.25,2.75,9.5,3.5],"texture":"#main"}}},{"rotation":{"origin":[13,20,-1],"angle":22.5,"axis":"z"},"from":[-2,13,8.5],"to":[1,14,11.5],"faces":{"east":{"uv":[10.25,3.75,11,4],"texture":"#main"},"south":{"uv":[12.5,3.75,13.25,4],"texture":"#main"},"north":{"uv":[11,3.75,11.75,4],"texture":"#main"},"west":{"uv":[11.75,3.75,12.5,4],"texture":"#main"},"up":{"uv":[11.75,3.75,11,3],"texture":"#main"},"down":{"uv":[12.5,3,11.75,3.75],"texture":"#main"}}},{"rotation":{"origin":[3,20,-1],"angle":-22.5,"axis":"z"},"from":[15,13,8.5],"to":[18,14,11.5],"faces":{"east":{"uv":[10,7.25,10.75,7.5],"texture":"#main"},"south":{"uv":[12.25,7.25,13,7.5],"texture":"#main"},"north":{"uv":[10.75,7.25,11.5,7.5],"texture":"#main"},"west":{"uv":[11.5,7.25,12.25,7.5],"texture":"#main"},"up":{"uv":[11.5,7.25,10.75,6.5],"texture":"#main"},"down":{"uv":[12.25,6.5,11.5,7.25],"texture":"#main"}}},{"rotation":{"origin":[16,8,16],"angle":0,"axis":"y"},"from":[6,3,6],"to":[10,18,10],"faces":{"east":{"uv":[0,5.5,1,9.25],"texture":"#main"},"south":{"uv":[3,5.5,4,9.25],"texture":"#main"},"north":{"uv":[1,5.5,2,9.25],"texture":"#main"},"west":{"uv":[2,5.5,3,9.25],"texture":"#main"},"up":{"uv":[2,5.5,1,4.5],"texture":"#main"},"down":{"uv":[3,4.5,2,5.5],"texture":"#main"}}},{"rotation":{"origin":[16,8,16],"angle":0,"axis":"y"},"from":[7,8,7],"to":[9,21,9],"faces":{"east":{"uv":[4,8.5,4.5,11.75],"texture":"#main"},"south":{"uv":[5.5,8.5,6,11.75],"texture":"#main"},"north":{"uv":[4.5,8.5,5,11.75],"texture":"#main"},"west":{"uv":[5,8.5,5.5,11.75],"texture":"#main"},"up":{"uv":[5,8.5,4.5,8],"texture":"#main"},"down":{"uv":[5.5,8,5,8.5],"texture":"#main"}}}],"display":{"head":{"translation":[0,-16.25,0]}}}