{"parent":"physical_parent","textures":{"main":"pokemon/flygon"},"ambientocclusion":false,"texture_size":[128,128],"elements":[{"rotation":{"origin":[8,22.54747,-3.55237],"angle":-22.5,"axis":"x"},"from":[4.995,20.04247,-6.55737],"to":[11.005,25.05247,-0.54737],"faces":{"east":{"uv":[0,6.5,0.75,7.125],"texture":"#main"},"south":{"uv":[2.25,6.5,3,7.125],"texture":"#main"},"north":{"uv":[0.75,6.5,1.5,7.125],"texture":"#main"},"west":{"uv":[1.5,6.5,2.25,7.125],"texture":"#main"},"up":{"uv":[1.5,6.5,0.75,5.75],"texture":"#main"},"down":{"uv":[2.25,5.75,1.5,6.5],"texture":"#main"}}},{"rotation":{"origin":[4.5,22.95402,-3.29276],"angle":-22.5,"axis":"x"},"from":[3.995,21.44902,-5.29776],"to":[5.005,24.45902,-1.28776],"faces":{"east":{"uv":[7.875,5.875,8.375,6.25],"texture":"#main"},"south":{"uv":[9,5.875,9.125,6.25],"texture":"#main"},"north":{"uv":[8.375,5.875,8.5,6.25],"texture":"#main"},"west":{"uv":[8.5,5.875,9,6.25],"texture":"#main"},"up":{"uv":[8.5,5.875,8.375,5.375],"texture":"#main"},"down":{"uv":[8.625,5.375,8.5,5.875],"texture":"#main"}}},{"rotation":{"origin":[11.5,22.95402,-3.29276],"angle":-22.5,"axis":"x"},"from":[10.995,21.44902,-5.29776],"to":[12.005,24.45902,-1.28776],"faces":{"east":{"uv":[0,0.5,0.5,0.875],"texture":"#main"},"south":{"uv":[1.125,0.5,1.25,0.875],"texture":"#main"},"north":{"uv":[0.5,0.5,0.625,0.875],"texture":"#main"},"west":{"uv":[0.625,0.5,1.125,0.875],"texture":"#main"},"up":{"uv":[0.625,0.5,0.5,0],"texture":"#main"},"down":{"uv":[0.75,0,0.625,0.5],"texture":"#main"}}},{"rotation":{"origin":[6.5,24.75457,-3.47395],"angle":-45,"axis":"x"},"from":[5,23.25457,-5.97395],"to":[8,26.25457,-0.97395],"faces":{"east":{"uv":[6.125,8,6.75,8.375],"texture":"#main"},"south":{"uv":[7.75,8,8.125,8.375],"texture":"#main"},"north":{"uv":[6.75,8,7.125,8.375],"texture":"#main"},"west":{"uv":[7.125,8,7.75,8.375],"texture":"#main"},"up":{"uv":[7.125,8,6.75,7.375],"texture":"#main"},"down":{"uv":[7.5,7.375,7.125,8],"texture":"#main"}}},{"rotation":{"origin":[6.5,27.50001,0.69046],"angle":-22.5,"axis":"x"},"from":[5.5,26.5,-2.30954],"to":[7.5,28.5,3.69046],"faces":{"east":{"uv":[1.25,8.125,2,8.375],"texture":"#main"},"south":{"uv":[3,8.125,3.25,8.375],"texture":"#main"},"north":{"uv":[2,8.125,2.25,8.375],"texture":"#main"},"west":{"uv":[2.25,8.125,3,8.375],"texture":"#main"},"up":{"uv":[2.25,8.125,2,7.375],"texture":"#main"},"down":{"uv":[2.5,7.375,2.25,8.125],"texture":"#main"}}},{"rotation":{"origin":[6.5,28.75,6.19046],"angle":0,"axis":"x"},"from":[6,28.25,3.19046],"to":[7,29.25,9.19046],"faces":{"east":{"uv":[7.375,8.375,8.125,8.5],"texture":"#main"},"south":{"uv":[9,8.375,9.125,8.5],"texture":"#main"},"north":{"uv":[8.125,8.375,8.25,8.5],"texture":"#main"},"west":{"uv":[8.25,8.375,9,8.5],"texture":"#main"},"up":{"uv":[8.25,8.375,8.125,7.625],"texture":"#main"},"down":{"uv":[8.375,7.625,8.25,8.375],"texture":"#main"}}},{"rotation":{"origin":[9.5,24.75457,-3.47395],"angle":-45,"axis":"x"},"from":[8,23.25457,-5.97395],"to":[11,26.25457,-0.97395],"faces":{"east":{"uv":[7.125,0.625,7.75,1],"texture":"#main"},"south":{"uv":[8.75,0.625,9.125,1],"texture":"#main"},"north":{"uv":[7.75,0.625,8.125,1],"texture":"#main"},"west":{"uv":[8.125,0.625,8.75,1],"texture":"#main"},"up":{"uv":[8.125,0.625,7.75,0],"texture":"#main"},"down":{"uv":[8.5,0,8.125,0.625],"texture":"#main"}}},{"rotation":{"origin":[9.5,27.50001,0.69046],"angle":-22.5,"axis":"x"},"from":[8.5,26.5,-2.30954],"to":[10.5,28.5,3.69046],"faces":{"east":{"uv":[4.75,7.375,5.5,7.625],"texture":"#main"},"south":{"uv":[6.5,7.375,6.75,7.625],"texture":"#main"},"north":{"uv":[5.5,7.375,5.75,7.625],"texture":"#main"},"west":{"uv":[5.75,7.375,6.5,7.625],"texture":"#main"},"up":{"uv":[5.75,7.375,5.5,6.625],"texture":"#main"},"down":{"uv":[6,6.625,5.75,7.375],"texture":"#main"}}},{"rotation":{"origin":[9.5,28.75,6.19046],"angle":0,"axis":"x"},"from":[9,28.25,3.19046],"to":[10,29.25,9.19046],"faces":{"east":{"uv":[3.75,0.75,4.5,0.875],"texture":"#main"},"south":{"uv":[5.375,0.75,5.5,0.875],"texture":"#main"},"north":{"uv":[4.5,0.75,4.625,0.875],"texture":"#main"},"west":{"uv":[4.625,0.75,5.375,0.875],"texture":"#main"},"up":{"uv":[4.625,0.75,4.5,0],"texture":"#main"},"down":{"uv":[4.75,0,4.625,0.75],"texture":"#main"}}},{"rotation":{"origin":[8,10,9],"angle":22.5,"axis":"x"},"from":[4,6,4],"to":[12,14,14],"faces":{"east":{"uv":[0,1.25,1.25,2.25],"texture":"#main"},"south":{"uv":[3.5,1.25,4.5,2.25],"texture":"#main"},"north":{"uv":[1.25,1.25,2.25,2.25],"texture":"#main"},"west":{"uv":[2.25,1.25,3.5,2.25],"texture":"#main"},"up":{"uv":[2.25,1.25,1.25,0],"texture":"#main"},"down":{"uv":[3.25,0,2.25,1.25],"texture":"#main"}}},{"rotation":{"origin":[8,13.89645,2.68934],"angle":45,"axis":"x"},"from":[5,10.89645,-1.81066],"to":[11,16.89645,7.18934],"faces":{"east":{"uv":[4.5,1.125,5.625,1.875],"texture":"#main"},"south":{"uv":[7.5,1.125,8.25,1.875],"texture":"#main"},"north":{"uv":[5.625,1.125,6.375,1.875],"texture":"#main"},"west":{"uv":[6.375,1.125,7.5,1.875],"texture":"#main"},"up":{"uv":[6.375,1.125,5.625,0],"texture":"#main"},"down":{"uv":[7.125,0,6.375,1.125],"texture":"#main"}}},{"rotation":{"origin":[8,18.84881,-1.27373],"angle":-22.5,"axis":"x"},"from":[5.5,15.34881,-3.27373],"to":[10.5,22.34881,0.72627],"faces":{"east":{"uv":[2.5,7.125,3,8],"texture":"#main"},"south":{"uv":[4.125,7.125,4.75,8],"texture":"#main"},"north":{"uv":[3,7.125,3.625,8],"texture":"#main"},"west":{"uv":[3.625,7.125,4.125,8],"texture":"#main"},"up":{"uv":[3.625,7.125,3,6.625],"texture":"#main"},"down":{"uv":[4.25,6.625,3.625,7.125],"texture":"#main"}}},{"rotation":{"origin":[3.5,9.7294,7.34672],"angle":22.5,"axis":"x"},"from":[2,6.2294,2.84672],"to":[5,13.2294,11.84672],"faces":{"east":{"uv":[4.75,3,5.875,3.875],"texture":"#main"},"south":{"uv":[7.375,3,7.75,3.875],"texture":"#main"},"north":{"uv":[5.875,3,6.25,3.875],"texture":"#main"},"west":{"uv":[6.25,3,7.375,3.875],"texture":"#main"},"up":{"uv":[6.25,3,5.875,1.875],"texture":"#main"},"down":{"uv":[6.625,1.875,6.25,3],"texture":"#main"}}},{"rotation":{"origin":[4.25,3,10],"angle":0,"axis":"x"},"from":[2.75,0,9.5],"to":[5.75,6,10.5],"faces":{"east":{"uv":[8.25,1.125,8.375,1.875],"texture":"#main"},"south":{"uv":[8.875,1.125,9.25,1.875],"texture":"#main"},"north":{"uv":[8.375,1.125,8.75,1.875],"texture":"#main"},"west":{"uv":[8.75,1.125,8.875,1.875],"texture":"#main"},"up":{"uv":[8.75,1.125,8.375,1],"texture":"#main"},"down":{"uv":[9.125,1,8.75,1.125],"texture":"#main"}}},{"rotation":{"origin":[12.5,9.7294,7.34672],"angle":22.5,"axis":"x"},"from":[11,6.2294,2.84672],"to":[14,13.2294,11.84672],"faces":{"east":{"uv":[3.625,5.75,4.75,6.625],"texture":"#main"},"south":{"uv":[6.25,5.75,6.625,6.625],"texture":"#main"},"north":{"uv":[4.75,5.75,5.125,6.625],"texture":"#main"},"west":{"uv":[5.125,5.75,6.25,6.625],"texture":"#main"},"up":{"uv":[5.125,5.75,4.75,4.625],"texture":"#main"},"down":{"uv":[5.5,4.625,5.125,5.75],"texture":"#main"}}},{"rotation":{"origin":[11.75,3,10],"angle":0,"axis":"x"},"from":[10.25,0,9.5],"to":[13.25,6,10.5],"faces":{"east":{"uv":[0,8.25,0.125,9],"texture":"#main"},"south":{"uv":[0.625,8.25,1,9],"texture":"#main"},"north":{"uv":[0.125,8.25,0.5,9],"texture":"#main"},"west":{"uv":[0.5,8.25,0.625,9],"texture":"#main"},"up":{"uv":[0.5,8.25,0.125,8.125],"texture":"#main"},"down":{"uv":[0.875,8.125,0.5,8.25],"texture":"#main"}}},{"rotation":{"origin":[5.49667,11.74667,-0.25333],"angle":22.5,"axis":"x"},"from":[4.5,10.75,0.25],"to":[6.5,15.75,2.25],"faces":{"east":{"uv":[3.25,8.25,3.5,8.875],"texture":"#main"},"south":{"uv":[4,8.25,4.25,8.875],"texture":"#main"},"north":{"uv":[3.5,8.25,3.75,8.875],"texture":"#main"},"west":{"uv":[3.75,8.25,4,8.875],"texture":"#main"},"up":{"uv":[3.75,8.25,3.5,8],"texture":"#main"},"down":{"uv":[4,8,3.75,8.25],"texture":"#main"}}},{"rotation":{"origin":[5.49667,11.74667,-0.25333],"angle":22.5,"axis":"x"},"from":[4.495,10.745,-1.755],"to":[6.495,12.745,0.245],"faces":{"east":{"uv":[6.625,5.625,6.875,5.875],"texture":"#main"},"south":{"uv":[7.375,5.625,7.625,5.875],"texture":"#main"},"north":{"uv":[6.875,5.625,7.125,5.875],"texture":"#main"},"west":{"uv":[7.125,5.625,7.375,5.875],"texture":"#main"},"up":{"uv":[7.125,5.625,6.875,5.375],"texture":"#main"},"down":{"uv":[7.375,5.375,7.125,5.625],"texture":"#main"}}},{"rotation":{"origin":[5.49667,11.74667,-0.25333],"angle":22.5,"axis":"x"},"from":[4.495,9.745,-1.755],"to":[6.495,10.745,-0.755],"faces":{"east":{"uv":[3.25,1,3.375,1.125],"texture":"#main"},"south":{"uv":[3.75,1,4,1.125],"texture":"#main"},"north":{"uv":[3.375,1,3.625,1.125],"texture":"#main"},"west":{"uv":[3.625,1,3.75,1.125],"texture":"#main"},"up":{"uv":[3.625,1,3.375,0.875],"texture":"#main"},"down":{"uv":[3.875,0.875,3.625,1],"texture":"#main"}}},{"rotation":{"origin":[10.50333,11.74667,-0.25333],"angle":22.5,"axis":"x"},"from":[9.5,10.75,0.25],"to":[11.5,15.75,2.25],"faces":{"east":{"uv":[4.75,2.125,5,2.75],"texture":"#main"},"south":{"uv":[5.5,2.125,5.75,2.75],"texture":"#main"},"north":{"uv":[5,2.125,5.25,2.75],"texture":"#main"},"west":{"uv":[5.25,2.125,5.5,2.75],"texture":"#main"},"up":{"uv":[5.25,2.125,5,1.875],"texture":"#main"},"down":{"uv":[5.5,1.875,5.25,2.125],"texture":"#main"}}},{"rotation":{"origin":[10.50333,11.74667,-0.25333],"angle":22.5,"axis":"x"},"from":[9.505,10.745,-1.755],"to":[11.505,12.745,0.245],"faces":{"east":{"uv":[4.25,6.875,4.5,7.125],"texture":"#main"},"south":{"uv":[5,6.875,5.25,7.125],"texture":"#main"},"north":{"uv":[4.5,6.875,4.75,7.125],"texture":"#main"},"west":{"uv":[4.75,6.875,5,7.125],"texture":"#main"},"up":{"uv":[4.75,6.875,4.5,6.625],"texture":"#main"},"down":{"uv":[5,6.625,4.75,6.875],"texture":"#main"}}},{"rotation":{"origin":[10.50333,11.74667,-0.25333],"angle":22.5,"axis":"x"},"from":[9.505,9.745,-1.755],"to":[11.505,10.745,-0.755],"faces":{"east":{"uv":[0,1,0.125,1.125],"texture":"#main"},"south":{"uv":[0.5,1,0.75,1.125],"texture":"#main"},"north":{"uv":[0.125,1,0.375,1.125],"texture":"#main"},"west":{"uv":[0.375,1,0.5,1.125],"texture":"#main"},"up":{"uv":[0.375,1,0.125,0.875],"texture":"#main"},"down":{"uv":[0.625,0.875,0.375,1],"texture":"#main"}}},{"rotation":{"origin":[-0.5,23.5,4],"angle":-22.5,"axis":"z"},"from":[-10,18,4],"to":[9,32,4],"faces":{"east":{"uv":[0,4,0,5.75],"texture":"#main"},"south":{"uv":[2.375,4,4.75,5.75],"texture":"#main"},"north":{"uv":[0,4,2.375,5.75],"texture":"#main"},"west":{"uv":[2.375,4,2.375,5.75],"texture":"#main"},"up":{"uv":[2.375,4,0,4],"texture":"#main"},"down":{"uv":[4.75,4,2.375,4],"texture":"#main"}}},{"rotation":{"origin":[16.5,23.5,4],"angle":22.5,"axis":"z"},"from":[7,18,4],"to":[26,32,4],"faces":{"east":{"uv":[0,2.25,0,4],"texture":"#main"},"south":{"uv":[2.375,2.25,4.75,4],"texture":"#main"},"north":{"uv":[0,2.25,2.375,4],"texture":"#main"},"west":{"uv":[2.375,2.25,2.375,4],"texture":"#main"},"up":{"uv":[2.375,2.25,0,2.25],"texture":"#main"},"down":{"uv":[4.75,2.25,2.375,2.25],"texture":"#main"}}},{"rotation":{"origin":[8,7.20711,14.29289],"angle":45,"axis":"x"},"from":[5,4.20711,11.29289],"to":[11,10.20711,17.29289],"faces":{"east":{"uv":[5.5,4.625,6.25,5.375],"texture":"#main"},"south":{"uv":[7.75,4.625,8.5,5.375],"texture":"#main"},"north":{"uv":[6.25,4.625,7,5.375],"texture":"#main"},"west":{"uv":[7,4.625,7.75,5.375],"texture":"#main"},"up":{"uv":[7,4.625,6.25,3.875],"texture":"#main"},"down":{"uv":[7.75,3.875,7,4.625],"texture":"#main"}}},{"rotation":{"origin":[8,3.01577,17.08095],"angle":-22.5,"axis":"x"},"from":[5.5,0.01577,14.58095],"to":[10.5,6.01577,19.58095],"faces":{"east":{"uv":[6,6.625,6.625,7.375],"texture":"#main"},"south":{"uv":[7.875,6.625,8.5,7.375],"texture":"#main"},"north":{"uv":[6.625,6.625,7.25,7.375],"texture":"#main"},"west":{"uv":[7.25,6.625,7.875,7.375],"texture":"#main"},"up":{"uv":[7.25,6.625,6.625,6],"texture":"#main"},"down":{"uv":[7.875,6,7.25,6.625],"texture":"#main"}}},{"rotation":{"origin":[8,-1.39289,18.24289],"angle":0,"axis":"x"},"from":[5.995,-3.89789,16.23789],"to":[10.005,1.11211,20.24789],"faces":{"east":{"uv":[6.625,2.375,7.125,3],"texture":"#main"},"south":{"uv":[8.125,2.375,8.625,3],"texture":"#main"},"north":{"uv":[7.125,2.375,7.625,3],"texture":"#main"},"west":{"uv":[7.625,2.375,8.125,3],"texture":"#main"},"up":{"uv":[7.625,2.375,7.125,1.875],"texture":"#main"},"down":{"uv":[8.125,1.875,7.625,2.375],"texture":"#main"}}},{"rotation":{"origin":[8,-4.97529,17.62977],"angle":22.5,"axis":"x"},"from":[6,-6.97529,15.62977],"to":[10,-2.97529,19.62977],"faces":{"east":{"uv":[0,7.625,0.5,8.125],"texture":"#main"},"south":{"uv":[1.5,7.625,2,8.125],"texture":"#main"},"north":{"uv":[0.5,7.625,1,8.125],"texture":"#main"},"west":{"uv":[1,7.625,1.5,8.125],"texture":"#main"},"up":{"uv":[1,7.625,0.5,7.125],"texture":"#main"},"down":{"uv":[1.5,7.125,1,7.625],"texture":"#main"}}},{"rotation":{"origin":[8,-7.43723,16.32111],"angle":-45,"axis":"x"},"from":[6.495,-8.94223,14.31611],"to":[9.505,-5.93223,18.32611],"faces":{"east":{"uv":[7.75,3.5,8.25,3.875],"texture":"#main"},"south":{"uv":[9.125,3.5,9.5,3.875],"texture":"#main"},"north":{"uv":[8.25,3.5,8.625,3.875],"texture":"#main"},"west":{"uv":[8.625,3.5,9.125,3.875],"texture":"#main"},"up":{"uv":[8.625,3.5,8.25,3],"texture":"#main"},"down":{"uv":[9,3,8.625,3.5],"texture":"#main"}}},{"rotation":{"origin":[8,-9.29165,13.54577],"angle":-22.5,"axis":"x"},"from":[6.995,-10.29665,11.54077],"to":[9.005,-8.28665,15.55077],"faces":{"east":{"uv":[7.75,4.375,8.25,4.625],"texture":"#main"},"south":{"uv":[9,4.375,9.25,4.625],"texture":"#main"},"north":{"uv":[8.25,4.375,8.5,4.625],"texture":"#main"},"west":{"uv":[8.5,4.375,9,4.625],"texture":"#main"},"up":{"uv":[8.5,4.375,8.25,3.875],"texture":"#main"},"down":{"uv":[8.75,3.875,8.5,4.375],"texture":"#main"}}},{"rotation":{"origin":[8,-9.95595,9.97714],"angle":0,"axis":"x"},"from":[7.5,-10.45595,7.97714],"to":[8.5,-9.45595,11.97714],"faces":{"east":{"uv":[2.25,6.25,2.75,6.375],"texture":"#main"},"south":{"uv":[3.375,6.25,3.5,6.375],"texture":"#main"},"north":{"uv":[2.75,6.25,2.875,6.375],"texture":"#main"},"west":{"uv":[2.875,6.25,3.375,6.375],"texture":"#main"},"up":{"uv":[2.875,6.25,2.75,5.75],"texture":"#main"},"down":{"uv":[3,5.75,2.875,6.25],"texture":"#main"}}},{"rotation":{"origin":[8,-10,7.5807],"angle":0,"axis":"x"},"from":[5.5,-10,4.5807],"to":[10.5,-10,10.5807],"faces":{"east":{"uv":[2.5,0.75,3.25,0.75],"texture":"#main"},"south":{"uv":[4.625,0.75,5.25,0.75],"texture":"#main"},"north":{"uv":[3.25,0.75,3.875,0.75],"texture":"#main"},"west":{"uv":[3.875,0.75,4.625,0.75],"texture":"#main"},"up":{"uv":[0.75,9.875,0.125,9.125],"texture":"#main"},"down":{"uv":[0.75,9.125,0.125,9.875],"texture":"#main"}}},{"rotation":{"origin":[9.25,-10,8.0807],"angle":-22.5,"axis":"y"},"from":[6.75,-9.995,5.0807],"to":[11.75,-9.995,11.0807],"faces":{"east":{"uv":[2.5,0.75,3.25,0.75],"texture":"#main"},"south":{"uv":[4.625,0.75,5.25,0.75],"texture":"#main"},"north":{"uv":[3.25,0.75,3.875,0.75],"texture":"#main"},"west":{"uv":[3.875,0.75,4.625,0.75],"texture":"#main"},"up":{"uv":[3.875,0.75,3.25,0],"texture":"#main"},"down":{"uv":[3.875,0,3.25,0.75],"texture":"#main"}}},{"rotation":{"origin":[6.75,-10,8.0807],"angle":22.5,"axis":"y"},"from":[4.25,-9.995,5.0807],"to":[9.25,-9.995,11.0807],"faces":{"east":{"uv":[4.625,0.75,3.875,0.75],"texture":"#main"},"south":{"uv":[5.25,0.75,4.625,0.75],"texture":"#main"},"north":{"uv":[3.875,0.75,3.25,0.75],"texture":"#main"},"west":{"uv":[3.25,0.75,2.5,0.75],"texture":"#main"},"up":{"uv":[3.25,0.75,3.875,0],"texture":"#main"},"down":{"uv":[3.25,0,3.875,0.75],"texture":"#main"}}}],"display":{"head":{"rotation":[-17,0,0],"translation":[0,-5.75,0],"scale":[1.85,1.85,1.85]}},"groups":[{"children":[{"children":[0,1,2,{"children":[3,4,5],"origin":[8,8,8],"name":"headornament0"},{"children":[6,7,8],"origin":[8,8,8],"name":"headornament1"}],"origin":[8,8,8],"name":"head"},{"children":[9,10,11,{"children":[12,13],"origin":[8,8,8],"name":"leg0"},{"children":[14,15],"origin":[8,8,8],"name":"leg1"},{"children":[16,17,18],"origin":[8,8,8],"name":"arm0"},{"children":[19,20,21],"origin":[8,8,8],"name":"arm1"},{"children":[22],"origin":[8,8,8],"name":"wing0"},{"children":[23],"origin":[8,8,8],"name":"wing1"},{"children":[24,25,26,27,28,29,30,31,32,33],"origin":[8,8,8],"name":"tail"}],"origin":[8,8,8],"name":"body"}],"origin":[8,8,8],"name":"flygon"}]}