{"parent":"physical_parent","textures":{"main":"pokemon/magcargo"},"texture_size":[112,112],"elements":[{"rotation":{"origin":[8,8,7],"angle":0,"axis":"y"},"from":[3,0,1.25],"to":[13,2,14],"faces":{"east":{"uv":[8.85714,1.71429,10.57143,2],"texture":"#main"},"south":{"uv":[13.71429,1.71429,15.14286,2],"texture":"#main"},"north":{"uv":[10.57143,1.71429,12,2],"texture":"#main"},"west":{"uv":[12,1.71429,13.71429,2],"texture":"#main"},"up":{"uv":[12,1.71429,10.57143,0],"texture":"#main"},"down":{"uv":[13.42857,0,12,1.71429],"texture":"#main"}}},{"rotation":{"origin":[8,8,7],"angle":0,"axis":"y"},"from":[4,0,14],"to":[12,1,16],"faces":{"east":{"uv":[0,10,0.28571,10.14286],"texture":"#main"},"south":{"uv":[1.71429,10,2.85714,10.14286],"texture":"#main"},"north":{"uv":[0.28571,10,1.42857,10.14286],"texture":"#main"},"west":{"uv":[1.42857,10,1.71429,10.14286],"texture":"#main"},"up":{"uv":[1.42857,10,0.28571,9.71429],"texture":"#main"},"down":{"uv":[2.57143,9.71429,1.42857,10],"texture":"#main"}}},{"rotation":{"origin":[8,8,7],"angle":0,"axis":"y"},"from":[1,0,-0.25],"to":[15,0,17],"faces":{"east":{"uv":[0,2.42857,2.42857,2.42857],"texture":"#main"},"south":{"uv":[6.85714,2.42857,8.85714,2.42857],"texture":"#main"},"north":{"uv":[2.42857,2.42857,4.42857,2.42857],"texture":"#main"},"west":{"uv":[4.42857,2.42857,6.85714,2.42857],"texture":"#main"},"up":{"uv":[4.42857,2.42857,2.42857,0],"texture":"#main"},"down":{"uv":[6.42857,0,4.42857,2.42857],"texture":"#main"}}},{"rotation":{"origin":[8,11,8],"angle":0,"axis":"y"},"from":[9.25,5.75,-0.25],"to":[10.5,7,1],"faces":{"east":{"uv":[2,10.57143,2.14286,10.71429],"texture":"#main"},"south":{"uv":[2.42857,10.57143,2.57143,10.71429],"texture":"#main"},"north":{"uv":[2.14286,10.57143,2.28571,10.71429],"texture":"#main"},"west":{"uv":[2.28571,10.57143,2.42857,10.71429],"texture":"#main"},"up":{"uv":[2.28571,10.57143,2.14286,10.42857],"texture":"#main"},"down":{"uv":[2.42857,10.42857,2.28571,10.57143],"texture":"#main"}}},{"rotation":{"origin":[8,11,8],"angle":0,"axis":"y"},"from":[5.5,5.75,-0.25],"to":[6.75,7,1],"faces":{"east":{"uv":[0.85714,10.85714,1,11],"texture":"#main"},"south":{"uv":[1.28571,10.85714,1.42857,11],"texture":"#main"},"north":{"uv":[1,10.85714,1.14286,11],"texture":"#main"},"west":{"uv":[1.14286,10.85714,1.28571,11],"texture":"#main"},"up":{"uv":[1.14286,10.85714,1,10.71429],"texture":"#main"},"down":{"uv":[1.28571,10.71429,1.14286,10.85714],"texture":"#main"}}},{"rotation":{"origin":[8,11,8],"angle":0,"axis":"y"},"from":[5.75,7,0],"to":[6.5,8.25,1],"faces":{"east":{"uv":[0.85714,10.85714,1,11],"texture":"#main"},"south":{"uv":[1.14286,10.85714,1.14286,11],"texture":"#main"},"north":{"uv":[1,10.85714,1,11],"texture":"#main"},"west":{"uv":[1,10.85714,1.14286,11],"texture":"#main"},"up":{"uv":[2.28557,11.85657,2.714,11.42857],"texture":"#main"},"down":{"uv":[1,10.71429,1,10.85714],"texture":"#main"}}},{"rotation":{"origin":[8,11,8],"angle":0,"axis":"y"},"from":[9.5,7,0],"to":[10.25,8.25,1],"faces":{"east":{"uv":[0.85714,10.85714,1,11],"texture":"#main"},"south":{"uv":[1.14286,10.85714,1.14286,11],"texture":"#main"},"north":{"uv":[1,10.85714,1,11],"texture":"#main"},"west":{"uv":[1,10.85714,1.14286,11],"texture":"#main"},"up":{"uv":[2.28557,11.85657,2.714,11.42857],"texture":"#main"},"down":{"uv":[1,10.71429,1,10.85714],"texture":"#main"}}},{"rotation":{"origin":[8,11,8],"angle":0,"axis":"y"},"from":[5,7,1],"to":[11,11,7],"faces":{"east":{"uv":[3.42857,6.28571,4.28571,6.85714],"texture":"#main"},"south":{"uv":[6,6.28571,6.85714,6.85714],"texture":"#main"},"north":{"uv":[4.28571,6.28571,5.14286,6.85714],"texture":"#main"},"west":{"uv":[5.14286,6.28571,6,6.85714],"texture":"#main"},"up":{"uv":[5.14286,6.28571,4.28571,5.42857],"texture":"#main"},"down":{"uv":[6,5.42857,5.14286,6.28571],"texture":"#main"}}},{"rotation":{"origin":[8,11,8],"angle":0,"axis":"y"},"from":[6.5,7.25,0],"to":[9.5,8,1],"faces":{"east":{"uv":[5.14286,7.14286,5.28571,7.14286],"texture":"#main"},"south":{"uv":[5.85714,7.14286,6.28571,7.14286],"texture":"#main"},"north":{"uv":[5.28571,7.14286,5.71429,7.14286],"texture":"#main"},"west":{"uv":[5.71429,7.14286,5.85714,7.14286],"texture":"#main"},"up":{"uv":[5.71429,7.14286,5.28571,7],"texture":"#main"},"down":{"uv":[6.14286,7,5.71429,7.14286],"texture":"#main"}}},{"rotation":{"origin":[8,11,8],"angle":0,"axis":"y"},"from":[6,8,-1],"to":[10,11,1],"faces":{"east":{"uv":[2.85714,10,3.14286,10.42857],"texture":"#main"},"south":{"uv":[4,10,4.57143,10.42857],"texture":"#main"},"north":{"uv":[3.14286,10,3.71429,10.42857],"texture":"#main"},"west":{"uv":[3.71429,10,4,10.42857],"texture":"#main"},"up":{"uv":[3.71429,10,3.14286,9.71429],"texture":"#main"},"down":{"uv":[4.28571,9.71429,3.71429,10],"texture":"#main"}}},{"rotation":{"origin":[6.23459,11.64703,3.81791],"angle":22.5,"axis":"x"},"from":[5.25,10.13612,1.81548],"to":[7.25,13.13612,3.81548],"faces":{"east":{"uv":[5.71429,10,6,10.42857],"texture":"#main"},"south":{"uv":[6.57143,10,6.85714,10.42857],"texture":"#main"},"north":{"uv":[3.85657,10.85657,4.99914,12.57014],"texture":"#main"},"west":{"uv":[6.28571,10,6.57143,10.42857],"texture":"#main"},"up":{"uv":[6.28571,10,6,9.71429],"texture":"#main"},"down":{"uv":[6.57143,9.71429,6.28571,10],"texture":"#main"}}},{"rotation":{"origin":[9.76541,11.64703,3.81791],"angle":22.5,"axis":"x"},"from":[8.75,10.13612,1.81548],"to":[10.75,13.13612,3.81548],"faces":{"east":{"uv":[4.57143,10,4.85714,10.42857],"texture":"#main"},"south":{"uv":[5.42857,10,5.71429,10.42857],"texture":"#main"},"north":{"uv":[3.857,10.857,4.99957,12.571],"texture":"#main"},"west":{"uv":[5.14286,10,5.42857,10.42857],"texture":"#main"},"up":{"uv":[5.14286,10,4.85714,9.71429],"texture":"#main"},"down":{"uv":[5.42857,9.71429,5.14286,10],"texture":"#main"}}},{"rotation":{"origin":[7.99476,12.00349,6.00175],"angle":0,"axis":"x"},"from":[5,11,3],"to":[11,13.5,7],"faces":{"east":{"uv":[2.57143,9.42857,3.14286,9.71429],"texture":"#main"},"south":{"uv":[4.57143,9.42857,5.42857,9.71429],"texture":"#main"},"north":{"uv":[3.14286,9.42857,4,9.71429],"texture":"#main"},"west":{"uv":[4,9.42857,4.57143,9.71429],"texture":"#main"},"up":{"uv":[4,9.42857,3.14286,8.85714],"texture":"#main"},"down":{"uv":[4.85714,8.85714,4,9.42857],"texture":"#main"}}},{"rotation":{"origin":[7.99476,12.00349,6.00175],"angle":0,"axis":"x"},"from":[5,13.5,3],"to":[7.5,14.25,5],"faces":{"east":{"uv":[6.85714,8.71429,7.14286,8.71429],"texture":"#main"},"south":{"uv":[7.71429,8.71429,8,8.71429],"texture":"#main"},"north":{"uv":[7.14286,8.71429,7.42857,8.71429],"texture":"#main"},"west":{"uv":[7.42857,8.71429,7.71429,8.71429],"texture":"#main"},"up":{"uv":[7.42857,8.71429,7.14286,8.42857],"texture":"#main"},"down":{"uv":[7.71429,8.42857,7.42857,8.71429],"texture":"#main"}}},{"rotation":{"origin":[7.99476,12.00349,6.00175],"angle":0,"axis":"x"},"from":[8.5,13.5,3],"to":[11,14.25,5],"faces":{"east":{"uv":[6.85714,8.71429,7.14286,8.71429],"texture":"#main"},"south":{"uv":[7.71429,8.71429,8,8.71429],"texture":"#main"},"north":{"uv":[7.14286,8.71429,7.42857,8.71429],"texture":"#main"},"west":{"uv":[7.42857,8.71429,7.71429,8.71429],"texture":"#main"},"up":{"uv":[7.42857,8.71429,7.14286,8.42857],"texture":"#main"},"down":{"uv":[7.71429,8.42857,7.42857,8.71429],"texture":"#main"}}},{"rotation":{"origin":[8.00785,3.00089,7.49126],"angle":22.5,"axis":"x"},"from":[5,0,3],"to":[11,5,9],"faces":{"east":{"uv":[0,6.28571,0.85714,7],"texture":"#main"},"south":{"uv":[2.57143,6.28571,3.42857,7],"texture":"#main"},"north":{"uv":[0.85714,6.28571,1.71429,7],"texture":"#main"},"west":{"uv":[1.71429,6.28571,2.57143,7],"texture":"#main"},"up":{"uv":[1.71429,6.28571,0.85714,5.42857],"texture":"#main"},"down":{"uv":[2.57143,5.42857,1.71429,6.28571],"texture":"#main"}}},{"rotation":{"origin":[8.00785,3.00089,7.49126],"angle":22.5,"axis":"x"},"from":[5.25,2.75,9],"to":[10.75,5,14],"faces":{"east":{"uv":[2.57143,8.57143,3.28571,8.85714],"texture":"#main"},"south":{"uv":[4.71429,8.57143,5.42857,8.85714],"texture":"#main"},"north":{"uv":[3.28571,8.57143,4,8.85714],"texture":"#main"},"west":{"uv":[4,8.57143,4.71429,8.85714],"texture":"#main"},"up":{"uv":[4,8.57143,3.28571,7.85714],"texture":"#main"},"down":{"uv":[4.71429,7.85714,4,8.57143],"texture":"#main"}}},{"rotation":{"origin":[8.00436,3.5035,4.99214],"angle":22.5,"axis":"x"},"from":[6,0.75,2.5],"to":[10,9,7.5],"faces":{"east":{"uv":[0,8.57143,0.71429,9.71429],"texture":"#main"},"south":{"uv":[2,8.57143,2.57143,9.71429],"texture":"#main"},"north":{"uv":[0.71429,8.57143,1.28571,9.71429],"texture":"#main"},"west":{"uv":[1.28571,8.57143,2,9.71429],"texture":"#main"},"up":{"uv":[1.28571,8.57143,0.71429,7.85714],"texture":"#main"},"down":{"uv":[1.85714,7.85714,1.28571,8.57143],"texture":"#main"}}},{"rotation":{"origin":[8.00698,7.99302,11.99999],"angle":22.5,"axis":"x"},"from":[4.75,3,7],"to":[11.25,13,17],"faces":{"east":{"uv":[0,4,1.42857,5.42857],"texture":"#main"},"south":{"uv":[3.71429,4,4.57143,5.42857],"texture":"#main"},"north":{"uv":[1.42857,4,2.28571,5.42857],"texture":"#main"},"west":{"uv":[2.28571,4,3.71429,5.42857],"texture":"#main"},"up":{"uv":[2.28571,4,1.42857,2.57143],"texture":"#main"},"down":{"uv":[3.14286,2.57143,2.28571,4],"texture":"#main"}}},{"rotation":{"origin":[8.00698,7.99302,11.99999],"angle":22.5,"axis":"x"},"from":[3.75,4,8],"to":[12.25,12,16],"faces":{"east":{"uv":[4.57143,3.71429,5.71429,4.85714],"texture":"#main"},"south":{"uv":[8,3.71429,9.14286,4.85714],"texture":"#main"},"north":{"uv":[5.71429,3.71429,6.85714,4.85714],"texture":"#main"},"west":{"uv":[6.85714,3.71429,8,4.85714],"texture":"#main"},"up":{"uv":[6.85714,3.71429,5.71429,2.57143],"texture":"#main"},"down":{"uv":[8,2.57143,6.85714,3.71429],"texture":"#main"}}},{"rotation":{"origin":[8.00698,7.99302,11.99999],"angle":22.5,"axis":"x"},"from":[4.25,11,8],"to":[4.25,20,16],"faces":{"east":{"uv":[9.28557,3.571,10.42814,4.85657],"texture":"#main"},"south":{"uv":[9.14286,6.57143,9.14286,7.85714],"texture":"#main"},"north":{"uv":[8,6.57143,8,7.85714],"texture":"#main"},"west":{"uv":[9.28557,3.571,10.42814,4.85657],"texture":"#main"},"up":{"uv":[8,6.57143,8,5.42857],"texture":"#main"},"down":{"uv":[8,5.42857,8,6.57143],"texture":"#main"}}}],"display":{"head":{"rotation":[0,-1,0],"translation":[0,-28.75,0],"scale":[1.8,1.8,1.8]}}}