{"parent":"physical_parent","textures":{"main":"pokemon/poliwrath"},"elements":[{"from":[0,7,0],"to":[16,23,16],"rotation":{"angle":0,"axis":"y","origin":[0,-3,0]},"faces":{"north":{"uv":[8.5,0,12.5,4],"rotation":180,"texture":"#main"},"east":{"uv":[4.25,0,8.25,4],"texture":"#main"},"south":{"uv":[0,0,4,4],"texture":"#main"},"west":{"uv":[8.5,0,12.5,4],"texture":"#main"},"up":{"uv":[4.25,0,8.25,4],"rotation":180,"texture":"#main"},"down":{"uv":[4.25,0,8.25,4],"rotation":90,"texture":"#main"}}},{"from":[1,0,6],"to":[6,3,13],"rotation":{"angle":0,"axis":"y","origin":[0,-3,0]},"faces":{"north":{"uv":[11.25,4.75,12.5,5.5],"texture":"#main"},"east":{"uv":[10.25,4.75,11,6.25],"rotation":90,"texture":"#main"},"south":{"uv":[11.25,4.75,12.5,5.5],"texture":"#main"},"west":{"uv":[11.25,4.75,12,6.25],"rotation":90,"texture":"#main"},"up":{"uv":[9.75,4.75,11,6.25],"texture":"#main"},"down":{"uv":[9.75,4.75,11,6.25],"texture":"#main"}}},{"from":[10,0,6],"to":[15,3,13],"rotation":{"angle":0,"axis":"y","origin":[0,-3,0]},"faces":{"north":{"uv":[11.25,4.75,12.5,5.5],"texture":"#main"},"east":{"uv":[10.25,4.75,11,6.25],"rotation":90,"texture":"#main"},"south":{"uv":[11.25,4.75,12.5,5.5],"texture":"#main"},"west":{"uv":[11.25,4.75,12,6.25],"rotation":90,"texture":"#main"},"up":{"uv":[9.75,4.75,11,6.25],"texture":"#main"},"down":{"uv":[9.75,4.75,11,6.25],"texture":"#main"}}},{"from":[10,3,6],"to":[15,11,11],"rotation":{"angle":0,"axis":"y","origin":[0,-3,0]},"faces":{"north":{"uv":[7.5,4.75,8.75,6.75],"texture":"#main"},"east":{"uv":[6,4.75,7.25,6.75],"texture":"#main"},"south":{"uv":[4.5,4.75,5.75,6.75],"texture":"#main"},"west":{"uv":[6,4.75,7.25,6.75],"texture":"#main"},"up":{"uv":[7.5,4.75,8.75,6.75],"texture":"#main"}}},{"from":[1,3,6],"to":[6,11,11],"rotation":{"angle":0,"axis":"y","origin":[0,-3,0]},"faces":{"north":{"uv":[6,4.75,7.25,6.75],"rotation":180,"texture":"#main"},"east":{"uv":[7.5,4.75,8.75,6.75],"texture":"#main"},"south":{"uv":[4.5,4.75,5.75,6.75],"texture":"#main"},"west":{"uv":[6,4.75,7.25,6.75],"texture":"#main"},"up":{"uv":[7.5,4.75,8.75,6.75],"texture":"#main"}}},{"from":[15.9487,10.007,2.0088],"to":[20.9487,22.007,7.0088],"rotation":{"angle":45,"axis":"z","origin":[18.44872,16.00699,4.5088]},"faces":{"north":{"uv":[9.75,4.75,11,7.75],"texture":"#main"},"east":{"uv":[11.25,4.75,12.5,7.75],"texture":"#main"},"south":{"uv":[11.25,4.75,12.5,7.75],"texture":"#main"},"west":{"uv":[9.75,4.75,11,7.75],"texture":"#main"},"down":{"uv":[11.25,4.75,12.5,6],"texture":"#main"}}},{"from":[15.9452,10.0035,7.0158],"to":[21.9452,16.0035,13.0158],"rotation":{"angle":45,"axis":"z","origin":[18.44524,16.00348,9.51577]},"faces":{"north":{"uv":[3.5,10,5,11.5],"texture":"#main"},"east":{"uv":[3.5,10,5,11.5],"texture":"#main"},"south":{"uv":[0,8,1.5,9.5],"rotation":180,"texture":"#main"},"west":{"uv":[4,8,5.5,9.5],"rotation":180,"texture":"#main"},"up":{"uv":[0,10,1.5,11.5],"rotation":90,"texture":"#main"},"down":{"uv":[1.75,10,3.25,11.5],"rotation":90,"texture":"#main"}}},{"from":[-4.9871,10.0124,1.9894],"to":[0.0129,22.0124,6.9894],"rotation":{"angle":-45,"axis":"z","origin":[-2.4871,16.01245,4.48941]},"faces":{"north":{"uv":[9.75,4.75,11,7.75],"texture":"#main"},"east":{"uv":[11.25,4.75,12.5,7.75],"texture":"#main"},"south":{"uv":[9.75,4.75,11,7.75],"texture":"#main"},"west":{"uv":[9.75,4.75,11,7.75],"texture":"#main"},"down":{"uv":[11.25,4.75,12.5,6],"texture":"#main"}}},{"from":[-5.7077,10.7412,6.9813],"to":[0.2923,16.7412,12.9813],"rotation":{"angle":-45,"axis":"z","origin":[-3.20774,16.74119,9.48134]},"faces":{"north":{"uv":[3.5,10,5,11.5],"texture":"#main"},"east":{"uv":[2.25,8,3.75,9.5],"rotation":180,"texture":"#main"},"south":{"uv":[0,8,1.5,9.5],"texture":"#main"},"west":{"uv":[3.5,10,5,11.5],"texture":"#main"},"up":{"uv":[1.75,10,3.25,11.5],"rotation":270,"texture":"#main"},"down":{"uv":[0,10,1.5,11.5],"rotation":270,"texture":"#main"}}},{"from":[2,23,12],"to":[6,27,16],"rotation":{"angle":0,"axis":"y","origin":[0,-3,0]},"faces":{"north":{"uv":[0,6,1,7],"rotation":90,"texture":"#main"},"east":{"uv":[0,6,1,7],"texture":"#main"},"south":{"uv":[0,4.75,1,5.75],"texture":"#main"},"west":{"uv":[0,6,1,7],"texture":"#main"},"up":{"uv":[0,6,1,7],"texture":"#main"}}},{"from":[10,23,12],"to":[14,27,16],"rotation":{"angle":0,"axis":"y","origin":[0,-3,0]},"faces":{"north":{"uv":[0,6,1,7],"texture":"#main"},"east":{"uv":[0,6,1,7],"texture":"#main"},"south":{"uv":[1.25,4.75,2.25,5.75],"texture":"#main"},"west":{"uv":[0,6,1,7],"rotation":90,"texture":"#main"},"up":{"uv":[0,6,1,7],"texture":"#main"}}},{"from":[6,23,12],"to":[10,25,16],"rotation":{"angle":0,"axis":"y","origin":[0,-3,0]},"faces":{"north":{"uv":[2.5,5.25,3.5,5.75],"texture":"#main"},"south":{"uv":[2.5,5.25,3.5,5.75],"texture":"#main"},"up":{"uv":[0,6,1,7],"texture":"#main"}}}],"display":{"thirdperson_lefthand":{"scale":[0.0001,0.0001,0.0001]},"firstperson_righthand":{"scale":[0.0001,0.0001,0.0001]},"firstperson_lefthand":{"scale":[0.0001,0.0001,0.0001]},"head":{"rotation":[0,180,0],"translation":[0,-33,0],"scale":[1.3,1.3,1.3]}}}