{"texture_size":[32,32],"textures":{"main":"pokemon/chingling"},"elements":[{"from":[5,3.4,3.9],"to":[11,7,9.9],"rotation":{"angle":0,"axis":"y","origin":[8,-1,7]},"faces":{"north":{"uv":[0,6,3,7.75],"texture":"#main"},"east":{"uv":[6,0,9,1.75],"texture":"#main"},"south":{"uv":[6,2,9,3.75],"texture":"#main"},"west":{"uv":[3,6,6,7.75],"texture":"#main"},"up":{"uv":[3,3,0,0],"texture":"#main"},"down":{"uv":[3,3,0,6],"texture":"#main"}}},{"from":[5.075,1.7,3.95],"to":[10.9,3.8,9.85],"rotation":{"angle":0,"axis":"y","origin":[8,-1,6.925]},"faces":{"north":{"uv":[6,4,9,5],"texture":"#main"},"east":{"uv":[6,5,9,6],"texture":"#main"},"south":{"uv":[6,6,9,7],"texture":"#main"},"west":{"uv":[6,7,9,8],"texture":"#main"},"up":{"uv":[6,3,3,0],"texture":"#main"},"down":{"uv":[6,3,3,6],"texture":"#main"}}},{"from":[7.2,6.8,6.225],"to":[8.65,7.8,7.825],"rotation":{"angle":0,"axis":"y","origin":[8,-1,7]},"faces":{"north":{"uv":[10,0.5,10.75,1],"texture":"#main"},"east":{"uv":[1,10,1.75,10.5],"texture":"#main"},"south":{"uv":[10,1,10.75,1.5],"texture":"#main"},"west":{"uv":[10,1.5,10.75,2],"texture":"#main"},"up":{"uv":[9.75,2.75,9,2],"texture":"#main"},"down":{"uv":[3.75,9,3,9.75],"texture":"#main"}}},{"from":[8.5,0.5,5.4],"to":[10.4,1.5,7.4],"rotation":{"angle":-22.5,"axis":"x","origin":[9.45,1,6.4]},"faces":{"north":{"uv":[9,7.5,10,8],"texture":"#main"},"east":{"uv":[9,8.5,10,9],"texture":"#main"},"south":{"uv":[7,9,8,9.5],"texture":"#main"},"west":{"uv":[8,9,9,9.5],"texture":"#main"},"up":{"uv":[3,9,2,8],"texture":"#main"},"down":{"uv":[4,8,3,9],"texture":"#main"}}},{"from":[5.6,0.5,5.4],"to":[7.5,1.5,7.4],"rotation":{"angle":-22.5,"axis":"x","origin":[6.55,1,6.4]},"faces":{"north":{"uv":[9,7.5,10,8],"texture":"#main"},"east":{"uv":[8,9,9,9.5],"texture":"#main"},"south":{"uv":[9,8,10,8.5],"texture":"#main"},"west":{"uv":[9,8.5,10,9],"texture":"#main"},"up":{"uv":[3,9,2,8],"texture":"#main"},"down":{"uv":[4,8,3,9],"texture":"#main"}}},{"from":[2.6,3.1,6.2],"to":[4.8,4.1,7.9],"rotation":{"angle":22.5,"axis":"z","origin":[4.15,4.5,6.75]},"faces":{"north":{"uv":[9,9,10,9.5],"texture":"#main"},"east":{"uv":[0,10,0.75,10.5],"texture":"#main"},"south":{"uv":[7,9.5,8,10],"texture":"#main"},"west":{"uv":[10,0,10.75,0.5],"texture":"#main"},"up":{"uv":[7,8.75,6,8],"texture":"#main"},"down":{"uv":[8,8,7,8.75],"texture":"#main"}}},{"from":[11.2,3.1,6.2],"to":[13.4,4.1,7.9],"rotation":{"angle":-22.5,"axis":"z","origin":[11.85,4.5,6.75]},"faces":{"north":{"uv":[10,9,9,9.5],"texture":"#main"},"east":{"uv":[10.75,0,10,0.5],"texture":"#main"},"south":{"uv":[8,9.5,7,10],"texture":"#main"},"west":{"uv":[0.75,10,0,10.5],"texture":"#main"},"up":{"uv":[6,8.75,7,8],"texture":"#main"},"down":{"uv":[7,8,8,8.75],"texture":"#main"}}},{"from":[9.92837,6.71222,6.45],"to":[10.92837,7.61222,7.75],"rotation":{"angle":-45,"axis":"z","origin":[9.32837,9.21222,7.175]},"faces":{"north":{"uv":[10.5,4,10,4.5],"texture":"#main"},"east":{"uv":[3.75,10,3,10.5],"texture":"#main"},"south":{"uv":[5,10,4.5,10.5],"texture":"#main"},"west":{"uv":[10.75,2.5,10,3],"texture":"#main"},"up":{"uv":[10,3.75,10.5,3],"texture":"#main"},"down":{"uv":[4,10,4.5,10.75],"texture":"#main"}}},{"from":[9.18624,7.37021,6.35],"to":[10.58624,8.87021,7.85],"rotation":{"angle":-45,"axis":"z","origin":[9.38624,8.42021,7.175]},"faces":{"north":{"uv":[9.75,3,9,3.75],"texture":"#main"},"east":{"uv":[5.75,9,5,9.75],"texture":"#main"},"south":{"uv":[9.75,4,9,4.75],"texture":"#main"},"west":{"uv":[4.75,9,4,9.75],"texture":"#main"},"up":{"uv":[9,5.75,9.75,5],"texture":"#main"},"down":{"uv":[6,9,6.75,9.75],"texture":"#main"}}},{"from":[10.25735,8.72756,6.25],"to":[12.05735,10.52756,7.95],"rotation":{"angle":-45,"axis":"z","origin":[10.05735,9.92756,7.175]},"faces":{"north":{"uv":[5,8,4,9],"texture":"#main"},"east":{"uv":[1.75,9,1,10],"texture":"#main"},"south":{"uv":[6,8,5,9],"texture":"#main"},"west":{"uv":[9.75,0,9,1],"texture":"#main"},"up":{"uv":[9,1.75,10,1],"texture":"#main"},"down":{"uv":[2,9,3,9.75],"texture":"#main"}}},{"from":[10.89772,11.22302,6.65],"to":[11.49772,12.02302,7.45],"rotation":{"angle":-45,"axis":"z","origin":[9.47272,11.22302,7.125]},"faces":{"north":{"uv":[10.25,6,10,6.5],"texture":"#main"},"east":{"uv":[5.5,10,5,10.5],"texture":"#main"},"south":{"uv":[6.75,10,6.5,10.5],"texture":"#main"},"west":{"uv":[10.5,4.5,10,5],"texture":"#main"},"up":{"uv":[10,7,10.25,6.5],"texture":"#main"},"down":{"uv":[7,10,7.25,10.5],"texture":"#main"}}},{"from":[10.75735,10.32756,6.65],"to":[11.35735,11.12756,7.45],"rotation":{"angle":-45,"axis":"z","origin":[10.05735,9.92756,7.175]},"faces":{"north":{"uv":[10.25,7,10,7.5],"texture":"#main"},"east":{"uv":[6,10,5.5,10.5],"texture":"#main"},"south":{"uv":[7.75,10,7.5,10.5],"texture":"#main"},"west":{"uv":[10.5,5,10,5.5],"texture":"#main"},"up":{"uv":[10,8,10.25,7.5],"texture":"#main"},"down":{"uv":[8,10,8.25,10.5],"texture":"#main"}}},{"from":[12.42502,10.16067,6.65],"to":[13.02502,10.96067,7.45],"rotation":{"angle":-45,"axis":"z","origin":[10.82502,10.86067,7.125]},"faces":{"north":{"uv":[10.25,8,10,8.5],"texture":"#main"},"east":{"uv":[6.5,10,6,10.5],"texture":"#main"},"south":{"uv":[8.75,10,8.5,10.5],"texture":"#main"},"west":{"uv":[10.5,5.5,10,6],"texture":"#main"},"up":{"uv":[10,9,10.25,8.5],"texture":"#main"},"down":{"uv":[9,10,9.25,10.5],"texture":"#main"}}},{"from":[4.92298,6.93047,6.475],"to":[5.92298,7.83047,7.775],"rotation":{"angle":45,"axis":"z","origin":[6.72298,9.23047,7.125]},"faces":{"north":{"uv":[10,4,10.5,4.5],"texture":"#main"},"east":{"uv":[10,2.5,10.75,3],"texture":"#main"},"south":{"uv":[4.5,10,5,10.5],"texture":"#main"},"west":{"uv":[3,10,3.75,10.5],"texture":"#main"},"up":{"uv":[10.5,3.75,10,3],"texture":"#main"},"down":{"uv":[4.5,10,4,10.75],"texture":"#main"}}},{"from":[5.16512,7.58846,6.3],"to":[6.56512,9.08846,7.8],"rotation":{"angle":45,"axis":"z","origin":[6.66512,8.43846,7.125]},"faces":{"north":{"uv":[9,3,9.75,3.75],"texture":"#main"},"east":{"uv":[4,9,4.75,9.75],"texture":"#main"},"south":{"uv":[9,4,9.75,4.75],"texture":"#main"},"west":{"uv":[5,9,5.75,9.75],"texture":"#main"},"up":{"uv":[9.75,5.75,9,5],"texture":"#main"},"down":{"uv":[6.75,9,6,9.75],"texture":"#main"}}},{"from":[3.794,8.94581,6.2],"to":[5.594,10.74581,7.9],"rotation":{"angle":45,"axis":"z","origin":[5.994,9.94581,7.125]},"faces":{"north":{"uv":[4,8,5,9],"texture":"#main"},"east":{"uv":[9,0,9.75,1],"texture":"#main"},"south":{"uv":[5,8,6,9],"texture":"#main"},"west":{"uv":[1,9,1.75,10],"texture":"#main"},"up":{"uv":[10,1.75,9,1],"texture":"#main"},"down":{"uv":[3,9,2,9.75],"texture":"#main"}}},{"from":[3.05363,11.24127,6.6],"to":[3.65363,12.04127,7.4],"rotation":{"angle":45,"axis":"z","origin":[6.57863,11.24127,7.075]},"faces":{"north":{"uv":[10,6,10.25,6.5],"texture":"#main"},"east":{"uv":[10,4.5,10.5,5],"texture":"#main"},"south":{"uv":[6.5,10,6.75,10.5],"texture":"#main"},"west":{"uv":[5,10,5.5,10.5],"texture":"#main"},"up":{"uv":[10.25,7,10,6.5],"texture":"#main"},"down":{"uv":[7.25,10,7,10.5],"texture":"#main"}}},{"from":[4.294,10.54581,6.6],"to":[4.894,11.34581,7.4],"rotation":{"angle":45,"axis":"z","origin":[5.994,9.94581,7.125]},"faces":{"north":{"uv":[10,7,10.25,7.5],"texture":"#main"},"east":{"uv":[10,5,10.5,5.5],"texture":"#main"},"south":{"uv":[7.5,10,7.75,10.5],"texture":"#main"},"west":{"uv":[5.5,10,6,10.5],"texture":"#main"},"up":{"uv":[10.25,8,10,7.5],"texture":"#main"},"down":{"uv":[8.25,10,8,10.5],"texture":"#main"}}},{"from":[4.02634,10.37892,6.6],"to":[4.62634,11.17892,7.4],"rotation":{"angle":45,"axis":"z","origin":[5.22634,10.87892,7.075]},"faces":{"north":{"uv":[10,8,10.25,8.5],"texture":"#main"},"east":{"uv":[10,5.5,10.5,6],"texture":"#main"},"south":{"uv":[8.5,10,8.75,10.5],"texture":"#main"},"west":{"uv":[6,10,6.5,10.5],"texture":"#main"},"up":{"uv":[10.25,9,10,8.5],"texture":"#main"},"down":{"uv":[9.25,10,9,10.5],"texture":"#main"}}}],"display":{"head":{"translation":[0,-25,0],"scale":[0.8,0.8,0.8]}},"groups":[{"name":"chingling","origin":[0,0,0],"color":0,"children":[0,1,2,3,4,5,6,{"name":"bone2","origin":[0.65056,8.40318,0.175],"color":0,"children":[7,8,9,10,11,12]},{"name":"bone","origin":[-0.55056,8.20318,0.175],"color":0,"children":[13,14,15,16,17,18]}]}]}