{"parent":"physical_parent","textures":{"main":"pokemon/numel"},"texture_size":[32,32],"elements":[{"rotation":{"origin":[8.64357,4.28571,8],"angle":0,"axis":"y"},"from":[4.765,0,11],"to":[6.765,3,13],"faces":{"east":{"uv":[12.5,12.5,13.5,14],"texture":"#main"},"south":{"uv":[12.5,3.5,13.5,5],"texture":"#main"},"north":{"uv":[4.5,12.5,5.5,14],"texture":"#main"},"west":{"uv":[12.5,9,13.5,10.5],"texture":"#main"},"up":{"uv":[14.5,10.5,13.5,9.5],"texture":"#main"},"down":{"uv":[14.5,10.5,13.5,11.5],"texture":"#main"}}},{"rotation":{"origin":[2.03143,4.28571,8],"angle":0,"axis":"y"},"from":[4.26,0,3],"to":[6.26,3,5],"faces":{"east":{"uv":[5.5,13,6.5,14.5],"texture":"#main"},"south":{"uv":[6.5,13,7.5,14.5],"texture":"#main"},"north":{"uv":[12.5,10.5,13.5,12],"texture":"#main"},"west":{"uv":[7.5,13,8.5,14.5],"texture":"#main"},"up":{"uv":[14.5,12.5,13.5,11.5],"texture":"#main"},"down":{"uv":[14.5,12.5,13.5,13.5],"texture":"#main"}}},{"rotation":{"origin":[13.61143,4.28571,8],"angle":0,"axis":"y"},"from":[9.74,0,3],"to":[11.74,3,5],"faces":{"east":{"uv":[13,0,14,1.5],"texture":"#main"},"south":{"uv":[0,13.5,1,15],"texture":"#main"},"north":{"uv":[8.5,13,9.5,14.5],"texture":"#main"},"west":{"uv":[9.5,13.5,10.5,15],"texture":"#main"},"up":{"uv":[2,15,1,14],"texture":"#main"},"down":{"uv":[3,14,2,15],"texture":"#main"}}},{"rotation":{"origin":[7.62857,3.53571,7.9],"angle":0,"axis":"y"},"from":[4.5,2.25,3.15],"to":[11.5,6.25,13.15],"faces":{"east":{"uv":[3.5,0,8.5,2],"texture":"#main"},"south":{"uv":[0,8,3.5,10],"texture":"#main"},"north":{"uv":[7,5,10.5,7],"texture":"#main"},"west":{"uv":[7,7,12,9],"texture":"#main"},"up":{"uv":[3.5,5,0,0],"texture":"#main"},"down":{"uv":[7,3.5,3.5,8.5],"texture":"#main"}}},{"rotation":{"origin":[7.12857,3.53571,7.5],"angle":0,"axis":"y"},"from":[6.5,5.25,3],"to":[9.5,9.25,6],"faces":{"east":{"uv":[9.5,11.5,11,13.5],"texture":"#main"},"south":{"uv":[11,11.5,12.5,13.5],"texture":"#main"},"north":{"uv":[8,11,9.5,13],"texture":"#main"},"west":{"uv":[11.5,0,13,2],"texture":"#main"},"up":{"uv":[5,3.5,3.5,2],"texture":"#main"},"down":{"uv":[6.5,2,5,3.5],"texture":"#main"}}},{"rotation":{"origin":[6.62857,7.53571,6.75],"angle":0,"axis":"y"},"from":[6,9.25,2.25],"to":[10,13.25,6.25],"faces":{"east":{"uv":[10,2,12,4],"texture":"#main"},"south":{"uv":[2,10.5,4,12.5],"texture":"#main"},"north":{"uv":[0,10,2,12],"texture":"#main"},"west":{"uv":[4,10.5,6,12.5],"texture":"#main"},"up":{"uv":[12.5,6,10.5,4],"texture":"#main"},"down":{"uv":[8,11,6,13],"texture":"#main"}}},{"rotation":{"origin":[6.62857,8.03571,8],"angle":0,"axis":"y"},"from":[7,12.75,3.5],"to":[9,13.75,5.5],"faces":{"east":{"uv":[2,10,3,10.5],"texture":"#main"},"south":{"uv":[10.5,9,11.5,9.5],"texture":"#main"},"north":{"uv":[9.5,9,10.5,9.5],"texture":"#main"},"west":{"uv":[11.5,9,12.5,9.5],"texture":"#main"},"up":{"uv":[14.5,8.5,13.5,7.5],"texture":"#main"},"down":{"uv":[14.5,8.5,13.5,9.5],"texture":"#main"}}},{"rotation":{"origin":[6.75,14.5,5.5],"angle":22.5,"axis":"x"},"from":[6.75,13,4],"to":[6.75,16,7],"faces":{"east":{"uv":[0,12,1.5,13.5],"texture":"#main"},"south":{"uv":[0,0,0,1.5],"texture":"#main"},"north":{"uv":[0,0,0,1.5],"texture":"#main"},"west":{"uv":[12,2,13.5,3.5],"texture":"#main"},"up":{"uv":[0,1.5,0,0],"texture":"#main"},"down":{"uv":[0,0,0,1.5],"texture":"#main"}}},{"rotation":{"origin":[9.25,14.5,5.5],"angle":22.5,"axis":"x"},"from":[9.25,13,4],"to":[9.25,16,7],"faces":{"east":{"uv":[12,6,13.5,7.5],"texture":"#main"},"south":{"uv":[0,0,0,1.5],"texture":"#main"},"north":{"uv":[0,0,0,1.5],"texture":"#main"},"west":{"uv":[12,7.5,13.5,9],"texture":"#main"},"up":{"uv":[0,1.5,0,0],"texture":"#main"},"down":{"uv":[0,0,0,1.5],"texture":"#main"}}},{"rotation":{"origin":[7.12857,8.03571,3.25],"angle":0,"axis":"y"},"from":[6.5,9.75,0.75],"to":[9.5,12.75,2.75],"faces":{"east":{"uv":[10.5,13.5,11.5,15],"texture":"#main"},"south":{"uv":[3,12.5,4.5,14],"texture":"#main"},"north":{"uv":[1.5,12.5,3,14],"texture":"#main"},"west":{"uv":[11.5,13.5,12.5,15],"texture":"#main"},"up":{"uv":[12,7,10.5,6],"texture":"#main"},"down":{"uv":[14,5,12.5,6],"texture":"#main"}}},{"rotation":{"origin":[8.12857,3.53571,7.5],"angle":0,"axis":"y"},"from":[5,6.25,6.75],"to":[11,10.25,12.75],"faces":{"east":{"uv":[8.5,0,11.5,2],"texture":"#main"},"south":{"uv":[6.5,9,9.5,11],"texture":"#main"},"north":{"uv":[3.5,8.5,6.5,10.5],"texture":"#main"},"west":{"uv":[9.5,9.5,12.5,11.5],"texture":"#main"},"up":{"uv":[3,8,0,5],"texture":"#main"},"down":{"uv":[10,2,7,5],"texture":"#main"}}},{"rotation":{"origin":[7.64357,4.28571,8],"angle":0,"axis":"y"},"from":[9.265,0,11],"to":[11.265,3,13],"faces":{"east":{"uv":[13.5,1.5,14.5,3],"texture":"#main"},"south":{"uv":[13.5,3,14.5,4.5],"texture":"#main"},"north":{"uv":[13.5,13.5,14.5,15],"texture":"#main"},"west":{"uv":[13.5,6,14.5,7.5],"texture":"#main"},"up":{"uv":[4,15,3,14],"texture":"#main"},"down":{"uv":[5,14,4,15],"texture":"#main"}}}],"display":{"head":{"translation":[0,-29.5,0],"scale":[1.7,1.7,1.7]}}}