{"parent":"physical_parent","textures":{"main":"pokemon/shellder"},"elements":[{"from":[8,1,12],"to":[12,5,16],"faces":{"east":{"uv":[1.75,0,2.75,1],"texture":"#main"},"south":{"uv":[3.75,0.25,4.75,1.25],"texture":"#main"},"west":{"uv":[2.25,0,3.25,1],"texture":"#main"},"up":{"uv":[3.75,0,4.75,1],"texture":"#main"},"down":{"uv":[3.75,0,4.75,1],"texture":"#main","rotation":180}}},{"from":[7,0,6],"to":[13,6,12],"faces":{"east":{"uv":[1.75,0,3.25,1.5],"texture":"#main"},"south":{"uv":[3.5,0,5,1.5],"texture":"#main"},"north":{"uv":[0,0,1.5,1.5],"texture":"#main"},"west":{"uv":[1.75,0,3.25,1.5],"texture":"#main"},"up":{"uv":[3.5,0,5,1.5],"texture":"#main"},"down":{"uv":[3.5,0,5,1.5],"texture":"#main"}}},{"from":[8.5,2,2],"to":[11.5,2.1,6],"faces":{"up":{"uv":[0,1.75,0.75,2.5],"texture":"#main","rotation":180},"down":{"uv":[0,1.75,0.75,2.5],"texture":"#main"}}},{"rotation":{"origin":[11.83934,7.235406,6.997194],"angle":-22.5,"axis":"z"},"from":[11.8393,5.2354,5.9972],"to":[12.8393,8.235399,6.9972],"faces":{"east":{"uv":[5.25,0,5.75,0.5],"texture":"#main"},"south":{"uv":[5.25,0,5.75,0.5],"texture":"#main"},"north":{"uv":[5.25,0,5.75,0.5],"texture":"#main"},"west":{"uv":[5.25,0,5.75,0.5],"texture":"#main"},"up":{"uv":[5.25,0,5.75,0.5],"texture":"#main"},"down":{"uv":[5.25,0,5.75,0.5],"texture":"#main"}}},{"rotation":{"origin":[7.233156,6.849915,6.999325],"angle":22.5,"axis":"z"},"from":[7.2332,4.8499,5.9993],"to":[8.2332,7.8499,6.9993],"faces":{"east":{"uv":[5.25,0,5.75,0.5],"texture":"#main"},"south":{"uv":[5.25,0,5.75,0.5],"texture":"#main"},"north":{"uv":[5.25,0,5.75,0.5],"texture":"#main"},"west":{"uv":[5.25,0,5.75,0.5],"texture":"#main"},"up":{"uv":[5.25,0,5.75,0.5],"texture":"#main"},"down":{"uv":[5.25,0,5.75,0.5],"texture":"#main"}}},{"from":[7,5,4],"to":[13,6,6],"faces":{"east":{"uv":[1.75,0,2.25,0.25],"texture":"#main"},"north":{"uv":[1.75,0,3.25,0.25],"texture":"#main"},"west":{"uv":[1.75,0,2.25,0.25],"texture":"#main"},"up":{"uv":[3.5,0,5,0.5],"texture":"#main"},"down":{"uv":[3.5,0,5,0.5],"texture":"#main"}}},{"from":[7,0,4],"to":[13,1,6],"faces":{"east":{"uv":[1.75,0,2.25,0.25],"texture":"#main"},"north":{"uv":[1.75,0,3.25,0.25],"texture":"#main"},"west":{"uv":[1.75,0,2.25,0.25],"texture":"#main"},"up":{"uv":[3.5,0,5,0.5],"texture":"#main"},"down":{"uv":[3.5,0,5,0.5],"texture":"#main"}}},{"rotation":{"origin":[12.38026,0.0759894,11.00255],"angle":22.5,"axis":"z"},"from":[12.3803,-1.924,10.0026],"to":[13.3803,1.076,11.0026],"faces":{"east":{"uv":[5.25,0,5.75,0.5],"texture":"#main"},"south":{"uv":[5.25,0,5.75,0.5],"texture":"#main"},"north":{"uv":[5.25,0,5.75,0.5],"texture":"#main"},"west":{"uv":[5.25,0,5.75,0.5],"texture":"#main"},"up":{"uv":[5.25,0,5.75,0.5],"texture":"#main"},"down":{"uv":[5.25,0,5.75,0.5],"texture":"#main"}}},{"rotation":{"origin":[6.689145,0.4547716,11.00832],"angle":-22.5,"axis":"z"},"from":[6.6891,-1.5452,10.0083],"to":[7.6891,1.4548,11.0083],"faces":{"east":{"uv":[5.25,0,5.75,0.5],"texture":"#main"},"south":{"uv":[5.25,0,5.75,0.5],"texture":"#main"},"north":{"uv":[5.25,0,5.75,0.5],"texture":"#main"},"west":{"uv":[5.25,0,5.75,0.5],"texture":"#main"},"up":{"uv":[5.25,0,5.75,0.5],"texture":"#main"},"down":{"uv":[5.25,0,5.75,0.5],"texture":"#main"}}}],"display":{"head":{"translation":[-2.086,-29.23,-2.782],"scale":[1.7,1.7,1.7]},"firstperson_righthand":{"scale":[1.0E-4,1.0E-4,1.0E-4]},"thirdperson_lefthand":{"scale":[1.0E-4,1.0E-4,1.0E-4]},"firstperson_lefthand":{"scale":[1.0E-4,1.0E-4,1.0E-4]}}}