{"texture_size":[128,128],"textures":{"particle":"pokemon/electivire","main":"pokemon/electivire"},"elements":[{"from":[-0.418,24.656,-0.88],"to":[11.99,27.296,8.47],"rotation":{"angle":0,"axis":"y","origin":[0,8.728,0]},"faces":{"north":{"uv":[9.125,2.5,10.6875,2.8125],"texture":"#main"},"east":{"uv":[9.25,5.375,10.4375,5.6875],"texture":"#main"},"south":{"uv":[9.125,8.375,10.6875,8.6875],"texture":"#main"},"west":{"uv":[9.25,5.75,10.4375,6.0625],"texture":"#main"},"up":{"uv":[7.8125,2.1875,6.25,1],"texture":"#main"},"down":{"uv":[8.1875,2.25,6.625,3.4375],"texture":"#main"}}},{"from":[0.11,24.656,3.872],"to":[1.716,29.76,5.39],"rotation":{"angle":22.5,"axis":"z","origin":[-0.044,27.208,4.631]},"faces":{"north":{"uv":[0.625,9.125,0.8125,9.75],"texture":"#main"},"east":{"uv":[5.75,9.25,5.9375,9.875],"texture":"#main"},"south":{"uv":[7.5,9.25,7.6875,9.875],"texture":"#main"},"west":{"uv":[9.375,7.25,9.5625,7.875],"texture":"#main"},"up":{"uv":[9.3125,3.0625,9.125,2.875],"texture":"#main"},"down":{"uv":[9.4375,6.125,9.25,6.3125],"texture":"#main"}}},{"from":[-0.61,29.76,2.828],"to":[2.382,31.96,6.458],"rotation":{"angle":22.5,"axis":"z","origin":[-0.044,27.208,4.631]},"faces":{"north":{"uv":[6.25,2.25,6.625,2.5],"texture":"#main"},"east":{"uv":[6.125,3.125,6.5625,3.375],"texture":"#main"},"south":{"uv":[8.75,1.75,9.125,2],"texture":"#main"},"west":{"uv":[8.375,6.5,8.8125,6.75],"texture":"#main"},"up":{"uv":[6.5,3.0625,6.125,2.625],"texture":"#main"},"down":{"uv":[1,8.625,0.625,9.0625],"texture":"#main"}}},{"from":[-3.237,1.666,0],"to":[14.71,21.928,7.92],"rotation":{"angle":0,"axis":"y","origin":[0,8.728,0]},"faces":{"north":{"uv":[0,3.375,2.25,5.9375],"texture":"#main"},"east":{"uv":[5.25,0,6.25,2.5625],"texture":"#main"},"south":{"uv":[2.25,3.375,4.5,5.9375],"texture":"#main"},"west":{"uv":[0,6,1,8.5625],"texture":"#main"},"up":{"uv":[7.5,7.125,5.25,6.125],"texture":"#main"},"down":{"uv":[8.5,0,6.25,1],"texture":"#main"}}},{"from":[-16,4.891,9.42],"to":[4.41,32,9.42],"rotation":{"angle":22.5,"axis":"y","origin":[0.874,16.772,9.42]},"faces":{"north":{"uv":[0,0,2.5625,3.375],"texture":"#main"},"east":{"uv":[0,0,0,3.375],"texture":"#main"},"south":{"uv":[2.625,0,5.1875,3.375],"texture":"#main"},"west":{"uv":[0,0,0,3.375],"texture":"#main"},"up":{"uv":[2.5625,0,0,0],"texture":"#main"},"down":{"uv":[2.5625,0,0,0],"texture":"#main"}}},{"from":[7.615,4.891,10.87],"to":[28.025,32,10.87],"rotation":{"angle":-22.5,"axis":"y","origin":[15.126,16.772,9.42]},"faces":{"north":{"uv":[2.5625,0,0,3.375],"texture":"#main"},"east":{"uv":[0,0,0,3.375],"texture":"#main"},"south":{"uv":[5.1875,0,2.625,3.375],"texture":"#main"},"west":{"uv":[0,0,0,3.375],"texture":"#main"},"up":{"uv":[0,0,2.5625,0],"texture":"#main"},"down":{"uv":[0,0,2.5625,0],"texture":"#main"}}},{"from":[-3.581,-4.118,0.76],"to":[1.325,6.087,6.854],"rotation":{"angle":-22.5,"axis":"z","origin":[-1.287,0.286,3.201]},"faces":{"north":{"uv":[4.625,7.25,5.25,8.5],"texture":"#main"},"east":{"uv":[7,7.125,7.75,8.375],"texture":"#main"},"south":{"uv":[3.75,8.375,4.375,9.625],"texture":"#main"},"west":{"uv":[3,7.25,3.75,8.5],"texture":"#main"},"up":{"uv":[9.75,9.5,9.125,8.75],"texture":"#main"},"down":{"uv":[9.875,0,9.25,0.75],"texture":"#main"}}},{"from":[-5.281,-11.18121,-0.1544],"to":[1.099,-1.34598,7.7006],"rotation":{"angle":0,"axis":"x","origin":[-0.561,1.31124,0.0856]},"faces":{"north":{"uv":[5.25,7.125,6.0625,8.375],"texture":"#main"},"east":{"uv":[1,7.125,2,8.375],"texture":"#main"},"south":{"uv":[6.125,7.125,6.9375,8.375],"texture":"#main"},"west":{"uv":[2,7.125,3,8.375],"texture":"#main"},"up":{"uv":[8.8125,5.625,8,4.625],"texture":"#main"},"down":{"uv":[9.0625,2.125,8.25,3.125],"texture":"#main"}}},{"from":[-5.006,-12.88121,0.1456],"to":[0.824,-6.98121,7.1006],"rotation":{"angle":0,"axis":"x","origin":[-0.561,1.31124,0.0856]},"faces":{"north":{"uv":[8.875,4.625,9.625,5.375],"texture":"#main"},"east":{"uv":[5.25,2.625,6.125,3.375],"texture":"#main"},"south":{"uv":[8.875,6.5,9.625,7.25],"texture":"#main"},"west":{"uv":[6.125,8.375,7,9.125],"texture":"#main"},"up":{"uv":[7.75,9.25,7,8.375],"texture":"#main"},"down":{"uv":[9.25,0,8.5,0.875],"texture":"#main"}}},{"from":[-4.606,-12.88121,-3.4044],"to":[-4.606,-10.18121,0.8956],"rotation":{"angle":0,"axis":"x","origin":[-0.561,1.31124,0.0856]},"faces":{"north":{"uv":[0,0,0,0.3125],"texture":"#main"},"east":{"uv":[6.625,5.75,7.1875,6.0625],"texture":"#main"},"south":{"uv":[0,0,0,0.3125],"texture":"#main"},"west":{"uv":[8.25,3.125,8.8125,3.4375],"texture":"#main"},"up":{"uv":[0,0.5625,0,0],"texture":"#main"},"down":{"uv":[0,0,0,0.5625],"texture":"#main"}}},{"from":[-2.106,-12.88121,-3.4044],"to":[-2.106,-10.18121,0.8956],"rotation":{"angle":0,"axis":"x","origin":[-0.561,1.31124,0.0856]},"faces":{"north":{"uv":[0,0,0,0.3125],"texture":"#main"},"east":{"uv":[6.625,5.75,7.1875,6.0625],"texture":"#main"},"south":{"uv":[0,0,0,0.3125],"texture":"#main"},"west":{"uv":[8.25,3.125,8.8125,3.4375],"texture":"#main"},"up":{"uv":[0,0.5625,0,0],"texture":"#main"},"down":{"uv":[0,0,0,0.5625],"texture":"#main"}}},{"from":[0.069,-12.88121,-3.4044],"to":[0.069,-10.18121,0.8956],"rotation":{"angle":0,"axis":"x","origin":[-0.561,1.31124,0.0856]},"faces":{"north":{"uv":[0,0,0,0.3125],"texture":"#main"},"east":{"uv":[6.625,5.75,7.1875,6.0625],"texture":"#main"},"south":{"uv":[0,0,0,0.3125],"texture":"#main"},"west":{"uv":[8.25,3.125,8.8125,3.4375],"texture":"#main"},"up":{"uv":[0,0.5625,0,0],"texture":"#main"},"down":{"uv":[0,0,0,0.5625],"texture":"#main"}}},{"from":[-5.24809,16.37813,-0.308],"to":[1.67191,23.02213,8.294],"rotation":{"angle":-45,"axis":"z","origin":[-1.9176,21.84564,3.817]},"faces":{"north":{"uv":[5.25,8.375,6.125,9.1875],"texture":"#main"},"east":{"uv":[7.75,6.875,8.8125,7.6875],"texture":"#main"},"south":{"uv":[8.375,5.625,9.25,6.4375],"texture":"#main"},"west":{"uv":[7.75,7.75,8.8125,8.5625],"texture":"#main"},"up":{"uv":[4.625,8.3125,3.75,7.25],"texture":"#main"},"down":{"uv":[8.375,5.75,7.5,6.8125],"texture":"#main"}}},{"from":[-4.9457,12.61307,0.308],"to":[1.1603,17.95907,7.326],"rotation":{"angle":-45,"axis":"z","origin":[-1.9176,21.84564,3.817]},"faces":{"north":{"uv":[9.125,1.75,9.875,2.4375],"texture":"#main"},"east":{"uv":[8.875,3.125,9.75,3.8125],"texture":"#main"},"south":{"uv":[6.125,9.125,6.875,9.8125],"texture":"#main"},"west":{"uv":[8.875,3.875,9.75,4.5625],"texture":"#main"},"up":{"uv":[3.25,9.375,2.5,8.5],"texture":"#main"},"down":{"uv":[5.125,8.5,4.375,9.375],"texture":"#main"}}},{"from":[-4.24466,8.06342,2.266],"to":[0.32634,16.81942,6.182],"rotation":{"angle":-45,"axis":"z","origin":[-1.9176,21.84564,3.817]},"faces":{"north":{"uv":[0,8.625,0.5625,9.75],"texture":"#main"},"east":{"uv":[3.25,8.5,3.75,9.625],"texture":"#main"},"south":{"uv":[7.75,8.625,8.3125,9.75],"texture":"#main"},"west":{"uv":[8.875,7.25,9.375,8.375],"texture":"#main"},"up":{"uv":[5.6875,9.75,5.125,9.25],"texture":"#main"},"down":{"uv":[7.4375,9.25,6.875,9.75],"texture":"#main"}}},{"from":[-14.48092,4.55227,1.139],"to":[-8.42792,13.26827,7.775],"rotation":{"angle":-22.5,"axis":"z","origin":[-8.06792,9.67127,1.925]},"faces":{"north":{"uv":[1,8.375,1.75,9.4375],"texture":"#main"},"east":{"uv":[7.875,1,8.6875,2.0625],"texture":"#main"},"south":{"uv":[1.75,8.375,2.5,9.4375],"texture":"#main"},"west":{"uv":[8,3.5,8.8125,4.5625],"texture":"#main"},"up":{"uv":[9.125,9.4375,8.375,8.625],"texture":"#main"},"down":{"uv":[9.5,0.875,8.75,1.6875],"texture":"#main"}}},{"from":[-14.68092,2.82727,1.739],"to":[-13.12792,6.95227,3.45],"rotation":{"angle":0,"axis":"z","origin":[-14.86692,5.30227,4.257]},"faces":{"north":{"uv":[9.375,7.875,9.5625,8.375],"texture":"#main"},"east":{"uv":[9.5,0.75,9.6875,1.25],"texture":"#main"},"south":{"uv":[0.875,9.5,1.0625,10],"texture":"#main"},"west":{"uv":[1.125,9.5,1.3125,10],"texture":"#main"},"up":{"uv":[9.5625,3.0625,9.375,2.875],"texture":"#main"},"down":{"uv":[9.6875,1.25,9.5,1.4375],"texture":"#main"}}},{"from":[-14.68092,2.82727,3.739],"to":[-13.12792,6.95227,5.45],"rotation":{"angle":0,"axis":"z","origin":[-14.86692,5.30227,4.257]},"faces":{"north":{"uv":[9.375,7.875,9.5625,8.375],"texture":"#main"},"east":{"uv":[9.5,0.75,9.6875,1.25],"texture":"#main"},"south":{"uv":[0.875,9.5,1.0625,10],"texture":"#main"},"west":{"uv":[1.125,9.5,1.3125,10],"texture":"#main"},"up":{"uv":[9.5625,3.0625,9.375,2.875],"texture":"#main"},"down":{"uv":[9.6875,1.25,9.5,1.4375],"texture":"#main"}}},{"from":[-14.68092,2.82727,5.739],"to":[-13.12792,6.95227,7.45],"rotation":{"angle":0,"axis":"z","origin":[-14.86692,5.30227,4.257]},"faces":{"north":{"uv":[9.375,7.875,9.5625,8.375],"texture":"#main"},"east":{"uv":[9.5,0.75,9.6875,1.25],"texture":"#main"},"south":{"uv":[0.875,9.5,1.0625,10],"texture":"#main"},"west":{"uv":[1.125,9.5,1.3125,10],"texture":"#main"},"up":{"uv":[9.5625,3.0625,9.375,2.875],"texture":"#main"},"down":{"uv":[9.6875,1.25,9.5,1.4375],"texture":"#main"}}},{"from":[-12.15592,4.97727,2.889],"to":[-10.80292,6.95227,4.275],"rotation":{"angle":-22.5,"axis":"z","origin":[-14.86692,5.30227,4.257]},"faces":{"north":{"uv":[7.25,5.75,7.4375,6],"texture":"#main"},"east":{"uv":[7.5,6.875,7.6875,7.125],"texture":"#main"},"south":{"uv":[8.875,5.375,9.0625,5.625],"texture":"#main"},"west":{"uv":[8.875,8.375,9.0625,8.625],"texture":"#main"},"up":{"uv":[1.5625,9.6875,1.375,9.5],"texture":"#main"},"down":{"uv":[9.6875,1.5,9.5,1.6875],"texture":"#main"}}},{"from":[-12.50592,15.36827,1.639],"to":[-12.50592,18.62427,6.875],"rotation":{"angle":0,"axis":"z","origin":[-15.40592,15.47827,4.257]},"faces":{"north":{"uv":[0,0,0,0.4375],"texture":"#main"},"east":{"uv":[2.5,9.375,3.125,9.8125],"texture":"#main"},"south":{"uv":[0,0,0,0.4375],"texture":"#main"},"west":{"uv":[4.375,9.375,5,9.8125],"texture":"#main"},"up":{"uv":[0,0.625,0,0],"texture":"#main"},"down":{"uv":[0,0,0,0.625],"texture":"#main"}}},{"from":[22.32792,4.97727,2.889],"to":[23.68092,6.95227,4.275],"rotation":{"angle":22.5,"axis":"z","origin":[26.39192,5.30227,4.257]},"faces":{"north":{"uv":[7.4375,5.75,7.25,6],"texture":"#main"},"east":{"uv":[9.0625,8.375,8.875,8.625],"texture":"#main"},"south":{"uv":[9.0625,5.375,8.875,5.625],"texture":"#main"},"west":{"uv":[7.6875,6.875,7.5,7.125],"texture":"#main"},"up":{"uv":[1.375,9.6875,1.5625,9.5],"texture":"#main"},"down":{"uv":[9.5,1.5,9.6875,1.6875],"texture":"#main"}}},{"from":[24.65292,2.82727,1.739],"to":[26.20592,6.95227,3.45],"rotation":{"angle":0,"axis":"z","origin":[26.39192,5.30227,4.257]},"faces":{"north":{"uv":[9.5625,7.875,9.375,8.375],"texture":"#main"},"east":{"uv":[1.3125,9.5,1.125,10],"texture":"#main"},"south":{"uv":[1.0625,9.5,0.875,10],"texture":"#main"},"west":{"uv":[9.6875,0.75,9.5,1.25],"texture":"#main"},"up":{"uv":[9.375,3.0625,9.5625,2.875],"texture":"#main"},"down":{"uv":[9.5,1.25,9.6875,1.4375],"texture":"#main"}}},{"from":[24.65292,2.82727,3.739],"to":[26.20592,6.95227,5.45],"rotation":{"angle":0,"axis":"z","origin":[26.39192,5.30227,4.257]},"faces":{"north":{"uv":[9.5625,7.875,9.375,8.375],"texture":"#main"},"east":{"uv":[1.3125,9.5,1.125,10],"texture":"#main"},"south":{"uv":[1.0625,9.5,0.875,10],"texture":"#main"},"west":{"uv":[9.6875,0.75,9.5,1.25],"texture":"#main"},"up":{"uv":[9.375,3.0625,9.5625,2.875],"texture":"#main"},"down":{"uv":[9.5,1.25,9.6875,1.4375],"texture":"#main"}}},{"from":[24.65292,2.82727,5.739],"to":[26.20592,6.95227,7.45],"rotation":{"angle":0,"axis":"z","origin":[26.39192,5.30227,4.257]},"faces":{"north":{"uv":[9.5625,7.875,9.375,8.375],"texture":"#main"},"east":{"uv":[1.3125,9.5,1.125,10],"texture":"#main"},"south":{"uv":[1.0625,9.5,0.875,10],"texture":"#main"},"west":{"uv":[9.6875,0.75,9.5,1.25],"texture":"#main"},"up":{"uv":[9.375,3.0625,9.5625,2.875],"texture":"#main"},"down":{"uv":[9.5,1.25,9.6875,1.4375],"texture":"#main"}}},{"from":[19.95292,4.55227,1.139],"to":[26.00592,13.26827,7.775],"rotation":{"angle":22.5,"axis":"z","origin":[19.59292,9.67127,1.925]},"faces":{"north":{"uv":[1.75,8.375,1,9.4375],"texture":"#main"},"east":{"uv":[8.8125,3.5,8,4.5625],"texture":"#main"},"south":{"uv":[2.5,8.375,1.75,9.4375],"texture":"#main"},"west":{"uv":[8.6875,1,7.875,2.0625],"texture":"#main"},"up":{"uv":[8.375,9.4375,9.125,8.625],"texture":"#main"},"down":{"uv":[8.75,0.875,9.5,1.6875],"texture":"#main"}}},{"from":[24.03092,15.36827,1.639],"to":[24.03092,18.62427,6.875],"rotation":{"angle":0,"axis":"z","origin":[26.93092,15.47827,4.257]},"faces":{"north":{"uv":[0,0,0,0.4375],"texture":"#main"},"east":{"uv":[5,9.375,4.375,9.8125],"texture":"#main"},"south":{"uv":[0,0,0,0.4375],"texture":"#main"},"west":{"uv":[3.125,9.375,2.5,9.8125],"texture":"#main"},"up":{"uv":[0,0.625,0,0],"texture":"#main"},"down":{"uv":[0,0,0,0.625],"texture":"#main"}}},{"from":[11.19866,8.06342,2.266],"to":[15.76966,16.81942,6.182],"rotation":{"angle":45,"axis":"z","origin":[13.4426,21.84564,3.817]},"faces":{"north":{"uv":[0.5625,8.625,0,9.75],"texture":"#main"},"east":{"uv":[9.375,7.25,8.875,8.375],"texture":"#main"},"south":{"uv":[8.3125,8.625,7.75,9.75],"texture":"#main"},"west":{"uv":[3.75,8.5,3.25,9.625],"texture":"#main"},"up":{"uv":[5.125,9.75,5.6875,9.25],"texture":"#main"},"down":{"uv":[6.875,9.25,7.4375,9.75],"texture":"#main"}}},{"from":[10.3647,12.61307,0.308],"to":[16.4707,17.95907,7.326],"rotation":{"angle":45,"axis":"z","origin":[13.4426,21.84564,3.817]},"faces":{"north":{"uv":[9.875,1.75,9.125,2.4375],"texture":"#main"},"east":{"uv":[9.75,3.875,8.875,4.5625],"texture":"#main"},"south":{"uv":[6.875,9.125,6.125,9.8125],"texture":"#main"},"west":{"uv":[9.75,3.125,8.875,3.8125],"texture":"#main"},"up":{"uv":[2.5,9.375,3.25,8.5],"texture":"#main"},"down":{"uv":[4.375,8.5,5.125,9.375],"texture":"#main"}}},{"from":[9.85309,16.37813,-0.308],"to":[16.77309,23.02213,8.294],"rotation":{"angle":45,"axis":"z","origin":[13.4426,21.84564,3.817]},"faces":{"north":{"uv":[6.125,8.375,5.25,9.1875],"texture":"#main"},"east":{"uv":[8.8125,7.75,7.75,8.5625],"texture":"#main"},"south":{"uv":[9.25,5.625,8.375,6.4375],"texture":"#main"},"west":{"uv":[8.8125,6.875,7.75,7.6875],"texture":"#main"},"up":{"uv":[3.75,8.3125,4.625,7.25],"texture":"#main"},"down":{"uv":[7.5,5.75,8.375,6.8125],"texture":"#main"}}},{"from":[9.193,29.76,2.828],"to":[12.185,31.96,6.458],"rotation":{"angle":-22.5,"axis":"z","origin":[11.619,27.208,4.631]},"faces":{"north":{"uv":[6.625,2.25,6.25,2.5],"texture":"#main"},"east":{"uv":[8.8125,6.5,8.375,6.75],"texture":"#main"},"south":{"uv":[9.125,1.75,8.75,2],"texture":"#main"},"west":{"uv":[6.5625,3.125,6.125,3.375],"texture":"#main"},"up":{"uv":[6.125,3.0625,6.5,2.625],"texture":"#main"},"down":{"uv":[0.625,8.625,1,9.0625],"texture":"#main"}}},{"from":[9.859,24.656,3.872],"to":[11.465,29.76,5.39],"rotation":{"angle":-22.5,"axis":"z","origin":[11.619,27.208,4.631]},"faces":{"north":{"uv":[0.8125,9.125,0.625,9.75],"texture":"#main"},"east":{"uv":[9.5625,7.25,9.375,7.875],"texture":"#main"},"south":{"uv":[7.6875,9.25,7.5,9.875],"texture":"#main"},"west":{"uv":[5.9375,9.25,5.75,9.875],"texture":"#main"},"up":{"uv":[9.125,3.0625,9.3125,2.875],"texture":"#main"},"down":{"uv":[9.25,6.125,9.4375,6.3125],"texture":"#main"}}},{"from":[10.25,-4.118,0.76],"to":[15.156,6.087,6.854],"rotation":{"angle":22.5,"axis":"z","origin":[12.862,0.286,3.201]},"faces":{"north":{"uv":[5.25,7.25,4.625,8.5],"texture":"#main"},"east":{"uv":[3.75,7.25,3,8.5],"texture":"#main"},"south":{"uv":[4.375,8.375,3.75,9.625],"texture":"#main"},"west":{"uv":[7.75,7.125,7,8.375],"texture":"#main"},"up":{"uv":[9.125,9.5,9.75,8.75],"texture":"#main"},"down":{"uv":[9.25,0,9.875,0.75],"texture":"#main"}}},{"from":[10.476,-11.18121,-0.1544],"to":[16.856,-1.34598,7.7006],"rotation":{"angle":0,"axis":"x","origin":[12.136,1.31124,0.0856]},"faces":{"north":{"uv":[6.0625,7.125,5.25,8.375],"texture":"#main"},"east":{"uv":[3,7.125,2,8.375],"texture":"#main"},"south":{"uv":[6.9375,7.125,6.125,8.375],"texture":"#main"},"west":{"uv":[2,7.125,1,8.375],"texture":"#main"},"up":{"uv":[8,5.625,8.8125,4.625],"texture":"#main"},"down":{"uv":[8.25,2.125,9.0625,3.125],"texture":"#main"}}},{"from":[11.506,-12.88121,-3.4044],"to":[11.506,-10.18121,0.8956],"rotation":{"angle":0,"axis":"x","origin":[12.136,1.31124,0.0856]},"faces":{"north":{"uv":[0,0,0,0.3125],"texture":"#main"},"east":{"uv":[8.8125,3.125,8.25,3.4375],"texture":"#main"},"south":{"uv":[0,0,0,0.3125],"texture":"#main"},"west":{"uv":[7.1875,5.75,6.625,6.0625],"texture":"#main"},"up":{"uv":[0,0.5625,0,0],"texture":"#main"},"down":{"uv":[0,0,0,0.5625],"texture":"#main"}}},{"from":[13.681,-12.88121,-3.4044],"to":[13.681,-10.18121,0.8956],"rotation":{"angle":0,"axis":"x","origin":[12.136,1.31124,0.0856]},"faces":{"north":{"uv":[0,0,0,0.3125],"texture":"#main"},"east":{"uv":[8.8125,3.125,8.25,3.4375],"texture":"#main"},"south":{"uv":[0,0,0,0.3125],"texture":"#main"},"west":{"uv":[7.1875,5.75,6.625,6.0625],"texture":"#main"},"up":{"uv":[0,0.5625,0,0],"texture":"#main"},"down":{"uv":[0,0,0,0.5625],"texture":"#main"}}},{"from":[16.181,-12.88121,-3.4044],"to":[16.181,-10.18121,0.8956],"rotation":{"angle":0,"axis":"x","origin":[12.136,1.31124,0.0856]},"faces":{"north":{"uv":[0,0,0,0.3125],"texture":"#main"},"east":{"uv":[8.8125,3.125,8.25,3.4375],"texture":"#main"},"south":{"uv":[0,0,0,0.3125],"texture":"#main"},"west":{"uv":[7.1875,5.75,6.625,6.0625],"texture":"#main"},"up":{"uv":[0,0.5625,0,0],"texture":"#main"},"down":{"uv":[0,0,0,0.5625],"texture":"#main"}}},{"from":[10.751,-12.88121,0.1456],"to":[16.581,-6.98121,7.1006],"rotation":{"angle":0,"axis":"x","origin":[12.136,1.31124,0.0856]},"faces":{"north":{"uv":[9.625,4.625,8.875,5.375],"texture":"#main"},"east":{"uv":[7,8.375,6.125,9.125],"texture":"#main"},"south":{"uv":[9.625,6.5,8.875,7.25],"texture":"#main"},"west":{"uv":[6.125,2.625,5.25,3.375],"texture":"#main"},"up":{"uv":[7,9.25,7.75,8.375],"texture":"#main"},"down":{"uv":[8.5,0,9.25,0.875],"texture":"#main"}}},{"from":[-2.64,15.768,-1.32],"to":[14.168,24.656,9.174],"rotation":{"angle":0,"axis":"y","origin":[0,8.728,0]},"faces":{"north":{"uv":[1,6,3.125,7.125],"texture":"#main"},"east":{"uv":[6.625,3.5,7.9375,4.625],"texture":"#main"},"south":{"uv":[3.125,6.125,5.25,7.25],"texture":"#main"},"west":{"uv":[6.625,4.625,7.9375,5.75],"texture":"#main"},"up":{"uv":[6.625,4.6875,4.5,3.375],"texture":"#main"},"down":{"uv":[6.625,4.75,4.5,6.0625],"texture":"#main"}}}],"display":{"head":{"translation":[2.25,-17,3.5],"scale":[1.25,1.25,1.25]}},"groups":[{"name":"group","origin":[0,0,0],"color":0,"children":[0,1,2,3,4,5,6,7,8,9,10,11,12,13,14,15,16,17,18,19,20,21,22,23,24,25,26,27,28,29,30,31,32,33,34,35,36,37,38]}]}