{"parent":"physical_parent","textures":{"main":"pokemon/parasect"},"elements":[{"from":[3,5,4],"to":[12,10,13],"faces":{"east":{"uv":[0,0,2.25,1.25],"texture":"#main"},"south":{"uv":[5,0,7.25,1.25],"texture":"#main"},"north":{"uv":[2.5,0,4.75,1.25],"texture":"#main"},"west":{"uv":[5,0,7.25,1.25],"texture":"#main"},"up":{"uv":[0,1.5,2.25,3.75],"texture":"#main"},"down":{"uv":[0,1.5,2.25,3.75],"texture":"#main"}}},{"from":[4,10,5],"to":[11,13,12],"faces":{"east":{"uv":[9.5,0.5,11.25,1.25],"texture":"#main"},"south":{"uv":[11.5,0.5,13.25,1.25],"texture":"#main"},"north":{"uv":[7.5,0.5,9.25,1.25],"texture":"#main"},"west":{"uv":[9.5,0.5,11.25,1.25],"texture":"#main"},"up":{"uv":[0,2,1.75,3.75],"texture":"#main"}}},{"from":[3,3,5],"to":[13,5,12],"faces":{"east":{"uv":[2.5,2.25,4.25,2.75],"texture":"#main"},"south":{"uv":[4.5,2.25,7.25,2.75],"texture":"#main"},"north":{"uv":[4.5,2.25,7,2.75],"texture":"#main"},"west":{"uv":[2.5,2.25,4.25,2.75],"texture":"#main"},"up":{"uv":[2.5,3,4.25,5.25],"texture":"#main","rotation":90},"down":{"uv":[2.5,3,4.25,5.25],"texture":"#main","rotation":90}}},{"rotation":{"origin":[14,5,14],"angle":-22.5,"axis":"z"},"from":[9,3,12],"to":[19,7,16],"faces":{"east":{"uv":[6,6,7,7],"texture":"#main","rotation":180},"south":{"uv":[8.5,3,9.5,5.75],"texture":"#main","rotation":270},"north":{"uv":[7.25,3,8.25,5.75],"texture":"#main","rotation":90},"west":{"uv":[6,6,7,7],"texture":"#main","rotation":180},"up":{"uv":[4.75,3,5.75,5.75],"texture":"#main","rotation":90},"down":{"uv":[4.75,3,5.75,5.75],"texture":"#main","rotation":90}}},{"rotation":{"origin":[14,5,3],"angle":-22.5,"axis":"z"},"from":[9,3,1],"to":[19,7,5],"faces":{"east":{"uv":[6,6,7,7],"texture":"#main"},"south":{"uv":[8.5,3,9.5,5.75],"texture":"#main","rotation":270},"north":{"uv":[7.25,3,8.25,5.75],"texture":"#main","rotation":90},"west":{"uv":[6,6,7,7],"texture":"#main"},"up":{"uv":[6,3,7,5.75],"texture":"#main","rotation":90},"down":{"uv":[6,3,7,5.75],"texture":"#main","rotation":90}}},{"from":[12,5,9],"to":[14,7,11],"faces":{"east":{"uv":[2.5,1.5,3,2],"texture":"#main"},"south":{"uv":[2.5,1.5,3,2],"texture":"#main","rotation":270},"north":{"uv":[2.5,1.5,3,2],"texture":"#main","rotation":270},"up":{"uv":[2.5,1.5,3,2],"texture":"#main"},"down":{"uv":[2.5,1.5,3,2],"texture":"#main","rotation":90}}},{"from":[12,5,6],"to":[14,7,8],"faces":{"east":{"uv":[2.5,1.5,3,2],"texture":"#main","rotation":270},"south":{"uv":[2.5,1.5,3,2],"texture":"#main","rotation":270},"north":{"uv":[2.5,1.5,3,2],"texture":"#main","rotation":90},"up":{"uv":[2.5,1.5,3,2],"texture":"#main","rotation":90},"down":{"uv":[2.5,1.5,3,2],"texture":"#main","rotation":90}}},{"rotation":{"origin":[8,3.05,2.5],"angle":-45,"axis":"x"},"from":[3,3,-1],"to":[13,3.1,6],"faces":{"up":{"uv":[0,6,2.25,7.75],"texture":"#main"},"down":{"uv":[0,6,2.25,7.75],"texture":"#main","rotation":180}}},{"rotation":{"origin":[7,3.05,14.5],"angle":45,"axis":"x"},"from":[3,3,11],"to":[12,3.1,18],"faces":{"up":{"uv":[0,6,2.25,7.75],"texture":"#main"},"down":{"uv":[0,6,2.25,7.75],"texture":"#main","rotation":180}}}],"display":{"head":{"rotation":[0,90,0],"translation":[-1,-27.33,0],"scale":[2,2,2]},"firstperson_righthand":{"scale":[1.0E-4,1.0E-4,1.0E-4]},"thirdperson_lefthand":{"scale":[1.0E-4,1.0E-4,1.0E-4]},"firstperson_lefthand":{"scale":[1.0E-4,1.0E-4,1.0E-4]}}}