{"texture_size":[128,128],"textures":{"main":"pokemon/bastiodon"},"elements":[{"from":[-4.8,25.2,-9.8],"to":[4.6,28.2,-9.8],"rotation":{"angle":0,"axis":"y","origin":[-1,2.2,-12.7]},"faces":{"north":{"uv":[8.375,11.375,9.5625,11.75],"texture":"#main"},"east":{"uv":[0,0,0,0.375],"texture":"#main"},"south":{"uv":[10.625,11.375,11.8125,11.75],"texture":"#main"},"west":{"uv":[0,0,0,0.375],"texture":"#main"},"up":{"uv":[1.1875,0,0,0],"texture":"#main"},"down":{"uv":[1.1875,0,0,0],"texture":"#main"}}},{"from":[-9,5.8,-13.1],"to":[9,25.2,-7.1],"rotation":{"angle":0,"axis":"y","origin":[-1,2.2,-12.7]},"faces":{"north":{"uv":[0,2.75,2.25,5.1875],"texture":"#main"},"east":{"uv":[2.375,5.25,3.125,7.6875],"texture":"#main"},"south":{"uv":[2.25,2.75,4.5,5.1875],"texture":"#main"},"west":{"uv":[3.125,5.25,3.875,7.6875],"texture":"#main"},"up":{"uv":[6.125,7.25,3.875,6.5],"texture":"#main"},"down":{"uv":[8.375,6.5,6.125,7.25],"texture":"#main"}}},{"from":[-10.1,25.2,-9.55],"to":[-4.8,31.1,-9.55],"rotation":{"angle":0,"axis":"y","origin":[1,2.2,-12.7]},"faces":{"north":{"uv":[11.125,0,11.8125,0.75],"texture":"#main"},"east":{"uv":[0,0,0,0.75],"texture":"#main"},"south":{"uv":[11.25,0.75,11.9375,1.5],"texture":"#main"},"west":{"uv":[0,0,0,0.75],"texture":"#main"},"up":{"uv":[0.6875,0,0,0],"texture":"#main"},"down":{"uv":[0.6875,0,0,0],"texture":"#main"}}},{"from":[4.8,25.2,-9.55],"to":[10.1,31.1,-9.55],"rotation":{"angle":0,"axis":"y","origin":[-1,2.2,-12.7]},"faces":{"north":{"uv":[11.8125,0,11.125,0.75],"texture":"#main"},"east":{"uv":[0,0,0,0.75],"texture":"#main"},"south":{"uv":[11.9375,0.75,11.25,1.5],"texture":"#main"},"west":{"uv":[0,0,0,0.75],"texture":"#main"},"up":{"uv":[0,0,0.6875,0],"texture":"#main"},"down":{"uv":[0,0,0.6875,0],"texture":"#main"}}},{"from":[-9.5,1.1,-11.7],"to":[9.425,5.8,-4.5],"rotation":{"angle":0,"axis":"y","origin":[-1,2.2,-12.7]},"faces":{"north":{"uv":[6.625,4.5,9,5.0625],"texture":"#main"},"east":{"uv":[11.25,1.5,12.125,2.0625],"texture":"#main"},"south":{"uv":[6.625,5.125,9,5.6875],"texture":"#main"},"west":{"uv":[11.25,2.125,12.125,2.6875],"texture":"#main"},"up":{"uv":[2.375,6.125,0,5.25],"texture":"#main"},"down":{"uv":[2.375,6.125,0,7],"texture":"#main"}}},{"from":[-8.2,3.3,-13.7],"to":[-5.725,8,-11.625],"rotation":{"angle":0,"axis":"y","origin":[-1.3,2.2,-12.7]},"faces":{"north":{"uv":[3.125,11.75,3.4375,12.3125],"texture":"#main"},"east":{"uv":[2,8.25,2.25,8.8125],"texture":"#main"},"south":{"uv":[3.5,11.75,3.8125,12.3125],"texture":"#main"},"west":{"uv":[3.625,9.375,3.875,9.9375],"texture":"#main"},"up":{"uv":[10.3125,6.875,10,6.625],"texture":"#main"},"down":{"uv":[11.3125,8.625,11,8.875],"texture":"#main"}}},{"from":[-5,3.3,-13.7],"to":[-2.525,8,-11.625],"rotation":{"angle":0,"axis":"y","origin":[-1.3,2.2,-12.7]},"faces":{"north":{"uv":[3.125,11.75,3.4375,12.3125],"texture":"#main"},"east":{"uv":[2,8.25,2.25,8.8125],"texture":"#main"},"south":{"uv":[3.5,11.75,3.8125,12.3125],"texture":"#main"},"west":{"uv":[3.625,9.375,3.875,9.9375],"texture":"#main"},"up":{"uv":[10.3125,6.875,10,6.625],"texture":"#main"},"down":{"uv":[11.3125,8.625,11,8.875],"texture":"#main"}}},{"from":[2.425,3.3,-13.7],"to":[4.9,8,-11.625],"rotation":{"angle":0,"axis":"y","origin":[0.7,2.2,-12.7]},"faces":{"north":{"uv":[3.4375,11.75,3.125,12.3125],"texture":"#main"},"east":{"uv":[3.875,9.375,3.625,9.9375],"texture":"#main"},"south":{"uv":[3.8125,11.75,3.5,12.3125],"texture":"#main"},"west":{"uv":[2.25,8.25,2,8.8125],"texture":"#main"},"up":{"uv":[10,6.875,10.3125,6.625],"texture":"#main"},"down":{"uv":[11,8.625,11.3125,8.875],"texture":"#main"}}},{"from":[5.625,3.3,-13.7],"to":[8.1,8,-11.625],"rotation":{"angle":0,"axis":"y","origin":[0.7,2.2,-12.7]},"faces":{"north":{"uv":[3.4375,11.75,3.125,12.3125],"texture":"#main"},"east":{"uv":[3.875,9.375,3.625,9.9375],"texture":"#main"},"south":{"uv":[3.8125,11.75,3.5,12.3125],"texture":"#main"},"west":{"uv":[2.25,8.25,2,8.8125],"texture":"#main"},"up":{"uv":[10,6.875,10.3125,6.625],"texture":"#main"},"down":{"uv":[11,8.625,11.3125,8.875],"texture":"#main"}}},{"from":[-2.425,4.4023,-14.2],"to":[2.325,17.3023,-9.1],"rotation":{"angle":22.5,"axis":"x","origin":[-0.05,10.8523,-13.69003]},"faces":{"north":{"uv":[3.25,7.75,3.875,9.375],"texture":"#main"},"east":{"uv":[3.875,8.375,4.5,10],"texture":"#main"},"south":{"uv":[4.5,8.375,5.125,10],"texture":"#main"},"west":{"uv":[5.125,8.375,5.75,10],"texture":"#main"},"up":{"uv":[8.375,6.375,7.75,5.75],"texture":"#main"},"down":{"uv":[0.625,11.5,0,12.125],"texture":"#main"}}},{"from":[-12.325,9.51141,-13.7],"to":[10.925,11.51141,-11.7],"rotation":{"angle":0,"axis":"y","origin":[-0.05,10.56141,-13.16526]},"faces":{"north":{"uv":[8.375,6.875,11.3125,7.125],"texture":"#main"},"east":{"uv":[10.375,6.625,10.625,6.875],"texture":"#main"},"south":{"uv":[9.125,7.125,12.0625,7.375],"texture":"#main"},"west":{"uv":[11.625,11.125,11.875,11.375],"texture":"#main"},"up":{"uv":[12.0625,7.625,9.125,7.375],"texture":"#main"},"down":{"uv":[12.0625,7.625,9.125,7.875],"texture":"#main"}}},{"from":[-9.425,2.3,-11.7],"to":[-7.85,10.2,-6.475],"rotation":{"angle":0,"axis":"y","origin":[-10.55,6.25,-10]},"faces":{"north":{"uv":[4.25,1.625,4.4375,2.625],"texture":"#main"},"east":{"uv":[8.375,2.25,9,3.25],"texture":"#main"},"south":{"uv":[9.625,11.375,9.8125,12.375],"texture":"#main"},"west":{"uv":[9.875,0,10.5,1],"texture":"#main"},"up":{"uv":[12.3125,8.375,12.125,7.75],"texture":"#main"},"down":{"uv":[12.3125,8.375,12.125,9],"texture":"#main"}}},{"from":[7.825,2.3,-11.7],"to":[9.4,10.2,-6.475],"rotation":{"angle":0,"axis":"y","origin":[10.55,6.25,-10]},"faces":{"north":{"uv":[4.4375,1.625,4.25,2.625],"texture":"#main"},"east":{"uv":[10.5,0,9.875,1],"texture":"#main"},"south":{"uv":[9.8125,11.375,9.625,12.375],"texture":"#main"},"west":{"uv":[9,2.25,8.375,3.25],"texture":"#main"},"up":{"uv":[12.125,8.375,12.3125,7.75],"texture":"#main"},"down":{"uv":[12.125,8.375,12.3125,9],"texture":"#main"}}},{"from":[-9.5,-4.1,-9.8],"to":[9.425,1.1,-9.8],"rotation":{"angle":0,"axis":"y","origin":[-1,2.2,-12.7]},"faces":{"north":{"uv":[6.625,3.25,9,3.875],"texture":"#main"},"east":{"uv":[0,0,0,0.625],"texture":"#main"},"south":{"uv":[6.625,3.875,9,4.5],"texture":"#main"},"west":{"uv":[0,0,0,0.625],"texture":"#main"},"up":{"uv":[2.375,0,0,0],"texture":"#main"},"down":{"uv":[2.375,0,0,0],"texture":"#main"}}},{"from":[-10.3,20.15,-13.2],"to":[-5,25.45,-6.55],"rotation":{"angle":0,"axis":"y","origin":[-1,2.2,-12.7]},"faces":{"north":{"uv":[11.375,5.625,12.0625,6.3125],"texture":"#main"},"east":{"uv":[10.75,10.625,11.5625,11.3125],"texture":"#main"},"south":{"uv":[11.375,6.375,12.0625,7.0625],"texture":"#main"},"west":{"uv":[3.125,11,3.9375,11.6875],"texture":"#main"},"up":{"uv":[4.6875,11.8125,4,11],"texture":"#main"},"down":{"uv":[11.6875,4,11,4.8125],"texture":"#main"}}},{"from":[5,20.15,-13.2],"to":[10.3,25.45,-6.55],"rotation":{"angle":0,"axis":"y","origin":[1,2.2,-12.7]},"faces":{"north":{"uv":[12.0625,5.625,11.375,6.3125],"texture":"#main"},"east":{"uv":[3.9375,11,3.125,11.6875],"texture":"#main"},"south":{"uv":[12.0625,6.375,11.375,7.0625],"texture":"#main"},"west":{"uv":[11.5625,10.625,10.75,11.3125],"texture":"#main"},"up":{"uv":[4,11.8125,4.6875,11],"texture":"#main"},"down":{"uv":[11,4,11.6875,4.8125],"texture":"#main"}}},{"from":[-8.6,1.9,-6.7],"to":[8.6,14.6,15.1],"rotation":{"angle":0,"axis":"y","origin":[-1,2.2,-12.7]},"faces":{"north":{"uv":[4.5,3.25,6.625,4.8125],"texture":"#main"},"east":{"uv":[4.25,0,7,1.5625],"texture":"#main"},"south":{"uv":[4.5,4.875,6.625,6.4375],"texture":"#main"},"west":{"uv":[4.5,1.625,7.25,3.1875],"texture":"#main"},"up":{"uv":[2.125,2.75,0,0],"texture":"#main"},"down":{"uv":[4.25,0,2.125,2.75],"texture":"#main"}}},{"from":[-2.2,14.6,-6.7],"to":[2.5,17,-2.6],"rotation":{"angle":0,"axis":"y","origin":[-1,2.2,-12.7]},"faces":{"north":{"uv":[11.75,11.75,12.3125,12.0625],"texture":"#main"},"east":{"uv":[2.5,10,3,10.3125],"texture":"#main"},"south":{"uv":[11.875,0,12.4375,0.3125],"texture":"#main"},"west":{"uv":[3.125,10.5,3.625,10.8125],"texture":"#main"},"up":{"uv":[9.6875,8.375,9.125,7.875],"texture":"#main"},"down":{"uv":[1.1875,11.5,0.625,12],"texture":"#main"}}},{"from":[-2.2,14.6,-2.2],"to":[2.5,17,1.9],"rotation":{"angle":0,"axis":"y","origin":[-1,2.2,-12.7]},"faces":{"north":{"uv":[11.75,11.75,12.3125,12.0625],"texture":"#main"},"east":{"uv":[2.5,10,3,10.3125],"texture":"#main"},"south":{"uv":[11.875,0,12.4375,0.3125],"texture":"#main"},"west":{"uv":[3.125,10.5,3.625,10.8125],"texture":"#main"},"up":{"uv":[9.6875,8.375,9.125,7.875],"texture":"#main"},"down":{"uv":[1.1875,11.5,0.625,12],"texture":"#main"}}},{"from":[-2.2,14.6,6.8],"to":[2.5,17,10.9],"rotation":{"angle":0,"axis":"y","origin":[-1,2.2,-12.7]},"faces":{"north":{"uv":[11.75,11.75,12.3125,12.0625],"texture":"#main"},"east":{"uv":[2.5,10,3,10.3125],"texture":"#main"},"south":{"uv":[11.875,0,12.4375,0.3125],"texture":"#main"},"west":{"uv":[3.125,10.5,3.625,10.8125],"texture":"#main"},"up":{"uv":[9.6875,8.375,9.125,7.875],"texture":"#main"},"down":{"uv":[1.1875,11.5,0.625,12],"texture":"#main"}}},{"from":[-2.2,14.6,11.1],"to":[2.5,17,15.2],"rotation":{"angle":0,"axis":"y","origin":[-1,2.2,-12.7]},"faces":{"north":{"uv":[11.75,11.75,12.3125,12.0625],"texture":"#main"},"east":{"uv":[2.5,10,3,10.3125],"texture":"#main"},"south":{"uv":[11.875,0,12.4375,0.3125],"texture":"#main"},"west":{"uv":[3.125,10.5,3.625,10.8125],"texture":"#main"},"up":{"uv":[9.6875,8.375,9.125,7.875],"texture":"#main"},"down":{"uv":[1.1875,11.5,0.625,12],"texture":"#main"}}},{"from":[-2.2,14.6,2.3],"to":[2.5,17,6.4],"rotation":{"angle":0,"axis":"y","origin":[-1,2.2,-12.7]},"faces":{"north":{"uv":[11.75,11.75,12.3125,12.0625],"texture":"#main"},"east":{"uv":[2.5,10,3,10.3125],"texture":"#main"},"south":{"uv":[11.875,0,12.4375,0.3125],"texture":"#main"},"west":{"uv":[3.125,10.5,3.625,10.8125],"texture":"#main"},"up":{"uv":[9.6875,8.375,9.125,7.875],"texture":"#main"},"down":{"uv":[1.1875,11.5,0.625,12],"texture":"#main"}}},{"from":[-4.5,3.05,9.7],"to":[4.6,12.75,18.2],"rotation":{"angle":22.5,"axis":"x","origin":[0.05,8.25,15.75]},"faces":{"north":{"uv":[0,7,1.125,8.1875],"texture":"#main"},"east":{"uv":[1.125,7,2.1875,8.1875],"texture":"#main"},"south":{"uv":[7,0,8.125,1.1875],"texture":"#main"},"west":{"uv":[7.25,1.25,8.3125,2.4375],"texture":"#main"},"up":{"uv":[5,8.3125,3.875,7.25],"texture":"#main"},"down":{"uv":[6.125,7.25,5,8.3125],"texture":"#main"}}},{"from":[-3,3.9,16.05],"to":[3.225,9.85,25.2],"rotation":{"angle":0,"axis":"y","origin":[0.05,8.25,15.75]},"faces":{"north":{"uv":[10.625,6,11.375,6.75],"texture":"#main"},"east":{"uv":[6.625,5.75,7.75,6.5],"texture":"#main"},"south":{"uv":[7.375,10.625,8.125,11.375],"texture":"#main"},"west":{"uv":[7.25,2.5,8.375,3.25],"texture":"#main"},"up":{"uv":[9.75,5.625,9,4.5],"texture":"#main"},"down":{"uv":[9.875,0,9.125,1.125],"texture":"#main"}}},{"from":[-2.025,5.9,24.375],"to":[2.45,9.75,32],"rotation":{"angle":-22.5,"axis":"x","origin":[0.1125,6.875,28.6]},"faces":{"north":{"uv":[5.375,11.625,5.9375,12.125],"texture":"#main"},"east":{"uv":[11.25,3.5,12.1875,4],"texture":"#main"},"south":{"uv":[6,11.625,6.5625,12.125],"texture":"#main"},"west":{"uv":[7.375,11.375,8.3125,11.875],"texture":"#main"},"up":{"uv":[2.4375,11.9375,1.875,11],"texture":"#main"},"down":{"uv":[5.3125,11,4.75,11.9375],"texture":"#main"}}},{"from":[-12.45,5.025,-6.35],"to":[-7.55,13.325,1.175],"rotation":{"angle":-22.5,"axis":"z","origin":[-11.75,8.4,-2.6]},"faces":{"north":{"uv":[3.875,5.25,4.5,6.3125],"texture":"#main"},"east":{"uv":[5.75,8.375,6.6875,9.4375],"texture":"#main"},"south":{"uv":[0,9.375,0.625,10.4375],"texture":"#main"},"west":{"uv":[8.375,5.75,9.3125,6.8125],"texture":"#main"},"up":{"uv":[10.75,9.9375,10.125,9],"texture":"#main"},"down":{"uv":[10.75,10,10.125,10.9375],"texture":"#main"}}},{"from":[-14.45,1.525,-7.8],"to":[-13.25,5.925,-5.2],"rotation":{"angle":22.5,"axis":"z","origin":[-13.85,1.675,-2.6]},"faces":{"north":{"uv":[0.75,12.375,0.875,12.9375],"texture":"#main"},"east":{"uv":[10.25,11.75,10.5625,12.3125],"texture":"#main"},"south":{"uv":[0.875,12.375,1,12.9375],"texture":"#main"},"west":{"uv":[10.625,11.75,10.9375,12.3125],"texture":"#main"},"up":{"uv":[12.5,8.4375,12.375,8.125],"texture":"#main"},"down":{"uv":[8.5,12.375,8.375,12.6875],"texture":"#main"}}},{"from":[-14.45,1.525,0.2],"to":[-13.25,5.925,2.8],"rotation":{"angle":22.5,"axis":"z","origin":[-13.85,1.675,11.2]},"faces":{"north":{"uv":[1,12.375,0.875,12.9375],"texture":"#main"},"east":{"uv":[10.5625,11.75,10.25,12.3125],"texture":"#main"},"south":{"uv":[0.875,12.375,0.75,12.9375],"texture":"#main"},"west":{"uv":[10.9375,11.75,10.625,12.3125],"texture":"#main"},"up":{"uv":[12.5,8.125,12.375,8.4375],"texture":"#main"},"down":{"uv":[8.5,12.6875,8.375,12.375],"texture":"#main"}}},{"from":[-14.45,1.025,-4.9],"to":[-13.25,8.425,-0.1],"rotation":{"angle":22.5,"axis":"z","origin":[-13.85,1.675,-2.6]},"faces":{"north":{"uv":[9.5,11.75,9.625,12.6875],"texture":"#main"},"east":{"uv":[10.375,4,11,4.9375],"texture":"#main"},"south":{"uv":[8.25,11.875,8.375,12.8125],"texture":"#main"},"west":{"uv":[10.375,7.875,11,8.8125],"texture":"#main"},"up":{"uv":[2.375,7.625,2.25,7],"texture":"#main"},"down":{"uv":[2,9.375,1.875,10],"texture":"#main"}}},{"from":[-14.45,-2.675,-6.7],"to":[-9.25,6.025,1.5],"rotation":{"angle":0,"axis":"y","origin":[-11.75,8.4,-2.6]},"faces":{"north":{"uv":[0.625,9.375,1.25,10.4375],"texture":"#main"},"east":{"uv":[6.125,7.25,7.125,8.3125],"texture":"#main"},"south":{"uv":[9.375,1.125,10,2.1875],"texture":"#main"},"west":{"uv":[7.125,7.25,8.125,8.3125],"texture":"#main"},"up":{"uv":[10.625,2,10,1],"texture":"#main"},"down":{"uv":[2.5,10,1.875,11],"texture":"#main"}}},{"from":[-14.175,-2.65,-7.3],"to":[-12.975,-0.65,-6.3],"rotation":{"angle":0,"axis":"y","origin":[-11.75,8.4,-2.6]},"faces":{"north":{"uv":[11.125,0.75,11.25,1],"texture":"#main"},"east":{"uv":[11.375,8.625,11.5,8.875],"texture":"#main"},"south":{"uv":[7.25,11.625,7.375,11.875],"texture":"#main"},"west":{"uv":[11.75,4.625,11.875,4.875],"texture":"#main"},"up":{"uv":[4.5,6.5,4.375,6.375],"texture":"#main"},"down":{"uv":[2.375,7.625,2.25,7.75],"texture":"#main"}}},{"from":[-12.975,-2.65,-7.6],"to":[-10.875,0.55,-6.6],"rotation":{"angle":0,"axis":"y","origin":[-11.75,8.4,-2.6]},"faces":{"north":{"uv":[7,1.25,7.25,1.625],"texture":"#main"},"east":{"uv":[10,9,10.125,9.375],"texture":"#main"},"south":{"uv":[3,8.875,3.25,9.25],"texture":"#main"},"west":{"uv":[10.25,4,10.375,4.375],"texture":"#main"},"up":{"uv":[4.5,2.75,4.25,2.625],"texture":"#main"},"down":{"uv":[4.125,6.375,3.875,6.5],"texture":"#main"}}},{"from":[-10.775,-2.65,-7.3],"to":[-9.575,-0.65,-6.3],"rotation":{"angle":0,"axis":"y","origin":[-11.75,8.4,-2.6]},"faces":{"north":{"uv":[11.875,4.625,12,4.875],"texture":"#main"},"east":{"uv":[12.25,11.5,12.375,11.75],"texture":"#main"},"south":{"uv":[12.375,5,12.5,5.25],"texture":"#main"},"west":{"uv":[12.375,6.75,12.5,7],"texture":"#main"},"up":{"uv":[8.375,6.5,8.25,6.375],"texture":"#main"},"down":{"uv":[9,7.125,8.875,7.25],"texture":"#main"}}},{"from":[7.55,5.025,-6.35],"to":[12.45,13.325,1.175],"rotation":{"angle":22.5,"axis":"z","origin":[11.75,8.4,-2.6]},"faces":{"north":{"uv":[4.5,5.25,3.875,6.3125],"texture":"#main"},"east":{"uv":[9.3125,5.75,8.375,6.8125],"texture":"#main"},"south":{"uv":[0.625,9.375,0,10.4375],"texture":"#main"},"west":{"uv":[6.6875,8.375,5.75,9.4375],"texture":"#main"},"up":{"uv":[10.125,9.9375,10.75,9],"texture":"#main"},"down":{"uv":[10.125,10,10.75,10.9375],"texture":"#main"}}},{"from":[13.25,1.525,-7.8],"to":[14.45,5.925,-5.2],"rotation":{"angle":-22.5,"axis":"z","origin":[13.85,1.675,-2.6]},"faces":{"north":{"uv":[0.875,12.375,0.75,12.9375],"texture":"#main"},"east":{"uv":[10.9375,11.75,10.625,12.3125],"texture":"#main"},"south":{"uv":[1,12.375,0.875,12.9375],"texture":"#main"},"west":{"uv":[10.5625,11.75,10.25,12.3125],"texture":"#main"},"up":{"uv":[12.375,8.4375,12.5,8.125],"texture":"#main"},"down":{"uv":[8.375,12.375,8.5,12.6875],"texture":"#main"}}},{"from":[13.25,1.525,0.2],"to":[14.45,5.925,2.8],"rotation":{"angle":-22.5,"axis":"z","origin":[13.85,1.675,11.2]},"faces":{"north":{"uv":[0.875,12.375,1,12.9375],"texture":"#main"},"east":{"uv":[10.625,11.75,10.9375,12.3125],"texture":"#main"},"south":{"uv":[0.75,12.375,0.875,12.9375],"texture":"#main"},"west":{"uv":[10.25,11.75,10.5625,12.3125],"texture":"#main"},"up":{"uv":[12.375,8.125,12.5,8.4375],"texture":"#main"},"down":{"uv":[8.375,12.6875,8.5,12.375],"texture":"#main"}}},{"from":[13.25,1.025,-4.9],"to":[14.45,8.425,-0.1],"rotation":{"angle":-22.5,"axis":"z","origin":[13.85,1.675,-2.6]},"faces":{"north":{"uv":[9.625,11.75,9.5,12.6875],"texture":"#main"},"east":{"uv":[11,7.875,10.375,8.8125],"texture":"#main"},"south":{"uv":[8.375,11.875,8.25,12.8125],"texture":"#main"},"west":{"uv":[11,4,10.375,4.9375],"texture":"#main"},"up":{"uv":[2.25,7.625,2.375,7],"texture":"#main"},"down":{"uv":[1.875,9.375,2,10],"texture":"#main"}}},{"from":[9.25,-2.675,-6.7],"to":[14.45,6.025,1.5],"rotation":{"angle":0,"axis":"y","origin":[11.75,8.4,-2.6]},"faces":{"north":{"uv":[1.25,9.375,0.625,10.4375],"texture":"#main"},"east":{"uv":[8.125,7.25,7.125,8.3125],"texture":"#main"},"south":{"uv":[10,1.125,9.375,2.1875],"texture":"#main"},"west":{"uv":[7.125,7.25,6.125,8.3125],"texture":"#main"},"up":{"uv":[10,2,10.625,1],"texture":"#main"},"down":{"uv":[1.875,10,2.5,11],"texture":"#main"}}},{"from":[12.975,-2.65,-7.3],"to":[14.175,-0.65,-6.3],"rotation":{"angle":0,"axis":"y","origin":[11.75,8.4,-2.6]},"faces":{"north":{"uv":[11.25,0.75,11.125,1],"texture":"#main"},"east":{"uv":[11.875,4.625,11.75,4.875],"texture":"#main"},"south":{"uv":[7.375,11.625,7.25,11.875],"texture":"#main"},"west":{"uv":[11.5,8.625,11.375,8.875],"texture":"#main"},"up":{"uv":[4.375,6.5,4.5,6.375],"texture":"#main"},"down":{"uv":[2.25,7.625,2.375,7.75],"texture":"#main"}}},{"from":[10.875,-2.65,-7.6],"to":[12.975,0.55,-6.6],"rotation":{"angle":0,"axis":"y","origin":[11.75,8.4,-2.6]},"faces":{"north":{"uv":[7.25,1.25,7,1.625],"texture":"#main"},"east":{"uv":[10.375,4,10.25,4.375],"texture":"#main"},"south":{"uv":[3.25,8.875,3,9.25],"texture":"#main"},"west":{"uv":[10.125,9,10,9.375],"texture":"#main"},"up":{"uv":[4.25,2.75,4.5,2.625],"texture":"#main"},"down":{"uv":[3.875,6.375,4.125,6.5],"texture":"#main"}}},{"from":[9.575,-2.65,-7.3],"to":[10.775,-0.65,-6.3],"rotation":{"angle":0,"axis":"y","origin":[11.75,8.4,-2.6]},"faces":{"north":{"uv":[12,4.625,11.875,4.875],"texture":"#main"},"east":{"uv":[12.5,6.75,12.375,7],"texture":"#main"},"south":{"uv":[12.5,5,12.375,5.25],"texture":"#main"},"west":{"uv":[12.375,11.5,12.25,11.75],"texture":"#main"},"up":{"uv":[8.25,6.5,8.375,6.375],"texture":"#main"},"down":{"uv":[8.875,7.125,9,7.25],"texture":"#main"}}},{"from":[-12.45,5.025,6.75],"to":[-7.55,13.325,14.275],"rotation":{"angle":-22.5,"axis":"z","origin":[-11.75,8.4,10.5]},"faces":{"north":{"uv":[3.875,5.25,4.5,6.3125],"texture":"#main"},"east":{"uv":[5.75,8.375,6.6875,9.4375],"texture":"#main"},"south":{"uv":[0,9.375,0.625,10.4375],"texture":"#main"},"west":{"uv":[8.375,5.75,9.3125,6.8125],"texture":"#main"},"up":{"uv":[10.75,9.9375,10.125,9],"texture":"#main"},"down":{"uv":[10.75,10,10.125,10.9375],"texture":"#main"}}},{"from":[-14.45,1.525,5.3],"to":[-13.25,5.925,7.9],"rotation":{"angle":22.5,"axis":"z","origin":[-13.85,1.675,10.5]},"faces":{"north":{"uv":[0.75,12.375,0.875,12.9375],"texture":"#main"},"east":{"uv":[10.25,11.75,10.5625,12.3125],"texture":"#main"},"south":{"uv":[0.875,12.375,1,12.9375],"texture":"#main"},"west":{"uv":[10.625,11.75,10.9375,12.3125],"texture":"#main"},"up":{"uv":[12.5,8.4375,12.375,8.125],"texture":"#main"},"down":{"uv":[8.5,12.375,8.375,12.6875],"texture":"#main"}}},{"from":[-14.45,1.525,13.3],"to":[-13.25,5.925,15.9],"rotation":{"angle":22.5,"axis":"z","origin":[-13.85,1.675,24.3]},"faces":{"north":{"uv":[1,12.375,0.875,12.9375],"texture":"#main"},"east":{"uv":[10.5625,11.75,10.25,12.3125],"texture":"#main"},"south":{"uv":[0.875,12.375,0.75,12.9375],"texture":"#main"},"west":{"uv":[10.9375,11.75,10.625,12.3125],"texture":"#main"},"up":{"uv":[12.5,8.125,12.375,8.4375],"texture":"#main"},"down":{"uv":[8.5,12.6875,8.375,12.375],"texture":"#main"}}},{"from":[-14.45,1.025,8.2],"to":[-13.25,8.425,13],"rotation":{"angle":22.5,"axis":"z","origin":[-13.85,1.675,10.5]},"faces":{"north":{"uv":[9.5,11.75,9.625,12.6875],"texture":"#main"},"east":{"uv":[10.375,4,11,4.9375],"texture":"#main"},"south":{"uv":[8.25,11.875,8.375,12.8125],"texture":"#main"},"west":{"uv":[10.375,7.875,11,8.8125],"texture":"#main"},"up":{"uv":[2.375,7.625,2.25,7],"texture":"#main"},"down":{"uv":[2,9.375,1.875,10],"texture":"#main"}}},{"from":[-14.45,-2.675,6.4],"to":[-9.25,6.025,14.6],"rotation":{"angle":0,"axis":"y","origin":[-11.75,8.4,10.5]},"faces":{"north":{"uv":[0.625,9.375,1.25,10.4375],"texture":"#main"},"east":{"uv":[6.125,7.25,7.125,8.3125],"texture":"#main"},"south":{"uv":[9.375,1.125,10,2.1875],"texture":"#main"},"west":{"uv":[7.125,7.25,8.125,8.3125],"texture":"#main"},"up":{"uv":[10.625,2,10,1],"texture":"#main"},"down":{"uv":[2.5,10,1.875,11],"texture":"#main"}}},{"from":[-14.175,-2.65,5.8],"to":[-12.975,-0.65,6.8],"rotation":{"angle":0,"axis":"y","origin":[-11.75,8.4,10.5]},"faces":{"north":{"uv":[11.125,0.75,11.25,1],"texture":"#main"},"east":{"uv":[11.375,8.625,11.5,8.875],"texture":"#main"},"south":{"uv":[7.25,11.625,7.375,11.875],"texture":"#main"},"west":{"uv":[11.75,4.625,11.875,4.875],"texture":"#main"},"up":{"uv":[4.5,6.5,4.375,6.375],"texture":"#main"},"down":{"uv":[2.375,7.625,2.25,7.75],"texture":"#main"}}},{"from":[-12.975,-2.65,5.5],"to":[-10.875,0.55,6.5],"rotation":{"angle":0,"axis":"y","origin":[-11.75,8.4,10.5]},"faces":{"north":{"uv":[7,1.25,7.25,1.625],"texture":"#main"},"east":{"uv":[10,9,10.125,9.375],"texture":"#main"},"south":{"uv":[3,8.875,3.25,9.25],"texture":"#main"},"west":{"uv":[10.25,4,10.375,4.375],"texture":"#main"},"up":{"uv":[4.5,2.75,4.25,2.625],"texture":"#main"},"down":{"uv":[4.125,6.375,3.875,6.5],"texture":"#main"}}},{"from":[-10.775,-2.65,5.8],"to":[-9.575,-0.65,6.8],"rotation":{"angle":0,"axis":"y","origin":[-11.75,8.4,10.5]},"faces":{"north":{"uv":[11.875,4.625,12,4.875],"texture":"#main"},"east":{"uv":[12.25,11.5,12.375,11.75],"texture":"#main"},"south":{"uv":[12.375,5,12.5,5.25],"texture":"#main"},"west":{"uv":[12.375,6.75,12.5,7],"texture":"#main"},"up":{"uv":[8.375,6.5,8.25,6.375],"texture":"#main"},"down":{"uv":[9,7.125,8.875,7.25],"texture":"#main"}}},{"from":[7.55,5.025,6.75],"to":[12.45,13.325,14.275],"rotation":{"angle":22.5,"axis":"z","origin":[11.75,8.4,10.5]},"faces":{"north":{"uv":[4.5,5.25,3.875,6.3125],"texture":"#main"},"east":{"uv":[9.3125,5.75,8.375,6.8125],"texture":"#main"},"south":{"uv":[0.625,9.375,0,10.4375],"texture":"#main"},"west":{"uv":[6.6875,8.375,5.75,9.4375],"texture":"#main"},"up":{"uv":[10.125,9.9375,10.75,9],"texture":"#main"},"down":{"uv":[10.125,10,10.75,10.9375],"texture":"#main"}}},{"from":[13.25,1.525,5.3],"to":[14.45,5.925,7.9],"rotation":{"angle":-22.5,"axis":"z","origin":[13.85,1.675,10.5]},"faces":{"north":{"uv":[0.875,12.375,0.75,12.9375],"texture":"#main"},"east":{"uv":[10.9375,11.75,10.625,12.3125],"texture":"#main"},"south":{"uv":[1,12.375,0.875,12.9375],"texture":"#main"},"west":{"uv":[10.5625,11.75,10.25,12.3125],"texture":"#main"},"up":{"uv":[12.375,8.4375,12.5,8.125],"texture":"#main"},"down":{"uv":[8.375,12.375,8.5,12.6875],"texture":"#main"}}},{"from":[13.25,1.525,13.3],"to":[14.45,5.925,15.9],"rotation":{"angle":-22.5,"axis":"z","origin":[13.85,1.675,24.3]},"faces":{"north":{"uv":[0.875,12.375,1,12.9375],"texture":"#main"},"east":{"uv":[10.625,11.75,10.9375,12.3125],"texture":"#main"},"south":{"uv":[0.75,12.375,0.875,12.9375],"texture":"#main"},"west":{"uv":[10.25,11.75,10.5625,12.3125],"texture":"#main"},"up":{"uv":[12.375,8.125,12.5,8.4375],"texture":"#main"},"down":{"uv":[8.375,12.6875,8.5,12.375],"texture":"#main"}}},{"from":[13.25,1.025,8.2],"to":[14.45,8.425,13],"rotation":{"angle":-22.5,"axis":"z","origin":[13.85,1.675,10.5]},"faces":{"north":{"uv":[9.625,11.75,9.5,12.6875],"texture":"#main"},"east":{"uv":[11,7.875,10.375,8.8125],"texture":"#main"},"south":{"uv":[8.375,11.875,8.25,12.8125],"texture":"#main"},"west":{"uv":[11,4,10.375,4.9375],"texture":"#main"},"up":{"uv":[2.25,7.625,2.375,7],"texture":"#main"},"down":{"uv":[1.875,9.375,2,10],"texture":"#main"}}},{"from":[9.25,-2.675,6.4],"to":[14.45,6.025,14.6],"rotation":{"angle":0,"axis":"y","origin":[11.75,8.4,10.5]},"faces":{"north":{"uv":[1.25,9.375,0.625,10.4375],"texture":"#main"},"east":{"uv":[8.125,7.25,7.125,8.3125],"texture":"#main"},"south":{"uv":[10,1.125,9.375,2.1875],"texture":"#main"},"west":{"uv":[7.125,7.25,6.125,8.3125],"texture":"#main"},"up":{"uv":[10,2,10.625,1],"texture":"#main"},"down":{"uv":[1.875,10,2.5,11],"texture":"#main"}}},{"from":[12.975,-2.65,5.8],"to":[14.175,-0.65,6.8],"rotation":{"angle":0,"axis":"y","origin":[11.75,8.4,10.5]},"faces":{"north":{"uv":[11.25,0.75,11.125,1],"texture":"#main"},"east":{"uv":[11.875,4.625,11.75,4.875],"texture":"#main"},"south":{"uv":[7.375,11.625,7.25,11.875],"texture":"#main"},"west":{"uv":[11.5,8.625,11.375,8.875],"texture":"#main"},"up":{"uv":[4.375,6.5,4.5,6.375],"texture":"#main"},"down":{"uv":[2.25,7.625,2.375,7.75],"texture":"#main"}}},{"from":[10.875,-2.65,5.5],"to":[12.975,0.55,6.5],"rotation":{"angle":0,"axis":"y","origin":[11.75,8.4,10.5]},"faces":{"north":{"uv":[7.25,1.25,7,1.625],"texture":"#main"},"east":{"uv":[10.375,4,10.25,4.375],"texture":"#main"},"south":{"uv":[3.25,8.875,3,9.25],"texture":"#main"},"west":{"uv":[10.125,9,10,9.375],"texture":"#main"},"up":{"uv":[4.25,2.75,4.5,2.625],"texture":"#main"},"down":{"uv":[3.875,6.375,4.125,6.5],"texture":"#main"}}},{"from":[9.575,-2.65,5.8],"to":[10.775,-0.65,6.8],"rotation":{"angle":0,"axis":"y","origin":[11.75,8.4,10.5]},"faces":{"north":{"uv":[12,4.625,11.875,4.875],"texture":"#main"},"east":{"uv":[12.5,6.75,12.375,7],"texture":"#main"},"south":{"uv":[12.5,5,12.375,5.25],"texture":"#main"},"west":{"uv":[12.375,11.5,12.25,11.75],"texture":"#main"},"up":{"uv":[8.25,6.5,8.375,6.375],"texture":"#main"},"down":{"uv":[8.875,7.125,9,7.25],"texture":"#main"}}}],"display":{"head":{"translation":[9.5,-29.5,0],"scale":[1.25,1.25,1.25]}},"groups":[{"name":"bastidon","origin":[0,0,0],"color":0,"children":[{"name":"head","origin":[-1,4.9,-17],"color":0,"children":[0,1,2,3,4,5,6,7,8,9,10,11,12,13,14,15]},{"name":"body","origin":[-1,4.9,-17],"color":0,"children":[16,17,18,19,20,21]},{"name":"tail","origin":[0.1125,9.575,27.9],"color":0,"children":[22,23,24]},{"name":"leg","origin":[-11.75,11.1,-6.9],"color":0,"children":[25,26,27,28,29,30,31,32]},{"name":"leg4","origin":[11.75,11.1,-6.9],"color":0,"children":[33,34,35,36,37,38,39,40]},{"name":"leg2","origin":[-11.75,11.1,6.2],"color":0,"children":[41,42,43,44,45,46,47,48]},{"name":"leg3","origin":[11.75,11.1,6.2],"color":0,"children":[49,50,51,52,53,54,55,56]}]}]}