{"texture_size":[128,128],"textures":{"particle":"pokemon/drapion","main":"pokemon/drapion"},"elements":[{"from":[3.5,2,4],"to":[12.5,10,17],"rotation":{"angle":0,"axis":"y","origin":[0.5,0,0]},"faces":{"north":{"uv":[1.625,1.625,2.75,2.625],"texture":"#main"},"east":{"uv":[0,1.625,1.625,2.625],"texture":"#main"},"south":{"uv":[4.375,1.625,5.5,2.625],"texture":"#main"},"west":{"uv":[2.75,1.625,4.375,2.625],"texture":"#main"},"up":{"uv":[2.75,1.625,1.625,0],"texture":"#main"},"down":{"uv":[3.875,0,2.75,1.625],"texture":"#main"}}},{"from":[5.5,1,5],"to":[10.5,9,10],"rotation":{"angle":-22.5,"axis":"x","origin":[-1.5,0,0]},"faces":{"north":{"uv":[3.875,3.25,4.5,4.25],"texture":"#main"},"east":{"uv":[3.25,3.25,3.875,4.25],"texture":"#main"},"south":{"uv":[5.125,3.25,5.75,4.25],"texture":"#main"},"west":{"uv":[4.5,3.25,5.125,4.25],"texture":"#main"},"up":{"uv":[4.5,3.25,3.875,2.625],"texture":"#main"},"down":{"uv":[5.125,2.625,4.5,3.25],"texture":"#main"}}},{"from":[6,5,5.5],"to":[10,16,9.5],"rotation":{"angle":-22.5,"axis":"x","origin":[-2,0,0]},"faces":{"north":{"uv":[0.5,4.5,1,5.875],"texture":"#main"},"east":{"uv":[0,4.5,0.5,5.875],"texture":"#main"},"south":{"uv":[1.5,4.5,2,5.875],"texture":"#main"},"west":{"uv":[1,4.5,1.5,5.875],"texture":"#main"},"up":{"uv":[1,4.5,0.5,4],"texture":"#main"},"down":{"uv":[1.5,4,1,4.5],"texture":"#main"}}},{"from":[5.5,9.5,5],"to":[10.5,11.5,10],"rotation":{"angle":-22.5,"axis":"x","origin":[-1.5,0,0]},"faces":{"north":{"uv":[5.75,2.625,6.375,2.875],"texture":"#main"},"east":{"uv":[5.125,2.625,5.75,2.875],"texture":"#main"},"south":{"uv":[7,2.625,7.625,2.875],"texture":"#main"},"west":{"uv":[6.375,2.625,7,2.875],"texture":"#main"},"up":{"uv":[6.375,2.625,5.75,2],"texture":"#main"},"down":{"uv":[7,2,6.375,2.625],"texture":"#main"}}},{"from":[5.5,12.5,5],"to":[10.5,14.5,10],"rotation":{"angle":-22.5,"axis":"x","origin":[-1.5,0,0]},"faces":{"north":{"uv":[5.125,4.875,5.75,5.125],"texture":"#main"},"east":{"uv":[4.5,4.875,5.125,5.125],"texture":"#main"},"south":{"uv":[6.375,4.875,7,5.125],"texture":"#main"},"west":{"uv":[5.75,4.875,6.375,5.125],"texture":"#main"},"up":{"uv":[5.75,4.875,5.125,4.25],"texture":"#main"},"down":{"uv":[6.375,4.25,5.75,4.875],"texture":"#main"}}},{"from":[4,15.5,-2.25],"to":[12,21.5,2.75],"rotation":{"angle":0,"axis":"x","origin":[-2,0,0]},"faces":{"north":{"uv":[0.625,3.25,1.625,4],"texture":"#main"},"east":{"uv":[0,3.25,0.625,4],"texture":"#main"},"south":{"uv":[2.25,3.25,3.25,4],"texture":"#main"},"west":{"uv":[1.625,3.25,2.25,4],"texture":"#main"},"up":{"uv":[1.625,3.25,0.625,2.625],"texture":"#main"},"down":{"uv":[2.625,2.625,1.625,3.25],"texture":"#main"}}},{"from":[4,21.5,-2.25],"to":[12,27.5,-2.25],"rotation":{"angle":0,"axis":"x","origin":[-2,0,0]},"faces":{"north":{"uv":[11.375,6.5,12.375,7.25],"texture":"#main"},"east":{"uv":[11.375,6.5,11.375,7.25],"texture":"#main"},"south":{"uv":[12.375,6.5,13.375,7.25],"texture":"#main"},"west":{"uv":[12.375,6.5,12.375,7.25],"texture":"#main"},"up":{"uv":[12.375,6.5,11.375,6.5],"texture":"#main"},"down":{"uv":[13.375,6.5,12.375,6.5],"texture":"#main"}}},{"from":[1.5,15.5,-2.25],"to":[5.5,18.5,-2.25],"rotation":{"angle":-22.5,"axis":"y","origin":[5.5,18,-2.25]},"faces":{"north":{"uv":[3.25,10.625,3.75,11],"texture":"#main"},"east":{"uv":[3.25,10.625,3.25,11],"texture":"#main"},"south":{"uv":[3.75,10.625,4.25,11],"texture":"#main"},"west":{"uv":[3.75,10.625,3.75,11],"texture":"#main"},"up":{"uv":[3.75,10.625,3.25,10.625],"texture":"#main"},"down":{"uv":[4.25,10.625,3.75,10.625],"texture":"#main"}}},{"from":[10.5,15.5,-2.25],"to":[14.5,18.5,-2.25],"shade":false,"rotation":{"angle":22.5,"axis":"y","origin":[10.5,18,-2.25]},"faces":{"north":{"uv":[3.75,10.625,3.25,11],"texture":"#main"},"east":{"uv":[3.75,10.625,3.75,11],"texture":"#main"},"south":{"uv":[4.25,10.625,3.75,11],"texture":"#main"},"west":{"uv":[3.25,10.625,3.25,11],"texture":"#main"},"up":{"uv":[3.25,10.625,3.75,10.625],"texture":"#main"},"down":{"uv":[3.75,10.625,4.25,10.625],"texture":"#main"}}},{"from":[12.5,15.5,-2.25],"to":[15.5,20.5,1.75],"rotation":{"angle":0,"axis":"x","origin":[14.5,19,-0.75]},"faces":{"north":{"uv":[3.5,6.75,3.875,7.375],"texture":"#main"},"east":{"uv":[3,6.75,3.5,7.375],"texture":"#main"},"south":{"uv":[4.375,6.75,4.75,7.375],"texture":"#main"},"west":{"uv":[3.875,6.75,4.375,7.375],"texture":"#main"},"up":{"uv":[3.875,6.75,3.5,6.25],"texture":"#main"},"down":{"uv":[4.25,6.25,3.875,6.75],"texture":"#main"}}},{"from":[8.5,15.75,-1.75],"to":[12.5,18.75,1.25],"rotation":{"angle":0,"axis":"x","origin":[14.5,19,-0.75]},"faces":{"north":{"uv":[7.625,2.875,8.125,3.25],"texture":"#main"},"east":{"uv":[7.25,2.875,7.625,3.25],"texture":"#main"},"south":{"uv":[8.5,2.875,9,3.25],"texture":"#main"},"west":{"uv":[8.125,2.875,8.5,3.25],"texture":"#main"},"up":{"uv":[8.125,2.875,7.625,2.5],"texture":"#main"},"down":{"uv":[8.625,2.5,8.125,2.875],"texture":"#main"}}},{"from":[13.25,15.25,-1.75],"to":[17.25,18.25,1.25],"rotation":{"angle":-22.5,"axis":"z","origin":[15.25,17.25,-0.25]},"faces":{"north":{"uv":[7.375,5.875,7.875,6.25],"texture":"#main"},"east":{"uv":[7,5.875,7.375,6.25],"texture":"#main"},"south":{"uv":[8.25,5.875,8.75,6.25],"texture":"#main"},"west":{"uv":[7.875,5.875,8.25,6.25],"texture":"#main"},"up":{"uv":[7.875,5.875,7.375,5.5],"texture":"#main"},"down":{"uv":[8.375,5.5,7.875,5.875],"texture":"#main"}}},{"from":[17.25,19.25,-2.25],"to":[19.25,23.25,1.75],"rotation":{"angle":-45,"axis":"z","origin":[11.25,20,-0.75]},"faces":{"north":{"uv":[6.75,7.25,7,7.75],"texture":"#main"},"east":{"uv":[6.25,7.25,6.75,7.75],"texture":"#main"},"south":{"uv":[7.5,7.25,7.75,7.75],"texture":"#main"},"west":{"uv":[7,7.25,7.5,7.75],"texture":"#main"},"up":{"uv":[7,7.25,6.75,6.75],"texture":"#main"},"down":{"uv":[7.25,6.75,7,7.25],"texture":"#main"}}},{"from":[20.25,19,-2.25],"to":[22.25,23,1.75],"rotation":{"angle":-45,"axis":"z","origin":[11.25,20,-0.75]},"faces":{"north":{"uv":[5.25,7.25,5.5,7.75],"texture":"#main"},"east":{"uv":[4.75,7.25,5.25,7.75],"texture":"#main"},"south":{"uv":[6,7.25,6.25,7.75],"texture":"#main"},"west":{"uv":[5.5,7.25,6,7.75],"texture":"#main"},"up":{"uv":[5.5,7.25,5.25,6.75],"texture":"#main"},"down":{"uv":[5.75,6.75,5.5,7.25],"texture":"#main"}}},{"from":[18.25,19.5,-1.75],"to":[21.25,22.5,1.25],"rotation":{"angle":-45,"axis":"z","origin":[11.25,20,-0.75]},"faces":{"north":{"uv":[7.75,7.75,8.125,8.125],"texture":"#main"},"east":{"uv":[7.375,7.75,7.75,8.125],"texture":"#main"},"south":{"uv":[8.5,7.75,8.875,8.125],"texture":"#main"},"west":{"uv":[8.125,7.75,8.5,8.125],"texture":"#main"},"up":{"uv":[8.125,7.75,7.75,7.375],"texture":"#main"},"down":{"uv":[8.5,7.375,8.125,7.75],"texture":"#main"}}},{"from":[17.5,8,-2.5],"to":[21.5,12,1.5],"rotation":{"angle":0,"axis":"z","origin":[9.5,21,-0.75]},"faces":{"north":{"uv":[6,6.25,6.5,6.75],"texture":"#main"},"east":{"uv":[5.5,6.25,6,6.75],"texture":"#main"},"south":{"uv":[7,6.25,7.5,6.75],"texture":"#main"},"west":{"uv":[6.5,6.25,7,6.75],"texture":"#main"},"up":{"uv":[6.5,6.25,6,5.75],"texture":"#main"},"down":{"uv":[7,5.75,6.5,6.25],"texture":"#main"}}},{"from":[17.75,11,-1.75],"to":[20.75,14,1.25],"rotation":{"angle":0,"axis":"z","origin":[9.5,21,-0.75]},"faces":{"north":{"uv":[2.75,7.75,3.125,8.125],"texture":"#main"},"east":{"uv":[2.375,7.75,2.75,8.125],"texture":"#main"},"south":{"uv":[3.5,7.75,3.875,8.125],"texture":"#main"},"west":{"uv":[3.125,7.75,3.5,8.125],"texture":"#main"},"up":{"uv":[3.125,7.75,2.75,7.375],"texture":"#main"},"down":{"uv":[3.5,7.375,3.125,7.75],"texture":"#main"}}},{"from":[18.5,7.75,-3.5],"to":[20.5,10.75,-1.5],"rotation":{"angle":45,"axis":"x","origin":[19.5,9,-4]},"faces":{"north":{"uv":[8,0.25,8.25,0.625],"texture":"#main"},"east":{"uv":[7.75,0.25,8,0.625],"texture":"#main"},"south":{"uv":[8.5,0.25,8.75,0.625],"texture":"#main"},"west":{"uv":[8.25,0.25,8.5,0.625],"texture":"#main"},"up":{"uv":[8.25,0.25,8,0],"texture":"#main"},"down":{"uv":[8.5,0,8.25,0.25],"texture":"#main"}}},{"from":[18.5,3,-1.5],"to":[20.5,6,0.5],"rotation":{"angle":-45,"axis":"x","origin":[19.5,9,-4]},"faces":{"north":{"uv":[4.125,7.75,4.375,8.125],"texture":"#main"},"east":{"uv":[3.875,7.75,4.125,8.125],"texture":"#main"},"south":{"uv":[4.625,7.75,4.875,8.125],"texture":"#main"},"west":{"uv":[4.375,7.75,4.625,8.125],"texture":"#main"},"up":{"uv":[4.375,7.75,4.125,7.5],"texture":"#main"},"down":{"uv":[4.625,7.5,4.375,7.75],"texture":"#main"}}},{"from":[-5.5,8,-2.5],"to":[-1.5,12,1.5],"shade":false,"rotation":{"angle":0,"axis":"z","origin":[6.5,21,-0.75]},"faces":{"north":{"uv":[6.5,6.25,6,6.75],"texture":"#main"},"east":{"uv":[7,6.25,6.5,6.75],"texture":"#main"},"south":{"uv":[7.5,6.25,7,6.75],"texture":"#main"},"west":{"uv":[6,6.25,5.5,6.75],"texture":"#main"},"up":{"uv":[6,6.25,6.5,5.75],"texture":"#main"},"down":{"uv":[6.5,5.75,7,6.25],"texture":"#main"}}},{"from":[-4.5,7.75,-3.5],"to":[-2.5,10.75,-1.5],"shade":false,"rotation":{"angle":45,"axis":"x","origin":[-3.5,9,-4]},"faces":{"north":{"uv":[8.25,0.25,8,0.625],"texture":"#main"},"east":{"uv":[8.5,0.25,8.25,0.625],"texture":"#main"},"south":{"uv":[8.75,0.25,8.5,0.625],"texture":"#main"},"west":{"uv":[8,0.25,7.75,0.625],"texture":"#main"},"up":{"uv":[8,0.25,8.25,0],"texture":"#main"},"down":{"uv":[8.25,0,8.5,0.25],"texture":"#main"}}},{"from":[-4.5,3,-1.5],"to":[-2.5,6,0.5],"shade":false,"rotation":{"angle":-45,"axis":"x","origin":[-3.5,9,-4]},"faces":{"north":{"uv":[4.375,7.75,4.125,8.125],"texture":"#main"},"east":{"uv":[4.625,7.75,4.375,8.125],"texture":"#main"},"south":{"uv":[4.875,7.75,4.625,8.125],"texture":"#main"},"west":{"uv":[4.125,7.75,3.875,8.125],"texture":"#main"},"up":{"uv":[4.125,7.75,4.375,7.5],"texture":"#main"},"down":{"uv":[4.375,7.5,4.625,7.75],"texture":"#main"}}},{"from":[-4.75,11,-1.75],"to":[-1.75,14,1.25],"shade":false,"rotation":{"angle":0,"axis":"z","origin":[6.5,21,-0.75]},"faces":{"north":{"uv":[3.125,7.75,2.75,8.125],"texture":"#main"},"east":{"uv":[3.5,7.75,3.125,8.125],"texture":"#main"},"south":{"uv":[3.875,7.75,3.5,8.125],"texture":"#main"},"west":{"uv":[2.75,7.75,2.375,8.125],"texture":"#main"},"up":{"uv":[2.75,7.75,3.125,7.375],"texture":"#main"},"down":{"uv":[3.125,7.375,3.5,7.75],"texture":"#main"}}},{"from":[-6.25,19,-2.25],"to":[-4.25,23,1.75],"shade":false,"rotation":{"angle":45,"axis":"z","origin":[4.75,20,-0.75]},"faces":{"north":{"uv":[5.5,7.25,5.25,7.75],"texture":"#main"},"east":{"uv":[6,7.25,5.5,7.75],"texture":"#main"},"south":{"uv":[6.25,7.25,6,7.75],"texture":"#main"},"west":{"uv":[5.25,7.25,4.75,7.75],"texture":"#main"},"up":{"uv":[5.25,7.25,5.5,6.75],"texture":"#main"},"down":{"uv":[5.5,6.75,5.75,7.25],"texture":"#main"}}},{"from":[-3.25,19.25,-2.25],"to":[-1.25,23.25,1.75],"shade":false,"rotation":{"angle":45,"axis":"z","origin":[4.75,20,-0.75]},"faces":{"north":{"uv":[7,7.25,6.75,7.75],"texture":"#main"},"east":{"uv":[7.5,7.25,7,7.75],"texture":"#main"},"south":{"uv":[7.75,7.25,7.5,7.75],"texture":"#main"},"west":{"uv":[6.75,7.25,6.25,7.75],"texture":"#main"},"up":{"uv":[6.75,7.25,7,6.75],"texture":"#main"},"down":{"uv":[7,6.75,7.25,7.25],"texture":"#main"}}},{"from":[-5.25,19.5,-1.75],"to":[-2.25,22.5,1.25],"shade":false,"rotation":{"angle":45,"axis":"z","origin":[4.75,20,-0.75]},"faces":{"north":{"uv":[8.125,7.75,7.75,8.125],"texture":"#main"},"east":{"uv":[8.5,7.75,8.125,8.125],"texture":"#main"},"south":{"uv":[8.875,7.75,8.5,8.125],"texture":"#main"},"west":{"uv":[7.75,7.75,7.375,8.125],"texture":"#main"},"up":{"uv":[7.75,7.75,8.125,7.375],"texture":"#main"},"down":{"uv":[8.125,7.375,8.5,7.75],"texture":"#main"}}},{"from":[-1.25,15.25,-1.75],"to":[2.75,18.25,1.25],"shade":false,"rotation":{"angle":22.5,"axis":"z","origin":[0.75,17.25,-0.25]},"faces":{"north":{"uv":[7.875,5.875,7.375,6.25],"texture":"#main"},"east":{"uv":[8.25,5.875,7.875,6.25],"texture":"#main"},"south":{"uv":[8.75,5.875,8.25,6.25],"texture":"#main"},"west":{"uv":[7.375,5.875,7,6.25],"texture":"#main"},"up":{"uv":[7.375,5.875,7.875,5.5],"texture":"#main"},"down":{"uv":[7.875,5.5,8.375,5.875],"texture":"#main"}}},{"from":[0.5,15.5,-2.25],"to":[3.5,20.5,1.75],"shade":false,"rotation":{"angle":0,"axis":"x","origin":[1.5,19,-0.75]},"faces":{"north":{"uv":[3.875,6.75,3.5,7.375],"texture":"#main"},"east":{"uv":[4.375,6.75,3.875,7.375],"texture":"#main"},"south":{"uv":[4.75,6.75,4.375,7.375],"texture":"#main"},"west":{"uv":[3.5,6.75,3,7.375],"texture":"#main"},"up":{"uv":[3.5,6.75,3.875,6.25],"texture":"#main"},"down":{"uv":[3.875,6.25,4.25,6.75],"texture":"#main"}}},{"from":[3.5,15.75,-1.75],"to":[7.5,18.75,1.25],"shade":false,"rotation":{"angle":0,"axis":"x","origin":[1.5,19,-0.75]},"faces":{"north":{"uv":[8.125,2.875,7.625,3.25],"texture":"#main"},"east":{"uv":[8.5,2.875,8.125,3.25],"texture":"#main"},"south":{"uv":[9,2.875,8.5,3.25],"texture":"#main"},"west":{"uv":[7.625,2.875,7.25,3.25],"texture":"#main"},"up":{"uv":[7.625,2.875,8.125,2.5],"texture":"#main"},"down":{"uv":[8.125,2.5,8.625,2.875],"texture":"#main"}}},{"from":[3.5,15.75,-1.75],"to":[7.5,18.75,1.25],"rotation":{"angle":0,"axis":"x","origin":[1.5,19,-0.75]},"faces":{"north":{"uv":[6.75,4.25,7.25,4.625],"texture":"#main"},"east":{"uv":[6.375,4.25,6.75,4.625],"texture":"#main"},"south":{"uv":[7.625,4.25,8.125,4.625],"texture":"#main"},"west":{"uv":[7.25,4.25,7.625,4.625],"texture":"#main"},"up":{"uv":[7.25,4.25,6.75,3.875],"texture":"#main"},"down":{"uv":[7.75,3.875,7.25,4.25],"texture":"#main"}}},{"from":[6,3,17],"to":[10,8,21],"faces":{"north":{"uv":[2,5.875,2.5,6.5],"texture":"#main"},"east":{"uv":[1.5,5.875,2,6.5],"texture":"#main"},"south":{"uv":[3,5.875,3.5,6.5],"texture":"#main"},"west":{"uv":[2.5,5.875,3,6.5],"texture":"#main"},"up":{"uv":[2.5,5.875,2,5.375],"texture":"#main"},"down":{"uv":[3,5.375,2.5,5.875],"texture":"#main"}}},{"from":[6,3,22],"to":[10,8,26],"faces":{"north":{"uv":[4.5,5.625,5,6.25],"texture":"#main"},"east":{"uv":[4,5.625,4.5,6.25],"texture":"#main"},"south":{"uv":[5.5,5.625,6,6.25],"texture":"#main"},"west":{"uv":[5,5.625,5.5,6.25],"texture":"#main"},"up":{"uv":[5,5.625,4.5,5.125],"texture":"#main"},"down":{"uv":[5.5,5.125,5,5.625],"texture":"#main"}}},{"from":[6.5,4,20],"to":[9.5,7,27],"rotation":{"angle":0,"axis":"y","origin":[-0.5,0,0]},"faces":{"north":{"uv":[4.75,0.875,5.125,1.25],"texture":"#main"},"east":{"uv":[3.875,0.875,4.75,1.25],"texture":"#main"},"south":{"uv":[6,0.875,6.375,1.25],"texture":"#main"},"west":{"uv":[5.125,0.875,6,1.25],"texture":"#main"},"up":{"uv":[5.125,0.875,4.75,0],"texture":"#main"},"down":{"uv":[5.5,0,5.125,0.875],"texture":"#main"}}},{"from":[5,3,27],"to":[11,8,31],"faces":{"north":{"uv":[2.5,4.75,3.25,5.375],"texture":"#main"},"east":{"uv":[2,4.75,2.5,5.375],"texture":"#main"},"south":{"uv":[3.75,4.75,4.5,5.375],"texture":"#main"},"west":{"uv":[3.25,4.75,3.75,5.375],"texture":"#main"},"up":{"uv":[3.25,4.75,2.5,4.25],"texture":"#main"},"down":{"uv":[4,4.25,3.25,4.75],"texture":"#main"}}},{"from":[10,7,28],"to":[15,10,30],"rotation":{"angle":45,"axis":"z","origin":[14,6.5,29]},"faces":{"north":{"uv":[7.625,1,8.25,1.375],"texture":"#main"},"east":{"uv":[7.375,1,7.625,1.375],"texture":"#main"},"south":{"uv":[8.5,1,9.125,1.375],"texture":"#main"},"west":{"uv":[8.25,1,8.5,1.375],"texture":"#main"},"up":{"uv":[8.25,1,7.625,0.75],"texture":"#main"},"down":{"uv":[8.875,0.75,8.25,1],"texture":"#main"}}},{"from":[12.25,7.75,28.5],"to":[14.25,10.75,29.5],"rotation":{"angle":0,"axis":"z","origin":[14,6.5,29]},"faces":{"north":{"uv":[3.125,5.5,3.375,5.875],"texture":"#main"},"east":{"uv":[3,5.5,3.125,5.875],"texture":"#main"},"south":{"uv":[3.5,5.5,3.75,5.875],"texture":"#main"},"west":{"uv":[3.375,5.5,3.5,5.875],"texture":"#main"},"up":{"uv":[3.375,5.5,3.125,5.375],"texture":"#main"},"down":{"uv":[3.625,5.375,3.375,5.5],"texture":"#main"}}},{"from":[1.75,7.75,28.5],"to":[3.75,10.75,29.5],"rotation":{"angle":0,"axis":"z","origin":[2,6.5,29]},"faces":{"north":{"uv":[4.125,4.375,4.375,4.75],"texture":"#main"},"east":{"uv":[4,4.375,4.125,4.75],"texture":"#main"},"south":{"uv":[4.5,4.375,4.75,4.75],"texture":"#main"},"west":{"uv":[4.375,4.375,4.5,4.75],"texture":"#main"},"up":{"uv":[4.375,4.375,4.125,4.25],"texture":"#main"},"down":{"uv":[4.625,4.25,4.375,4.375],"texture":"#main"}}},{"from":[1,7,28],"to":[6,10,30],"rotation":{"angle":-45,"axis":"z","origin":[2,6.5,29]},"faces":{"north":{"uv":[7.5,6.75,8.125,7.125],"texture":"#main"},"east":{"uv":[7.25,6.75,7.5,7.125],"texture":"#main"},"south":{"uv":[8.375,6.75,9,7.125],"texture":"#main"},"west":{"uv":[8.125,6.75,8.375,7.125],"texture":"#main"},"up":{"uv":[8.125,6.75,7.5,6.5],"texture":"#main"},"down":{"uv":[8.75,6.5,8.125,6.75],"texture":"#main"}}},{"from":[-3,1,12],"to":[3,4,15],"rotation":{"angle":22.5,"axis":"z","origin":[-1.5,7,14]},"faces":{"north":{"uv":[5.875,0.375,6.625,0.75],"texture":"#main"},"east":{"uv":[5.5,0.375,5.875,0.75],"texture":"#main"},"south":{"uv":[7,0.375,7.75,0.75],"texture":"#main"},"west":{"uv":[6.625,0.375,7,0.75],"texture":"#main"},"up":{"uv":[6.625,0.375,5.875,0],"texture":"#main"},"down":{"uv":[7.375,0,6.625,0.375],"texture":"#main"}}},{"from":[-2,0,13],"to":[0,3,14],"rotation":{"angle":0,"axis":"z","origin":[-1.5,7,14]},"faces":{"north":{"uv":[4,0.125,4.25,0.5],"texture":"#main"},"east":{"uv":[3.875,0.125,4,0.5],"texture":"#main"},"south":{"uv":[4.375,0.125,4.625,0.5],"texture":"#main"},"west":{"uv":[4.25,0.125,4.375,0.5],"texture":"#main"},"up":{"uv":[4.25,0.125,4,0],"texture":"#main"},"down":{"uv":[4.5,0,4.25,0.125],"texture":"#main"}}},{"from":[-3,1,6],"to":[3,4,9],"rotation":{"angle":22.5,"axis":"z","origin":[-1.5,7,8]},"faces":{"north":{"uv":[5.875,0.375,6.625,0.75],"texture":"#main"},"east":{"uv":[5.5,0.375,5.875,0.75],"texture":"#main"},"south":{"uv":[7,0.375,7.75,0.75],"texture":"#main"},"west":{"uv":[6.625,0.375,7,0.75],"texture":"#main"},"up":{"uv":[6.625,0.375,5.875,0],"texture":"#main"},"down":{"uv":[7.375,0,6.625,0.375],"texture":"#main"}}},{"from":[-2,0,7],"to":[0,3,8],"rotation":{"angle":0,"axis":"z","origin":[-1.5,7,8]},"faces":{"north":{"uv":[4,0.125,4.25,0.5],"texture":"#main"},"east":{"uv":[3.875,0.125,4,0.5],"texture":"#main"},"south":{"uv":[4.375,0.125,4.625,0.5],"texture":"#main"},"west":{"uv":[4.25,0.125,4.375,0.5],"texture":"#main"},"up":{"uv":[4.25,0.125,4,0],"texture":"#main"},"down":{"uv":[4.5,0,4.25,0.125],"texture":"#main"}}},{"from":[13,1,6],"to":[19,4,9],"shade":false,"rotation":{"angle":-22.5,"axis":"z","origin":[17.5,7,8]},"faces":{"north":{"uv":[6.625,0.375,5.875,0.75],"texture":"#main"},"east":{"uv":[7,0.375,6.625,0.75],"texture":"#main"},"south":{"uv":[7.75,0.375,7,0.75],"texture":"#main"},"west":{"uv":[5.875,0.375,5.5,0.75],"texture":"#main"},"up":{"uv":[5.875,0.375,6.625,0],"texture":"#main"},"down":{"uv":[6.625,0,7.375,0.375],"texture":"#main"}}},{"from":[16,0,7],"to":[18,3,8],"shade":false,"rotation":{"angle":0,"axis":"z","origin":[17.5,7,8]},"faces":{"north":{"uv":[4.25,0.125,4,0.5],"texture":"#main"},"east":{"uv":[4.375,0.125,4.25,0.5],"texture":"#main"},"south":{"uv":[4.625,0.125,4.375,0.5],"texture":"#main"},"west":{"uv":[4,0.125,3.875,0.5],"texture":"#main"},"up":{"uv":[4,0.125,4.25,0],"texture":"#main"},"down":{"uv":[4.25,0,4.5,0.125],"texture":"#main"}}},{"from":[13,1,12],"to":[19,4,15],"shade":false,"rotation":{"angle":-22.5,"axis":"z","origin":[17.5,7,14]},"faces":{"north":{"uv":[6.625,0.375,5.875,0.75],"texture":"#main"},"east":{"uv":[7,0.375,6.625,0.75],"texture":"#main"},"south":{"uv":[7.75,0.375,7,0.75],"texture":"#main"},"west":{"uv":[5.875,0.375,5.5,0.75],"texture":"#main"},"up":{"uv":[5.875,0.375,6.625,0],"texture":"#main"},"down":{"uv":[6.625,0,7.375,0.375],"texture":"#main"}}},{"from":[16,0,13],"to":[18,3,14],"shade":false,"rotation":{"angle":0,"axis":"z","origin":[17.5,7,14]},"faces":{"north":{"uv":[4.25,0.125,4,0.5],"texture":"#main"},"east":{"uv":[4.375,0.125,4.25,0.5],"texture":"#main"},"south":{"uv":[4.625,0.125,4.375,0.5],"texture":"#main"},"west":{"uv":[4,0.125,3.875,0.5],"texture":"#main"},"up":{"uv":[4,0.125,4.25,0],"texture":"#main"},"down":{"uv":[4.25,0,4.5,0.125],"texture":"#main"}}}],"display":{"head":{"translation":[0,-31.5,-3],"scale":[1.5,1.5,1.5]}},"groups":[{"name":"root","origin":[8,8,8],"color":0,"children":[0,1,2,3,4,5,6,7,8,9,10,11,12,13,14,15,16,17,18,19,20,21,22,23,24,25,26,27,28,29,30,31,32,33,34,35,36,37,38,39,40,41,42,43,44,45]}]}