{"parent":"physical_parent","textures":{"main":"pokemon/armaldo"},"texture_size":[64,64],"elements":[{"rotation":{"origin":[0.5,0,0],"angle":0,"axis":"y"},"from":[3.5,0,6],"to":[6.5,4,10],"faces":{"east":{"uv":[5.5,1.25,6.5,2.25],"texture":"#main"},"south":{"uv":[0.75,6.75,1.5,7.75],"texture":"#main"},"north":{"uv":[6.5,6,7.25,7],"texture":"#main"},"west":{"uv":[5.5,5.25,6.5,6.25],"texture":"#main"},"up":{"uv":[2.25,7.75,1.5,6.75],"texture":"#main"},"down":{"uv":[4.25,6.75,3.5,7.75],"texture":"#main"}}},{"rotation":{"origin":[15.5,0,0],"angle":0,"axis":"y"},"from":[9.5,0,6],"to":[12.5,4,10],"faces":{"east":{"uv":[6.5,5.25,5.5,6.25],"texture":"#main"},"south":{"uv":[1.5,6.75,0.75,7.75],"texture":"#main"},"north":{"uv":[7.25,6,6.5,7],"texture":"#main"},"west":{"uv":[6.5,1.25,5.5,2.25],"texture":"#main"},"up":{"uv":[1.5,7.75,2.25,6.75],"texture":"#main"},"down":{"uv":[3.5,6.75,4.25,7.75],"texture":"#main"}}},{"rotation":{"origin":[0,0,-1],"angle":0,"axis":"y"},"from":[6,0,5],"to":[6,1,6],"faces":{"east":{"uv":[2.5,2,2.75,2.25],"texture":"#main"},"south":{"uv":[0,0,0,0.25],"texture":"#main"},"north":{"uv":[0,0,0,0.25],"texture":"#main"},"west":{"uv":[2.5,2.25,2.75,2.5],"texture":"#main"},"up":{"uv":[0,0.25,0,0],"texture":"#main"},"down":{"uv":[0,0,0,0.25],"texture":"#main"}}},{"rotation":{"origin":[16,0,-1],"angle":0,"axis":"y"},"from":[10,0,5],"to":[10,1,6],"faces":{"east":{"uv":[2.75,2.25,2.5,2.5],"texture":"#main"},"south":{"uv":[0,0,0,0.25],"texture":"#main"},"north":{"uv":[0,0,0,0.25],"texture":"#main"},"west":{"uv":[2.75,2,2.5,2.25],"texture":"#main"},"up":{"uv":[0,0.25,0,0],"texture":"#main"},"down":{"uv":[0,0,0,0.25],"texture":"#main"}}},{"rotation":{"origin":[-1,0,-1],"angle":0,"axis":"y"},"from":[5,0,5],"to":[5,1,6],"faces":{"east":{"uv":[2.5,2,2.75,2.25],"texture":"#main"},"south":{"uv":[0,0,0,0.25],"texture":"#main"},"north":{"uv":[0,0,0,0.25],"texture":"#main"},"west":{"uv":[2.5,2.25,2.75,2.5],"texture":"#main"},"up":{"uv":[0,0.25,0,0],"texture":"#main"},"down":{"uv":[0,0,0,0.25],"texture":"#main"}}},{"rotation":{"origin":[17,0,-1],"angle":0,"axis":"y"},"from":[11,0,5],"to":[11,1,6],"faces":{"east":{"uv":[2.75,2.25,2.5,2.5],"texture":"#main"},"south":{"uv":[0,0,0,0.25],"texture":"#main"},"north":{"uv":[0,0,0,0.25],"texture":"#main"},"west":{"uv":[2.75,2,2.5,2.25],"texture":"#main"},"up":{"uv":[0,0.25,0,0],"texture":"#main"},"down":{"uv":[0,0,0,0.25],"texture":"#main"}}},{"rotation":{"origin":[5,4.5,8],"angle":22.5,"axis":"x"},"from":[3,3,6],"to":[7,7,10],"faces":{"east":{"uv":[1.75,5.75,2.75,6.75],"texture":"#main"},"south":{"uv":[3.5,5.75,4.5,6.75],"texture":"#main"},"north":{"uv":[0.75,5.75,1.75,6.75],"texture":"#main"},"west":{"uv":[6,2.25,7,3.25],"texture":"#main"},"up":{"uv":[7.25,4.25,6.25,3.25],"texture":"#main"},"down":{"uv":[7.25,4.25,6.25,5.25],"texture":"#main"}}},{"rotation":{"origin":[11,4.5,8],"angle":22.5,"axis":"x"},"from":[9,3,6],"to":[13,7,10],"faces":{"east":{"uv":[7,2.25,6,3.25],"texture":"#main"},"south":{"uv":[4.5,5.75,3.5,6.75],"texture":"#main"},"north":{"uv":[1.75,5.75,0.75,6.75],"texture":"#main"},"west":{"uv":[2.75,5.75,1.75,6.75],"texture":"#main"},"up":{"uv":[6.25,4.25,7.25,3.25],"texture":"#main"},"down":{"uv":[6.25,4.25,7.25,5.25],"texture":"#main"}}},{"rotation":{"origin":[8,4.5,8],"angle":0,"axis":"x"},"from":[5,2,7],"to":[11,10,12],"faces":{"east":{"uv":[1.5,2.5,2.75,4.5],"texture":"#main"},"south":{"uv":[2.5,0,4,2],"texture":"#main"},"north":{"uv":[0,2.5,1.5,4.5],"texture":"#main"},"west":{"uv":[2.75,2,4,4],"texture":"#main"},"up":{"uv":[5.5,1.25,4,0],"texture":"#main"},"down":{"uv":[5.5,1.25,4,2.5],"texture":"#main"}}},{"rotation":{"origin":[8,12.5,8],"angle":0,"axis":"x"},"from":[6,10,7],"to":[10,15,11],"faces":{"east":{"uv":[1.75,4.5,2.75,5.75],"texture":"#main"},"south":{"uv":[4.5,4,5.5,5.25],"texture":"#main"},"north":{"uv":[0.75,4.5,1.75,5.75],"texture":"#main"},"west":{"uv":[5,2.5,6,3.75],"texture":"#main"},"up":{"uv":[6.5,7.25,5.5,6.25],"texture":"#main"},"down":{"uv":[7.5,0,6.5,1],"texture":"#main"}}},{"rotation":{"origin":[6.25,8.5,6.5],"angle":45,"axis":"y"},"from":[4.25,9,4.5],"to":[6.25,11,8.5],"faces":{"east":{"uv":[7.25,4.75,8.25,5.25],"texture":"#main"},"south":{"uv":[0.5,7.75,1,8.25],"texture":"#main"},"north":{"uv":[6.5,1.75,7,2.25],"texture":"#main"},"west":{"uv":[7.25,6,8.25,6.5],"texture":"#main"},"up":{"uv":[8,1,7.5,0],"texture":"#main"},"down":{"uv":[8,1.75,7.5,2.75],"texture":"#main"}}},{"rotation":{"origin":[9.75,8.5,6.5],"angle":-45,"axis":"y"},"from":[9.75,9,4.5],"to":[11.75,11,8.5],"faces":{"east":{"uv":[8.25,6,7.25,6.5],"texture":"#main"},"south":{"uv":[1,7.75,0.5,8.25],"texture":"#main"},"north":{"uv":[7,1.75,6.5,2.25],"texture":"#main"},"west":{"uv":[8.25,4.75,7.25,5.25],"texture":"#main"},"up":{"uv":[7.5,1,8,0],"texture":"#main"},"down":{"uv":[7.5,1.75,8,2.75],"texture":"#main"}}},{"rotation":{"origin":[6.25,8.5,6.5],"angle":22.5,"axis":"x"},"from":[2.75,6,4],"to":[5.5,11,6],"faces":{"east":{"uv":[2.75,7,3.25,8.25],"texture":"#main"},"south":{"uv":[4.5,6.5,5.25,7.75],"texture":"#main"},"north":{"uv":[0,6.25,0.75,7.5],"texture":"#main"},"west":{"uv":[0,7.5,0.5,8.75],"texture":"#main"},"up":{"uv":[8.25,7.5,7.5,7],"texture":"#main"},"down":{"uv":[8.25,7.5,7.5,8],"texture":"#main"}}},{"rotation":{"origin":[9.75,8.5,6.5],"angle":22.5,"axis":"x"},"from":[10.5,6,4],"to":[13.25,11,6],"faces":{"east":{"uv":[0.5,7.5,0,8.75],"texture":"#main"},"south":{"uv":[5.25,6.5,4.5,7.75],"texture":"#main"},"north":{"uv":[0.75,6.25,0,7.5],"texture":"#main"},"west":{"uv":[3.25,7,2.75,8.25],"texture":"#main"},"up":{"uv":[7.5,7.5,8.25,7],"texture":"#main"},"down":{"uv":[7.5,7.5,8.25,8],"texture":"#main"}}},{"rotation":{"origin":[4.25,8.34149,4.26956],"angle":22.5,"axis":"x"},"from":[4.25,4.84149,2.76956],"to":[4.25,11.84149,5.76956],"faces":{"east":{"uv":[3.75,4,4.5,5.75],"texture":"#main"},"south":{"uv":[0,0,0,1.75],"texture":"#main"},"north":{"uv":[0,0,0,1.75],"texture":"#main"},"west":{"uv":[0,4.5,0.75,6.25],"texture":"#main"},"up":{"uv":[0,0.75,0,0],"texture":"#main"},"down":{"uv":[0,0,0,0.75],"texture":"#main"}}},{"rotation":{"origin":[11.75,8.34149,4.26956],"angle":22.5,"axis":"x"},"from":[11.75,4.84149,2.76956],"to":[11.75,11.84149,5.76956],"faces":{"east":{"uv":[0.75,4.5,0,6.25],"texture":"#main"},"south":{"uv":[0,0,0,1.75],"texture":"#main"},"north":{"uv":[0,0,0,1.75],"texture":"#main"},"west":{"uv":[4.5,4,3.75,5.75],"texture":"#main"},"up":{"uv":[0,0.75,0,0],"texture":"#main"},"down":{"uv":[0,0,0,0.75],"texture":"#main"}}},{"rotation":{"origin":[8,17.5,8],"angle":0,"axis":"x"},"from":[6,15,6],"to":[10,18,11],"faces":{"east":{"uv":[6.5,1,7.75,1.75],"texture":"#main"},"south":{"uv":[7.25,3.25,8.25,4],"texture":"#main"},"north":{"uv":[6.5,7,7.5,7.75],"texture":"#main"},"west":{"uv":[6.5,5.25,7.75,6],"texture":"#main"},"up":{"uv":[5.5,6.5,4.5,5.25],"texture":"#main"},"down":{"uv":[6.5,0,5.5,1.25],"texture":"#main"}}},{"rotation":{"origin":[5,18.5,8],"angle":-22.5,"axis":"z"},"from":[3,16,9],"to":[7,19,9],"faces":{"east":{"uv":[0,0,0,0.75],"texture":"#main"},"south":{"uv":[5.25,7.25,6.25,8],"texture":"#main"},"north":{"uv":[7.25,4,8.25,4.75],"texture":"#main"},"west":{"uv":[0,0,0,0.75],"texture":"#main"},"up":{"uv":[1,0,0,0],"texture":"#main"},"down":{"uv":[1,0,0,0],"texture":"#main"}}},{"rotation":{"origin":[11,18.5,8],"angle":22.5,"axis":"z"},"from":[9,16,9],"to":[13,19,9],"faces":{"east":{"uv":[0,0,0,0.75],"texture":"#main"},"south":{"uv":[6.25,7.25,5.25,8],"texture":"#main"},"north":{"uv":[8.25,4,7.25,4.75],"texture":"#main"},"west":{"uv":[0,0,0,0.75],"texture":"#main"},"up":{"uv":[0,0,1,0],"texture":"#main"},"down":{"uv":[0,0,1,0],"texture":"#main"}}},{"rotation":{"origin":[8.5,12.5,12],"angle":0,"axis":"x"},"from":[6.5,8,11],"to":[9.5,14,13],"faces":{"east":{"uv":[2.25,6.75,2.75,8.25],"texture":"#main"},"south":{"uv":[5.5,3.75,6.25,5.25],"texture":"#main"},"north":{"uv":[2.75,5.5,3.5,7],"texture":"#main"},"west":{"uv":[7,1.75,7.5,3.25],"texture":"#main"},"up":{"uv":[8,7,7.25,6.5],"texture":"#main"},"down":{"uv":[8.25,2.75,7.5,3.25],"texture":"#main"}}},{"rotation":{"origin":[7.5,10.5,11.5],"angle":-45,"axis":"z"},"from":[4.5,2,12.5],"to":[9.5,12,12.5],"faces":{"east":{"uv":[0,0,0,2.5],"texture":"#main"},"south":{"uv":[1.25,0,2.5,2.5],"texture":"#main"},"north":{"uv":[1.25,0,2.5,2.5],"texture":"#main"},"west":{"uv":[0,0,0,2.5],"texture":"#main"},"up":{"uv":[1.25,0,0,0],"texture":"#main"},"down":{"uv":[1.25,0,0,0],"texture":"#main"}}},{"rotation":{"origin":[8.5,10.5,11.5],"angle":45,"axis":"z"},"from":[6.5,2,12.5],"to":[11.5,12,12.5],"faces":{"east":{"uv":[0,0,0,2.5],"texture":"#main"},"south":{"uv":[2.5,0,1.25,2.5],"texture":"#main"},"north":{"uv":[2.5,0,1.25,2.5],"texture":"#main"},"west":{"uv":[0,0,0,2.5],"texture":"#main"},"up":{"uv":[0,0,1.25,0],"texture":"#main"},"down":{"uv":[0,0,1.25,0],"texture":"#main"}}},{"rotation":{"origin":[8,12.5,8],"angle":0,"axis":"x"},"from":[2,9,9],"to":[6,15,9],"faces":{"east":{"uv":[0,0,0,1.5],"texture":"#main"},"south":{"uv":[5,2.5,4,4],"texture":"#main"},"north":{"uv":[4,2.5,5,4],"texture":"#main"},"west":{"uv":[0,0,0,1.5],"texture":"#main"},"up":{"uv":[1,0,0,0],"texture":"#main"},"down":{"uv":[1,0,0,0],"texture":"#main"}}},{"rotation":{"origin":[8,12.5,8],"angle":0,"axis":"x"},"from":[10,9,9],"to":[14,15,9],"faces":{"east":{"uv":[0,0,0,1.5],"texture":"#main"},"south":{"uv":[4,2.5,5,4],"texture":"#main"},"north":{"uv":[5,2.5,4,4],"texture":"#main"},"west":{"uv":[0,0,0,1.5],"texture":"#main"},"up":{"uv":[0,0,1,0],"texture":"#main"},"down":{"uv":[0,0,1,0],"texture":"#main"}}}],"display":{"head":{"translation":[0,-23,0],"scale":[2.5,2.5,2.5]}}}