{"texture_size":[64,64],"textures":{"main":"pokemon/bonsly"},"elements":[{"from":[4.12,2.584,3.62],"to":[11.78,4.624,10.38],"rotation":{"angle":0,"axis":"y","origin":[0,0.816,0]},"faces":{"north":{"uv":[1.5,4,3.25,4.5],"texture":"#main"},"east":{"uv":[0,4,1.5,4.5],"texture":"#main"},"south":{"uv":[4.75,4,6.5,4.5],"texture":"#main"},"west":{"uv":[3.25,4,4.75,4.5],"texture":"#main"},"up":{"uv":[3.25,4,1.5,2.5],"texture":"#main"},"down":{"uv":[5,2.5,3.25,4],"texture":"#main"}}},{"from":[3.44,4.556,2.94],"to":[12.46,6.868,11.06],"rotation":{"angle":0,"axis":"y","origin":[0,0.816,0]},"faces":{"north":{"uv":[2,2,4.25,2.5],"texture":"#main"},"east":{"uv":[0,2,2,2.5],"texture":"#main"},"south":{"uv":[6.25,2,8.5,2.5],"texture":"#main"},"west":{"uv":[4.25,2,6.25,2.5],"texture":"#main"},"up":{"uv":[4.25,2,2,0],"texture":"#main"},"down":{"uv":[6.5,0,4.25,2],"texture":"#main"}}},{"from":[4.8,6.664,4.028],"to":[11.1,10.268,10.04],"rotation":{"angle":0,"axis":"y","origin":[0,0.816,0]},"faces":{"north":{"uv":[1.5,6,3,6.75],"texture":"#main"},"east":{"uv":[0,6,1.5,6.75],"texture":"#main"},"south":{"uv":[4.5,6,6,6.75],"texture":"#main"},"west":{"uv":[3,6,4.5,6.75],"texture":"#main"},"up":{"uv":[3,6,1.5,4.5],"texture":"#main"},"down":{"uv":[4.5,4.5,3,6],"texture":"#main"}}},{"from":[5.48,9.096,5.116],"to":[10.352,13.448,9.02],"rotation":{"angle":0,"axis":"y","origin":[0,0.816,0]},"faces":{"north":{"uv":[6.5,4.5,7.5,5.5],"texture":"#main"},"east":{"uv":[5.75,4.5,6.5,5.5],"texture":"#main"},"south":{"uv":[8.25,4.5,9.25,5.5],"texture":"#main"},"west":{"uv":[7.5,4.5,8.25,5.5],"texture":"#main"},"up":{"uv":[7.5,4.5,6.5,3.75],"texture":"#main"},"down":{"uv":[8.5,3.75,7.5,4.5],"texture":"#main"}}},{"from":[5.28,13.448,6.796],"to":[10.652,19.568,6.796],"rotation":{"angle":0,"axis":"y","origin":[0,0.816,0]},"faces":{"north":{"uv":[6,5.5,7.25,7],"texture":"#main"},"east":{"uv":[6,5.5,6,7],"texture":"#main"},"south":{"uv":[7.25,5.5,8.5,7],"texture":"#main"},"west":{"uv":[7.25,5.5,7.25,7],"texture":"#main"},"up":{"uv":[7.25,5.5,6,5.5],"texture":"#main"},"down":{"uv":[8.5,5.5,7.25,5.5],"texture":"#main"}}},{"from":[6.64,18.548,5.98],"to":[9.292,21.268,8.156],"rotation":{"angle":0,"axis":"y","origin":[0,0.816,0]},"faces":{"north":{"uv":[0.5,0.5,1,1],"texture":"#main"},"east":{"uv":[0,0.5,0.5,1],"texture":"#main"},"south":{"uv":[1.5,0.5,2,1],"texture":"#main"},"west":{"uv":[1,0.5,1.5,1],"texture":"#main"},"up":{"uv":[1,0.5,0.5,0],"texture":"#main"},"down":{"uv":[1.5,0,1,0.5],"texture":"#main"}}},{"from":[3.64,15.548,5.98],"to":[6.292,18.268,8.156],"rotation":{"angle":0,"axis":"y","origin":[0,0.816,0]},"faces":{"north":{"uv":[0.5,0.5,1,1],"texture":"#main"},"east":{"uv":[0,0.5,0.5,1],"texture":"#main"},"south":{"uv":[1.5,0.5,2,1],"texture":"#main"},"west":{"uv":[1,0.5,1.5,1],"texture":"#main"},"up":{"uv":[1,0.5,0.5,0],"texture":"#main"},"down":{"uv":[1.5,0,1,0.5],"texture":"#main"}}},{"from":[9.708,15.548,5.98],"to":[12.36,18.268,8.156],"shade":false,"rotation":{"angle":0,"axis":"y","origin":[0,0.816,0]},"faces":{"north":{"uv":[1,0.5,0.5,1],"texture":"#main"},"east":{"uv":[1.5,0.5,1,1],"texture":"#main"},"south":{"uv":[2,0.5,1.5,1],"texture":"#main"},"west":{"uv":[0.5,0.5,0,1],"texture":"#main"},"up":{"uv":[0.5,0.5,1,0],"texture":"#main"},"down":{"uv":[1,0,1.5,0.5],"texture":"#main"}}},{"from":[3.648,1.768,5.368],"to":[4.648,3.808,9.448],"rotation":{"angle":0,"axis":"y","origin":[-4.42,2.924,0.408]},"faces":{"north":{"uv":[7.5,1,7.75,1.5],"texture":"#main"},"east":{"uv":[6.5,1,7.5,1.5],"texture":"#main"},"south":{"uv":[8.75,1,9,1.5],"texture":"#main"},"west":{"uv":[7.75,1,8.75,1.5],"texture":"#main"},"up":{"uv":[7.75,1,7.5,0],"texture":"#main"},"down":{"uv":[8,0,7.75,1],"texture":"#main"}}},{"from":[3.36781,0.952,6.82468],"to":[4.36781,3.06,7.82468],"rotation":{"angle":0,"axis":"y","origin":[-4.42819,1.428,0.26668]},"faces":{"north":{"uv":[0.25,1.25,0.5,1.75],"texture":"#main"},"east":{"uv":[0,1.25,0.25,1.75],"texture":"#main"},"south":{"uv":[0.75,1.25,1,1.75],"texture":"#main"},"west":{"uv":[0.5,1.25,0.75,1.75],"texture":"#main"},"up":{"uv":[0.5,1.25,0.25,1],"texture":"#main"},"down":{"uv":[0.75,1,0.5,1.25],"texture":"#main"}}},{"from":[2.22,0.136,4.96],"to":[4.804,1.136,8.836],"rotation":{"angle":0,"axis":"y","origin":[-4.386,-0.068,0.102]},"faces":{"north":{"uv":[5.75,3.25,6.25,3.5],"texture":"#main"},"east":{"uv":[5,3.25,5.75,3.5],"texture":"#main"},"south":{"uv":[7,3.25,7.5,3.5],"texture":"#main"},"west":{"uv":[6.25,3.25,7,3.5],"texture":"#main"},"up":{"uv":[6.25,3.25,5.75,2.5],"texture":"#main"},"down":{"uv":[6.75,2.5,6.25,3.25],"texture":"#main"}}},{"from":[11.352,1.768,5.368],"to":[12.352,3.808,9.448],"shade":false,"rotation":{"angle":0,"axis":"y","origin":[4.42,2.924,0.408]},"faces":{"north":{"uv":[7.75,1,7.5,1.5],"texture":"#main"},"east":{"uv":[8.75,1,7.75,1.5],"texture":"#main"},"south":{"uv":[9,1,8.75,1.5],"texture":"#main"},"west":{"uv":[7.5,1,6.5,1.5],"texture":"#main"},"up":{"uv":[7.5,1,7.75,0],"texture":"#main"},"down":{"uv":[7.75,0,8,1],"texture":"#main"}}},{"from":[11.63219,0.952,6.82468],"to":[12.63219,3.06,7.82468],"shade":false,"rotation":{"angle":0,"axis":"y","origin":[4.42819,1.428,0.26668]},"faces":{"north":{"uv":[0.5,1.25,0.25,1.75],"texture":"#main"},"east":{"uv":[0.75,1.25,0.5,1.75],"texture":"#main"},"south":{"uv":[1,1.25,0.75,1.75],"texture":"#main"},"west":{"uv":[0.25,1.25,0,1.75],"texture":"#main"},"up":{"uv":[0.25,1.25,0.5,1],"texture":"#main"},"down":{"uv":[0.5,1,0.75,1.25],"texture":"#main"}}},{"from":[11.196,0.136,4.96],"to":[13.78,1.136,8.836],"shade":false,"rotation":{"angle":0,"axis":"y","origin":[4.386,-0.068,0.102]},"faces":{"north":{"uv":[6.25,3.25,5.75,3.5],"texture":"#main"},"east":{"uv":[7,3.25,6.25,3.5],"texture":"#main"},"south":{"uv":[7.5,3.25,7,3.5],"texture":"#main"},"west":{"uv":[5.75,3.25,5,3.5],"texture":"#main"},"up":{"uv":[5.75,3.25,6.25,2.5],"texture":"#main"},"down":{"uv":[6.25,2.5,6.75,3.25],"texture":"#main"}}}],"display":{"head":{"translation":[0,-37.25,0],"scale":[0.75,0.75,0.75]}},"groups":[{"name":"bonsly","origin":[4.386,-0.068,0.102],"color":0,"children":[0,1,2,3,4,5,6,7,{"name":"legs","origin":[4.386,-0.068,0.102],"color":0,"children":[8,9,10,11,12,13]}]}]}