{
	"providers": [
		{
			"type": "bitmap",
			"file": "minecraft:font/accented.png",
			"height": 12,
			"ascent": 10,
			"chars": [
				"ÀÁÂÃÄÅÆÇÈÉÊËÌÍÎÏ",
				"ÐÑÒÓÔÕÖÙÚÛÜÝàáâã",
				"äåæçìíîïñòóôõöùú",
				"ûüýÿĀāĂăĄąĆćĈĉĊċ",
				"ČčĎďĐđĒēĔĕĖėĘęĚě",
				"ĜĝḠḡĞğĠġĢģĤĥĦħĨĩ",
				"ĪīĬĭĮįİıĴĵĶķĹĺĻļ",
				"ĽľĿŀŁłŃńŅņŇňŊŋŌō",
				"ŎŏŐőŒœŔŕŖŗŘřŚśŜŝ",
				"ŞşŠšŢţŤťŦŧŨũŪūŬŭ",
				"ŮůŰűŲųŴŵŶŷŸŹźŻżŽ",
				"žǼǽǾǿȘșȚțΆΈΉΊΌΎΏ",
				"ΐΪΫάέήίΰϊϋόύώЀЁЃ",
				"ЇЌЍЎЙйѐёђѓїћќѝўџ",
				"ҐґḂḃḊḋḞḟḢḣḰḱṀṁṖṗ",
				"ṠṡṪṫẀẁẂẃẄẅỲỳèéêë",
				"ŉǧǫЏḍḥṛṭẒỊịỌọỤụ№",
				"ȇƔɣʃ⁇ǱǲǳǄǅǆǇǈǊǋǌ",
				"ℹᵫꜲꜳꜴꜵꜶꜷꜸꜺꜼꜽꝎꝏꝠꝡ",
				"ﬄﬆᚡᚵƠơƯưẮắẤấẾếốỚ",
				"ớỨứẰằẦầỀềồỜờỪừẢả",
				"ẲẳẨẩẺẻổỞỂểỈỉỎỏỔở",
				"ỦủỬửỶỷẠạẶặẬậẸẹỆệ",
				"ỘộỢợỰựỴỵỐƕẪẫỖỗữ☞",
				"☜☮ẴẵẼẽỄễỒỠỡỮỸỹҘҙ",
				"ҠҡҪҫǶ\u0000\u0000\u0000\u0000\u0000\u0000\u0000\u0000\u0000\u0000\u0000"
			]
		},
		{
			"type": "bitmap",
			"file": "minecraft:unicode/typedisplay/bug.png",
			"ascent": 8,
			"height": 8,
			"chars": [
				"ꀀ"
			]
		},
		{
			"type": "bitmap",
			"file": "minecraft:unicode/typedisplay/dark.png",
			"ascent": 8,
			"height": 8,
			"chars": [
				"ꀁ"
			]
		},
		{
			"type": "bitmap",
			"file": "minecraft:unicode/typedisplay/dragon.png",
			"ascent": 8,
			"height": 8,
			"chars": [
				"ꀂ"
			]
		},
		{
			"type": "bitmap",
			"file": "minecraft:unicode/typedisplay/electric.png",
			"ascent": 8,
			"height": 8,
			"chars": [
				"ꀃ"
			]
		},
		{
			"type": "bitmap",
			"file": "minecraft:unicode/typedisplay/fairy.png",
			"ascent": 8,
			"height": 8,
			"chars": [
				"ꀄ"
			]
		},
		{
			"type": "bitmap",
			"file": "minecraft:unicode/typedisplay/fighting.png",
			"ascent": 8,
			"height": 8,
			"chars": [
				"ꀅ"
			]
		},
		{
			"type": "bitmap",
			"file": "minecraft:unicode/typedisplay/fire.png",
			"ascent": 8,
			"height": 8,
			"chars": [
				"ꀆ"
			]
		},
		{
			"type": "bitmap",
			"file": "minecraft:unicode/typedisplay/flying.png",
			"ascent": 8,
			"height": 8,
			"chars": [
				"ꀇ"
			]
		},
		{
			"type": "bitmap",
			"file": "minecraft:unicode/typedisplay/ghost.png",
			"ascent": 8,
			"height": 8,
			"chars": [
				"ꀈ"
			]
		},
		{
			"type": "bitmap",
			"file": "minecraft:unicode/typedisplay/grass.png",
			"ascent": 8,
			"height": 8,
			"chars": [
				"ꀉ"
			]
		},
		{
			"type": "bitmap",
			"file": "minecraft:unicode/typedisplay/ground.png",
			"ascent": 8,
			"height": 8,
			"chars": [
				"ꀊ"
			]
		},
		{
			"type": "bitmap",
			"file": "minecraft:unicode/typedisplay/ice.png",
			"ascent": 8,
			"height": 8,
			"chars": [
				"ꀋ"
			]
		},
		{
			"type": "bitmap",
			"file": "minecraft:unicode/typedisplay/physical.png",
			"ascent": 6,
			"height": 6,
			"chars": [
				"ꀌ"
			]
		},
		{
			"type": "bitmap",
			"file": "minecraft:unicode/typedisplay/poison.png",
			"ascent": 8,
			"height": 8,
			"chars": [
				"ꀍ"
			]
		},
		{
			"type": "bitmap",
			"file": "minecraft:unicode/typedisplay/rock.png",
			"ascent": 8,
			"height": 8,
			"chars": [
				"ꀎ"
			]
		},
		{
			"type": "bitmap",
			"file": "minecraft:unicode/typedisplay/special.png",
			"ascent": 6,
			"height": 6,
			"chars": [
				"ꀏ"
			]
		},
		{
			"type": "bitmap",
			"file": "minecraft:unicode/typedisplay/status.png",
			"ascent": 6,
			"height": 6,
			"chars": [
				"ꀐ"
			]
		},
		{
			"type": "bitmap",
			"file": "minecraft:unicode/typedisplay/steel.png",
			"ascent": 8,
			"height": 8,
			"chars": [
				"ꀑ"
			]
		},
		{
			"type": "bitmap",
			"file": "minecraft:unicode/typedisplay/unkown.png",
			"ascent": 8,
			"height": 8,
			"chars": [
				"ꀒ"
			]
		},
		{
			"type": "bitmap",
			"file": "minecraft:unicode/typedisplay/water.png",
			"ascent": 8,
			"height": 8,
			"chars": [
				"ꀓ"
			]
		},
		{
			"type": "bitmap",
			"file": "minecraft:unicode/dialogue/basicmessage.png",
			"ascent": 11,
			"height": 16,
			"chars": [
				"ꀔ"
			]
		},
		{
			"type": "bitmap",
			"file": "minecraft:unicode/dialogue/downarrow.png",
			"ascent": 8,
			"height": 8,
			"chars": [
				"ꀕ"
			]
		},
		{
			"type": "bitmap",
			"file": "minecraft:unicode/healthbar/health.png",
			"ascent": 8,
			"height": 8,
			"chars": [
				"ꀖ"
			]
		},
		{
			"type": "bitmap",
			"file": "minecraft:unicode/healthbar/damage.png",
			"ascent": 8,
			"height": 8,
			"chars": [
				"ꀗ"
			]
		},
		{
			"type": "bitmap",
			"file": "minecraft:unicode/healthbar/empty.png",
			"ascent": 8,
			"height": 8,
			"chars": [
				"ꀘ"
			]
		},
		{
			"type": "bitmap",
			"file": "minecraft:unicode/healthbar/framestart.png",
			"ascent": 8,
			"height": 8,
			"chars": [
				"ꀙ"
			]
		},
		{
			"type": "bitmap",
			"file": "minecraft:unicode/healthbar/frameend.png",
			"ascent": 8,
			"height": 8,
			"chars": [
				"ꀚ"
			]
		},
		{
			"type": "bitmap",
			"file": "minecraft:unicode/typedisplay/psychic.png",
			"ascent": 8,
			"height": 8,
			"chars": [
				"ꀛ"
			]
		},
		{
			"type": "bitmap",
			"file": "minecraft:unicode/typedisplay/normal.png",
			"ascent": 8,
			"height": 8,
			"chars": [
				"ꀜ"
			]
		},
		{
			"type": "bitmap",
			"file": "minecraft:unicode/healthbar/darkred.png",
			"ascent": 8,
			"height": 8,
			"chars": [
				"ꀝ"
			]
		},
		{
			"type": "bitmap",
			"file": "minecraft:unicode/healthbar/yellow.png",
			"ascent": 8,
			"height": 8,
			"chars": [
				"ꀞ"
			]
		},
		{
			"type": "bitmap",
			"file": "minecraft:unicode/healthbar/white.png",
			"ascent": 8,
			"height": 8,
			"chars": [
				"ꀟ"
			]
		},
		{
			"type": "bitmap",
			"file": "minecraft:unicode/healthbar/asleep.png",
			"ascent": 8,
			"height": 8,
			"chars": [
				"ꀠ"
			]
		},
		{
			"type": "bitmap",
			"file": "minecraft:unicode/healthbar/burned.png",
			"ascent": 8,
			"height": 8,
			"chars": [
				"ꀡ"
			]
		},
		{
			"type": "bitmap",
			"file": "minecraft:unicode/healthbar/fainted.png",
			"ascent": 8,
			"height": 8,
			"chars": [
				"ꀢ"
			]
		},
		{
			"type": "bitmap",
			"file": "minecraft:unicode/healthbar/frozen.png",
			"ascent": 8,
			"height": 8,
			"chars": [
				"ꀣ"
			]
		},
		{
			"type": "bitmap",
			"file": "minecraft:unicode/healthbar/paralyzed.png",
			"ascent": 8,
			"height": 8,
			"chars": [
				"ꀤ"
			]
		},
		{
			"type": "bitmap",
			"file": "minecraft:unicode/healthbar/poisoned.png",
			"ascent": 8,
			"height": 8,
			"chars": [
				"ꀥ"
			]
		},
		{
			"type": "bitmap",
			"file": "minecraft:gameitems/customitems/badges/honolei_badge.png",
			"ascent": 8,
			"height": 8,
			"chars": [
				"ꀦ"
			]
		},
		{
			"type": "bitmap",
			"file": "minecraft:gameitems/customitems/badges/lakecross_badge.png",
			"ascent": 8,
			"height": 8,
			"chars": [
				"ꀧ"
			]
		},
		{
			"type": "bitmap",
			"file": "minecraft:gameitems/customitems/badges/whitebank_badge.png",
			"ascent": 8,
			"height": 8,
			"chars": [
				"ꀨ"
			]
		},
		{
			"type": "bitmap",
			"file": "minecraft:gameitems/customitems/badges/takayama_badge.png",
			"ascent": 8,
			"height": 8,
			"chars": [
				"ꀩ"
			]
		},
		{
			"type": "bitmap",
			"file": "minecraft:gameitems/customitems/badges/brokenhowl_badge.png",
			"ascent": 8,
			"height": 8,
			"chars": [
				"ꀪ"
			]
		},
		{
			"type": "bitmap",
			"file": "minecraft:gameitems/customitems/badges/kamal_badge.png",
			"ascent": 8,
			"height": 8,
			"chars": [
				"ꀫ"
			]
		},
		{
			"type": "bitmap",
			"file": "minecraft:gameitems/customitems/medicine/rare_candy.png",
			"ascent": 8,
			"height": 8,
			"chars": [
				"ꀬ"
			]
		},
		{
			"type": "bitmap",
			"file": "minecraft:unicode/icons/exp.png",
			"ascent": 8,
			"height": 10,
			"chars": [
				"ꀭ"
			]
		},
		{
			"type": "bitmap",
			"file": "minecraft:unicode/icons/pokecoin.png",
			"ascent": 8,
			"height": 8,
			"chars": [
				"ꀮ"
			]
		},
		{
			"type": "bitmap",
			"file": "minecraft:unicode/icons/pokeball.png",
			"ascent": 8,
			"height": 8,
			"chars": [
				"ꀯ"
			]
		},
		{
			"type": "bitmap",
			"file": "minecraft:gui/displays/memorycard2.png",
			"ascent": 7,
			"height": 8,
			"chars": [
				"ꀰ"
			]
		},
		{
			"type": "bitmap",
			"file": "minecraft:gui/displays/memorycard1.png",
			"ascent": 7,
			"height": 8,
			"chars": [
				"ꀱ"
			]
		},
		{
			"type": "bitmap",
			"file": "minecraft:gui/displays/memorycard3.png",
			"ascent": 7,
			"height": 8,
			"chars": [
				"ꀲ"
			]
		},
		{
			"type": "bitmap",
			"file": "minecraft:item/filled_map.png",
			"ascent": 8,
			"height": 8,
			"chars": [
				"ꀳ"
			]
		},
		{
			"type": "bitmap",
			"file": "minecraft:unicode/icons/speechbubble.png",
			"ascent": 8,
			"height": 8,
			"chars": [
				"ꀴ"
			]
		},
		{
			"type": "bitmap",
			"file": "minecraft:unicode/icons/fastball.png",
			"ascent": 8,
			"height": 8,
			"chars": [
				"ꀵ"
			]
		},
		{
			"type": "bitmap",
			"file": "minecraft:unicode/icons/friendball.png",
			"ascent": 8,
			"height": 8,
			"chars": [
				"ꀶ"
			]
		},
		{
			"type": "bitmap",
			"file": "minecraft:unicode/icons/greatball.png",
			"ascent": 8,
			"height": 8,
			"chars": [
				"ꀷ"
			]
		},
		{
			"type": "bitmap",
			"file": "minecraft:unicode/icons/gsball.png",
			"ascent": 8,
			"height": 8,
			"chars": [
				"ꀸ"
			]
		},
		{
			"type": "bitmap",
			"file": "minecraft:unicode/icons/healball.png",
			"ascent": 8,
			"height": 8,
			"chars": [
				"ꀹ"
			]
		},
		{
			"type": "bitmap",
			"file": "minecraft:unicode/icons/heavyball.png",
			"ascent": 8,
			"height": 8,
			"chars": [
				"ꀺ"
			]
		},
		{
			"type": "bitmap",
			"file": "minecraft:unicode/icons/levelball.png",
			"ascent": 8,
			"height": 8,
			"chars": [
				"ꀻ"
			]
		},
		{
			"type": "bitmap",
			"file": "minecraft:unicode/icons/loveball.png",
			"ascent": 8,
			"height": 8,
			"chars": [
				"ꀼ"
			]
		},
		{
			"type": "bitmap",
			"file": "minecraft:unicode/icons/lureball.png",
			"ascent": 8,
			"height": 8,
			"chars": [
				"ꀽ"
			]
		},
		{
			"type": "bitmap",
			"file": "minecraft:unicode/icons/luxuryball.png",
			"ascent": 8,
			"height": 8,
			"chars": [
				"ꀾ"
			]
		},
		{
			"type": "bitmap",
			"file": "minecraft:unicode/icons/masterball.png",
			"ascent": 8,
			"height": 8,
			"chars": [
				"ꀿ"
			]
		},
		{
			"type": "bitmap",
			"file": "minecraft:unicode/icons/moonball.png",
			"ascent": 8,
			"height": 8,
			"chars": [
				"ꁀ"
			]
		},
		{
			"type": "bitmap",
			"file": "minecraft:unicode/icons/nestball.png",
			"ascent": 8,
			"height": 8,
			"chars": [
				"ꁁ"
			]
		},
		{
			"type": "bitmap",
			"file": "minecraft:unicode/icons/netball.png",
			"ascent": 8,
			"height": 8,
			"chars": [
				"ꁂ"
			]
		},
		{
			"type": "bitmap",
			"file": "minecraft:unicode/icons/parkball.png",
			"ascent": 8,
			"height": 8,
			"chars": [
				"ꁃ"
			]
		},
		{
			"type": "bitmap",
			"file": "minecraft:unicode/icons/premierball.png",
			"ascent": 8,
			"height": 8,
			"chars": [
				"ꁄ"
			]
		},
		{
			"type": "bitmap",
			"file": "minecraft:unicode/icons/quickball.png",
			"ascent": 8,
			"height": 8,
			"chars": [
				"ꁅ"
			]
		},
		{
			"type": "bitmap",
			"file": "minecraft:unicode/icons/repeatball.png",
			"ascent": 8,
			"height": 8,
			"chars": [
				"ꁆ"
			]
		},
		{
			"type": "bitmap",
			"file": "minecraft:unicode/icons/safariball.png",
			"ascent": 8,
			"height": 8,
			"chars": [
				"ꁇ"
			]
		},
		{
			"type": "bitmap",
			"file": "minecraft:unicode/icons/sportball.png",
			"ascent": 8,
			"height": 8,
			"chars": [
				"ꁈ"
			]
		},
		{
			"type": "bitmap",
			"file": "minecraft:unicode/icons/timerball.png",
			"ascent": 8,
			"height": 8,
			"chars": [
				"ꁉ"
			]
		},
		{
			"type": "bitmap",
			"file": "minecraft:unicode/icons/ultraball.png",
			"ascent": 8,
			"height": 8,
			"chars": [
				"ꁊ"
			]
		},
		{
			"type": "bitmap",
			"file": "minecraft:unicode/icons/diveball.png",
			"ascent": 8,
			"height": 8,
			"chars": [
				"ꃆ"
			]
		},
		{
			"type": "bitmap",
			"file": "minecraft:unicode/icons/pokegem.png",
			"ascent": 8,
			"height": 8,
			"chars": [
				"ꁋ"
			]
		},
		{
			"type": "bitmap",
			"file": "minecraft:unicode/dialogue/leftarrow.png",
			"ascent": 8,
			"height": 8,
			"chars": [
				"ꁌ"
			]
		},
		{
			"type": "bitmap",
			"file": "minecraft:unicode/dialogue/rightarrow.png",
			"ascent": 8,
			"height": 8,
			"chars": [
				"ꁍ"
			]
		},
		{
			"type": "bitmap",
			"file": "minecraft:unicode/healthbar/staticbar/staticbar-50.png",
			"ascent": 8,
			"height": 8,
			"chars": [
				"ꁎ"
			]
		},
		{
			"type": "bitmap",
			"file": "minecraft:unicode/healthbar/staticbar/staticbar-49.png",
			"ascent": 8,
			"height": 8,
			"chars": [
				"ꁏ"
			]
		},
		{
			"type": "bitmap",
			"file": "minecraft:unicode/healthbar/staticbar/staticbar-48.png",
			"ascent": 8,
			"height": 8,
			"chars": [
				"ꁐ"
			]
		},
		{
			"type": "bitmap",
			"file": "minecraft:unicode/healthbar/staticbar/staticbar-47.png",
			"ascent": 8,
			"height": 8,
			"chars": [
				"ꁑ"
			]
		},
		{
			"type": "bitmap",
			"file": "minecraft:unicode/healthbar/staticbar/staticbar-46.png",
			"ascent": 8,
			"height": 8,
			"chars": [
				"ꁒ"
			]
		},
		{
			"type": "bitmap",
			"file": "minecraft:unicode/healthbar/staticbar/staticbar-45.png",
			"ascent": 8,
			"height": 8,
			"chars": [
				"ꁓ"
			]
		},
		{
			"type": "bitmap",
			"file": "minecraft:unicode/healthbar/staticbar/staticbar-44.png",
			"ascent": 8,
			"height": 8,
			"chars": [
				"ꁔ"
			]
		},
		{
			"type": "bitmap",
			"file": "minecraft:unicode/healthbar/staticbar/staticbar-43.png",
			"ascent": 8,
			"height": 8,
			"chars": [
				"ꁕ"
			]
		},
		{
			"type": "bitmap",
			"file": "minecraft:unicode/healthbar/staticbar/staticbar-42.png",
			"ascent": 8,
			"height": 8,
			"chars": [
				"ꁖ"
			]
		},
		{
			"type": "bitmap",
			"file": "minecraft:unicode/healthbar/staticbar/staticbar-41.png",
			"ascent": 8,
			"height": 8,
			"chars": [
				"ꁗ"
			]
		},
		{
			"type": "bitmap",
			"file": "minecraft:unicode/healthbar/staticbar/staticbar-40.png",
			"ascent": 8,
			"height": 8,
			"chars": [
				"ꁘ"
			]
		},
		{
			"type": "bitmap",
			"file": "minecraft:unicode/healthbar/staticbar/staticbar-39.png",
			"ascent": 8,
			"height": 8,
			"chars": [
				"ꁙ"
			]
		},
		{
			"type": "bitmap",
			"file": "minecraft:unicode/healthbar/staticbar/staticbar-38.png",
			"ascent": 8,
			"height": 8,
			"chars": [
				"ꁚ"
			]
		},
		{
			"type": "bitmap",
			"file": "minecraft:unicode/healthbar/staticbar/staticbar-37.png",
			"ascent": 8,
			"height": 8,
			"chars": [
				"ꁛ"
			]
		},
		{
			"type": "bitmap",
			"file": "minecraft:unicode/healthbar/staticbar/staticbar-36.png",
			"ascent": 8,
			"height": 8,
			"chars": [
				"ꁜ"
			]
		},
		{
			"type": "bitmap",
			"file": "minecraft:unicode/healthbar/staticbar/staticbar-35.png",
			"ascent": 8,
			"height": 8,
			"chars": [
				"ꁝ"
			]
		},
		{
			"type": "bitmap",
			"file": "minecraft:unicode/healthbar/staticbar/staticbar-34.png",
			"ascent": 8,
			"height": 8,
			"chars": [
				"ꁞ"
			]
		},
		{
			"type": "bitmap",
			"file": "minecraft:unicode/healthbar/staticbar/staticbar-33.png",
			"ascent": 8,
			"height": 8,
			"chars": [
				"ꁟ"
			]
		},
		{
			"type": "bitmap",
			"file": "minecraft:unicode/healthbar/staticbar/staticbar-32.png",
			"ascent": 8,
			"height": 8,
			"chars": [
				"ꁠ"
			]
		},
		{
			"type": "bitmap",
			"file": "minecraft:unicode/healthbar/staticbar/staticbar-31.png",
			"ascent": 8,
			"height": 8,
			"chars": [
				"ꁡ"
			]
		},
		{
			"type": "bitmap",
			"file": "minecraft:unicode/healthbar/staticbar/staticbar-30.png",
			"ascent": 8,
			"height": 8,
			"chars": [
				"ꁢ"
			]
		},
		{
			"type": "bitmap",
			"file": "minecraft:unicode/healthbar/staticbar/staticbar-29.png",
			"ascent": 8,
			"height": 8,
			"chars": [
				"ꁣ"
			]
		},
		{
			"type": "bitmap",
			"file": "minecraft:unicode/healthbar/staticbar/staticbar-28.png",
			"ascent": 8,
			"height": 8,
			"chars": [
				"ꁤ"
			]
		},
		{
			"type": "bitmap",
			"file": "minecraft:unicode/healthbar/staticbar/staticbar-27.png",
			"ascent": 8,
			"height": 8,
			"chars": [
				"ꁥ"
			]
		},
		{
			"type": "bitmap",
			"file": "minecraft:unicode/healthbar/staticbar/staticbar-26.png",
			"ascent": 8,
			"height": 8,
			"chars": [
				"ꁦ"
			]
		},
		{
			"type": "bitmap",
			"file": "minecraft:unicode/healthbar/staticbar/staticbar-25.png",
			"ascent": 8,
			"height": 8,
			"chars": [
				"ꁧ"
			]
		},
		{
			"type": "bitmap",
			"file": "minecraft:unicode/healthbar/staticbar/staticbar-24.png",
			"ascent": 8,
			"height": 8,
			"chars": [
				"ꁨ"
			]
		},
		{
			"type": "bitmap",
			"file": "minecraft:unicode/healthbar/staticbar/staticbar-23.png",
			"ascent": 8,
			"height": 8,
			"chars": [
				"ꁩ"
			]
		},
		{
			"type": "bitmap",
			"file": "minecraft:unicode/healthbar/staticbar/staticbar-22.png",
			"ascent": 8,
			"height": 8,
			"chars": [
				"ꁪ"
			]
		},
		{
			"type": "bitmap",
			"file": "minecraft:unicode/healthbar/staticbar/staticbar-21.png",
			"ascent": 8,
			"height": 8,
			"chars": [
				"ꁫ"
			]
		},
		{
			"type": "bitmap",
			"file": "minecraft:unicode/healthbar/staticbar/staticbar-20.png",
			"ascent": 8,
			"height": 8,
			"chars": [
				"ꁬ"
			]
		},
		{
			"type": "bitmap",
			"file": "minecraft:unicode/healthbar/staticbar/staticbar-19.png",
			"ascent": 8,
			"height": 8,
			"chars": [
				"ꁭ"
			]
		},
		{
			"type": "bitmap",
			"file": "minecraft:unicode/healthbar/staticbar/staticbar-18.png",
			"ascent": 8,
			"height": 8,
			"chars": [
				"ꁮ"
			]
		},
		{
			"type": "bitmap",
			"file": "minecraft:unicode/healthbar/staticbar/staticbar-17.png",
			"ascent": 8,
			"height": 8,
			"chars": [
				"ꁯ"
			]
		},
		{
			"type": "bitmap",
			"file": "minecraft:unicode/healthbar/staticbar/staticbar-16.png",
			"ascent": 8,
			"height": 8,
			"chars": [
				"ꁰ"
			]
		},
		{
			"type": "bitmap",
			"file": "minecraft:unicode/healthbar/staticbar/staticbar-15.png",
			"ascent": 8,
			"height": 8,
			"chars": [
				"ꁱ"
			]
		},
		{
			"type": "bitmap",
			"file": "minecraft:unicode/healthbar/staticbar/staticbar-14.png",
			"ascent": 8,
			"height": 8,
			"chars": [
				"ꁲ"
			]
		},
		{
			"type": "bitmap",
			"file": "minecraft:unicode/healthbar/staticbar/staticbar-13.png",
			"ascent": 8,
			"height": 8,
			"chars": [
				"ꁳ"
			]
		},
		{
			"type": "bitmap",
			"file": "minecraft:unicode/healthbar/staticbar/staticbar-12.png",
			"ascent": 8,
			"height": 8,
			"chars": [
				"ꁴ"
			]
		},
		{
			"type": "bitmap",
			"file": "minecraft:unicode/healthbar/staticbar/staticbar-11.png",
			"ascent": 8,
			"height": 8,
			"chars": [
				"ꁵ"
			]
		},
		{
			"type": "bitmap",
			"file": "minecraft:unicode/healthbar/staticbar/staticbar-10.png",
			"ascent": 8,
			"height": 8,
			"chars": [
				"ꁶ"
			]
		},
		{
			"type": "bitmap",
			"file": "minecraft:unicode/healthbar/staticbar/staticbar-9.png",
			"ascent": 8,
			"height": 8,
			"chars": [
				"ꁷ"
			]
		},
		{
			"type": "bitmap",
			"file": "minecraft:unicode/healthbar/staticbar/staticbar-8.png",
			"ascent": 8,
			"height": 8,
			"chars": [
				"ꁸ"
			]
		},
		{
			"type": "bitmap",
			"file": "minecraft:unicode/healthbar/staticbar/staticbar-7.png",
			"ascent": 8,
			"height": 8,
			"chars": [
				"ꁹ"
			]
		},
		{
			"type": "bitmap",
			"file": "minecraft:unicode/healthbar/staticbar/staticbar-6.png",
			"ascent": 8,
			"height": 8,
			"chars": [
				"ꁺ"
			]
		},
		{
			"type": "bitmap",
			"file": "minecraft:unicode/healthbar/staticbar/staticbar-5.png",
			"ascent": 8,
			"height": 8,
			"chars": [
				"ꁻ"
			]
		},
		{
			"type": "bitmap",
			"file": "minecraft:unicode/healthbar/staticbar/staticbar-4.png",
			"ascent": 8,
			"height": 8,
			"chars": [
				"ꁼ"
			]
		},
		{
			"type": "bitmap",
			"file": "minecraft:unicode/healthbar/staticbar/staticbar-3.png",
			"ascent": 8,
			"height": 8,
			"chars": [
				"ꁽ"
			]
		},
		{
			"type": "bitmap",
			"file": "minecraft:unicode/healthbar/staticbar/staticbar-2.png",
			"ascent": 8,
			"height": 8,
			"chars": [
				"ꁾ"
			]
		},
		{
			"type": "bitmap",
			"file": "minecraft:unicode/healthbar/staticbar/staticbar-1.png",
			"ascent": 8,
			"height": 8,
			"chars": [
				"ꁿ"
			]
		},
		{
			"type": "bitmap",
			"file": "minecraft:unicode/healthbar/staticbar/staticbar-0.png",
			"ascent": 8,
			"height": 8,
			"chars": [
				"ꂀ"
			]
		},
		{
			"type": "bitmap",
			"file": "minecraft:unicode/dialogue/basicdoublemessage.png",
			"ascent": 24,
			"height": 24,
			"chars": [
				"ꂁ"
			]
		},
		{
			"type": "bitmap",
			"file": "minecraft:unicode/icons/duskball.png",
			"ascent": 8,
			"height": 8,
			"chars": [
				"ꂂ"
			]
		},
		{
			"type": "bitmap",
			"file": "minecraft:unicode/icons/trainers/beginner_trainer.png",
			"ascent": 7,
			"height": 8,
			"chars": [
				"ꂃ"
			]
		},
		{
			"type": "bitmap",
			"file": "minecraft:unicode/icons/trainers/tactical_trainer.png",
			"ascent": 7,
			"height": 8,
			"chars": [
				"ꂄ"
			]
		},
		{
			"type": "bitmap",
			"file": "minecraft:unicode/icons/trainers/expert_trainer.png",
			"ascent": 7,
			"height": 8,
			"chars": [
				"ꂅ"
			]
		},
		{
			"type": "bitmap",
			"file": "minecraft:unicode/dialogue/uparrow.png",
			"ascent": 8,
			"height": 8,
			"chars": [
				"ꂆ"
			]
		},
		{
			"type": "bitmap",
			"file": "minecraft:unicode/icons/reddown.png",
			"ascent": 8,
			"height": 8,
			"chars": [
				"ꂇ"
			]
		},
		{
			"type": "bitmap",
			"file": "minecraft:unicode/icons/greenup.png",
			"ascent": 8,
			"height": 8,
			"chars": [
				"ꂈ"
			]
		},
		{
			"type": "bitmap",
			"file": "minecraft:unicode/icons/exclamation-red.png",
			"ascent": 8,
			"height": 8,
			"chars": [
				"ꂉ"
			]
		},
		{
			"type": "bitmap",
			"file": "minecraft:unicode/icons/exclamation-green.png",
			"ascent": 8,
			"height": 8,
			"chars": [
				"ꂊ"
			]
		},
		{
			"type": "bitmap",
			"file": "minecraft:unicode/icons/exclamation-yellow.png",
			"ascent": 8,
			"height": 8,
			"chars": [
				"ꂋ"
			]
		},
		{
			"type": "bitmap",
			"file": "minecraft:unicode/icons/checkmark-basic.png",
			"ascent": 8,
			"height": 8,
			"chars": [
				"ꂌ"
			]
		},
		{
			"type": "bitmap",
			"file": "minecraft:unicode/icons/x.png",
			"ascent": 8,
			"height": 8,
			"chars": [
				"ꂍ"
			]
		},
		{
			"type": "bitmap",
			"file": "minecraft:unicode/icons/exclamation-basic.png",
			"ascent": 8,
			"height": 8,
			"chars": [
				"ꂎ"
			]
		},
		{
			"type": "bitmap",
			"file": "minecraft:unicode/icons/checkmark.png",
			"ascent": 8,
			"height": 8,
			"chars": [
				"ꂏ"
			]
		},
		{
			"type": "bitmap",
			"file": "minecraft:unicode/icons/party_pokeball.png",
			"ascent": 8,
			"height": 8,
			"chars": [
				"ꂐ"
			]
		},
		{
			"type": "bitmap",
			"file": "minecraft:unicode/icons/party_pokeball-status.png",
			"ascent": 8,
			"height": 8,
			"chars": [
				"ꂑ"
			]
		},
		{
			"type": "bitmap",
			"file": "minecraft:unicode/icons/party_pokeball-empty.png",
			"ascent": 8,
			"height": 8,
			"chars": [
				"ꂒ"
			]
		},
		{
			"type": "bitmap",
			"file": "minecraft:unicode/icons/build_mode-on.png",
			"ascent": -10,
			"height": 64,
			"chars": [
				"ꂓ"
			]
		},
		{
			"type": "bitmap",
			"file": "minecraft:unicode/icons/build_mode-off.png",
			"ascent": -10,
			"height": 64,
			"chars": [
				"ꂔ"
			]
		},
		{
			"type": "bitmap",
			"file": "minecraft:unicode/icons/build_mode-on-hotbar.png",
			"ascent": 48,
			"height": 64,
			"chars": [
				"ꂕ"
			]
		},
		{
			"type": "bitmap",
			"file": "minecraft:unicode/icons/build_mode-off-hotbar.png",
			"ascent": 48,
			"height": 64,
			"chars": [
				"ꂖ"
			]
		},
		{
			"type": "bitmap",
			"file": "minecraft:unicode/icons/alolan.png",
			"ascent": 8,
			"height": 8,
			"chars": [
				"ꂱ"
			]
		},
		{
			"type": "bitmap",
			"file": "minecraft:unicode/icons/shiny.png",
			"ascent": 8,
			"height": 8,
			"chars": [
				"ꂲ"
			]
		},
		{
			"type": "bitmap",
			"file": "minecraft:unicode/icons/no_effect_help.png",
			"ascent": 8,
			"height": 8,
			"chars": [
				"ꂳ"
			]
		},
		{
			"type": "bitmap",
			"file": "minecraft:unicode/icons/not_effective_help.png",
			"ascent": 8,
			"height": 8,
			"chars": [
				"ꂴ"
			]
		},
		{
			"type": "bitmap",
			"file": "minecraft:unicode/icons/effective_help.png",
			"ascent": 8,
			"height": 8,
			"chars": [
				"ꂵ"
			]
		},
		{
			"type": "bitmap",
			"file": "minecraft:unicode/icons/super_effective_help.png",
			"ascent": 8,
			"height": 8,
			"chars": [
				"ꂶ"
			]
		},
		{
			"type": "bitmap",
			"file": "minecraft:gui/displays/battlepoints.png",
			"ascent": 10,
			"height": 14,
			"chars": [
				"ꂷ"
			]
		},
		{
			"type": "bitmap",
			"file": "minecraft:unicode/icons/players/pro_player.png",
			"ascent": 8,
			"height": 8,
			"chars": [
				"ꂸ"
			]
		},
		{
			"type": "bitmap",
			"file": "minecraft:unicode/icons/players/ace_player.png",
			"ascent": 8,
			"height": 8,
			"chars": [
				"ꂹ"
			]
		},
		{
			"type": "bitmap",
			"file": "minecraft:unicode/icons/players/ultra_player.png",
			"ascent": 8,
			"height": 8,
			"chars": [
				"ꂺ"
			]
		},
		{
			"type": "bitmap",
			"file": "minecraft:unicode/icons/players/master_player.png",
			"ascent": 8,
			"height": 8,
			"chars": [
				"ꂻ"
			]
		},
		{
			"type": "bitmap",
			"file": "minecraft:unicode/icons/players/mythic_player.png",
			"ascent": 8,
			"height": 8,
			"chars": [
				"ꂼ"
			]
		},
		{
			"type": "bitmap",
			"file": "minecraft:unicode/dialogue/textinputborder.png",
			"ascent": 41,
			"height": 48,
			"chars": [
				"ꂽ"
			]
		},
		{
			"type": "bitmap",
			"file": "minecraft:gameitems/customitems/badges/wild_rock_badge.png",
			"ascent": 8,
			"height": 8,
			"chars": [
				"ꂾ"
			]
		},
		{
			"type": "bitmap",
			"file": "minecraft:gameitems/customitems/badges/wild_grass_badge.png",
			"ascent": 8,
			"height": 8,
			"chars": [
				"ꂿ"
			]
		},
		{
			"type": "bitmap",
			"file": "minecraft:gameitems/customitems/badges/wild_ghost_badge.png",
			"ascent": 8,
			"height": 8,
			"chars": [
				"ꃀ"
			]
		},
		{
			"type": "bitmap",
			"file": "minecraft:gameitems/customitems/badges/wild_fighting_badge.png",
			"ascent": 8,
			"height": 8,
			"chars": [
				"ꃁ"
			]
		},
		{
			"type": "bitmap",
			"file": "minecraft:gameitems/customitems/badges/wild_water_badge.png",
			"ascent": 8,
			"height": 8,
			"chars": [
				"ꃂ"
			]
		},
		{
			"type": "bitmap",
			"file": "minecraft:gameitems/customitems/badges/wild_steel_badge.png",
			"ascent": 8,
			"height": 8,
			"chars": [
				"ꃃ"
			]
		},
		{
			"type": "bitmap",
			"file": "minecraft:gameitems/customitems/badges/wild_ice_badge.png",
			"ascent": 8,
			"height": 8,
			"chars": [
				"ꃄ"
			]
		},
		{
			"type": "bitmap",
			"file": "minecraft:gameitems/customitems/badges/wild_electric_badge.png",
			"ascent": 8,
			"height": 8,
			"chars": [
				"ꃅ"
			]
		},
		{
			"type": "bitmap",
			"file": "minecraft:gameitems/customitems/badges/wild_challenge_badge_1.png",
			"ascent": 8,
			"height": 8,
			"chars": [
				"ꃇ"
			]
		},
		{
			"type": "bitmap",
			"file": "minecraft:gameitems/customitems/badges/wild_challenge_badge_2.png",
			"ascent": 8,
			"height": 8,
			"chars": [
				"ꃈ"
			]
		},
		{
			"type": "bitmap",
			"file": "minecraft:gameitems/customitems/badges/wild_challenge_badge_3.png",
			"ascent": 8,
			"height": 8,
			"chars": [
				"ꃉ"
			]
		},
		{
			"type": "bitmap",
			"file": "minecraft:gameitems/customitems/badges/wild_challenge_badge_4.png",
			"ascent": 8,
			"height": 8,
			"chars": [
				"ꃊ"
			]
		},
		{
			"type": "bitmap",
			"file": "minecraft:gameitems/customitems/badges/wild_challenge_badge_5.png",
			"ascent": 8,
			"height": 8,
			"chars": [
				"ꃋ"
			]
		},
		{
			"type": "bitmap",
			"file": "minecraft:gameitems/customitems/badges/wild_challenge_badge_6.png",
			"ascent": 8,
			"height": 8,
			"chars": [
				"ꃌ"
			]
		},
		{
			"type": "bitmap",
			"file": "minecraft:gameitems/customitems/badges/wild_challenge_badge_7.png",
			"ascent": 8,
			"height": 8,
			"chars": [
				"ꃍ"
			]
		},
		{
			"type": "bitmap",
			"file": "minecraft:gameitems/customitems/badges/wild_challenge_badge_8.png",
			"ascent": 8,
			"height": 8,
			"chars": [
				"ꃎ"
			]
		},
		{
			"type": "bitmap",
			"file": "minecraft:unicode/icons/players/legendary_player.png",
			"ascent": 8,
			"height": 8,
			"chars": [
				"ꃏ"
			]
		},
		{
			"type": "bitmap",
			"file": "minecraft:gameitems/customitems/keyitems/shiny_charm.png",
			"ascent": 8,
			"height": 8,
			"chars": [
				"ꃐ"
			]
		},
		{
			"type": "bitmap",
			"file": "minecraft:unicode/icons/breeding/fertility_stage_0.png",
			"ascent": 8,
			"height": 8,
			"chars": [
				"ꃑ"
			]
		},
		{
			"type": "bitmap",
			"file": "minecraft:unicode/icons/breeding/fertility_stage_1.png",
			"ascent": 8,
			"height": 8,
			"chars": [
				"ꃒ"
			]
		},
		{
			"type": "bitmap",
			"file": "minecraft:unicode/icons/breeding/fertility_stage_2.png",
			"ascent": 8,
			"height": 8,
			"chars": [
				"ꃓ"
			]
		},
		{
			"type": "bitmap",
			"file": "minecraft:unicode/icons/breeding/fertility_stage_3.png",
			"ascent": 8,
			"height": 8,
			"chars": [
				"ꃔ"
			]
		},
		{
			"type": "bitmap",
			"file": "minecraft:unicode/icons/breeding/fertility_stage_4.png",
			"ascent": 8,
			"height": 8,
			"chars": [
				"ꃕ"
			]
		},
		{
			"type": "bitmap",
			"file": "minecraft:unicode/icons/breeding/fertility_stage_5.png",
			"ascent": 8,
			"height": 8,
			"chars": [
				"ꃖ"
			]
		},
		{
			"type": "bitmap",
			"file": "minecraft:unicode/icons/breeding/fertility_stage_6.png",
			"ascent": 8,
			"height": 8,
			"chars": [
				"ꃗ"
			]
		},
		{
			"type": "bitmap",
			"file": "minecraft:gameitems/customitems/keyitems/empty_shiny_charm.png",
			"ascent": 8,
			"height": 8,
			"chars": [
				"ꃙ"
			]
		},
		{
			"type": "bitmap",
			"file": "minecraft:unicode/icons/pokewild/pokewild_logo.png",
			"ascent": 32,
			"height": 64,
			"chars": [
				"ꃚꃛ",
				"ꃜꃝ"
			]
		},
		{
			"chars": [
				"ꃞ"
			],
			"file": "minecraft:unicode/space/dark_screen.png",
			"ascent": 250,
			"height": 1500,
			"type": "bitmap"
		},
		{
			"chars": [
				"ꃟ"
			],
			"file": "minecraft:unicode/space/dark_screen.png",
			"ascent": 10,
			"height": 300,
			"type": "bitmap"
		},
		{
			"type": "bitmap",
			"file": "minecraft:unicode/icons/players/primal_player.png",
			"ascent": 8,
			"height": 8,
			"chars": [
				"ꃠ"
			]
		},
		{
			"type": "bitmap",
			"file": "minecraft:unicode/icons/pokewild/pokewild_logo.png",
			"ascent": 24,
			"height": 64,
			"chars": [
				"ꃡꃢ",
				"ꃣꃤ"
			]
		},
		{
			"type": "bitmap",
			"file": "minecraft:unicode/icons/players/staff/helper_player.png",
			"ascent": 8,
			"height": 8,
			"chars": [
				"ꃥ"
			]
		},
		{
			"type": "bitmap",
			"file": "minecraft:unicode/icons/players/staff/mod_player.png",
			"ascent": 8,
			"height": 8,
			"chars": [
				"ꃦ"
			]
		},
		{
			"type": "bitmap",
			"file": "minecraft:unicode/icons/players/staff/srmod.png",
			"ascent": 8,
			"height": 8,
			"chars": [
				"ꃬ"
			]
		},
		{
			"type": "bitmap",
			"file": "minecraft:unicode/icons/players/staff/admin_player.png",
			"ascent": 8,
			"height": 8,
			"chars": [
				"ꃧ"
			]
		},
		{
			"type": "bitmap",
			"file": "minecraft:unicode/icons/players/staff/manager_player.png",
			"ascent": 8,
			"height": 8,
			"chars": [
				"ꃭ"
			]
		},
		{
			"type": "bitmap",
			"file": "minecraft:unicode/icons/players/staff/builder_player.png",
			"ascent": 8,
			"height": 8,
			"chars": [
				""
			]
		},
		{
			"type": "bitmap",
			"file": "minecraft:unicode/icons/players/staff/owner_player.png",
			"ascent": 8,
			"height": 8,
			"chars": [
				"ꃨ"
			]
		},
		{
			"type": "bitmap",
			"file": "minecraft:unicode/icons/players/staff/developer_player.png",
			"ascent": 8,
			"height": 8,
			"chars": [
				"ꃩ"
			]
		},
		{
			"type": "bitmap",
			"file": "minecraft:unicode/icons/players/staff/media_player.png",
			"ascent": 8,
			"height": 8,
			"chars": [
				"ꃪ"
			]
		},
		{
			"type": "bitmap",
			"file": "minecraft:unicode/icons/players/trainer_player.png",
			"ascent": 8,
			"height": 8,
			"chars": [
				"ꃫ"
			]
		},
		{
			"type": "bitmap",
			"file": "minecraft:unicode/icons/emojis/sunglasses.png",
			"ascent": 8,
			"height": 8,
			"chars": [
				"ꃮ"
			]
		},
		{
			"type": "bitmap",
			"file": "minecraft:unicode/icons/emojis/heart.png",
			"ascent": 8,
			"height": 8,
			"chars": [
				"ꃯ"
			]
		},
		{
			"type": "bitmap",
			"file": "minecraft:unicode/icons/emojis/skull.png",
			"ascent": 8,
			"height": 8,
			"chars": [
				"ꃰ"
			]
		},
		{
			"type": "bitmap",
			"file": "minecraft:unicode/icons/emojis/smile.png",
			"ascent": 8,
			"height": 8,
			"chars": [
				"ꃱ"
			]
		},
		{
			"type": "bitmap",
			"file": "minecraft:unicode/icons/emojis/thumbs_up.png",
			"ascent": 8,
			"height": 8,
			"chars": [
				"ꃲ"
			]
		},
		{
			"type": "bitmap",
			"file": "minecraft:unicode/icons/emojis/thumbs_down.png",
			"ascent": 8,
			"height": 8,
			"chars": [
				"ꃳ"
			]
		},
		{
			"type": "bitmap",
			"file": "minecraft:unicode/icons/emojis/eyes.png",
			"ascent": 8,
			"height": 8,
			"chars": [
				"ꃴ"
			]
		},
		{
			"type": "bitmap",
			"file": "minecraft:unicode/icons/emojis/triumph.png",
			"ascent": 8,
			"height": 8,
			"chars": [
				"ꃵ"
			]
		},
		{
			"type": "bitmap",
			"file": "minecraft:unicode/icons/emojis/wave.png",
			"ascent": 8,
			"height": 8,
			"chars": [
				"ꃶ"
			]
		},
		{
			"type": "bitmap",
			"file": "minecraft:unicode/icons/emojis/fire.png",
			"ascent": 8,
			"height": 8,
			"chars": [
				"ꃷ"
			]
		},
		{
			"type": "bitmap",
			"file": "minecraft:unicode/icons/emojis/purple_heart.png",
			"ascent": 8,
			"height": 8,
			"chars": [
				"ꃸ"
			]
		},
		{
			"type": "bitmap",
			"file": "minecraft:unicode/icons/emojis/joy.png",
			"ascent": 8,
			"height": 8,
			"chars": [
				"ꃹ"
			]
		},
		{
			"type": "bitmap",
			"file": "minecraft:unicode/icons/emojis/rat.png",
			"ascent": 8,
			"height": 8,
			"chars": [
				"ꃺ"
			]
		},
		{
			"type": "bitmap",
			"file": "minecraft:unicode/space/space_split.png",
			"ascent": -32768,
			"height": -3,
			"chars": [
				""
			]
		},
		{
			"type": "bitmap",
			"file": "minecraft:unicode/space/space_split.png",
			"ascent": -32768,
			"height": -4,
			"chars": [
				""
			]
		},
		{
			"type": "bitmap",
			"file": "minecraft:unicode/space/space_split.png",
			"ascent": -32768,
			"height": -5,
			"chars": [
				""
			]
		},
		{
			"type": "bitmap",
			"file": "minecraft:unicode/space/space_split.png",
			"ascent": -32768,
			"height": -6,
			"chars": [
				""
			]
		},
		{
			"type": "bitmap",
			"file": "minecraft:unicode/space/space_split.png",
			"ascent": -32768,
			"height": -7,
			"chars": [
				""
			]
		},
		{
			"type": "bitmap",
			"file": "minecraft:unicode/space/space_split.png",
			"ascent": -32768,
			"height": -8,
			"chars": [
				""
			]
		},
		{
			"type": "bitmap",
			"file": "minecraft:unicode/space/space_split.png",
			"ascent": -32768,
			"height": -9,
			"chars": [
				""
			]
		},
		{
			"type": "bitmap",
			"file": "minecraft:unicode/space/space_split.png",
			"ascent": -32768,
			"height": -10,
			"chars": [
				""
			]
		},
		{
			"type": "bitmap",
			"file": "minecraft:unicode/space/space_split.png",
			"ascent": -32768,
			"height": -18,
			"chars": [
				""
			]
		},
		{
			"type": "bitmap",
			"file": "minecraft:unicode/space/space_split.png",
			"ascent": -32768,
			"height": -34,
			"chars": [
				""
			]
		},
		{
			"type": "bitmap",
			"file": "minecraft:unicode/space/space_split.png",
			"ascent": -32768,
			"height": -66,
			"chars": [
				""
			]
		},
		{
			"type": "bitmap",
			"file": "minecraft:unicode/space/space_split.png",
			"ascent": -32768,
			"height": -130,
			"chars": [
				""
			]
		},
		{
			"type": "bitmap",
			"file": "minecraft:unicode/space/space_split.png",
			"ascent": -32768,
			"height": -258,
			"chars": [
				""
			]
		},
		{
			"type": "bitmap",
			"file": "minecraft:unicode/space/space_split.png",
			"ascent": -32768,
			"height": -514,
			"chars": [
				""
			]
		},
		{
			"type": "bitmap",
			"file": "minecraft:unicode/space/space_split.png",
			"ascent": -32768,
			"height": -1026,
			"chars": [
				""
			]
		},
		{
			"type": "bitmap",
			"file": "minecraft:unicode/space/space_split.png",
			"ascent": -65536,
			"height": -32770,
			"chars": [
				""
			]
		},
		{
			"type": "bitmap",
			"file": "minecraft:unicode/space/space_split.png",
			"ascent": -32768,
			"height": 0,
			"chars": [
				""
			]
		},
		{
			"type": "bitmap",
			"file": "minecraft:unicode/space/space_split.png",
			"ascent": -32768,
			"height": 1,
			"chars": [
				""
			]
		},
		{
			"type": "bitmap",
			"file": "minecraft:unicode/space/space_split.png",
			"ascent": -32768,
			"height": 2,
			"chars": [
				""
			]
		},
		{
			"type": "bitmap",
			"file": "minecraft:unicode/space/space_split.png",
			"ascent": -32768,
			"height": 3,
			"chars": [
				""
			]
		},
		{
			"type": "bitmap",
			"file": "minecraft:unicode/space/space_split.png",
			"ascent": -32768,
			"height": 4,
			"chars": [
				""
			]
		},
		{
			"type": "bitmap",
			"file": "minecraft:unicode/space/space_split.png",
			"ascent": -32768,
			"height": 5,
			"chars": [
				""
			]
		},
		{
			"type": "bitmap",
			"file": "minecraft:unicode/space/space_split.png",
			"ascent": -32768,
			"height": 6,
			"chars": [
				""
			]
		},
		{
			"type": "bitmap",
			"file": "minecraft:unicode/space/space_split.png",
			"ascent": -32768,
			"height": 7,
			"chars": [
				""
			]
		},
		{
			"type": "bitmap",
			"file": "minecraft:unicode/space/space_split.png",
			"ascent": -32768,
			"height": 15,
			"chars": [
				""
			]
		},
		{
			"type": "bitmap",
			"file": "minecraft:unicode/space/space_split.png",
			"ascent": -32768,
			"height": 31,
			"chars": [
				""
			]
		},
		{
			"type": "bitmap",
			"file": "minecraft:unicode/space/space_split.png",
			"ascent": -32768,
			"height": 63,
			"chars": [
				""
			]
		},
		{
			"type": "bitmap",
			"file": "minecraft:unicode/space/space_split.png",
			"ascent": -32768,
			"height": 127,
			"chars": [
				""
			]
		},
		{
			"type": "bitmap",
			"file": "minecraft:unicode/space/space_split.png",
			"ascent": -32768,
			"height": 255,
			"chars": [
				""
			]
		},
		{
			"type": "bitmap",
			"file": "minecraft:unicode/space/space_split.png",
			"ascent": -32768,
			"height": 511,
			"chars": [
				""
			]
		},
		{
			"type": "bitmap",
			"file": "minecraft:unicode/space/space_split.png",
			"ascent": -32768,
			"height": 1023,
			"chars": [
				""
			]
		},
		{
			"type": "bitmap",
			"file": "minecraft:unicode/space/space_split.png",
			"ascent": -65536,
			"height": 32767,
			"chars": [
				""
			]
		},
		{
			"type": "bitmap",
			"file": "minecraft:unicode/space/space_nosplit.png",
			"ascent": -32768,
			"height": -3,
			"chars": [
				""
			]
		},
		{
			"type": "bitmap",
			"file": "minecraft:unicode/space/space_nosplit.png",
			"ascent": -32768,
			"height": -4,
			"chars": [
				""
			]
		},
		{
			"type": "bitmap",
			"file": "minecraft:unicode/space/space_nosplit.png",
			"ascent": -32768,
			"height": -5,
			"chars": [
				""
			]
		},
		{
			"type": "bitmap",
			"file": "minecraft:unicode/space/space_nosplit.png",
			"ascent": -32768,
			"height": -6,
			"chars": [
				""
			]
		},
		{
			"type": "bitmap",
			"file": "minecraft:unicode/space/space_nosplit.png",
			"ascent": -32768,
			"height": -7,
			"chars": [
				""
			]
		},
		{
			"type": "bitmap",
			"file": "minecraft:unicode/space/space_nosplit.png",
			"ascent": -32768,
			"height": -8,
			"chars": [
				""
			]
		},
		{
			"type": "bitmap",
			"file": "minecraft:unicode/space/space_nosplit.png",
			"ascent": -32768,
			"height": -9,
			"chars": [
				""
			]
		},
		{
			"type": "bitmap",
			"file": "minecraft:unicode/space/space_nosplit.png",
			"ascent": -32768,
			"height": -10,
			"chars": [
				""
			]
		},
		{
			"type": "bitmap",
			"file": "minecraft:unicode/space/space_nosplit.png",
			"ascent": -32768,
			"height": -18,
			"chars": [
				""
			]
		},
		{
			"type": "bitmap",
			"file": "minecraft:unicode/space/space_nosplit.png",
			"ascent": -32768,
			"height": -34,
			"chars": [
				""
			]
		},
		{
			"type": "bitmap",
			"file": "minecraft:unicode/space/space_nosplit.png",
			"ascent": -32768,
			"height": -66,
			"chars": [
				""
			]
		},
		{
			"type": "bitmap",
			"file": "minecraft:unicode/space/space_nosplit.png",
			"ascent": -32768,
			"height": -130,
			"chars": [
				""
			]
		},
		{
			"type": "bitmap",
			"file": "minecraft:unicode/space/space_nosplit.png",
			"ascent": -32768,
			"height": -258,
			"chars": [
				""
			]
		},
		{
			"type": "bitmap",
			"file": "minecraft:unicode/space/space_nosplit.png",
			"ascent": -32768,
			"height": -514,
			"chars": [
				""
			]
		},
		{
			"type": "bitmap",
			"file": "minecraft:unicode/space/space_nosplit.png",
			"ascent": -32768,
			"height": -1026,
			"chars": [
				""
			]
		},
		{
			"type": "bitmap",
			"file": "minecraft:unicode/space/space_nosplit.png",
			"ascent": -65536,
			"height": -32770,
			"chars": [
				""
			]
		},
		{
			"type": "bitmap",
			"file": "minecraft:unicode/space/space_nosplit.png",
			"ascent": -32768,
			"height": 0,
			"chars": [
				""
			]
		},
		{
			"type": "bitmap",
			"file": "minecraft:unicode/space/space_nosplit.png",
			"ascent": -32768,
			"height": 1,
			"chars": [
				""
			]
		},
		{
			"type": "bitmap",
			"file": "minecraft:unicode/space/space_nosplit.png",
			"ascent": -32768,
			"height": 2,
			"chars": [
				""
			]
		},
		{
			"type": "bitmap",
			"file": "minecraft:unicode/space/space_nosplit.png",
			"ascent": -32768,
			"height": 3,
			"chars": [
				""
			]
		},
		{
			"type": "bitmap",
			"file": "minecraft:unicode/space/space_nosplit.png",
			"ascent": -32768,
			"height": 4,
			"chars": [
				""
			]
		},
		{
			"type": "bitmap",
			"file": "minecraft:unicode/space/space_nosplit.png",
			"ascent": -32768,
			"height": 5,
			"chars": [
				""
			]
		},
		{
			"type": "bitmap",
			"file": "minecraft:unicode/space/space_nosplit.png",
			"ascent": -32768,
			"height": 6,
			"chars": [
				""
			]
		},
		{
			"type": "bitmap",
			"file": "minecraft:unicode/space/space_nosplit.png",
			"ascent": -32768,
			"height": 7,
			"chars": [
				""
			]
		},
		{
			"type": "bitmap",
			"file": "minecraft:unicode/space/space_nosplit.png",
			"ascent": -32768,
			"height": 15,
			"chars": [
				""
			]
		},
		{
			"type": "bitmap",
			"file": "minecraft:unicode/space/space_nosplit.png",
			"ascent": -32768,
			"height": 31,
			"chars": [
				""
			]
		},
		{
			"type": "bitmap",
			"file": "minecraft:unicode/space/space_nosplit.png",
			"ascent": -32768,
			"height": 63,
			"chars": [
				""
			]
		},
		{
			"type": "bitmap",
			"file": "minecraft:unicode/space/space_nosplit.png",
			"ascent": -32768,
			"height": 127,
			"chars": [
				""
			]
		},
		{
			"type": "bitmap",
			"file": "minecraft:unicode/space/space_nosplit.png",
			"ascent": -32768,
			"height": 255,
			"chars": [
				""
			]
		},
		{
			"type": "bitmap",
			"file": "minecraft:unicode/space/space_nosplit.png",
			"ascent": -32768,
			"height": 511,
			"chars": [
				""
			]
		},
		{
			"type": "bitmap",
			"file": "minecraft:unicode/space/space_nosplit.png",
			"ascent": -32768,
			"height": 1023,
			"chars": [
				""
			]
		},
		{
			"type": "bitmap",
			"file": "minecraft:unicode/space/space_nosplit.png",
			"ascent": -65536,
			"height": 32767,
			"chars": [
				""
			]
		}
	]
}