{"textures":{"particle":"pokemon/gyarados","0":"pokemon/gyarados"},"elements":[{"from":[4.5,18.75,-2],"to":[10.5,28.75,0],"faces":{"down":{"uv":[0.25,4,1.75,4.5],"texture":"#0"},"up":{"uv":[0.25,4,1.75,4.5],"texture":"#0"},"south":{"uv":[0.25,4.75,1.75,7.25],"texture":"#0"},"west":{"uv":[0,2.5,2.5,3],"texture":"#0","rotation":90},"east":{"uv":[0,2.5,2.5,3],"texture":"#0","rotation":270}}},{"from":[3.5,21.75,-12],"to":[11.5,29.75,-4],"faces":{"down":{"uv":[2.25,9.75,4.25,11.75],"texture":"#0"},"up":{"uv":[2.25,5.25,4.25,7.25],"texture":"#0"},"north":{"uv":[0,12,2,14],"texture":"#0"},"south":{"uv":[0,9.75,2,11.75],"texture":"#0"},"west":{"uv":[0,7.5,2,9.5],"texture":"#0"},"east":{"uv":[2.25,7.5,4.25,9.5],"texture":"#0"}}},{"from":[3.5,18.75,-4],"to":[11.5,28.75,-2],"faces":{"down":{"uv":[0,4,2,4.5],"texture":"#0"},"up":{"uv":[0,4,2,4.5],"texture":"#0"},"north":{"uv":[0,4.75,2,7.25],"texture":"#0","rotation":180},"south":{"uv":[0,4.75,2,7.25],"texture":"#0"},"west":{"uv":[0,2.5,2.5,3],"texture":"#0","rotation":90},"east":{"uv":[0,2.5,2.5,3],"texture":"#0","rotation":270}}},{"from":[4.5,22.75,-13],"to":[10.5,25.75,-12],"faces":{"down":{"uv":[5.5,0,6,0.5],"texture":"#0"},"up":{"uv":[5.5,0,6,0.5],"texture":"#0"},"north":{"uv":[4.25,13,5.75,13.75],"texture":"#0"},"west":{"uv":[5.5,0,6,0.5],"texture":"#0"},"east":{"uv":[5.5,0,6,0.5],"texture":"#0"}}},{"from":[3.5,25.75,-13],"to":[11.5,31.75,-12.9],"faces":{"north":{"uv":[8.25,14.5,10.25,16],"texture":"#0"},"south":{"uv":[8.25,14.5,10.25,16],"texture":"#0"}}},{"from":[-3.359,21.7507,-6.2624],"to":[4.641,31.75001,-6.162397],"rotation":{"origin":[0.641,24.75069,-6.21241],"axis":"y","angle":45},"faces":{"north":{"uv":[11.25,11.5,13.25,13.99922],"texture":"#0"},"south":{"uv":[13.5,11.5,15.5,13.99922],"texture":"#0"}}},{"from":[14.3122,21.7505,-10.2058],"to":[14.4122,31.74998,-2.205801],"rotation":{"origin":[14.36216,24.75052,-6.20583],"axis":"y","angle":45},"faces":{"west":{"uv":[11.25,11.5,13.25,13.99922],"texture":"#0"},"east":{"uv":[13.5,11.5,15.5,13.99922],"texture":"#0"}}},{"from":[-0.359,21.7507,-9.2624],"to":[4.641,27.7507,-9.162399],"rotation":{"origin":[0.641,24.75069,-9.21241],"axis":"y","angle":45},"faces":{"north":{"uv":[8.5,11.5,9.5,13],"texture":"#0"},"south":{"uv":[9.75,11.5,10.75,13],"texture":"#0"}}},{"from":[14.3122,21.7505,-13.2058],"to":[14.4122,27.7505,-8.2058],"rotation":{"origin":[14.36216,24.75052,-9.20583],"axis":"y","angle":45},"faces":{"west":{"uv":[8.5,11.5,9.5,13],"texture":"#0"},"east":{"uv":[9.75,11.5,10.75,13],"texture":"#0"}}},{"from":[-2.359,11.7507,-6.2624],"to":[5.641,21.7507,-6.162397],"rotation":{"origin":[1.641,14.75069,-6.21241],"axis":"y","angle":22.5},"faces":{"north":{"uv":[12,8,14,10.5],"texture":"#0"},"south":{"uv":[12,5.25,14,7.75],"texture":"#0"}}},{"from":[9.3622,11.7505,-6.2558],"to":[17.3622,21.7505,-6.1558],"rotation":{"origin":[13.36216,14.75052,-6.20583],"axis":"y","angle":-22.5},"faces":{"north":{"uv":[12,5.25,14,7.75],"texture":"#0"},"south":{"uv":[12,8,14,10.5],"texture":"#0"}}},{"from":[7.5,18.75,0],"to":[7.6,28.75,5],"faces":{"west":{"uv":[8.75,1.25,11.25,2.5],"texture":"#0","rotation":90},"east":{"uv":[8.75,1.25,11.25,2.5],"texture":"#0","rotation":270}}},{"from":[10.3622,11.7505,-11.2558],"to":[11.3622,21.7505,-11.1558],"faces":{"north":{"uv":[1.5,4.75,1.75,7.25],"texture":"#0"},"south":{"uv":[1.5,4.75,1.75,7.25],"texture":"#0"}}},{"from":[3.3622,11.7505,-11.2558],"to":[4.3622,21.7505,-11.1558],"faces":{"north":{"uv":[1.5,4.75,1.75,7.25],"texture":"#0"},"south":{"uv":[1.5,4.75,1.75,7.25],"texture":"#0"}}},{"from":[5.3622,19.7505,-12],"to":[6.3622,21.7505,-11.9],"faces":{"north":{"uv":[0.5,13.5,0.75,14],"texture":"#0"},"south":{"uv":[0.5,13.5,0.75,14],"texture":"#0"}}},{"from":[8.3622,19.7505,-12],"to":[9.3622,21.7505,-11.9],"faces":{"north":{"uv":[0.5,13.5,0.75,14],"texture":"#0"},"south":{"uv":[0.5,13.5,0.75,14],"texture":"#0"}}},{"from":[4.5,12.75,-4],"to":[10.5,18.75,2],"faces":{"down":{"uv":[8,8.25,9.5,9.75],"texture":"#0","rotation":90},"up":{"uv":[6.25,8.25,7.75,9.75],"texture":"#0"},"north":{"uv":[6.25,10,7.75,11.5],"texture":"#0"},"south":{"uv":[6.25,8.25,7.75,9.75],"texture":"#0"},"west":{"uv":[9.75,8.25,11.25,9.75],"texture":"#0"},"east":{"uv":[8,8.25,9.5,9.75],"texture":"#0"}}},{"from":[5.5,8.75,-4],"to":[9.5,12.75,0],"faces":{"down":{"uv":[7.5,2.75,8.5,3.75],"texture":"#0","rotation":270},"up":{"uv":[6.25,8.25,7.75,9.75],"texture":"#0"},"north":{"uv":[6.25,4,7.25,5],"texture":"#0","rotation":180},"south":{"uv":[7.5,4,8.5,4.75],"texture":"#0"},"west":{"uv":[7.5,2.75,8.5,3.75],"texture":"#0"},"east":{"uv":[7.5,2.75,8.5,3.75],"texture":"#0","rotation":180}}},{"from":[4,2.75,-1],"to":[11,8.75,-0.99],"rotation":{"origin":[7.5,5.75,-0.995],"axis":"x","angle":-22.5},"faces":{"north":{"uv":[0,0,1.75,1.5],"texture":"#0"},"south":{"uv":[0,0,1.75,1.5],"texture":"#0"}}}],"display":{"thirdperson_righthand":{"translation":[-0.3,-7.652,4.1739],"scale":[0.5,0.5,0.5]},"thirdperson_lefthand":{"translation":[-0.3,-7.652,4.1739],"scale":[0.5,0.5,0.5]},"firstperson_righthand":{"rotation":[5,23,-14],"translation":[2.0869,-0.695,6.9567],"scale":[0.5,0.5,0.5]},"firstperson_lefthand":{"rotation":[5,23,-14],"translation":[2.0869,-0.695,6.9567],"scale":[0.5,0.5,0.5]},"gui":{"rotation":[14,143,-1],"translation":[3.4782,-3.478,0],"scale":[0.5,0.5,0.5]},"head":{"translation":[1,-23,27],"scale":[2.1,1.75,1.75]}}}