{"textures":{"0":"gwb"},"elements":[{"from":[0,6,-1],"to":[3,7,4],"rotation":{"origin":[0.5,6.5,0.5],"axis":"y","angle":-45},"faces":{"down":{"uv":[0,15,3,16],"texture":"#0"},"up":{"uv":[0,15,3,16],"texture":"#0"},"north":{"uv":[0,15,3,16],"texture":"#0"},"south":{"uv":[0,15,3,16],"texture":"#0"},"west":{"uv":[0,15,3,16],"texture":"#0"},"east":{"uv":[0,15,3,16],"texture":"#0"}}},{"from":[-2.9405,6.01,2.6985],"to":[0.05949998,7.01,7.6985],"rotation":{"origin":[-2.44051,6.5,4.19848],"axis":"y","angle":-22.5},"faces":{"down":{"uv":[0,15,3,16],"texture":"#0"},"up":{"uv":[0,15,3,16],"texture":"#0"},"north":{"uv":[0,15,3,16],"texture":"#0"},"south":{"uv":[0,15,3,16],"texture":"#0"},"west":{"uv":[0,15,3,16],"texture":"#0"},"east":{"uv":[0,15,3,16],"texture":"#0"}}},{"from":[-4.2418,6.02,7.2407],"to":[-1.2418,7.02,12.2407],"faces":{"down":{"uv":[0,15,3,16],"texture":"#0"},"up":{"uv":[0,15,3,16],"texture":"#0"},"north":{"uv":[0,15,3,16],"texture":"#0"},"south":{"uv":[0,15,3,16],"texture":"#0"},"west":{"uv":[0,15,3,16],"texture":"#0"},"east":{"uv":[0,15,3,16],"texture":"#0"}}},{"from":[-3.7059,6.03,11.9352],"to":[-0.7059,7.03,16.9352],"rotation":{"origin":[-3.20588,6.5,13.4352],"axis":"y","angle":22.5},"faces":{"down":{"uv":[0,15,3,16],"texture":"#0"},"up":{"uv":[0,15,3,16],"texture":"#0"},"north":{"uv":[0,15,3,16],"texture":"#0"},"south":{"uv":[0,15,3,16],"texture":"#0"},"west":{"uv":[0,15,3,16],"texture":"#0"},"east":{"uv":[0,15,3,16],"texture":"#0"}}},{"from":[-1.4142,6.04,16.0672],"to":[1.5858,7.04,21.0672],"rotation":{"origin":[-0.91421,6.5,17.56722],"axis":"y","angle":45},"faces":{"down":{"uv":[0,15,3,16],"texture":"#0"},"up":{"uv":[0,15,3,16],"texture":"#0"},"north":{"uv":[0,15,3,16],"texture":"#0"},"south":{"uv":[0,15,3,16],"texture":"#0"},"west":{"uv":[0,15,3,16],"texture":"#0"},"east":{"uv":[0,15,3,16],"texture":"#0"}}},{"from":[1.2843,6.04,18.0077],"to":[6.2843,7.04,21.0077],"rotation":{"origin":[2.78427,6.5,20.50773],"axis":"y","angle":-22.5},"faces":{"down":{"uv":[0,15,3,16],"texture":"#0"},"up":{"uv":[0,15,3,16],"texture":"#0"},"north":{"uv":[0,15,3,16],"texture":"#0"},"south":{"uv":[0,15,3,16],"texture":"#0"},"west":{"uv":[0,15,3,16],"texture":"#0"},"east":{"uv":[0,15,3,16],"texture":"#0"}}},{"from":[5.8265,6.04,19.3091],"to":[10.8265,7.04,22.3091],"faces":{"down":{"uv":[0,15,3,16],"texture":"#0"},"up":{"uv":[0,15,3,16],"texture":"#0"},"north":{"uv":[0,15,3,16],"texture":"#0"},"south":{"uv":[0,15,3,16],"texture":"#0"},"west":{"uv":[0,15,3,16],"texture":"#0"},"east":{"uv":[0,15,3,16],"texture":"#0"}}},{"from":[5.8265,6,-2.8276],"to":[10.8265,7,0.1724],"faces":{"down":{"uv":[0,15,3,16],"texture":"#0"},"up":{"uv":[0,15,3,16],"texture":"#0"},"north":{"uv":[0,15,3,16],"texture":"#0"},"south":{"uv":[0,15,3,16],"texture":"#0"},"west":{"uv":[0,15,3,16],"texture":"#0"},"east":{"uv":[0,15,3,16],"texture":"#0"}}},{"from":[1.2843,6,-1.5263],"to":[6.2843,7,1.4737],"rotation":{"origin":[2.78427,6.46,-1.0263],"axis":"y","angle":22.5},"faces":{"down":{"uv":[0,15,3,16],"texture":"#0"},"up":{"uv":[0,15,3,16],"texture":"#0"},"north":{"uv":[0,15,3,16],"texture":"#0"},"south":{"uv":[0,15,3,16],"texture":"#0"},"west":{"uv":[0,15,3,16],"texture":"#0"},"east":{"uv":[0,15,3,16],"texture":"#0"}}},{"from":[10.3687,6,-1.5263],"to":[15.3687,7,1.4737],"rotation":{"origin":[13.86874,6.46,-1.0263],"axis":"y","angle":-22.5},"faces":{"down":{"uv":[0,15,3,16],"texture":"#0"},"up":{"uv":[0,15,3,16],"texture":"#0"},"north":{"uv":[0,15,3,16],"texture":"#0"},"south":{"uv":[0,15,3,16],"texture":"#0"},"west":{"uv":[0,15,3,16],"texture":"#0"},"east":{"uv":[0,15,3,16],"texture":"#0"}}},{"from":[13.653,6,-1],"to":[16.653,7,4],"rotation":{"origin":[16.15301,6.5,0.5],"axis":"y","angle":45},"faces":{"down":{"uv":[0,15,3,16],"texture":"#0"},"up":{"uv":[0,15,3,16],"texture":"#0"},"north":{"uv":[0,15,3,16],"texture":"#0"},"south":{"uv":[0,15,3,16],"texture":"#0"},"west":{"uv":[0,15,3,16],"texture":"#0"},"east":{"uv":[0,15,3,16],"texture":"#0"}}},{"from":[16.5935,6.01,2.6985],"to":[19.5935,7.01,7.6985],"rotation":{"origin":[19.09352,6.5,4.19848],"axis":"y","angle":22.5},"faces":{"down":{"uv":[0,15,3,16],"texture":"#0"},"up":{"uv":[0,15,3,16],"texture":"#0"},"north":{"uv":[0,15,3,16],"texture":"#0"},"south":{"uv":[0,15,3,16],"texture":"#0"},"west":{"uv":[0,15,3,16],"texture":"#0"},"east":{"uv":[0,15,3,16],"texture":"#0"}}},{"from":[17.8948,6.02,7.2407],"to":[20.8948,7.02,12.2407],"faces":{"down":{"uv":[0,15,3,16],"texture":"#0"},"up":{"uv":[0,15,3,16],"texture":"#0"},"north":{"uv":[0,15,3,16],"texture":"#0"},"south":{"uv":[0,15,3,16],"texture":"#0"},"west":{"uv":[0,15,3,16],"texture":"#0"},"east":{"uv":[0,15,3,16],"texture":"#0"}}},{"from":[17.3589,6.03,11.9352],"to":[20.3589,7.03,16.9352],"rotation":{"origin":[19.85889,6.5,13.4352],"axis":"y","angle":-22.5},"faces":{"down":{"uv":[0,15,3,16],"texture":"#0"},"up":{"uv":[0,15,3,16],"texture":"#0"},"north":{"uv":[0,15,3,16],"texture":"#0"},"south":{"uv":[0,15,3,16],"texture":"#0"},"west":{"uv":[0,15,3,16],"texture":"#0"},"east":{"uv":[0,15,3,16],"texture":"#0"}}},{"from":[15.0672,6.04,16.0672],"to":[18.0672,7.04,21.0672],"rotation":{"origin":[17.56722,6.5,17.56722],"axis":"y","angle":-45},"faces":{"down":{"uv":[0,15,3,16],"texture":"#0"},"up":{"uv":[0,15,3,16],"texture":"#0"},"north":{"uv":[0,15,3,16],"texture":"#0"},"south":{"uv":[0,15,3,16],"texture":"#0"},"west":{"uv":[0,15,3,16],"texture":"#0"},"east":{"uv":[0,15,3,16],"texture":"#0"}}},{"from":[10.3687,6.04,18.0077],"to":[15.3687,7.04,21.0077],"rotation":{"origin":[13.86874,6.5,20.50773],"axis":"y","angle":22.5},"faces":{"down":{"uv":[0,15,3,16],"texture":"#0"},"up":{"uv":[0,15,3,16],"texture":"#0"},"north":{"uv":[0,15,3,16],"texture":"#0"},"south":{"uv":[0,15,3,16],"texture":"#0"},"west":{"uv":[0,15,3,16],"texture":"#0"},"east":{"uv":[0,15,3,16],"texture":"#0"}}},{"from":[1.6,7,0.8],"to":[4,8.8,4.8],"rotation":{"origin":[2,7.8,2],"axis":"y","angle":-45},"faces":{"down":{"uv":[0,15,3,16],"texture":"#0"},"up":{"uv":[0,15,3,16],"texture":"#0"},"north":{"uv":[0,15,3,16],"texture":"#0"},"south":{"uv":[0,15,3,16],"texture":"#0"},"west":{"uv":[0,15,3,16],"texture":"#0"},"east":{"uv":[0,15,3,16],"texture":"#0"}}},{"from":[-0.7524,7,3.7588],"to":[1.6476,8.8,7.7588],"rotation":{"origin":[-0.35241,7.8,4.95879],"axis":"y","angle":-22.5},"faces":{"down":{"uv":[0,15,3,16],"texture":"#0"},"up":{"uv":[0,15,3,16],"texture":"#0"},"north":{"uv":[0,15,3,16],"texture":"#0"},"south":{"uv":[0,15,3,16],"texture":"#0"},"west":{"uv":[0,15,3,16],"texture":"#0"},"east":{"uv":[0,15,3,16],"texture":"#0"}}},{"from":[-1.7935,7,7.3926],"to":[0.6065001,8.8,11.3926],"faces":{"down":{"uv":[0,15,3,16],"texture":"#0"},"up":{"uv":[0,15,3,16],"texture":"#0"},"north":{"uv":[0,15,3,16],"texture":"#0"},"south":{"uv":[0,15,3,16],"texture":"#0"},"west":{"uv":[0,15,3,16],"texture":"#0"},"east":{"uv":[0,15,3,16],"texture":"#0"}}},{"from":[-1.3647,7,11.1482],"to":[1.0353,8.8,15.1482],"rotation":{"origin":[-0.9647,7.8,12.34816],"axis":"y","angle":22.5},"faces":{"down":{"uv":[0,15,3,16],"texture":"#0"},"up":{"uv":[0,15,3,16],"texture":"#0"},"north":{"uv":[0,15,3,16],"texture":"#0"},"south":{"uv":[0,15,3,16],"texture":"#0"},"west":{"uv":[0,15,3,16],"texture":"#0"},"east":{"uv":[0,15,3,16],"texture":"#0"}}},{"from":[0.4686,7,14.4538],"to":[2.8686,8.8,18.4538],"rotation":{"origin":[0.86863,7.8,15.65378],"axis":"y","angle":45},"faces":{"down":{"uv":[0,15,3,16],"texture":"#0"},"up":{"uv":[0,15,3,16],"texture":"#0"},"north":{"uv":[0,15,3,16],"texture":"#0"},"south":{"uv":[0,15,3,16],"texture":"#0"},"west":{"uv":[0,15,3,16],"texture":"#0"},"east":{"uv":[0,15,3,16],"texture":"#0"}}},{"from":[2.6274,7,16.0062],"to":[6.6274,8.8,18.4062],"rotation":{"origin":[3.82741,7.8,18.00619],"axis":"y","angle":-22.5},"faces":{"down":{"uv":[0,15,3,16],"texture":"#0"},"up":{"uv":[0,15,3,16],"texture":"#0"},"north":{"uv":[0,15,3,16],"texture":"#0"},"south":{"uv":[0,15,3,16],"texture":"#0"},"west":{"uv":[0,15,3,16],"texture":"#0"},"east":{"uv":[0,15,3,16],"texture":"#0"}}},{"from":[6.2612,7,17.0472],"to":[10.2612,8.8,19.4472],"faces":{"down":{"uv":[0,15,3,16],"texture":"#0"},"up":{"uv":[0,15,3,16],"texture":"#0"},"north":{"uv":[0,15,3,16],"texture":"#0"},"south":{"uv":[0,15,3,16],"texture":"#0"},"west":{"uv":[0,15,3,16],"texture":"#0"},"east":{"uv":[0,15,3,16],"texture":"#0"}}},{"from":[6.2612,7,-0.6621],"to":[10.2612,8.8,1.7379],"faces":{"down":{"uv":[0,15,3,16],"texture":"#0"},"up":{"uv":[0,15,3,16],"texture":"#0"},"north":{"uv":[0,15,3,16],"texture":"#0"},"south":{"uv":[0,15,3,16],"texture":"#0"},"west":{"uv":[0,15,3,16],"texture":"#0"},"east":{"uv":[0,15,3,16],"texture":"#0"}}},{"from":[2.6274,7,0.379],"to":[6.6274,8.8,2.779],"rotation":{"origin":[3.82741,7.768,0.77896],"axis":"y","angle":22.5},"faces":{"down":{"uv":[0,15,3,16],"texture":"#0"},"up":{"uv":[0,15,3,16],"texture":"#0"},"north":{"uv":[0,15,3,16],"texture":"#0"},"south":{"uv":[0,15,3,16],"texture":"#0"},"west":{"uv":[0,15,3,16],"texture":"#0"},"east":{"uv":[0,15,3,16],"texture":"#0"}}},{"from":[9.895,7,0.379],"to":[13.895,8.8,2.779],"rotation":{"origin":[12.69499,7.768,0.77896],"axis":"y","angle":-22.5},"faces":{"down":{"uv":[0,15,3,16],"texture":"#0"},"up":{"uv":[0,15,3,16],"texture":"#0"},"north":{"uv":[0,15,3,16],"texture":"#0"},"south":{"uv":[0,15,3,16],"texture":"#0"},"west":{"uv":[0,15,3,16],"texture":"#0"},"east":{"uv":[0,15,3,16],"texture":"#0"}}},{"from":[12.5224,7,0.8],"to":[14.9224,8.8,4.8],"rotation":{"origin":[14.52241,7.8,2],"axis":"y","angle":45},"faces":{"down":{"uv":[0,15,3,16],"texture":"#0"},"up":{"uv":[0,15,3,16],"texture":"#0"},"north":{"uv":[0,15,3,16],"texture":"#0"},"south":{"uv":[0,15,3,16],"texture":"#0"},"west":{"uv":[0,15,3,16],"texture":"#0"},"east":{"uv":[0,15,3,16],"texture":"#0"}}},{"from":[14.8748,7,3.7588],"to":[17.2748,8.8,7.7588],"rotation":{"origin":[16.87482,7.8,4.95879],"axis":"y","angle":22.5},"faces":{"down":{"uv":[0,15,3,16],"texture":"#0"},"up":{"uv":[0,15,3,16],"texture":"#0"},"north":{"uv":[0,15,3,16],"texture":"#0"},"south":{"uv":[0,15,3,16],"texture":"#0"},"west":{"uv":[0,15,3,16],"texture":"#0"},"east":{"uv":[0,15,3,16],"texture":"#0"}}},{"from":[15.9159,7,7.3926],"to":[18.3159,8.8,11.3926],"faces":{"down":{"uv":[0,15,3,16],"texture":"#0"},"up":{"uv":[0,15,3,16],"texture":"#0"},"north":{"uv":[0,15,3,16],"texture":"#0"},"south":{"uv":[0,15,3,16],"texture":"#0"},"west":{"uv":[0,15,3,16],"texture":"#0"},"east":{"uv":[0,15,3,16],"texture":"#0"}}},{"from":[15.4871,7,11.1482],"to":[17.8871,8.8,15.1482],"rotation":{"origin":[17.48711,7.8,12.34816],"axis":"y","angle":-22.5},"faces":{"down":{"uv":[0,15,3,16],"texture":"#0"},"up":{"uv":[0,15,3,16],"texture":"#0"},"north":{"uv":[0,15,3,16],"texture":"#0"},"south":{"uv":[0,15,3,16],"texture":"#0"},"west":{"uv":[0,15,3,16],"texture":"#0"},"east":{"uv":[0,15,3,16],"texture":"#0"}}},{"from":[13.6538,7,14.4538],"to":[16.0538,8.8,18.4538],"rotation":{"origin":[15.65378,7.8,15.65378],"axis":"y","angle":-45},"faces":{"down":{"uv":[0,15,3,16],"texture":"#0"},"up":{"uv":[0,15,3,16],"texture":"#0"},"north":{"uv":[0,15,3,16],"texture":"#0"},"south":{"uv":[0,15,3,16],"texture":"#0"},"west":{"uv":[0,15,3,16],"texture":"#0"},"east":{"uv":[0,15,3,16],"texture":"#0"}}},{"from":[9.895,7,16.0062],"to":[13.895,8.8,18.4062],"rotation":{"origin":[12.69499,7.8,18.00619],"axis":"y","angle":22.5},"faces":{"down":{"uv":[0,15,3,16],"texture":"#0"},"up":{"uv":[0,15,3,16],"texture":"#0"},"north":{"uv":[0,15,3,16],"texture":"#0"},"south":{"uv":[0,15,3,16],"texture":"#0"},"west":{"uv":[0,15,3,16],"texture":"#0"},"east":{"uv":[0,15,3,16],"texture":"#0"}}},{"from":[2.88,8.8,2.24],"to":[4.8,10.24,5.44],"rotation":{"origin":[3.2,11.64,3.2],"axis":"y","angle":-45},"faces":{"down":{"uv":[0,15,3,16],"texture":"#0"},"up":{"uv":[0,15,3,16],"texture":"#0"},"north":{"uv":[0,15,3,16],"texture":"#0"},"south":{"uv":[0,15,3,16],"texture":"#0"},"west":{"uv":[0,15,3,16],"texture":"#0"},"east":{"uv":[0,15,3,16],"texture":"#0"}}},{"from":[0.9981,8.8,4.607],"to":[2.9181,10.24,7.807],"rotation":{"origin":[1.31807,11.64,5.56703],"axis":"y","angle":-22.5},"faces":{"down":{"uv":[0,15,3,16],"texture":"#0"},"up":{"uv":[0,15,3,16],"texture":"#0"},"north":{"uv":[0,15,3,16],"texture":"#0"},"south":{"uv":[0,15,3,16],"texture":"#0"},"west":{"uv":[0,15,3,16],"texture":"#0"},"east":{"uv":[0,15,3,16],"texture":"#0"}}},{"from":[0.1652,8.8,7.5141],"to":[2.0852,10.24,10.7141],"faces":{"down":{"uv":[0,15,3,16],"texture":"#0"},"up":{"uv":[0,15,3,16],"texture":"#0"},"north":{"uv":[0,15,3,16],"texture":"#0"},"south":{"uv":[0,15,3,16],"texture":"#0"},"west":{"uv":[0,15,3,16],"texture":"#0"},"east":{"uv":[0,15,3,16],"texture":"#0"}}},{"from":[0.5082,8.8,10.5185],"to":[2.4282,10.24,13.7185],"rotation":{"origin":[0.82824,11.64,11.47853],"axis":"y","angle":22.5},"faces":{"down":{"uv":[0,15,3,16],"texture":"#0"},"up":{"uv":[0,15,3,16],"texture":"#0"},"north":{"uv":[0,15,3,16],"texture":"#0"},"south":{"uv":[0,15,3,16],"texture":"#0"},"west":{"uv":[0,15,3,16],"texture":"#0"},"east":{"uv":[0,15,3,16],"texture":"#0"}}},{"from":[1.9749,8.8,13.163],"to":[3.8949,10.24,16.363],"rotation":{"origin":[2.2949,11.64,14.12302],"axis":"y","angle":45},"faces":{"down":{"uv":[0,15,3,16],"texture":"#0"},"up":{"uv":[0,15,3,16],"texture":"#0"},"north":{"uv":[0,15,3,16],"texture":"#0"},"south":{"uv":[0,15,3,16],"texture":"#0"},"west":{"uv":[0,15,3,16],"texture":"#0"},"east":{"uv":[0,15,3,16],"texture":"#0"}}},{"from":[3.7019,8.8,14.405],"to":[6.9019,10.24,16.325],"rotation":{"origin":[4.66193,11.64,16.00495],"axis":"y","angle":-22.5},"faces":{"down":{"uv":[0,15,3,16],"texture":"#0"},"up":{"uv":[0,15,3,16],"texture":"#0"},"north":{"uv":[0,15,3,16],"texture":"#0"},"south":{"uv":[0,15,3,16],"texture":"#0"},"west":{"uv":[0,15,3,16],"texture":"#0"},"east":{"uv":[0,15,3,16],"texture":"#0"}}},{"from":[6.609,8.8,15.2378],"to":[9.809,10.24,17.1578],"faces":{"down":{"uv":[0,15,3,16],"texture":"#0"},"up":{"uv":[0,15,3,16],"texture":"#0"},"north":{"uv":[0,15,3,16],"texture":"#0"},"south":{"uv":[0,15,3,16],"texture":"#0"},"west":{"uv":[0,15,3,16],"texture":"#0"},"east":{"uv":[0,15,3,16],"texture":"#0"}}},{"from":[6.609,8.8,1.0703],"to":[9.809,10.24,2.9903],"faces":{"down":{"uv":[0,15,3,16],"texture":"#0"},"up":{"uv":[0,15,3,16],"texture":"#0"},"north":{"uv":[0,15,3,16],"texture":"#0"},"south":{"uv":[0,15,3,16],"texture":"#0"},"west":{"uv":[0,15,3,16],"texture":"#0"},"east":{"uv":[0,15,3,16],"texture":"#0"}}},{"from":[3.7019,8.8,1.9032],"to":[6.9019,10.24,3.8232],"rotation":{"origin":[4.66193,11.6144,2.22317],"axis":"y","angle":22.5},"faces":{"down":{"uv":[0,15,3,16],"texture":"#0"},"up":{"uv":[0,15,3,16],"texture":"#0"},"north":{"uv":[0,15,3,16],"texture":"#0"},"south":{"uv":[0,15,3,16],"texture":"#0"},"west":{"uv":[0,15,3,16],"texture":"#0"},"east":{"uv":[0,15,3,16],"texture":"#0"}}},{"from":[9.516,8.8,1.9032],"to":[12.716,10.24,3.8232],"rotation":{"origin":[11.75599,11.6144,2.22317],"axis":"y","angle":-22.5},"faces":{"down":{"uv":[0,15,3,16],"texture":"#0"},"up":{"uv":[0,15,3,16],"texture":"#0"},"north":{"uv":[0,15,3,16],"texture":"#0"},"south":{"uv":[0,15,3,16],"texture":"#0"},"west":{"uv":[0,15,3,16],"texture":"#0"},"east":{"uv":[0,15,3,16],"texture":"#0"}}},{"from":[11.6179,8.8,2.24],"to":[13.5379,10.24,5.44],"rotation":{"origin":[13.21793,11.64,3.2],"axis":"y","angle":45},"faces":{"down":{"uv":[0,15,3,16],"texture":"#0"},"up":{"uv":[0,15,3,16],"texture":"#0"},"north":{"uv":[0,15,3,16],"texture":"#0"},"south":{"uv":[0,15,3,16],"texture":"#0"},"west":{"uv":[0,15,3,16],"texture":"#0"},"east":{"uv":[0,15,3,16],"texture":"#0"}}},{"from":[13.4998,8.8,4.607],"to":[15.4198,10.24,7.807],"rotation":{"origin":[15.09985,11.64,5.56703],"axis":"y","angle":22.5},"faces":{"down":{"uv":[0,15,3,16],"texture":"#0"},"up":{"uv":[0,15,3,16],"texture":"#0"},"north":{"uv":[0,15,3,16],"texture":"#0"},"south":{"uv":[0,15,3,16],"texture":"#0"},"west":{"uv":[0,15,3,16],"texture":"#0"},"east":{"uv":[0,15,3,16],"texture":"#0"}}},{"from":[14.3327,8.8,7.5141],"to":[16.2527,10.24,10.7141],"faces":{"down":{"uv":[0,15,3,16],"texture":"#0"},"up":{"uv":[0,15,3,16],"texture":"#0"},"north":{"uv":[0,15,3,16],"texture":"#0"},"south":{"uv":[0,15,3,16],"texture":"#0"},"west":{"uv":[0,15,3,16],"texture":"#0"},"east":{"uv":[0,15,3,16],"texture":"#0"}}},{"from":[13.9897,8.8,10.5185],"to":[15.9097,10.24,13.7185],"rotation":{"origin":[15.58969,11.64,11.47853],"axis":"y","angle":-22.5},"faces":{"down":{"uv":[0,15,3,16],"texture":"#0"},"up":{"uv":[0,15,3,16],"texture":"#0"},"north":{"uv":[0,15,3,16],"texture":"#0"},"south":{"uv":[0,15,3,16],"texture":"#0"},"west":{"uv":[0,15,3,16],"texture":"#0"},"east":{"uv":[0,15,3,16],"texture":"#0"}}},{"from":[12.523,8.8,13.163],"to":[14.443,10.24,16.363],"rotation":{"origin":[14.12302,11.64,14.12302],"axis":"y","angle":-45},"faces":{"down":{"uv":[0,15,3,16],"texture":"#0"},"up":{"uv":[0,15,3,16],"texture":"#0"},"north":{"uv":[0,15,3,16],"texture":"#0"},"south":{"uv":[0,15,3,16],"texture":"#0"},"west":{"uv":[0,15,3,16],"texture":"#0"},"east":{"uv":[0,15,3,16],"texture":"#0"}}},{"from":[9.516,8.8,14.405],"to":[12.716,10.24,16.325],"rotation":{"origin":[11.75599,11.64,16.00495],"axis":"y","angle":22.5},"faces":{"down":{"uv":[0,15,3,16],"texture":"#0"},"up":{"uv":[0,15,3,16],"texture":"#0"},"north":{"uv":[0,15,3,16],"texture":"#0"},"south":{"uv":[0,15,3,16],"texture":"#0"},"west":{"uv":[0,15,3,16],"texture":"#0"},"east":{"uv":[0,15,3,16],"texture":"#0"}}},{"from":[3.904,10.3,3.392],"to":[5.44,11.452,5.952],"rotation":{"origin":[4.16,12.712,4.16],"axis":"y","angle":-45},"faces":{"down":{"uv":[0,15,3,16],"texture":"#0"},"up":{"uv":[0,15,3,16],"texture":"#0"},"north":{"uv":[0,15,3,16],"texture":"#0"},"south":{"uv":[0,15,3,16],"texture":"#0"},"west":{"uv":[0,15,3,16],"texture":"#0"},"east":{"uv":[0,15,3,16],"texture":"#0"}}},{"from":[2.3985,10.3,5.2856],"to":[3.9345,11.452,7.8456],"rotation":{"origin":[2.65446,12.712,6.05362],"axis":"y","angle":-22.5},"faces":{"down":{"uv":[0,15,3,16],"texture":"#0"},"up":{"uv":[0,15,3,16],"texture":"#0"},"north":{"uv":[0,15,3,16],"texture":"#0"},"south":{"uv":[0,15,3,16],"texture":"#0"},"west":{"uv":[0,15,3,16],"texture":"#0"},"east":{"uv":[0,15,3,16],"texture":"#0"}}},{"from":[1.7322,10.3,7.6112],"to":[3.2682,11.452,10.1712],"faces":{"down":{"uv":[0,15,3,16],"texture":"#0"},"up":{"uv":[0,15,3,16],"texture":"#0"},"north":{"uv":[0,15,3,16],"texture":"#0"},"south":{"uv":[0,15,3,16],"texture":"#0"},"west":{"uv":[0,15,3,16],"texture":"#0"},"east":{"uv":[0,15,3,16],"texture":"#0"}}},{"from":[2.0066,10.3,10.0148],"to":[3.5426,11.452,12.5748],"rotation":{"origin":[2.26259,12.712,10.78282],"axis":"y","angle":22.5},"faces":{"down":{"uv":[0,15,3,16],"texture":"#0"},"up":{"uv":[0,15,3,16],"texture":"#0"},"north":{"uv":[0,15,3,16],"texture":"#0"},"south":{"uv":[0,15,3,16],"texture":"#0"},"west":{"uv":[0,15,3,16],"texture":"#0"},"east":{"uv":[0,15,3,16],"texture":"#0"}}},{"from":[3.1799,10.3,12.1304],"to":[4.7159,11.452,14.6904],"rotation":{"origin":[3.43592,12.712,12.89842],"axis":"y","angle":45},"faces":{"down":{"uv":[0,15,3,16],"texture":"#0"},"up":{"uv":[0,15,3,16],"texture":"#0"},"north":{"uv":[0,15,3,16],"texture":"#0"},"south":{"uv":[0,15,3,16],"texture":"#0"},"west":{"uv":[0,15,3,16],"texture":"#0"},"east":{"uv":[0,15,3,16],"texture":"#0"}}},{"from":[4.5616,10.3,13.124],"to":[7.1216,11.452,14.66],"rotation":{"origin":[5.32955,12.712,14.40396],"axis":"y","angle":-22.5},"faces":{"down":{"uv":[0,15,3,16],"texture":"#0"},"up":{"uv":[0,15,3,16],"texture":"#0"},"north":{"uv":[0,15,3,16],"texture":"#0"},"south":{"uv":[0,15,3,16],"texture":"#0"},"west":{"uv":[0,15,3,16],"texture":"#0"},"east":{"uv":[0,15,3,16],"texture":"#0"}}},{"from":[6.8872,10.3,13.7902],"to":[9.447201,11.452,15.3262],"faces":{"down":{"uv":[0,15,3,16],"texture":"#0"},"up":{"uv":[0,15,3,16],"texture":"#0"},"north":{"uv":[0,15,3,16],"texture":"#0"},"south":{"uv":[0,15,3,16],"texture":"#0"},"west":{"uv":[0,15,3,16],"texture":"#0"},"east":{"uv":[0,15,3,16],"texture":"#0"}}},{"from":[6.8872,10.3,2.4562],"to":[9.447201,11.452,3.9922],"faces":{"down":{"uv":[0,15,3,16],"texture":"#0"},"up":{"uv":[0,15,3,16],"texture":"#0"},"north":{"uv":[0,15,3,16],"texture":"#0"},"south":{"uv":[0,15,3,16],"texture":"#0"},"west":{"uv":[0,15,3,16],"texture":"#0"},"east":{"uv":[0,15,3,16],"texture":"#0"}}},{"from":[4.5616,10.3,3.1225],"to":[7.1216,11.452,4.6585],"rotation":{"origin":[5.32955,12.69152,3.37853],"axis":"y","angle":22.5},"faces":{"down":{"uv":[0,15,3,16],"texture":"#0"},"up":{"uv":[0,15,3,16],"texture":"#0"},"north":{"uv":[0,15,3,16],"texture":"#0"},"south":{"uv":[0,15,3,16],"texture":"#0"},"west":{"uv":[0,15,3,16],"texture":"#0"},"east":{"uv":[0,15,3,16],"texture":"#0"}}},{"from":[9.2128,10.3,3.1225],"to":[11.7728,11.452,4.6585],"rotation":{"origin":[11.0048,12.69152,3.37853],"axis":"y","angle":-22.5},"faces":{"down":{"uv":[0,15,3,16],"texture":"#0"},"up":{"uv":[0,15,3,16],"texture":"#0"},"north":{"uv":[0,15,3,16],"texture":"#0"},"south":{"uv":[0,15,3,16],"texture":"#0"},"west":{"uv":[0,15,3,16],"texture":"#0"},"east":{"uv":[0,15,3,16],"texture":"#0"}}},{"from":[10.8943,10.3,3.392],"to":[12.4303,11.452,5.952],"rotation":{"origin":[12.17434,12.712,4.16],"axis":"y","angle":45},"faces":{"down":{"uv":[0,15,3,16],"texture":"#0"},"up":{"uv":[0,15,3,16],"texture":"#0"},"north":{"uv":[0,15,3,16],"texture":"#0"},"south":{"uv":[0,15,3,16],"texture":"#0"},"west":{"uv":[0,15,3,16],"texture":"#0"},"east":{"uv":[0,15,3,16],"texture":"#0"}}},{"from":[12.3999,10.3,5.2856],"to":[13.9359,11.452,7.8456],"rotation":{"origin":[13.67988,12.712,6.05362],"axis":"y","angle":22.5},"faces":{"down":{"uv":[0,15,3,16],"texture":"#0"},"up":{"uv":[0,15,3,16],"texture":"#0"},"north":{"uv":[0,15,3,16],"texture":"#0"},"south":{"uv":[0,15,3,16],"texture":"#0"},"west":{"uv":[0,15,3,16],"texture":"#0"},"east":{"uv":[0,15,3,16],"texture":"#0"}}},{"from":[13.0662,10.3,7.6112],"to":[14.6022,11.452,10.1712],"faces":{"down":{"uv":[0,15,3,16],"texture":"#0"},"up":{"uv":[0,15,3,16],"texture":"#0"},"north":{"uv":[0,15,3,16],"texture":"#0"},"south":{"uv":[0,15,3,16],"texture":"#0"},"west":{"uv":[0,15,3,16],"texture":"#0"},"east":{"uv":[0,15,3,16],"texture":"#0"}}},{"from":[12.7918,10.3,10.0148],"to":[14.3278,11.452,12.5748],"rotation":{"origin":[14.07175,12.712,10.78282],"axis":"y","angle":-22.5},"faces":{"down":{"uv":[0,15,3,16],"texture":"#0"},"up":{"uv":[0,15,3,16],"texture":"#0"},"north":{"uv":[0,15,3,16],"texture":"#0"},"south":{"uv":[0,15,3,16],"texture":"#0"},"west":{"uv":[0,15,3,16],"texture":"#0"},"east":{"uv":[0,15,3,16],"texture":"#0"}}},{"from":[11.6184,10.3,12.1304],"to":[13.1544,11.452,14.6904],"rotation":{"origin":[12.89842,12.712,12.89842],"axis":"y","angle":-45},"faces":{"down":{"uv":[0,15,3,16],"texture":"#0"},"up":{"uv":[0,15,3,16],"texture":"#0"},"north":{"uv":[0,15,3,16],"texture":"#0"},"south":{"uv":[0,15,3,16],"texture":"#0"},"west":{"uv":[0,15,3,16],"texture":"#0"},"east":{"uv":[0,15,3,16],"texture":"#0"}}},{"from":[9.2128,10.3,13.124],"to":[11.7728,11.452,14.66],"rotation":{"origin":[11.0048,12.712,14.40396],"axis":"y","angle":22.5},"faces":{"down":{"uv":[0,15,3,16],"texture":"#0"},"up":{"uv":[0,15,3,16],"texture":"#0"},"north":{"uv":[0,15,3,16],"texture":"#0"},"south":{"uv":[0,15,3,16],"texture":"#0"},"west":{"uv":[0,15,3,16],"texture":"#0"},"east":{"uv":[0,15,3,16],"texture":"#0"}}},{"from":[4.7232,11.5,4.3136],"to":[5.952,12.4216,6.3616],"rotation":{"origin":[4.928,13.7696,4.928],"axis":"y","angle":-45},"faces":{"down":{"uv":[0,15,3,16],"texture":"#0"},"up":{"uv":[0,15,3,16],"texture":"#0"},"north":{"uv":[0,15,3,16],"texture":"#0"},"south":{"uv":[0,15,3,16],"texture":"#0"},"west":{"uv":[0,15,3,16],"texture":"#0"},"east":{"uv":[0,15,3,16],"texture":"#0"}}},{"from":[3.5188,11.5,5.8285],"to":[4.7476,12.4216,7.8765],"rotation":{"origin":[3.72357,13.7696,6.4429],"axis":"y","angle":-22.5},"faces":{"down":{"uv":[0,15,3,16],"texture":"#0"},"up":{"uv":[0,15,3,16],"texture":"#0"},"north":{"uv":[0,15,3,16],"texture":"#0"},"south":{"uv":[0,15,3,16],"texture":"#0"},"west":{"uv":[0,15,3,16],"texture":"#0"},"east":{"uv":[0,15,3,16],"texture":"#0"}}},{"from":[2.9857,11.5,7.689],"to":[4.2145,12.4216,9.737],"faces":{"down":{"uv":[0,15,3,16],"texture":"#0"},"up":{"uv":[0,15,3,16],"texture":"#0"},"north":{"uv":[0,15,3,16],"texture":"#0"},"south":{"uv":[0,15,3,16],"texture":"#0"},"west":{"uv":[0,15,3,16],"texture":"#0"},"east":{"uv":[0,15,3,16],"texture":"#0"}}},{"from":[3.2053,11.5,9.611899],"to":[4.4341,12.4216,11.6599],"rotation":{"origin":[3.41007,13.7696,10.22626],"axis":"y","angle":22.5},"faces":{"down":{"uv":[0,15,3,16],"texture":"#0"},"up":{"uv":[0,15,3,16],"texture":"#0"},"north":{"uv":[0,15,3,16],"texture":"#0"},"south":{"uv":[0,15,3,16],"texture":"#0"},"west":{"uv":[0,15,3,16],"texture":"#0"},"east":{"uv":[0,15,3,16],"texture":"#0"}}},{"from":[4.1439,11.5,11.3043],"to":[5.3727,12.4216,13.3523],"rotation":{"origin":[4.34874,13.7696,11.91873],"axis":"y","angle":45},"faces":{"down":{"uv":[0,15,3,16],"texture":"#0"},"up":{"uv":[0,15,3,16],"texture":"#0"},"north":{"uv":[0,15,3,16],"texture":"#0"},"south":{"uv":[0,15,3,16],"texture":"#0"},"west":{"uv":[0,15,3,16],"texture":"#0"},"east":{"uv":[0,15,3,16],"texture":"#0"}}},{"from":[5.2492,11.5,12.0992],"to":[7.2972,12.4216,13.328],"rotation":{"origin":[5.86364,13.7696,13.12317],"axis":"y","angle":-22.5},"faces":{"down":{"uv":[0,15,3,16],"texture":"#0"},"up":{"uv":[0,15,3,16],"texture":"#0"},"north":{"uv":[0,15,3,16],"texture":"#0"},"south":{"uv":[0,15,3,16],"texture":"#0"},"west":{"uv":[0,15,3,16],"texture":"#0"},"east":{"uv":[0,15,3,16],"texture":"#0"}}},{"from":[7.1097,11.5,12.6322],"to":[9.1577,12.4216,13.861],"faces":{"down":{"uv":[0,15,3,16],"texture":"#0"},"up":{"uv":[0,15,3,16],"texture":"#0"},"north":{"uv":[0,15,3,16],"texture":"#0"},"south":{"uv":[0,15,3,16],"texture":"#0"},"west":{"uv":[0,15,3,16],"texture":"#0"},"east":{"uv":[0,15,3,16],"texture":"#0"}}},{"from":[7.1097,11.5,3.565],"to":[9.1577,12.4216,4.793799],"faces":{"down":{"uv":[0,15,3,16],"texture":"#0"},"up":{"uv":[0,15,3,16],"texture":"#0"},"north":{"uv":[0,15,3,16],"texture":"#0"},"south":{"uv":[0,15,3,16],"texture":"#0"},"west":{"uv":[0,15,3,16],"texture":"#0"},"east":{"uv":[0,15,3,16],"texture":"#0"}}},{"from":[5.2492,11.5,4.098],"to":[7.2972,12.4216,5.3268],"rotation":{"origin":[5.86364,13.75322,4.30283],"axis":"y","angle":22.5},"faces":{"down":{"uv":[0,15,3,16],"texture":"#0"},"up":{"uv":[0,15,3,16],"texture":"#0"},"north":{"uv":[0,15,3,16],"texture":"#0"},"south":{"uv":[0,15,3,16],"texture":"#0"},"west":{"uv":[0,15,3,16],"texture":"#0"},"east":{"uv":[0,15,3,16],"texture":"#0"}}},{"from":[8.9702,11.5,4.098],"to":[11.0182,12.4216,5.3268],"rotation":{"origin":[10.40384,13.75322,4.30283],"axis":"y","angle":-22.5},"faces":{"down":{"uv":[0,15,3,16],"texture":"#0"},"up":{"uv":[0,15,3,16],"texture":"#0"},"north":{"uv":[0,15,3,16],"texture":"#0"},"south":{"uv":[0,15,3,16],"texture":"#0"},"west":{"uv":[0,15,3,16],"texture":"#0"},"east":{"uv":[0,15,3,16],"texture":"#0"}}},{"from":[10.3155,11.5,4.3136],"to":[11.5443,12.4216,6.3616],"rotation":{"origin":[11.33947,13.7696,4.928],"axis":"y","angle":45},"faces":{"down":{"uv":[0,15,3,16],"texture":"#0"},"up":{"uv":[0,15,3,16],"texture":"#0"},"north":{"uv":[0,15,3,16],"texture":"#0"},"south":{"uv":[0,15,3,16],"texture":"#0"},"west":{"uv":[0,15,3,16],"texture":"#0"},"east":{"uv":[0,15,3,16],"texture":"#0"}}},{"from":[11.5199,11.5,5.8285],"to":[12.7487,12.4216,7.8765],"rotation":{"origin":[12.54391,13.7696,6.4429],"axis":"y","angle":22.5},"faces":{"down":{"uv":[0,15,3,16],"texture":"#0"},"up":{"uv":[0,15,3,16],"texture":"#0"},"north":{"uv":[0,15,3,16],"texture":"#0"},"south":{"uv":[0,15,3,16],"texture":"#0"},"west":{"uv":[0,15,3,16],"texture":"#0"},"east":{"uv":[0,15,3,16],"texture":"#0"}}},{"from":[12.0529,11.5,7.689],"to":[13.2817,12.4216,9.737],"faces":{"down":{"uv":[0,15,3,16],"texture":"#0"},"up":{"uv":[0,15,3,16],"texture":"#0"},"north":{"uv":[0,15,3,16],"texture":"#0"},"south":{"uv":[0,15,3,16],"texture":"#0"},"west":{"uv":[0,15,3,16],"texture":"#0"},"east":{"uv":[0,15,3,16],"texture":"#0"}}},{"from":[11.8334,11.5,9.611899],"to":[13.0622,12.4216,11.6599],"rotation":{"origin":[12.8574,13.7696,10.22626],"axis":"y","angle":-22.5},"faces":{"down":{"uv":[0,15,3,16],"texture":"#0"},"up":{"uv":[0,15,3,16],"texture":"#0"},"north":{"uv":[0,15,3,16],"texture":"#0"},"south":{"uv":[0,15,3,16],"texture":"#0"},"west":{"uv":[0,15,3,16],"texture":"#0"},"east":{"uv":[0,15,3,16],"texture":"#0"}}},{"from":[10.8947,11.5,11.3043],"to":[12.1235,12.4216,13.3523],"rotation":{"origin":[11.91873,13.7696,11.91873],"axis":"y","angle":-45},"faces":{"down":{"uv":[0,15,3,16],"texture":"#0"},"up":{"uv":[0,15,3,16],"texture":"#0"},"north":{"uv":[0,15,3,16],"texture":"#0"},"south":{"uv":[0,15,3,16],"texture":"#0"},"west":{"uv":[0,15,3,16],"texture":"#0"},"east":{"uv":[0,15,3,16],"texture":"#0"}}},{"from":[8.9702,11.5,12.0992],"to":[11.0182,12.4216,13.328],"rotation":{"origin":[10.40384,13.7696,13.12317],"axis":"y","angle":22.5},"faces":{"down":{"uv":[0,15,3,16],"texture":"#0"},"up":{"uv":[0,15,3,16],"texture":"#0"},"north":{"uv":[0,15,3,16],"texture":"#0"},"south":{"uv":[0,15,3,16],"texture":"#0"},"west":{"uv":[0,15,3,16],"texture":"#0"},"east":{"uv":[0,15,3,16],"texture":"#0"}}},{"from":[5.3786,11.5,5.0509],"to":[6.361639,13.23728,6.6893],"rotation":{"origin":[5.5424,13.81568,5.5424],"axis":"y","angle":-45},"faces":{"down":{"uv":[0,15,3,16],"texture":"#0"},"up":{"uv":[0,15,3,16],"texture":"#0"},"north":{"uv":[0,15,3,16],"texture":"#0"},"south":{"uv":[0,15,3,16],"texture":"#0"},"west":{"uv":[0,15,3,16],"texture":"#0"},"east":{"uv":[0,15,3,16],"texture":"#0"}}},{"from":[4.415,11.5,6.2628],"to":[5.39804,13.23728,7.901199],"rotation":{"origin":[4.57885,13.81568,6.75432],"axis":"y","angle":-22.5},"faces":{"down":{"uv":[0,15,3,16],"texture":"#0"},"up":{"uv":[0,15,3,16],"texture":"#0"},"north":{"uv":[0,15,3,16],"texture":"#0"},"south":{"uv":[0,15,3,16],"texture":"#0"},"west":{"uv":[0,15,3,16],"texture":"#0"},"east":{"uv":[0,15,3,16],"texture":"#0"}}},{"from":[3.9886,11.5,7.7512],"to":[4.97164,13.23728,9.389599],"faces":{"down":{"uv":[0,15,3,16],"texture":"#0"},"up":{"uv":[0,15,3,16],"texture":"#0"},"north":{"uv":[0,15,3,16],"texture":"#0"},"south":{"uv":[0,15,3,16],"texture":"#0"},"west":{"uv":[0,15,3,16],"texture":"#0"},"east":{"uv":[0,15,3,16],"texture":"#0"}}},{"from":[4.1642,11.5,9.2895],"to":[5.14724,13.23728,10.9279],"rotation":{"origin":[4.32806,13.81568,9.781],"axis":"y","angle":22.5},"faces":{"down":{"uv":[0,15,3,16],"texture":"#0"},"up":{"uv":[0,15,3,16],"texture":"#0"},"north":{"uv":[0,15,3,16],"texture":"#0"},"south":{"uv":[0,15,3,16],"texture":"#0"},"west":{"uv":[0,15,3,16],"texture":"#0"},"east":{"uv":[0,15,3,16],"texture":"#0"}}},{"from":[4.9152,11.5,10.6435],"to":[5.89824,13.23728,12.2819],"rotation":{"origin":[5.07899,13.81568,11.13499],"axis":"y","angle":45},"faces":{"down":{"uv":[0,15,3,16],"texture":"#0"},"up":{"uv":[0,15,3,16],"texture":"#0"},"north":{"uv":[0,15,3,16],"texture":"#0"},"south":{"uv":[0,15,3,16],"texture":"#0"},"west":{"uv":[0,15,3,16],"texture":"#0"},"east":{"uv":[0,15,3,16],"texture":"#0"}}},{"from":[5.7994,11.5,11.2793],"to":[7.4378,13.23728,12.26234],"rotation":{"origin":[6.29091,13.81568,12.09853],"axis":"y","angle":-22.5},"faces":{"down":{"uv":[0,15,3,16],"texture":"#0"},"up":{"uv":[0,15,3,16],"texture":"#0"},"north":{"uv":[0,15,3,16],"texture":"#0"},"south":{"uv":[0,15,3,16],"texture":"#0"},"west":{"uv":[0,15,3,16],"texture":"#0"},"east":{"uv":[0,15,3,16],"texture":"#0"}}},{"from":[7.2878,11.5,11.7058],"to":[8.926201,13.23728,12.68884],"faces":{"down":{"uv":[0,15,3,16],"texture":"#0"},"up":{"uv":[0,15,3,16],"texture":"#0"},"north":{"uv":[0,15,3,16],"texture":"#0"},"south":{"uv":[0,15,3,16],"texture":"#0"},"west":{"uv":[0,15,3,16],"texture":"#0"},"east":{"uv":[0,15,3,16],"texture":"#0"}}},{"from":[7.2878,11.5,4.452],"to":[8.926201,13.23728,5.43504],"faces":{"down":{"uv":[0,15,3,16],"texture":"#0"},"up":{"uv":[0,15,3,16],"texture":"#0"},"north":{"uv":[0,15,3,16],"texture":"#0"},"south":{"uv":[0,15,3,16],"texture":"#0"},"west":{"uv":[0,15,3,16],"texture":"#0"},"east":{"uv":[0,15,3,16],"texture":"#0"}}},{"from":[5.7994,11.5,4.8784],"to":[7.4378,13.23728,5.86144],"rotation":{"origin":[6.29091,13.80257,5.04226],"axis":"y","angle":22.5},"faces":{"down":{"uv":[0,15,3,16],"texture":"#0"},"up":{"uv":[0,15,3,16],"texture":"#0"},"north":{"uv":[0,15,3,16],"texture":"#0"},"south":{"uv":[0,15,3,16],"texture":"#0"},"west":{"uv":[0,15,3,16],"texture":"#0"},"east":{"uv":[0,15,3,16],"texture":"#0"}}},{"from":[8.776199,11.5,4.8784],"to":[10.4146,13.23728,5.86144],"rotation":{"origin":[9.92307,13.80257,5.04226],"axis":"y","angle":-22.5},"faces":{"down":{"uv":[0,15,3,16],"texture":"#0"},"up":{"uv":[0,15,3,16],"texture":"#0"},"north":{"uv":[0,15,3,16],"texture":"#0"},"south":{"uv":[0,15,3,16],"texture":"#0"},"west":{"uv":[0,15,3,16],"texture":"#0"},"east":{"uv":[0,15,3,16],"texture":"#0"}}},{"from":[9.8524,11.5,5.0509],"to":[10.83544,13.23728,6.6893],"rotation":{"origin":[10.67158,13.81568,5.5424],"axis":"y","angle":45},"faces":{"down":{"uv":[0,15,3,16],"texture":"#0"},"up":{"uv":[0,15,3,16],"texture":"#0"},"north":{"uv":[0,15,3,16],"texture":"#0"},"south":{"uv":[0,15,3,16],"texture":"#0"},"west":{"uv":[0,15,3,16],"texture":"#0"},"east":{"uv":[0,15,3,16],"texture":"#0"}}},{"from":[10.8159,11.5,6.2628],"to":[11.79894,13.23728,7.901199],"rotation":{"origin":[11.63513,13.81568,6.75432],"axis":"y","angle":22.5},"faces":{"down":{"uv":[0,15,3,16],"texture":"#0"},"up":{"uv":[0,15,3,16],"texture":"#0"},"north":{"uv":[0,15,3,16],"texture":"#0"},"south":{"uv":[0,15,3,16],"texture":"#0"},"west":{"uv":[0,15,3,16],"texture":"#0"},"east":{"uv":[0,15,3,16],"texture":"#0"}}},{"from":[11.2424,11.5,7.7512],"to":[12.22544,13.23728,9.389599],"faces":{"down":{"uv":[0,15,3,16],"texture":"#0"},"up":{"uv":[0,15,3,16],"texture":"#0"},"north":{"uv":[0,15,3,16],"texture":"#0"},"south":{"uv":[0,15,3,16],"texture":"#0"},"west":{"uv":[0,15,3,16],"texture":"#0"},"east":{"uv":[0,15,3,16],"texture":"#0"}}},{"from":[11.0667,11.5,9.2895],"to":[12.04974,13.23728,10.9279],"rotation":{"origin":[11.88592,13.81568,9.781],"axis":"y","angle":-22.5},"faces":{"down":{"uv":[0,15,3,16],"texture":"#0"},"up":{"uv":[0,15,3,16],"texture":"#0"},"north":{"uv":[0,15,3,16],"texture":"#0"},"south":{"uv":[0,15,3,16],"texture":"#0"},"west":{"uv":[0,15,3,16],"texture":"#0"},"east":{"uv":[0,15,3,16],"texture":"#0"}}},{"from":[10.3158,11.5,10.6435],"to":[11.29884,13.23728,12.2819],"rotation":{"origin":[11.13499,13.81568,11.13499],"axis":"y","angle":-45},"faces":{"down":{"uv":[0,15,3,16],"texture":"#0"},"up":{"uv":[0,15,3,16],"texture":"#0"},"north":{"uv":[0,15,3,16],"texture":"#0"},"south":{"uv":[0,15,3,16],"texture":"#0"},"west":{"uv":[0,15,3,16],"texture":"#0"},"east":{"uv":[0,15,3,16],"texture":"#0"}}},{"from":[8.776199,11.5,11.2793],"to":[10.4146,13.23728,12.26234],"rotation":{"origin":[9.92307,13.81568,12.09853],"axis":"y","angle":22.5},"faces":{"down":{"uv":[0,15,3,16],"texture":"#0"},"up":{"uv":[0,15,3,16],"texture":"#0"},"north":{"uv":[0,15,3,16],"texture":"#0"},"south":{"uv":[0,15,3,16],"texture":"#0"},"west":{"uv":[0,15,3,16],"texture":"#0"},"east":{"uv":[0,15,3,16],"texture":"#0"}}},{"from":[5.9028,12.3,5.6407],"to":[6.68923,13.88982,6.95142],"rotation":{"origin":[6.03392,12.85254,6.03392],"axis":"y","angle":-45},"faces":{"down":{"uv":[0,15,3,16],"texture":"#0"},"up":{"uv":[0,15,3,16],"texture":"#0"},"north":{"uv":[0,15,3,16],"texture":"#0"},"south":{"uv":[0,15,3,16],"texture":"#0"},"west":{"uv":[0,15,3,16],"texture":"#0"},"east":{"uv":[0,15,3,16],"texture":"#0"}}},{"from":[5.132,12.3,6.6102],"to":[5.91843,13.88982,7.92092],"rotation":{"origin":[5.26308,12.85254,7.00345],"axis":"y","angle":-22.5},"faces":{"down":{"uv":[0,15,3,16],"texture":"#0"},"up":{"uv":[0,15,3,16],"texture":"#0"},"north":{"uv":[0,15,3,16],"texture":"#0"},"south":{"uv":[0,15,3,16],"texture":"#0"},"west":{"uv":[0,15,3,16],"texture":"#0"},"east":{"uv":[0,15,3,16],"texture":"#0"}}},{"from":[4.7909,12.3,7.801],"to":[5.57734,13.88982,9.111719],"faces":{"down":{"uv":[0,15,3,16],"texture":"#0"},"up":{"uv":[0,15,3,16],"texture":"#0"},"north":{"uv":[0,15,3,16],"texture":"#0"},"south":{"uv":[0,15,3,16],"texture":"#0"},"west":{"uv":[0,15,3,16],"texture":"#0"},"east":{"uv":[0,15,3,16],"texture":"#0"}}},{"from":[4.9314,12.3,9.0316],"to":[5.71784,13.88982,10.34232],"rotation":{"origin":[5.06245,12.85254,9.4248],"axis":"y","angle":22.5},"faces":{"down":{"uv":[0,15,3,16],"texture":"#0"},"up":{"uv":[0,15,3,16],"texture":"#0"},"north":{"uv":[0,15,3,16],"texture":"#0"},"south":{"uv":[0,15,3,16],"texture":"#0"},"west":{"uv":[0,15,3,16],"texture":"#0"},"east":{"uv":[0,15,3,16],"texture":"#0"}}},{"from":[5.5321,12.3,10.1148],"to":[6.31853,13.88982,11.42552],"rotation":{"origin":[5.66319,12.85254,10.50799],"axis":"y","angle":45},"faces":{"down":{"uv":[0,15,3,16],"texture":"#0"},"up":{"uv":[0,15,3,16],"texture":"#0"},"north":{"uv":[0,15,3,16],"texture":"#0"},"south":{"uv":[0,15,3,16],"texture":"#0"},"west":{"uv":[0,15,3,16],"texture":"#0"},"east":{"uv":[0,15,3,16],"texture":"#0"}}},{"from":[6.2395,12.3,10.6235],"to":[7.55022,13.88982,11.40993],"rotation":{"origin":[6.63273,12.85254,11.27883],"axis":"y","angle":-22.5},"faces":{"down":{"uv":[0,15,3,16],"texture":"#0"},"up":{"uv":[0,15,3,16],"texture":"#0"},"north":{"uv":[0,15,3,16],"texture":"#0"},"south":{"uv":[0,15,3,16],"texture":"#0"},"west":{"uv":[0,15,3,16],"texture":"#0"},"east":{"uv":[0,15,3,16],"texture":"#0"}}},{"from":[7.4302,12.3,10.9646],"to":[8.740919,13.88982,11.75104],"faces":{"down":{"uv":[0,15,3,16],"texture":"#0"},"up":{"uv":[0,15,3,16],"texture":"#0"},"north":{"uv":[0,15,3,16],"texture":"#0"},"south":{"uv":[0,15,3,16],"texture":"#0"},"west":{"uv":[0,15,3,16],"texture":"#0"},"east":{"uv":[0,15,3,16],"texture":"#0"}}},{"from":[7.4302,12.3,5.1616],"to":[8.740919,13.88982,5.94803],"faces":{"down":{"uv":[0,15,3,16],"texture":"#0"},"up":{"uv":[0,15,3,16],"texture":"#0"},"north":{"uv":[0,15,3,16],"texture":"#0"},"south":{"uv":[0,15,3,16],"texture":"#0"},"west":{"uv":[0,15,3,16],"texture":"#0"},"east":{"uv":[0,15,3,16],"texture":"#0"}}},{"from":[6.2395,12.3,5.5027],"to":[7.55022,13.88982,6.28913],"rotation":{"origin":[6.63273,12.84206,5.63381],"axis":"y","angle":22.5},"faces":{"down":{"uv":[0,15,3,16],"texture":"#0"},"up":{"uv":[0,15,3,16],"texture":"#0"},"north":{"uv":[0,15,3,16],"texture":"#0"},"south":{"uv":[0,15,3,16],"texture":"#0"},"west":{"uv":[0,15,3,16],"texture":"#0"},"east":{"uv":[0,15,3,16],"texture":"#0"}}},{"from":[8.620999,12.3,5.5027],"to":[9.93172,13.88982,6.28913],"rotation":{"origin":[9.53846,12.84206,5.63381],"axis":"y","angle":-22.5},"faces":{"down":{"uv":[0,15,3,16],"texture":"#0"},"up":{"uv":[0,15,3,16],"texture":"#0"},"north":{"uv":[0,15,3,16],"texture":"#0"},"south":{"uv":[0,15,3,16],"texture":"#0"},"west":{"uv":[0,15,3,16],"texture":"#0"},"east":{"uv":[0,15,3,16],"texture":"#0"}}},{"from":[9.4819,12.3,5.6407],"to":[10.26833,13.88982,6.95142],"rotation":{"origin":[10.13726,12.85254,6.03392],"axis":"y","angle":45},"faces":{"down":{"uv":[0,15,3,16],"texture":"#0"},"up":{"uv":[0,15,3,16],"texture":"#0"},"north":{"uv":[0,15,3,16],"texture":"#0"},"south":{"uv":[0,15,3,16],"texture":"#0"},"west":{"uv":[0,15,3,16],"texture":"#0"},"east":{"uv":[0,15,3,16],"texture":"#0"}}},{"from":[10.2527,12.3,6.6102],"to":[11.03913,13.88982,7.92092],"rotation":{"origin":[10.9081,12.85254,7.00345],"axis":"y","angle":22.5},"faces":{"down":{"uv":[0,15,3,16],"texture":"#0"},"up":{"uv":[0,15,3,16],"texture":"#0"},"north":{"uv":[0,15,3,16],"texture":"#0"},"south":{"uv":[0,15,3,16],"texture":"#0"},"west":{"uv":[0,15,3,16],"texture":"#0"},"east":{"uv":[0,15,3,16],"texture":"#0"}}},{"from":[10.5939,12.3,7.801],"to":[11.38033,13.88982,9.111719],"faces":{"down":{"uv":[0,15,3,16],"texture":"#0"},"up":{"uv":[0,15,3,16],"texture":"#0"},"north":{"uv":[0,15,3,16],"texture":"#0"},"south":{"uv":[0,15,3,16],"texture":"#0"},"west":{"uv":[0,15,3,16],"texture":"#0"},"east":{"uv":[0,15,3,16],"texture":"#0"}}},{"from":[10.4534,12.3,9.0316],"to":[11.23983,13.88982,10.34232],"rotation":{"origin":[11.10874,12.85254,9.4248],"axis":"y","angle":-22.5},"faces":{"down":{"uv":[0,15,3,16],"texture":"#0"},"up":{"uv":[0,15,3,16],"texture":"#0"},"north":{"uv":[0,15,3,16],"texture":"#0"},"south":{"uv":[0,15,3,16],"texture":"#0"},"west":{"uv":[0,15,3,16],"texture":"#0"},"east":{"uv":[0,15,3,16],"texture":"#0"}}},{"from":[9.8526,12.3,10.1148],"to":[10.63903,13.88982,11.42552],"rotation":{"origin":[10.50799,12.85254,10.50799],"axis":"y","angle":-45},"faces":{"down":{"uv":[0,15,3,16],"texture":"#0"},"up":{"uv":[0,15,3,16],"texture":"#0"},"north":{"uv":[0,15,3,16],"texture":"#0"},"south":{"uv":[0,15,3,16],"texture":"#0"},"west":{"uv":[0,15,3,16],"texture":"#0"},"east":{"uv":[0,15,3,16],"texture":"#0"}}},{"from":[8.620999,12.3,10.6235],"to":[9.93172,13.88982,11.40993],"rotation":{"origin":[9.53846,12.85254,11.27883],"axis":"y","angle":22.5},"faces":{"down":{"uv":[0,15,3,16],"texture":"#0"},"up":{"uv":[0,15,3,16],"texture":"#0"},"north":{"uv":[0,15,3,16],"texture":"#0"},"south":{"uv":[0,15,3,16],"texture":"#0"},"west":{"uv":[0,15,3,16],"texture":"#0"},"east":{"uv":[0,15,3,16],"texture":"#0"}}},{"from":[6.3223,13.2,6.1126],"to":[6.95144,14.67186,7.16118],"rotation":{"origin":[6.42714,12.88204,6.42714],"axis":"y","angle":-45},"faces":{"down":{"uv":[0,15,3,16],"texture":"#0"},"up":{"uv":[0,15,3,16],"texture":"#0"},"north":{"uv":[0,15,3,16],"texture":"#0"},"south":{"uv":[0,15,3,16],"texture":"#0"},"west":{"uv":[0,15,3,16],"texture":"#0"},"east":{"uv":[0,15,3,16],"texture":"#0"}}},{"from":[5.7056,13.2,6.8882],"to":[6.33474,14.67186,7.93678],"rotation":{"origin":[5.81047,12.88204,7.20276],"axis":"y","angle":-22.5},"faces":{"down":{"uv":[0,15,3,16],"texture":"#0"},"up":{"uv":[0,15,3,16],"texture":"#0"},"north":{"uv":[0,15,3,16],"texture":"#0"},"south":{"uv":[0,15,3,16],"texture":"#0"},"west":{"uv":[0,15,3,16],"texture":"#0"},"east":{"uv":[0,15,3,16],"texture":"#0"}}},{"from":[5.4327,13.2,7.8408],"to":[6.06184,14.67186,8.88937],"faces":{"down":{"uv":[0,15,3,16],"texture":"#0"},"up":{"uv":[0,15,3,16],"texture":"#0"},"north":{"uv":[0,15,3,16],"texture":"#0"},"south":{"uv":[0,15,3,16],"texture":"#0"},"west":{"uv":[0,15,3,16],"texture":"#0"},"east":{"uv":[0,15,3,16],"texture":"#0"}}},{"from":[5.5451,13.2,8.8253],"to":[6.17424,14.67186,9.87388],"rotation":{"origin":[5.64996,12.88204,9.13984],"axis":"y","angle":22.5},"faces":{"down":{"uv":[0,15,3,16],"texture":"#0"},"up":{"uv":[0,15,3,16],"texture":"#0"},"north":{"uv":[0,15,3,16],"texture":"#0"},"south":{"uv":[0,15,3,16],"texture":"#0"},"west":{"uv":[0,15,3,16],"texture":"#0"},"east":{"uv":[0,15,3,16],"texture":"#0"}}},{"from":[6.0257,13.2,9.6918],"to":[6.65484,14.67186,10.74038],"rotation":{"origin":[6.13055,12.88204,10.00639],"axis":"y","angle":45},"faces":{"down":{"uv":[0,15,3,16],"texture":"#0"},"up":{"uv":[0,15,3,16],"texture":"#0"},"north":{"uv":[0,15,3,16],"texture":"#0"},"south":{"uv":[0,15,3,16],"texture":"#0"},"west":{"uv":[0,15,3,16],"texture":"#0"},"east":{"uv":[0,15,3,16],"texture":"#0"}}},{"from":[6.5916,13.2,10.0988],"to":[7.64017,14.67186,10.72795],"rotation":{"origin":[6.90618,12.88204,10.62306],"axis":"y","angle":-22.5},"faces":{"down":{"uv":[0,15,3,16],"texture":"#0"},"up":{"uv":[0,15,3,16],"texture":"#0"},"north":{"uv":[0,15,3,16],"texture":"#0"},"south":{"uv":[0,15,3,16],"texture":"#0"},"west":{"uv":[0,15,3,16],"texture":"#0"},"east":{"uv":[0,15,3,16],"texture":"#0"}}},{"from":[7.5442,13.2,10.3717],"to":[8.59278,14.67186,11.00085],"faces":{"down":{"uv":[0,15,3,16],"texture":"#0"},"up":{"uv":[0,15,3,16],"texture":"#0"},"north":{"uv":[0,15,3,16],"texture":"#0"},"south":{"uv":[0,15,3,16],"texture":"#0"},"west":{"uv":[0,15,3,16],"texture":"#0"},"east":{"uv":[0,15,3,16],"texture":"#0"}}},{"from":[7.5442,13.2,5.7293],"to":[8.59278,14.67186,6.35845],"faces":{"down":{"uv":[0,15,3,16],"texture":"#0"},"up":{"uv":[0,15,3,16],"texture":"#0"},"north":{"uv":[0,15,3,16],"texture":"#0"},"south":{"uv":[0,15,3,16],"texture":"#0"},"west":{"uv":[0,15,3,16],"texture":"#0"},"east":{"uv":[0,15,3,16],"texture":"#0"}}},{"from":[6.5916,13.2,6.0022],"to":[7.64017,14.67186,6.63135],"rotation":{"origin":[6.90618,12.87365,6.10705],"axis":"y","angle":22.5},"faces":{"down":{"uv":[0,15,3,16],"texture":"#0"},"up":{"uv":[0,15,3,16],"texture":"#0"},"north":{"uv":[0,15,3,16],"texture":"#0"},"south":{"uv":[0,15,3,16],"texture":"#0"},"west":{"uv":[0,15,3,16],"texture":"#0"},"east":{"uv":[0,15,3,16],"texture":"#0"}}},{"from":[8.496799,13.2,6.0022],"to":[9.545379,14.67186,6.63135],"rotation":{"origin":[9.23076,12.87365,6.10705],"axis":"y","angle":-22.5},"faces":{"down":{"uv":[0,15,3,16],"texture":"#0"},"up":{"uv":[0,15,3,16],"texture":"#0"},"north":{"uv":[0,15,3,16],"texture":"#0"},"south":{"uv":[0,15,3,16],"texture":"#0"},"west":{"uv":[0,15,3,16],"texture":"#0"},"east":{"uv":[0,15,3,16],"texture":"#0"}}},{"from":[9.1855,13.2,6.1126],"to":[9.81465,14.67186,7.16118],"rotation":{"origin":[9.70981,12.88204,6.42714],"axis":"y","angle":45},"faces":{"down":{"uv":[0,15,3,16],"texture":"#0"},"up":{"uv":[0,15,3,16],"texture":"#0"},"north":{"uv":[0,15,3,16],"texture":"#0"},"south":{"uv":[0,15,3,16],"texture":"#0"},"west":{"uv":[0,15,3,16],"texture":"#0"},"east":{"uv":[0,15,3,16],"texture":"#0"}}},{"from":[9.802199,13.2,6.8882],"to":[10.43135,14.67186,7.93678],"rotation":{"origin":[10.32648,12.88204,7.20276],"axis":"y","angle":22.5},"faces":{"down":{"uv":[0,15,3,16],"texture":"#0"},"up":{"uv":[0,15,3,16],"texture":"#0"},"north":{"uv":[0,15,3,16],"texture":"#0"},"south":{"uv":[0,15,3,16],"texture":"#0"},"west":{"uv":[0,15,3,16],"texture":"#0"},"east":{"uv":[0,15,3,16],"texture":"#0"}}},{"from":[10.0751,13.2,7.8408],"to":[10.70425,14.67186,8.88937],"faces":{"down":{"uv":[0,15,3,16],"texture":"#0"},"up":{"uv":[0,15,3,16],"texture":"#0"},"north":{"uv":[0,15,3,16],"texture":"#0"},"south":{"uv":[0,15,3,16],"texture":"#0"},"west":{"uv":[0,15,3,16],"texture":"#0"},"east":{"uv":[0,15,3,16],"texture":"#0"}}},{"from":[9.9627,13.2,8.8253],"to":[10.59185,14.67186,9.87388],"rotation":{"origin":[10.48699,12.88204,9.13984],"axis":"y","angle":-22.5},"faces":{"down":{"uv":[0,15,3,16],"texture":"#0"},"up":{"uv":[0,15,3,16],"texture":"#0"},"north":{"uv":[0,15,3,16],"texture":"#0"},"south":{"uv":[0,15,3,16],"texture":"#0"},"west":{"uv":[0,15,3,16],"texture":"#0"},"east":{"uv":[0,15,3,16],"texture":"#0"}}},{"from":[9.4821,13.2,9.6918],"to":[10.11125,14.67186,10.74038],"rotation":{"origin":[10.00639,12.88204,10.00639],"axis":"y","angle":-45},"faces":{"down":{"uv":[0,15,3,16],"texture":"#0"},"up":{"uv":[0,15,3,16],"texture":"#0"},"north":{"uv":[0,15,3,16],"texture":"#0"},"south":{"uv":[0,15,3,16],"texture":"#0"},"west":{"uv":[0,15,3,16],"texture":"#0"},"east":{"uv":[0,15,3,16],"texture":"#0"}}},{"from":[8.496799,13.2,10.0988],"to":[9.545379,14.67186,10.72795],"rotation":{"origin":[9.23076,12.88204,10.62306],"axis":"y","angle":22.5},"faces":{"down":{"uv":[0,15,3,16],"texture":"#0"},"up":{"uv":[0,15,3,16],"texture":"#0"},"north":{"uv":[0,15,3,16],"texture":"#0"},"south":{"uv":[0,15,3,16],"texture":"#0"},"west":{"uv":[0,15,3,16],"texture":"#0"},"east":{"uv":[0,15,3,16],"texture":"#0"}}},{"from":[6.6578,14.16,6.49],"to":[7.161119,15.33749,7.32886],"rotation":{"origin":[6.74171,13.90563,6.74171],"axis":"y","angle":-45},"faces":{"down":{"uv":[0,15,3,16],"texture":"#0"},"up":{"uv":[0,15,3,16],"texture":"#0"},"north":{"uv":[0,15,3,16],"texture":"#0"},"south":{"uv":[0,15,3,16],"texture":"#0"},"west":{"uv":[0,15,3,16],"texture":"#0"},"east":{"uv":[0,15,3,16],"texture":"#0"}}},{"from":[6.1645,14.16,7.1106],"to":[6.667809,15.33749,7.94946],"rotation":{"origin":[6.24837,13.90563,7.36221],"axis":"y","angle":-22.5},"faces":{"down":{"uv":[0,15,3,16],"texture":"#0"},"up":{"uv":[0,15,3,16],"texture":"#0"},"north":{"uv":[0,15,3,16],"texture":"#0"},"south":{"uv":[0,15,3,16],"texture":"#0"},"west":{"uv":[0,15,3,16],"texture":"#0"},"east":{"uv":[0,15,3,16],"texture":"#0"}}},{"from":[5.9462,14.16,7.8726],"to":[6.44952,15.33749,8.711459],"faces":{"down":{"uv":[0,15,3,16],"texture":"#0"},"up":{"uv":[0,15,3,16],"texture":"#0"},"north":{"uv":[0,15,3,16],"texture":"#0"},"south":{"uv":[0,15,3,16],"texture":"#0"},"west":{"uv":[0,15,3,16],"texture":"#0"},"east":{"uv":[0,15,3,16],"texture":"#0"}}},{"from":[6.0361,14.16,8.6602],"to":[6.53942,15.33749,9.49906],"rotation":{"origin":[6.11997,13.90563,8.91187],"axis":"y","angle":22.5},"faces":{"down":{"uv":[0,15,3,16],"texture":"#0"},"up":{"uv":[0,15,3,16],"texture":"#0"},"north":{"uv":[0,15,3,16],"texture":"#0"},"south":{"uv":[0,15,3,16],"texture":"#0"},"west":{"uv":[0,15,3,16],"texture":"#0"},"east":{"uv":[0,15,3,16],"texture":"#0"}}},{"from":[6.4206,14.16,9.353499],"to":[6.92391,15.33749,10.19236],"rotation":{"origin":[6.50444,13.90563,9.60511],"axis":"y","angle":45},"faces":{"down":{"uv":[0,15,3,16],"texture":"#0"},"up":{"uv":[0,15,3,16],"texture":"#0"},"north":{"uv":[0,15,3,16],"texture":"#0"},"south":{"uv":[0,15,3,16],"texture":"#0"},"west":{"uv":[0,15,3,16],"texture":"#0"},"east":{"uv":[0,15,3,16],"texture":"#0"}}},{"from":[6.8733,14.16,9.679],"to":[7.71216,15.33749,10.18232],"rotation":{"origin":[7.12495,13.90563,10.09845],"axis":"y","angle":-22.5},"faces":{"down":{"uv":[0,15,3,16],"texture":"#0"},"up":{"uv":[0,15,3,16],"texture":"#0"},"north":{"uv":[0,15,3,16],"texture":"#0"},"south":{"uv":[0,15,3,16],"texture":"#0"},"west":{"uv":[0,15,3,16],"texture":"#0"},"east":{"uv":[0,15,3,16],"texture":"#0"}}},{"from":[7.6354,14.16,9.8974],"to":[8.474259,15.33749,10.40071],"faces":{"down":{"uv":[0,15,3,16],"texture":"#0"},"up":{"uv":[0,15,3,16],"texture":"#0"},"north":{"uv":[0,15,3,16],"texture":"#0"},"south":{"uv":[0,15,3,16],"texture":"#0"},"west":{"uv":[0,15,3,16],"texture":"#0"},"east":{"uv":[0,15,3,16],"texture":"#0"}}},{"from":[7.6354,14.16,6.1834],"to":[8.474259,15.33749,6.686709],"faces":{"down":{"uv":[0,15,3,16],"texture":"#0"},"up":{"uv":[0,15,3,16],"texture":"#0"},"north":{"uv":[0,15,3,16],"texture":"#0"},"south":{"uv":[0,15,3,16],"texture":"#0"},"west":{"uv":[0,15,3,16],"texture":"#0"},"east":{"uv":[0,15,3,16],"texture":"#0"}}},{"from":[6.8733,14.16,6.4017],"to":[7.71216,15.33749,6.90502],"rotation":{"origin":[7.12495,13.89892,6.48564],"axis":"y","angle":22.5},"faces":{"down":{"uv":[0,15,3,16],"texture":"#0"},"up":{"uv":[0,15,3,16],"texture":"#0"},"north":{"uv":[0,15,3,16],"texture":"#0"},"south":{"uv":[0,15,3,16],"texture":"#0"},"west":{"uv":[0,15,3,16],"texture":"#0"},"east":{"uv":[0,15,3,16],"texture":"#0"}}},{"from":[8.3974,14.16,6.4018],"to":[9.236259,15.33749,6.905119],"rotation":{"origin":[8.98461,13.89892,6.48564],"axis":"y","angle":-22.5},"faces":{"down":{"uv":[0,15,3,16],"texture":"#0"},"up":{"uv":[0,15,3,16],"texture":"#0"},"north":{"uv":[0,15,3,16],"texture":"#0"},"south":{"uv":[0,15,3,16],"texture":"#0"},"west":{"uv":[0,15,3,16],"texture":"#0"},"east":{"uv":[0,15,3,16],"texture":"#0"}}},{"from":[8.9484,14.16,6.49],"to":[9.45171,15.33749,7.32886],"rotation":{"origin":[9.36785,13.90563,6.74171],"axis":"y","angle":45},"faces":{"down":{"uv":[0,15,3,16],"texture":"#0"},"up":{"uv":[0,15,3,16],"texture":"#0"},"north":{"uv":[0,15,3,16],"texture":"#0"},"south":{"uv":[0,15,3,16],"texture":"#0"},"west":{"uv":[0,15,3,16],"texture":"#0"},"east":{"uv":[0,15,3,16],"texture":"#0"}}},{"from":[9.4417,14.16,7.1106],"to":[9.945021,15.33749,7.94946],"rotation":{"origin":[9.86118,13.90563,7.36221],"axis":"y","angle":22.5},"faces":{"down":{"uv":[0,15,3,16],"texture":"#0"},"up":{"uv":[0,15,3,16],"texture":"#0"},"north":{"uv":[0,15,3,16],"texture":"#0"},"south":{"uv":[0,15,3,16],"texture":"#0"},"west":{"uv":[0,15,3,16],"texture":"#0"},"east":{"uv":[0,15,3,16],"texture":"#0"}}},{"from":[9.6601,14.16,7.8726],"to":[10.16342,15.33749,8.711459],"faces":{"down":{"uv":[0,15,3,16],"texture":"#0"},"up":{"uv":[0,15,3,16],"texture":"#0"},"north":{"uv":[0,15,3,16],"texture":"#0"},"south":{"uv":[0,15,3,16],"texture":"#0"},"west":{"uv":[0,15,3,16],"texture":"#0"},"east":{"uv":[0,15,3,16],"texture":"#0"}}},{"from":[9.5702,14.16,8.6602],"to":[10.07352,15.33749,9.49906],"rotation":{"origin":[9.98959,13.90563,8.91187],"axis":"y","angle":-22.5},"faces":{"down":{"uv":[0,15,3,16],"texture":"#0"},"up":{"uv":[0,15,3,16],"texture":"#0"},"north":{"uv":[0,15,3,16],"texture":"#0"},"south":{"uv":[0,15,3,16],"texture":"#0"},"west":{"uv":[0,15,3,16],"texture":"#0"},"east":{"uv":[0,15,3,16],"texture":"#0"}}},{"from":[9.185699,14.16,9.353499],"to":[9.689019,15.33749,10.19236],"rotation":{"origin":[9.60511,13.90563,9.60511],"axis":"y","angle":-45},"faces":{"down":{"uv":[0,15,3,16],"texture":"#0"},"up":{"uv":[0,15,3,16],"texture":"#0"},"north":{"uv":[0,15,3,16],"texture":"#0"},"south":{"uv":[0,15,3,16],"texture":"#0"},"west":{"uv":[0,15,3,16],"texture":"#0"},"east":{"uv":[0,15,3,16],"texture":"#0"}}},{"from":[8.3974,14.16,9.679],"to":[9.236259,15.33749,10.18232],"rotation":{"origin":[8.98461,13.90563,10.09845],"axis":"y","angle":22.5},"faces":{"down":{"uv":[0,15,3,16],"texture":"#0"},"up":{"uv":[0,15,3,16],"texture":"#0"},"north":{"uv":[0,15,3,16],"texture":"#0"},"south":{"uv":[0,15,3,16],"texture":"#0"},"west":{"uv":[0,15,3,16],"texture":"#0"},"east":{"uv":[0,15,3,16],"texture":"#0"}}},{"from":[6.9263,14.928,6.792],"to":[7.32895,15.86999,7.46309],"rotation":{"origin":[6.99337,14.7245,6.99337],"axis":"y","angle":-45},"faces":{"down":{"uv":[0,15,3,16],"texture":"#0"},"up":{"uv":[0,15,3,16],"texture":"#0"},"north":{"uv":[0,15,3,16],"texture":"#0"},"south":{"uv":[0,15,3,16],"texture":"#0"},"west":{"uv":[0,15,3,16],"texture":"#0"},"east":{"uv":[0,15,3,16],"texture":"#0"}}},{"from":[6.5316,14.928,7.2884],"to":[6.93425,15.86999,7.959489],"rotation":{"origin":[6.5987,14.7245,7.48977],"axis":"y","angle":-22.5},"faces":{"down":{"uv":[0,15,3,16],"texture":"#0"},"up":{"uv":[0,15,3,16],"texture":"#0"},"north":{"uv":[0,15,3,16],"texture":"#0"},"south":{"uv":[0,15,3,16],"texture":"#0"},"west":{"uv":[0,15,3,16],"texture":"#0"},"east":{"uv":[0,15,3,16],"texture":"#0"}}},{"from":[6.3569,14.928,7.8981],"to":[6.75955,15.86999,8.569189],"faces":{"down":{"uv":[0,15,3,16],"texture":"#0"},"up":{"uv":[0,15,3,16],"texture":"#0"},"north":{"uv":[0,15,3,16],"texture":"#0"},"south":{"uv":[0,15,3,16],"texture":"#0"},"west":{"uv":[0,15,3,16],"texture":"#0"},"east":{"uv":[0,15,3,16],"texture":"#0"}}},{"from":[6.4289,14.928,8.5282],"to":[6.83156,15.86999,9.19929],"rotation":{"origin":[6.49597,14.7245,8.7295],"axis":"y","angle":22.5},"faces":{"down":{"uv":[0,15,3,16],"texture":"#0"},"up":{"uv":[0,15,3,16],"texture":"#0"},"north":{"uv":[0,15,3,16],"texture":"#0"},"south":{"uv":[0,15,3,16],"texture":"#0"},"west":{"uv":[0,15,3,16],"texture":"#0"},"east":{"uv":[0,15,3,16],"texture":"#0"}}},{"from":[6.7364,14.928,9.0828],"to":[7.13905,15.86999,9.75389],"rotation":{"origin":[6.80355,14.7245,9.28409],"axis":"y","angle":45},"faces":{"down":{"uv":[0,15,3,16],"texture":"#0"},"up":{"uv":[0,15,3,16],"texture":"#0"},"north":{"uv":[0,15,3,16],"texture":"#0"},"south":{"uv":[0,15,3,16],"texture":"#0"},"west":{"uv":[0,15,3,16],"texture":"#0"},"east":{"uv":[0,15,3,16],"texture":"#0"}}},{"from":[7.0986,14.928,9.3432],"to":[7.76969,15.86999,9.74585],"rotation":{"origin":[7.29996,14.7245,9.67876],"axis":"y","angle":-22.5},"faces":{"down":{"uv":[0,15,3,16],"texture":"#0"},"up":{"uv":[0,15,3,16],"texture":"#0"},"north":{"uv":[0,15,3,16],"texture":"#0"},"south":{"uv":[0,15,3,16],"texture":"#0"},"west":{"uv":[0,15,3,16],"texture":"#0"},"east":{"uv":[0,15,3,16],"texture":"#0"}}},{"from":[7.7083,14.928,9.5179],"to":[8.379389,15.86999,9.920549],"faces":{"down":{"uv":[0,15,3,16],"texture":"#0"},"up":{"uv":[0,15,3,16],"texture":"#0"},"north":{"uv":[0,15,3,16],"texture":"#0"},"south":{"uv":[0,15,3,16],"texture":"#0"},"west":{"uv":[0,15,3,16],"texture":"#0"},"east":{"uv":[0,15,3,16],"texture":"#0"}}},{"from":[7.7083,14.928,6.5467],"to":[8.379389,15.86999,6.94935],"faces":{"down":{"uv":[0,15,3,16],"texture":"#0"},"up":{"uv":[0,15,3,16],"texture":"#0"},"north":{"uv":[0,15,3,16],"texture":"#0"},"south":{"uv":[0,15,3,16],"texture":"#0"},"west":{"uv":[0,15,3,16],"texture":"#0"},"east":{"uv":[0,15,3,16],"texture":"#0"}}},{"from":[7.0986,14.928,6.7214],"to":[7.76969,15.86999,7.12405],"rotation":{"origin":[7.29996,14.71913,6.78851],"axis":"y","angle":22.5},"faces":{"down":{"uv":[0,15,3,16],"texture":"#0"},"up":{"uv":[0,15,3,16],"texture":"#0"},"north":{"uv":[0,15,3,16],"texture":"#0"},"south":{"uv":[0,15,3,16],"texture":"#0"},"west":{"uv":[0,15,3,16],"texture":"#0"},"east":{"uv":[0,15,3,16],"texture":"#0"}}},{"from":[8.3179,14.928,6.7214],"to":[8.98899,15.86999,7.12405],"rotation":{"origin":[8.78769,14.71913,6.78851],"axis":"y","angle":-22.5},"faces":{"down":{"uv":[0,15,3,16],"texture":"#0"},"up":{"uv":[0,15,3,16],"texture":"#0"},"north":{"uv":[0,15,3,16],"texture":"#0"},"south":{"uv":[0,15,3,16],"texture":"#0"},"west":{"uv":[0,15,3,16],"texture":"#0"},"east":{"uv":[0,15,3,16],"texture":"#0"}}},{"from":[8.758699,14.928,6.792],"to":[9.16136,15.86999,7.46309],"rotation":{"origin":[9.09428,14.7245,6.99337],"axis":"y","angle":45},"faces":{"down":{"uv":[0,15,3,16],"texture":"#0"},"up":{"uv":[0,15,3,16],"texture":"#0"},"north":{"uv":[0,15,3,16],"texture":"#0"},"south":{"uv":[0,15,3,16],"texture":"#0"},"west":{"uv":[0,15,3,16],"texture":"#0"},"east":{"uv":[0,15,3,16],"texture":"#0"}}},{"from":[9.153399,14.928,7.2884],"to":[9.556059,15.86999,7.959489],"rotation":{"origin":[9.48895,14.7245,7.48977],"axis":"y","angle":22.5},"faces":{"down":{"uv":[0,15,3,16],"texture":"#0"},"up":{"uv":[0,15,3,16],"texture":"#0"},"north":{"uv":[0,15,3,16],"texture":"#0"},"south":{"uv":[0,15,3,16],"texture":"#0"},"west":{"uv":[0,15,3,16],"texture":"#0"},"east":{"uv":[0,15,3,16],"texture":"#0"}}},{"from":[9.3281,14.928,7.8981],"to":[9.73076,15.86999,8.569189],"faces":{"down":{"uv":[0,15,3,16],"texture":"#0"},"up":{"uv":[0,15,3,16],"texture":"#0"},"north":{"uv":[0,15,3,16],"texture":"#0"},"south":{"uv":[0,15,3,16],"texture":"#0"},"west":{"uv":[0,15,3,16],"texture":"#0"},"east":{"uv":[0,15,3,16],"texture":"#0"}}},{"from":[9.2561,14.928,8.5282],"to":[9.65875,15.86999,9.19929],"rotation":{"origin":[9.59167,14.7245,8.7295],"axis":"y","angle":-22.5},"faces":{"down":{"uv":[0,15,3,16],"texture":"#0"},"up":{"uv":[0,15,3,16],"texture":"#0"},"north":{"uv":[0,15,3,16],"texture":"#0"},"south":{"uv":[0,15,3,16],"texture":"#0"},"west":{"uv":[0,15,3,16],"texture":"#0"},"east":{"uv":[0,15,3,16],"texture":"#0"}}},{"from":[8.9486,14.928,9.0828],"to":[9.35125,15.86999,9.75389],"rotation":{"origin":[9.28409,14.7245,9.28409],"axis":"y","angle":-45},"faces":{"down":{"uv":[0,15,3,16],"texture":"#0"},"up":{"uv":[0,15,3,16],"texture":"#0"},"north":{"uv":[0,15,3,16],"texture":"#0"},"south":{"uv":[0,15,3,16],"texture":"#0"},"west":{"uv":[0,15,3,16],"texture":"#0"},"east":{"uv":[0,15,3,16],"texture":"#0"}}},{"from":[8.3179,14.928,9.3432],"to":[8.98899,15.86999,9.74585],"rotation":{"origin":[8.78769,14.7245,9.67876],"axis":"y","angle":22.5},"faces":{"down":{"uv":[0,15,3,16],"texture":"#0"},"up":{"uv":[0,15,3,16],"texture":"#0"},"north":{"uv":[0,15,3,16],"texture":"#0"},"south":{"uv":[0,15,3,16],"texture":"#0"},"west":{"uv":[0,15,3,16],"texture":"#0"},"east":{"uv":[0,15,3,16],"texture":"#0"}}},{"from":[7.141,15.7424,7.0336],"to":[8.46312,16.7424,7.57047],"rotation":{"origin":[7.19469,15.5796,7.19469],"axis":"y","angle":-45},"faces":{"down":{"uv":[0,15,3,16],"texture":"#0"},"up":{"uv":[0,15,3,16],"texture":"#0"},"north":{"uv":[0,15,3,16],"texture":"#0"},"south":{"uv":[0,15,3,16],"texture":"#0"},"west":{"uv":[0,15,3,16],"texture":"#0"},"east":{"uv":[0,15,3,16],"texture":"#0"}}},{"from":[6.8253,15.7424,7.4308],"to":[8.14742,16.7424,7.96767],"rotation":{"origin":[6.87896,15.5796,7.59182],"axis":"y","angle":-22.5},"faces":{"down":{"uv":[0,15,3,16],"texture":"#0"},"up":{"uv":[0,15,3,16],"texture":"#0"},"north":{"uv":[0,15,3,16],"texture":"#0"},"south":{"uv":[0,15,3,16],"texture":"#0"},"west":{"uv":[0,15,3,16],"texture":"#0"},"east":{"uv":[0,15,3,16],"texture":"#0"}}},{"from":[6.6855,15.7424,7.9185],"to":[8.00762,16.7424,8.45537],"faces":{"down":{"uv":[0,15,3,16],"texture":"#0"},"up":{"uv":[0,15,3,16],"texture":"#0"},"north":{"uv":[0,15,3,16],"texture":"#0"},"south":{"uv":[0,15,3,16],"texture":"#0"},"west":{"uv":[0,15,3,16],"texture":"#0"},"east":{"uv":[0,15,3,16],"texture":"#0"}}},{"from":[6.7431,15.7424,8.4225],"to":[8.06522,16.7424,8.95937],"rotation":{"origin":[6.79678,15.5796,8.5836],"axis":"y","angle":22.5},"faces":{"down":{"uv":[0,15,3,16],"texture":"#0"},"up":{"uv":[0,15,3,16],"texture":"#0"},"north":{"uv":[0,15,3,16],"texture":"#0"},"south":{"uv":[0,15,3,16],"texture":"#0"},"west":{"uv":[0,15,3,16],"texture":"#0"},"east":{"uv":[0,15,3,16],"texture":"#0"}}},{"from":[6.9892,15.7424,8.866199],"to":[8.311319,16.7424,9.403069],"rotation":{"origin":[7.04284,15.5796,9.02727],"axis":"y","angle":45},"faces":{"down":{"uv":[0,15,3,16],"texture":"#0"},"up":{"uv":[0,15,3,16],"texture":"#0"},"north":{"uv":[0,15,3,16],"texture":"#0"},"south":{"uv":[0,15,3,16],"texture":"#0"},"west":{"uv":[0,15,3,16],"texture":"#0"},"east":{"uv":[0,15,3,16],"texture":"#0"}}},{"from":[7.2789,15.7424,8.0746],"to":[7.81577,16.7424,9.396721],"rotation":{"origin":[7.43997,15.5796,9.34301],"axis":"y","angle":-22.5},"faces":{"down":{"uv":[0,15,3,16],"texture":"#0"},"up":{"uv":[0,15,3,16],"texture":"#0"},"north":{"uv":[0,15,3,16],"texture":"#0"},"south":{"uv":[0,15,3,16],"texture":"#0"},"west":{"uv":[0,15,3,16],"texture":"#0"},"east":{"uv":[0,15,3,16],"texture":"#0"}}},{"from":[7.7666,15.7424,8.2143],"to":[8.303469,16.7424,9.53642],"faces":{"down":{"uv":[0,15,3,16],"texture":"#0"},"up":{"uv":[0,15,3,16],"texture":"#0"},"north":{"uv":[0,15,3,16],"texture":"#0"},"south":{"uv":[0,15,3,16],"texture":"#0"},"west":{"uv":[0,15,3,16],"texture":"#0"},"east":{"uv":[0,15,3,16],"texture":"#0"}}},{"from":[7.7666,15.7424,6.8374],"to":[8.303469,16.7424,8.159519],"faces":{"down":{"uv":[0,15,3,16],"texture":"#0"},"up":{"uv":[0,15,3,16],"texture":"#0"},"north":{"uv":[0,15,3,16],"texture":"#0"},"south":{"uv":[0,15,3,16],"texture":"#0"},"west":{"uv":[0,15,3,16],"texture":"#0"},"east":{"uv":[0,15,3,16],"texture":"#0"}}},{"from":[7.2789,15.7424,6.9771],"to":[7.81577,16.7424,8.29922],"rotation":{"origin":[7.43997,15.57531,7.03081],"axis":"y","angle":22.5},"faces":{"down":{"uv":[0,15,3,16],"texture":"#0"},"up":{"uv":[0,15,3,16],"texture":"#0"},"north":{"uv":[0,15,3,16],"texture":"#0"},"south":{"uv":[0,15,3,16],"texture":"#0"},"west":{"uv":[0,15,3,16],"texture":"#0"},"east":{"uv":[0,15,3,16],"texture":"#0"}}},{"from":[8.2543,15.7424,6.9771],"to":[8.79117,16.7424,8.29922],"rotation":{"origin":[8.63015,15.57531,7.03081],"axis":"y","angle":-22.5},"faces":{"down":{"uv":[0,15,3,16],"texture":"#0"},"up":{"uv":[0,15,3,16],"texture":"#0"},"north":{"uv":[0,15,3,16],"texture":"#0"},"south":{"uv":[0,15,3,16],"texture":"#0"},"west":{"uv":[0,15,3,16],"texture":"#0"},"east":{"uv":[0,15,3,16],"texture":"#0"}}},{"from":[7.607,15.7424,7.0336],"to":[8.929119,16.7424,7.57047],"rotation":{"origin":[8.87542,15.5796,7.19469],"axis":"y","angle":45},"faces":{"down":{"uv":[0,15,3,16],"texture":"#0"},"up":{"uv":[0,15,3,16],"texture":"#0"},"north":{"uv":[0,15,3,16],"texture":"#0"},"south":{"uv":[0,15,3,16],"texture":"#0"},"west":{"uv":[0,15,3,16],"texture":"#0"},"east":{"uv":[0,15,3,16],"texture":"#0"}}},{"from":[7.9227,15.7424,7.4308],"to":[9.24482,16.7424,7.96767],"rotation":{"origin":[9.19116,15.5796,7.59182],"axis":"y","angle":22.5},"faces":{"down":{"uv":[0,15,3,16],"texture":"#0"},"up":{"uv":[0,15,3,16],"texture":"#0"},"north":{"uv":[0,15,3,16],"texture":"#0"},"south":{"uv":[0,15,3,16],"texture":"#0"},"west":{"uv":[0,15,3,16],"texture":"#0"},"east":{"uv":[0,15,3,16],"texture":"#0"}}},{"from":[8.0625,15.7424,7.9185],"to":[9.38462,16.7424,8.45537],"faces":{"down":{"uv":[0,15,3,16],"texture":"#0"},"up":{"uv":[0,15,3,16],"texture":"#0"},"north":{"uv":[0,15,3,16],"texture":"#0"},"south":{"uv":[0,15,3,16],"texture":"#0"},"west":{"uv":[0,15,3,16],"texture":"#0"},"east":{"uv":[0,15,3,16],"texture":"#0"}}},{"from":[8.0049,15.7424,8.4225],"to":[9.32703,16.7424,8.95937],"rotation":{"origin":[9.27334,15.5796,8.5836],"axis":"y","angle":-22.5},"faces":{"down":{"uv":[0,15,3,16],"texture":"#0"},"up":{"uv":[0,15,3,16],"texture":"#0"},"north":{"uv":[0,15,3,16],"texture":"#0"},"south":{"uv":[0,15,3,16],"texture":"#0"},"west":{"uv":[0,15,3,16],"texture":"#0"},"east":{"uv":[0,15,3,16],"texture":"#0"}}},{"from":[7.7588,15.7424,8.866199],"to":[9.08092,16.7424,9.403069],"rotation":{"origin":[9.02727,15.5796,9.02727],"axis":"y","angle":-45},"faces":{"down":{"uv":[0,15,3,16],"texture":"#0"},"up":{"uv":[0,15,3,16],"texture":"#0"},"north":{"uv":[0,15,3,16],"texture":"#0"},"south":{"uv":[0,15,3,16],"texture":"#0"},"west":{"uv":[0,15,3,16],"texture":"#0"},"east":{"uv":[0,15,3,16],"texture":"#0"}}},{"from":[8.2543,15.7424,8.0746],"to":[8.79117,16.7424,9.396721],"rotation":{"origin":[8.63015,15.5796,9.34301],"axis":"y","angle":22.5},"faces":{"down":{"uv":[0,15,3,16],"texture":"#0"},"up":{"uv":[0,15,3,16],"texture":"#0"},"north":{"uv":[0,15,3,16],"texture":"#0"},"south":{"uv":[0,15,3,16],"texture":"#0"},"west":{"uv":[0,15,3,16],"texture":"#0"},"east":{"uv":[0,15,3,16],"texture":"#0"}}},{"from":[-3,-10,13],"to":[-2,5,14],"rotation":{"origin":[-4.5,5.5,4.5],"axis":"z","angle":22.5},"faces":{"down":{"uv":[8.33333,0,8,0.3333302],"texture":"#0"},"up":{"uv":[8,0.3333302,7.66667,0],"texture":"#0"},"north":{"uv":[7.66667,0.3333302,8,5.33333],"texture":"#0"},"south":{"uv":[8.33333,0.3333302,8.66667,5.33333],"texture":"#0"},"west":{"uv":[8,0.3333302,8.33333,5.33333],"texture":"#0"},"east":{"uv":[7.33333,0.3333302,7.66667,5.33333],"texture":"#0"}}},{"from":[17,-6,13],"to":[18,9,14],"rotation":{"origin":[10.5,5.5,4.5],"axis":"z","angle":-22.5},"faces":{"down":{"uv":[9.66667,0,9.33333,0.3333302],"texture":"#0"},"up":{"uv":[9.33333,0.3333302,9,0],"texture":"#0"},"north":{"uv":[9,0.3333302,9.33333,5.33333],"texture":"#0"},"south":{"uv":[9.66667,0.3333302,10,5.33333],"texture":"#0"},"west":{"uv":[9.33333,0.3333302,9.66667,5.33333],"texture":"#0"},"east":{"uv":[8.66667,0.3333302,9,5.33333],"texture":"#0"}}},{"from":[3,-8.246099,13.01],"to":[13,-7.246099,14.01],"faces":{"down":{"uv":[7,0,3.66667,0.3333302],"texture":"#0"},"up":{"uv":[3.66667,0.3333302,0.33333,0],"texture":"#0"},"north":{"uv":[0.33333,0.3333302,3.66667,0.6666698],"texture":"#0"},"south":{"uv":[4,0.3333302,7.33333,0.6666698],"texture":"#0"},"west":{"uv":[3.66667,0.3333302,4,0.6666698],"texture":"#0"},"east":{"uv":[0,0.3333302,0.33333,0.6666698],"texture":"#0"}}},{"from":[7.5,-11,13.01],"to":[8.5,-8.24611,14.01],"faces":{"down":{"uv":[11,1,10.66667,1.33333],"texture":"#0"},"up":{"uv":[10.66667,1.33333,10.33333,1],"texture":"#0"},"north":{"uv":[10.33333,1.33333,10.66667,2],"texture":"#0"},"south":{"uv":[11,1.33333,11.33333,2],"texture":"#0"},"west":{"uv":[10.66667,1.33333,11,2],"texture":"#0"},"east":{"uv":[10,1.33333,10.33333,2],"texture":"#0"}}},{"from":[7,-8.5,12.5],"to":[9,-6.74611,14.5],"faces":{"down":{"uv":[12,0,11.33333,0.6666698],"texture":"#0"},"up":{"uv":[11.33333,0.6666698,10.66667,0],"texture":"#0"},"north":{"uv":[10.66667,0.6666698,11.33333,1],"texture":"#0"},"south":{"uv":[12,0.6666698,12.66667,1],"texture":"#0"},"west":{"uv":[11.33333,0.6666698,12,1],"texture":"#0"},"east":{"uv":[10,0.6666698,10.66667,1],"texture":"#0"}}}],"display":{"thirdperson_righthand":{"translation":[0,0.6956,0],"scale":[0.3,0.3,0.3]},"thirdperson_lefthand":{"translation":[0,0.6956,0],"scale":[0.3,0.3,0.3]},"firstperson_righthand":{"rotation":[0,-63,0],"translation":[0,6.9565,0.6963],"scale":[0.4,0.4,0.4]},"firstperson_lefthand":{"rotation":[0,-63,0],"translation":[0,6.9565,0.6963],"scale":[0.4,0.4,0.4]},"gui":{"rotation":[14,-46,0],"translation":[0.6956,2.0869,0],"scale":[0.5,0.5,0.5]},"head":{"rotation":[0,180,0],"translation":[-0.25,6.25,2.5]}}}