{"parent":"physical_parent","textures":{"main":"jmq"},"elements":[{"from":[4,1,3.1],"to":[12,8,10.1],"faces":{"east":{"uv":[5,0,7.25,2],"texture":"#main"},"south":{"uv":[7.5,0,9.75,2],"texture":"#main"},"north":{"uv":[0,0,2.25,2],"texture":"#main"},"west":{"uv":[2.5,0,4.75,2],"texture":"#main"},"up":{"uv":[10,0,12.25,2],"texture":"#main","rotation":180},"down":{"uv":[10,0,12.25,2],"texture":"#main"}}},{"from":[10,0,2],"to":[13,1,6],"faces":{"east":{"uv":[1.75,2.5,2.5,2.75],"texture":"#main"},"south":{"uv":[1.75,2.5,2.5,2.75],"texture":"#main"},"north":{"uv":[0.75,2.5,1.5,3.5],"texture":"#main"},"west":{"uv":[1.75,2.5,2.5,2.75],"texture":"#main"},"up":{"uv":[0.75,2.5,1.5,3.5],"texture":"#main"},"down":{"uv":[0.75,2.5,1.5,3.5],"texture":"#main"}}},{"from":[3,0,2],"to":[6,1,6],"faces":{"east":{"uv":[1.75,2.5,2.5,2.75],"texture":"#main"},"south":{"uv":[1.75,2.5,2.5,2.75],"texture":"#main"},"north":{"uv":[0.75,2.5,1.5,3.5],"texture":"#main"},"west":{"uv":[1.75,2.5,2.5,2.75],"texture":"#main"},"up":{"uv":[0.75,2.5,1.5,3.5],"texture":"#main"},"down":{"uv":[0.75,2.5,1.5,3.5],"texture":"#main"}}},{"from":[5.5,11,3.1],"to":[10.5,14,8.1],"faces":{"east":{"uv":[1.5,4.5,2.75,5.25],"texture":"#main"},"south":{"uv":[3,5,4.25,5.75156],"texture":"#main"},"north":{"uv":[3,6,4.25,6.75156],"texture":"#main"},"west":{"uv":[1.5,3.5,2.75,4.25],"texture":"#main"},"up":{"uv":[4.5,4.5,5.75,5.75],"texture":"#main"},"down":{"uv":[0,4.5,1.25,5.75],"texture":"#main"}}},{"from":[8,3,10.1],"to":[8.1,10,17.1],"faces":{"east":{"uv":[11,6.75,12.5,8.5],"texture":"#main"},"west":{"uv":[9,6.75,10.5,8.5],"texture":"#main"}}},{"from":[2.1,11,7.9],"to":[6.1,15,8],"faces":{"south":{"uv":[3.75,8.75,4.75,9.75],"texture":"#main"},"north":{"uv":[5,7.5,6,8.5],"texture":"#main"}}},{"from":[10.1,11,7.9],"to":[14.1,15,8],"faces":{"south":{"uv":[5,8.75,6,9.75],"texture":"#main"},"north":{"uv":[3.75,7.5,4.75,8.5],"texture":"#main"}}},{"rotation":{"origin":[9,12,5],"angle":-22.5,"axis":"x"},"from":[9.5,6,-0.9],"to":[11.5,7,1.1],"faces":{"east":{"uv":[0,2.5,0.5,3],"texture":"#main","rotation":180},"north":{"uv":[0,2.5,0.5,3],"texture":"#main","rotation":180},"west":{"uv":[0,2.5,0.5,3],"texture":"#main"},"up":{"uv":[0,2.5,0.5,3],"texture":"#main"},"down":{"uv":[0,2.5,0.5,3],"texture":"#main"}}},{"rotation":{"origin":[12,12,4],"angle":22.5,"axis":"x"},"from":[7.1,10,4],"to":[9.1,11,4.001],"faces":{"south":{"uv":[0.75,6.5,1.25,6.75],"texture":"#main"},"north":{"uv":[0.75,6.5,1.25,6.75],"texture":"#main"}}},{"from":[6.5,12,2],"to":[9.5,13,3],"faces":{"east":{"uv":[3.25,6.5,4.25,6.75],"texture":"#main"},"north":{"uv":[3.25,6.25,4,6.5],"texture":"#main"},"west":{"uv":[3.25,6.5,4.25,6.75],"texture":"#main"},"up":{"uv":[3.25,6,4,6.25],"texture":"#main"},"down":{"uv":[3.25,6.5,4.25,6.75],"texture":"#main"}}},{"from":[5.5,8,3.1],"to":[10.5,9,8.1],"faces":{"east":{"uv":[1.5,4,2.75,4.25],"texture":"#main","rotation":180},"south":{"uv":[3,4,4.25,4.252],"texture":"#main"},"north":{"uv":[0,4,1.25,4.25],"texture":"#main"},"west":{"uv":[1.5,4,2.75,4.25],"texture":"#main"},"up":{"uv":[0,4.5,1.25,5.75],"texture":"#main"}}},{"from":[5.5,9,5.1],"to":[10.5,11,8.1],"faces":{"east":{"uv":[3,4.5,3.75,5.00156],"texture":"#main","rotation":180},"south":{"uv":[3.25,4.5,4.25,5.00156],"texture":"#main"},"north":{"uv":[0,4.5,1.25,5.75],"texture":"#main","rotation":180},"west":{"uv":[3,4.5,3.75,5.00156],"texture":"#main"}}},{"rotation":{"origin":[12,10.5,2.5],"angle":-22.5,"axis":"x"},"from":[7.1,8.5,2.5],"to":[9.1,9.5,2.501],"faces":{"south":{"uv":[0.75,6.5,1.25,6.75],"texture":"#main"},"north":{"uv":[0.75,6.5,1.25,6.75],"texture":"#main"}}},{"rotation":{"origin":[4,12,5],"angle":-22.5,"axis":"x"},"from":[4.5,6,-0.9],"to":[6.5,7,1.1],"faces":{"east":{"uv":[0,2.5,0.5,3],"texture":"#main","rotation":180},"north":{"uv":[0,2.5,0.5,3],"texture":"#main","rotation":180},"west":{"uv":[0,2.5,0.5,3],"texture":"#main"},"up":{"uv":[0,2.5,0.5,3],"texture":"#main"},"down":{"uv":[0,2.5,0.5,3],"texture":"#main"}}},{"rotation":{"origin":[8.4,13.77164,4.24805],"angle":22.5,"axis":"x"},"from":[1.5,10.7716,4.2481],"to":[5.5,13.7716,4.2491],"faces":{"south":{"uv":[7.25,5.5,8.5,6.25],"texture":"#main"},"north":{"uv":[6.25,5.5,7.5,6.25],"texture":"#main"}}},{"rotation":{"origin":[17.4,13.77164,4.24805],"angle":22.5,"axis":"x"},"from":[10.5,10.7716,4.2481],"to":[14.5,13.7716,4.2491],"faces":{"south":{"uv":[6.25,5.5,7.5,6.25],"texture":"#main"},"north":{"uv":[7.25,5.5,8.5,6.25],"texture":"#main"}}}],"display":{"head":{"translation":[0,-29.5,9.0E-4],"scale":[1.7,1.7,1.7]},"firstperson_righthand":{"scale":[1.0E-4,1.0E-4,1.0E-4]},"thirdperson_lefthand":{"scale":[1.0E-4,1.0E-4,1.0E-4]},"firstperson_lefthand":{"scale":[1.0E-4,1.0E-4,1.0E-4]},"gui":{"rotation":[0,-180,0]}}}