{"parent":"physical_parent","textures":{"main":"ihf"},"elements":[{"from":[5,11,1],"to":[14,20,10],"faces":{"east":{"uv":[5,0,7.25,2.25],"texture":"#main"},"south":{"uv":[7.5,0,9.75,2.25],"texture":"#main"},"north":{"uv":[0,0,2.25,2.25],"texture":"#main"},"west":{"uv":[2.5,0,4.75,2.25],"texture":"#main"},"up":{"uv":[7.5,0,9.75,2.25],"texture":"#main"},"down":{"uv":[7.5,0,9.75,2.25],"texture":"#main"}}},{"from":[5.5,0,3],"to":[8.5,3,6],"faces":{"east":{"uv":[1,9,1.75,9.5],"texture":"#main"},"south":{"uv":[1,9,1.75,9.5],"texture":"#main"},"north":{"uv":[0,9,0.75,9.5],"texture":"#main"},"west":{"uv":[1,9,1.75,9.5],"texture":"#main"},"down":{"uv":[0,8,0.75,8.75],"texture":"#main","rotation":180}}},{"from":[10.5,0,3],"to":[13.5,3,6],"faces":{"east":{"uv":[1,9,1.75,9.5],"texture":"#main"},"south":{"uv":[1,9,1.75,9.5],"texture":"#main"},"north":{"uv":[0,9,0.75,9.5],"texture":"#main"},"west":{"uv":[1,9,1.75,9.5],"texture":"#main"},"down":{"uv":[0,8,0.75,8.75],"texture":"#main","rotation":180}}},{"from":[6.5,10,2.1],"to":[12.5,12,8.1],"faces":{"east":{"uv":[4.5,3.25,6,3.75],"texture":"#main"},"south":{"uv":[4.5,3.25,6,3.75],"texture":"#main"},"north":{"uv":[2.5,3.25,4,3.75],"texture":"#main"},"west":{"uv":[4.5,3.25,6,3.75],"texture":"#main"}}},{"from":[5.5,2,1],"to":[13.5,10,9],"faces":{"east":{"uv":[10,0,12,2],"texture":"#main"},"south":{"uv":[12.25,0,14.25,2],"texture":"#main"},"north":{"uv":[10,0,12,2],"texture":"#main"},"west":{"uv":[10,0,12,2],"texture":"#main"},"up":{"uv":[10,0,12,2],"texture":"#main"},"down":{"uv":[10,0,12,2],"texture":"#main"}}},{"rotation":{"origin":[8,4,4],"angle":-22.5,"axis":"x"},"from":[13.5,6,1],"to":[16.5,9,7],"faces":{"east":{"uv":[1,6.25,1.75,7.75],"texture":"#main","rotation":270},"south":{"uv":[1,8,1.75,8.75],"texture":"#main"},"north":{"uv":[0,8,0.75,8.75],"texture":"#main"},"west":{"uv":[1,6.25,1.75,7.75],"texture":"#main","rotation":180},"up":{"uv":[0,6.25,0.75,7.75],"texture":"#main","rotation":180},"down":{"uv":[1,6.25,1.75,7.75],"texture":"#main","rotation":180}}},{"rotation":{"origin":[-3,4,4],"angle":-22.5,"axis":"x"},"from":[2.5,6,1],"to":[5.5,9,7],"faces":{"east":{"uv":[1,6.25,1.75,7.75],"texture":"#main","rotation":270},"south":{"uv":[1,8,1.75,8.75],"texture":"#main"},"north":{"uv":[0,8,0.75,8.75],"texture":"#main"},"west":{"uv":[1,6.25,1.75,7.75],"texture":"#main","rotation":270},"up":{"uv":[0,6.25,0.75,7.75],"texture":"#main","rotation":180},"down":{"uv":[1,6.25,1.75,7.75],"texture":"#main"}}},{"rotation":{"origin":[4.25,0,4.625],"angle":22.5,"axis":"y"},"from":[-8.75,2,10.125],"to":[7.25,18,10.225],"faces":{"south":{"uv":[10.25,8.75,15,13.5],"texture":"#main"},"north":{"uv":[5,8.75,9.75,13.5],"texture":"#main"}}},{"rotation":{"origin":[10.5,17,0],"angle":-45,"axis":"z"},"from":[-1.5,13,5.5],"to":[8.5,17,5.6],"faces":{"south":{"uv":[0,2.75,1,5.75],"texture":"#main","rotation":270},"north":{"uv":[1.25,2.75,2.25,5.75],"texture":"#main","rotation":90}}},{"rotation":{"origin":[11.5,14,0],"angle":-45,"axis":"z"},"from":[7.5,16,5.5],"to":[11.5,26,5.6],"faces":{"south":{"uv":[1.25,2.75,2.25,5.75],"texture":"#main"},"north":{"uv":[0,2.75,1,5.75],"texture":"#main"}}}],"display":{"head":{"translation":[-1.5,-35,2.0879]},"firstperson_righthand":{"scale":[1.0E-4,1.0E-4,1.0E-4]},"thirdperson_lefthand":{"scale":[1.0E-4,1.0E-4,1.0E-4]},"firstperson_lefthand":{"scale":[1.0E-4,1.0E-4,1.0E-4]}}}