{"texture_size":[64,64],"textures":{"main":"ijg"},"elements":[{"from":[3.35,15.9,8.5],"to":[7.225,20.9,8.5],"faces":{"north":{"uv":[3.5,5.75,4.5,7],"texture":"#main"},"east":{"uv":[0,0,0,1.25],"texture":"#main"},"south":{"uv":[5.25,7,6.25,8.25],"texture":"#main"},"west":{"uv":[0,0,0,1.25],"texture":"#main"},"up":{"uv":[1,0,0,0],"texture":"#main"},"down":{"uv":[1,0,0,0],"texture":"#main"}}},{"from":[3.9,6.4,5.3],"to":[11.1,10.1,11.7],"faces":{"north":{"uv":[6.25,2,8,2.875],"texture":"#main"},"east":{"uv":[6.5,6,8.125,6.875],"texture":"#main"},"south":{"uv":[6.5,3,8.25,3.875],"texture":"#main"},"west":{"uv":[3.5,7,5.125,7.875],"texture":"#main"},"up":{"uv":[1.75,7.375,0,5.75],"texture":"#main"},"down":{"uv":[3.5,5.75,1.75,7.375],"texture":"#main"}}},{"from":[3.4,10.1,4.7],"to":[11.575,12.3,12.275],"faces":{"north":{"uv":[6.25,7,8.25,7.5],"texture":"#main"},"east":{"uv":[6.25,7.5,8.125,8],"texture":"#main"},"south":{"uv":[0,7.5,2,8],"texture":"#main"},"west":{"uv":[0,8,1.875,8.5],"texture":"#main"},"up":{"uv":[4.25,1.875,2.25,0],"texture":"#main"},"down":{"uv":[4.25,2,2.25,3.875],"texture":"#main"}}},{"from":[3.8,12.3,5],"to":[11.375,15.9,11.975],"faces":{"north":{"uv":[6.25,0,8.125,0.875],"texture":"#main"},"east":{"uv":[6.5,4,8.25,4.875],"texture":"#main"},"south":{"uv":[6.25,1,8.125,1.875],"texture":"#main"},"west":{"uv":[6.5,5,8.25,5.875],"texture":"#main"},"up":{"uv":[6.125,1.75,4.25,0],"texture":"#main"},"down":{"uv":[6.125,1.75,4.25,3.5],"texture":"#main"}}},{"from":[3.2,0.2,4.6],"to":[11.8,7.175,12.1],"faces":{"north":{"uv":[0,4,2.125,5.75],"texture":"#main"},"east":{"uv":[4.5,3.5,6.375,5.25],"texture":"#main"},"south":{"uv":[2.25,4,4.375,5.75],"texture":"#main"},"west":{"uv":[4.5,5.25,6.375,7],"texture":"#main"},"up":{"uv":[2.125,1.875,0,0],"texture":"#main"},"down":{"uv":[2.125,2,0,3.875],"texture":"#main"}}},{"from":[4.3,-0.35,6.775],"to":[7,1.05,9.875],"faces":{"north":{"uv":[8.25,3.25,8.875,3.625],"texture":"#main"},"east":{"uv":[8.25,1.5,9,1.875],"texture":"#main"},"south":{"uv":[8.25,3.75,8.875,4.125],"texture":"#main"},"west":{"uv":[8.25,2.75,9,3.125],"texture":"#main"},"up":{"uv":[8.625,2.75,8,2],"texture":"#main"},"down":{"uv":[6.875,8,6.25,8.75],"texture":"#main"}}},{"from":[1.6,4.5,7.4],"to":[3.9,10.1,9.8],"rotation":{"angle":-45,"axis":"z","origin":[2.75,7.3,8.5]},"faces":{"north":{"uv":[2,7.5,2.625,8.875],"texture":"#main"},"east":{"uv":[2.75,7.5,3.375,8.875],"texture":"#main"},"south":{"uv":[3.5,8,4.125,9.375],"texture":"#main"},"west":{"uv":[4.25,8,4.875,9.375],"texture":"#main"},"up":{"uv":[8.875,0.625,8.25,0],"texture":"#main"},"down":{"uv":[8.875,0.75,8.25,1.375],"texture":"#main"}}},{"from":[0.925,2.95,8.675],"to":[4.1,5.25,8.675],"rotation":{"angle":-45,"axis":"z","origin":[2.75,7.3,8.5]},"faces":{"north":{"uv":[7,8,7.75,8.625],"texture":"#main"},"east":{"uv":[0,0,0,0.625],"texture":"#main"},"south":{"uv":[7.75,8,8.5,8.625],"texture":"#main"},"west":{"uv":[0,0,0,0.625],"texture":"#main"},"up":{"uv":[0.75,0,0,0],"texture":"#main"},"down":{"uv":[0.75,0,0,0],"texture":"#main"}}},{"from":[7.925,15.9,8.5],"to":[11.8,20.9,8.5],"rotation":{"angle":0,"axis":"y","origin":[15.15,0,0]},"faces":{"north":{"uv":[4.5,5.75,3.5,7],"texture":"#main"},"east":{"uv":[0,0,0,1.25],"texture":"#main"},"south":{"uv":[6.25,7,5.25,8.25],"texture":"#main"},"west":{"uv":[0,0,0,1.25],"texture":"#main"},"up":{"uv":[0,0,1,0],"texture":"#main"},"down":{"uv":[0,0,1,0],"texture":"#main"}}},{"from":[11.25,4.5,7.4],"to":[13.55,10.1,9.8],"rotation":{"angle":45,"axis":"z","origin":[12.4,7.3,8.5]},"faces":{"north":{"uv":[2.625,7.5,2,8.875],"texture":"#main"},"east":{"uv":[4.875,8,4.25,9.375],"texture":"#main"},"south":{"uv":[4.125,8,3.5,9.375],"texture":"#main"},"west":{"uv":[3.375,7.5,2.75,8.875],"texture":"#main"},"up":{"uv":[8.25,0.625,8.875,0],"texture":"#main"},"down":{"uv":[8.25,0.75,8.875,1.375],"texture":"#main"}}},{"from":[11.05,2.95,8.675],"to":[14.225,5.25,8.675],"rotation":{"angle":45,"axis":"z","origin":[12.4,7.3,8.5]},"faces":{"north":{"uv":[7.75,8,7,8.625],"texture":"#main"},"east":{"uv":[0,0,0,0.625],"texture":"#main"},"south":{"uv":[8.5,8,7.75,8.625],"texture":"#main"},"west":{"uv":[0,0,0,0.625],"texture":"#main"},"up":{"uv":[0,0,0.75,0],"texture":"#main"},"down":{"uv":[0,0,0.75,0],"texture":"#main"}}},{"from":[8.15,-0.35,6.775],"to":[10.85,1.05,9.875],"rotation":{"angle":0,"axis":"y","origin":[15.15,0,0]},"faces":{"north":{"uv":[8.875,3.25,8.25,3.625],"texture":"#main"},"east":{"uv":[9,2.75,8.25,3.125],"texture":"#main"},"south":{"uv":[8.875,3.75,8.25,4.125],"texture":"#main"},"west":{"uv":[9,1.5,8.25,1.875],"texture":"#main"},"up":{"uv":[8,2.75,8.625,2],"texture":"#main"},"down":{"uv":[6.25,8,6.875,8.75],"texture":"#main"}}}],"display":{"head":{"translation":[0.5,-36.5,0],"scale":[0.8,0.8,0.8]}},"groups":[{"name":"group","origin":[2.75,7.3,8.5],"color":0,"children":[0,1,2,3,4,5,6,7,8,9,10,11]}]}