{"parent":"physical_parent","textures":{"main":"jqd"},"texture_size":[64,64],"elements":[{"rotation":{"origin":[5.5,0,7],"angle":0,"axis":"y"},"from":[3.5,0.1,5],"to":[6.5,2,9],"faces":{"east":{"uv":[7.5,0,8.5,0.5],"texture":"#main"},"south":{"uv":[7,7.5,7.75,8],"texture":"#main"},"north":{"uv":[7.5,1,8.25,1.5],"texture":"#main"},"west":{"uv":[7.5,0.5,8.5,1],"texture":"#main"},"up":{"uv":[7.75,5.5,7,4.5],"texture":"#main"},"down":{"uv":[7.75,5.5,7,6.5],"texture":"#main"}}},{"rotation":{"origin":[10.5,0,7],"angle":0,"axis":"y"},"from":[9.5,0.1,5],"to":[12.5,2,9],"faces":{"east":{"uv":[8.5,0.5,7.5,1],"texture":"#main"},"south":{"uv":[7.75,7.5,7,8],"texture":"#main"},"north":{"uv":[8.25,1,7.5,1.5],"texture":"#main"},"west":{"uv":[8.5,0,7.5,0.5],"texture":"#main"},"up":{"uv":[7,5.5,7.75,4.5],"texture":"#main"},"down":{"uv":[7,5.5,7.75,6.5],"texture":"#main"}}},{"rotation":{"origin":[5.5,4,7],"angle":0,"axis":"y"},"from":[3.5,4.1,4],"to":[6.5,10,10],"faces":{"east":{"uv":[5.75,1.75,7.25,3.25],"texture":"#main"},"south":{"uv":[4,6.5,4.75,8],"texture":"#main"},"north":{"uv":[3.25,6.5,4,8],"texture":"#main"},"west":{"uv":[1.75,6.5,3.25,8],"texture":"#main"},"up":{"uv":[5.5,8.25,4.75,6.75],"texture":"#main"},"down":{"uv":[6.25,6.75,5.5,8.25],"texture":"#main"}}},{"rotation":{"origin":[10.5,4,7],"angle":0,"axis":"y"},"from":[9.5,4.1,4],"to":[12.5,10,10],"faces":{"east":{"uv":[3.25,6.5,1.75,8],"texture":"#main"},"south":{"uv":[4.75,6.5,4,8],"texture":"#main"},"north":{"uv":[4,6.5,3.25,8],"texture":"#main"},"west":{"uv":[7.25,1.75,5.75,3.25],"texture":"#main"},"up":{"uv":[4.75,8.25,5.5,6.75],"texture":"#main"},"down":{"uv":[5.5,6.75,6.25,8.25],"texture":"#main"}}},{"rotation":{"origin":[8.5,4,7],"angle":0,"axis":"y"},"from":[4.5,4,5],"to":[11.5,17,12],"faces":{"east":{"uv":[1.75,3.25,3.5,6.5],"texture":"#main"},"south":{"uv":[3.5,3.25,5.25,6.5],"texture":"#main"},"north":{"uv":[0,3.25,1.75,6.5],"texture":"#main"},"west":{"uv":[4,0,5.75,3.25],"texture":"#main"},"up":{"uv":[7,5,5.25,3.25],"texture":"#main"},"down":{"uv":[7,5,5.25,6.75],"texture":"#main"}}},{"rotation":{"origin":[7.5,5,12],"angle":-22.5,"axis":"y"},"from":[6.5,5,10],"to":[6.5,18,18],"faces":{"east":{"uv":[4,0,2,3.25],"texture":"#main"},"south":{"uv":[0,0,0,3.25],"texture":"#main"},"north":{"uv":[0,0,0,3.25],"texture":"#main"},"west":{"uv":[2,0,4,3.25],"texture":"#main"},"up":{"uv":[0,2,0,0],"texture":"#main"},"down":{"uv":[0,0,0,2],"texture":"#main"}}},{"rotation":{"origin":[8.5,5,12],"angle":22.5,"axis":"y"},"from":[9.5,5,10],"to":[9.5,18,18],"faces":{"east":{"uv":[4,0,2,3.25],"texture":"#main"},"south":{"uv":[0,0,0,3.25],"texture":"#main"},"north":{"uv":[0,0,0,3.25],"texture":"#main"},"west":{"uv":[2,0,4,3.25],"texture":"#main"},"up":{"uv":[0,2,0,0],"texture":"#main"},"down":{"uv":[0,0,0,2],"texture":"#main"}}},{"rotation":{"origin":[11.45578,19.31008,8.5],"angle":-22.5,"axis":"z"},"from":[11.45578,16.81008,7],"to":[11.45578,21.81008,10],"faces":{"east":{"uv":[6.25,6.75,7,8],"texture":"#main"},"south":{"uv":[0,0,0,1.25],"texture":"#main"},"north":{"uv":[0,0,0,1.25],"texture":"#main"},"west":{"uv":[7,3.25,7.75,4.5],"texture":"#main"},"up":{"uv":[0,0.75,0,0],"texture":"#main"},"down":{"uv":[0,0,0,0.75],"texture":"#main"}}},{"rotation":{"origin":[4.54422,19.31008,8.5],"angle":22.5,"axis":"z"},"from":[4.54422,16.81008,7],"to":[4.54422,21.81008,10],"faces":{"east":{"uv":[7.75,3.25,7,4.5],"texture":"#main"},"south":{"uv":[0,0,0,1.25],"texture":"#main"},"north":{"uv":[0,0,0,1.25],"texture":"#main"},"west":{"uv":[7,6.75,6.25,8],"texture":"#main"},"up":{"uv":[0,0.75,0,0],"texture":"#main"},"down":{"uv":[0,0,0,0.75],"texture":"#main"}}},{"rotation":{"origin":[9,4,2],"angle":0,"axis":"y"},"from":[8,12,0],"to":[8,14,5],"faces":{"east":{"uv":[7,6.5,8.25,7],"texture":"#main"},"south":{"uv":[0,0,0,0.5],"texture":"#main"},"north":{"uv":[0,0,0,0.5],"texture":"#main"},"west":{"uv":[7,7,8.25,7.5],"texture":"#main"},"up":{"uv":[0,1.25,0,0],"texture":"#main"},"down":{"uv":[0,0,0,1.25],"texture":"#main"}}},{"rotation":{"origin":[1.5,4,8],"angle":0,"axis":"y"},"from":[2.5,12,7],"to":[4.5,15,10],"faces":{"east":{"uv":[7.25,1.75,8,2.5],"texture":"#main"},"south":{"uv":[7.75,5,8.25,5.75],"texture":"#main"},"north":{"uv":[7.75,4.25,8.25,5],"texture":"#main"},"west":{"uv":[7.25,2.5,8,3.25],"texture":"#main"},"up":{"uv":[8.25,6.5,7.75,5.75],"texture":"#main"},"down":{"uv":[8.25,7.5,7.75,8.25],"texture":"#main"}}},{"rotation":{"origin":[14.5,4,8],"angle":0,"axis":"y"},"from":[11.5,12,7],"to":[13.5,15,10],"faces":{"east":{"uv":[8,2.5,7.25,3.25],"texture":"#main"},"south":{"uv":[8.25,5,7.75,5.75],"texture":"#main"},"north":{"uv":[8.25,4.25,7.75,5],"texture":"#main"},"west":{"uv":[8,1.75,7.25,2.5],"texture":"#main"},"up":{"uv":[7.75,6.5,8.25,5.75],"texture":"#main"},"down":{"uv":[7.75,7.5,8.25,8.25],"texture":"#main"}}},{"rotation":{"origin":[-2.6334,2.22001,8],"angle":-22.5,"axis":"z"},"from":[-1.6334,6.22001,5],"to":[-1.6334,13.22001,12],"faces":{"east":{"uv":[0,6.5,1.75,8.25],"texture":"#main"},"south":{"uv":[0,0,0,1.75],"texture":"#main"},"north":{"uv":[0,0,0,1.75],"texture":"#main"},"west":{"uv":[0,6.5,1.75,8.25],"texture":"#main"},"up":{"uv":[0,1.75,0,0],"texture":"#main"},"down":{"uv":[0,0,0,1.75],"texture":"#main"}}},{"rotation":{"origin":[18.6334,2.22001,8],"angle":22.5,"axis":"z"},"from":[17.6334,6.22001,5],"to":[17.6334,13.22001,12],"faces":{"east":{"uv":[1.75,6.5,0,8.25],"texture":"#main"},"south":{"uv":[0,0,0,1.75],"texture":"#main"},"north":{"uv":[0,0,0,1.75],"texture":"#main"},"west":{"uv":[1.75,6.5,0,8.25],"texture":"#main"},"up":{"uv":[0,1.75,0,0],"texture":"#main"},"down":{"uv":[0,0,0,1.75],"texture":"#main"}}},{"rotation":{"origin":[5.5,2,7],"angle":0,"axis":"y"},"from":[4,2,7],"to":[6,4,9],"faces":{"east":{"uv":[1.75,8,2.25,8.5],"texture":"#main"},"south":{"uv":[8,2,8.5,2.5],"texture":"#main"},"north":{"uv":[8,1.5,8.5,2],"texture":"#main"},"west":{"uv":[2.25,8,2.75,8.5],"texture":"#main"},"up":{"uv":[8.5,3,8,2.5],"texture":"#main"},"down":{"uv":[3.25,8,2.75,8.5],"texture":"#main"}}},{"rotation":{"origin":[10.5,2,7],"angle":0,"axis":"y"},"from":[10,2,7],"to":[12,4,9],"faces":{"east":{"uv":[2.75,8,2.25,8.5],"texture":"#main"},"south":{"uv":[8.5,2,8,2.5],"texture":"#main"},"north":{"uv":[8.5,1.5,8,2],"texture":"#main"},"west":{"uv":[2.25,8,1.75,8.5],"texture":"#main"},"up":{"uv":[8,3,8.5,2.5],"texture":"#main"},"down":{"uv":[2.75,8,3.25,8.5],"texture":"#main"}}},{"rotation":{"origin":[5.5,-2,7.5],"angle":0,"axis":"y"},"from":[3.5,-2,7.5],"to":[6.5,0,7.5],"faces":{"east":{"uv":[0,0,0,0.5],"texture":"#main"},"south":{"uv":[7.75,3.75,8.5,4.25],"texture":"#main"},"north":{"uv":[7.75,3.25,8.5,3.75],"texture":"#main"},"west":{"uv":[0,0,0,0.5],"texture":"#main"},"up":{"uv":[0.75,0,0,0],"texture":"#main"},"down":{"uv":[0.75,0,0,0],"texture":"#main"}}},{"rotation":{"origin":[10.5,-2,7.5],"angle":0,"axis":"y"},"from":[9.5,-2,7.5],"to":[12.5,0,7.5],"faces":{"east":{"uv":[0,0,0,0.5],"texture":"#main"},"south":{"uv":[8.5,3.75,7.75,4.25],"texture":"#main"},"north":{"uv":[8.5,3.25,7.75,3.75],"texture":"#main"},"west":{"uv":[0,0,0,0.5],"texture":"#main"},"up":{"uv":[0,0,0.75,0],"texture":"#main"},"down":{"uv":[0,0,0.75,0],"texture":"#main"}}}],"display":{"head":{"translation":[0,-28,0],"scale":[1.93,1.93,1.93]}}}