{"parent":"physical_parent","textures":{"main":"ici"},"texture_size":[64,64],"elements":[{"rotation":{"origin":[-1.5,7.9304,13.10231],"angle":0,"axis":"y"},"from":[4.5,-0.0696,3.10231],"to":[6.5,0.9304,7.10231],"faces":{"east":{"uv":[8.5,8.25,9.5,8.5],"texture":"#main"},"south":{"uv":[10.25,5.25,10.75,5.5],"texture":"#main"},"north":{"uv":[10,3,10.5,3.25],"texture":"#main"},"west":{"uv":[9,1,10,1.25],"texture":"#main"},"up":{"uv":[6.75,5.5,6.25,4.5],"texture":"#main"},"down":{"uv":[2.5,6.5,2,7.5],"texture":"#main"}}},{"rotation":{"origin":[17.5,7.9304,13.10231],"angle":0,"axis":"y"},"from":[9.5,-0.0696,3.10231],"to":[11.5,0.9304,7.10231],"faces":{"east":{"uv":[10,1,9,1.25],"texture":"#main"},"south":{"uv":[10.75,5.25,10.25,5.5],"texture":"#main"},"north":{"uv":[10.5,3,10,3.25],"texture":"#main"},"west":{"uv":[9.5,8.25,8.5,8.5],"texture":"#main"},"up":{"uv":[6.25,5.5,6.75,4.5],"texture":"#main"},"down":{"uv":[2,6.5,2.5,7.5],"texture":"#main"}}},{"rotation":{"origin":[-2,7.9304,21.10231],"angle":0,"axis":"y"},"from":[4,-0.0696,11.10231],"to":[6,0.9304,15.10231],"faces":{"east":{"uv":[9.5,8.25,10.5,8.5],"texture":"#main"},"south":{"uv":[10.25,5.75,10.75,6],"texture":"#main"},"north":{"uv":[10.25,5.5,10.75,5.75],"texture":"#main"},"west":{"uv":[10,2.75,11,3],"texture":"#main"},"up":{"uv":[9.75,4.75,9.25,3.75],"texture":"#main"},"down":{"uv":[9.75,4.75,9.25,5.75],"texture":"#main"}}},{"rotation":{"origin":[18,7.9304,21.10231],"angle":0,"axis":"y"},"from":[10,-0.0696,11.10231],"to":[12,0.9304,15.10231],"faces":{"east":{"uv":[11,2.75,10,3],"texture":"#main"},"south":{"uv":[10.75,5.75,10.25,6],"texture":"#main"},"north":{"uv":[10.75,5.5,10.25,5.75],"texture":"#main"},"west":{"uv":[10.5,8.25,9.5,8.5],"texture":"#main"},"up":{"uv":[9.25,4.75,9.75,3.75],"texture":"#main"},"down":{"uv":[9.25,4.75,9.75,5.75],"texture":"#main"}}},{"rotation":{"origin":[-1,7.9304,13.10231],"angle":0,"axis":"x"},"from":[4.9,-0.0696,5.10231],"to":[7,5.9304,7.10231],"faces":{"east":{"uv":[8.75,3.75,9.25,5.25],"texture":"#main"},"south":{"uv":[8.75,5.25,9.25,6.75],"texture":"#main"},"north":{"uv":[7,8.5,7.5,10],"texture":"#main"},"west":{"uv":[8.5,9,9,10.5],"texture":"#main"},"up":{"uv":[10.5,7.25,10,6.75],"texture":"#main"},"down":{"uv":[10.5,7.25,10,7.75],"texture":"#main"}}},{"rotation":{"origin":[17,7.9304,13.10231],"angle":0,"axis":"x"},"from":[9,-0.0696,5.10231],"to":[11.1,5.9304,7.10231],"faces":{"east":{"uv":[9,9,8.5,10.5],"texture":"#main"},"south":{"uv":[9.25,5.25,8.75,6.75],"texture":"#main"},"north":{"uv":[7.5,8.5,7,10],"texture":"#main"},"west":{"uv":[9.25,3.75,8.75,5.25],"texture":"#main"},"up":{"uv":[10,7.25,10.5,6.75],"texture":"#main"},"down":{"uv":[10,7.25,10.5,7.75],"texture":"#main"}}},{"rotation":{"origin":[5.45,3.1804,14.85231],"angle":22.5,"axis":"x"},"from":[4.4,0.1804,13.85231],"to":[6.5,6.1804,15.85231],"faces":{"east":{"uv":[2,9.25,2.5,10.75],"texture":"#main"},"south":{"uv":[2.5,9.25,3,10.75],"texture":"#main"},"north":{"uv":[9,9,9.5,10.5],"texture":"#main"},"west":{"uv":[3,9.25,3.5,10.75],"texture":"#main"},"up":{"uv":[10.5,10,10,9.5],"texture":"#main"},"down":{"uv":[5,10.25,4.5,10.75],"texture":"#main"}}},{"rotation":{"origin":[10.55,3.1804,14.85231],"angle":22.5,"axis":"x"},"from":[9.5,0.1804,13.85231],"to":[11.6,6.1804,15.85231],"faces":{"east":{"uv":[3.5,9.25,3,10.75],"texture":"#main"},"south":{"uv":[3,9.25,2.5,10.75],"texture":"#main"},"north":{"uv":[9.5,9,9,10.5],"texture":"#main"},"west":{"uv":[2.5,9.25,2,10.75],"texture":"#main"},"up":{"uv":[10,10,10.5,9.5],"texture":"#main"},"down":{"uv":[4.5,10.25,5,10.75],"texture":"#main"}}},{"rotation":{"origin":[5.5,7.20414,4.95112],"angle":-22.5,"axis":"x"},"from":[4.4,5.20414,3.45112],"to":[6.5,9.20414,6.45112],"faces":{"east":{"uv":[5.5,4.5,6.25,5.5],"texture":"#main"},"south":{"uv":[0.75,9.5,1.25,10.5],"texture":"#main"},"north":{"uv":[9.25,5.75,9.75,6.75],"texture":"#main"},"west":{"uv":[8.75,6.75,9.5,7.75],"texture":"#main"},"up":{"uv":[10.25,5.5,9.75,4.75],"texture":"#main"},"down":{"uv":[10.25,5.5,9.75,6.25],"texture":"#main"}}},{"rotation":{"origin":[10.5,7.20414,4.95112],"angle":-22.5,"axis":"x"},"from":[9.5,5.20414,3.45112],"to":[11.6,9.20414,6.45112],"faces":{"east":{"uv":[9.5,6.75,8.75,7.75],"texture":"#main"},"south":{"uv":[1.25,9.5,0.75,10.5],"texture":"#main"},"north":{"uv":[9.75,5.75,9.25,6.75],"texture":"#main"},"west":{"uv":[6.25,4.5,5.5,5.5],"texture":"#main"},"up":{"uv":[9.75,5.5,10.25,4.75],"texture":"#main"},"down":{"uv":[9.75,5.5,10.25,6.25],"texture":"#main"}}},{"rotation":{"origin":[6,7.20414,14.95112],"angle":-45,"axis":"x"},"from":[4.9,4.65297,12.45112],"to":[7,9.20414,15.19036],"faces":{"east":{"uv":[0.75,8.25,1.5,9.5],"texture":"#main"},"south":{"uv":[5.75,9.25,6.25,10.5],"texture":"#main"},"north":{"uv":[5.25,9.25,5.75,10.5],"texture":"#main"},"west":{"uv":[8.25,0,9,1.25],"texture":"#main"},"up":{"uv":[2,10.75,1.5,10],"texture":"#main"},"down":{"uv":[7.5,10,7,10.75],"texture":"#main"}}},{"rotation":{"origin":[10,7.20414,14.95112],"angle":-45,"axis":"x"},"from":[9,4.65297,12.45112],"to":[11.1,9.20414,15.19036],"faces":{"east":{"uv":[9,0,8.25,1.25],"texture":"#main"},"south":{"uv":[6.25,9.25,5.75,10.5],"texture":"#main"},"north":{"uv":[5.75,9.25,5.25,10.5],"texture":"#main"},"west":{"uv":[1.5,8.25,0.75,9.5],"texture":"#main"},"up":{"uv":[1.5,10.75,2,10],"texture":"#main"},"down":{"uv":[7,10,7.5,10.75],"texture":"#main"}}},{"rotation":{"origin":[8,10.58761,16.09787],"angle":-45,"axis":"x"},"from":[7,9.08761,13.09787],"to":[9,12.08761,19.09787],"faces":{"east":{"uv":[7.5,1.75,9,2.5],"texture":"#main"},"south":{"uv":[10,1,10.5,1.75],"texture":"#main"},"north":{"uv":[10,10,10.5,10.75],"texture":"#main"},"west":{"uv":[7.75,2.5,9.25,3.25],"texture":"#main"},"up":{"uv":[4,10.75,3.5,9.25],"texture":"#main"},"down":{"uv":[4.5,9.25,4,10.75],"texture":"#main"}}},{"rotation":{"origin":[8.5,15.69364,15.98061],"angle":-22.5,"axis":"x"},"from":[7.5,10.69364,15.48061],"to":[8.5,17.69364,17.48061],"faces":{"east":{"uv":[1.5,8.25,2,10],"texture":"#main"},"south":{"uv":[1.25,9.5,1.5,11.25],"texture":"#main"},"north":{"uv":[6.25,9.25,6.5,11],"texture":"#main"},"west":{"uv":[6.5,8.5,7,10.25],"texture":"#main"},"up":{"uv":[6.75,8,6.5,7.5],"texture":"#main"},"down":{"uv":[8,3.25,7.75,3.75],"texture":"#main"}}},{"rotation":{"origin":[15,16,16],"angle":0,"axis":"y"},"from":[5,6,2],"to":[11,11,16],"faces":{"east":{"uv":[2.5,0,6,1.25],"texture":"#main"},"south":{"uv":[6,1.25,7.5,2.5],"texture":"#main"},"north":{"uv":[6,0,7.5,1.25],"texture":"#main"},"west":{"uv":[2.5,1.25,6,2.5],"texture":"#main"},"up":{"uv":[4,6,2.5,2.5],"texture":"#main"},"down":{"uv":[5.5,4,4,7.5],"texture":"#main"}}},{"rotation":{"origin":[10,13.5,18.5],"angle":0,"axis":"y"},"from":[3,5.5,9.5],"to":[6,11.5,15.5],"faces":{"east":{"uv":[4,2.5,5.5,4],"texture":"#main"},"south":{"uv":[8,4.75,8.75,6.25],"texture":"#main"},"north":{"uv":[8,3.25,8.75,4.75],"texture":"#main"},"west":{"uv":[2.5,6,4,7.5],"texture":"#main"},"up":{"uv":[8.75,7.75,8,6.25],"texture":"#main"},"down":{"uv":[0.75,8.25,0,9.75],"texture":"#main"}}},{"rotation":{"origin":[6,13.5,18.5],"angle":0,"axis":"y"},"from":[10,5.5,9.5],"to":[13,11.5,15.5],"faces":{"east":{"uv":[4,6,2.5,7.5],"texture":"#main"},"south":{"uv":[8.75,4.75,8,6.25],"texture":"#main"},"north":{"uv":[8.75,3.25,8,4.75],"texture":"#main"},"west":{"uv":[5.5,2.5,4,4],"texture":"#main"},"up":{"uv":[8,7.75,8.75,6.25],"texture":"#main"},"down":{"uv":[0,8.25,0.75,9.75],"texture":"#main"}}},{"rotation":{"origin":[4.5,12.49514,14.7095],"angle":0,"axis":"x"},"from":[3.5,11.23928,11.91298],"to":[5.5,15.23928,13.91298],"faces":{"east":{"uv":[8,9.5,8.5,10.5],"texture":"#main"},"south":{"uv":[9.5,9.5,10,10.5],"texture":"#main"},"north":{"uv":[7.5,9.5,8,10.5],"texture":"#main"},"west":{"uv":[9.5,6.75,10,7.75],"texture":"#main"},"up":{"uv":[7,10.75,6.5,10.25],"texture":"#main"},"down":{"uv":[10.75,3.75,10.25,4.25],"texture":"#main"}}},{"rotation":{"origin":[11.5,12.49514,14.7095],"angle":0,"axis":"x"},"from":[10.5,11.23928,11.91298],"to":[12.5,15.23928,13.91298],"faces":{"east":{"uv":[10,6.75,9.5,7.75],"texture":"#main"},"south":{"uv":[10,9.5,9.5,10.5],"texture":"#main"},"north":{"uv":[8,9.5,7.5,10.5],"texture":"#main"},"west":{"uv":[8.5,9.5,8,10.5],"texture":"#main"},"up":{"uv":[6.5,10.75,7,10.25],"texture":"#main"},"down":{"uv":[10.25,3.75,10.75,4.25],"texture":"#main"}}},{"rotation":{"origin":[4.5,12.74514,14.4595],"angle":-45,"axis":"x"},"from":[3.5,9.94862,13.20365],"to":[5.5,11.94862,17.20365],"faces":{"east":{"uv":[9.5,9,10.5,9.5],"texture":"#main"},"south":{"uv":[10.25,4.75,10.75,5.25],"texture":"#main"},"north":{"uv":[10.25,4.25,10.75,4.75],"texture":"#main"},"west":{"uv":[9.75,0,10.75,0.5],"texture":"#main"},"up":{"uv":[0.5,10.75,0,9.75],"texture":"#main"},"down":{"uv":[10.25,3.75,9.75,4.75],"texture":"#main"}}},{"rotation":{"origin":[11.5,12.74514,14.4595],"angle":-45,"axis":"x"},"from":[10.5,9.94862,13.20365],"to":[12.5,11.94862,17.20365],"faces":{"east":{"uv":[10.75,0,9.75,0.5],"texture":"#main"},"south":{"uv":[10.75,4.75,10.25,5.25],"texture":"#main"},"north":{"uv":[10.75,4.25,10.25,4.75],"texture":"#main"},"west":{"uv":[10.5,9,9.5,9.5],"texture":"#main"},"up":{"uv":[0,10.75,0.5,9.75],"texture":"#main"},"down":{"uv":[9.75,3.75,10.25,4.75],"texture":"#main"}}},{"rotation":{"origin":[10,13.5,18.5],"angle":0,"axis":"y"},"from":[4.5,5.5,8.5],"to":[4.5,14.5,18.5],"faces":{"east":{"uv":[0,0,2.5,2.25],"texture":"#main"},"south":{"uv":[0,0,0,2.25],"texture":"#main"},"north":{"uv":[0,0,0,2.25],"texture":"#main"},"west":{"uv":[0,2.25,2.5,4.5],"texture":"#main"},"up":{"uv":[0,2.5,0,0],"texture":"#main"},"down":{"uv":[0,0,0,2.5],"texture":"#main"}}},{"rotation":{"origin":[6,13.5,18.5],"angle":0,"axis":"y"},"from":[11.5,5.5,8.5],"to":[11.5,14.5,18.5],"faces":{"east":{"uv":[2.5,2.25,0,4.5],"texture":"#main"},"south":{"uv":[0,0,0,2.25],"texture":"#main"},"north":{"uv":[0,0,0,2.25],"texture":"#main"},"west":{"uv":[2.5,0,0,2.25],"texture":"#main"},"up":{"uv":[0,2.5,0,0],"texture":"#main"},"down":{"uv":[0,0,0,2.5],"texture":"#main"}}},{"rotation":{"origin":[15,21,16],"angle":0,"axis":"y"},"from":[6,13,-1],"to":[10,15,6],"faces":{"east":{"uv":[8.25,1.25,10,1.75],"texture":"#main"},"south":{"uv":[9.75,1.75,10.75,2.25],"texture":"#main"},"north":{"uv":[9.75,0.5,10.75,1],"texture":"#main"},"west":{"uv":[8.5,8.5,10.25,9],"texture":"#main"},"up":{"uv":[1,8.25,0,6.5],"texture":"#main"},"down":{"uv":[2,6.5,1,8.25],"texture":"#main"}}},{"rotation":{"origin":[8.5,16.16551,2.11626],"angle":-22.5,"axis":"x"},"from":[6.5,14.66551,-1.38374],"to":[9.5,16.66551,5.61626],"faces":{"east":{"uv":[8.5,7.75,10.25,8.25],"texture":"#main"},"south":{"uv":[10,2.25,10.75,2.75],"texture":"#main"},"north":{"uv":[9.75,6.25,10.5,6.75],"texture":"#main"},"west":{"uv":[8.75,3.25,10.5,3.75],"texture":"#main"},"up":{"uv":[2.75,9.25,2,7.5],"texture":"#main"},"down":{"uv":[3.5,7.5,2.75,9.25],"texture":"#main"}}},{"rotation":{"origin":[9.5,18.41551,3.61626],"angle":22.5,"axis":"x"},"from":[6.5,15.91551,2.61626],"to":[9.5,22.91551,6.61626],"faces":{"east":{"uv":[6.75,6.75,7.75,8.5],"texture":"#main"},"south":{"uv":[7.75,7.75,8.5,9.5],"texture":"#main"},"north":{"uv":[7.5,0,8.25,1.75],"texture":"#main"},"west":{"uv":[6.75,2.5,7.75,4.25],"texture":"#main"},"up":{"uv":[9.75,1,9,0],"texture":"#main"},"down":{"uv":[5.25,9.25,4.5,10.25],"texture":"#main"}}},{"rotation":{"origin":[15.5,22,17],"angle":0,"axis":"y"},"from":[5.5,11,3],"to":[10.5,19,8],"faces":{"east":{"uv":[1.25,4.5,2.5,6.5],"texture":"#main"},"south":{"uv":[5.5,5.5,6.75,7.5],"texture":"#main"},"north":{"uv":[0,4.5,1.25,6.5],"texture":"#main"},"west":{"uv":[5.5,2.5,6.75,4.5],"texture":"#main"},"up":{"uv":[8,5.5,6.75,4.25],"texture":"#main"},"down":{"uv":[8,5.5,6.75,6.75],"texture":"#main"}}},{"rotation":{"origin":[7.62322,16.50918,6],"angle":-22.5,"axis":"z"},"from":[4.12322,13.00918,4],"to":[7.12322,20.00918,7],"faces":{"east":{"uv":[4.25,7.5,5,9.25],"texture":"#main"},"south":{"uv":[5,7.5,5.75,9.25],"texture":"#main"},"north":{"uv":[3.5,7.5,4.25,9.25],"texture":"#main"},"west":{"uv":[5.75,7.5,6.5,9.25],"texture":"#main"},"up":{"uv":[9.75,2.5,9,1.75],"texture":"#main"},"down":{"uv":[10,2.5,9.25,3.25],"texture":"#main"}}},{"rotation":{"origin":[8.37678,16.50918,6],"angle":22.5,"axis":"z"},"from":[8.87678,13.00918,4],"to":[11.87678,20.00918,7],"faces":{"east":{"uv":[6.5,7.5,5.75,9.25],"texture":"#main"},"south":{"uv":[5.75,7.5,5,9.25],"texture":"#main"},"north":{"uv":[4.25,7.5,3.5,9.25],"texture":"#main"},"west":{"uv":[5,7.5,4.25,9.25],"texture":"#main"},"up":{"uv":[9,2.5,9.75,1.75],"texture":"#main"},"down":{"uv":[9.25,2.5,10,3.25],"texture":"#main"}}}],"display":{"head":{"translation":[0,-28.5,0],"scale":[1.8,1.8,1.8]}}}