{"parent":"physical_parent","textures":{"main":"ihv"},"elements":[{"rotation":{"origin":[13,11,12],"angle":0,"axis":"x"},"from":[3,3,4],"to":[13,16,13],"faces":{"east":{"uv":[0,3.625,1.125,5.25],"texture":"#main"},"south":{"uv":[3.5,3.625,4.75,5.25],"texture":"#main"},"north":{"uv":[1.125,3.625,2.375,5.25],"texture":"#main"},"west":{"uv":[2.375,3.625,3.5,5.25],"texture":"#main"},"up":{"uv":[2.375,3.625,1.125,2.5],"texture":"#main"},"down":{"uv":[3.625,2.5,2.375,3.625],"texture":"#main"}}},{"rotation":{"origin":[21,-1,10],"angle":45,"axis":"x"},"from":[11,-6,2],"to":[15,4,6],"faces":{"east":{"uv":[4.5,6.875,5,8.125],"texture":"#main"},"south":{"uv":[6,6.875,6.5,8.125],"texture":"#main"},"north":{"uv":[5,6.875,5.5,8.125],"texture":"#main"},"west":{"uv":[5.5,6.875,6,8.125],"texture":"#main"},"up":{"uv":[5.5,6.875,5,6.375],"texture":"#main"},"down":{"uv":[6,6.375,5.5,6.875],"texture":"#main"}}},{"rotation":{"origin":[11,-1,10],"angle":45,"axis":"x"},"from":[1,-6,2],"to":[5,4,6],"faces":{"east":{"uv":[2.5,6.875,3,8.125],"texture":"#main"},"south":{"uv":[4,6.875,4.5,8.125],"texture":"#main"},"north":{"uv":[3,6.875,3.5,8.125],"texture":"#main"},"west":{"uv":[3.5,6.875,4,8.125],"texture":"#main"},"up":{"uv":[3.5,6.875,3,6.375],"texture":"#main"},"down":{"uv":[4,6.375,3.5,6.875],"texture":"#main"}}},{"rotation":{"origin":[20,16,14],"angle":45,"axis":"z"},"from":[10.99,11,7],"to":[13.99,21,10],"faces":{"east":{"uv":[4.125,0.375,4.5,1.625],"texture":"#main"},"south":{"uv":[5.25,0.375,5.625,1.625],"texture":"#main"},"north":{"uv":[4.5,0.375,4.875,1.625],"texture":"#main"},"west":{"uv":[4.875,0.375,5.25,1.625],"texture":"#main"},"up":{"uv":[4.875,0.375,4.5,0],"texture":"#main"},"down":{"uv":[5.25,0,4.875,0.375],"texture":"#main"}}},{"rotation":{"origin":[-4,16,14],"angle":-45,"axis":"z"},"from":[2.01,11,7],"to":[5.01,21,10],"faces":{"east":{"uv":[5.25,0.375,4.875,1.625],"texture":"#main"},"south":{"uv":[5.625,0.375,5.25,1.625],"texture":"#main"},"north":{"uv":[4.875,0.375,4.5,1.625],"texture":"#main"},"west":{"uv":[4.5,0.375,4.125,1.625],"texture":"#main"},"up":{"uv":[4.5,0.375,4.875,0],"texture":"#main"},"down":{"uv":[4.875,0,5.25,0.375],"texture":"#main"}}},{"rotation":{"origin":[19,17,13],"angle":45,"axis":"z"},"from":[11,9.02,6],"to":[13,11.02,8],"faces":{"east":{"uv":[4,6.625,4.25,6.875],"texture":"#main"},"south":{"uv":[4.75,6.625,5,6.875],"texture":"#main"},"north":{"uv":[4.25,6.625,4.5,6.875],"texture":"#main"},"west":{"uv":[4.5,6.625,4.75,6.875],"texture":"#main"},"up":{"uv":[4.5,6.625,4.25,6.375],"texture":"#main"},"down":{"uv":[4.75,6.375,4.5,6.625],"texture":"#main"}}},{"rotation":{"origin":[-3,17,13],"angle":-45,"axis":"z"},"from":[3,9.02,6],"to":[5,11.02,8],"faces":{"east":{"uv":[4.75,6.625,4.5,6.875],"texture":"#main"},"south":{"uv":[5,6.625,4.75,6.875],"texture":"#main"},"north":{"uv":[4.5,6.625,4.25,6.875],"texture":"#main"},"west":{"uv":[4.25,6.625,4,6.875],"texture":"#main"},"up":{"uv":[4.25,6.625,4.5,6.375],"texture":"#main"},"down":{"uv":[4.5,6.375,4.75,6.625],"texture":"#main"}}},{"rotation":{"origin":[19,17,16],"angle":45,"axis":"z"},"from":[11,9.02,9],"to":[13,11.02,11],"faces":{"east":{"uv":[6,0.75,6.25,1],"texture":"#main"},"south":{"uv":[6.75,0.75,7,1],"texture":"#main"},"north":{"uv":[6.25,0.75,6.5,1],"texture":"#main"},"west":{"uv":[6.5,0.75,6.75,1],"texture":"#main"},"up":{"uv":[6.5,0.75,6.25,0.5],"texture":"#main"},"down":{"uv":[6.75,0.5,6.5,0.75],"texture":"#main"}}},{"rotation":{"origin":[-3,17,16],"angle":-45,"axis":"z"},"from":[3,9.02,9],"to":[5,11.02,11],"faces":{"east":{"uv":[6.75,0.75,6.5,1],"texture":"#main"},"south":{"uv":[7,0.75,6.75,1],"texture":"#main"},"north":{"uv":[6.5,0.75,6.25,1],"texture":"#main"},"west":{"uv":[6.25,0.75,6,1],"texture":"#main"},"up":{"uv":[6.25,0.75,6.5,0.5],"texture":"#main"},"down":{"uv":[6.5,0.5,6.75,0.75],"texture":"#main"}}},{"rotation":{"origin":[20,16,14],"angle":45,"axis":"z"},"from":[12,9.01,7.5],"to":[14,11.01,9.5],"faces":{"east":{"uv":[2,6,2.25,6.25],"texture":"#main"},"south":{"uv":[2.75,6,3,6.25],"texture":"#main"},"north":{"uv":[2.25,6,2.5,6.25],"texture":"#main"},"west":{"uv":[2.5,6,2.75,6.25],"texture":"#main"},"up":{"uv":[2.5,6,2.25,5.75],"texture":"#main"},"down":{"uv":[2.75,5.75,2.5,6],"texture":"#main"}}},{"rotation":{"origin":[-4,16,14],"angle":-45,"axis":"z"},"from":[2,9.01,7.5],"to":[4,11.01,9.5],"faces":{"east":{"uv":[2.75,6,2.5,6.25],"texture":"#main"},"south":{"uv":[3,6,2.75,6.25],"texture":"#main"},"north":{"uv":[2.5,6,2.25,6.25],"texture":"#main"},"west":{"uv":[2.25,6,2,6.25],"texture":"#main"},"up":{"uv":[2.25,6,2.5,5.75],"texture":"#main"},"down":{"uv":[2.5,5.75,2.75,6],"texture":"#main"}}},{"rotation":{"origin":[21,-1,10],"angle":45,"axis":"x"},"from":[11.01,-6,6],"to":[15.01,-3,10],"faces":{"east":{"uv":[0,7,0.5,7.375],"texture":"#main"},"south":{"uv":[1.5,7,2,7.375],"texture":"#main"},"north":{"uv":[0.5,7,1,7.375],"texture":"#main"},"west":{"uv":[1,7,1.5,7.375],"texture":"#main"},"up":{"uv":[1,7,0.5,6.5],"texture":"#main"},"down":{"uv":[1.5,6.5,1,7],"texture":"#main"}}},{"rotation":{"origin":[11,-1,10],"angle":45,"axis":"x"},"from":[1.01,-6,6],"to":[5.01,-3,10],"faces":{"east":{"uv":[6,1.75,6.5,2.125],"texture":"#main"},"south":{"uv":[7.5,1.75,8,2.125],"texture":"#main"},"north":{"uv":[6.5,1.75,7,2.125],"texture":"#main"},"west":{"uv":[7,1.75,7.5,2.125],"texture":"#main"},"up":{"uv":[7,1.75,6.5,1.25],"texture":"#main"},"down":{"uv":[7.5,1.25,7,1.75],"texture":"#main"}}},{"rotation":{"origin":[21,-4.53553,11.46447],"angle":0,"axis":"x"},"from":[11,-4.53553,0.46447],"to":[15,-2.53553,8.46447],"faces":{"east":{"uv":[6,1,7,1.25],"texture":"#main"},"south":{"uv":[8.5,1,9,1.25],"texture":"#main"},"north":{"uv":[7,1,7.5,1.25],"texture":"#main"},"west":{"uv":[7.5,1,8.5,1.25],"texture":"#main"},"up":{"uv":[7.5,1,7,0],"texture":"#main"},"down":{"uv":[8,0,7.5,1],"texture":"#main"}}},{"rotation":{"origin":[11,-4.53553,11.46447],"angle":0,"axis":"x"},"from":[1,-4.53553,0.46447],"to":[5,-2.53553,8.46447],"faces":{"east":{"uv":[0,6.25,1,6.5],"texture":"#main"},"south":{"uv":[2.5,6.25,3,6.5],"texture":"#main"},"north":{"uv":[1,6.25,1.5,6.5],"texture":"#main"},"west":{"uv":[1.5,6.25,2.5,6.5],"texture":"#main"},"up":{"uv":[1.5,6.25,1,5.25],"texture":"#main"},"down":{"uv":[2,5.25,1.5,6.25],"texture":"#main"}}},{"rotation":{"origin":[22,-4.53553,12.46447],"angle":0,"axis":"x"},"from":[14,-4.6,-0.53553],"to":[16,-2.6,1.46447],"faces":{"east":{"uv":[6.75,7,7,7.25],"texture":"#main"},"south":{"uv":[7.5,7,7.75,7.25],"texture":"#main"},"north":{"uv":[7,7,7.25,7.25],"texture":"#main"},"west":{"uv":[7.25,7,7.5,7.25],"texture":"#main"},"up":{"uv":[7.25,7,7,6.75],"texture":"#main"},"down":{"uv":[7.5,6.75,7.25,7],"texture":"#main"}}},{"rotation":{"origin":[12,-4.53553,12.46447],"angle":0,"axis":"x"},"from":[4,-4.6,-0.53553],"to":[6,-2.6,1.46447],"faces":{"east":{"uv":[0,2.75,0.25,3],"texture":"#main"},"south":{"uv":[0.75,2.75,1,3],"texture":"#main"},"north":{"uv":[0.25,2.75,0.5,3],"texture":"#main"},"west":{"uv":[0.5,2.75,0.75,3],"texture":"#main"},"up":{"uv":[0.5,2.75,0.25,2.5],"texture":"#main"},"down":{"uv":[0.75,2.5,0.5,2.75],"texture":"#main"}}},{"rotation":{"origin":[18,-4.53553,12.46447],"angle":0,"axis":"x"},"from":[10,-4.6,-0.53553],"to":[12,-2.6,1.46447],"faces":{"east":{"uv":[1.5,6.75,1.75,7],"texture":"#main"},"south":{"uv":[2.25,6.75,2.5,7],"texture":"#main"},"north":{"uv":[1.75,6.75,2,7],"texture":"#main"},"west":{"uv":[2,6.75,2.25,7],"texture":"#main"},"up":{"uv":[2,6.75,1.75,6.5],"texture":"#main"},"down":{"uv":[2.25,6.5,2,6.75],"texture":"#main"}}},{"rotation":{"origin":[8,-4.53553,12.46447],"angle":0,"axis":"x"},"from":[0,-4.6,-0.53553],"to":[2,-2.6,1.46447],"faces":{"east":{"uv":[0,5.5,0.25,5.75],"texture":"#main"},"south":{"uv":[0.75,5.5,1,5.75],"texture":"#main"},"north":{"uv":[0.25,5.5,0.5,5.75],"texture":"#main"},"west":{"uv":[0.5,5.5,0.75,5.75],"texture":"#main"},"up":{"uv":[0.5,5.5,0.25,5.25],"texture":"#main"},"down":{"uv":[0.75,5.25,0.5,5.5],"texture":"#main"}}},{"rotation":{"origin":[20,-4.53553,11.46447],"angle":0,"axis":"x"},"from":[12,-4.6,-1.53553],"to":[14,-2.6,0.46447],"faces":{"east":{"uv":[6,6.625,6.25,6.875],"texture":"#main"},"south":{"uv":[6.75,6.625,7,6.875],"texture":"#main"},"north":{"uv":[6.25,6.625,6.5,6.875],"texture":"#main"},"west":{"uv":[6.5,6.625,6.75,6.875],"texture":"#main"},"up":{"uv":[6.5,6.625,6.25,6.375],"texture":"#main"},"down":{"uv":[6.75,6.375,6.5,6.625],"texture":"#main"}}},{"rotation":{"origin":[10,-4.53553,11.46447],"angle":0,"axis":"x"},"from":[2,-4.6,-1.53553],"to":[4,-2.6,0.46447],"faces":{"east":{"uv":[0,3.25,0.25,3.5],"texture":"#main"},"south":{"uv":[0.75,3.25,1,3.5],"texture":"#main"},"north":{"uv":[0.25,3.25,0.5,3.5],"texture":"#main"},"west":{"uv":[0.5,3.25,0.75,3.5],"texture":"#main"},"up":{"uv":[0.5,3.25,0.25,3],"texture":"#main"},"down":{"uv":[0.75,3,0.5,3.25],"texture":"#main"}}},{"rotation":{"origin":[13,24,12],"angle":0,"axis":"y"},"from":[3,16,0],"to":[13,23,13],"faces":{"east":{"uv":[0,1.625,1.625,2.5],"texture":"#main"},"south":{"uv":[4.5,1.625,5.75,2.5],"texture":"#main"},"north":{"uv":[1.625,1.625,2.875,2.5],"texture":"#main"},"west":{"uv":[2.875,1.625,4.5,2.5],"texture":"#main"},"up":{"uv":[2.875,1.625,1.625,0],"texture":"#main"},"down":{"uv":[4.125,0,2.875,1.625],"texture":"#main"}}},{"rotation":{"origin":[13,24,12],"angle":0,"axis":"y"},"from":[4,15,1],"to":[12,24,12],"faces":{"east":{"uv":[3.375,5.25,4.75,6.375],"texture":"#main"},"south":{"uv":[7.125,5.25,8.125,6.375],"texture":"#main"},"north":{"uv":[4.75,5.25,5.75,6.375],"texture":"#main"},"west":{"uv":[5.75,5.25,7.125,6.375],"texture":"#main"},"up":{"uv":[5.75,5.25,4.75,3.875],"texture":"#main"},"down":{"uv":[6.75,3.875,5.75,5.25],"texture":"#main"}}},{"rotation":{"origin":[13,32,12],"angle":0,"axis":"y"},"from":[8,23,0],"to":[8,32,13],"faces":{"east":{"uv":[4.125,2.5,5.75,3.625],"texture":"#main"},"west":{"uv":[5.875,2.5,7.5,3.625],"texture":"#main"}}}],"display":{"head":{"translation":[0,-30.5,0]}}}