{"texture_size":[64,64],"textures":{"particle":"hwg","main":"hwg"},"elements":[{"from":[11,0,9.5],"to":[13.075,4.7,12.1],"rotation":{"angle":0,"axis":"y","origin":[7.5,4,11]},"faces":{"north":{"uv":[8,6.25,7.5,7.5],"texture":"#main"},"east":{"uv":[1.5,7.5,0.75,8.75],"texture":"#main"},"south":{"uv":[7.75,7.5,7.25,8.75],"texture":"#main"},"west":{"uv":[0.75,7.5,0,8.75],"texture":"#main"},"up":{"uv":[7.75,8.25,8.25,7.5],"texture":"#main"},"down":{"uv":[8,1,8.5,1.75],"texture":"#main"}}},{"from":[4.1,0,9.5],"to":[6.175,4.7,12.1],"rotation":{"angle":0,"axis":"y","origin":[8.5,4,11]},"faces":{"north":{"uv":[7.5,6.25,8,7.5],"texture":"#main"},"east":{"uv":[0,7.5,0.75,8.75],"texture":"#main"},"south":{"uv":[7.25,7.5,7.75,8.75],"texture":"#main"},"west":{"uv":[0.75,7.5,1.5,8.75],"texture":"#main"},"up":{"uv":[8.25,8.25,7.75,7.5],"texture":"#main"},"down":{"uv":[8.5,1,8,1.75],"texture":"#main"}}},{"from":[11,0,3.4],"to":[13.075,4.7,6],"rotation":{"angle":0,"axis":"y","origin":[7.5,4,5]},"faces":{"north":{"uv":[8,6.25,7.5,7.5],"texture":"#main"},"east":{"uv":[1.5,7.5,0.75,8.75],"texture":"#main"},"south":{"uv":[7.75,7.5,7.25,8.75],"texture":"#main"},"west":{"uv":[0.75,7.5,0,8.75],"texture":"#main"},"up":{"uv":[7.75,8.25,8.25,7.5],"texture":"#main"},"down":{"uv":[8,1,8.5,1.75],"texture":"#main"}}},{"from":[4.1,0,3.4],"to":[6.175,4.7,6],"rotation":{"angle":0,"axis":"y","origin":[8.5,4,5]},"faces":{"north":{"uv":[7.5,6.25,8,7.5],"texture":"#main"},"east":{"uv":[0,7.5,0.75,8.75],"texture":"#main"},"south":{"uv":[7.25,7.5,7.75,8.75],"texture":"#main"},"west":{"uv":[0.75,7.5,1.5,8.75],"texture":"#main"},"up":{"uv":[8.25,8.25,7.75,7.5],"texture":"#main"},"down":{"uv":[8.5,1,8,1.75],"texture":"#main"}}},{"from":[5.025,3,3.5],"to":[12.025,7.7,12],"rotation":{"angle":0,"axis":"y","origin":[8.5,4,5]},"faces":{"north":{"uv":[5,2.25,6.75,3.5],"texture":"#main"},"east":{"uv":[1.75,4,4,5.25],"texture":"#main"},"south":{"uv":[1.75,5.25,3.5,6.5],"texture":"#main"},"west":{"uv":[4,4,6.25,5.25],"texture":"#main"},"up":{"uv":[1.75,6.25,0,4],"texture":"#main"},"down":{"uv":[5.75,0,4,2.25],"texture":"#main"}}},{"from":[4.625,6.7,3.2],"to":[12.525,8.7,12.3],"rotation":{"angle":0,"axis":"y","origin":[8.5,4,5]},"faces":{"north":{"uv":[6.25,4.75,8.25,5.25],"texture":"#main"},"east":{"uv":[5.75,1.25,8,1.75],"texture":"#main"},"south":{"uv":[6.5,5.25,8.5,5.75],"texture":"#main"},"west":{"uv":[5.75,1.75,8,2.25],"texture":"#main"},"up":{"uv":[2,2.25,0,0],"texture":"#main"},"down":{"uv":[4,0,2,2.25],"texture":"#main"}}},{"from":[4.475,6.7,7.175],"to":[12.625,8.85,8.775],"rotation":{"angle":0,"axis":"y","origin":[8.5,4,5]},"faces":{"north":{"uv":[5.5,6.5,7.5,7],"texture":"#main"},"east":{"uv":[8,1.75,8.5,2.25],"texture":"#main"},"south":{"uv":[6.5,5.75,8.5,6.25],"texture":"#main"},"west":{"uv":[5.25,8,5.75,8.5],"texture":"#main"},"up":{"uv":[7.5,7.5,5.5,7],"texture":"#main"},"down":{"uv":[9.25,0,7.25,0.5],"texture":"#main"}}},{"from":[5.575,6.7,-1.5],"to":[11.275,11,3.5],"rotation":{"angle":0,"axis":"y","origin":[8.5,4,5]},"faces":{"north":{"uv":[6.25,3.5,7.75,4.75],"texture":"#main"},"east":{"uv":[3,6.5,4.25,7.75],"texture":"#main"},"south":{"uv":[1.5,6.5,3,7.75],"texture":"#main"},"west":{"uv":[4.25,6.5,5.5,7.75],"texture":"#main"},"up":{"uv":[7.25,1.25,5.75,0],"texture":"#main"},"down":{"uv":[1.5,6.25,0,7.5],"texture":"#main"}}},{"from":[5.375,5,-1.7],"to":[11.475,6.7,3.5],"rotation":{"angle":0,"axis":"y","origin":[8.5,4,5]},"faces":{"north":{"uv":[1.5,7.75,3,8.25],"texture":"#main"},"east":{"uv":[5,3.5,6.25,4],"texture":"#main"},"south":{"uv":[3,7.75,4.5,8.25],"texture":"#main"},"west":{"uv":[7.75,3.25,9,3.75],"texture":"#main"},"up":{"uv":[5,6.5,3.5,5.25],"texture":"#main"},"down":{"uv":[6.5,5.25,5,6.5],"texture":"#main"}}},{"from":[5.275,6.5,1.3],"to":[11.675,8.1,3.5],"rotation":{"angle":0,"axis":"y","origin":[8.5,4,5]},"faces":{"north":{"uv":[7.25,0.5,9,1],"texture":"#main"},"east":{"uv":[5.75,8,6.25,8.5],"texture":"#main"},"south":{"uv":[5.5,7.5,7.25,8],"texture":"#main"},"west":{"uv":[6.25,8,6.75,8.5],"texture":"#main"},"up":{"uv":[8.5,2.75,6.75,2.25],"texture":"#main"},"down":{"uv":[8.5,2.75,6.75,3.25],"texture":"#main"}}},{"from":[7.275,5,-2.7],"to":[9.575,7.3,-1.7],"rotation":{"angle":-22.5,"axis":"x","origin":[8.425,7.85,-2]},"faces":{"north":{"uv":[7.75,3.75,8.5,4.5],"texture":"#main"},"east":{"uv":[8,6.25,8.25,7],"texture":"#main"},"south":{"uv":[4.5,7.75,5.25,8.5],"texture":"#main"},"west":{"uv":[6.75,8,7,8.75],"texture":"#main"},"up":{"uv":[7.25,6.5,6.5,6.25],"texture":"#main"},"down":{"uv":[7.5,3.25,6.75,3.5],"texture":"#main"}}},{"from":[3.575,10.7,1],"to":[13.275,17.7,1],"rotation":{"angle":0,"axis":"y","origin":[8.5,4,5]},"faces":{"north":{"uv":[0,2.25,2.5,4],"texture":"#main"},"east":{"uv":[0,0,0,1.75],"texture":"#main"},"south":{"uv":[2.5,2.25,5,4],"texture":"#main"},"west":{"uv":[0,0,0,1.75],"texture":"#main"},"up":{"uv":[2.5,0,0,0],"texture":"#main"},"down":{"uv":[2.5,0,0,0],"texture":"#main"}}}],"display":{"head":{"translation":[0,-35,0]}},"groups":[{"name":"turtwig","origin":[0,0,0],"color":0,"children":[{"name":"leg_rigth2","origin":[4.0375,4.35,3.7],"color":0,"children":[0]},{"name":"leg_left2","origin":[-2.8625,4.35,3.7],"color":0,"children":[1]},{"name":"leg_rigth1","origin":[4.0375,4.35,-2.3],"color":0,"children":[2]},{"name":"leg_left1","origin":[-2.8625,4.35,-2.3],"color":0,"children":[3]},{"name":"body","origin":[0,4.8,1.1],"color":0,"children":[4,5,6,{"name":"head","origin":[0,7,-3.6],"color":0,"children":[7,8,9,10,11]}]}]}]}