{"parent":"physical_parent","textures":{"main":"idm"},"elements":[{"rotation":{"origin":[8,10,8],"angle":0,"axis":"y"},"from":[5.5,18,1],"to":[13.5,26,9],"faces":{"east":{"uv":[4.75,3.25,6.75,5.25],"texture":"#main"},"south":{"uv":[7,3.25,9,5.25],"texture":"#main"},"north":{"uv":[0.25,3.25,2.25,5.25],"texture":"#main"},"west":{"uv":[2.5,3.25,4.5,5.25],"texture":"#main"},"up":{"uv":[7,3.25,9,5.25],"texture":"#main","rotation":90},"down":{"uv":[7,3.25,9,5.25],"texture":"#main"}}},{"rotation":{"origin":[8,10,8],"angle":0,"axis":"y"},"from":[4.5,2,0],"to":[7.5,4,6],"faces":{"east":{"uv":[6.5,8,8,8.5],"texture":"#main"},"south":{"uv":[5.25,8,6,8.5],"texture":"#main"},"north":{"uv":[5.25,8.75,6,9.25],"texture":"#main"},"west":{"uv":[6.5,8.75,8,9.25],"texture":"#main"},"up":{"uv":[8.5,7.75,9.25,9.25],"texture":"#main","rotation":180},"down":{"uv":[8.5,7.75,9.25,9.25],"texture":"#main"}}},{"rotation":{"origin":[8,10.5,7],"angle":-22.5,"axis":"y"},"from":[0.5,1.5,-2],"to":[16.5,2.5,6],"faces":{"east":{"uv":[0.25,10.5,5.5,11],"texture":"#main"},"south":{"uv":[0.25,10.5,5.5,11],"texture":"#main"},"north":{"uv":[0.25,10.5,5.5,11],"texture":"#main"},"west":{"uv":[0.25,10.5,5.5,11],"texture":"#main"},"up":{"uv":[0.25,9.5,5.5,11],"texture":"#main","rotation":180},"down":{"uv":[5.5,9.5,0.25,11],"texture":"#main"}}},{"rotation":{"origin":[8,10.5,7],"angle":-22.5,"axis":"y"},"from":[-3.5,1.5,-2],"to":[0.5,2.5,3],"faces":{"east":{"uv":[6.5,8,8,8.5],"texture":"#main"},"south":{"uv":[0.25,11.25,0.75,11.75],"texture":"#main"},"north":{"uv":[0.25,11.25,0.75,11.75],"texture":"#main"},"west":{"uv":[0.25,12.25,1.75,12.75],"texture":"#main"},"up":{"uv":[5.5,9.5,6.25,10.5],"texture":"#main","rotation":180},"down":{"uv":[5.5,9.5,6.25,10.5],"texture":"#main"}}},{"rotation":{"origin":[8,10.5,7],"angle":-22.5,"axis":"y"},"from":[16.5,1.5,1],"to":[20.5,2.5,6],"faces":{"east":{"uv":[0.25,12.25,1.75,12.75],"texture":"#main"},"south":{"uv":[0.25,11.25,0.75,11.75],"texture":"#main"},"north":{"uv":[0.25,11.25,0.75,11.75],"texture":"#main"},"west":{"uv":[0.25,12.25,1.75,12.75],"texture":"#main"},"up":{"uv":[5.5,9.5,6.25,10.5],"texture":"#main","rotation":180},"down":{"uv":[5.5,9.5,6.25,10.5],"texture":"#main"}}},{"rotation":{"origin":[8,10,8],"angle":0,"axis":"y"},"from":[11.5,2,0],"to":[14.5,4,6],"faces":{"east":{"uv":[6.5,8,8,8.5],"texture":"#main"},"south":{"uv":[5.25,8,6,8.5],"texture":"#main"},"north":{"uv":[5.25,8.75,6,9.25],"texture":"#main"},"west":{"uv":[6.5,8.75,8,9.25],"texture":"#main"},"up":{"uv":[8.5,7.75,9.25,9.25],"texture":"#main","rotation":180},"down":{"uv":[8.5,7.75,9.25,9.25],"texture":"#main"}}},{"rotation":{"origin":[8,10,8],"angle":0,"axis":"y"},"from":[6.5,16,2.1],"to":[12.5,24,8.1],"faces":{"east":{"uv":[7.25,2.25,9.5,2.53125],"texture":"#main"},"south":{"uv":[7.25,2.25,9.5,2.53125],"texture":"#main"},"north":{"uv":[7.25,2.25,9.5,2.53125],"texture":"#main"},"west":{"uv":[7.25,2.25,9.5,2.53125],"texture":"#main"}}},{"rotation":{"origin":[8,10,8],"angle":0,"axis":"y"},"from":[5.5,8,1],"to":[13.5,17,9],"faces":{"east":{"uv":[9.75,0,12,2.5],"texture":"#main"},"south":{"uv":[12.25,0,14.5,2.5],"texture":"#main"},"north":{"uv":[0,0,2.25,2.5],"texture":"#main"},"west":{"uv":[7.25,0,9.5,2.5],"texture":"#main"},"up":{"uv":[4.75,0,6.75,2],"texture":"#main"},"down":{"uv":[2.5,0,4.5,2],"texture":"#main","rotation":180}}},{"rotation":{"origin":[8,11,4],"angle":-45,"axis":"y"},"from":[11.5,13,-5],"to":[14.5,16,1],"faces":{"east":{"uv":[0.25,5.75,1,7.25],"texture":"#main","rotation":270},"south":{"uv":[2.25,6.5,3,7.25],"texture":"#main","rotation":180},"north":{"uv":[1.25,6.5,2,7.25],"texture":"#main","rotation":180},"west":{"uv":[0.25,5.75,1,7.25],"texture":"#main","rotation":90},"up":{"uv":[0.25,5.75,1,7.25],"texture":"#main","rotation":180},"down":{"uv":[0.25,5.75,1,7.25],"texture":"#main"}}},{"rotation":{"origin":[4,14.23358,2.66061],"angle":-45,"axis":"y"},"from":[1,12.73358,2.16061],"to":[7,15.73358,5.16061],"faces":{"east":{"uv":[2.25,6.5,3,7.25],"texture":"#main","rotation":180},"south":{"uv":[0.25,5.75,1,7.25],"texture":"#main","rotation":90},"north":{"uv":[0.25,5.75,1,7.25],"texture":"#main","rotation":270},"west":{"uv":[1.25,6.5,2,7.25],"texture":"#main"},"up":{"uv":[0.25,5.75,1,7.25],"texture":"#main","rotation":90},"down":{"uv":[0.25,5.75,1,7.25],"texture":"#main","rotation":90}}},{"rotation":{"origin":[1.5,26,-2],"angle":-22.5,"axis":"y"},"from":[7,22,0],"to":[7.1,30,11],"faces":{"east":{"uv":[10,3.75,12.75,5.75],"texture":"#main"},"west":{"uv":[13.25,3.75,16,5.75],"texture":"#main"}}},{"rotation":{"origin":[8,10,8],"angle":0,"axis":"y"},"from":[11.5,4,4],"to":[14.5,8,6],"faces":{"east":{"uv":[3.5,8,4.75,8.5],"texture":"#main"},"south":{"uv":[3.5,8,4.75,8.5],"texture":"#main"},"north":{"uv":[3.5,8,4.75,8.5],"texture":"#main"},"west":{"uv":[3.5,8,4.75,8.5],"texture":"#main"}}},{"rotation":{"origin":[8,10,8],"angle":0,"axis":"y"},"from":[4.5,4,4],"to":[7.5,8,6],"faces":{"east":{"uv":[3.5,8,4.75,8.5],"texture":"#main"},"south":{"uv":[3.5,8,4.75,8.5],"texture":"#main"},"north":{"uv":[3.5,8,4.75,8.5],"texture":"#main"},"west":{"uv":[3.5,8,4.75,8.5],"texture":"#main"}}},{"rotation":{"origin":[8,10,8],"angle":0,"axis":"y"},"from":[10.5,5,2],"to":[15.5,13,7],"faces":{"east":{"uv":[3.5,6.5,4.75,8.5],"texture":"#main"},"south":{"uv":[3.5,6.5,4.75,8.5],"texture":"#main"},"north":{"uv":[3.5,6.5,4.75,8.5],"texture":"#main"},"west":{"uv":[3.5,6.5,4.75,8.5],"texture":"#main"},"up":{"uv":[3.5,8,4.75,8.5],"texture":"#main"},"down":{"uv":[3.5,8,4.75,8.5],"texture":"#main"}}},{"rotation":{"origin":[8,10,8],"angle":0,"axis":"y"},"from":[3.5,5,2],"to":[8.5,13,7],"faces":{"east":{"uv":[3.5,6.5,4.75,8.5],"texture":"#main"},"south":{"uv":[3.5,6.5,4.75,8.5],"texture":"#main"},"north":{"uv":[3.5,6.5,4.75,8.5],"texture":"#main"},"west":{"uv":[3.5,6.5,4.75,8.5],"texture":"#main"},"up":{"uv":[3.5,8,4.75,8.5],"texture":"#main"},"down":{"uv":[3.5,8,4.75,8.5],"texture":"#main"}}},{"rotation":{"origin":[23.125,26,11],"angle":22.5,"axis":"y"},"from":[17.525,22,-1],"to":[17.625,30,10],"faces":{"east":{"uv":[10,3.75,12.75,5.75],"texture":"#main"},"west":{"uv":[13.25,3.75,16,5.75],"texture":"#main"}}},{"rotation":{"origin":[19.5,9.5,17],"angle":-22.5,"axis":"z"},"from":[7.75,4.25,8.25],"to":[25.75,4.25,24.25],"faces":{"east":{"uv":[0,0,16,0],"texture":"#main"},"south":{"uv":[0,0,16,0],"texture":"#main"},"north":{"uv":[0,0,16,0],"texture":"#main"},"west":{"uv":[0,0,16,0],"texture":"#main"},"up":{"uv":[10.25,11.75,16,16],"texture":"#main"},"down":{"uv":[16,11.75,10.25,16],"texture":"#main","rotation":180}}},{"rotation":{"origin":[19.5,10,16],"angle":0,"axis":"z"},"from":[11.25,2.25,3],"to":[29.25,2.25,19],"faces":{"east":{"uv":[0,0,16,0],"texture":"#main"},"south":{"uv":[0,0,16,0],"texture":"#main"},"north":{"uv":[0,0,16,0],"texture":"#main"},"west":{"uv":[0,0,16,0],"texture":"#main"},"up":{"uv":[1.75,11.75,7.5,16],"texture":"#main"},"down":{"uv":[1.75,16,7.5,11.75],"texture":"#main"}}}],"display":{"head":{"translation":[-1.5,-23,0]},"firstperson_righthand":{"scale":[1.0E-4,1.0E-4,1.0E-4]},"thirdperson_lefthand":{"scale":[1.0E-4,1.0E-4,1.0E-4]},"firstperson_lefthand":{"scale":[1.0E-4,1.0E-4,1.0E-4]}}}