{"parent":"physical_parent","textures":{"main":"jjo"},"elements":[{"from":[4,2,3],"to":[11,11,10],"rotation":{"angle":-45,"axis":"x","origin":[8,8,8]},"faces":{"north":{"uv":[4,4.5,4.875,5.625],"texture":"#main"},"east":{"uv":[3.125,4.5,4,5.625],"texture":"#main"},"south":{"uv":[5.75,4.5,6.625,5.625],"texture":"#main"},"west":{"uv":[4.875,4.5,5.75,5.625],"texture":"#main"},"up":{"uv":[4.875,4.5,4,3.625],"texture":"#main"},"down":{"uv":[5.75,3.625,4.875,4.5],"texture":"#main"}}},{"from":[4.01,10,0],"to":[11.01,15,7],"faces":{"north":{"uv":[4.75,1.375,5.625,2],"texture":"#main"},"east":{"uv":[3.875,1.375,4.75,2],"texture":"#main"},"south":{"uv":[6.5,1.375,7.375,2],"texture":"#main"},"west":{"uv":[5.625,1.375,6.5,2],"texture":"#main"},"up":{"uv":[5.625,1.375,4.75,0.5],"texture":"#main"},"down":{"uv":[6.5,0.5,5.625,1.375],"texture":"#main"}}},{"from":[-0.99,3,3],"to":[2.01,6,6],"rotation":{"angle":-22.5,"axis":"z","origin":[9,8,8]},"faces":{"north":{"uv":[7.25,5.625,7.625,6],"texture":"#main"},"east":{"uv":[6.875,5.625,7.25,6],"texture":"#main"},"south":{"uv":[8,5.625,8.375,6],"texture":"#main"},"west":{"uv":[7.625,5.625,8,6],"texture":"#main"},"up":{"uv":[7.625,5.625,7.25,5.25],"texture":"#main"},"down":{"uv":[8,5.25,7.625,5.625],"texture":"#main"}}},{"from":[12.99,4,3],"to":[15.99,7,6],"rotation":{"angle":22.5,"axis":"z","origin":[7,8,8]},"faces":{"north":{"uv":[0.375,7.125,0.75,7.5],"texture":"#main"},"east":{"uv":[0,7.125,0.375,7.5],"texture":"#main"},"south":{"uv":[1.125,7.125,1.5,7.5],"texture":"#main"},"west":{"uv":[0.75,7.125,1.125,7.5],"texture":"#main"},"up":{"uv":[0.75,7.125,0.375,6.75],"texture":"#main"},"down":{"uv":[1.125,6.75,0.75,7.125],"texture":"#main"}}},{"from":[13.99,3,5],"to":[16.99,6,8],"rotation":{"angle":0,"axis":"z","origin":[8,12,10]},"faces":{"north":{"uv":[7,4.875,7.375,5.25],"texture":"#main"},"east":{"uv":[6.625,4.875,7,5.25],"texture":"#main"},"south":{"uv":[7.75,4.875,8.125,5.25],"texture":"#main"},"west":{"uv":[7.375,4.875,7.75,5.25],"texture":"#main"},"up":{"uv":[7.375,4.875,7,4.5],"texture":"#main"},"down":{"uv":[7.75,4.5,7.375,4.875],"texture":"#main"}}},{"from":[-1.99,3,5],"to":[1.01,6,8],"rotation":{"angle":0,"axis":"z","origin":[7,12,10]},"faces":{"north":{"uv":[4.875,6,5.25,6.375],"texture":"#main"},"east":{"uv":[4.5,6,4.875,6.375],"texture":"#main"},"south":{"uv":[5.625,6,6,6.375],"texture":"#main"},"west":{"uv":[5.25,6,5.625,6.375],"texture":"#main"},"up":{"uv":[5.25,6,4.875,5.625],"texture":"#main"},"down":{"uv":[5.625,5.625,5.25,6],"texture":"#main"}}},{"from":[-2.99,2,8],"to":[0.01,5,11],"rotation":{"angle":22.5,"axis":"z","origin":[7,9,10]},"faces":{"north":{"uv":[1.75,4.875,2.125,5.25],"texture":"#main"},"east":{"uv":[1.375,4.875,1.75,5.25],"texture":"#main"},"south":{"uv":[2.5,4.875,2.875,5.25],"texture":"#main"},"west":{"uv":[2.125,4.875,2.5,5.25],"texture":"#main"},"up":{"uv":[2.125,4.875,1.75,4.5],"texture":"#main"},"down":{"uv":[2.5,4.5,2.125,4.875],"texture":"#main"}}},{"from":[15.99,2,8],"to":[18.99,5,11],"rotation":{"angle":-22.5,"axis":"z","origin":[9,9,10]},"faces":{"north":{"uv":[3.5,3.125,3.875,3.5],"texture":"#main"},"east":{"uv":[3.125,3.125,3.5,3.5],"texture":"#main"},"south":{"uv":[4.25,3.125,4.625,3.5],"texture":"#main"},"west":{"uv":[3.875,3.125,4.25,3.5],"texture":"#main"},"up":{"uv":[3.875,3.125,3.5,2.75],"texture":"#main"},"down":{"uv":[4.25,2.75,3.875,3.125],"texture":"#main"}}},{"from":[5.01,8,1],"to":[10.01,10,7],"faces":{"north":{"uv":[3.25,6.375,3.875,6.625],"texture":"#main"},"east":{"uv":[2.5,6.375,3.25,6.625],"texture":"#main"},"south":{"uv":[4.625,6.375,5.25,6.625],"texture":"#main"},"west":{"uv":[3.875,6.375,4.625,6.625],"texture":"#main"},"up":{"uv":[3.875,6.375,3.25,5.625],"texture":"#main"},"down":{"uv":[4.5,5.625,3.875,6.375],"texture":"#main"}}},{"from":[2.01,4,4],"to":[7.01,5,5],"rotation":{"angle":-22.5,"axis":"z","origin":[9,8,8]},"faces":{"north":{"uv":[3.125,7.25,3.75,7.375],"texture":"#main"},"east":{"uv":[3,7.25,3.125,7.375],"texture":"#main"},"south":{"uv":[3.875,7.25,4.5,7.375],"texture":"#main"},"west":{"uv":[3.75,7.25,3.875,7.375],"texture":"#main"},"up":{"uv":[3.75,7.25,3.125,7.125],"texture":"#main"},"down":{"uv":[4.375,7.125,3.75,7.25],"texture":"#main"}}},{"from":[7.99,5,4],"to":[12.99,6,5],"rotation":{"angle":22.5,"axis":"z","origin":[7,8,8]},"faces":{"north":{"uv":[1.625,7.25,2.25,7.375],"texture":"#main"},"east":{"uv":[1.5,7.25,1.625,7.375],"texture":"#main"},"south":{"uv":[2.375,7.25,3,7.375],"texture":"#main"},"west":{"uv":[2.25,7.25,2.375,7.375],"texture":"#main"},"up":{"uv":[2.25,7.25,1.625,7.125],"texture":"#main"},"down":{"uv":[2.875,7.125,2.25,7.25],"texture":"#main"}}},{"from":[8.99,4,6],"to":[13.99,5,7],"rotation":{"angle":0,"axis":"z","origin":[8,12,10]},"faces":{"north":{"uv":[7,6.375,7.625,6.5],"texture":"#main"},"east":{"uv":[6.875,6.375,7,6.5],"texture":"#main"},"south":{"uv":[7.75,6.375,8.375,6.5],"texture":"#main"},"west":{"uv":[7.625,6.375,7.75,6.5],"texture":"#main"},"up":{"uv":[7.625,6.375,7,6.25],"texture":"#main"},"down":{"uv":[8.25,6.25,7.625,6.375],"texture":"#main"}}},{"from":[1.01,4,6],"to":[6.01,5,7],"rotation":{"angle":0,"axis":"z","origin":[7,12,10]},"faces":{"north":{"uv":[7,6.125,7.625,6.25],"texture":"#main"},"east":{"uv":[6.875,6.125,7,6.25],"texture":"#main"},"south":{"uv":[7.75,6.125,8.375,6.25],"texture":"#main"},"west":{"uv":[7.625,6.125,7.75,6.25],"texture":"#main"},"up":{"uv":[7.625,6.125,7,6],"texture":"#main"},"down":{"uv":[8.25,6,7.625,6.125],"texture":"#main"}}},{"from":[0.01,3,9],"to":[5.01,4,10],"rotation":{"angle":22.5,"axis":"z","origin":[7,9,10]},"faces":{"north":{"uv":[6.625,1.125,7.25,1.25],"texture":"#main"},"east":{"uv":[6.5,1.125,6.625,1.25],"texture":"#main"},"south":{"uv":[7.375,1.125,8,1.25],"texture":"#main"},"west":{"uv":[7.25,1.125,7.375,1.25],"texture":"#main"},"up":{"uv":[7.25,1.125,6.625,1],"texture":"#main"},"down":{"uv":[7.875,1,7.25,1.125],"texture":"#main"}}},{"from":[10.99,3,9],"to":[15.99,4,10],"rotation":{"angle":-22.5,"axis":"z","origin":[9,9,10]},"faces":{"north":{"uv":[1.5,5.375,2.125,5.5],"texture":"#main"},"east":{"uv":[1.375,5.375,1.5,5.5],"texture":"#main"},"south":{"uv":[2.25,5.375,2.875,5.5],"texture":"#main"},"west":{"uv":[2.125,5.375,2.25,5.5],"texture":"#main"},"up":{"uv":[2.125,5.375,1.5,5.25],"texture":"#main"},"down":{"uv":[2.75,5.25,2.125,5.375],"texture":"#main"}}},{"from":[5.01,13,1],"to":[5.01,22,10],"faces":{"north":{"uv":[13.375,6.5,13.5,7.625],"texture":"#main"},"east":{"uv":[5.5,6.625,6.625,7.75],"texture":"#main"},"south":{"uv":[14.875,6.25,15,7.375],"texture":"#main"},"west":{"uv":[6.75,6.625,7.875,7.75],"texture":"#main"},"up":{"uv":[12.625,7.25,12.5,6.125],"texture":"#main"},"down":{"uv":[13.125,5.375,13,6.5],"texture":"#main"}}},{"from":[-7,5,6.99],"to":[5,14,6.99],"rotation":{"angle":22.5,"axis":"y","origin":[8,8,8]},"faces":{"north":{"uv":[4.875,2.125,6.375,3.25],"rotation":180,"texture":"#main"},"east":{"uv":[12.75,1.5,12.875,2.625],"texture":"#main"},"south":{"uv":[4.875,2.125,6.375,3.25],"texture":"#main"},"west":{"uv":[13.5,1.25,13.625,2.375],"texture":"#main"},"up":{"uv":[15.25,0.375,13.75,0.25],"texture":"#main"},"down":{"uv":[14.875,0.625,13.375,0.75],"texture":"#main"}}},{"from":[10,5,6.99],"to":[22,14,6.99],"rotation":{"angle":-22.5,"axis":"y","origin":[8,8,8]},"faces":{"north":{"uv":[4.875,2.125,6.375,3.25],"texture":"#main"},"east":{"uv":[12.625,1.625,12.75,2.75],"texture":"#main"},"south":{"uv":[4.875,2.125,6.375,3.25],"rotation":180,"texture":"#main"},"west":{"uv":[12.875,1.375,13,2.5],"texture":"#main"},"up":{"uv":[13.875,1.625,12.375,1.5],"texture":"#main"},"down":{"uv":[15.75,1,14.25,1.125],"texture":"#main"}}},{"from":[10.01,13,1],"to":[10.01,22,10],"faces":{"north":{"uv":[0,5.125,0.125,6.25],"texture":"#main"},"east":{"uv":[5.5,6.625,6.625,7.75],"texture":"#main"},"south":{"uv":[0,5.25,0.125,6.375],"texture":"#main"},"west":{"uv":[6.75,6.625,7.875,7.75],"texture":"#main"},"up":{"uv":[0.125,6.125,0,5],"texture":"#main"},"down":{"uv":[0.125,4.625,0,5.75],"texture":"#main"}}},{"from":[3,3,3.01],"to":[12,10,10.01],"rotation":{"angle":-45,"axis":"x","origin":[8,8,8]},"faces":{"north":{"uv":[0.875,3.625,2,4.5],"texture":"#main"},"east":{"uv":[0,3.625,0.875,4.5],"texture":"#main"},"south":{"uv":[2.875,3.625,4,4.5],"texture":"#main"},"west":{"uv":[2,3.625,2.875,4.5],"texture":"#main"},"up":{"uv":[2,3.625,0.875,2.75],"texture":"#main"},"down":{"uv":[3.125,2.75,2,3.625],"texture":"#main"}}},{"from":[0,14.01,11],"to":[9,15.01,21],"rotation":{"angle":-45,"axis":"y","origin":[8,8,8]},"faces":{"north":{"uv":[1.25,2.625,2.375,2.75],"texture":"#main"},"east":{"uv":[0,2.625,1.25,2.75],"texture":"#main"},"south":{"uv":[3.625,2.625,4.75,2.75],"texture":"#main"},"west":{"uv":[2.375,2.625,3.625,2.75],"texture":"#main"},"up":{"uv":[2.375,2.625,1.25,1.375],"texture":"#main"},"down":{"uv":[3.5,1.375,2.375,2.625],"texture":"#main"}}},{"from":[7,14.01,11],"to":[16,15.01,21],"rotation":{"angle":45,"axis":"y","origin":[8,8,8]},"faces":{"north":{"uv":[1.25,1.25,2.375,1.375],"texture":"#main"},"east":{"uv":[0,1.25,1.25,1.375],"texture":"#main"},"south":{"uv":[3.625,1.25,4.75,1.375],"texture":"#main"},"west":{"uv":[2.375,1.25,3.625,1.375],"texture":"#main"},"up":{"uv":[2.375,1.25,1.25,0],"texture":"#main"},"down":{"uv":[3.5,0,2.375,1.25],"texture":"#main"}}},{"from":[0,11.01,21],"to":[9,14.01,22],"rotation":{"angle":-45,"axis":"y","origin":[8,8,8]},"faces":{"north":{"uv":[2.5,6.75,3.625,7.125],"texture":"#main"},"east":{"uv":[2.375,6.75,2.5,7.125],"texture":"#main"},"south":{"uv":[3.75,6.75,4.875,7.125],"texture":"#main"},"west":{"uv":[3.625,6.75,3.75,7.125],"texture":"#main"},"up":{"uv":[3.625,6.75,2.5,6.625],"texture":"#main"},"down":{"uv":[4.75,6.625,3.625,6.75],"texture":"#main"}}},{"from":[7,11.01,21],"to":[16,14.01,22],"rotation":{"angle":45,"axis":"y","origin":[8,8,8]},"faces":{"north":{"uv":[3.625,0.125,4.75,0.5],"texture":"#main"},"east":{"uv":[3.5,0.125,3.625,0.5],"texture":"#main"},"south":{"uv":[4.875,0.125,6,0.5],"texture":"#main"},"west":{"uv":[4.75,0.125,4.875,0.5],"texture":"#main"},"up":{"uv":[4.75,0.125,3.625,0],"texture":"#main"},"down":{"uv":[5.875,0,4.75,0.125],"texture":"#main"}}},{"from":[0,11.01,10],"to":[9,14.01,11],"rotation":{"angle":-45,"axis":"y","origin":[8,8,8]},"faces":{"north":{"uv":[6.625,0.625,7.75,1],"texture":"#main"},"east":{"uv":[6.5,0.625,6.625,1],"texture":"#main"},"south":{"uv":[7.875,0.625,9,1],"texture":"#main"},"west":{"uv":[7.75,0.625,7.875,1],"texture":"#main"},"up":{"uv":[7.75,0.625,6.625,0.5],"texture":"#main"},"down":{"uv":[8.875,0.5,7.75,0.625],"texture":"#main"}}},{"from":[7,11.01,10],"to":[16,14.01,11],"rotation":{"angle":45,"axis":"y","origin":[8,8,8]},"faces":{"north":{"uv":[6.125,0.125,7.25,0.5],"texture":"#main"},"east":{"uv":[6,0.125,6.125,0.5],"texture":"#main"},"south":{"uv":[7.375,0.125,8.5,0.5],"texture":"#main"},"west":{"uv":[7.25,0.125,7.375,0.5],"texture":"#main"},"up":{"uv":[7.25,0.125,6.125,0],"texture":"#main"},"down":{"uv":[8.375,0,7.25,0.125],"texture":"#main"}}}],"display":{"head":{"translation":[0,-11.75,0]}}}