{"parent":"physical_parent","textures":{"main":"hvk"},"texture_size":[32,32],"elements":[{"rotation":{"origin":[15.5,8,17],"angle":0,"axis":"y"},"from":[6.5,1,6],"to":[9.5,3,12],"faces":{"east":{"uv":[6,6,9,7],"texture":"#main"},"south":{"uv":[6,5,7.5,6],"texture":"#main"},"north":{"uv":[4,3,5.5,4],"texture":"#main"},"west":{"uv":[6,4,9,5],"texture":"#main"},"up":{"uv":[5.5,3,4,0],"texture":"#main"},"down":{"uv":[3.5,4.5,2,7.5],"texture":"#main"}}},{"rotation":{"origin":[5.98223,1,9.50734],"angle":0,"axis":"y"},"from":[3.48223,0,9.00734],"to":[6.48223,3,9.00734],"faces":{"east":{"uv":[0,0,0,1.5],"texture":"#main"},"south":{"uv":[9,4.5,10.5,6],"texture":"#main"},"north":{"uv":[9,3,10.5,4.5],"texture":"#main"},"west":{"uv":[0,0,0,1.5],"texture":"#main"},"up":{"uv":[1.5,0,0,0],"texture":"#main"},"down":{"uv":[1.5,0,0,0],"texture":"#main"}}},{"rotation":{"origin":[6.98223,1,12.50734],"angle":22.5,"axis":"y"},"from":[4.48223,0,12.00734],"to":[7.48223,3,12.00734],"faces":{"east":{"uv":[0,0,0,1.5],"texture":"#main"},"south":{"uv":[9,4.5,10.5,6],"texture":"#main"},"north":{"uv":[9,3,10.5,4.5],"texture":"#main"},"west":{"uv":[0,0,0,1.5],"texture":"#main"},"up":{"uv":[1.5,0,0,0],"texture":"#main"},"down":{"uv":[1.5,0,0,0],"texture":"#main"}}},{"rotation":{"origin":[9.01777,1,12.50734],"angle":-22.5,"axis":"y"},"from":[8.51777,0,12.00734],"to":[11.51777,3,12.00734],"faces":{"east":{"uv":[0,0,0,1.5],"texture":"#main"},"south":{"uv":[10.5,4.5,9,6],"texture":"#main"},"north":{"uv":[10.5,3,9,4.5],"texture":"#main"},"west":{"uv":[0,0,0,1.5],"texture":"#main"},"up":{"uv":[0,0,1.5,0],"texture":"#main"},"down":{"uv":[0,0,1.5,0],"texture":"#main"}}},{"rotation":{"origin":[5.98223,1,5.50734],"angle":-45,"axis":"y"},"from":[3.48223,0,5.00734],"to":[6.48223,3,5.00734],"faces":{"east":{"uv":[0,0,0,1.5],"texture":"#main"},"south":{"uv":[9,4.5,10.5,6],"texture":"#main"},"north":{"uv":[9,3,10.5,4.5],"texture":"#main"},"west":{"uv":[0,0,0,1.5],"texture":"#main"},"up":{"uv":[1.5,0,0,0],"texture":"#main"},"down":{"uv":[1.5,0,0,0],"texture":"#main"}}},{"rotation":{"origin":[10.01777,1,5.50734],"angle":45,"axis":"y"},"from":[9.51777,0,5.00734],"to":[12.51777,3,5.00734],"faces":{"east":{"uv":[0,0,0,1.5],"texture":"#main"},"south":{"uv":[10.5,4.5,9,6],"texture":"#main"},"north":{"uv":[10.5,3,9,4.5],"texture":"#main"},"west":{"uv":[0,0,0,1.5],"texture":"#main"},"up":{"uv":[0,0,1.5,0],"texture":"#main"},"down":{"uv":[0,0,1.5,0],"texture":"#main"}}},{"rotation":{"origin":[10.01777,1,9.50734],"angle":0,"axis":"y"},"from":[9.51777,0,9.00734],"to":[12.51777,3,9.00734],"faces":{"east":{"uv":[0,0,0,1.5],"texture":"#main"},"south":{"uv":[10.5,4.5,9,6],"texture":"#main"},"north":{"uv":[10.5,3,9,4.5],"texture":"#main"},"west":{"uv":[0,0,0,1.5],"texture":"#main"},"up":{"uv":[0,0,1.5,0],"texture":"#main"},"down":{"uv":[0,0,1.5,0],"texture":"#main"}}},{"rotation":{"origin":[15,-0.01673,13.99789],"angle":-22.5,"axis":"x"},"from":[6,3.98327,6.99789],"to":[10,8.98327,10.99789],"faces":{"east":{"uv":[2,2,4,4.5],"texture":"#main"},"south":{"uv":[0,2.5,2,5],"texture":"#main"},"north":{"uv":[0,0,2,2.5],"texture":"#main"},"west":{"uv":[4,4,6,6.5],"texture":"#main"},"up":{"uv":[4,2,2,0],"texture":"#main"},"down":{"uv":[2,5,0,7],"texture":"#main"}}},{"rotation":{"origin":[4.08137,4.48327,4.86594],"angle":45,"axis":"y"},"from":[2.58137,2.98327,2.86594],"to":[5.58137,5.98327,6.86594],"faces":{"east":{"uv":[1.5,7.5,3.5,9],"texture":"#main"},"south":{"uv":[9,1.5,10.5,3],"texture":"#main"},"north":{"uv":[6.5,9,8,10.5],"texture":"#main"},"west":{"uv":[7.5,0,9.5,1.5],"texture":"#main"},"up":{"uv":[9,3.5,7.5,1.5],"texture":"#main"},"down":{"uv":[9.5,8,8,10],"texture":"#main"}}},{"rotation":{"origin":[11.91863,4.48327,4.86594],"angle":-45,"axis":"y"},"from":[10.41863,2.98327,2.86594],"to":[13.41863,5.98327,6.86594],"faces":{"east":{"uv":[9.5,0,7.5,1.5],"texture":"#main"},"south":{"uv":[10.5,1.5,9,3],"texture":"#main"},"north":{"uv":[8,9,6.5,10.5],"texture":"#main"},"west":{"uv":[3.5,7.5,1.5,9],"texture":"#main"},"up":{"uv":[7.5,3.5,9,1.5],"texture":"#main"},"down":{"uv":[8,8,9.5,10],"texture":"#main"}}},{"rotation":{"origin":[15.5,-0.51673,10.49789],"angle":0,"axis":"x"},"from":[6.5,4.48327,3.49789],"to":[9.5,8.48327,7.49789],"faces":{"east":{"uv":[5.5,0,7.5,2],"texture":"#main"},"south":{"uv":[0,7,1.5,9],"texture":"#main"},"north":{"uv":[3.5,6.5,5,8.5],"texture":"#main"},"west":{"uv":[5.5,2,7.5,4],"texture":"#main"},"up":{"uv":[6.5,9,5,7],"texture":"#main"},"down":{"uv":[8,7,6.5,9],"texture":"#main"}}},{"rotation":{"origin":[16,3.48327,10.49789],"angle":0,"axis":"x"},"from":[8,8.48327,3.49789],"to":[8,11.48327,6.49789],"faces":{"east":{"uv":[3.5,8.5,5,10],"texture":"#main"},"south":{"uv":[0,0,0,1.5],"texture":"#main"},"north":{"uv":[0,0,0,1.5],"texture":"#main"},"west":{"uv":[0,9,1.5,10.5],"texture":"#main"},"up":{"uv":[0,1.5,0,0],"texture":"#main"},"down":{"uv":[0,0,0,1.5],"texture":"#main"}}},{"rotation":{"origin":[6.75,9.73327,5.99789],"angle":22.5,"axis":"z"},"from":[6.75,8.23327,4.49789],"to":[6.75,11.23327,7.49789],"faces":{"east":{"uv":[1.5,9,3,10.5],"texture":"#main"},"south":{"uv":[0,0,0,1.5],"texture":"#main"},"north":{"uv":[0,0,0,1.5],"texture":"#main"},"west":{"uv":[5,9,6.5,10.5],"texture":"#main"},"up":{"uv":[0,1.5,0,0],"texture":"#main"},"down":{"uv":[0,0,0,1.5],"texture":"#main"}}},{"rotation":{"origin":[9.25,9.73327,5.99789],"angle":-22.5,"axis":"z"},"from":[9.25,8.23327,4.49789],"to":[9.25,11.23327,7.49789],"faces":{"east":{"uv":[6.5,9,5,10.5],"texture":"#main"},"south":{"uv":[0,0,0,1.5],"texture":"#main"},"north":{"uv":[0,0,0,1.5],"texture":"#main"},"west":{"uv":[3,9,1.5,10.5],"texture":"#main"},"up":{"uv":[0,1.5,0,0],"texture":"#main"},"down":{"uv":[0,0,0,1.5],"texture":"#main"}}},{"rotation":{"origin":[16,8,23],"angle":0,"axis":"y"},"from":[7,1.5,12],"to":[9,2.5,14],"faces":{"east":{"uv":[7.5,3.5,8.5,4],"texture":"#main"},"south":{"uv":[9,6,10,6.5],"texture":"#main"},"north":{"uv":[5,6.5,6,7],"texture":"#main"},"west":{"uv":[9,6.5,10,7],"texture":"#main"},"up":{"uv":[8.5,6,7.5,5],"texture":"#main"},"down":{"uv":[9,7,8,8],"texture":"#main"}}}],"display":{"head":{"translation":[0,-29,0],"scale":[1.75,1.75,1.75]}}}