{"parent":"physical_parent","textures":{"main":"jnq"},"texture_size":[128,128],"elements":[{"rotation":{"origin":[-0.925,0.025,0.9],"angle":-22.5,"axis":"y"},"from":[3.075,0.025,-2.35],"to":[4.075,1.025,-0.35],"faces":{"east":{"uv":[7,4.75,7.25,4.875],"texture":"#main"},"south":{"uv":[7.625,1.625,7.75,1.75],"texture":"#main"},"north":{"uv":[0.5,7.625,0.625,7.75],"texture":"#main"},"west":{"uv":[1.875,7.125,2.125,7.25],"texture":"#main"},"up":{"uv":[6.25,7.625,6.125,7.375],"texture":"#main"},"down":{"uv":[5.5,7.5,5.375,7.75],"texture":"#main"}}},{"rotation":{"origin":[-0.925,0.025,0.9],"angle":0,"axis":"y"},"from":[0.075,0.025,0.9],"to":[4.075,5.025,4.9],"faces":{"east":{"uv":[7.375,2,7.875,2.625],"texture":"#main"},"south":{"uv":[3.625,7.5,4.125,8.125],"texture":"#main"},"north":{"uv":[0,7.375,0.5,8],"texture":"#main"},"west":{"uv":[4.125,7.5,4.625,8.125],"texture":"#main"},"up":{"uv":[3,1.5,2.5,1],"texture":"#main"},"down":{"uv":[6.625,8.25,6.125,8.75],"texture":"#main"}}},{"rotation":{"origin":[1.11912,2.31949,2.9],"angle":-22.5,"axis":"z"},"from":[-0.88088,4.41949,0.9],"to":[3.11912,9.41949,4.9],"faces":{"east":{"uv":[7.5,7.5,8,8.125],"texture":"#main"},"south":{"uv":[7.5,5.375,8,6],"texture":"#main"},"north":{"uv":[4.625,7.5,5.125,8.125],"texture":"#main"},"west":{"uv":[7.5,6.875,8,7.5],"texture":"#main"},"up":{"uv":[7.125,8.75,6.625,8.25],"texture":"#main"},"down":{"uv":[8.75,6,8.25,6.5],"texture":"#main"}}},{"rotation":{"origin":[1.11912,2.31949,2.9],"angle":-22.5,"axis":"z"},"from":[-1.38088,4.66949,0.4],"to":[3.61912,6.66949,5.4],"faces":{"east":{"uv":[8.5,7.25,9.125,7.5],"texture":"#main"},"south":{"uv":[8.5,7.5,9.125,7.75],"texture":"#main"},"north":{"uv":[6.375,3.875,7,4.125],"texture":"#main"},"west":{"uv":[8.5,7.75,9.125,8],"texture":"#main"},"up":{"uv":[1.5,3.875,0.875,3.25],"texture":"#main"},"down":{"uv":[3,6.625,2.375,7.25],"texture":"#main"}}},{"rotation":{"origin":[-0.925,0.025,0.9],"angle":0,"axis":"y"},"from":[-0.425,1.575,0.4],"to":[4.575,3.575,5.4],"faces":{"east":{"uv":[8.5,8.25,9.125,8.5],"texture":"#main"},"south":{"uv":[7.625,8.625,8.25,8.875],"texture":"#main"},"north":{"uv":[8.5,8,9.125,8.25],"texture":"#main"},"west":{"uv":[8.625,3.5,9.25,3.75],"texture":"#main"},"up":{"uv":[3.625,7.25,3,6.625],"texture":"#main"},"down":{"uv":[4.25,6.875,3.625,7.5],"texture":"#main"}}},{"rotation":{"origin":[-0.925,0.025,0.9],"angle":0,"axis":"y"},"from":[-2.425,1.575,2.9],"to":[-0.425,3.575,2.9],"faces":{"east":{"uv":[0,0,0,0.25],"texture":"#main"},"south":{"uv":[4.25,5.75,4.5,6],"texture":"#main"},"north":{"uv":[4,5.75,4.25,6],"texture":"#main"},"west":{"uv":[0,0,0,0.25],"texture":"#main"},"up":{"uv":[0.25,0,0,0],"texture":"#main"},"down":{"uv":[0.25,0,0,0],"texture":"#main"}}},{"rotation":{"origin":[2.07186,5.5229,2.9],"angle":-22.5,"axis":"z"},"from":[-2.08246,4.54873,2.9],"to":[-0.08246,6.54873,2.9],"faces":{"east":{"uv":[0,0,0,0.25],"texture":"#main"},"south":{"uv":[7,4.5,7.25,4.75],"texture":"#main"},"north":{"uv":[3.625,6.625,3.875,6.875],"texture":"#main"},"west":{"uv":[0,0,0,0.25],"texture":"#main"},"up":{"uv":[0.25,0,0,0],"texture":"#main"},"down":{"uv":[0.25,0,0,0],"texture":"#main"}}},{"rotation":{"origin":[-0.925,0.025,0.9],"angle":45,"axis":"y"},"from":[-0.925,0.025,0.45],"to":[0.075,1.025,2.45],"faces":{"east":{"uv":[2.5,3.875,2.75,4],"texture":"#main"},"south":{"uv":[5.5,6.25,5.625,6.375],"texture":"#main"},"north":{"uv":[5.25,4,5.375,4.125],"texture":"#main"},"west":{"uv":[2.75,3.875,3,4],"texture":"#main"},"up":{"uv":[5.625,6.25,5.5,6],"texture":"#main"},"down":{"uv":[4,6.625,3.875,6.875],"texture":"#main"}}},{"rotation":{"origin":[-0.925,0.025,0.9],"angle":0,"axis":"y"},"from":[1.375,0.025,-0.75],"to":[2.375,1.025,1.25],"faces":{"east":{"uv":[5,4,5.25,4.125],"texture":"#main"},"south":{"uv":[7.375,6.875,7.5,7],"texture":"#main"},"north":{"uv":[7.25,2,7.375,2.125],"texture":"#main"},"west":{"uv":[6.875,6.25,7.125,6.375],"texture":"#main"},"up":{"uv":[6.25,7.375,6.125,7.125],"texture":"#main"},"down":{"uv":[0.625,7.375,0.5,7.625],"texture":"#main"}}},{"rotation":{"origin":[16.925,0.025,0.9],"angle":22.5,"axis":"y"},"from":[11.925,0.025,-2.35],"to":[12.925,1.025,-0.35],"faces":{"east":{"uv":[2.125,7.125,2.375,7.25],"texture":"#main"},"south":{"uv":[8.375,5,8.5,5.125],"texture":"#main"},"north":{"uv":[1.75,7.75,1.875,7.875],"texture":"#main"},"west":{"uv":[7.125,1.625,7.375,1.75],"texture":"#main"},"up":{"uv":[7.5,7.875,7.375,7.625],"texture":"#main"},"down":{"uv":[7.75,0.75,7.625,1],"texture":"#main"}}},{"rotation":{"origin":[16.925,0.025,0.9],"angle":0,"axis":"y"},"from":[11.925,0.025,0.9],"to":[15.925,5.025,4.9],"faces":{"east":{"uv":[6.625,7.625,7.125,8.25],"texture":"#main"},"south":{"uv":[7.625,3.875,8.125,4.5],"texture":"#main"},"north":{"uv":[6.125,7.625,6.625,8.25],"texture":"#main"},"west":{"uv":[7.625,4.5,8.125,5.125],"texture":"#main"},"up":{"uv":[1,8.875,0.5,8.375],"texture":"#main"},"down":{"uv":[1.5,8.375,1,8.875],"texture":"#main"}}},{"rotation":{"origin":[14.88088,2.31949,2.9],"angle":22.5,"axis":"z"},"from":[12.88088,4.41949,0.9],"to":[16.88088,9.41949,4.9],"faces":{"east":{"uv":[1,7.75,1.5,8.375],"texture":"#main"},"south":{"uv":[5.125,7.75,5.625,8.375],"texture":"#main"},"north":{"uv":[0.5,7.75,1,8.375],"texture":"#main"},"west":{"uv":[5.625,7.75,6.125,8.375],"texture":"#main"},"up":{"uv":[5.5,8.875,5,8.375],"texture":"#main"},"down":{"uv":[6,8.375,5.5,8.875],"texture":"#main"}}},{"rotation":{"origin":[14.88088,2.31949,2.9],"angle":22.5,"axis":"z"},"from":[12.38088,4.66949,0.4],"to":[17.38088,6.66949,5.4],"faces":{"east":{"uv":[8.625,4,9.25,4.25],"texture":"#main"},"south":{"uv":[2.5,8.75,3.125,9],"texture":"#main"},"north":{"uv":[8.625,3.75,9.25,4],"texture":"#main"},"west":{"uv":[3.125,8.75,3.75,9],"texture":"#main"},"up":{"uv":[4.875,7.5,4.25,6.875],"texture":"#main"},"down":{"uv":[5.5,6.875,4.875,7.5],"texture":"#main"}}},{"rotation":{"origin":[16.925,0.025,0.9],"angle":0,"axis":"y"},"from":[11.425,1.575,0.4],"to":[16.425,3.575,5.4],"faces":{"east":{"uv":[4.375,8.75,5,9],"texture":"#main"},"south":{"uv":[6,8.75,6.625,9],"texture":"#main"},"north":{"uv":[3.75,8.75,4.375,9],"texture":"#main"},"west":{"uv":[6.625,8.75,7.25,9],"texture":"#main"},"up":{"uv":[7.5,6.25,6.875,5.625],"texture":"#main"},"down":{"uv":[6.875,7,6.25,7.625],"texture":"#main"}}},{"rotation":{"origin":[16.925,0.025,0.9],"angle":0,"axis":"y"},"from":[16.425,1.575,2.9],"to":[18.425,3.575,2.9],"faces":{"east":{"uv":[0,0,0,0.25],"texture":"#main"},"south":{"uv":[7.375,0.75,7.625,1],"texture":"#main"},"north":{"uv":[7.25,5.375,7.5,5.625],"texture":"#main"},"west":{"uv":[0,0,0,0.25],"texture":"#main"},"up":{"uv":[0.25,0,0,0],"texture":"#main"},"down":{"uv":[0.25,0,0,0],"texture":"#main"}}},{"rotation":{"origin":[13.92814,5.5229,2.9],"angle":22.5,"axis":"z"},"from":[16.08246,4.54873,2.9],"to":[18.08246,6.54873,2.9],"faces":{"east":{"uv":[0,0,0,0.25],"texture":"#main"},"south":{"uv":[7.5,6,7.75,6.25],"texture":"#main"},"north":{"uv":[5.125,7.5,5.375,7.75],"texture":"#main"},"west":{"uv":[0,0,0,0.25],"texture":"#main"},"up":{"uv":[0.25,0,0,0],"texture":"#main"},"down":{"uv":[0.25,0,0,0],"texture":"#main"}}},{"rotation":{"origin":[16.925,0.025,0.9],"angle":-45,"axis":"y"},"from":[15.925,0.025,0.45],"to":[16.925,1.025,2.45],"faces":{"east":{"uv":[7.125,6.875,7.375,7],"texture":"#main"},"south":{"uv":[7.5,8.75,7.625,8.875],"texture":"#main"},"north":{"uv":[6,8.625,6.125,8.75],"texture":"#main"},"west":{"uv":[7.375,1.625,7.625,1.75],"texture":"#main"},"up":{"uv":[7.5,8.125,7.375,7.875],"texture":"#main"},"down":{"uv":[8,5.125,7.875,5.375],"texture":"#main"}}},{"rotation":{"origin":[16.925,0.025,0.9],"angle":0,"axis":"y"},"from":[13.625,0.025,-0.75],"to":[14.625,1.025,1.25],"faces":{"east":{"uv":[1.5,7.75,1.75,7.875],"texture":"#main"},"south":{"uv":[4.875,9,5,9.125],"texture":"#main"},"north":{"uv":[4.75,9,4.875,9.125],"texture":"#main"},"west":{"uv":[8,7.875,8.25,8],"texture":"#main"},"up":{"uv":[8.125,3.875,8,3.625],"texture":"#main"},"down":{"uv":[5.125,8.125,5,8.375],"texture":"#main"}}},{"rotation":{"origin":[-0.925,0.025,13.9],"angle":-22.5,"axis":"y"},"from":[3.075,0.025,10.65],"to":[4.075,1.025,12.65],"faces":{"east":{"uv":[8.125,5,8.375,5.125],"texture":"#main"},"south":{"uv":[6.125,9,6.25,9.125],"texture":"#main"},"north":{"uv":[6,9,6.125,9.125],"texture":"#main"},"west":{"uv":[8.25,6.5,8.5,6.625],"texture":"#main"},"up":{"uv":[1.625,9.25,1.5,9],"texture":"#main"},"down":{"uv":[1.75,9,1.625,9.25],"texture":"#main"}}},{"rotation":{"origin":[-0.925,0.025,13.9],"angle":0,"axis":"y"},"from":[0.075,0.025,13.9],"to":[4.075,5.025,17.9],"faces":{"east":{"uv":[1.5,7.875,2,8.5],"texture":"#main"},"south":{"uv":[2,7.875,2.5,8.5],"texture":"#main"},"north":{"uv":[7.75,6,8.25,6.625],"texture":"#main"},"west":{"uv":[7.875,2,8.375,2.625],"texture":"#main"},"up":{"uv":[8.875,1,8.375,0.5],"texture":"#main"},"down":{"uv":[8.875,1,8.375,1.5],"texture":"#main"}}},{"rotation":{"origin":[1.11912,2.31949,15.9],"angle":-22.5,"axis":"z"},"from":[-0.88088,4.41949,13.9],"to":[3.11912,9.41949,17.9],"faces":{"east":{"uv":[8,8,8.5,8.625],"texture":"#main"},"south":{"uv":[8,5.125,8.5,5.75],"texture":"#main"},"north":{"uv":[0,8,0.5,8.625],"texture":"#main"},"west":{"uv":[8,6.625,8.5,7.25],"texture":"#main"},"up":{"uv":[8.875,2.5,8.375,2],"texture":"#main"},"down":{"uv":[8.875,2.5,8.375,3],"texture":"#main"}}},{"rotation":{"origin":[1.11912,2.31949,15.9],"angle":-22.5,"axis":"z"},"from":[-1.38088,4.66949,13.4],"to":[3.61912,6.66949,18.4],"faces":{"east":{"uv":[8.75,6.25,9.375,6.5],"texture":"#main"},"south":{"uv":[0,8.875,0.625,9.125],"texture":"#main"},"north":{"uv":[8.75,6,9.375,6.25],"texture":"#main"},"west":{"uv":[0.625,8.875,1.25,9.125],"texture":"#main"},"up":{"uv":[1.25,7.75,0.625,7.125],"texture":"#main"},"down":{"uv":[1.875,7.125,1.25,7.75],"texture":"#main"}}},{"rotation":{"origin":[-0.925,0.025,13.9],"angle":0,"axis":"y"},"from":[-0.425,1.575,13.4],"to":[4.575,3.575,18.4],"faces":{"east":{"uv":[7.25,8.875,7.875,9.125],"texture":"#main"},"south":{"uv":[7.875,8.875,8.5,9.125],"texture":"#main"},"north":{"uv":[5,8.875,5.625,9.125],"texture":"#main"},"west":{"uv":[8.875,0.5,9.5,0.75],"texture":"#main"},"up":{"uv":[6.125,7.75,5.5,7.125],"texture":"#main"},"down":{"uv":[7.75,1,7.125,1.625],"texture":"#main"}}},{"rotation":{"origin":[-0.925,0.025,13.9],"angle":0,"axis":"y"},"from":[-2.425,1.575,15.9],"to":[-0.425,3.575,15.9],"faces":{"east":{"uv":[0,0,0,0.25],"texture":"#main"},"south":{"uv":[7.625,8.125,7.875,8.375],"texture":"#main"},"north":{"uv":[7.125,7.875,7.375,8.125],"texture":"#main"},"west":{"uv":[0,0,0,0.25],"texture":"#main"},"up":{"uv":[0.25,0,0,0],"texture":"#main"},"down":{"uv":[0.25,0,0,0],"texture":"#main"}}},{"rotation":{"origin":[2.07186,5.5229,15.9],"angle":-22.5,"axis":"z"},"from":[-2.08246,4.54873,15.9],"to":[-0.08246,6.54873,15.9],"faces":{"east":{"uv":[0,0,0,0.25],"texture":"#main"},"south":{"uv":[0,8.625,0.25,8.875],"texture":"#main"},"north":{"uv":[7.625,8.375,7.875,8.625],"texture":"#main"},"west":{"uv":[0,0,0,0.25],"texture":"#main"},"up":{"uv":[0.25,0,0,0],"texture":"#main"},"down":{"uv":[0.25,0,0,0],"texture":"#main"}}},{"rotation":{"origin":[-0.925,0.025,13.9],"angle":45,"axis":"y"},"from":[-0.925,0.025,13.45],"to":[0.075,1.025,15.45],"faces":{"east":{"uv":[8.25,7.875,8.5,8],"texture":"#main"},"south":{"uv":[6.375,9,6.5,9.125],"texture":"#main"},"north":{"uv":[6.25,9,6.375,9.125],"texture":"#main"},"west":{"uv":[8.375,3.5,8.625,3.625],"texture":"#main"},"up":{"uv":[1.875,9.25,1.75,9],"texture":"#main"},"down":{"uv":[2,9,1.875,9.25],"texture":"#main"}}},{"rotation":{"origin":[-0.925,0.025,13.9],"angle":0,"axis":"y"},"from":[1.375,0.025,12.25],"to":[2.375,1.025,14.25],"faces":{"east":{"uv":[7.25,8.75,7.5,8.875],"texture":"#main"},"south":{"uv":[6.625,9,6.75,9.125],"texture":"#main"},"north":{"uv":[6.5,9,6.625,9.125],"texture":"#main"},"west":{"uv":[2,9,2.25,9.125],"texture":"#main"},"up":{"uv":[2.375,9.25,2.25,9],"texture":"#main"},"down":{"uv":[2.5,9,2.375,9.25],"texture":"#main"}}},{"rotation":{"origin":[16.925,0.025,13.9],"angle":22.5,"axis":"y"},"from":[11.925,0.025,10.65],"to":[12.925,1.025,12.65],"faces":{"east":{"uv":[2.5,9,2.75,9.125],"texture":"#main"},"south":{"uv":[6.875,9,7,9.125],"texture":"#main"},"north":{"uv":[6.75,9,6.875,9.125],"texture":"#main"},"west":{"uv":[2.75,9,3,9.125],"texture":"#main"},"up":{"uv":[3.125,9.25,3,9],"texture":"#main"},"down":{"uv":[3.25,9,3.125,9.25],"texture":"#main"}}},{"rotation":{"origin":[16.925,0.025,13.9],"angle":0,"axis":"y"},"from":[11.925,0.025,13.9],"to":[15.925,5.025,17.9],"faces":{"east":{"uv":[2.5,8.125,3,8.75],"texture":"#main"},"south":{"uv":[3,8.125,3.5,8.75],"texture":"#main"},"north":{"uv":[8,7.25,8.5,7.875],"texture":"#main"},"west":{"uv":[3.5,8.125,4,8.75],"texture":"#main"},"up":{"uv":[8.875,3.5,8.375,3],"texture":"#main"},"down":{"uv":[2,8.5,1.5,9],"texture":"#main"}}},{"rotation":{"origin":[14.88088,2.31949,15.9],"angle":22.5,"axis":"z"},"from":[12.88088,4.41949,13.9],"to":[16.88088,9.41949,17.9],"faces":{"east":{"uv":[4.5,8.125,5,8.75],"texture":"#main"},"south":{"uv":[7.125,8.125,7.625,8.75],"texture":"#main"},"north":{"uv":[4,8.125,4.5,8.75],"texture":"#main"},"west":{"uv":[8.125,3.625,8.625,4.25],"texture":"#main"},"up":{"uv":[2.5,9,2,8.5],"texture":"#main"},"down":{"uv":[9,8.5,8.5,9],"texture":"#main"}}},{"rotation":{"origin":[14.88088,2.31949,15.9],"angle":22.5,"axis":"z"},"from":[12.38088,4.66949,13.4],"to":[17.38088,6.66949,18.4],"faces":{"east":{"uv":[8.875,1,9.5,1.25],"texture":"#main"},"south":{"uv":[8.875,1.25,9.5,1.5],"texture":"#main"},"north":{"uv":[8.875,0.75,9.5,1],"texture":"#main"},"west":{"uv":[8.875,2,9.5,2.25],"texture":"#main"},"up":{"uv":[7.75,3.25,7.125,2.625],"texture":"#main"},"down":{"uv":[7.75,3.25,7.125,3.875],"texture":"#main"}}},{"rotation":{"origin":[16.925,0.025,13.9],"angle":0,"axis":"y"},"from":[11.425,1.575,13.4],"to":[16.425,3.575,18.4],"faces":{"east":{"uv":[8.875,2.5,9.5,2.75],"texture":"#main"},"south":{"uv":[8.875,2.75,9.5,3],"texture":"#main"},"north":{"uv":[8.875,2.25,9.5,2.5],"texture":"#main"},"west":{"uv":[8.875,3,9.5,3.25],"texture":"#main"},"up":{"uv":[7.75,6.875,7.125,6.25],"texture":"#main"},"down":{"uv":[2.5,7.25,1.875,7.875],"texture":"#main"}}},{"rotation":{"origin":[16.925,0.025,13.9],"angle":0,"axis":"y"},"from":[16.425,1.575,15.9],"to":[18.425,3.575,15.9],"faces":{"east":{"uv":[0,0,0,0.25],"texture":"#main"},"south":{"uv":[8.25,8.625,8.5,8.875],"texture":"#main"},"north":{"uv":[0.25,8.625,0.5,8.875],"texture":"#main"},"west":{"uv":[0,0,0,0.25],"texture":"#main"},"up":{"uv":[0.25,0,0,0],"texture":"#main"},"down":{"uv":[0.25,0,0,0],"texture":"#main"}}},{"rotation":{"origin":[13.92814,5.5229,15.9],"angle":22.5,"axis":"z"},"from":[16.08246,4.54873,15.9],"to":[18.08246,6.54873,15.9],"faces":{"east":{"uv":[0,0,0,0.25],"texture":"#main"},"south":{"uv":[8.875,3.25,9.125,3.5],"texture":"#main"},"north":{"uv":[5.625,8.875,5.875,9.125],"texture":"#main"},"west":{"uv":[0,0,0,0.25],"texture":"#main"},"up":{"uv":[0.25,0,0,0],"texture":"#main"},"down":{"uv":[0.25,0,0,0],"texture":"#main"}}},{"rotation":{"origin":[16.925,0.025,13.9],"angle":-45,"axis":"y"},"from":[15.925,0.025,13.45],"to":[16.925,1.025,15.45],"faces":{"east":{"uv":[3.25,9,3.5,9.125],"texture":"#main"},"south":{"uv":[7.125,9,7.25,9.125],"texture":"#main"},"north":{"uv":[7,9,7.125,9.125],"texture":"#main"},"west":{"uv":[3.5,9,3.75,9.125],"texture":"#main"},"up":{"uv":[3.875,9.25,3.75,9],"texture":"#main"},"down":{"uv":[4,9,3.875,9.25],"texture":"#main"}}},{"rotation":{"origin":[16.925,0.025,13.9],"angle":0,"axis":"y"},"from":[13.625,0.025,12.25],"to":[14.625,1.025,14.25],"faces":{"east":{"uv":[4,9,4.25,9.125],"texture":"#main"},"south":{"uv":[8.625,9,8.75,9.125],"texture":"#main"},"north":{"uv":[8.5,9,8.625,9.125],"texture":"#main"},"west":{"uv":[4.25,9,4.5,9.125],"texture":"#main"},"up":{"uv":[4.625,9.25,4.5,9],"texture":"#main"},"down":{"uv":[4.75,9,4.625,9.25],"texture":"#main"}}},{"rotation":{"origin":[8.00625,9.525,-0.5],"angle":22.5,"axis":"x"},"from":[5.00625,3.775,-1],"to":[11.00625,10.775,0],"faces":{"east":{"uv":[1.25,8.875,1.375,9.75],"texture":"#main"},"south":{"uv":[4.75,6,5.5,6.875],"texture":"#main"},"north":{"uv":[4,6,4.75,6.875],"texture":"#main"},"west":{"uv":[1.375,8.875,1.5,9.75],"texture":"#main"},"up":{"uv":[2.5,4,1.75,3.875],"texture":"#main"},"down":{"uv":[7.25,2,6.5,2.125],"texture":"#main"}}},{"rotation":{"origin":[8.00625,9.525,-0.5],"angle":22.5,"axis":"x"},"from":[4.98125,3.775,-2],"to":[4.98125,10.775,1],"faces":{"east":{"uv":[2.5,7.25,2.875,8.125],"texture":"#main"},"south":{"uv":[0,0,0,0.875],"texture":"#main"},"north":{"uv":[0,0,0,0.875],"texture":"#main"},"west":{"uv":[2.875,7.25,3.25,8.125],"texture":"#main"},"up":{"uv":[0,0.375,0,0],"texture":"#main"},"down":{"uv":[0,0,0,0.375],"texture":"#main"}}},{"rotation":{"origin":[8.00625,9.525,-0.5],"angle":22.5,"axis":"x"},"from":[11.03125,3.775,-2],"to":[11.03125,10.775,1],"faces":{"east":{"uv":[3.25,7.25,3.625,8.125],"texture":"#main"},"south":{"uv":[0,0,0,0.875],"texture":"#main"},"north":{"uv":[0,0,0,0.875],"texture":"#main"},"west":{"uv":[7.25,4.5,7.625,5.375],"texture":"#main"},"up":{"uv":[0,0.375,0,0],"texture":"#main"},"down":{"uv":[0,0,0,0.375],"texture":"#main"}}},{"rotation":{"origin":[8.00625,9.525,-0.5],"angle":22.5,"axis":"x"},"from":[4.98125,3.75,-2],"to":[10.98125,3.75,1],"faces":{"east":{"uv":[0,0,0.375,0],"texture":"#main"},"south":{"uv":[0,0,0.75,0],"texture":"#main"},"north":{"uv":[0,0,0.75,0],"texture":"#main"},"west":{"uv":[0,0,0.375,0],"texture":"#main"},"up":{"uv":[8.875,4.625,8.125,4.25],"texture":"#main"},"down":{"uv":[8.875,4.625,8.125,5],"texture":"#main"}}},{"rotation":{"origin":[8,11.525,-2],"angle":-22.5,"axis":"x"},"from":[4.5,10.325,-4.5],"to":[11.5,14.325,0.5],"faces":{"east":{"uv":[7.75,0.75,8.375,1.25],"texture":"#main"},"south":{"uv":[1.5,6.625,2.375,7.125],"texture":"#main"},"north":{"uv":[0.625,6.625,1.5,7.125],"texture":"#main"},"west":{"uv":[7.75,1.25,8.375,1.75],"texture":"#main"},"up":{"uv":[0.875,3.875,0,3.25],"texture":"#main"},"down":{"uv":[7.125,6.375,6.25,7],"texture":"#main"}}},{"rotation":{"origin":[7.5,11.525,-2],"angle":-22.5,"axis":"x"},"from":[8,12.325,-8.4],"to":[8,18.325,1.6],"faces":{"east":{"uv":[5,4.125,6.25,4.875],"texture":"#main"},"south":{"uv":[0,0,0,0.75],"texture":"#main"},"north":{"uv":[0,0,0,0.75],"texture":"#main"},"west":{"uv":[5.625,5.625,6.875,6.375],"texture":"#main"},"up":{"uv":[0,1.25,0,0],"texture":"#main"},"down":{"uv":[0,0,0,1.25],"texture":"#main"}}},{"rotation":{"origin":[7,11.525,-2],"angle":-22.5,"axis":"x"},"from":[5.5,10.075,-8.5],"to":[10.5,13.075,-4.5],"faces":{"east":{"uv":[8.5,6.5,9,6.875],"texture":"#main"},"south":{"uv":[8.5,5.375,9.125,5.75],"texture":"#main"},"north":{"uv":[8.5,5,9.125,5.375],"texture":"#main"},"west":{"uv":[8.5,6.875,9,7.25],"texture":"#main"},"up":{"uv":[8.375,3.125,7.75,2.625],"texture":"#main"},"down":{"uv":[8.375,3.125,7.75,3.625],"texture":"#main"}}},{"rotation":{"origin":[7,11.525,-2],"angle":-22.5,"axis":"x"},"from":[4.5,9.575,-6.5],"to":[5.5,11.575,-4.5],"faces":{"east":{"uv":[7.125,7.625,7.375,7.875],"texture":"#main"},"south":{"uv":[8.25,0.5,8.375,0.75],"texture":"#main"},"north":{"uv":[7.875,8.125,8,8.375],"texture":"#main"},"west":{"uv":[7.625,5.125,7.875,5.375],"texture":"#main"},"up":{"uv":[6.125,8.625,6,8.375],"texture":"#main"},"down":{"uv":[8,8.375,7.875,8.625],"texture":"#main"}}},{"rotation":{"origin":[9,11.525,-2],"angle":-22.5,"axis":"x"},"from":[10.5,9.575,-6.5],"to":[11.5,11.575,-4.5],"faces":{"east":{"uv":[7.75,3.625,8,3.875],"texture":"#main"},"south":{"uv":[8.875,4.25,9,4.5],"texture":"#main"},"north":{"uv":[5.875,8.875,6,9.125],"texture":"#main"},"west":{"uv":[7.75,6.625,8,6.875],"texture":"#main"},"up":{"uv":[9,4.75,8.875,4.5],"texture":"#main"},"down":{"uv":[9,4.75,8.875,5],"texture":"#main"}}},{"rotation":{"origin":[-1,-0.225,0],"angle":0,"axis":"y"},"from":[2,6.775,-0.5],"to":[14,13.775,18.5],"faces":{"east":{"uv":[3,1,5.375,1.875],"texture":"#main"},"south":{"uv":[0,4.875,1.5,5.75],"texture":"#main"},"north":{"uv":[0,2.375,1.5,3.25],"texture":"#main"},"west":{"uv":[3,1.875,5.375,2.75],"texture":"#main"},"up":{"uv":[1.5,2.375,0,0],"texture":"#main"},"down":{"uv":[3,1.5,1.5,3.875],"texture":"#main"}}},{"rotation":{"origin":[-4,-0.225,0],"angle":0,"axis":"y"},"from":[8,14.025,-0.25],"to":[8,22.025,18.75],"faces":{"east":{"uv":[1.5,0,3.875,1],"texture":"#main"},"south":{"uv":[0,0,0,1],"texture":"#main"},"north":{"uv":[0,0,0,1],"texture":"#main"},"west":{"uv":[3,3,5.375,4],"texture":"#main"},"up":{"uv":[0,2.375,0,0],"texture":"#main"},"down":{"uv":[0,0,0,2.375],"texture":"#main"}}},{"rotation":{"origin":[0,-0.225,0],"angle":0,"axis":"y"},"from":[1,11.025,-0.75],"to":[15,15.025,7.25],"faces":{"east":{"uv":[1.5,1,2.5,1.5],"texture":"#main"},"south":{"uv":[5.625,0.5,7.375,1],"texture":"#main"},"north":{"uv":[5.625,0,7.375,0.5],"texture":"#main"},"west":{"uv":[6.375,2.125,7.375,2.625],"texture":"#main"},"up":{"uv":[1.75,4.875,0,3.875],"texture":"#main"},"down":{"uv":[5.625,0,3.875,1],"texture":"#main"}}},{"rotation":{"origin":[-0.5,-0.225,0],"angle":0,"axis":"y"},"from":[1.5,11.775,5.95],"to":[14.5,14.775,12.95],"faces":{"east":{"uv":[7.375,0,8.25,0.375],"texture":"#main"},"south":{"uv":[5.625,5.25,7.25,5.625],"texture":"#main"},"north":{"uv":[5.625,4.875,7.25,5.25],"texture":"#main"},"west":{"uv":[7.375,0.375,8.25,0.75],"texture":"#main"},"up":{"uv":[3.375,4.875,1.75,4],"texture":"#main"},"down":{"uv":[5,4,3.375,4.875],"texture":"#main"}}},{"rotation":{"origin":[3,-0.225,0],"angle":0,"axis":"y"},"from":[1.9,11.975,12.1],"to":[14.1,14.175,19.3],"faces":{"east":{"uv":[4.5,2.75,5.375,3],"texture":"#main"},"south":{"uv":[6.5,1.75,8,2],"texture":"#main"},"north":{"uv":[3,2.75,4.5,3],"texture":"#main"},"west":{"uv":[8.375,1.5,9.25,1.75],"texture":"#main"},"up":{"uv":[3,5.75,1.5,4.875],"texture":"#main"},"down":{"uv":[4.5,4.875,3,5.75],"texture":"#main"}}},{"rotation":{"origin":[8,15.575,21.7],"angle":22.5,"axis":"x"},"from":[8,12.575,20.2],"to":[8,18.575,26.2],"faces":{"east":{"uv":[6.25,4.125,7,4.875],"texture":"#main"},"south":{"uv":[0,0,0,0.75],"texture":"#main"},"north":{"uv":[0,0,0,0.75],"texture":"#main"},"west":{"uv":[5.5,6.375,6.25,7.125],"texture":"#main"},"up":{"uv":[0,0.75,0,0],"texture":"#main"},"down":{"uv":[0,0,0,0.75],"texture":"#main"}}},{"rotation":{"origin":[9,15.575,21.7],"angle":22.5,"axis":"x"},"from":[3.5,10.575,18.95],"to":[12.5,12.575,27.95],"faces":{"east":{"uv":[8,5.75,9.125,6],"texture":"#main"},"south":{"uv":[8.25,0,9.375,0.25],"texture":"#main"},"north":{"uv":[8,1.75,9.125,2],"texture":"#main"},"west":{"uv":[8.25,0.25,9.375,0.5],"texture":"#main"},"up":{"uv":[5.625,6,4.5,4.875],"texture":"#main"},"down":{"uv":[6.5,1,5.375,2.125],"texture":"#main"}}},{"rotation":{"origin":[7.5,8.775,18.5],"angle":22.5,"axis":"x"},"from":[4,5.525,16.5],"to":[12,12.525,24.5],"faces":{"east":{"uv":[1,5.75,2,6.625],"texture":"#main"},"south":{"uv":[2,5.75,3,6.625],"texture":"#main"},"north":{"uv":[0,5.75,1,6.625],"texture":"#main"},"west":{"uv":[3,5.75,4,6.625],"texture":"#main"},"up":{"uv":[6.375,3.125,5.375,2.125],"texture":"#main"},"down":{"uv":[6.375,3.125,5.375,4.125],"texture":"#main"}}},{"rotation":{"origin":[8,6.48256,21.79537],"angle":0,"axis":"y"},"from":[5.5,3.83942,22.87357],"to":[10.5,8.83942,28.87357],"faces":{"east":{"uv":[6.375,2.625,7.125,3.25],"texture":"#main"},"south":{"uv":[7,3.875,7.625,4.5],"texture":"#main"},"north":{"uv":[6.875,7,7.5,7.625],"texture":"#main"},"west":{"uv":[6.375,3.25,7.125,3.875],"texture":"#main"},"up":{"uv":[7.125,1.75,6.5,1],"texture":"#main"},"down":{"uv":[0.625,6.625,0,7.375],"texture":"#main"}}}],"display":{"head":{"translation":[0,-30.5,0],"scale":[1.58,1.58,1.58]}},"groups":[{"children":[0,1,2,3,4,5,6,7,8],"origin":[0,0,0],"name":"legfront1"},{"children":[9,10,11,12,13,14,15,16,17],"origin":[0,0,0],"name":"legfront2"},{"children":[18,19,20,21,22,23,24,25,26],"origin":[0,0,0],"name":"legback1"},{"children":[27,28,29,30,31,32,33,34,35],"origin":[0,0,0],"name":"legback2"},{"children":[{"children":[36,37,38,39,40,41,42,43,44],"origin":[8,6.45756,21.79537],"name":"head"},45,{"children":[46,47],"origin":[-0.5,-0.25,0],"name":"armorscale"},{"children":[48],"origin":[-0.5,-0.25,0],"name":"armorscale2"},{"children":[49],"origin":[-0.5,-0.25,0],"name":"armorscale3"},{"children":[50,51],"origin":[-0.5,-0.25,0],"name":"armorscale4"},52,53],"origin":[8,6.45756,21.79537],"name":"body"}]}