{"parent":"physical_parent","textures":{"main":"iik"},"texture_size":[128,128],"elements":[{"rotation":{"origin":[6.67258,3.38582,1.125],"angle":0,"axis":"y"},"from":[2,0,-15],"to":[14,8,0],"faces":{"east":{"uv":[0,1.875,1.875,2.875],"texture":"#main"},"south":{"uv":[5.25,1.875,6.75,2.875],"texture":"#main"},"north":{"uv":[1.875,1.875,3.375,2.875],"texture":"#main"},"west":{"uv":[3.375,1.875,5.25,2.875],"texture":"#main"},"up":{"uv":[3.375,1.875,1.875,0],"texture":"#main"},"down":{"uv":[4.875,0,3.375,1.875],"texture":"#main"}}},{"rotation":{"origin":[3.4,9.5,0.5],"angle":22.5,"axis":"z"},"from":[3.4,6,-5],"to":[3.4,13,6],"faces":{"east":{"uv":[5,6.875,6.375,7.75],"texture":"#main"},"south":{"uv":[7.75,6.875,7.75,7.75],"texture":"#main"},"north":{"uv":[6.375,6.875,6.375,7.75],"texture":"#main"},"west":{"uv":[6.375,6.875,7.75,7.75],"texture":"#main"},"up":{"uv":[6.375,6.875,6.375,5.5],"texture":"#main"},"down":{"uv":[6.375,5.5,6.375,6.875],"texture":"#main"}}},{"rotation":{"origin":[12.6,9.5,0.5],"angle":-22.5,"axis":"z"},"from":[12.6,6,-5],"to":[12.6,13,6],"faces":{"east":{"uv":[3.5,6,4.875,6.875],"texture":"#main"},"south":{"uv":[6.25,6,6.25,6.875],"texture":"#main"},"north":{"uv":[4.875,6,4.875,6.875],"texture":"#main"},"west":{"uv":[4.875,6,6.25,6.875],"texture":"#main"},"up":{"uv":[4.875,6,4.875,4.625],"texture":"#main"},"down":{"uv":[4.875,4.625,4.875,6],"texture":"#main"}}},{"rotation":{"origin":[6.67296,3.3849,2.125],"angle":22.5,"axis":"z"},"from":[-3.93964,2.04492,-13],"to":[1.06036,2.04492,-7],"faces":{"east":{"uv":[4.125,1.75,4.875,1.75],"texture":"#main"},"south":{"uv":[6.25,1.75,6.875,1.75],"texture":"#main"},"north":{"uv":[4.875,1.75,5.5,1.75],"texture":"#main"},"west":{"uv":[5.5,1.75,6.25,1.75],"texture":"#main"},"up":{"uv":[5.5,1.75,4.875,1],"texture":"#main"},"down":{"uv":[6.125,1,5.5,1.75],"texture":"#main"}}},{"rotation":{"origin":[9.32704,3.3849,2.125],"angle":-22.5,"axis":"z"},"from":[14.93964,2.04492,-13],"to":[19.93964,2.04492,-7],"faces":{"east":{"uv":[3.625,4.75,4.375,4.75],"texture":"#main"},"south":{"uv":[5.75,4.75,6.375,4.75],"texture":"#main"},"north":{"uv":[4.375,4.75,5,4.75],"texture":"#main"},"west":{"uv":[5,4.75,5.75,4.75],"texture":"#main"},"up":{"uv":[5,4.75,4.375,4],"texture":"#main"},"down":{"uv":[5.625,4,5,4.75],"texture":"#main"}}},{"rotation":{"origin":[7.67258,3.38582,0.125],"angle":0,"axis":"y"},"from":[4,0.5,0],"to":[12,6.5,12],"faces":{"east":{"uv":[0,7.125,1.5,7.875],"texture":"#main"},"south":{"uv":[4,7.125,5,7.875],"texture":"#main"},"north":{"uv":[1.5,7.125,2.5,7.875],"texture":"#main"},"west":{"uv":[2.5,7.125,4,7.875],"texture":"#main"},"up":{"uv":[2.5,7.125,1.5,5.625],"texture":"#main"},"down":{"uv":[3.5,5.625,2.5,7.125],"texture":"#main"}}},{"rotation":{"origin":[7.67258,3.38582,0.125],"angle":0,"axis":"y"},"from":[6,1,12],"to":[10,5,19],"faces":{"east":{"uv":[6.125,2.875,7,3.375],"texture":"#main"},"south":{"uv":[8.375,2.875,8.875,3.375],"texture":"#main"},"north":{"uv":[7,2.875,7.5,3.375],"texture":"#main"},"west":{"uv":[7.5,2.875,8.375,3.375],"texture":"#main"},"up":{"uv":[7.5,2.875,7,2],"texture":"#main"},"down":{"uv":[8,2,7.5,2.875],"texture":"#main"}}},{"rotation":{"origin":[14,6,21],"angle":-22.5,"axis":"x"},"from":[-2,6,11],"to":[18,6,19],"faces":{"east":{"uv":[3.875,1,4.875,1],"texture":"#main"},"south":{"uv":[8.375,1,10.875,1],"texture":"#main"},"north":{"uv":[4.875,1,7.375,1],"texture":"#main"},"west":{"uv":[7.375,1,8.375,1],"texture":"#main"},"up":{"uv":[7.375,1,4.875,0],"texture":"#main"},"down":{"uv":[9.875,0,7.375,1],"texture":"#main"}}},{"rotation":{"origin":[8,5.23456,23.65186],"angle":0,"axis":"x"},"from":[-2,5.23456,19.15186],"to":[18,5.23456,28.15186],"faces":{"east":{"uv":[0,4,1.125,4],"texture":"#main"},"south":{"uv":[4.75,4,7.25,4],"texture":"#main"},"north":{"uv":[1.125,4,3.625,4],"texture":"#main"},"west":{"uv":[3.625,4,4.75,4],"texture":"#main"},"up":{"uv":[3.625,4,1.125,2.875],"texture":"#main"},"down":{"uv":[6.125,2.875,3.625,4],"texture":"#main"}}},{"rotation":{"origin":[1.5,2,-5.5],"angle":0,"axis":"y"},"from":[-1,1,-8],"to":[2,3,-3],"faces":{"east":{"uv":[6.25,6.625,6.875,6.875],"texture":"#main"},"south":{"uv":[7.875,6.625,8.25,6.875],"texture":"#main"},"north":{"uv":[6.875,6.625,7.25,6.875],"texture":"#main"},"west":{"uv":[7.25,6.625,7.875,6.875],"texture":"#main"},"up":{"uv":[7.25,6.625,6.875,6],"texture":"#main"},"down":{"uv":[7.625,6,7.25,6.625],"texture":"#main"}}},{"rotation":{"origin":[-7,2,-5.5],"angle":0,"axis":"y"},"from":[-13,1,-11],"to":[-1,3,0],"faces":{"east":{"uv":[4.375,5.75,5.75,6],"texture":"#main"},"south":{"uv":[8.625,5.75,10.125,6],"texture":"#main"},"north":{"uv":[5.75,5.75,7.25,6],"texture":"#main"},"west":{"uv":[7.25,5.75,8.625,6],"texture":"#main"},"up":{"uv":[7.25,5.75,5.75,4.375],"texture":"#main"},"down":{"uv":[8.75,4.375,7.25,5.75],"texture":"#main"}}},{"rotation":{"origin":[-13.5,2.5,-3.5],"angle":22.5,"axis":"y"},"from":[-15,1.5,-5],"to":[-12,2.5,-3],"faces":{"east":{"uv":[0,4.75,0.25,4.875],"texture":"#main"},"south":{"uv":[0.875,4.75,1.25,4.875],"texture":"#main"},"north":{"uv":[0.25,4.75,0.625,4.875],"texture":"#main"},"west":{"uv":[0.625,4.75,0.875,4.875],"texture":"#main"},"up":{"uv":[0.625,4.75,0.25,4.5],"texture":"#main"},"down":{"uv":[1,4.5,0.625,4.75],"texture":"#main"}}},{"rotation":{"origin":[-13.9,2.5,-7],"angle":-22.5,"axis":"y"},"from":[-15.4,1.5,-8.5],"to":[-12.4,2.5,-6.5],"faces":{"east":{"uv":[0,4.375,0.25,4.5],"texture":"#main"},"south":{"uv":[0.875,4.375,1.25,4.5],"texture":"#main"},"north":{"uv":[0.25,4.375,0.625,4.5],"texture":"#main"},"west":{"uv":[0.625,4.375,0.875,4.5],"texture":"#main"},"up":{"uv":[0.625,4.375,0.25,4.125],"texture":"#main"},"down":{"uv":[1,4.125,0.625,4.375],"texture":"#main"}}},{"rotation":{"origin":[-12.75,2.5,-9.5],"angle":-45,"axis":"y"},"from":[-14.25,1.5,-11],"to":[-11.25,2.5,-9],"faces":{"east":{"uv":[0,4,0.25,4.125],"texture":"#main"},"south":{"uv":[0.875,4,1.25,4.125],"texture":"#main"},"north":{"uv":[0.25,4,0.625,4.125],"texture":"#main"},"west":{"uv":[0.625,4,0.875,4.125],"texture":"#main"},"up":{"uv":[0.625,4,0.25,3.75],"texture":"#main"},"down":{"uv":[1,3.75,0.625,4],"texture":"#main"}}},{"rotation":{"origin":[-12.75,2.5,-1.5],"angle":45,"axis":"y"},"from":[-14.25,1.5,-2],"to":[-11.25,2.5,0],"faces":{"east":{"uv":[0,1.75,0.25,1.875],"texture":"#main"},"south":{"uv":[0.875,1.75,1.25,1.875],"texture":"#main"},"north":{"uv":[0.25,1.75,0.625,1.875],"texture":"#main"},"west":{"uv":[0.625,1.75,0.875,1.875],"texture":"#main"},"up":{"uv":[0.625,1.75,0.25,1.5],"texture":"#main"},"down":{"uv":[1,1.5,0.625,1.75],"texture":"#main"}}},{"rotation":{"origin":[14.5,2,-5.5],"angle":0,"axis":"y"},"from":[14,1,-8],"to":[17,3,-3],"faces":{"east":{"uv":[5.625,4,6.25,4.25],"texture":"#main"},"south":{"uv":[7.25,4,7.625,4.25],"texture":"#main"},"north":{"uv":[6.25,4,6.625,4.25],"texture":"#main"},"west":{"uv":[6.625,4,7.25,4.25],"texture":"#main"},"up":{"uv":[6.625,4,6.25,3.375],"texture":"#main"},"down":{"uv":[7,3.375,6.625,4],"texture":"#main"}}},{"rotation":{"origin":[23,2,-5.5],"angle":0,"axis":"y"},"from":[17,1,-11],"to":[29,3,0],"faces":{"east":{"uv":[0,5.375,1.375,5.625],"texture":"#main"},"south":{"uv":[4.25,5.375,5.75,5.625],"texture":"#main"},"north":{"uv":[1.375,5.375,2.875,5.625],"texture":"#main"},"west":{"uv":[2.875,5.375,4.25,5.625],"texture":"#main"},"up":{"uv":[2.875,5.375,1.375,4],"texture":"#main"},"down":{"uv":[4.375,4,2.875,5.375],"texture":"#main"}}},{"rotation":{"origin":[29.5,2.5,-3.5],"angle":-22.5,"axis":"y"},"from":[28,1.5,-5],"to":[31,2.5,-3],"faces":{"east":{"uv":[0,1.375,0.25,1.5],"texture":"#main"},"south":{"uv":[0.875,1.375,1.25,1.5],"texture":"#main"},"north":{"uv":[0.25,1.375,0.625,1.5],"texture":"#main"},"west":{"uv":[0.625,1.375,0.875,1.5],"texture":"#main"},"up":{"uv":[0.625,1.375,0.25,1.125],"texture":"#main"},"down":{"uv":[1,1.125,0.625,1.375],"texture":"#main"}}},{"rotation":{"origin":[29.9,2.5,-7],"angle":22.5,"axis":"y"},"from":[28.4,1.5,-8.5],"to":[31.4,2.5,-6.5],"faces":{"east":{"uv":[0,1,0.25,1.125],"texture":"#main"},"south":{"uv":[0.875,1,1.25,1.125],"texture":"#main"},"north":{"uv":[0.25,1,0.625,1.125],"texture":"#main"},"west":{"uv":[0.625,1,0.875,1.125],"texture":"#main"},"up":{"uv":[0.625,1,0.25,0.75],"texture":"#main"},"down":{"uv":[1,0.75,0.625,1],"texture":"#main"}}},{"rotation":{"origin":[28.75,2.5,-9.5],"angle":45,"axis":"y"},"from":[27.25,1.5,-11],"to":[30.25,2.5,-9],"faces":{"east":{"uv":[0,0.625,0.25,0.75],"texture":"#main"},"south":{"uv":[0.875,0.625,1.25,0.75],"texture":"#main"},"north":{"uv":[0.25,0.625,0.625,0.75],"texture":"#main"},"west":{"uv":[0.625,0.625,0.875,0.75],"texture":"#main"},"up":{"uv":[0.625,0.625,0.25,0.375],"texture":"#main"},"down":{"uv":[1,0.375,0.625,0.625],"texture":"#main"}}},{"rotation":{"origin":[28.75,2.5,-1.5],"angle":-45,"axis":"y"},"from":[27.25,1.5,-2],"to":[30.25,2.5,0],"faces":{"east":{"uv":[0,0.25,0.25,0.375],"texture":"#main"},"south":{"uv":[0.875,0.25,1.25,0.375],"texture":"#main"},"north":{"uv":[0.25,0.25,0.625,0.375],"texture":"#main"},"west":{"uv":[0.625,0.25,0.875,0.375],"texture":"#main"},"up":{"uv":[0.625,0.25,0.25,0],"texture":"#main"},"down":{"uv":[1,0,0.625,0.25],"texture":"#main"}}}],"display":{"head":{"translation":[0,-10,19.5],"scale":[2.15,2.15,2.15]}}}