{"parent":"physical_parent","textures":{"main":"iax"},"texture_size":[32,32],"elements":[{"rotation":{"origin":[16,10,16],"angle":0,"axis":"y"},"from":[6,3,5],"to":[10,7,11],"faces":{"east":{"uv":[5,6,8,8],"texture":"#main"},"south":{"uv":[8,2,10,4],"texture":"#main"},"north":{"uv":[7,8,9,10],"texture":"#main"},"west":{"uv":[6,0,9,2],"texture":"#main"},"up":{"uv":[8,5,6,2],"texture":"#main"},"down":{"uv":[7,8,5,11],"texture":"#main"}}},{"rotation":{"origin":[16,16.31073,12.43788],"angle":22.5,"axis":"x"},"from":[5,5.31073,15.43788],"to":[11,11.31073,15.43788],"faces":{"east":{"uv":[0,0,0,3],"texture":"#main"},"south":{"uv":[3,0,6,3],"texture":"#main"},"north":{"uv":[3,3,6,6],"texture":"#main"},"west":{"uv":[0,0,0,3],"texture":"#main"},"up":{"uv":[3,0,0,0],"texture":"#main"},"down":{"uv":[3,0,0,0],"texture":"#main"}}},{"rotation":{"origin":[16.38685,5.9448,16],"angle":-22.5,"axis":"z"},"from":[6.38685,-3.0552,5],"to":[6.38685,2.9448,11],"faces":{"east":{"uv":[0,0,3,3],"texture":"#main"},"south":{"uv":[0,0,0,3],"texture":"#main"},"north":{"uv":[0,0,0,3],"texture":"#main"},"west":{"uv":[0,3,3,6],"texture":"#main"},"up":{"uv":[0,3,0,0],"texture":"#main"},"down":{"uv":[0,0,0,3],"texture":"#main"}}},{"rotation":{"origin":[-0.38685,5.9448,16],"angle":22.5,"axis":"z"},"from":[9.61315,-3.0552,5],"to":[9.61315,2.9448,11],"faces":{"east":{"uv":[3,3,0,6],"texture":"#main"},"south":{"uv":[0,0,0,3],"texture":"#main"},"north":{"uv":[0,0,0,3],"texture":"#main"},"west":{"uv":[3,0,0,3],"texture":"#main"},"up":{"uv":[0,3,0,0],"texture":"#main"},"down":{"uv":[0,0,0,3],"texture":"#main"}}},{"rotation":{"origin":[16.5,14,16],"angle":0,"axis":"y"},"from":[6.5,7,5],"to":[9.5,10,8],"faces":{"east":{"uv":[8,5.5,9.5,7],"texture":"#main"},"south":{"uv":[0,8.5,1.5,10],"texture":"#main"},"north":{"uv":[8,4,9.5,5.5],"texture":"#main"},"west":{"uv":[1.5,8.5,3,10],"texture":"#main"},"up":{"uv":[4.5,10,3,8.5],"texture":"#main"},"down":{"uv":[10.5,9,9,10.5],"texture":"#main"}}},{"rotation":{"origin":[16.5,7,17],"angle":0,"axis":"y"},"from":[6.5,0,9],"to":[9.5,3,9],"faces":{"east":{"uv":[0,0,0,1.5],"texture":"#main"},"south":{"uv":[9,7,10.5,8.5],"texture":"#main"},"north":{"uv":[9,0,10.5,1.5],"texture":"#main"},"west":{"uv":[0,0,0,1.5],"texture":"#main"},"up":{"uv":[1.5,0,0,0],"texture":"#main"},"down":{"uv":[1.5,0,0,0],"texture":"#main"}}},{"rotation":{"origin":[16.5,7,17],"angle":0,"axis":"y"},"from":[6.5,0,7],"to":[9.5,0,9],"faces":{"east":{"uv":[0,0,1,0],"texture":"#main"},"south":{"uv":[0,0,1.5,0],"texture":"#main"},"north":{"uv":[0,0,1.5,0],"texture":"#main"},"west":{"uv":[0,0,1,0],"texture":"#main"},"up":{"uv":[7.5,6,6,5],"texture":"#main"},"down":{"uv":[11,4,9.5,5],"texture":"#main"}}},{"rotation":{"origin":[16.5,14,16],"angle":0,"axis":"y"},"from":[8,7,5],"to":[8,12,10],"faces":{"east":{"uv":[0,6,2.5,8.5],"texture":"#main"},"south":{"uv":[0,0,0,2.5],"texture":"#main"},"north":{"uv":[0,0,0,2.5],"texture":"#main"},"west":{"uv":[2.5,6,5,8.5],"texture":"#main"},"up":{"uv":[0,2.5,0,0],"texture":"#main"},"down":{"uv":[0,0,0,2.5],"texture":"#main"}}},{"rotation":{"origin":[16.5,14,12],"angle":0,"axis":"y"},"from":[7,9,3],"to":[9,9,5],"faces":{"east":{"uv":[0,0,1,0],"texture":"#main"},"south":{"uv":[0,0,1,0],"texture":"#main"},"north":{"uv":[0,0,1,0],"texture":"#main"},"west":{"uv":[0,0,1,0],"texture":"#main"},"up":{"uv":[9,8,8,7],"texture":"#main"},"down":{"uv":[10.5,5,9.5,6],"texture":"#main"}}}],"display":{"head":{"translation":[0,-21.5,0],"scale":[2.7,2.7,2.7]}}}