{"parent":"physical_parent","textures":{"main":"hxe"},"texture_size":[80,80],"elements":[{"from":[3,0,4],"to":[13,3.25,12],"faces":{"east":{"uv":[0,1.6,1.6,2.2],"texture":"#main"},"south":{"uv":[5.2,1.6,7.2,2.2],"texture":"#main"},"north":{"uv":[1.6,1.6,3.6,2.2],"texture":"#main"},"west":{"uv":[3.6,1.6,5.2,2.2],"texture":"#main"},"up":{"uv":[3.6,1.6,1.6,0],"texture":"#main"},"down":{"uv":[5.6,0,3.6,1.6],"texture":"#main"}}},{"rotation":{"origin":[4.46906,1.12309,4.80703],"angle":0,"axis":"y"},"from":[1.9625,-0.5,2.80829],"to":[4.9625,2.75,6.80829],"faces":{"east":{"uv":[0,7,0.8,7.6],"texture":"#main"},"south":{"uv":[2.2,7,2.8,7.6],"texture":"#main"},"north":{"uv":[0.8,7,1.4,7.6],"texture":"#main"},"west":{"uv":[1.4,7,2.2,7.6],"texture":"#main"},"up":{"uv":[1.4,7,0.8,6.2],"texture":"#main"},"down":{"uv":[2,6.2,1.4,7],"texture":"#main"}}},{"rotation":{"origin":[11.53094,1.12309,4.80703],"angle":0,"axis":"y"},"from":[11.0375,-0.5,2.80829],"to":[14.0375,2.75,6.80829],"faces":{"east":{"uv":[8.4,5.6,9.2,6.2],"texture":"#main"},"south":{"uv":[10.6,5.6,11.2,6.2],"texture":"#main"},"north":{"uv":[9.2,5.6,9.8,6.2],"texture":"#main"},"west":{"uv":[9.8,5.6,10.6,6.2],"texture":"#main"},"up":{"uv":[9.8,5.6,9.2,4.8],"texture":"#main"},"down":{"uv":[10.4,4.8,9.8,5.6],"texture":"#main"}}},{"rotation":{"origin":[11.53094,1.12309,11.19297],"angle":0,"axis":"y"},"from":[11.0375,-0.5,9.19171],"to":[14.0375,2.75,13.19171],"faces":{"east":{"uv":[9.2,5.6,8.4,6.2],"texture":"#main"},"south":{"uv":[9.8,5.6,9.2,6.2],"texture":"#main"},"north":{"uv":[11.2,5.6,10.6,6.2],"texture":"#main"},"west":{"uv":[10.6,5.6,9.8,6.2],"texture":"#main"},"up":{"uv":[9.8,4.8,9.2,5.6],"texture":"#main"},"down":{"uv":[10.4,5.6,9.8,4.8],"texture":"#main"}}},{"rotation":{"origin":[4.46906,1.12309,11.19297],"angle":0,"axis":"y"},"from":[1.9625,-0.5,9.19171],"to":[4.9625,2.75,13.19171],"faces":{"east":{"uv":[9.8,5.6,10.6,6.2],"texture":"#main"},"south":{"uv":[9.2,5.6,9.8,6.2],"texture":"#main"},"north":{"uv":[10.6,5.6,11.2,6.2],"texture":"#main"},"west":{"uv":[8.4,5.6,9.2,6.2],"texture":"#main"},"up":{"uv":[9.2,4.8,9.8,5.6],"texture":"#main"},"down":{"uv":[9.8,5.6,10.4,4.8],"texture":"#main"}}},{"rotation":{"origin":[7.46906,1.12309,11.19297],"angle":0,"axis":"y"},"from":[4.9625,-0.5,9.19171],"to":[7.9625,2.75,13.19171],"faces":{"east":{"uv":[9.8,5.6,10.6,6.2],"texture":"#main"},"south":{"uv":[9.2,5.6,9.8,6.2],"texture":"#main"},"north":{"uv":[10.6,5.6,11.2,6.2],"texture":"#main"},"west":{"uv":[8.4,5.6,9.2,6.2],"texture":"#main"},"up":{"uv":[9.2,4.8,9.8,5.6],"texture":"#main"},"down":{"uv":[9.8,5.6,10.4,4.8],"texture":"#main"}}},{"rotation":{"origin":[10.46906,1.12309,11.19297],"angle":0,"axis":"y"},"from":[7.9625,-0.5,9.19171],"to":[10.9625,2.75,13.19171],"faces":{"east":{"uv":[9.8,5.6,10.6,6.2],"texture":"#main"},"south":{"uv":[9.2,5.6,9.8,6.2],"texture":"#main"},"north":{"uv":[10.6,5.6,11.2,6.2],"texture":"#main"},"west":{"uv":[8.4,5.6,9.2,6.2],"texture":"#main"},"up":{"uv":[9.2,4.8,9.8,5.6],"texture":"#main"},"down":{"uv":[9.8,5.6,10.4,4.8],"texture":"#main"}}},{"rotation":{"origin":[3.46284,1.12658,1.80637],"angle":45,"axis":"x"},"from":[2.2125,0.5,-1.19171],"to":[4.7125,2.75,2.80829],"faces":{"east":{"uv":[4.8,8.4,5.6,8.8],"texture":"#main"},"south":{"uv":[6.8,8.4,7.2,8.8],"texture":"#main"},"north":{"uv":[5.6,8.4,6,8.8],"texture":"#main"},"west":{"uv":[6,8.4,6.8,8.8],"texture":"#main"},"up":{"uv":[6,8.4,5.6,7.6],"texture":"#main"},"down":{"uv":[6.4,7.6,6,8.4],"texture":"#main"}}},{"rotation":{"origin":[12.53716,1.12658,1.80637],"angle":45,"axis":"x"},"from":[11.2875,0.5,-1.19171],"to":[13.7875,2.75,2.80829],"faces":{"east":{"uv":[2.4,8.4,3.2,8.8],"texture":"#main"},"south":{"uv":[4.4,8.4,4.8,8.8],"texture":"#main"},"north":{"uv":[3.2,8.4,3.6,8.8],"texture":"#main"},"west":{"uv":[3.6,8.4,4.4,8.8],"texture":"#main"},"up":{"uv":[3.6,8.4,3.2,7.6],"texture":"#main"},"down":{"uv":[4,7.6,3.6,8.4],"texture":"#main"}}},{"rotation":{"origin":[12.53716,1.12658,14.19363],"angle":-45,"axis":"x"},"from":[11.2875,0.5,13.19171],"to":[13.7875,2.75,17.19171],"faces":{"east":{"uv":[3.2,8.4,2.4,8.8],"texture":"#main"},"south":{"uv":[3.6,8.4,3.2,8.8],"texture":"#main"},"north":{"uv":[4.8,8.4,4.4,8.8],"texture":"#main"},"west":{"uv":[4.4,8.4,3.6,8.8],"texture":"#main"},"up":{"uv":[3.6,7.6,3.2,8.4],"texture":"#main"},"down":{"uv":[4,8.4,3.6,7.6],"texture":"#main"}}},{"rotation":{"origin":[3.46284,1.12658,14.19363],"angle":-45,"axis":"x"},"from":[2.2125,0.5,13.19171],"to":[4.7125,2.75,17.19171],"faces":{"east":{"uv":[3.6,8.4,4.4,8.8],"texture":"#main"},"south":{"uv":[3.2,8.4,3.6,8.8],"texture":"#main"},"north":{"uv":[4.4,8.4,4.8,8.8],"texture":"#main"},"west":{"uv":[2.4,8.4,3.2,8.8],"texture":"#main"},"up":{"uv":[3.2,7.6,3.6,8.4],"texture":"#main"},"down":{"uv":[3.6,8.4,4,7.6],"texture":"#main"}}},{"rotation":{"origin":[6.46284,1.12658,14.19363],"angle":-45,"axis":"x"},"from":[5.2125,0.5,13.19171],"to":[7.7125,2.75,17.19171],"faces":{"east":{"uv":[3.6,8.4,4.4,8.8],"texture":"#main"},"south":{"uv":[3.2,8.4,3.6,8.8],"texture":"#main"},"north":{"uv":[4.4,8.4,4.8,8.8],"texture":"#main"},"west":{"uv":[2.4,8.4,3.2,8.8],"texture":"#main"},"up":{"uv":[3.2,7.6,3.6,8.4],"texture":"#main"},"down":{"uv":[3.6,8.4,4,7.6],"texture":"#main"}}},{"rotation":{"origin":[9.46284,1.12658,14.19363],"angle":-45,"axis":"x"},"from":[8.2125,0.5,13.19171],"to":[10.7125,2.75,17.19171],"faces":{"east":{"uv":[3.6,8.4,4.4,8.8],"texture":"#main"},"south":{"uv":[3.2,8.4,3.6,8.8],"texture":"#main"},"north":{"uv":[4.4,8.4,4.8,8.8],"texture":"#main"},"west":{"uv":[2.4,8.4,3.2,8.8],"texture":"#main"},"up":{"uv":[3.2,7.6,3.6,8.4],"texture":"#main"},"down":{"uv":[3.6,8.4,4,7.6],"texture":"#main"}}},{"rotation":{"origin":[3.46037,2.18697,1.453],"angle":22.5,"axis":"x"},"from":[2.4625,2.18537,-0.67352],"to":[4.4625,5.18537,0.57648],"faces":{"east":{"uv":[4.8,9,5,9.6],"texture":"#main"},"south":{"uv":[5.6,9,6,9.6],"texture":"#main"},"north":{"uv":[5,9,5.4,9.6],"texture":"#main"},"west":{"uv":[5.4,9,5.6,9.6],"texture":"#main"},"up":{"uv":[5.4,9,5,8.8],"texture":"#main"},"down":{"uv":[5.8,8.8,5.4,9],"texture":"#main"}}},{"rotation":{"origin":[12.53963,2.18697,1.453],"angle":22.5,"axis":"x"},"from":[11.5375,2.18537,-0.67352],"to":[13.5375,5.18537,0.57648],"faces":{"east":{"uv":[3.6,9,3.8,9.6],"texture":"#main"},"south":{"uv":[4.4,9,4.8,9.6],"texture":"#main"},"north":{"uv":[3.8,9,4.2,9.6],"texture":"#main"},"west":{"uv":[4.2,9,4.4,9.6],"texture":"#main"},"up":{"uv":[4.2,9,3.8,8.8],"texture":"#main"},"down":{"uv":[4.6,8.8,4.2,9],"texture":"#main"}}},{"rotation":{"origin":[12.53963,2.18697,14.547],"angle":-22.5,"axis":"x"},"from":[11.5375,2.18537,15.42352],"to":[13.5375,5.18537,16.67352],"faces":{"east":{"uv":[3.8,9,3.6,9.6],"texture":"#main"},"south":{"uv":[4.2,9,3.8,9.6],"texture":"#main"},"north":{"uv":[4.8,9,4.4,9.6],"texture":"#main"},"west":{"uv":[4.4,9,4.2,9.6],"texture":"#main"},"up":{"uv":[4.2,8.8,3.8,9],"texture":"#main"},"down":{"uv":[4.6,9,4.2,8.8],"texture":"#main"}}},{"rotation":{"origin":[3.46037,2.18697,14.547],"angle":-22.5,"axis":"x"},"from":[2.4625,2.18537,15.42352],"to":[4.4625,5.18537,16.67352],"faces":{"east":{"uv":[4.2,9,4.4,9.6],"texture":"#main"},"south":{"uv":[3.8,9,4.2,9.6],"texture":"#main"},"north":{"uv":[4.4,9,4.8,9.6],"texture":"#main"},"west":{"uv":[3.6,9,3.8,9.6],"texture":"#main"},"up":{"uv":[3.8,8.8,4.2,9],"texture":"#main"},"down":{"uv":[4.2,9,4.6,8.8],"texture":"#main"}}},{"rotation":{"origin":[6.46037,2.18697,14.547],"angle":-22.5,"axis":"x"},"from":[5.4625,2.18537,15.42352],"to":[7.4625,5.18537,16.67352],"faces":{"east":{"uv":[4.2,9,4.4,9.6],"texture":"#main"},"south":{"uv":[3.8,9,4.2,9.6],"texture":"#main"},"north":{"uv":[4.4,9,4.8,9.6],"texture":"#main"},"west":{"uv":[3.6,9,3.8,9.6],"texture":"#main"},"up":{"uv":[3.8,8.8,4.2,9],"texture":"#main"},"down":{"uv":[4.2,9,4.6,8.8],"texture":"#main"}}},{"rotation":{"origin":[9.46037,2.18697,14.547],"angle":-22.5,"axis":"x"},"from":[8.4625,2.18537,15.42352],"to":[10.4625,5.18537,16.67352],"faces":{"east":{"uv":[4.2,9,4.4,9.6],"texture":"#main"},"south":{"uv":[3.8,9,4.2,9.6],"texture":"#main"},"north":{"uv":[4.4,9,4.8,9.6],"texture":"#main"},"west":{"uv":[3.6,9,3.8,9.6],"texture":"#main"},"up":{"uv":[3.8,8.8,4.2,9],"texture":"#main"},"down":{"uv":[4.2,9,4.6,8.8],"texture":"#main"}}},{"from":[6.5,6,2],"to":[9.5,9,9],"faces":{"east":{"uv":[4.8,4.2,6.2,4.8],"texture":"#main"},"south":{"uv":[8.2,4.2,8.8,4.8],"texture":"#main"},"north":{"uv":[10.5996,4.1998,11.7988,5.399],"texture":"#main"},"west":{"uv":[6.8,4.2,8.2,4.8],"texture":"#main"},"up":{"uv":[6.8,4.2,6.2,2.8],"texture":"#main"},"down":{"uv":[7.4,2.8,6.8,4.2],"texture":"#main"}}},{"from":[4.5,5,4.5],"to":[11.5,12,11.5],"faces":{"east":{"uv":[7.2,1.4,8.6,2.8],"texture":"#main"},"south":{"uv":[11.4,1.4,12.8,2.8],"texture":"#main"},"north":{"uv":[8.6,1.4,10,2.8],"texture":"#main"},"west":{"uv":[10,1.4,11.4,2.8],"texture":"#main"},"up":{"uv":[10,1.4,8.6,0],"texture":"#main"},"down":{"uv":[11.4,0,10,1.4],"texture":"#main"}}},{"from":[4,7,5.5],"to":[12,10,8.5],"faces":{"east":{"uv":[12,4.1998,13.1992,5.399],"texture":"#main"},"south":{"uv":[12,4.1998,12.3994,5.399],"texture":"#main"},"north":{"uv":[12,4.1998,12.399,5.3984],"texture":"#main"},"west":{"uv":[12,4.1998,13.1992,5.399],"texture":"#main"},"up":{"uv":[11,3.4,9.4,2.8],"texture":"#main"},"down":{"uv":[12.6,2.8,11,3.4],"texture":"#main"}}},{"from":[5,3,5],"to":[11,6.25,11],"faces":{"east":{"uv":[0,4,1.2,4.6],"texture":"#main"},"south":{"uv":[3.6,4,4.8,4.6],"texture":"#main"},"north":{"uv":[1.2,4,2.4,4.6],"texture":"#main"},"west":{"uv":[2.4,4,3.6,4.6],"texture":"#main"},"up":{"uv":[2.4,4,1.2,2.8],"texture":"#main"},"down":{"uv":[3.6,2.8,2.4,4],"texture":"#main"}}},{"rotation":{"origin":[3.50001,0.50525,0.49475],"angle":45,"axis":"x"},"from":[2.75,0.75,-0.25],"to":[4.25,1.75,1.25],"faces":{"east":{"uv":[0,10.2,0.2,10.4],"texture":"#main"},"south":{"uv":[0.6,10.2,0.8,10.4],"texture":"#main"},"north":{"uv":[0.2,10.2,0.4,10.4],"texture":"#main"},"west":{"uv":[0.4,10.2,0.6,10.4],"texture":"#main"},"up":{"uv":[0.4,10.2,0.2,10],"texture":"#main"},"down":{"uv":[0.6,10,0.4,10.2],"texture":"#main"}}},{"rotation":{"origin":[12.50001,0.50525,0.49475],"angle":45,"axis":"x"},"from":[11.75,0.75,-0.25],"to":[13.25,1.75,1.25],"faces":{"east":{"uv":[6.4,9.8,6.6,10],"texture":"#main"},"south":{"uv":[7,9.8,7.2,10],"texture":"#main"},"north":{"uv":[6.6,9.8,6.8,10],"texture":"#main"},"west":{"uv":[6.8,9.8,7,10],"texture":"#main"},"up":{"uv":[6.8,9.8,6.6,9.6],"texture":"#main"},"down":{"uv":[7,9.6,6.8,9.8],"texture":"#main"}}},{"rotation":{"origin":[3.4926,3.1575,-1.09685],"angle":22.5,"axis":"x"},"from":[2.75,3.90139,-1.10209],"to":[4.25,5.40139,-0.10209],"faces":{"east":{"uv":[8,9.8,8.2,10],"texture":"#main"},"south":{"uv":[8.6,9.8,8.8,10],"texture":"#main"},"north":{"uv":[8.2,9.8,8.4,10],"texture":"#main"},"west":{"uv":[8.4,9.8,8.6,10],"texture":"#main"},"up":{"uv":[8.4,9.8,8.2,9.6],"texture":"#main"},"down":{"uv":[8.6,9.6,8.4,9.8],"texture":"#main"}}},{"rotation":{"origin":[12.4926,3.1575,-1.09685],"angle":22.5,"axis":"x"},"from":[11.75,3.90139,-1.10209],"to":[13.25,5.40139,-0.10209],"faces":{"east":{"uv":[7.2,9.8,7.4,10],"texture":"#main"},"south":{"uv":[7.8,9.8,8,10],"texture":"#main"},"north":{"uv":[7.4,9.8,7.6,10],"texture":"#main"},"west":{"uv":[7.6,9.8,7.8,10],"texture":"#main"},"up":{"uv":[7.6,9.8,7.4,9.6],"texture":"#main"},"down":{"uv":[7.8,9.6,7.6,9.8],"texture":"#main"}}},{"rotation":{"origin":[12.4926,3.1575,17.09685],"angle":-22.5,"axis":"x"},"from":[11.75,3.90139,16.10209],"to":[13.25,5.40139,17.10209],"faces":{"east":{"uv":[7.4,9.8,7.2,10],"texture":"#main"},"south":{"uv":[7.6,9.8,7.4,10],"texture":"#main"},"north":{"uv":[8,9.8,7.8,10],"texture":"#main"},"west":{"uv":[7.8,9.8,7.6,10],"texture":"#main"},"up":{"uv":[7.6,9.6,7.4,9.8],"texture":"#main"},"down":{"uv":[7.8,9.8,7.6,9.6],"texture":"#main"}}},{"rotation":{"origin":[3.5074,3.1575,17.09685],"angle":-22.5,"axis":"x"},"from":[2.75,3.90139,16.10209],"to":[4.25,5.40139,17.10209],"faces":{"east":{"uv":[7.6,9.8,7.8,10],"texture":"#main"},"south":{"uv":[7.4,9.8,7.6,10],"texture":"#main"},"north":{"uv":[7.8,9.8,8,10],"texture":"#main"},"west":{"uv":[7.2,9.8,7.4,10],"texture":"#main"},"up":{"uv":[7.4,9.6,7.6,9.8],"texture":"#main"},"down":{"uv":[7.6,9.8,7.8,9.6],"texture":"#main"}}},{"rotation":{"origin":[6.5074,3.1575,17.09685],"angle":-22.5,"axis":"x"},"from":[5.75,3.90139,16.10209],"to":[7.25,5.40139,17.10209],"faces":{"east":{"uv":[7.6,9.8,7.8,10],"texture":"#main"},"south":{"uv":[7.4,9.8,7.6,10],"texture":"#main"},"north":{"uv":[7.8,9.8,8,10],"texture":"#main"},"west":{"uv":[7.2,9.8,7.4,10],"texture":"#main"},"up":{"uv":[7.4,9.6,7.6,9.8],"texture":"#main"},"down":{"uv":[7.6,9.8,7.8,9.6],"texture":"#main"}}},{"rotation":{"origin":[9.5074,3.1575,17.09685],"angle":-22.5,"axis":"x"},"from":[8.75,3.90139,16.10209],"to":[10.25,5.40139,17.10209],"faces":{"east":{"uv":[7.6,9.8,7.8,10],"texture":"#main"},"south":{"uv":[7.4,9.8,7.6,10],"texture":"#main"},"north":{"uv":[7.8,9.8,8,10],"texture":"#main"},"west":{"uv":[7.2,9.8,7.4,10],"texture":"#main"},"up":{"uv":[7.4,9.6,7.6,9.8],"texture":"#main"},"down":{"uv":[7.6,9.8,7.8,9.6],"texture":"#main"}}},{"rotation":{"origin":[7.98844,11.77784,5.15515],"angle":-22.5,"axis":"x"},"from":[7.25,11.27288,4.39855],"to":[8.75,12.27288,5.89855],"faces":{"east":{"uv":[5.6,9.8,5.8,10],"texture":"#main"},"south":{"uv":[6.2,9.8,6.4,10],"texture":"#main"},"north":{"uv":[5.8,9.8,6,10],"texture":"#main"},"west":{"uv":[6,9.8,6.2,10],"texture":"#main"},"up":{"uv":[6,9.8,5.8,9.6],"texture":"#main"},"down":{"uv":[6.2,9.6,6,9.8],"texture":"#main"}}},{"rotation":{"origin":[7.98844,11.77784,10.84485],"angle":22.5,"axis":"x"},"from":[7.25,11.27288,10.10145],"to":[8.75,12.27288,11.60145],"faces":{"east":{"uv":[4,9.8,4.2,10],"texture":"#main"},"south":{"uv":[4.6,9.8,4.8,10],"texture":"#main"},"north":{"uv":[4.2,9.8,4.4,10],"texture":"#main"},"west":{"uv":[4.4,9.8,4.6,10],"texture":"#main"},"up":{"uv":[4.4,9.8,4.2,9.6],"texture":"#main"},"down":{"uv":[4.6,9.6,4.4,9.8],"texture":"#main"}}},{"rotation":{"origin":[7.99128,12.9189,7.93119],"angle":0,"axis":"x"},"from":[7.25,11.67208,7.1732],"to":[8.75,12.67208,8.6732],"faces":{"east":{"uv":[4.8,9.8,5,10],"texture":"#main"},"south":{"uv":[5.4,9.8,5.6,10],"texture":"#main"},"north":{"uv":[5,9.8,5.2,10],"texture":"#main"},"west":{"uv":[5.2,9.8,5.4,10],"texture":"#main"},"up":{"uv":[5.2,9.8,5,9.6],"texture":"#main"},"down":{"uv":[5.4,9.6,5.2,9.8],"texture":"#main"}}}],"display":{"head":{"translation":[0,-21,0],"scale":[2.58203,2.58203,2.58203]}}}