{"texture_size":[64,64],"textures":{"main":"igx"},"elements":[{"name":"puplup","from":[4.325,0.975,5.15],"to":[12.675,6.975,11.1],"rotation":{"angle":0,"axis":"y","origin":[8,0,5]},"faces":{"north":{"uv":[1.25,4.75,3.25,6.25],"texture":"#main"},"east":{"uv":[0,4.75,1.25,6.25],"texture":"#main"},"south":{"uv":[4.5,4.75,6.5,6.25],"texture":"#main"},"west":{"uv":[3.25,4.75,4.5,6.25],"texture":"#main"},"up":{"uv":[3.25,4.75,1.25,3.5],"texture":"#main"},"down":{"uv":[5.25,3.5,3.25,4.75],"texture":"#main"}}},{"name":"puplup","from":[8.425,0.075,3.075],"to":[11.675,0.075,6.3],"rotation":{"angle":0,"axis":"y","origin":[8,0,5]},"faces":{"north":{"uv":[8,2.75,8.75,2.75],"texture":"#main"},"east":{"uv":[7.25,2.75,8,2.75],"texture":"#main"},"south":{"uv":[9.5,2.75,10.25,2.75],"texture":"#main"},"west":{"uv":[8.75,2.75,9.5,2.75],"texture":"#main"},"up":{"uv":[8.75,2.75,8,2],"texture":"#main"},"down":{"uv":[9.5,2,8.75,2.75],"texture":"#main"}}},{"name":"puplup","from":[4.925,0.075,3.075],"to":[8.175,0.075,6.3],"rotation":{"angle":0,"axis":"y","origin":[8,0,5]},"faces":{"north":{"uv":[8,2,8.75,2],"texture":"#main"},"east":{"uv":[7.25,2,8,2],"texture":"#main"},"south":{"uv":[9.5,2,10.25,2],"texture":"#main"},"west":{"uv":[8.75,2,9.5,2],"texture":"#main"},"up":{"uv":[8.75,2,8,1.25],"texture":"#main"},"down":{"uv":[9.5,1.25,8.75,2],"texture":"#main"}}},{"name":"puplup","from":[4.525,4.275,5.575],"to":[12.375,10.075,10.7],"rotation":{"angle":0,"axis":"y","origin":[8,0,5]},"faces":{"north":{"uv":[6.5,6.25,8.25,7.5],"texture":"#main"},"east":{"uv":[5.25,6.25,6.5,7.5],"texture":"#main"},"south":{"uv":[9.5,6.25,11.25,7.5],"texture":"#main"},"west":{"uv":[8.25,6.25,9.5,7.5],"texture":"#main"},"up":{"uv":[8.25,6.25,6.5,5],"texture":"#main"},"down":{"uv":[10,5,8.25,6.25],"texture":"#main"}}},{"name":"puplup","from":[3.925,10.075,4.575],"to":[12.925,17.075,11.7],"rotation":{"angle":0,"axis":"y","origin":[8,0,5]},"faces":{"north":{"uv":[1.75,1.75,4,3.5],"texture":"#main"},"east":{"uv":[0,1.75,1.75,3.5],"texture":"#main"},"south":{"uv":[5.75,1.75,8,3.5],"texture":"#main"},"west":{"uv":[4,1.75,5.75,3.5],"texture":"#main"},"up":{"uv":[4,1.75,1.75,0],"texture":"#main"},"down":{"uv":[6.25,0,4,1.75],"texture":"#main"}}},{"name":"puplup","from":[8.425,0.075,6.075],"to":[11.675,1.075,10.3],"rotation":{"angle":0,"axis":"y","origin":[8,0,5]},"faces":{"north":{"uv":[3.5,7.5,4.25,7.75],"texture":"#main"},"east":{"uv":[2.5,7.5,3.5,7.75],"texture":"#main"},"south":{"uv":[5.25,7.5,6,7.75],"texture":"#main"},"west":{"uv":[4.25,7.5,5.25,7.75],"texture":"#main"},"up":{"uv":[4.25,7.5,3.5,6.5],"texture":"#main"},"down":{"uv":[5,6.5,4.25,7.5],"texture":"#main"}}},{"name":"puplup","from":[4.925,0.075,6.075],"to":[8.175,1.075,10.3],"rotation":{"angle":0,"axis":"y","origin":[8,0,5]},"faces":{"north":{"uv":[1,7.25,1.75,7.5],"texture":"#main"},"east":{"uv":[0,7.25,1,7.5],"texture":"#main"},"south":{"uv":[2.75,7.25,3.5,7.5],"texture":"#main"},"west":{"uv":[1.75,7.25,2.75,7.5],"texture":"#main"},"up":{"uv":[1.75,7.25,1,6.25],"texture":"#main"},"down":{"uv":[2.5,6.25,1.75,7.25],"texture":"#main"}}},{"name":"puplup","from":[7.25,11.95,3.875],"to":[9.775,13.075,5.075],"rotation":{"angle":-22.5,"axis":"x","origin":[8.5,12.075,4.075]},"faces":{"north":{"uv":[0.25,0.75,0.75,1],"texture":"#main"},"east":{"uv":[0,0.75,0.25,1],"texture":"#main"},"south":{"uv":[1,0.75,1.5,1],"texture":"#main"},"west":{"uv":[0.75,0.75,1,1],"texture":"#main"},"up":{"uv":[0.75,0.75,0.25,0.5],"texture":"#main"},"down":{"uv":[1.25,0.5,0.75,0.75],"texture":"#main"}}},{"name":"puplup","from":[7.3,11.2,3.875],"to":[9.75,13.075,5.075],"rotation":{"angle":0,"axis":"y","origin":[8.5,12.075,4.075]},"faces":{"north":{"uv":[0.25,0.25,0.75,0.5],"texture":"#main"},"east":{"uv":[0,0.25,0.25,0.5],"texture":"#main"},"south":{"uv":[1,0.25,1.5,0.5],"texture":"#main"},"west":{"uv":[0.75,0.25,1,0.5],"texture":"#main"},"up":{"uv":[0.75,0.25,0.25,0],"texture":"#main"},"down":{"uv":[1.25,0,0.75,0.25],"texture":"#main"}}},{"name":"puplup","from":[-3.375,9.275,5.15],"to":[4.925,9.275,10.275],"rotation":{"angle":45,"axis":"z","origin":[4.775,9.275,7.7125]},"faces":{"north":{"uv":[6.25,1.25,8.25,1.25],"texture":"#main"},"east":{"uv":[5,1.25,6.25,1.25],"texture":"#main"},"south":{"uv":[9.5,1.25,11.5,1.25],"texture":"#main"},"west":{"uv":[8.25,1.25,9.5,1.25],"texture":"#main"},"up":{"uv":[8.25,1.25,6.25,0],"texture":"#main"},"down":{"uv":[10.25,0,8.25,1.25],"texture":"#main"}}},{"name":"puplup","from":[4.525,10.025,3.275],"to":[12.375,10.025,6.275],"rotation":{"angle":-45,"axis":"x","origin":[8.45,10.075,5.575]},"faces":{"north":{"uv":[0,8.75,1.75,8.75],"texture":"#main"},"east":{"uv":[-0.75,8.75,0,8.75],"texture":"#main"},"south":{"uv":[2.5,8.75,4.25,8.75],"texture":"#main"},"west":{"uv":[1.75,8.75,2.5,8.75],"texture":"#main"},"up":{"uv":[1.75,8.75,0,8],"texture":"#main"},"down":{"uv":[3.5,8,1.75,8.75],"texture":"#main"}}},{"name":"puplup","from":[5.05,8.40172,10.36669],"to":[11.75,9.40172,15.66669],"rotation":{"angle":45,"axis":"x","origin":[8.45,9.47672,11.06669]},"faces":{"north":{"uv":[6,8.75,7.5,9],"texture":"#main"},"east":{"uv":[4.75,8.75,6,9],"texture":"#main"},"south":{"uv":[8.75,8.75,10.25,9],"texture":"#main"},"west":{"uv":[7.5,8.75,8.75,9],"texture":"#main"},"up":{"uv":[7.5,8.75,6,7.5],"texture":"#main"},"down":{"uv":[9,7.5,7.5,8.75],"texture":"#main"}}},{"name":"puplup","from":[5.55,8.30172,15.16669],"to":[11.525,11.90172,15.16669],"rotation":{"angle":45,"axis":"x","origin":[8.45,9.47672,11.06669]},"faces":{"north":{"uv":[3.5,8,4.75,8.75],"texture":"#main"},"east":{"uv":[3.5,8,3.5,8.75],"texture":"#main"},"south":{"uv":[4.75,8,6,8.75],"texture":"#main"},"west":{"uv":[4.75,8,4.75,8.75],"texture":"#main"},"up":{"uv":[4.75,8,3.5,8],"texture":"#main"},"down":{"uv":[6,8,4.75,8],"texture":"#main"}}},{"name":"puplup","from":[11.7,9.9,5.15],"to":[20,9.9,10.275],"shade":false,"rotation":{"angle":-45,"axis":"z","origin":[11.225,9.275,7.7125]},"faces":{"north":{"uv":[8.25,1.25,6.25,1.25],"texture":"#main"},"east":{"uv":[9.5,1.25,8.25,1.25],"texture":"#main"},"south":{"uv":[11.5,1.25,9.5,1.25],"texture":"#main"},"west":{"uv":[6.25,1.25,5,1.25],"texture":"#main"},"up":{"uv":[6.25,1.25,8.25,0],"texture":"#main"},"down":{"uv":[8.25,0,10.25,1.25],"texture":"#main"}}}],"display":{"head":{"translation":[0,-37.25,0],"scale":[0.75,0.75,0.75]}},"groups":[{"name":"puplup","origin":[3.225,9.275,2.7125],"color":0,"children":[0,1,2,3,4,5,6,7,8,9,10,11,12,13]}]}