{"parent":"physical_parent","textures":{"main":"ial"},"elements":[{"rotation":{"origin":[2,0,-3],"angle":-45,"axis":"y"},"from":[6,2,-5],"to":[12,8,1],"faces":{"east":{"uv":[1.75,0,3.25,1.5],"texture":"#main"},"south":{"uv":[1.75,0,3.25,1.5],"texture":"#main"},"north":{"uv":[1.75,0,3.25,1.5],"texture":"#main"},"west":{"uv":[0,0,1.5,1.5],"texture":"#main"},"up":{"uv":[1.75,0,3.25,1.5],"texture":"#main"},"down":{"uv":[1.75,0,3.25,1.5],"texture":"#main"}}},{"rotation":{"origin":[2,0,-3],"angle":-45,"axis":"y"},"from":[8,0,-3],"to":[10,2,-1],"faces":{"east":{"uv":[0,1.75,0.5,2.25],"texture":"#main","rotation":270},"south":{"uv":[0,1.75,0.5,2.25],"texture":"#main","rotation":270},"north":{"uv":[0,1.75,0.5,2.25],"texture":"#main","rotation":270},"west":{"uv":[0,1.75,0.5,2.25],"texture":"#main","rotation":270}}},{"rotation":{"origin":[2,0,-3],"angle":-45,"axis":"y"},"from":[7,-0.09999999,-4],"to":[11,7.450581E-9,0],"faces":{"up":{"uv":[0.75,1.75,1.75,2.75],"texture":"#main","rotation":270},"down":{"uv":[2,1.75,3,2.75],"texture":"#main","rotation":270}}},{"rotation":{"origin":[2,0,-3],"angle":-45,"axis":"y"},"from":[8,2,-7],"to":[10,8,-5],"faces":{"east":{"uv":[3.75,1.5,4.25,2.75],"texture":"#main"},"north":{"uv":[3.75,1.5,4.25,2.75],"texture":"#main","rotation":180},"west":{"uv":[3.75,1.5,4.25,2.75],"texture":"#main"},"up":{"uv":[0,1.75,0.5,2.25],"texture":"#main","rotation":90},"down":{"uv":[0,1.75,0.5,2.25],"texture":"#main","rotation":270}}},{"rotation":{"origin":[2,0,-3],"angle":-45,"axis":"y"},"from":[8,2,-10],"to":[10,4,-7],"faces":{"east":{"uv":[4.25,1.5,5,2],"texture":"#main"},"north":{"uv":[5.25,1.5,5.75,2],"texture":"#main","rotation":90},"west":{"uv":[4.25,1.5,5,2],"texture":"#main","rotation":180},"up":{"uv":[4.25,1.5,5,2],"texture":"#main","rotation":270},"down":{"uv":[4.25,1.5,5,2],"texture":"#main","rotation":90}}},{"rotation":{"origin":[2,0,-3],"angle":-45,"axis":"y"},"from":[8,6,-10],"to":[10,8,-7],"faces":{"east":{"uv":[4.25,2.25,5,2.75],"texture":"#main"},"north":{"uv":[5.25,2.25,5.75,2.75],"texture":"#main","rotation":90},"west":{"uv":[4.25,2.25,5,2.75],"texture":"#main","rotation":180},"up":{"uv":[4.25,2.25,5,2.75],"texture":"#main","rotation":270},"down":{"uv":[4.25,2.25,5,2.75],"texture":"#main","rotation":90}}},{"rotation":{"origin":[2,0,-3],"angle":-45,"axis":"y"},"from":[8,2,1],"to":[10,8,3],"faces":{"east":{"uv":[3.75,1.5,4.25,2.75],"texture":"#main","rotation":180},"south":{"uv":[3.75,1.5,4.25,2.75],"texture":"#main","rotation":180},"west":{"uv":[3.75,1.5,4.25,2.75],"texture":"#main","rotation":180},"up":{"uv":[0,1.75,0.5,2.25],"texture":"#main","rotation":270},"down":{"uv":[0,1.75,0.5,2.25],"texture":"#main","rotation":90}}},{"rotation":{"origin":[2,0,-3],"angle":-45,"axis":"y"},"from":[8,6,3],"to":[10,8,6],"faces":{"east":{"uv":[4.25,1.5,5,2],"texture":"#main","rotation":180},"south":{"uv":[5.25,1.5,5.75,2],"texture":"#main","rotation":90},"west":{"uv":[4.25,1.5,5,2],"texture":"#main"},"up":{"uv":[4.25,1.5,5,2],"texture":"#main","rotation":90},"down":{"uv":[4.25,1.5,5,2],"texture":"#main","rotation":270}}},{"rotation":{"origin":[2,0,-3],"angle":-45,"axis":"y"},"from":[8,2,3],"to":[10,4,6],"faces":{"east":{"uv":[4.25,2.25,5,2.75],"texture":"#main","rotation":180},"south":{"uv":[5.25,2.25,5.75,2.75],"texture":"#main","rotation":90},"west":{"uv":[4.25,2.25,5,2.75],"texture":"#main"},"up":{"uv":[4.25,2.25,5,2.75],"texture":"#main","rotation":90},"down":{"uv":[4.25,2.25,5,2.75],"texture":"#main","rotation":270}}},{"rotation":{"origin":[2,0,-3],"angle":-45,"axis":"y"},"from":[4,2,-1],"to":[6,4,1],"faces":{"south":{"uv":[0,1.75,0.5,2.25],"texture":"#main","rotation":180},"north":{"uv":[0,1.75,0.5,2.25],"texture":"#main","rotation":180},"west":{"uv":[0,1,0.5,1.5],"texture":"#main","rotation":90},"up":{"uv":[0,1.75,0.5,2.25],"texture":"#main","rotation":180},"down":{"uv":[0,1.75,0.5,2.25],"texture":"#main","rotation":180}}},{"rotation":{"origin":[2,0,-3],"angle":-45,"axis":"y"},"from":[4,2,-5],"to":[6,4,-3],"faces":{"south":{"uv":[0,1.75,0.5,2.25],"texture":"#main","rotation":180},"north":{"uv":[0,1.75,0.5,2.25],"texture":"#main","rotation":180},"west":{"uv":[0,1,0.5,1.5],"texture":"#main"},"up":{"uv":[0,1.75,0.5,2.25],"texture":"#main","rotation":180},"down":{"uv":[0,1.75,0.5,2.25],"texture":"#main","rotation":180}}},{"rotation":{"origin":[-10,0,12],"angle":45,"axis":"y"},"from":[-4,2,23],"to":[2,8,29],"faces":{"east":{"uv":[1.75,0,3.25,1.5],"texture":"#main"},"south":{"uv":[1.75,0,3.25,1.5],"texture":"#main"},"north":{"uv":[1.75,0,3.25,1.5],"texture":"#main"},"west":{"uv":[0,0,1.5,1.5],"texture":"#main"},"up":{"uv":[1.75,0,3.25,1.5],"texture":"#main"},"down":{"uv":[1.75,0,3.25,1.5],"texture":"#main"}}},{"rotation":{"origin":[-10,0,12],"angle":45,"axis":"y"},"from":[-2,0,25],"to":[0,2,27],"faces":{"east":{"uv":[0,1.75,0.5,2.25],"texture":"#main","rotation":270},"south":{"uv":[0,1.75,0.5,2.25],"texture":"#main","rotation":270},"north":{"uv":[0,1.75,0.5,2.25],"texture":"#main","rotation":270},"west":{"uv":[0,1.75,0.5,2.25],"texture":"#main","rotation":270}}},{"rotation":{"origin":[-10,0,12],"angle":45,"axis":"y"},"from":[-3,-0.09999999,24],"to":[1,7.450581E-9,28],"faces":{"up":{"uv":[0.75,1.75,1.75,2.75],"texture":"#main","rotation":270},"down":{"uv":[2,1.75,3,2.75],"texture":"#main","rotation":270}}},{"rotation":{"origin":[-10,0,12],"angle":45,"axis":"y"},"from":[-2,2,21],"to":[0,8,23],"faces":{"east":{"uv":[3.75,1.5,4.25,2.75],"texture":"#main"},"north":{"uv":[3.75,1.5,4.25,2.75],"texture":"#main","rotation":180},"west":{"uv":[3.75,1.5,4.25,2.75],"texture":"#main"},"up":{"uv":[0,1.75,0.5,2.25],"texture":"#main","rotation":90},"down":{"uv":[0,1.75,0.5,2.25],"texture":"#main","rotation":270}}},{"rotation":{"origin":[-10,0,12],"angle":45,"axis":"y"},"from":[-2,2,18],"to":[0,4,21],"faces":{"east":{"uv":[4.25,1.5,5,2],"texture":"#main"},"north":{"uv":[5.25,1.5,5.75,2],"texture":"#main","rotation":90},"west":{"uv":[4.25,1.5,5,2],"texture":"#main","rotation":180},"up":{"uv":[4.25,1.5,5,2],"texture":"#main","rotation":270},"down":{"uv":[4.25,1.5,5,2],"texture":"#main","rotation":90}}},{"rotation":{"origin":[-10,0,12],"angle":45,"axis":"y"},"from":[-2,6,18],"to":[0,8,21],"faces":{"east":{"uv":[4.25,2.25,5,2.75],"texture":"#main"},"north":{"uv":[5.25,2.25,5.75,2.75],"texture":"#main","rotation":90},"west":{"uv":[4.25,2.25,5,2.75],"texture":"#main","rotation":180},"up":{"uv":[4.25,2.25,5,2.75],"texture":"#main","rotation":270},"down":{"uv":[4.25,2.25,5,2.75],"texture":"#main","rotation":90}}},{"rotation":{"origin":[-10,0,12],"angle":45,"axis":"y"},"from":[-2,2,29],"to":[0,8,31],"faces":{"east":{"uv":[3.75,1.5,4.25,2.75],"texture":"#main","rotation":180},"south":{"uv":[3.75,1.5,4.25,2.75],"texture":"#main","rotation":180},"west":{"uv":[3.75,1.5,4.25,2.75],"texture":"#main","rotation":180},"up":{"uv":[0,1.75,0.5,2.25],"texture":"#main","rotation":270},"down":{"uv":[0,1.75,0.5,2.25],"texture":"#main","rotation":90}}},{"rotation":{"origin":[-10,0,10],"angle":45,"axis":"y"},"from":[-2,6,29],"to":[0,8,32],"faces":{"east":{"uv":[4.25,1.5,5,2],"texture":"#main","rotation":180},"south":{"uv":[5.25,1.5,5.75,2],"texture":"#main","rotation":90},"west":{"uv":[4.25,1.5,5,2],"texture":"#main"},"up":{"uv":[4.25,1.5,5,2],"texture":"#main","rotation":90},"down":{"uv":[4.25,1.5,5,2],"texture":"#main","rotation":270}}},{"rotation":{"origin":[-10,0,10],"angle":45,"axis":"y"},"from":[-2,2,29],"to":[0,4,32],"faces":{"east":{"uv":[4.25,2.25,5,2.75],"texture":"#main","rotation":180},"south":{"uv":[5.25,2.25,5.75,2.75],"texture":"#main","rotation":90},"west":{"uv":[4.25,2.25,5,2.75],"texture":"#main"},"up":{"uv":[4.25,2.25,5,2.75],"texture":"#main","rotation":90},"down":{"uv":[4.25,2.25,5,2.75],"texture":"#main","rotation":270}}},{"rotation":{"origin":[-10,0,12],"angle":45,"axis":"y"},"from":[-6,2,27],"to":[-4,4,29],"faces":{"south":{"uv":[0,1.75,0.5,2.25],"texture":"#main","rotation":180},"north":{"uv":[0,1.75,0.5,2.25],"texture":"#main","rotation":180},"west":{"uv":[0,1,0.5,1.5],"texture":"#main","rotation":90},"up":{"uv":[0,1.75,0.5,2.25],"texture":"#main","rotation":180},"down":{"uv":[0,1.75,0.5,2.25],"texture":"#main","rotation":180}}},{"rotation":{"origin":[-10,0,12],"angle":45,"axis":"y"},"from":[-6,2,23],"to":[-4,4,25],"faces":{"south":{"uv":[0,1.75,0.5,2.25],"texture":"#main","rotation":180},"north":{"uv":[0,1.75,0.5,2.25],"texture":"#main","rotation":180},"west":{"uv":[0,1,0.5,1.5],"texture":"#main"},"up":{"uv":[0,1.75,0.5,2.25],"texture":"#main","rotation":180},"down":{"uv":[0,1.75,0.5,2.25],"texture":"#main","rotation":180}}},{"from":[4,8,6],"to":[10,14,12],"faces":{"east":{"uv":[1.75,0,3.25,1.5],"texture":"#main"},"south":{"uv":[1.75,0,3.25,1.5],"texture":"#main"},"north":{"uv":[1.75,0,3.25,1.5],"texture":"#main"},"west":{"uv":[0,0,1.5,1.5],"texture":"#main"},"up":{"uv":[1.75,0,3.25,1.5],"texture":"#main"},"down":{"uv":[1.75,0,3.25,1.5],"texture":"#main"}}},{"from":[6,14,8],"to":[8,16,10],"faces":{"east":{"uv":[0,1.75,0.5,2.25],"texture":"#main","rotation":270},"south":{"uv":[0,1.75,0.5,2.25],"texture":"#main","rotation":270},"north":{"uv":[0,1.75,0.5,2.25],"texture":"#main","rotation":270},"west":{"uv":[0,1.75,0.5,2.25],"texture":"#main","rotation":270}}},{"from":[5,16,7],"to":[9,16.1,11],"faces":{"up":{"uv":[2,1.75,3,2.75],"texture":"#main","rotation":270},"down":{"uv":[0.75,1.75,1.75,2.75],"texture":"#main","rotation":270}}},{"from":[6,8,4],"to":[8,14,6],"faces":{"east":{"uv":[3.75,1.5,4.25,2.75],"texture":"#main"},"north":{"uv":[3.75,1.5,4.25,2.75],"texture":"#main","rotation":180},"west":{"uv":[3.75,1.5,4.25,2.75],"texture":"#main"},"up":{"uv":[0,1.75,0.5,2.25],"texture":"#main","rotation":90},"down":{"uv":[0,1.75,0.5,2.25],"texture":"#main","rotation":270}}},{"from":[6,8,1],"to":[8,10,4],"faces":{"east":{"uv":[4.25,1.5,5,2],"texture":"#main"},"north":{"uv":[5.25,1.5,5.75,2],"texture":"#main","rotation":90},"west":{"uv":[4.25,1.5,5,2],"texture":"#main","rotation":180},"up":{"uv":[4.25,1.5,5,2],"texture":"#main","rotation":270},"down":{"uv":[4.25,1.5,5,2],"texture":"#main","rotation":90}}},{"from":[6,12,1],"to":[8,14,4],"faces":{"east":{"uv":[4.25,2.25,5,2.75],"texture":"#main"},"north":{"uv":[5.25,2.25,5.75,2.75],"texture":"#main","rotation":90},"west":{"uv":[4.25,2.25,5,2.75],"texture":"#main","rotation":180},"up":{"uv":[4.25,2.25,5,2.75],"texture":"#main","rotation":270},"down":{"uv":[4.25,2.25,5,2.75],"texture":"#main","rotation":90}}},{"from":[6,8,12],"to":[8,14,14],"faces":{"east":{"uv":[3.75,1.5,4.25,2.75],"texture":"#main","rotation":180},"south":{"uv":[3.75,1.5,4.25,2.75],"texture":"#main","rotation":180},"west":{"uv":[3.75,1.5,4.25,2.75],"texture":"#main","rotation":180},"up":{"uv":[0,1.75,0.5,2.25],"texture":"#main","rotation":270},"down":{"uv":[0,1.75,0.5,2.25],"texture":"#main","rotation":90}}},{"from":[6,12,14],"to":[8,14,17],"faces":{"east":{"uv":[4.25,1.5,5,2],"texture":"#main","rotation":180},"south":{"uv":[5.25,1.5,5.75,2],"texture":"#main","rotation":90},"west":{"uv":[4.25,1.5,5,2],"texture":"#main"},"up":{"uv":[4.25,1.5,5,2],"texture":"#main","rotation":90},"down":{"uv":[4.25,1.5,5,2],"texture":"#main","rotation":270}}},{"from":[6,8,14],"to":[8,10,17],"faces":{"east":{"uv":[4.25,2.25,5,2.75],"texture":"#main","rotation":180},"south":{"uv":[5.25,2.25,5.75,2.75],"texture":"#main","rotation":90},"west":{"uv":[4.25,2.25,5,2.75],"texture":"#main"},"up":{"uv":[4.25,2.25,5,2.75],"texture":"#main","rotation":90},"down":{"uv":[4.25,2.25,5,2.75],"texture":"#main","rotation":270}}},{"from":[2,8,10],"to":[4,10,12],"faces":{"south":{"uv":[0,1.75,0.5,2.25],"texture":"#main","rotation":180},"north":{"uv":[0,1.75,0.5,2.25],"texture":"#main","rotation":180},"west":{"uv":[0,1,0.5,1.5],"texture":"#main","rotation":90},"up":{"uv":[0,1.75,0.5,2.25],"texture":"#main","rotation":180},"down":{"uv":[0,1.75,0.5,2.25],"texture":"#main","rotation":180}}},{"from":[2,8,6],"to":[4,10,8],"faces":{"south":{"uv":[0,1.75,0.5,2.25],"texture":"#main","rotation":180},"north":{"uv":[0,1.75,0.5,2.25],"texture":"#main","rotation":180},"west":{"uv":[0,1,0.5,1.5],"texture":"#main"},"up":{"uv":[0,1.75,0.5,2.25],"texture":"#main","rotation":180},"down":{"uv":[0,1.75,0.5,2.25],"texture":"#main","rotation":180}}}],"display":{"head":{"rotation":[0,-90,0],"translation":[1.5,-4.869,0],"scale":[1.5,1.5,1.5]},"firstperson_righthand":{"scale":[1.0E-4,1.0E-4,1.0E-4]},"thirdperson_lefthand":{"scale":[1.0E-4,1.0E-4,1.0E-4]},"firstperson_lefthand":{"scale":[1.0E-4,1.0E-4,1.0E-4]}}}