{"parent":"physical_parent","textures":{"main":"jrj"},"texture_size":[32,32],"elements":[{"rotation":{"origin":[15.5,12,16],"angle":0,"axis":"y"},"from":[6.5,4,9],"to":[9.5,7,12],"faces":{"east":{"uv":[9.5,11,11,12.5],"texture":"#main"},"south":{"uv":[11,11,12.5,12.5],"texture":"#main"},"north":{"uv":[8,11,9.5,12.5],"texture":"#main"},"west":{"uv":[11,0,12.5,1.5],"texture":"#main"},"up":{"uv":[12.5,3,11,1.5],"texture":"#main"},"down":{"uv":[12.5,3,11,4.5],"texture":"#main"}}},{"rotation":{"origin":[16,13,14],"angle":0,"axis":"y"},"from":[6,5,6],"to":[10,9,10],"faces":{"east":{"uv":[9,4,11,6],"texture":"#main"},"south":{"uv":[0,9.5,2,11.5],"texture":"#main"},"north":{"uv":[7,4,9,6],"texture":"#main"},"west":{"uv":[2,9.5,4,11.5],"texture":"#main"},"up":{"uv":[6,11.5,4,9.5],"texture":"#main"},"down":{"uv":[8,11,6,13],"texture":"#main"}}},{"rotation":{"origin":[15.5,17,14],"angle":0,"axis":"y"},"from":[5.5,9,8],"to":[10.5,16,8],"faces":{"east":{"uv":[0,0,0,3.5],"texture":"#main"},"south":{"uv":[0,6,2.5,9.5],"texture":"#main"},"north":{"uv":[3.5,0,6,3.5],"texture":"#main"},"west":{"uv":[0,0,0,3.5],"texture":"#main"},"up":{"uv":[3,0,0,0],"texture":"#main"},"down":{"uv":[3,0,0,0],"texture":"#main"}}},{"rotation":{"origin":[8,12.5,8],"angle":0,"axis":"y"},"from":[8,9,5.5],"to":[8,16,10.5],"faces":{"east":{"uv":[0,6,2.5,9.5],"texture":"#main"},"south":{"uv":[0,0,0,3.5],"texture":"#main"},"north":{"uv":[0,0,0,3.5],"texture":"#main"},"west":{"uv":[3.5,0,6,3.5],"texture":"#main"},"up":{"uv":[3,0,0,0],"texture":"#main","rotation":270},"down":{"uv":[3,0,0,0],"texture":"#main","rotation":90}}},{"rotation":{"origin":[5,18,13.5],"angle":45,"axis":"z"},"from":[-7,10,7.5],"to":[0,22,7.5],"faces":{"east":{"uv":[0,0,0,6],"texture":"#main"},"south":{"uv":[3.5,3.5,7,9.5],"texture":"#main"},"north":{"uv":[0,0,3.5,6],"texture":"#main"},"west":{"uv":[0,0,0,6],"texture":"#main"},"up":{"uv":[3.5,0,0,0],"texture":"#main"},"down":{"uv":[3.5,0,0,0],"texture":"#main"}}},{"rotation":{"origin":[11,18,13.5],"angle":-45,"axis":"z"},"from":[16,10,7.5],"to":[23,22,7.5],"faces":{"east":{"uv":[0,0,0,6],"texture":"#main"},"south":{"uv":[7,3.5,3.5,9.5],"texture":"#main"},"north":{"uv":[3.5,0,0,6],"texture":"#main"},"west":{"uv":[0,0,0,6],"texture":"#main"},"up":{"uv":[0,0,3.5,0],"texture":"#main"},"down":{"uv":[0,0,3.5,0],"texture":"#main"}}},{"rotation":{"origin":[5,14,16.5],"angle":45,"axis":"z"},"from":[-8,6,10.5],"to":[0,14,10.5],"faces":{"east":{"uv":[0,0,0,4],"texture":"#main"},"south":{"uv":[7,0,11,4],"texture":"#main"},"north":{"uv":[7,7,11,11],"texture":"#main"},"west":{"uv":[0,0,0,4],"texture":"#main"},"up":{"uv":[4,0,0,0],"texture":"#main"},"down":{"uv":[4,0,0,0],"texture":"#main"}}},{"rotation":{"origin":[6,5,9.5],"angle":-22.5,"axis":"z"},"from":[-1.07107,-2.34315,11.5],"to":[6.92893,5.65685,11.5],"faces":{"east":{"uv":[4,0,0,0],"texture":"#main","rotation":270},"south":{"uv":[7,0,11,4],"texture":"#main","rotation":270},"north":{"uv":[7,7,11,11],"texture":"#main","rotation":90},"west":{"uv":[4,0,0,0],"texture":"#main","rotation":270},"up":{"uv":[0,0,0,4],"texture":"#main","rotation":270},"down":{"uv":[0,0,0,4],"texture":"#main","rotation":270}}},{"rotation":{"origin":[10,5,9.5],"angle":22.5,"axis":"z"},"from":[9.07107,-2.34315,11.5],"to":[17.07107,5.65685,11.5],"faces":{"east":{"uv":[4,0,0,0],"texture":"#main","rotation":270},"south":{"uv":[7,4,11,0],"texture":"#main","rotation":270},"north":{"uv":[7,11,11,7],"texture":"#main","rotation":90},"west":{"uv":[4,0,0,0],"texture":"#main","rotation":270},"up":{"uv":[0,4,0,0],"texture":"#main","rotation":270},"down":{"uv":[0,4,0,0],"texture":"#main","rotation":270}}},{"rotation":{"origin":[11,14,16.5],"angle":-45,"axis":"z"},"from":[16,6,10.5],"to":[24,14,10.5],"faces":{"east":{"uv":[0,0,0,4],"texture":"#main"},"south":{"uv":[11,0,7,4],"texture":"#main"},"north":{"uv":[11,7,7,11],"texture":"#main"},"west":{"uv":[0,0,0,4],"texture":"#main"},"up":{"uv":[0,0,4,0],"texture":"#main"},"down":{"uv":[0,0,4,0],"texture":"#main"}}}],"display":{"head":{"translation":[0,-14,-2],"scale":[1.7,1.7,1.7]}}}