{"parent":"physical_parent","textures":{"main":"hwl"},"elements":[{"from":[6,0,11],"to":[11,1,14],"faces":{"east":{"uv":[1.5,3.75,2.25,4.25],"texture":"#main","rotation":180},"south":{"uv":[1.75,2.25,2,3.5],"texture":"#main","rotation":270},"north":{"uv":[1.75,2.25,2,3.5],"texture":"#main","rotation":90},"west":{"uv":[0.75,2.25,1,3.75],"texture":"#main"},"up":{"uv":[1.5,2.25,2.25,3.5],"texture":"#main","rotation":270},"down":{"uv":[1.5,2.25,2.25,3.5],"texture":"#main","rotation":270}}},{"rotation":{"origin":[8,8,8],"angle":-45,"axis":"x"},"from":[5,2,19],"to":[8,5,20],"faces":{"east":{"uv":[2,2.25,2.25,3.5],"texture":"#main"},"south":{"uv":[1.5,2.25,2.25,3.5],"texture":"#main"},"north":{"uv":[1.5,2.25,2.25,3.5],"texture":"#main"},"west":{"uv":[1.5,2.25,1.75,3.5],"texture":"#main"},"up":{"uv":[0.75,2.25,1,3.75],"texture":"#main","rotation":180},"down":{"uv":[1.5,3.75,2.25,4.25],"texture":"#main","rotation":180}}},{"rotation":{"origin":[11,7,8],"angle":45,"axis":"x"},"from":[5,4,-3],"to":[8,7,-2],"faces":{"east":{"uv":[1.5,2.25,1.75,3.5],"texture":"#main"},"south":{"uv":[1.5,2.25,2.25,3.5],"texture":"#main"},"north":{"uv":[1.5,2.25,2.25,3.5],"texture":"#main"},"west":{"uv":[2,2.25,2.25,3.5],"texture":"#main"},"up":{"uv":[0.75,2.25,1,3.75],"texture":"#main"},"down":{"uv":[1.5,3.75,2.25,4.25],"texture":"#main"}}},{"from":[6,0,5],"to":[11,1,8],"faces":{"east":{"uv":[1.5,3.75,2.25,4.25],"texture":"#main","rotation":180},"south":{"uv":[1.75,2.25,2,3.5],"texture":"#main","rotation":270},"north":{"uv":[1.75,2.25,2,3.5],"texture":"#main","rotation":90},"west":{"uv":[0.75,2.25,1,3.75],"texture":"#main"},"up":{"uv":[1.5,2.25,2.25,3.5],"texture":"#main","rotation":270},"down":{"uv":[1.5,2.25,2.25,3.5],"texture":"#main","rotation":270}}},{"from":[6,1,11],"to":[7,7,13],"faces":{"east":{"uv":[0,2.25,0.5,3.75],"texture":"#main"},"south":{"uv":[0,2.25,0.25,3.75],"texture":"#main"},"north":{"uv":[0.75,2.25,1,3.75],"texture":"#main"},"west":{"uv":[0.75,2.25,1.25,3.75],"texture":"#main"},"up":{"uv":[0,0,0,0],"texture":"#main"},"down":{"uv":[0,0,0,0],"texture":"#main"}}},{"from":[6,1,6],"to":[7,7,8],"faces":{"east":{"uv":[0.75,2.25,1.25,3.75],"texture":"#main"},"south":{"uv":[0.75,2.25,1,3.75],"texture":"#main"},"north":{"uv":[0,2.25,0.25,3.75],"texture":"#main"},"west":{"uv":[0,2.25,0.5,3.75],"texture":"#main"},"up":{"uv":[0,0,0,0],"texture":"#main"},"down":{"uv":[0,0,0,0],"texture":"#main"}}},{"from":[4,7,6],"to":[9,15,13],"faces":{"east":{"uv":[0,0,1.75,2],"texture":"#main"},"south":{"uv":[2,0,3.25,2],"texture":"#main"},"north":{"uv":[2,0,3.25,2],"texture":"#main"},"west":{"uv":[0,0,1.75,2],"texture":"#main"},"up":{"uv":[0,0,0,0],"texture":"#main"},"down":{"uv":[3.5,0,5.25,1.25],"texture":"#main","rotation":90}}},{"from":[3,15,5],"to":[10,24,14],"faces":{"east":{"uv":[9,2.5,13.5,7],"texture":"#main"},"south":{"uv":[9,0,10.75,2.25],"texture":"#main"},"north":{"uv":[9,0,10.75,2.25],"texture":"#main"},"west":{"uv":[9,0,11.25,2.25],"texture":"#main"},"up":{"uv":[9,0,10.75,2.25],"texture":"#main","rotation":90},"down":{"uv":[9,0,10.75,2.25],"texture":"#main","rotation":90}}},{"from":[10,22,6],"to":[10.1,31,13],"faces":{"east":{"uv":[9,7.25,12.5,11.75],"texture":"#main"},"south":{"uv":[0,6,0,6],"texture":"#main"},"north":{"uv":[0,6.75,0,6.75],"texture":"#main"},"west":{"uv":[9,7.25,12.5,11.75],"texture":"#main"},"up":{"uv":[0,5.5,0,5.5],"texture":"#main"},"down":{"uv":[0,5,0,5],"texture":"#main"}}},{"from":[9,23,12],"to":[9.1,27,16],"faces":{"east":{"uv":[5.75,5,6.5,5.75],"texture":"#main"},"south":{"uv":[0,5.25,0,5.25],"texture":"#main"},"north":{"uv":[0,6.5,0,6.5],"texture":"#main"},"west":{"uv":[8,5,8.5,5.75],"texture":"#main"},"up":{"uv":[0,6.5,0,6.5],"texture":"#main"},"down":{"uv":[0,6.5,0,6.5],"texture":"#main"}}},{"from":[9,23,3],"to":[9.1,27,7],"faces":{"east":{"uv":[7,5,7.75,5.75],"texture":"#main"},"south":{"uv":[0,6.25,0,6.25],"texture":"#main"},"north":{"uv":[0,5.75,0,5.75],"texture":"#main"},"west":{"uv":[8,5,8.5,5.75],"texture":"#main"},"up":{"uv":[0,5.75,0,5.75],"texture":"#main"},"down":{"uv":[0,6,0,6],"texture":"#main"}}},{"from":[10,18,0],"to":[10.1,21,5],"faces":{"east":{"uv":[11,12,14,13.75],"texture":"#main"},"south":{"uv":[0,7.5,0,7.5],"texture":"#main"},"north":{"uv":[0,6,0,6],"texture":"#main"},"west":{"uv":[7.5,12,10.5,13.75],"texture":"#main"},"up":{"uv":[0,6.75,0,6.75],"texture":"#main"},"down":{"uv":[0,8.25,0,8.25],"texture":"#main"}}},{"rotation":{"origin":[8,8,8],"angle":22.5,"axis":"x"},"from":[5,14,9],"to":[8,16,15],"faces":{"east":{"uv":[3.5,2.25,4.25,4.75],"texture":"#main","rotation":90},"south":{"uv":[3.5,5,4.25,5.75],"texture":"#main","rotation":90},"north":{"uv":[4.5,5,5.25,5.75],"texture":"#main","rotation":180},"west":{"uv":[2.5,2.25,3.25,4.75],"texture":"#main","rotation":270},"up":{"uv":[2.5,2.25,3.25,4.75],"texture":"#main"},"down":{"uv":[2.5,2.25,3.25,4.75],"texture":"#main","rotation":180}}},{"rotation":{"origin":[11,7,8],"angle":-22.5,"axis":"x"},"from":[5,13,4],"to":[8,15,10],"faces":{"east":{"uv":[2.5,2.25,3.25,4.75],"texture":"#main","rotation":270},"south":{"uv":[4.5,5,5.25,5.75],"texture":"#main","rotation":180},"north":{"uv":[3.5,5,4.25,5.75],"texture":"#main","rotation":90},"west":{"uv":[3.5,2.25,4.25,4.75],"texture":"#main","rotation":90},"up":{"uv":[2.5,2.25,3.25,4.75],"texture":"#main","rotation":180},"down":{"uv":[2.5,2.25,3.25,4.75],"texture":"#main"}}},{"rotation":{"origin":[8,8,8],"angle":-22.5,"axis":"x"},"from":[5,8,16],"to":[8,10,20],"faces":{"east":{"uv":[3.5,2.25,4.25,4.75],"texture":"#main","rotation":90},"south":{"uv":[3.5,5,4.25,5.75],"texture":"#main","rotation":90},"north":{"uv":[4.5,5,5.25,5.75],"texture":"#main","rotation":180},"west":{"uv":[2.5,2.25,3.25,4.75],"texture":"#main","rotation":270},"up":{"uv":[2.5,2.25,3.25,4.75],"texture":"#main"},"down":{"uv":[2.5,2.25,3.25,4.75],"texture":"#main","rotation":180}}},{"rotation":{"origin":[11,7,8],"angle":22.5,"axis":"x"},"from":[5,9,-2],"to":[8,11,2],"faces":{"east":{"uv":[2.5,2.25,3.25,4.75],"texture":"#main","rotation":270},"south":{"uv":[4.5,5,5.25,5.75],"texture":"#main","rotation":180},"north":{"uv":[3.5,5,4.25,5.75],"texture":"#main","rotation":90},"west":{"uv":[3.5,2.25,4.25,4.75],"texture":"#main","rotation":90},"up":{"uv":[2.5,2.25,3.25,4.75],"texture":"#main","rotation":180},"down":{"uv":[2.5,2.25,3.25,4.75],"texture":"#main"}}},{"from":[-4.45,7,9.45],"to":[5.55,12,9.55],"faces":{"east":{"uv":[0,6.25,0,6.25],"texture":"#main"},"south":{"uv":[2.5,8.5,5,9.75],"texture":"#main"},"north":{"uv":[0,8.5,2.5,9.75],"texture":"#main"},"west":{"uv":[0,6.25,0,6.25],"texture":"#main"},"up":{"uv":[0,6.25,0,6.25],"texture":"#main"},"down":{"uv":[0,7.5,0,7.5],"texture":"#main"}}},{"from":[10,18,14],"to":[10.1,21,19],"faces":{"east":{"uv":[7.5,12,10.5,13.75],"texture":"#main"},"south":{"uv":[0,7.5,0,7.5],"texture":"#main"},"north":{"uv":[0,6.25,0,6.25],"texture":"#main"},"west":{"uv":[11,12,14,13.75],"texture":"#main"},"up":{"uv":[0,6,0,6],"texture":"#main"},"down":{"uv":[0,6.5,0,6.5],"texture":"#main"}}}],"display":{"head":{"rotation":[0,90,0],"translation":[-1.391,-35,-2.086]}}}