{"parent":"physical_parent","textures":{"main":"juv"},"elements":[{"from":[1,0,1],"to":[11,2,11],"faces":{"east":{"uv":[0,0,2.5,0.5],"texture":"#main"},"south":{"uv":[0,0.5,2.5,0],"texture":"#main","rotation":180},"north":{"uv":[0,0,2.5,0.5],"texture":"#main"},"west":{"uv":[0,0,2.5,0.5],"texture":"#main"},"up":{"uv":[0,0.75,2.5,3.25],"texture":"#main"},"down":{"uv":[0,0.75,2.5,3.25],"texture":"#main"}}},{"rotation":{"origin":[12.25648,4.84118,12.4984],"angle":45,"axis":"z"},"from":[6.25,3.25,11],"to":[14.25,6.25,14],"faces":{"east":{"uv":[2.5,8.75,3.25,9.5],"texture":"#main"},"south":{"uv":[2.25,8.75,0.25,9.5],"texture":"#main"},"north":{"uv":[0.25,8.75,2.25,9.5],"texture":"#main"},"west":{"uv":[3.5,8.75,4.25,9.5],"texture":"#main"},"up":{"uv":[2.25,8.75,0.25,9.5],"texture":"#main"},"down":{"uv":[2.25,8.75,0.25,9.5],"texture":"#main"}}},{"rotation":{"origin":[11.60927,2.65081,12.5],"angle":0,"axis":"z"},"from":[9.60927,0.15081,12.5],"to":[15.60927,5.15081,12.5],"faces":{"east":{"uv":[2.5,8.75,3.25,9.5],"texture":"#main"},"south":{"uv":[0,4.25,2.5,6.25],"texture":"#main"},"north":{"uv":[0,4.25,2.5,6.25],"texture":"#main"},"west":{"uv":[3.5,8.75,4.25,9.5],"texture":"#main"},"up":{"uv":[0.25,8.75,2.25,9.5],"texture":"#main"},"down":{"uv":[0.25,8.75,2.25,9.5],"texture":"#main"}}},{"from":[2,2,2],"to":[10,6,10],"faces":{"east":{"uv":[2.75,1.75,4.75,2.75],"texture":"#main"},"south":{"uv":[5,4,7,5],"texture":"#main"},"north":{"uv":[5,1.75,7,2.75],"texture":"#main"},"west":{"uv":[2.75,4,4.75,5],"texture":"#main"},"up":{"uv":[7.75,3,9.75,4],"texture":"#main","rotation":90}}},{"from":[7,0,-1],"to":[15,3,2],"faces":{"east":{"uv":[2.5,8.75,3.25,9.5],"texture":"#main"},"south":{"uv":[2.25,8.75,0.25,9.5],"texture":"#main"},"north":{"uv":[0.25,8.75,2.25,9.5],"texture":"#main"},"west":{"uv":[3.5,8.75,4.25,9.5],"texture":"#main"},"up":{"uv":[2.25,8.75,0.25,9.5],"texture":"#main"},"down":{"uv":[2.25,8.75,0.25,9.5],"texture":"#main"}}},{"from":[10,2,3],"to":[11,4,9],"faces":{"east":{"uv":[0.75,1.5,2.5,2],"texture":"#main"},"south":{"uv":[0.75,1.5,1,2],"texture":"#main","rotation":90},"north":{"uv":[0.75,1.5,1,2],"texture":"#main","rotation":90},"up":{"uv":[0.75,1.5,2.5,1.75],"texture":"#main","rotation":90},"down":{"uv":[0.75,1.5,2.5,1.75],"texture":"#main","rotation":90}}},{"rotation":{"origin":[6.5,8,6],"angle":22.5,"axis":"z"},"from":[3,6,3],"to":[10,8,9],"faces":{"east":{"uv":[2.75,5.25,4.25,5.75],"texture":"#main","rotation":180},"south":{"uv":[6.25,8.25,4.5,8.75],"texture":"#main"},"north":{"uv":[4.5,8.25,6.25,8.75],"texture":"#main"},"west":{"uv":[4.5,9,6.25,9.5],"texture":"#main"},"up":{"uv":[6.75,6.5,8.25,8.25],"texture":"#main"},"down":{"uv":[6.75,6.5,8.25,8.25],"texture":"#main","rotation":90}}},{"from":[7,6,3.01],"to":[9,7,8.99],"faces":{"east":{"uv":[3,1.25,4.49453,1.5],"texture":"#main"},"south":{"uv":[0.75,1.25,1,1.75],"texture":"#main","rotation":90},"north":{"uv":[0.75,1.25,1,1.75],"texture":"#main","rotation":90},"up":{"uv":[0.75,1.5,2.245,2],"texture":"#main","rotation":90},"down":{"uv":[0.75,1.5,2.245,2],"texture":"#main","rotation":90}}},{"from":[10.2,4,6],"to":[10.201,8,7],"faces":{"east":{"uv":[7.25,3,7.5,4],"texture":"#main"},"south":{"uv":[0.75,1.25,1.75,1.25],"texture":"#main","rotation":90},"north":{"uv":[0.75,1.25,1.75,1.25],"texture":"#main","rotation":90},"up":{"uv":[0.75,1.5,1,1.5],"texture":"#main","rotation":90},"down":{"uv":[0.75,1.5,1,1.5],"texture":"#main","rotation":90}}},{"rotation":{"origin":[5.73839,9.84643,5.99757],"angle":22.5,"axis":"z"},"from":[2.2384,7.8464,2.9976],"to":[9.2384,9.8464,8.9976],"faces":{"east":{"uv":[4.75,5.25,6,5.75],"texture":"#main"},"south":{"uv":[4.5,6.5,6.25,7],"texture":"#main"},"north":{"uv":[4.5,6.5,6.25,7],"texture":"#main"},"west":{"uv":[4.5,5.25,6,5.75],"texture":"#main"},"up":{"uv":[7.25,4.25,8.75,6],"texture":"#main"},"down":{"uv":[6.75,6.5,8.25,8.25],"texture":"#main","rotation":90}}},{"rotation":{"origin":[5.73839,9.84643,5.99757],"angle":22.5,"axis":"z"},"from":[8.2384,4.8464,3.4976],"to":[9.2384,5.8464,4.4976],"faces":{"east":{"uv":[2,3.5,2.5,4],"texture":"#main"},"south":{"uv":[2,3.5,2.5,4],"texture":"#main"},"north":{"uv":[2,3.5,2.5,4],"texture":"#main"},"west":{"uv":[2,3.5,2.5,4],"texture":"#main"},"up":{"uv":[6.75,6.5,8.25,8.25],"texture":"#main"},"down":{"uv":[2,3.5,2.5,4],"texture":"#main","rotation":90}}},{"rotation":{"origin":[5.73839,9.84643,5.99757],"angle":22.5,"axis":"z"},"from":[8.2384,4.8464,7.2476],"to":[9.2384,5.8464,8.2476],"faces":{"east":{"uv":[2,3.5,2.5,4],"texture":"#main"},"south":{"uv":[2,3.5,2.5,4],"texture":"#main"},"north":{"uv":[2,3.5,2.5,4],"texture":"#main"},"west":{"uv":[2,3.5,2.5,4],"texture":"#main"},"up":{"uv":[6.75,6.5,8.25,8.25],"texture":"#main"},"down":{"uv":[2,3.5,2.5,4],"texture":"#main","rotation":90}}},{"rotation":{"origin":[5.73839,9.84643,5.99757],"angle":22.5,"axis":"z"},"from":[7.7384,1.8464,7.2476],"to":[8.7384,2.8464,8.2476],"faces":{"east":{"uv":[2,3.5,2.5,4],"texture":"#main"},"south":{"uv":[2,3.5,2.5,4],"texture":"#main"},"north":{"uv":[2,3.5,2.5,4],"texture":"#main"},"west":{"uv":[2,3.5,2.5,4],"texture":"#main"},"up":{"uv":[2,3.5,2.5,4],"texture":"#main"},"down":{"uv":[2,3.5,2.5,4],"texture":"#main","rotation":90}}},{"rotation":{"origin":[12.25648,4.84118,12.4984],"angle":-22.5,"axis":"z"},"from":[10.84828,5.2855,11.2476],"to":[11.84828,6.2855,12.2476],"faces":{"east":{"uv":[2,3.5,2.5,4],"texture":"#main"},"south":{"uv":[2,3.5,2.5,4],"texture":"#main","rotation":270},"north":{"uv":[2,3.5,2.5,4],"texture":"#main","rotation":90},"west":{"uv":[2,3.5,2.5,4],"texture":"#main","rotation":270},"up":{"uv":[2,3.5,2.5,4],"texture":"#main","rotation":270},"down":{"uv":[2,3.5,2.5,4],"texture":"#main","rotation":270}}},{"rotation":{"origin":[12.25648,4.84118,12.4984],"angle":-22.5,"axis":"z"},"from":[12.59828,6.0355,12.7476],"to":[13.59828,7.0355,13.7476],"faces":{"east":{"uv":[2,3.5,2.5,4],"texture":"#main"},"south":{"uv":[2,3.5,2.5,4],"texture":"#main","rotation":270},"north":{"uv":[2,3.5,2.5,4],"texture":"#main","rotation":90},"west":{"uv":[2,3.5,2.5,4],"texture":"#main","rotation":270},"up":{"uv":[2,3.5,2.5,4],"texture":"#main","rotation":270},"down":{"uv":[2,3.5,2.5,4],"texture":"#main","rotation":270}}},{"rotation":{"origin":[12.25648,4.84118,12.4984],"angle":-22.5,"axis":"z"},"from":[12.09828,3.0355,10.7476],"to":[13.09828,4.0355,11.7476],"faces":{"east":{"uv":[2,3.5,2.5,4],"texture":"#main"},"south":{"uv":[2,3.5,2.5,4],"texture":"#main","rotation":270},"north":{"uv":[2,3.5,2.5,4],"texture":"#main","rotation":90},"west":{"uv":[2,3.5,2.5,4],"texture":"#main","rotation":270},"up":{"uv":[2,3.5,2.5,4],"texture":"#main","rotation":270},"down":{"uv":[2,3.5,2.5,4],"texture":"#main","rotation":270}}},{"rotation":{"origin":[5.73839,9.84643,5.99757],"angle":22.5,"axis":"z"},"from":[7.7384,1.8464,3.4976],"to":[8.7384,2.8464,4.4976],"faces":{"east":{"uv":[2,3.5,2.5,4],"texture":"#main"},"south":{"uv":[2,3.5,2.5,4],"texture":"#main"},"north":{"uv":[2,3.5,2.5,4],"texture":"#main"},"west":{"uv":[2,3.5,2.5,4],"texture":"#main"},"up":{"uv":[2,3.5,2.5,4],"texture":"#main"},"down":{"uv":[2,3.5,2.5,4],"texture":"#main","rotation":90}}},{"rotation":{"origin":[5.73839,9.84643,5.99757],"angle":22.5,"axis":"z"},"from":[1.7384,2.3464,1.4976],"to":[2.7384,3.3464,2.4976],"faces":{"east":{"uv":[2,3.5,2.5,4],"texture":"#main"},"south":{"uv":[2,3.5,2.5,4],"texture":"#main"},"north":{"uv":[2,3.5,2.5,4],"texture":"#main"},"west":{"uv":[2,3.5,2.5,4],"texture":"#main"},"up":{"uv":[2,3.5,2.5,4],"texture":"#main"},"down":{"uv":[2,3.5,2.5,4],"texture":"#main","rotation":90}}},{"rotation":{"origin":[5.73839,9.84643,5.99757],"angle":22.5,"axis":"z"},"from":[6.7384,8.0964,2.4976],"to":[7.7384,9.0964,3.4976],"faces":{"east":{"uv":[2,3.5,2.5,4],"texture":"#main"},"south":{"uv":[2,3.5,2.5,4],"texture":"#main"},"north":{"uv":[2,3.5,2.5,4],"texture":"#main"},"west":{"uv":[2,3.5,2.5,4],"texture":"#main"},"up":{"uv":[2,3.5,2.5,4],"texture":"#main"},"down":{"uv":[2,3.5,2.5,4],"texture":"#main","rotation":90}}},{"rotation":{"origin":[5.73839,9.84643,5.99757],"angle":22.5,"axis":"z"},"from":[6.4884,-0.9036,2.4976],"to":[7.4884,0.0964,3.4976],"faces":{"east":{"uv":[2,3.5,2.5,4],"texture":"#main"},"south":{"uv":[2,3.5,2.5,4],"texture":"#main"},"north":{"uv":[2,3.5,2.5,4],"texture":"#main"},"west":{"uv":[2,3.5,2.5,4],"texture":"#main"},"up":{"uv":[2,3.5,2.5,4],"texture":"#main"},"down":{"uv":[2,3.5,2.5,4],"texture":"#main","rotation":90}}},{"rotation":{"origin":[10.81576,0.85499,4.9976],"angle":0,"axis":"z"},"from":[10.56576,0.35499,3.9976],"to":[11.56576,1.35499,4.9976],"faces":{"east":{"uv":[2,3.5,2.5,4],"texture":"#main"},"south":{"uv":[2,3.5,2.5,4],"texture":"#main"},"north":{"uv":[2,3.5,2.5,4],"texture":"#main"},"west":{"uv":[2,3.5,2.5,4],"texture":"#main"},"up":{"uv":[2,3.5,2.5,4],"texture":"#main"},"down":{"uv":[2,3.5,2.5,4],"texture":"#main","rotation":90}}},{"rotation":{"origin":[10.81576,1.10499,5.9976],"angle":-45,"axis":"z"},"from":[10.31576,0.60499,5.4976],"to":[11.31576,1.60499,6.4976],"faces":{"east":{"uv":[2,3.5,2.5,4],"texture":"#main"},"south":{"uv":[2,3.5,2.5,4],"texture":"#main","rotation":270},"north":{"uv":[2,3.5,2.5,4],"texture":"#main","rotation":90},"west":{"uv":[2,3.5,2.5,4],"texture":"#main","rotation":270},"up":{"uv":[2,3.5,2.5,4],"texture":"#main","rotation":270},"down":{"uv":[2,3.5,2.5,4],"texture":"#main","rotation":270}}},{"rotation":{"origin":[5.73839,9.84643,5.99757],"angle":22.5,"axis":"z"},"from":[4.4884,7.3464,2.4976],"to":[5.4884,8.3464,3.4976],"faces":{"east":{"uv":[2,3.5,2.5,4],"texture":"#main"},"south":{"uv":[2,3.5,2.5,4],"texture":"#main"},"north":{"uv":[2,3.5,2.5,4],"texture":"#main"},"west":{"uv":[2,3.5,2.5,4],"texture":"#main"},"up":{"uv":[2,3.5,2.5,4],"texture":"#main"},"down":{"uv":[2,3.5,2.5,4],"texture":"#main","rotation":90}}},{"rotation":{"origin":[5.73839,9.84643,5.99757],"angle":22.5,"axis":"z"},"from":[7.2384,1.3464,4.9976],"to":[8.2384,2.3464,5.9976],"faces":{"east":{"uv":[2,3.5,2.5,4],"texture":"#main"},"south":{"uv":[2,3.5,2.5,4],"texture":"#main"},"north":{"uv":[2,3.5,2.5,4],"texture":"#main"},"west":{"uv":[2,3.5,2.5,4],"texture":"#main"},"up":{"uv":[2,3.5,2.5,4],"texture":"#main"},"down":{"uv":[2,3.5,2.5,4],"texture":"#main","rotation":90}}}],"display":{"head":{"rotation":[0,90,0],"translation":[4.9782,-23.47,-4.173],"scale":[2.5,2.5,2.5]},"firstperson_righthand":{"scale":[1.0E-4,1.0E-4,1.0E-4]},"thirdperson_lefthand":{"scale":[1.0E-4,1.0E-4,1.0E-4]},"firstperson_lefthand":{"scale":[1.0E-4,1.0E-4,1.0E-4]}}}