{"texture_size":[64,64],"textures":{"main":"jqu"},"elements":[{"from":[4.86608,9.41176,6.09158],"to":[12.85048,21.03304,11.55006],"rotation":{"angle":0,"axis":"y","origin":[12.594,-10.66136,7.94042]},"faces":{"north":{"uv":[0,4.25,2.375,7.125],"texture":"#main"},"east":{"uv":[2.75,7.25,4.125,10.125],"texture":"#main"},"south":{"uv":[2.5,4.25,4.875,7.125],"texture":"#main"},"west":{"uv":[7.75,4.5,9.125,7.375],"texture":"#main"},"up":{"uv":[8.625,10.875,6.25,9.5],"texture":"#main"},"down":{"uv":[11.125,9.5,8.75,10.875],"texture":"#main"}}},{"from":[4.33784,2.72072,5.87148],"to":[13.42274,10.46824,11.90222],"rotation":{"angle":0,"axis":"y","origin":[12.594,-10.66136,7.94042]},"faces":{"north":{"uv":[5,4.5,7.75,6.375],"texture":"#main"},"east":{"uv":[9.75,7,11.25,8.875],"texture":"#main"},"south":{"uv":[5,6.5,7.75,8.375],"texture":"#main"},"west":{"uv":[10,1.5,11.5,3.375],"texture":"#main"},"up":{"uv":[2.75,8.75,0,7.25],"texture":"#main"},"down":{"uv":[10.25,0,7.5,1.5],"texture":"#main"}}},{"from":[9.26274,1.72872,11.90222],"to":[9.26274,18.40424,20.58222],"rotation":{"angle":22.5,"axis":"x","origin":[9.26274,10.56248,15.62222]},"faces":{"north":{"uv":[0,0,0,4.125],"texture":"#main"},"east":{"uv":[0,0,2.125,4.125],"texture":"#main"},"south":{"uv":[0,0,0,4.125],"texture":"#main"},"west":{"uv":[2.25,0,4.375,4.125],"texture":"#main"},"up":{"uv":[0,2.125,0,0],"texture":"#main"},"down":{"uv":[0,0,0,2.125],"texture":"#main"}}},{"from":[3.93352,1.44414,6.13128],"to":[6.07904,6.46242,11.96634],"rotation":{"angle":0,"axis":"y","origin":[13.29832,-4.45454,7.94042]},"faces":{"north":{"uv":[10.75,11.75,11.625,13],"texture":"#main"},"east":{"uv":[2,10.25,3.625,11.5],"texture":"#main"},"south":{"uv":[11.75,11.75,12.625,13],"texture":"#main"},"west":{"uv":[3.75,10.25,5.375,11.5],"texture":"#main"},"up":{"uv":[2.625,13.125,1.75,11.5],"texture":"#main"},"down":{"uv":[3.625,11.5,2.75,13.125],"texture":"#main"}}},{"from":[3.48136,0.0355,4.74224],"to":[6.47904,1.7963,9.96534],"rotation":{"angle":22.5,"axis":"y","origin":[4.2302,0.9159,7.61027]},"faces":{"north":{"uv":[9.75,9,10.625,9.5],"texture":"#main"},"east":{"uv":[12.25,8,14,8.5],"texture":"#main"},"south":{"uv":[2.5,13.25,3.375,13.75],"texture":"#main"},"west":{"uv":[12.25,8.5,14,9],"texture":"#main"},"up":{"uv":[12.125,6,11.25,4.25],"texture":"#main"},"down":{"uv":[12.125,6,11.25,7.75],"texture":"#main"}}},{"from":[11.42096,0.0355,4.74224],"to":[14.41864,1.7963,9.96534],"rotation":{"angle":-22.5,"axis":"y","origin":[13.6698,0.9159,7.61027]},"faces":{"north":{"uv":[10.625,9,9.75,9.5],"texture":"#main"},"east":{"uv":[14,8.5,12.25,9],"texture":"#main"},"south":{"uv":[3.375,13.25,2.5,13.75],"texture":"#main"},"west":{"uv":[14,8,12.25,8.5],"texture":"#main"},"up":{"uv":[11.25,6,12.125,4.25],"texture":"#main"},"down":{"uv":[11.25,6,12.125,7.75],"texture":"#main"}}},{"from":[11.82096,1.44414,6.13128],"to":[13.96648,6.46242,11.96634],"rotation":{"angle":0,"axis":"y","origin":[4.60168,-4.45454,7.94042]},"faces":{"north":{"uv":[11.625,11.75,10.75,13],"texture":"#main"},"east":{"uv":[5.375,10.25,3.75,11.5],"texture":"#main"},"south":{"uv":[12.625,11.75,11.75,13],"texture":"#main"},"west":{"uv":[3.625,10.25,2,11.5],"texture":"#main"},"up":{"uv":[1.75,13.125,2.625,11.5],"texture":"#main"},"down":{"uv":[2.75,11.5,3.625,13.125],"texture":"#main"}}},{"from":[5.29548,20.81653,5.56862],"to":[12.5852,27.13428,12.29136],"rotation":{"angle":0,"axis":"y","origin":[12.30171,-8.22082,8.20102]},"faces":{"north":{"uv":[4.25,8.5,6.25,10.25],"texture":"#main"},"east":{"uv":[9.25,3.5,11.125,5.25],"texture":"#main"},"south":{"uv":[0,8.75,2,10.5],"texture":"#main"},"west":{"uv":[9.25,5.25,11.125,7],"texture":"#main"},"up":{"uv":[9.75,9.375,7.75,7.5],"texture":"#main"},"down":{"uv":[10,1.5,8,3.375],"texture":"#main"}}},{"from":[7.03692,21.6265,2.49074],"to":[10.47928,24.1374,5.56862],"rotation":{"angle":0,"axis":"y","origin":[12.30171,-8.22082,8.20102]},"faces":{"north":{"uv":[10.75,13,11.625,13.625],"texture":"#main"},"east":{"uv":[11.75,13,12.625,13.625],"texture":"#main"},"south":{"uv":[13.25,0,14.125,0.625],"texture":"#main"},"west":{"uv":[13.25,0.75,14.125,1.375],"texture":"#main"},"up":{"uv":[13.125,10.875,12.25,10],"texture":"#main"},"down":{"uv":[13.375,1.5,12.5,2.375],"texture":"#main"}}},{"from":[7.15841,20.65454,2.89573],"to":[10.23629,22.27448,5.56862],"rotation":{"angle":0,"axis":"y","origin":[12.30171,-8.22082,8.20102]},"faces":{"north":{"uv":[4.5,13.25,5.375,13.75],"texture":"#main"},"east":{"uv":[13.25,10,14,10.5],"texture":"#main"},"south":{"uv":[13.25,4.75,14.125,5.25],"texture":"#main"},"west":{"uv":[13.25,10.5,14,11],"texture":"#main"},"up":{"uv":[13.625,12.5,12.75,11.75],"texture":"#main"},"down":{"uv":[13.625,12.5,12.75,13.25],"texture":"#main"}}},{"from":[8.04938,23.52052,2.16676],"to":[8.96938,24.44052,3.08676],"rotation":{"angle":0,"axis":"y","origin":[12.30171,-8.22082,8.20102]},"faces":{"north":{"uv":[4.5,3.75,4.75,4],"texture":"#main"},"east":{"uv":[4.5,4,4.75,4.25],"texture":"#main"},"south":{"uv":[4.75,3.75,5,4],"texture":"#main"},"west":{"uv":[4.75,4,5,4.25],"texture":"#main"},"up":{"uv":[8.25,4.5,8,4.25],"texture":"#main"},"down":{"uv":[8.5,4.25,8.25,4.5],"texture":"#main"}}},{"from":[6.92142,25.19036,9.25398],"to":[10.93076,27.45827,16.33722],"rotation":{"angle":0,"axis":"y","origin":[8.94034,25.59534,11.1979]},"faces":{"north":{"uv":[12.5,2.5,13.625,3.125],"texture":"#main"},"east":{"uv":[12,11,13.75,11.625],"texture":"#main"},"south":{"uv":[7.75,12.75,8.875,13.375],"texture":"#main"},"west":{"uv":[12.25,5.5,14,6.125],"texture":"#main"},"up":{"uv":[8.375,12.75,7.25,11],"texture":"#main"},"down":{"uv":[9.625,11,8.5,12.75],"texture":"#main"}}},{"from":[7.4479,23.69192,9.73996],"to":[10.40428,25.95983,15.20327],"rotation":{"angle":0,"axis":"y","origin":[8.94034,25.59534,11.1979]},"faces":{"north":{"uv":[5.5,10.25,6.25,10.875],"texture":"#main"},"east":{"uv":[8,3.5,9.25,4.125],"texture":"#main"},"south":{"uv":[1.75,13.25,2.5,13.875],"texture":"#main"},"west":{"uv":[6.25,8.5,7.5,9.125],"texture":"#main"},"up":{"uv":[5,8.5,4.25,7.25],"texture":"#main"},"down":{"uv":[2.75,8.75,2,10],"texture":"#main"}}},{"from":[4.48568,18.25978,4.74274],"to":[13.42382,21.07706,12.7386],"rotation":{"angle":0,"axis":"y","origin":[12.594,-10.66136,7.94042]},"faces":{"north":{"uv":[10.25,0,13.125,0.75],"texture":"#main"},"east":{"uv":[9.75,11,11.875,11.75],"texture":"#main"},"south":{"uv":[10.25,0.75,13.125,1.5],"texture":"#main"},"west":{"uv":[11.25,3.5,13.375,4.25],"texture":"#main"},"up":{"uv":[7.375,2.125,4.5,0],"texture":"#main"},"down":{"uv":[7.875,2.25,5,4.375],"texture":"#main"}}},{"from":[2.82508,12.01576,6.40158],"to":[4.71608,17.93304,9.75206],"rotation":{"angle":-22.5,"axis":"z","origin":[3.77058,14.4784,7.76682]},"faces":{"north":{"uv":[4.5,2.25,5,3.75],"texture":"#main"},"east":{"uv":[11.25,9.5,12.125,11],"texture":"#main"},"south":{"uv":[7.25,12.75,7.75,14.25],"texture":"#main"},"west":{"uv":[9.75,11.75,10.625,13.25],"texture":"#main"},"up":{"uv":[10,14.125,9.5,13.25],"texture":"#main"},"down":{"uv":[10.5,13.25,10,14.125],"texture":"#main"}}},{"from":[2.22407,6.40598,7.04501],"to":[3.74307,12.97798,9.74449],"rotation":{"angle":22.5,"axis":"x","origin":[3.548,12.70232,8.64825]},"faces":{"north":{"uv":[9,12.75,9.375,14.375],"texture":"#main"},"east":{"uv":[12.25,6.25,12.875,7.875],"texture":"#main"},"south":{"uv":[13,6.25,13.375,7.875],"texture":"#main"},"west":{"uv":[6.5,12.25,7.125,13.875],"texture":"#main"},"up":{"uv":[7.875,2.125,7.5,1.5],"texture":"#main"},"down":{"uv":[13.125,13.25,12.75,13.875],"texture":"#main"}}},{"from":[2.59207,6.50598,9.34449],"to":[2.59207,13.07798,12.32049],"rotation":{"angle":22.5,"axis":"x","origin":[3.548,12.70232,8.64825]},"faces":{"north":{"uv":[0,0,0,1.625],"texture":"#main"},"east":{"uv":[4.75,11.5,5.5,13.125],"texture":"#main"},"south":{"uv":[0,0,0,1.625],"texture":"#main"},"west":{"uv":[1,11.75,1.75,13.375],"texture":"#main"},"up":{"uv":[0,0.75,0,0],"texture":"#main"},"down":{"uv":[0,0,0,0.75],"texture":"#main"}}},{"from":[13.05892,12.01576,6.40158],"to":[14.94992,17.93304,9.75206],"rotation":{"angle":22.5,"axis":"z","origin":[14.00442,14.4784,7.76682]},"faces":{"north":{"uv":[5,2.25,4.5,3.75],"texture":"#main"},"east":{"uv":[10.625,11.75,9.75,13.25],"texture":"#main"},"south":{"uv":[7.75,12.75,7.25,14.25],"texture":"#main"},"west":{"uv":[12.125,9.5,11.25,11],"texture":"#main"},"up":{"uv":[9.5,14.125,10,13.25],"texture":"#main"},"down":{"uv":[10,13.25,10.5,14.125],"texture":"#main"}}},{"from":[15.08293,5.96036,7.70749],"to":[15.08293,12.53236,10.68349],"rotation":{"angle":22.5,"axis":"x","origin":[15.08293,8.74636,9.19549]},"faces":{"north":{"uv":[0,0,0,1.625],"texture":"#main"},"east":{"uv":[1.75,11.75,1,13.375],"texture":"#main"},"south":{"uv":[0,0,0,1.625],"texture":"#main"},"west":{"uv":[5.5,11.5,4.75,13.125],"texture":"#main"},"up":{"uv":[0,0.75,0,0],"texture":"#main"},"down":{"uv":[0,0,0,0.75],"texture":"#main"}}},{"from":[14.03193,6.40598,7.34501],"to":[15.55093,12.97798,10.04449],"rotation":{"angle":22.5,"axis":"x","origin":[14.227,12.70232,8.64825]},"faces":{"north":{"uv":[9.375,12.75,9,14.375],"texture":"#main"},"east":{"uv":[7.125,12.25,6.5,13.875],"texture":"#main"},"south":{"uv":[13.375,6.25,13,7.875],"texture":"#main"},"west":{"uv":[12.875,6.25,12.25,7.875],"texture":"#main"},"up":{"uv":[7.5,2.125,7.875,1.5],"texture":"#main"},"down":{"uv":[12.75,13.25,13.125,13.875],"texture":"#main"}}}],"display":{"head":{"translation":[-0.5,-38.25,0],"scale":[0.6,0.6,0.6]}},"groups":[{"name":"buizel","origin":[-5.202,12.80232,0.24825],"color":0,"children":[{"name":"body","origin":[1.26274,10.56248,7.62222],"color":0,"children":[0,1,2]},{"name":"legs","origin":[-3.39832,-4.45454,-0.05958],"color":0,"children":[3,4,5,6]},{"name":"head","origin":[0.94034,25.59534,3.1979],"color":0,"children":[7,8,9,10,11,12,13]},{"name":"arms","origin":[-5.202,12.80232,0.24825],"color":0,"children":[14,15,16,17,18,19]}]}]}