{"parent":"physical_parent","texture_size":[64,64],"textures":{"main":"iaw"},"elements":[{"from":[6.5,9.19291,-11.80931],"to":[9.5,11.19291,-7.80931],"rotation":{"angle":-22.5,"axis":"x","origin":[8,6.12982,-7.22492]},"faces":{"north":{"uv":[13.5,6.25,14.25,6.75],"texture":"#main"},"east":{"uv":[12.75,9,13.75,9.5],"texture":"#main"},"south":{"uv":[13.75,6.75,14.5,7.25],"texture":"#main"},"west":{"uv":[0.75,13,1.75,13.5],"texture":"#main"},"up":{"uv":[2,10.5,1.25,9.5],"texture":"#main"},"down":{"uv":[2.75,11.75,2,12.75],"texture":"#main"}}},{"from":[6.745,3.06577,-10.82155],"to":[9.255,6.57577,-9.81154],"rotation":{"angle":45,"axis":"x","origin":[8,6.12982,-7.22492]},"faces":{"north":{"uv":[12.5,9.5,13.125,10.375],"texture":"#main"},"east":{"uv":[2,9.5,2.25,10.375],"texture":"#main"},"south":{"uv":[2,12.75,2.625,13.625],"texture":"#main"},"west":{"uv":[4.5,10.5,4.75,11.375],"texture":"#main"},"up":{"uv":[14.375,7.5,13.75,7.25],"texture":"#main"},"down":{"uv":[14.375,13.25,13.75,13.5],"texture":"#main"}}},{"from":[6.75,0.33159,-4.54219],"to":[9.25,2.83159,-2.04219],"rotation":{"angle":-22.5,"axis":"x","origin":[7.99,1.33159,-3.29219]},"faces":{"north":{"uv":[13.25,4,13.875,4.625],"texture":"#main"},"east":{"uv":[13.25,4.75,13.875,5.375],"texture":"#main"},"south":{"uv":[8.5,13.25,9.125,13.875],"texture":"#main"},"west":{"uv":[13.25,9.5,13.875,10.125],"texture":"#main"},"up":{"uv":[1.375,14.125,0.75,13.5],"texture":"#main"},"down":{"uv":[14.125,5.5,13.5,6.125],"texture":"#main"}}},{"from":[6.74,5.52159,-6.95219],"to":[9.26,9.04159,-4.43219],"rotation":{"angle":-45,"axis":"x","origin":[7.99,6.53159,-5.69219]},"faces":{"north":{"uv":[4.25,12.75,4.875,13.625],"texture":"#main"},"east":{"uv":[5,12.75,5.625,13.625],"texture":"#main"},"south":{"uv":[5.75,12.75,6.375,13.625],"texture":"#main"},"west":{"uv":[12.75,5.75,13.375,6.625],"texture":"#main"},"up":{"uv":[7.125,14.125,6.5,13.5],"texture":"#main"},"down":{"uv":[7.875,13.5,7.25,14.125],"texture":"#main"}}},{"from":[6.75,7.44808,-10.42122],"to":[9.25,9.94808,-6.92122],"rotation":{"angle":22.5,"axis":"x","origin":[7.99,8.69808,-8.67122]},"faces":{"north":{"uv":[13.5,7.5,14.125,8.125],"texture":"#main"},"east":{"uv":[6.5,12.75,7.375,13.375],"texture":"#main"},"south":{"uv":[13.5,8.25,14.125,8.875],"texture":"#main"},"west":{"uv":[7.5,12.75,8.375,13.375],"texture":"#main"},"up":{"uv":[13.375,8.875,12.75,8],"texture":"#main"},"down":{"uv":[10.875,12.75,10.25,13.625],"texture":"#main"}}},{"from":[6.74,-1.13251,-3.78631],"to":[9.26,1.38749,-0.26631],"rotation":{"angle":22.5,"axis":"x","origin":[7.99,0.12749,-1.27631]},"faces":{"north":{"uv":[11,13.5,11.625,14.125],"texture":"#main"},"east":{"uv":[11,12.75,11.875,13.375],"texture":"#main"},"south":{"uv":[11.75,13.5,12.375,14.125],"texture":"#main"},"west":{"uv":[12,12.75,12.875,13.375],"texture":"#main"},"up":{"uv":[0.625,13.875,0,13],"texture":"#main"},"down":{"uv":[13.625,0,13,0.875],"texture":"#main"}}},{"from":[6.74,-0.92364,2.12988],"to":[9.26,1.59636,6.14988],"rotation":{"angle":-22.5,"axis":"x","origin":[8,0.33636,3.63988]},"faces":{"north":{"uv":[12.5,13.5,13.125,14.125],"texture":"#main"},"east":{"uv":[12.25,2,13.25,2.625],"texture":"#main"},"south":{"uv":[13.25,13.5,13.875,14.125],"texture":"#main"},"west":{"uv":[12.25,2.75,13.25,3.375],"texture":"#main"},"up":{"uv":[12.875,8,12.25,7],"texture":"#main"},"down":{"uv":[9.375,12.25,8.75,13.25],"texture":"#main"}}},{"from":[6.75,0.82735,5.11777],"to":[9.25,3.32735,8.11777],"rotation":{"angle":-45,"axis":"x","origin":[8.01,2.07735,6.61777]},"faces":{"north":{"uv":[13.75,0,14.375,0.625],"texture":"#main"},"east":{"uv":[13,1,13.75,1.625],"texture":"#main"},"south":{"uv":[13.75,0.75,14.375,1.375],"texture":"#main"},"west":{"uv":[13,6.75,13.75,7.375],"texture":"#main"},"up":{"uv":[10.125,13.75,9.5,13],"texture":"#main"},"down":{"uv":[13.625,10.5,13,11.25],"texture":"#main"}}},{"from":[6.74,5.865,7.59],"to":[9.26,8.385,10.61],"rotation":{"angle":-45,"axis":"x","origin":[8,7.125,9.6]},"faces":{"north":{"uv":[1.5,13.75,2.125,14.375],"texture":"#main"},"east":{"uv":[13,11.25,13.75,11.875],"texture":"#main"},"south":{"uv":[4.25,13.75,4.875,14.375],"texture":"#main"},"west":{"uv":[13,12,13.75,12.625],"texture":"#main"},"up":{"uv":[13.625,13.5,13,12.75],"texture":"#main"},"down":{"uv":[13.875,1.75,13.25,2.5],"texture":"#main"}}},{"from":[6.75,7.07651,9.74934],"to":[9.25,9.57651,12.74934],"rotation":{"angle":-22.5,"axis":"x","origin":[8,8.32651,11.74934]},"faces":{"north":{"uv":[5,13.75,5.625,14.375],"texture":"#main"},"east":{"uv":[13.25,2.5,14,3.125],"texture":"#main"},"south":{"uv":[5.75,13.75,6.375,14.375],"texture":"#main"},"west":{"uv":[2.75,13.25,3.5,13.875],"texture":"#main"},"up":{"uv":[13.875,4,13.25,3.25],"texture":"#main"},"down":{"uv":[4.125,13.25,3.5,14],"texture":"#main"}}},{"from":[6.99,7.715,15.64],"to":[9.01,9.735,18.16],"rotation":{"angle":22.5,"axis":"x","origin":[8,8.725,16.4]},"faces":{"north":{"uv":[13,7.5,13.5,8],"texture":"#main"},"east":{"uv":[13.75,9,14.375,9.5],"texture":"#main"},"south":{"uv":[14,1.5,14.5,2],"texture":"#main"},"west":{"uv":[9.75,13.75,10.375,14.25],"texture":"#main"},"up":{"uv":[14.25,10.875,13.75,10.25],"texture":"#main"},"down":{"uv":[11,13.75,10.5,14.375],"texture":"#main"}}},{"from":[7,6.13819,17.57625],"to":[9,8.63819,19.57625],"rotation":{"angle":-45,"axis":"x","origin":[8,7.38819,18.57625]},"faces":{"north":{"uv":[13.75,11,14.25,11.625],"texture":"#main"},"east":{"uv":[13.75,11.75,14.25,12.375],"texture":"#main"},"south":{"uv":[13.75,12.5,14.25,13.125],"texture":"#main"},"west":{"uv":[0,14,0.5,14.625],"texture":"#main"},"up":{"uv":[14.5,2.5,14,2],"texture":"#main"},"down":{"uv":[14.5,2.5,14,3],"texture":"#main"}}},{"from":[7.25,3.5,19.15],"to":[8.75,7,20.65],"rotation":{"angle":-22.5,"axis":"x","origin":[8,5.25,19.9]},"faces":{"north":{"uv":[0.75,12,1.125,12.875],"texture":"#main"},"east":{"uv":[8,13.5,8.375,14.375],"texture":"#main"},"south":{"uv":[2.25,13.75,2.625,14.625],"texture":"#main"},"west":{"uv":[9.25,13.75,9.625,14.625],"texture":"#main"},"up":{"uv":[3.125,14.375,2.75,14],"texture":"#main"},"down":{"uv":[14.375,3,14,3.375],"texture":"#main"}}},{"from":[6.5,-1.5,-1],"to":[9.5,1.5,3],"rotation":{"angle":0,"axis":"y","origin":[8,0,1]},"faces":{"north":{"uv":[12.25,10.5,13,11.25],"texture":"#main"},"east":{"uv":[2.75,11.75,3.75,12.5],"texture":"#main"},"south":{"uv":[12.25,11.25,13,12],"texture":"#main"},"west":{"uv":[3.75,11.75,4.75,12.5],"texture":"#main"},"up":{"uv":[5.5,12.75,4.75,11.75],"texture":"#main"},"down":{"uv":[6.25,11.75,5.5,12.75],"texture":"#main"}}},{"from":[6.5,2.225,6.3],"to":[9.5,6.225,9.3],"rotation":{"angle":22.5,"axis":"x","origin":[8,4.225,7.8]},"faces":{"north":{"uv":[6.25,11.75,7,12.75],"texture":"#main"},"east":{"uv":[11.75,9.5,12.5,10.5],"texture":"#main"},"south":{"uv":[0,12,0.75,13],"texture":"#main"},"west":{"uv":[9.5,12,10.25,13],"texture":"#main"},"up":{"uv":[13,12.75,12.25,12],"texture":"#main"},"down":{"uv":[3.5,12.5,2.75,13.25],"texture":"#main"}}},{"from":[6.5,7.025,12.15],"to":[9.5,10.025,16.15],"rotation":{"angle":0,"axis":"y","origin":[8,8.525,14.15]},"faces":{"north":{"uv":[3.5,12.5,4.25,13.25],"texture":"#main"},"east":{"uv":[10.25,12,11.25,12.75],"texture":"#main"},"south":{"uv":[12.5,3.5,13.25,4.25],"texture":"#main"},"west":{"uv":[11.25,12,12.25,12.75],"texture":"#main"},"up":{"uv":[13,1,12.25,0],"texture":"#main"},"down":{"uv":[13,1,12.25,2],"texture":"#main"}}},{"from":[6.5,2,-6],"to":[9.5,6.5,-3],"rotation":{"angle":-22.5,"axis":"x","origin":[8,4.25,-4.5]},"faces":{"north":{"uv":[3.75,10.5,4.5,11.625],"texture":"#main"},"east":{"uv":[8.75,11,9.5,12.125],"texture":"#main"},"south":{"uv":[11,9.5,11.75,10.625],"texture":"#main"},"west":{"uv":[1.25,11.75,2,12.875],"texture":"#main"},"up":{"uv":[13.25,5,12.5,4.25],"texture":"#main"},"down":{"uv":[13.25,5,12.5,5.75],"texture":"#main"}}},{"from":[6.25,6,-6.25],"to":[7.25,7,-5.25],"rotation":{"angle":-22.5,"axis":"z","origin":[6.75,6.5,-5.75]},"faces":{"north":{"uv":[7.25,8,7.5,8.25],"texture":"#main"},"east":{"uv":[7.25,8.25,7.5,8.5],"texture":"#main"},"south":{"uv":[9.5,11,9.75,11.25],"texture":"#main"},"west":{"uv":[9.5,11.25,9.75,11.5],"texture":"#main"},"up":{"uv":[4.75,11.75,4.5,11.5],"texture":"#main"},"down":{"uv":[9.75,11.5,9.5,11.75],"texture":"#main"}}},{"from":[8.75,6,-6.25],"to":[9.75,7,-5.25],"rotation":{"angle":22.5,"axis":"z","origin":[9.25,6.5,-5.75]},"faces":{"north":{"uv":[7.5,8,7.25,8.25],"texture":"#main"},"east":{"uv":[9.75,11.25,9.5,11.5],"texture":"#main"},"south":{"uv":[9.75,11,9.5,11.25],"texture":"#main"},"west":{"uv":[7.5,8.25,7.25,8.5],"texture":"#main"},"up":{"uv":[4.5,11.75,4.75,11.5],"texture":"#main"},"down":{"uv":[9.5,11.5,9.75,11.75],"texture":"#main"}}},{"from":[8,-4.13272,1.11444],"to":[8,5.36728,6.11444],"rotation":{"angle":0,"axis":"y","origin":[8,0.61728,3.61444]},"faces":{"north":{"uv":[0,0,0,2.375],"texture":"#main"},"east":{"uv":[2.25,8,3.5,10.375],"texture":"#main"},"south":{"uv":[0,0,0,2.375],"texture":"#main"},"west":{"uv":[3.5,8,4.75,10.375],"texture":"#main"},"up":{"uv":[0,1.25,0,0],"texture":"#main"},"down":{"uv":[0,0,0,1.25],"texture":"#main"}}},{"from":[3.25,0.86728,2.11444],"to":[12.75,0.86728,7.11444],"rotation":{"angle":-22.5,"axis":"x","origin":[8,0.86728,4.61444]},"faces":{"north":{"uv":[0,0,2.375,0],"texture":"#main"},"east":{"uv":[0,0,1.25,0],"texture":"#main"},"south":{"uv":[0,0,2.375,0],"texture":"#main"},"west":{"uv":[0,0,1.25,0],"texture":"#main"},"up":{"uv":[7.125,9.25,4.75,8],"texture":"#main"},"down":{"uv":[9.625,8.5,7.25,9.75],"texture":"#main"}}},{"from":[8,3.2824,8.4178],"to":[8,12.7824,13.4178],"rotation":{"angle":-22.5,"axis":"x","origin":[8,8.0324,10.9178]},"faces":{"north":{"uv":[0,0,0,2.375],"texture":"#main"},"east":{"uv":[4.75,9.25,6,11.625],"texture":"#main"},"south":{"uv":[0,0,0,2.375],"texture":"#main"},"west":{"uv":[6,9.25,7.25,11.625],"texture":"#main"},"up":{"uv":[0,1.25,0,0],"texture":"#main"},"down":{"uv":[0,0,0,1.25],"texture":"#main"}}},{"from":[3.25,8.0324,8.9178],"to":[12.75,8.0324,13.9178],"rotation":{"angle":0,"axis":"y","origin":[8,8.0324,11.4178]},"faces":{"north":{"uv":[0,0,2.375,0],"texture":"#main"},"east":{"uv":[0,0,1.25,0],"texture":"#main"},"south":{"uv":[0,0,2.375,0],"texture":"#main"},"west":{"uv":[0,0,1.25,0],"texture":"#main"},"up":{"uv":[12.125,8.25,9.75,7],"texture":"#main"},"down":{"uv":[9.625,9.75,7.25,11],"texture":"#main"}}},{"from":[8,2.2824,16.6678],"to":[8,11.7824,21.6678],"rotation":{"angle":45,"axis":"x","origin":[8,7.0324,19.1678]},"faces":{"north":{"uv":[0,0,0,2.375],"texture":"#main"},"east":{"uv":[0,9.5,1.25,11.875],"texture":"#main"},"south":{"uv":[0,0,0,2.375],"texture":"#main"},"west":{"uv":[9.75,8.25,11,10.625],"texture":"#main"},"up":{"uv":[0,1.25,0,0],"texture":"#main"},"down":{"uv":[0,0,0,1.25],"texture":"#main"}}},{"from":[3.25,3.2824,19.6678],"to":[12.75,8.2824,19.6678],"rotation":{"angle":-22.5,"axis":"x","origin":[8,5.7824,19.6678]},"faces":{"north":{"uv":[1.25,10.5,3.625,11.75],"texture":"#main"},"east":{"uv":[0,0,0,1.25],"texture":"#main"},"south":{"uv":[9.75,10.75,12.125,12],"texture":"#main"},"west":{"uv":[0,0,0,1.25],"texture":"#main"},"up":{"uv":[2.375,0,0,0],"texture":"#main"},"down":{"uv":[2.375,0,0,0],"texture":"#main"}}},{"from":[8,-7.3,18.3],"to":[8,6.2,32],"rotation":{"angle":-22.5,"axis":"x","origin":[8,4.45,20.05]},"faces":{"north":{"uv":[0,0,0,3.375],"texture":"#main"},"east":{"uv":[7.5,0,10.9375,3.375],"texture":"#main"},"south":{"uv":[0,0,0,3.375],"texture":"#main"},"west":{"uv":[7.5,3.5,10.9375,6.875],"texture":"#main"},"up":{"uv":[0,3.4375,0,0],"texture":"#main"},"down":{"uv":[0,0,0,3.4375],"texture":"#main"}}},{"from":[9.075,9.69291,-14.30931],"to":[9.075,15.69291,-5.30931],"rotation":{"angle":45,"axis":"z","origin":[9.575,7.12982,-7.72492]},"faces":{"north":{"uv":[0,0,0,1.5],"texture":"#main"},"east":{"uv":[7.5,7,9.75,8.5],"texture":"#main"},"south":{"uv":[0,0,0,1.5],"texture":"#main"},"west":{"uv":[0,8,2.25,9.5],"texture":"#main"},"up":{"uv":[0,2.25,0,0],"texture":"#main"},"down":{"uv":[0,0,0,2.25],"texture":"#main"}}},{"from":[4.075,0.69291,-13.30931],"to":[4.075,16.69291,16.69069],"rotation":{"angle":22.5,"axis":"x","origin":[4.575,-2.87018,-6.72492]},"faces":{"north":{"uv":[0,0,0,4],"texture":"#main"},"east":{"uv":[0,0,7.5,4],"texture":"#main"},"south":{"uv":[0,0,0,4],"texture":"#main"},"west":{"uv":[0,4,7.5,8],"texture":"#main"},"up":{"uv":[0,7.5,0,0],"texture":"#main"},"down":{"uv":[0,0,0,7.5],"texture":"#main"}}},{"from":[2.745,8.49863,-14.68431],"to":[7.745,8.49863,-6.68431],"rotation":{"angle":-45,"axis":"x","origin":[4.245,6.49863,-7.68431]},"faces":{"north":{"uv":[0,0,1.25,0],"texture":"#main"},"east":{"uv":[0,0,2,0],"texture":"#main"},"south":{"uv":[0,0,1.25,0],"texture":"#main"},"west":{"uv":[0,0,2,0],"texture":"#main"},"up":{"uv":[12.25,2,11,0],"texture":"#main"},"down":{"uv":[12.25,2,11,4],"texture":"#main"}}},{"from":[6.925,9.69291,-14.30931],"to":[6.925,15.69291,-5.30931],"rotation":{"angle":-45,"axis":"z","origin":[6.425,7.12982,-7.72492]},"faces":{"north":{"uv":[0,0,0,1.5],"texture":"#main"},"east":{"uv":[2.25,8,0,9.5],"texture":"#main"},"south":{"uv":[0,0,0,1.5],"texture":"#main"},"west":{"uv":[9.75,7,7.5,8.5],"texture":"#main"},"up":{"uv":[0,2.25,0,0],"texture":"#main"},"down":{"uv":[0,0,0,2.25],"texture":"#main"}}},{"from":[8.255,8.49863,-14.68431],"to":[13.255,8.49863,-6.68431],"rotation":{"angle":-45,"axis":"x","origin":[11.755,6.49863,-7.68431]},"faces":{"north":{"uv":[1.25,0,0,0],"texture":"#main"},"east":{"uv":[2,0,0,0],"texture":"#main"},"south":{"uv":[1.25,0,0,0],"texture":"#main"},"west":{"uv":[2,0,0,0],"texture":"#main"},"up":{"uv":[11,2,12.25,0],"texture":"#main"},"down":{"uv":[11,2,12.25,4],"texture":"#main"}}},{"from":[11.925,0.69291,-13.30931],"to":[11.925,16.69291,16.69069],"rotation":{"angle":22.5,"axis":"x","origin":[11.425,-2.87018,-6.72492]},"faces":{"north":{"uv":[0,0,0,4],"texture":"#main"},"east":{"uv":[7.5,4,0,8],"texture":"#main"},"south":{"uv":[0,0,0,4],"texture":"#main"},"west":{"uv":[7.5,0,0,4],"texture":"#main"},"up":{"uv":[0,7.5,0,0],"texture":"#main"},"down":{"uv":[0,0,0,7.5],"texture":"#main"}}},{"from":[7.5,4.5,-7],"to":[7.5,11,-1],"rotation":{"angle":-22.5,"axis":"y","origin":[8,6.45482,-5.94992]},"faces":{"north":{"uv":[0,0,0,1.625],"texture":"#main"},"east":{"uv":[11,4,12.5,5.625],"texture":"#main"},"south":{"uv":[0,0,0,1.625],"texture":"#main"},"west":{"uv":[7.25,11,8.75,12.625],"texture":"#main"},"up":{"uv":[0,1.5,0,0],"texture":"#main"},"down":{"uv":[0,0,0,1.5],"texture":"#main"}}},{"from":[8.5,4.5,-7],"to":[8.5,11,-1],"rotation":{"angle":22.5,"axis":"y","origin":[8,6.45482,-5.94992]},"faces":{"north":{"uv":[0,0,0,1.625],"texture":"#main"},"east":{"uv":[8.75,11,7.25,12.625],"texture":"#main"},"south":{"uv":[0,0,0,1.625],"texture":"#main"},"west":{"uv":[12.5,4,11,5.625],"texture":"#main"},"up":{"uv":[0,1.5,0,0],"texture":"#main"},"down":{"uv":[0,0,0,1.5],"texture":"#main"}}},{"from":[6.05971,1.28649,-9.75],"to":[6.05971,6.28649,-3.25],"rotation":{"angle":-22.5,"axis":"z","origin":[5.80971,5.53649,-5.5]},"faces":{"north":{"uv":[0,0,0,1.25],"texture":"#main"},"east":{"uv":[11,5.75,12.625,7],"texture":"#main"},"south":{"uv":[0,0,0,1.25],"texture":"#main"},"west":{"uv":[11,8.25,12.625,9.5],"texture":"#main"},"up":{"uv":[0,1.625,0,0],"texture":"#main"},"down":{"uv":[0,0,0,1.625],"texture":"#main"}}},{"from":[9.94029,1.28649,-9.75],"to":[9.94029,6.28649,-3.25],"rotation":{"angle":22.5,"axis":"z","origin":[10.19029,5.53649,-5.5]},"faces":{"north":{"uv":[0,0,0,1.25],"texture":"#main"},"east":{"uv":[12.625,8.25,11,9.5],"texture":"#main"},"south":{"uv":[0,0,0,1.25],"texture":"#main"},"west":{"uv":[12.625,5.75,11,7],"texture":"#main"},"up":{"uv":[0,1.625,0,0],"texture":"#main"},"down":{"uv":[0,0,0,1.625],"texture":"#main"}}}],"display":{"head":{"rotation":[4,0,0],"translation":[0,10,24],"scale":[4,4,4]}},"groups":[0,1,2,3,4,5,6,7,8,9,10,11,12,13,14,15,16,17,18,{"name":"planes","origin":[8,8,8],"color":0,"children":[19,20,21,22,23,24,25,26,27,28,29,30,31,32,33,34,35]}]}