{"parent":"physical_parent","textures":{"main":"jkj"},"elements":[{"from":[2,5,3],"to":[12,15,13],"faces":{"north":{"uv":[0,0,2.5,2.5],"texture":"#main"},"east":{"uv":[5.5,0,8,2.5],"rotation":90,"texture":"#main"},"south":{"uv":[5.5,0,8,2.5],"texture":"#main"},"west":{"uv":[2.75,0,5.25,2.5],"texture":"#main"},"up":{"uv":[5.5,0,8,2.5],"rotation":90,"texture":"#main"},"down":{"uv":[8.25,0,10.75,2.5],"rotation":180,"texture":"#main"}}},{"from":[3,2,7],"to":[6,5,10],"faces":{"north":{"uv":[3,3,3.75,3.75],"rotation":90,"texture":"#main"},"east":{"uv":[3,3,3.75,3.75],"rotation":90,"texture":"#main"},"south":{"uv":[3,3,3.75,3.75],"rotation":90,"texture":"#main"},"west":{"uv":[3,3,3.75,3.75],"rotation":90,"texture":"#main"},"up":{"uv":[3,3,3.75,3.75],"rotation":90,"texture":"#main"}}},{"from":[8,2,7],"to":[11,5,10],"faces":{"north":{"uv":[3,3,3.75,3.75],"rotation":270,"texture":"#main"},"east":{"uv":[3,3,3.75,3.75],"rotation":270,"texture":"#main"},"south":{"uv":[3,3,3.75,3.75],"rotation":90,"texture":"#main"},"west":{"uv":[3,3,3.75,3.75],"rotation":90,"texture":"#main"},"up":{"uv":[3,3,3.75,3.75],"rotation":90,"texture":"#main"}}},{"from":[8,0,5],"to":[11,2,10],"faces":{"north":{"uv":[3,3,3.75,3.5],"rotation":180,"texture":"#main"},"east":{"uv":[3,3,3.5,4.5],"rotation":90,"texture":"#main"},"south":{"uv":[3,3,3.75,3.5],"rotation":180,"texture":"#main"},"west":{"uv":[3,3,3.5,4.5],"rotation":90,"texture":"#main"},"up":{"uv":[3,3,3.75,4.5],"rotation":180,"texture":"#main"},"down":{"uv":[3,3,3.75,4.5],"texture":"#main"}}},{"from":[3,0,5],"to":[6,2,10],"faces":{"north":{"uv":[3,3,3.75,3.5],"rotation":180,"texture":"#main"},"east":{"uv":[3,3,3.5,4.5],"rotation":90,"texture":"#main"},"south":{"uv":[3,3,3.75,3.5],"rotation":180,"texture":"#main"},"west":{"uv":[3,3,3.5,4.5],"rotation":90,"texture":"#main"},"up":{"uv":[3,3,3.75,4.5],"texture":"#main"},"down":{"uv":[3,3,3.75,4.5],"rotation":180,"texture":"#main"}}},{"from":[8,15,3],"to":[11,18,6],"faces":{"north":{"uv":[0,3,0.75,3.75],"texture":"#main"},"east":{"uv":[2,3,2.75,3.75],"texture":"#main"},"south":{"uv":[2,3,2.75,3.75],"texture":"#main"},"west":{"uv":[2,3,2.75,3.75],"texture":"#main"},"up":{"uv":[2,3,2.75,3.75],"texture":"#main"}}},{"from":[3,15,3],"to":[6,18,6],"faces":{"north":{"uv":[1,3,1.75,3.75],"texture":"#main"},"east":{"uv":[2,3,2.75,3.75],"texture":"#main"},"south":{"uv":[2,3,2.75,3.75],"texture":"#main"},"west":{"uv":[2,3,2.75,3.75],"texture":"#main"},"up":{"uv":[2,3,2.75,3.75],"texture":"#main"}}},{"from":[-1.2124,10.6866,4.9903],"to":[3.7876,13.6866,7.9903],"rotation":{"angle":45,"axis":"z","origin":[1.28764,12.18659,6.49027]},"faces":{"north":{"uv":[3,3,3.75,4.5],"rotation":90,"texture":"#main"},"south":{"uv":[3,3,3.75,4.5],"rotation":270,"texture":"#main"},"up":{"uv":[3,3,3.75,4.5],"rotation":90,"texture":"#main"},"down":{"uv":[3,3,3.75,4.5],"rotation":90,"texture":"#main"}}},{"from":[-4.7502,6.1507,3.9929],"to":[0.2498,11.1507,8.9929],"rotation":{"angle":45,"axis":"z","origin":[-2.2502,8.65075,6.49287]},"faces":{"north":{"uv":[4.25,3,5.5,4.25],"texture":"#main"},"east":{"uv":[6.25,4.75,7.5,6],"texture":"#main"},"south":{"uv":[5.75,3,7,4.25],"texture":"#main"},"west":{"uv":[4.75,4.75,6,6],"texture":"#main"},"up":{"uv":[6.25,4.75,7.5,6],"rotation":90,"texture":"#main"},"down":{"uv":[4.75,4.75,6,6],"rotation":90,"texture":"#main"}}},{"from":[10.2024,10.6737,6.0026],"to":[15.2024,13.6737,9.0026],"rotation":{"angle":-45,"axis":"z","origin":[12.70245,12.17368,7.50256]},"faces":{"north":{"uv":[3,3,3.75,4.5],"rotation":90,"texture":"#main"},"south":{"uv":[3,3,3.75,4.5],"rotation":90,"texture":"#main"},"up":{"uv":[3,3,3.75,4.5],"rotation":90,"texture":"#main"},"down":{"uv":[3,3,3.75,4.5],"rotation":90,"texture":"#main"}}},{"from":[14.4416,5.8452,5.0061],"to":[19.4416,10.8452,10.0061],"rotation":{"angle":-45,"axis":"z","origin":[16.94159,9.34523,8.50608]},"faces":{"north":{"uv":[5.75,3,7,4.25],"texture":"#main"},"east":{"uv":[4.75,4.75,6,6],"texture":"#main"},"south":{"uv":[4.25,3,5.5,4.25],"texture":"#main"},"west":{"uv":[6.25,4.75,7.5,6],"texture":"#main"},"up":{"uv":[6.25,4.75,7.5,6],"rotation":270,"texture":"#main"},"down":{"uv":[4.75,4.75,6,6],"rotation":270,"texture":"#main"}}}],"display":{"thirdperson_lefthand":{"scale":[0.0001,0.0001,0.0001]},"firstperson_righthand":{"scale":[0.0001,0.0001,0.0001]},"firstperson_lefthand":{"scale":[0.0001,0.0001,0.0001]},"head":{"translation":[2,-29.25,0],"scale":[1.75,1.75,1.75]}}}