{"parent":"physical_parent","textures":{"main":"jls"},"elements":[{"from":[6,3,3.9],"to":[12,7,10.9],"faces":{"east":{"uv":[2.5,11.25,4.5,12.25],"texture":"#main"},"south":{"uv":[2.5,11.25,4.5,12.25],"texture":"#main"},"north":{"uv":[2.5,11.25,4.5,12.25],"texture":"#main"},"west":{"uv":[2.5,11.25,4.5,12.25],"texture":"#main"},"up":{"uv":[0,0,0,0],"texture":"#main"},"down":{"uv":[2.5,11.25,4.5,12.25],"texture":"#main"}}},{"from":[5,4,3],"to":[13,10,12],"faces":{"east":{"uv":[2.5,10,4.5,11],"texture":"#main"},"south":{"uv":[2.5,10,4.5,11],"texture":"#main"},"north":{"uv":[2.5,10,4.5,11],"texture":"#main"},"west":{"uv":[2.5,8.75,4.5,9.75],"texture":"#main"},"up":{"uv":[0.25,5.75,2.25,8],"texture":"#main"},"down":{"uv":[0,0,6.25,2.75],"texture":"#main"}}},{"from":[10,-1,3],"to":[13,4,6],"faces":{"east":{"uv":[4.75,8.75,5.5,10.5],"texture":"#main"},"south":{"uv":[0,0,3,7],"texture":"#main"},"north":{"uv":[5.75,8.75,6.5,10.5],"texture":"#main"},"west":{"uv":[4.75,8.75,5.5,10.5],"texture":"#main"},"up":{"uv":[0,0,3,7],"texture":"#main"},"down":{"uv":[4.75,10,5.5,10.5],"texture":"#main"}}},{"from":[10,-1,9],"to":[13,4,12],"faces":{"east":{"uv":[4.75,8.75,5.5,10.5],"texture":"#main"},"south":{"uv":[4.75,8.75,5.5,10.5],"texture":"#main"},"north":{"uv":[5.75,8.75,6.5,10.5],"texture":"#main"},"west":{"uv":[4.75,8.75,5.5,10.5],"texture":"#main"},"up":{"uv":[0,0,3,7],"texture":"#main"},"down":{"uv":[4.75,10,5.5,10.5],"texture":"#main"}}},{"from":[5,-1,9],"to":[8,4,12],"faces":{"east":{"uv":[4.75,8.75,5.5,10.5],"texture":"#main"},"south":{"uv":[4.75,8.75,5.5,10.5],"texture":"#main"},"north":{"uv":[5.75,8.75,6.5,10.5],"texture":"#main"},"west":{"uv":[4.75,8.75,5.5,10.5],"texture":"#main"},"up":{"uv":[0,0,3,7],"texture":"#main"},"down":{"uv":[4.75,10,5.5,10.5],"texture":"#main"}}},{"from":[5,-1,3],"to":[8,4,6],"faces":{"east":{"uv":[0,0,3,7],"texture":"#main"},"south":{"uv":[4.75,8.75,5.5,10.5],"texture":"#main"},"north":{"uv":[5.75,8.75,6.5,10.5],"texture":"#main"},"west":{"uv":[4.75,8.75,5.5,10.5],"texture":"#main"},"up":{"uv":[0,0,3,7],"texture":"#main"},"down":{"uv":[4.75,10,5.5,10.5],"texture":"#main"}}},{"from":[7,12,14.5],"to":[12,17,20.5],"faces":{"east":{"uv":[8.25,8.5,9.5,9.75],"texture":"#main"},"south":{"uv":[11.25,10,12.5,11.25],"texture":"#main"},"north":{"uv":[9.75,10,11,11.25],"texture":"#main"},"west":{"uv":[8.25,8.5,9.5,9.75],"texture":"#main"},"up":{"uv":[8.25,10,9.5,11.25],"texture":"#main"},"down":{"uv":[10,1,16,6],"texture":"#main"}}},{"from":[7,9,9.5],"to":[12,14,15.5],"faces":{"east":{"uv":[8.25,8.5,9.5,9.75],"texture":"#main"},"south":{"uv":[11.25,10,12.5,11.25],"texture":"#main"},"north":{"uv":[9.75,10,11,11.25],"texture":"#main"},"west":{"uv":[8.25,8.5,9.5,9.75],"texture":"#main"},"up":{"uv":[8.25,10,9.5,11.25],"texture":"#main"},"down":{"uv":[10,1,16,6],"texture":"#main"}}},{"from":[10,6,9.5],"to":[15,11,15.5],"faces":{"east":{"uv":[8.25,8.5,9.5,9.75],"texture":"#main"},"south":{"uv":[11.25,10,12.5,11.25],"texture":"#main"},"north":{"uv":[9.75,10,11,11.25],"texture":"#main"},"west":{"uv":[8.25,8.5,9.5,9.75],"texture":"#main"},"up":{"uv":[8.25,10,9.5,11.25],"texture":"#main"},"down":{"uv":[10,1,16,6],"texture":"#main"}}},{"from":[3,6,9.5],"to":[8,11,15.5],"faces":{"east":{"uv":[8.25,8.5,9.5,9.75],"texture":"#main"},"south":{"uv":[11.25,10,12.5,11.25],"texture":"#main"},"north":{"uv":[9.75,10,11,11.25],"texture":"#main"},"west":{"uv":[8.25,8.5,9.5,9.75],"texture":"#main"},"up":{"uv":[8.25,10,9.5,11.25],"texture":"#main"},"down":{"uv":[10,1,16,6],"texture":"#main"}}},{"from":[12,6,15],"to":[17,11,20],"faces":{"east":{"uv":[8.25,8.5,9.5,9.75],"texture":"#main"},"south":{"uv":[9.75,10,11,11.25],"texture":"#main"},"north":{"uv":[11.25,10,12.5,11.25],"texture":"#main"},"west":{"uv":[10.5,0.25,15.5,5.25],"texture":"#main"},"up":{"uv":[8.25,10,9.5,11.25],"texture":"#main"},"down":{"uv":[10.5,0.25,15.5,5.25],"texture":"#main"}}},{"from":[1,6,15],"to":[6,11,20],"faces":{"east":{"uv":[11,2.75,16,7.75],"texture":"#main"},"south":{"uv":[11.25,10,12.5,11.25],"texture":"#main"},"north":{"uv":[14.25,10,15.5,11.25],"texture":"#main"},"west":{"uv":[8.25,8.5,9.5,9.75],"texture":"#main"},"up":{"uv":[8.25,10,9.5,11.25],"texture":"#main"},"down":{"uv":[11,2.75,16,7.75],"texture":"#main"}}},{"from":[3,10,15],"to":[8,15,20],"faces":{"east":{"uv":[11,0,16,5],"texture":"#main"},"south":{"uv":[8.25,10,9.5,11.25],"texture":"#main"},"north":{"uv":[11.25,10,12.5,11.25],"texture":"#main"},"west":{"uv":[8.25,8.5,9.5,9.75],"texture":"#main"},"up":{"uv":[8.25,10,9.5,11.25],"texture":"#main"},"down":{"uv":[11,0,16,5],"texture":"#main"}}},{"from":[11,10,15],"to":[16,15,20],"faces":{"east":{"uv":[8.25,8.5,9.5,9.75],"texture":"#main"},"south":{"uv":[11.25,10,12.5,11.25],"texture":"#main"},"north":{"uv":[14.25,10,15.5,11.25],"texture":"#main"},"west":{"uv":[11,1,16,6],"texture":"#main"},"up":{"uv":[8.25,10,9.5,11.25],"texture":"#main"},"down":{"uv":[11,1,16,6],"texture":"#main"}}},{"from":[6,4,14],"to":[13,12,18],"faces":{"east":{"uv":[10.25,0,14.25,8],"texture":"#main"},"south":{"uv":[8.25,11.5,10.25,13.5],"texture":"#main"},"north":{"uv":[8.25,11.5,10.25,13.5],"texture":"#main"},"west":{"uv":[10.25,0,14.25,8],"texture":"#main"},"up":{"uv":[10.25,0,14.25,8],"texture":"#main"},"down":{"uv":[10.25,0,14.25,8],"texture":"#main"}}},{"from":[6,6,12],"to":[12,9,14],"faces":{"east":{"uv":[12.75,2.5,14.75,5.5],"texture":"#main"},"south":{"uv":[12.75,2.5,14.75,5.5],"texture":"#main"},"north":{"uv":[12.75,2.5,14.75,5.5],"texture":"#main"},"west":{"uv":[12.75,2.5,14.75,5.5],"texture":"#main"},"up":{"uv":[12.75,2.5,14.75,5.5],"texture":"#main"},"down":{"uv":[12.75,2.5,14.75,5.5],"texture":"#main"}}},{"rotation":{"origin":[8,8.25,6.25],"angle":0,"axis":"y"},"from":[7.5,9.75,-3.85],"to":[10.5,12.75,-0.85],"faces":{"east":{"uv":[0,1.25,2.5,2],"texture":"#main"},"south":{"uv":[0,0,4,2],"texture":"#main"},"north":{"uv":[5.5,13.5,6.25,14.25],"texture":"#main"},"west":{"uv":[0.75,1,2.75,2],"texture":"#main"},"up":{"uv":[5.5,13.5,6.25,14.25],"texture":"#main"},"down":{"uv":[0,0,4,2],"texture":"#main"}}},{"rotation":{"origin":[8,8.25,6.25],"angle":0,"axis":"y"},"from":[6.5,8.75,-2.85],"to":[11.5,11.75,-1.85],"faces":{"east":{"uv":[0,1.25,2.25,2],"texture":"#main"},"south":{"uv":[0,0,4,2],"texture":"#main"},"north":{"uv":[5.25,14.5,6.5,15.25],"texture":"#main"},"west":{"uv":[0,0.75,3,2],"texture":"#main"},"up":{"uv":[0,1.5,2,2],"texture":"#main"},"down":{"uv":[0,0.75,3.5,2],"texture":"#main"}}},{"rotation":{"origin":[8,8.25,6.25],"angle":0,"axis":"y"},"from":[5.5,8.75,-1.85],"to":[12.5,11.75,-0.85],"faces":{"east":{"uv":[0,0.75,1.25,2],"texture":"#main"},"south":{"uv":[0,0,4,2],"texture":"#main"},"north":{"uv":[0,1,1.75,2.5],"texture":"#main"},"west":{"uv":[0.25,0.5,4.25,2.5],"texture":"#main"},"up":{"uv":[0,0.75,2.25,2],"texture":"#main"},"down":{"uv":[0,1,2.75,2],"texture":"#main"}}},{"rotation":{"origin":[8,8.25,6.25],"angle":0,"axis":"y"},"from":[5.5,8.75,-0.85],"to":[12.5,15.75,5.15],"faces":{"east":{"uv":[0.5,10.75,2.25,9],"texture":"#main","rotation":90},"south":{"uv":[0.25,6.25,2.25,8.25],"texture":"#main"},"north":{"uv":[5,11.25,6.75,13],"texture":"#main"},"west":{"uv":[0.5,9,2.25,10.75],"texture":"#main","rotation":90},"up":{"uv":[0,0,6,6],"texture":"#main"},"down":{"uv":[0,3.25,4.75,6],"texture":"#main"}}},{"rotation":{"origin":[8,8.25,6.25],"angle":0,"axis":"y"},"from":[1,11.25,3.15],"to":[7,17.25,3.16],"faces":{"east":{"uv":[0,0,0,0],"texture":"#main"},"south":{"uv":[0.75,13.75,2.25,15.25],"texture":"#main"},"north":{"uv":[2.75,13.75,4.25,15.25],"texture":"#main"},"west":{"uv":[0,0,0,0],"texture":"#main"},"up":{"uv":[0,0,0,0],"texture":"#main"},"down":{"uv":[0,0,0,0],"texture":"#main"}}},{"rotation":{"origin":[8,8.25,6.25],"angle":0,"axis":"y"},"from":[11,11.25,3.15],"to":[17,17.25,3.16],"faces":{"east":{"uv":[0,0,0,0],"texture":"#main"},"south":{"uv":[2.75,13.75,4.25,15.25],"texture":"#main"},"north":{"uv":[0.75,13.75,2.25,15.25],"texture":"#main"},"west":{"uv":[0,0,0,0],"texture":"#main"},"up":{"uv":[0,0,0,0],"texture":"#main"},"down":{"uv":[0,0,0,0],"texture":"#main"}}},{"rotation":{"origin":[8,8.25,6.25],"angle":0,"axis":"y"},"from":[7,15.25,-1.95],"to":[11,17.25,1.05],"faces":{"east":{"uv":[8.25,12.25,10,13.5],"texture":"#main"},"south":{"uv":[12,3,16,6],"texture":"#main"},"north":{"uv":[8.25,12.75,9.25,13.5],"texture":"#main"},"west":{"uv":[8.25,12.25,10,13.5],"texture":"#main"},"up":{"uv":[8.5,12.5,9.75,13.5],"texture":"#main"},"down":{"uv":[12,3,16,6],"texture":"#main"}}},{"rotation":{"origin":[8,8.25,6.25],"angle":0,"axis":"y"},"from":[6,15.25,2.15],"to":[12,18.5,5.75],"faces":{"east":{"uv":[11.25,12.5,12,13.25],"texture":"#main"},"south":{"uv":[8.5,12.5,9.75,13.5],"texture":"#main"},"north":{"uv":[8.25,12.5,10,13.5],"texture":"#main"},"west":{"uv":[11.25,12.5,12,13.25],"texture":"#main"},"up":{"uv":[8.5,12.5,9.75,13.5],"texture":"#main"},"down":{"uv":[12,2.75,16,5.75],"texture":"#main"}}},{"rotation":{"origin":[8,8.25,6.25],"angle":0,"axis":"y"},"from":[6,14.25,-0.95],"to":[12,17.5,2.65],"faces":{"east":{"uv":[11.25,12.5,12,13.25],"texture":"#main"},"south":{"uv":[8.5,12.5,9.75,13.5],"texture":"#main"},"north":{"uv":[8.25,12.5,10,13.5],"texture":"#main"},"west":{"uv":[11.25,12.5,12,13.25],"texture":"#main"},"up":{"uv":[8.5,12.5,9.75,13.5],"texture":"#main"},"down":{"uv":[12,2.75,16,5.75],"texture":"#main"}}}],"display":{"head":{"translation":[-0.7,-35,-1.39]},"firstperson_righthand":{"scale":[1.0E-4,1.0E-4,1.0E-4]},"thirdperson_lefthand":{"scale":[1.0E-4,1.0E-4,1.0E-4]},"firstperson_lefthand":{"scale":[1.0E-4,1.0E-4,1.0E-4]}}}