{"textures":{"white":"pokeball/white","black":"pokeball/black","purple":"pokeball/purple","pink":"pokeball/pink","m":"pokeball/m"},"elements":[{"from":[6.49967,0.4996,5.99926],"to":[11.49967,2.4996,10.99926],"faces":{"north":{"uv":[4.5,13.5,9.5,15.5],"texture":"#white"},"east":{"uv":[5,13.5,10,15.5],"texture":"#white"},"south":{"uv":[6.5,13.5,11.5,15.5],"texture":"#white"},"west":{"uv":[6,13.5,11,15.5],"texture":"#white"},"up":{"uv":[6.5,6,11.5,11],"texture":"#white"},"down":{"uv":[6.5,5,11.5,10],"texture":"#white"}}},{"from":[6.5005,3.00021,6.00019],"to":[11.5005,5.00021,11.00019],"faces":{"north":{"uv":[4.5,14,9.5,15.5],"texture":"#purple"},"east":{"uv":[5,14,10,15.5],"texture":"#purple"},"south":{"uv":[6.5,14,11.5,15.5],"texture":"#purple"},"west":{"uv":[6,14,11,15.5],"texture":"#purple"},"up":{"uv":[6.5,6,11.5,11],"texture":"#purple"},"down":{"uv":[6.5,5,11.5,10],"texture":"#purple"}}},{"from":[7.00041,0.99938,5.49921],"to":[11.00041,2.49938,5.99921],"faces":{"north":{"uv":[0,0,16,16],"texture":"#white"},"east":{"uv":[0,0,16,16],"texture":"#white"},"south":{"uv":[0,0,16,16],"texture":"#white"},"west":{"uv":[0,0,16,16],"texture":"#white"},"up":{"uv":[0,0,16,16],"texture":"#white"},"down":{"uv":[0,0,16,16],"texture":"#white"}}},{"from":[7.00035,0.99987,10.99941],"to":[11.00035,2.49987,11.49941],"faces":{"north":{"uv":[4.5,14,9.5,15.5],"texture":"#white"},"east":{"uv":[5,14,10,15.5],"texture":"#white"},"south":{"uv":[6.5,14,11.5,15.5],"texture":"#white"},"west":{"uv":[6,14,11,15.5],"texture":"#white"},"up":{"uv":[6.5,6,11.5,11],"texture":"#white"},"down":{"uv":[6.5,5,11.5,10],"texture":"#white"}}},{"from":[6.99944,3.00086,5.49977],"to":[10.99944,4.50086,5.99977],"faces":{"north":{"uv":[4.5,14,9.5,15.5],"texture":"#purple"},"east":{"uv":[5,14,10,15.5],"texture":"#purple"},"south":{"uv":[6.5,14,11.5,15.5],"texture":"#purple"},"west":{"uv":[6,14,11,15.5],"texture":"#purple"},"up":{"uv":[6.5,6,11.5,11],"texture":"#purple"},"down":{"uv":[6.5,5,11.5,10],"texture":"#purple"}}},{"from":[7.00089,2.99904,10.99975],"to":[11.00089,4.49904,11.49975],"faces":{"north":{"uv":[4.5,14,9.5,15.5],"texture":"#purple"},"east":{"uv":[5,14,10,15.5],"texture":"#purple"},"south":{"uv":[6.5,14,11.5,15.5],"texture":"#purple"},"west":{"uv":[6,14,11,15.5],"texture":"#purple"},"up":{"uv":[6.5,6,11.5,11],"texture":"#purple"},"down":{"uv":[6.5,5,11.5,10],"texture":"#purple"}}},{"from":[7.00001,4.99903,6.50077],"to":[11.00001,5.49903,10.50077],"faces":{"north":{"uv":[4.5,14,9.5,15.5],"texture":"#purple"},"east":{"uv":[5,14,10,15.5],"texture":"#purple"},"south":{"uv":[6.5,14,11.5,15.5],"texture":"#purple"},"west":{"uv":[6,14,11,15.5],"texture":"#purple"},"up":{"uv":[6.5,6,11.5,11],"texture":"#purple"},"down":{"uv":[6.5,5,11.5,10],"texture":"#purple"}}},{"from":[7.00014,0.00096,6.49986],"to":[11.00014,0.50096,10.49986],"faces":{"north":{"uv":[0,0,16,16],"texture":"#white"},"east":{"uv":[0,0,16,16],"texture":"#white"},"south":{"uv":[0,0,16,16],"texture":"#white"},"west":{"uv":[0,0,16,16],"texture":"#white"},"up":{"uv":[0,0,16,16],"texture":"#white"},"down":{"uv":[0,0,16,16],"texture":"#white"}}},{"from":[5.99927,1.00004,6.50005],"to":[6.49927,2.50004,10.50005],"faces":{"north":{"uv":[0,0,16,16],"texture":"#white"},"east":{"uv":[0,0,16,16],"texture":"#white"},"south":{"uv":[0,0,16,16],"texture":"#white"},"west":{"uv":[0,0,16,16],"texture":"#white"},"up":{"uv":[0,0,16,16],"rotation":90,"texture":"#white"},"down":{"uv":[0,0,16,16],"rotation":270,"texture":"#white"}}},{"from":[6.99911,2.99968,6.49978],"to":[7.49911,4.49968,10.49978],"faces":{"north":{"uv":[4.5,14,9.5,15.5],"texture":"#white"},"east":{"uv":[5,14,10,15.5],"texture":"#white"},"south":{"uv":[6.5,14,11.5,15.5],"texture":"#white"},"west":{"uv":[6,14,11,15.5],"texture":"#white"},"up":{"uv":[6.5,6,11.5,11],"texture":"#white"},"down":{"uv":[6.5,5,11.5,10],"texture":"#white"}}},{"from":[11.49948,1.00038,6.50013],"to":[11.99948,2.50038,10.50013],"faces":{"north":{"uv":[0,0,16,16],"texture":"#white"},"east":{"uv":[0,0,16,16],"texture":"#white"},"south":{"uv":[0,0,16,16],"texture":"#white"},"west":{"uv":[0,0,16,16],"texture":"#white"},"up":{"uv":[0,0,16,16],"texture":"#white"},"down":{"uv":[0,0,16,16],"texture":"#white"}}},{"from":[11.50044,3.00073,6.50026],"to":[12.00044,4.50073,10.50026],"faces":{"north":{"uv":[4.5,14,9.5,15.5],"texture":"#purple"},"east":{"uv":[5,14,10,15.5],"texture":"#purple"},"south":{"uv":[6.5,14,11.5,15.5],"texture":"#purple"},"west":{"uv":[6,14,11,15.5],"texture":"#purple"},"up":{"uv":[6.5,6,11.5,11],"texture":"#purple"},"down":{"uv":[6.5,5,11.5,10],"texture":"#purple"}}},{"from":[6.50081,2.4991,6.49979],"to":[11.50081,2.9991,10.49979],"faces":{"north":{"uv":[4.5,14,9.5,15.5],"texture":"#black"},"east":{"uv":[5,14,10,15.5],"texture":"#black"},"south":{"uv":[6.5,14,11.5,15.5],"texture":"#black"},"west":{"uv":[6,14,11,15.5],"texture":"#black"},"up":{"uv":[6.5,6,11.5,11],"texture":"#black"},"down":{"uv":[6.5,5,11.5,10],"texture":"#black"}}},{"from":[7.00064,2.50053,6.00047],"to":[11.00064,3.00053,11.00047],"faces":{"north":{"uv":[4.5,14,9.5,15.5],"texture":"#black"},"east":{"uv":[5,14,10,15.5],"texture":"#black"},"south":{"uv":[6.5,14.5,11.5,16],"texture":"#black"},"west":{"uv":[6,14,11,15.5],"texture":"#black"},"up":{"uv":[6.5,6,11.5,11],"texture":"#black"},"down":{"uv":[6.5,5,11.5,10],"texture":"#black"}}},{"from":[6.00085,2.99989,6.49975],"to":[6.50085,4.49989,10.49975],"faces":{"north":{"uv":[4.5,14,9.5,15.5],"texture":"#purple"},"east":{"uv":[5,14,10,15.5],"texture":"#purple"},"south":{"uv":[6.5,14,11.5,15.5],"texture":"#purple"},"west":{"uv":[6,14,11,15.5],"texture":"#purple"},"up":{"uv":[6.5,6,11.5,11],"texture":"#purple"},"down":{"uv":[6.5,5,11.5,10],"texture":"#purple"}}},{"from":[8.00041,1.7502,5.24934],"to":[10.00041,3.7502,6.24934],"faces":{"north":{"uv":[4.5,14,9.5,15.5],"texture":"#black"},"east":{"uv":[5,14,10,15.5],"texture":"#black"},"south":{"uv":[6.5,14,11.5,15.5],"texture":"#black"},"west":{"uv":[6,14,11,15.5],"texture":"#black"},"up":{"uv":[6.5,6,11.5,11],"texture":"#black"},"down":{"uv":[6.5,5,11.5,10],"texture":"#black"}}},{"from":[8.25076,1.99981,4.99989],"to":[9.75076,3.49981,5.49989],"faces":{"north":{"uv":[0,0,16,16],"texture":"#white"},"east":{"uv":[0,0,16,16],"texture":"#white"},"south":{"uv":[0,0,16,16],"texture":"#white"},"west":{"uv":[0,0,16,16],"texture":"#white"},"up":{"uv":[0,0,16,16],"texture":"#white"},"down":{"uv":[0,0,16,16],"texture":"#white"}}},{"from":[6.2508,4.24953,6.2509],"to":[7.2508,5.24953,10.7509],"faces":{"north":{"uv":[4.5,14,9.5,15.5],"texture":"#pink"},"east":{"uv":[5,14,10,15.5],"texture":"#pink"},"south":{"uv":[6.5,14,11.5,15.5],"texture":"#pink"},"west":{"uv":[6,14,11,15.5],"texture":"#pink"},"up":{"uv":[6.5,6,11.5,11],"texture":"#pink"},"down":{"uv":[6.5,5,11.5,10],"texture":"#pink"}}},{"from":[6.37566,4.12577,5.87465],"to":[7.37566,5.12577,6.87465],"faces":{"north":{"uv":[4.5,14,9.5,15.5],"texture":"#pink"},"east":{"uv":[5,14,10,15.5],"texture":"#pink"},"south":{"uv":[6.5,14,11.5,15.5],"texture":"#pink"},"west":{"uv":[6,14,11,15.5],"texture":"#pink"},"up":{"uv":[6.5,6,11.5,11],"texture":"#pink"},"down":{"uv":[6.5,5,11.5,10],"texture":"#pink"}}},{"from":[6.37538,4.1255,10.12434],"to":[7.37538,5.1255,11.12434],"faces":{"north":{"uv":[4.5,14,9.5,15.5],"texture":"#pink"},"east":{"uv":[5,14,10,15.5],"texture":"#pink"},"south":{"uv":[6.5,14,11.5,15.5],"texture":"#pink"},"west":{"uv":[6,14,11,15.5],"texture":"#pink"},"up":{"uv":[6.5,6,11.5,11],"texture":"#pink"},"down":{"uv":[6.5,5,11.5,10],"texture":"#pink"}}},{"from":[10.75051,4.24949,6.24927],"to":[11.75051,5.24949,10.74927],"faces":{"north":{"uv":[4.5,14,9.5,15.5],"texture":"#pink"},"east":{"uv":[5,14,10,15.5],"texture":"#pink"},"south":{"uv":[6.5,14,11.5,15.5],"texture":"#pink"},"west":{"uv":[6,14,11,15.5],"texture":"#pink"},"up":{"uv":[6.5,6,11.5,11],"texture":"#pink"},"down":{"uv":[6.5,5,11.5,10],"texture":"#pink"}}},{"from":[10.6253,4.12575,5.8748],"to":[11.6253,5.12575,6.8748],"faces":{"north":{"uv":[4.5,14,9.5,15.5],"texture":"#pink"},"east":{"uv":[5,14,10,15.5],"texture":"#pink"},"south":{"uv":[6.5,14,11.5,15.5],"texture":"#pink"},"west":{"uv":[6,14,11,15.5],"texture":"#pink"},"up":{"uv":[6.5,6,11.5,11],"texture":"#pink"},"down":{"uv":[6.5,5,11.5,10],"texture":"#pink"}}},{"from":[10.62543,4.12417,10.12523],"to":[11.62543,5.12417,11.12523],"faces":{"north":{"uv":[4.5,14,9.5,15.5],"texture":"#pink"},"east":{"uv":[5,14,10,15.5],"texture":"#pink"},"south":{"uv":[6.5,14,11.5,15.5],"texture":"#pink"},"west":{"uv":[6,14,11,15.5],"texture":"#pink"},"up":{"uv":[6.5,6,11.5,11],"texture":"#pink"},"down":{"uv":[6.5,5,11.5,10],"texture":"#pink"}}},{"from":[8.00001,4.49976,5.49948],"to":[10.00001,5.89976,5.99948],"rotation":{"angle":45,"axis":"x","origin":[8,4.5,5.5]},"faces":{"north":{"uv":[0,0,5,4],"texture":"#m"},"east":{"uv":[8,10.499,10.5,10.5],"rotation":90,"texture":"#purple"},"south":{"uv":[8,8,10,10.5],"texture":"#purple"},"west":{"uv":[5.5,10.499,8,10.5],"rotation":270,"texture":"#purple"},"up":{"uv":[8,10.499,10,10.5],"texture":"#purple"},"down":{"uv":[8,10.5,6,10.499],"texture":"#purple"}}}],"display":{"thirdperson_righthand":{"translation":[-1,4.8695,0]},"thirdperson_lefthand":{"translation":[1,4.8695,0]},"firstperson_righthand":{"rotation":[0,-90,25],"translation":[0.4343,7.05,-0.261],"scale":[0.68,0.68,0.68]},"firstperson_lefthand":{"rotation":[0,-90,25],"translation":[1.13,7.3739,1.13],"scale":[0.68,0.68,0.68]},"ground":{"translation":[0,3.4,0]},"gui":{"rotation":[19.5,-155.5,0],"translation":[2.25,9.55,15],"scale":[1.99141,1.99141,1.99141]},"head":{"translation":[0,-36.86,0]},"fixed":{"translation":[-2.369,12.3,0],"scale":[2.3,2.3,2.3]}},"gui_light":"front"}