{"credit":"Made with Blockbench","parent":"physical_parent","texture_size":[128,128],"textures":{"main":"pokemon/aggron","particle":"pokemon/aggron"},"elements":[{"from":[0.2,-8.15,-2.57065],"to":[6.2,-5.15,3.42935],"rotation":{"angle":22.5,"axis":"x","origin":[3.2,-8,0.42935]},"faces":{"north":{"uv":[2.25,8.5,3,8.875],"texture":"#main"},"east":{"uv":[8.5,2.5,9.25,2.875],"texture":"#main"},"south":{"uv":[8.5,2.875,9.25,3.25],"texture":"#main"},"west":{"uv":[3.5,8.5,4.25,8.875],"texture":"#main"},"up":{"uv":[2.75,7.75,2,7],"texture":"#main"},"down":{"uv":[7.75,3.5,7,4.25],"texture":"#main"}}},{"from":[1.2,-13,-1.57065],"to":[5.2,-8,2.42935],"rotation":{"angle":0,"axis":"y","origin":[1.2,-13,-6.57065]},"faces":{"north":{"uv":[4.5,5.625,5,6.25],"texture":"#main"},"east":{"uv":[0,8,0.5,8.625],"texture":"#main"},"south":{"uv":[8.375,1.375,8.875,2],"texture":"#main"},"west":{"uv":[8.375,3.375,8.875,4],"texture":"#main"},"up":{"uv":[4.75,9,4.25,8.5],"texture":"#main"},"down":{"uv":[5.25,8.5,4.75,9],"texture":"#main"}}},{"from":[1.2,-13,-2.57065],"to":[5.2,-13,-1.57065],"rotation":{"angle":0,"axis":"y","origin":[1.2,-13,-10.57065]},"faces":{"north":{"uv":[0,0,0.5,0],"texture":"#main"},"east":{"uv":[0,0,0.125,0],"texture":"#main"},"south":{"uv":[0,0,0.5,0],"texture":"#main"},"west":{"uv":[0,0,0.125,0],"texture":"#main"},"up":{"uv":[6.625,4.625,6.125,4.5],"texture":"#main"},"down":{"uv":[5,6.25,4.5,6.375],"texture":"#main"}}},{"from":[0.7,-9,-2.07065],"to":[5.7,-1,2.92935],"rotation":{"angle":22.5,"axis":"x","origin":[3.2,-8,0.42935]},"faces":{"north":{"uv":[6.625,4.5,7.25,5.5],"texture":"#main"},"east":{"uv":[6.75,0,7.375,1],"texture":"#main"},"south":{"uv":[6.875,1,7.5,2],"texture":"#main"},"west":{"uv":[1.375,7,2,8],"texture":"#main"},"up":{"uv":[8.5,4.75,7.875,4.125],"texture":"#main"},"down":{"uv":[5.375,7.875,4.75,8.5],"texture":"#main"}}},{"from":[4.4,19.15,-9.92065],"to":[11.6,21.35,3.27935],"rotation":{"angle":0,"axis":"x","origin":[7.5,16.25,-2.57065]},"faces":{"north":{"uv":[8.375,2,9.25,2.25],"texture":"#main"},"east":{"uv":[7.75,2.25,9.375,2.5],"texture":"#main"},"south":{"uv":[8.5,4.5,9.375,4.75],"texture":"#main"},"west":{"uv":[7.75,6.5,9.375,6.75],"texture":"#main"},"up":{"uv":[5,2.625,4.125,1],"texture":"#main"},"down":{"uv":[5,2.625,4.125,4.25],"texture":"#main"}}},{"from":[5.04906,21.25,-12.32065],"to":[5.04906,29.25,1.67935],"rotation":{"angle":22.5,"axis":"y","origin":[6.54906,16.25,-2.57065]},"faces":{"north":{"uv":[0,0,0,1],"texture":"#main"},"east":{"uv":[3.25,0,5,1],"texture":"#main"},"south":{"uv":[0,0,0,1],"texture":"#main"},"west":{"uv":[0,3.5,1.75,4.5],"texture":"#main"},"up":{"uv":[0,1.75,0,0],"texture":"#main"},"down":{"uv":[0,0,0,1.75],"texture":"#main"}}},{"from":[5.54906,19,-14.22065],"to":[10.54906,21,-8.22065],"rotation":{"angle":0,"axis":"x","origin":[7.54906,16.25,-2.57065]},"faces":{"north":{"uv":[6.5,8,7.125,8.25],"texture":"#main"},"east":{"uv":[8.625,8.25,9.375,8.5],"texture":"#main"},"south":{"uv":[8.875,3.75,9.5,4],"texture":"#main"},"west":{"uv":[2.25,8.875,3,9.125],"texture":"#main"},"up":{"uv":[5.375,7.875,4.75,7.125],"texture":"#main"},"down":{"uv":[7.75,6,7.125,6.75],"texture":"#main"}}},{"from":[4.725,16.45,-9.72065],"to":[4.725,19.45,0.27935],"rotation":{"angle":0,"axis":"x","origin":[7.675,16.25,-2.57065]},"faces":{"north":{"uv":[0,0,0,0.375],"texture":"#main"},"east":{"uv":[7.125,6.75,8.375,7.125],"texture":"#main"},"south":{"uv":[0,0,0,0.375],"texture":"#main"},"west":{"uv":[7.125,7.125,8.375,7.5],"texture":"#main"},"up":{"uv":[0,1.25,0,0],"texture":"#main"},"down":{"uv":[0,0,0,1.25],"texture":"#main"}}},{"from":[4.5,10,-4.37065],"to":[11.5,21,-1.37065],"rotation":{"angle":45,"axis":"x","origin":[7.5,16.25,-2.57065]},"faces":{"east":{"uv":[6.125,7,6.5,8.375],"texture":"#main"},"west":{"uv":[3.625,7.125,4,8.5],"texture":"#main"},"down":{"uv":[9,0.625,8.125,1],"texture":"#main"}}},{"from":[4.5,10,-1.37065],"to":[11.5,19,0.62935],"rotation":{"angle":45,"axis":"x","origin":[7.5,16.25,-2.57065]},"faces":{"north":{"uv":[5,0.75,5.875,1.875],"texture":"#main"},"east":{"uv":[3.25,7.75,3.5,8.875],"texture":"#main"},"south":{"uv":[1.75,5,2.625,6.125],"texture":"#main"},"west":{"uv":[7.375,8.25,7.625,9.375],"texture":"#main"},"up":{"uv":[9.5,0.625,8.625,0.375],"texture":"#main"},"down":{"uv":[9.5,8,8.625,8.25],"texture":"#main"}}},{"from":[11.275,16.45,-9.72065],"to":[11.275,19.45,0.27935],"rotation":{"angle":0,"axis":"x","origin":[7.425,16.25,-2.57065]},"faces":{"north":{"uv":[0,0,0,0.375],"texture":"#main"},"east":{"uv":[7.25,2.625,8.5,3],"texture":"#main"},"south":{"uv":[0,0,0,0.375],"texture":"#main"},"west":{"uv":[7.25,3,8.5,3.375],"texture":"#main"},"up":{"uv":[0,1.25,0,0],"texture":"#main"},"down":{"uv":[0,0,0,1.25],"texture":"#main"}}},{"from":[4.5,16.45,-9.72065],"to":[11.5,19.45,-9.72065],"rotation":{"angle":0,"axis":"x","origin":[7.5,16.25,-2.57065]},"faces":{"north":{"uv":[8.125,1,9,1.375],"texture":"#main"},"east":{"uv":[0,0,0,0.375],"texture":"#main"},"south":{"uv":[7.75,8.125,8.625,8.5],"texture":"#main"},"west":{"uv":[0,0,0,0.375],"texture":"#main"},"up":{"uv":[0.875,0,0,0],"texture":"#main"},"down":{"uv":[0.875,0,0,0],"texture":"#main"}}},{"from":[11.5,21,-1.37065],"to":[4.5,10,-4.37065],"rotation":{"angle":45,"axis":"x","origin":[7.5,16.25,-2.57065]},"faces":{"east":{"uv":[4,7.125,4.375,8.5],"texture":"#main"},"west":{"uv":[4.375,7.125,4.75,8.5],"texture":"#main"},"up":{"uv":[7.375,8.625,6.5,8.25],"texture":"#main"}}},{"from":[1.5,-3,-2.07065],"to":[14.5,11,7.92935],"rotation":{"angle":0,"axis":"y","origin":[17.5,-13,-15.07065]},"faces":{"north":{"uv":[0,0,1.625,1.75],"texture":"#main"},"east":{"uv":[0,1.75,1.25,3.5],"texture":"#main"},"south":{"uv":[1.625,0,3.25,1.75],"texture":"#main"},"west":{"uv":[1.25,1.75,2.5,3.5],"texture":"#main"},"up":{"uv":[4.125,3,2.5,1.75],"texture":"#main"},"down":{"uv":[4.125,3,2.5,4.25],"texture":"#main"}}},{"from":[4.64906,11.1,-1.22065],"to":[11.44906,15.9,6.57935],"rotation":{"angle":0,"axis":"y","origin":[-1.45094,-15,-15.07065]},"faces":{"north":{"uv":[6.875,2,7.75,2.625],"texture":"#main"},"east":{"uv":[3.375,6.5,4.375,7.125],"texture":"#main"},"south":{"uv":[2.75,7.125,3.625,7.75],"texture":"#main"},"west":{"uv":[4.375,6.5,5.375,7.125],"texture":"#main"},"up":{"uv":[1.5,6.25,0.625,5.25],"texture":"#main"},"down":{"uv":[6.125,3.625,5.25,4.625],"texture":"#main"}}},{"from":[5,8.5,6.67935],"to":[11,15.5,7.67935],"rotation":{"angle":-22.5,"axis":"x","origin":[8.00503,14,7.09602]},"faces":{"north":{"uv":[0.625,6.25,1.375,7.125],"texture":"#main"},"east":{"uv":[1.5,5.25,1.625,6.125],"texture":"#main"},"south":{"uv":[6.5,2.625,7.25,3.5],"texture":"#main"},"west":{"uv":[1.625,5.25,1.75,6.125],"texture":"#main"},"up":{"uv":[8.5,2.625,7.75,2.5],"texture":"#main"},"down":{"uv":[9.625,5.875,8.875,6],"texture":"#main"}}},{"from":[4.5,13,7.92935],"to":[11.5,22,8.92935],"rotation":{"angle":-45,"axis":"x","origin":[7.80503,14,7.09602]},"faces":{"north":{"uv":[5,1.875,5.875,3],"texture":"#main"},"east":{"uv":[5.875,8.5,6,9.625],"texture":"#main"},"south":{"uv":[2.625,5,3.5,6.125],"texture":"#main"},"west":{"uv":[0.375,8.625,0.5,9.75],"texture":"#main"},"up":{"uv":[9.25,6.5,8.375,6.375],"texture":"#main"},"down":{"uv":[9.75,5.75,8.875,5.875],"texture":"#main"}}},{"from":[3.99245,10.5,2.67935],"to":[4.99245,16.5,7.67935],"rotation":{"angle":-22.5,"axis":"x","origin":[7.99748,14,7.09602]},"faces":{"north":{"uv":[4,1,4.125,1.75],"texture":"#main"},"east":{"uv":[7.25,4.25,7.875,5],"texture":"#main"},"south":{"uv":[1.375,6.25,1.5,7],"texture":"#main"},"west":{"uv":[6.5,7.25,7.125,8],"texture":"#main"},"up":{"uv":[5.125,4.25,5,3.625],"texture":"#main"},"down":{"uv":[5.25,3.625,5.125,4.25],"texture":"#main"}}},{"from":[3.49245,16,3.92935],"to":[4.49245,22,8.92935],"rotation":{"angle":-45,"axis":"x","origin":[7.79748,14,7.09602]},"faces":{"north":{"uv":[6.75,1,6.875,1.75],"texture":"#main"},"east":{"uv":[7.375,0,8,0.75],"texture":"#main"},"south":{"uv":[1.25,7.125,1.375,7.875],"texture":"#main"},"west":{"uv":[7.5,0.75,8.125,1.5],"texture":"#main"},"up":{"uv":[6.125,8.375,6,7.75],"texture":"#main"},"down":{"uv":[5.375,8.875,5.25,9.5],"texture":"#main"}}},{"from":[11.00756,10.5,2.67935],"to":[12.00756,16.5,7.67935],"rotation":{"angle":-22.5,"axis":"x","origin":[7.99748,14,7.09602]},"faces":{"north":{"uv":[3.5,7.75,3.625,8.5],"texture":"#main"},"east":{"uv":[7.125,7.5,7.75,8.25],"texture":"#main"},"south":{"uv":[1.625,8.625,1.75,9.375],"texture":"#main"},"west":{"uv":[7.75,1.5,8.375,2.25],"texture":"#main"},"up":{"uv":[5.5,9.5,5.375,8.875],"texture":"#main"},"down":{"uv":[5.625,8.875,5.5,9.5],"texture":"#main"}}},{"from":[11.50756,16,3.92935],"to":[12.50756,22,8.92935],"rotation":{"angle":-45,"axis":"x","origin":[7.79748,14,7.09602]},"faces":{"north":{"uv":[7.25,8.625,7.375,9.375],"texture":"#main"},"east":{"uv":[2,7.75,2.625,8.5],"texture":"#main"},"south":{"uv":[4.125,8.875,4.25,9.625],"texture":"#main"},"west":{"uv":[2.625,7.75,3.25,8.5],"texture":"#main"},"up":{"uv":[5.75,9.5,5.625,8.875],"texture":"#main"},"down":{"uv":[5.875,8.875,5.75,9.5],"texture":"#main"}}},{"from":[-2.95094,4.75,1],"to":[0.04906,9.75,5],"rotation":{"angle":-45,"axis":"z","origin":[-2.45094,8.75,3]},"faces":{"north":{"uv":[6.875,8.625,7.25,9.25],"texture":"#main"},"east":{"uv":[0.5,8.5,1,9.125],"texture":"#main"},"south":{"uv":[8.875,1.375,9.25,2],"texture":"#main"},"west":{"uv":[1.75,8.5,2.25,9.125],"texture":"#main"},"up":{"uv":[3.75,9.375,3.375,8.875],"texture":"#main"},"down":{"uv":[4.125,8.875,3.75,9.375],"texture":"#main"}}},{"from":[-3.45094,-0.25,0.75],"to":[0.54906,4.75,5.75],"rotation":{"angle":-45,"axis":"z","origin":[-2.45094,8.75,3]},"faces":{"north":{"uv":[8.375,5.75,8.875,6.375],"texture":"#main"},"east":{"uv":[8,0,8.625,0.625],"texture":"#main"},"south":{"uv":[6,8.375,6.5,9],"texture":"#main"},"west":{"uv":[1.125,8,1.75,8.625],"texture":"#main"},"up":{"uv":[8.875,7.375,8.375,6.75],"texture":"#main"},"down":{"uv":[8.875,7.375,8.375,8],"texture":"#main"}}},{"from":[-2.95094,0.25,-4.25],"to":[0.04906,4.25,0.75],"rotation":{"angle":-45,"axis":"z","origin":[-2.45094,8.75,3]},"faces":{"north":{"uv":[3,8.875,3.375,9.375],"texture":"#main"},"east":{"uv":[8.375,4.75,9,5.25],"texture":"#main"},"south":{"uv":[8.875,3.25,9.25,3.75],"texture":"#main"},"west":{"uv":[8.375,5.25,9,5.75],"texture":"#main"},"up":{"uv":[0.375,9.25,0,8.625],"texture":"#main"},"down":{"uv":[6.875,8.625,6.5,9.25],"texture":"#main"}}},{"from":[-4.45094,0.75,-6.25],"to":[0.54906,0.75,-3.25],"rotation":{"angle":-45,"axis":"z","origin":[-2.45094,8.75,3]},"faces":{"north":{"uv":[0,0,0.625,0],"texture":"#main"},"east":{"uv":[0,0,0.375,0],"texture":"#main"},"south":{"uv":[0,0,0.625,0],"texture":"#main"},"west":{"uv":[0,0,0.375,0],"texture":"#main"},"up":{"uv":[9.25,0.375,8.625,0],"texture":"#main"},"down":{"uv":[1.625,8.625,1,9],"texture":"#main"}}},{"from":[-4.45094,2.25,-6.25],"to":[0.54906,2.25,-3.25],"rotation":{"angle":-45,"axis":"z","origin":[-2.45094,8.75,3]},"faces":{"north":{"uv":[0,0,0.625,0],"texture":"#main"},"east":{"uv":[0,0,0.375,0],"texture":"#main"},"south":{"uv":[0,0,0.625,0],"texture":"#main"},"west":{"uv":[0,0,0.375,0],"texture":"#main"},"up":{"uv":[8.25,8.875,7.625,8.5],"texture":"#main"},"down":{"uv":[8.875,8.5,8.25,8.875],"texture":"#main"}}},{"from":[-4.45094,3.75,-6.25],"to":[0.54906,3.75,-3.25],"rotation":{"angle":-45,"axis":"z","origin":[-2.45094,8.75,3]},"faces":{"north":{"uv":[0,0,0.625,0],"texture":"#main"},"east":{"uv":[0,0,0.375,0],"texture":"#main"},"south":{"uv":[0,0,0.625,0],"texture":"#main"},"west":{"uv":[0,0,0.375,0],"texture":"#main"},"up":{"uv":[6.5,3,5.875,2.625],"texture":"#main"},"down":{"uv":[5.875,8.5,5.25,8.875],"texture":"#main"}}},{"from":[-2.75,5.5,0.5],"to":[2.25,11.5,6.5],"rotation":{"angle":0,"axis":"y","origin":[0.25,-13,-10.75]},"faces":{"north":{"uv":[7.75,3.375,8.375,4.125],"texture":"#main"},"east":{"uv":[5.375,7,6.125,7.75],"texture":"#main"},"south":{"uv":[7.75,5,8.375,5.75],"texture":"#main"},"west":{"uv":[0.5,7.125,1.25,7.875],"texture":"#main"},"up":{"uv":[6,8.5,5.375,7.75],"texture":"#main"},"down":{"uv":[8.375,5.75,7.75,6.5],"texture":"#main"}}},{"from":[-5.75,9.5,3.5],"to":[2.25,16.5,3.5],"rotation":{"angle":0,"axis":"y","origin":[0.25,-13,-10.75]},"faces":{"north":{"uv":[5.875,1.75,6.875,2.625],"texture":"#main"},"east":{"uv":[0,0,0,0.875],"texture":"#main"},"south":{"uv":[1.5,6.125,2.5,7],"texture":"#main"},"west":{"uv":[0,0,0,0.875],"texture":"#main"},"up":{"uv":[1,0,0,0],"texture":"#main"},"down":{"uv":[1,0,0,0],"texture":"#main"}}},{"from":[10.8,-13,-1.57065],"to":[14.8,-8,2.42935],"rotation":{"angle":0,"axis":"y","origin":[14.8,-13,-6.57065]},"faces":{"north":{"uv":[5,5.625,4.5,6.25],"texture":"#main"},"east":{"uv":[8.875,3.375,8.375,4],"texture":"#main"},"south":{"uv":[8.875,1.375,8.375,2],"texture":"#main"},"west":{"uv":[0.5,8,0,8.625],"texture":"#main"},"up":{"uv":[4.25,9,4.75,8.5],"texture":"#main"},"down":{"uv":[4.75,8.5,5.25,9],"texture":"#main"}}},{"from":[9.8,-8.15,-2.57065],"to":[15.8,-5.15,3.42935],"rotation":{"angle":22.5,"axis":"x","origin":[12.8,-8,0.42935]},"faces":{"north":{"uv":[3,8.5,2.25,8.875],"texture":"#main"},"east":{"uv":[4.25,8.5,3.5,8.875],"texture":"#main"},"south":{"uv":[9.25,2.875,8.5,3.25],"texture":"#main"},"west":{"uv":[9.25,2.5,8.5,2.875],"texture":"#main"},"up":{"uv":[2,7.75,2.75,7],"texture":"#main"},"down":{"uv":[7,3.5,7.75,4.25],"texture":"#main"}}},{"from":[10.3,-9,-2.07065],"to":[15.3,-1,2.92935],"rotation":{"angle":22.5,"axis":"x","origin":[12.8,-8,0.42935]},"faces":{"north":{"uv":[7.25,4.5,6.625,5.5],"texture":"#main"},"east":{"uv":[2,7,1.375,8],"texture":"#main"},"south":{"uv":[7.5,1,6.875,2],"texture":"#main"},"west":{"uv":[7.375,0,6.75,1],"texture":"#main"},"up":{"uv":[7.875,4.75,8.5,4.125],"texture":"#main"},"down":{"uv":[4.75,7.875,5.375,8.5],"texture":"#main"}}},{"from":[10.8,-13,-2.57065],"to":[14.8,-13,-1.57065],"rotation":{"angle":0,"axis":"y","origin":[14.8,-13,-10.57065]},"faces":{"north":{"uv":[0.5,0,0,0],"texture":"#main"},"east":{"uv":[0.125,0,0,0],"texture":"#main"},"south":{"uv":[0.5,0,0,0],"texture":"#main"},"west":{"uv":[0.125,0,0,0],"texture":"#main"},"up":{"uv":[6.125,4.625,6.625,4.5],"texture":"#main"},"down":{"uv":[4.5,6.25,5,6.375],"texture":"#main"}}},{"from":[10.95094,21.25,-12.32065],"to":[10.95094,29.25,1.67935],"rotation":{"angle":-22.5,"axis":"y","origin":[9.45094,16.25,-2.57065]},"faces":{"north":{"uv":[0,0,0,1],"texture":"#main"},"east":{"uv":[1.75,3.5,0,4.5],"texture":"#main"},"south":{"uv":[0,0,0,1],"texture":"#main"},"west":{"uv":[5,0,3.25,1],"texture":"#main"},"up":{"uv":[0,1.75,0,0],"texture":"#main"},"down":{"uv":[0,0,0,1.75],"texture":"#main"}}},{"from":[13.75,9.5,3.5],"to":[21.75,16.5,3.5],"rotation":{"angle":0,"axis":"y","origin":[15.75,-13,-10.75]},"faces":{"north":{"uv":[6.875,1.75,5.875,2.625],"texture":"#main"},"east":{"uv":[0,0,0,0.875],"texture":"#main"},"south":{"uv":[2.5,6.125,1.5,7],"texture":"#main"},"west":{"uv":[0,0,0,0.875],"texture":"#main"},"up":{"uv":[0,0,1,0],"texture":"#main"},"down":{"uv":[0,0,1,0],"texture":"#main"}}},{"from":[13.75,5.5,0.5],"to":[18.75,11.5,6.5],"rotation":{"angle":0,"axis":"y","origin":[15.75,-13,-10.75]},"faces":{"north":{"uv":[8.375,3.375,7.75,4.125],"texture":"#main"},"east":{"uv":[1.25,7.125,0.5,7.875],"texture":"#main"},"south":{"uv":[8.375,5,7.75,5.75],"texture":"#main"},"west":{"uv":[6.125,7,5.375,7.75],"texture":"#main"},"up":{"uv":[5.375,8.5,6,7.75],"texture":"#main"},"down":{"uv":[7.75,5.75,8.375,6.5],"texture":"#main"}}},{"from":[15.95094,4.75,1],"to":[18.95094,9.75,5],"rotation":{"angle":45,"axis":"z","origin":[18.45094,8.75,3]},"faces":{"north":{"uv":[7.25,8.625,6.875,9.25],"texture":"#main"},"east":{"uv":[2.25,8.5,1.75,9.125],"texture":"#main"},"south":{"uv":[9.25,1.375,8.875,2],"texture":"#main"},"west":{"uv":[1,8.5,0.5,9.125],"texture":"#main"},"up":{"uv":[3.375,9.375,3.75,8.875],"texture":"#main"},"down":{"uv":[3.75,8.875,4.125,9.375],"texture":"#main"}}},{"from":[15.45094,-0.25,0.75],"to":[19.45094,4.75,5.75],"rotation":{"angle":45,"axis":"z","origin":[18.45094,8.75,3]},"faces":{"north":{"uv":[8.875,5.75,8.375,6.375],"texture":"#main"},"east":{"uv":[1.75,8,1.125,8.625],"texture":"#main"},"south":{"uv":[6.5,8.375,6,9],"texture":"#main"},"west":{"uv":[8.625,0,8,0.625],"texture":"#main"},"up":{"uv":[8.375,7.375,8.875,6.75],"texture":"#main"},"down":{"uv":[8.375,7.375,8.875,8],"texture":"#main"}}},{"from":[15.45094,0.75,-6.25],"to":[20.45094,0.75,-3.25],"rotation":{"angle":45,"axis":"z","origin":[18.45094,8.75,3]},"faces":{"north":{"uv":[0.625,0,0,0],"texture":"#main"},"east":{"uv":[0.375,0,0,0],"texture":"#main"},"south":{"uv":[0.625,0,0,0],"texture":"#main"},"west":{"uv":[0.375,0,0,0],"texture":"#main"},"up":{"uv":[8.625,0.375,9.25,0],"texture":"#main"},"down":{"uv":[1,8.625,1.625,9],"texture":"#main"}}},{"from":[15.95094,0.25,-4.25],"to":[18.95094,4.25,0.75],"rotation":{"angle":45,"axis":"z","origin":[18.45094,8.75,3]},"faces":{"north":{"uv":[3.375,8.875,3,9.375],"texture":"#main"},"east":{"uv":[9,5.25,8.375,5.75],"texture":"#main"},"south":{"uv":[9.25,3.25,8.875,3.75],"texture":"#main"},"west":{"uv":[9,4.75,8.375,5.25],"texture":"#main"},"up":{"uv":[0,9.25,0.375,8.625],"texture":"#main"},"down":{"uv":[6.5,8.625,6.875,9.25],"texture":"#main"}}},{"from":[15.45094,2.25,-6.25],"to":[20.45094,2.25,-3.25],"rotation":{"angle":45,"axis":"z","origin":[18.45094,8.75,3]},"faces":{"north":{"uv":[0.625,0,0,0],"texture":"#main"},"east":{"uv":[0.375,0,0,0],"texture":"#main"},"south":{"uv":[0.625,0,0,0],"texture":"#main"},"west":{"uv":[0.375,0,0,0],"texture":"#main"},"up":{"uv":[7.625,8.875,8.25,8.5],"texture":"#main"},"down":{"uv":[8.25,8.5,8.875,8.875],"texture":"#main"}}},{"from":[15.45094,3.75,-6.25],"to":[20.45094,3.75,-3.25],"rotation":{"angle":45,"axis":"z","origin":[18.45094,8.75,3]},"faces":{"north":{"uv":[0.625,0,0,0],"texture":"#main"},"east":{"uv":[0.375,0,0,0],"texture":"#main"},"south":{"uv":[0.625,0,0,0],"texture":"#main"},"west":{"uv":[0.375,0,0,0],"texture":"#main"},"up":{"uv":[5.875,3,6.5,2.625],"texture":"#main"},"down":{"uv":[5.25,8.5,5.875,8.875],"texture":"#main"}}},{"from":[23.22599,-10,-1.18942],"to":[27.22599,-6,8.81058],"rotation":{"angle":-22.5,"axis":"x","origin":[23.92309,-7.125,8.60386]},"faces":{"north":{"uv":[7.25,5,7.75,5.5],"texture":"#main"},"east":{"uv":[5.375,6.5,6.625,7],"texture":"#main"},"south":{"uv":[8.5,4,9,4.5],"texture":"#main"},"west":{"uv":[6.5,5.5,7.75,6],"texture":"#main"},"up":{"uv":[7.125,7.25,6.625,6],"texture":"#main"},"down":{"uv":[0.5,6.75,0,8],"texture":"#main"}}},{"from":[23.05368,-9.75,7.53088],"to":[28.05368,-4.75,19.53088],"rotation":{"angle":-45,"axis":"y","origin":[24.92309,-8.125,8.60386]},"faces":{"north":{"uv":[7.75,7.5,8.375,8.125],"texture":"#main"},"east":{"uv":[5,3,6.5,3.625],"texture":"#main"},"south":{"uv":[0.5,7.875,1.125,8.5],"texture":"#main"},"west":{"uv":[3.5,5,5,5.625],"texture":"#main"},"up":{"uv":[5.625,6.5,5,5],"texture":"#main"},"down":{"uv":[0.625,5.25,0,6.75],"texture":"#main"}}},{"from":[5.63379,-9.75,11.89713],"to":[19.63379,-3.75,17.89713],"rotation":{"angle":-22.5,"axis":"y","origin":[12.63379,-6.75,14.89713]},"faces":{"north":{"uv":[1.75,4.25,3.5,5],"texture":"#main"},"east":{"uv":[3.25,1,4,1.75],"texture":"#main"},"south":{"uv":[3.5,4.25,5.25,5],"texture":"#main"},"west":{"uv":[1.75,3.5,2.5,4.25],"texture":"#main"},"up":{"uv":[1.75,5.25,0,4.5],"texture":"#main"},"down":{"uv":[6.75,0,5,0.75],"texture":"#main"}}},{"from":[4.5,-6.25,5],"to":[11.5,0.75,13],"rotation":{"angle":22.5,"axis":"x","origin":[8,-3.5,9.5]},"faces":{"north":{"uv":[2.5,6.125,3.375,7],"texture":"#main"},"east":{"uv":[3.5,5.625,4.5,6.5],"texture":"#main"},"south":{"uv":[6.125,3.625,7,4.5],"texture":"#main"},"west":{"uv":[5.625,4.625,6.625,5.5],"texture":"#main"},"up":{"uv":[6.5,6.5,5.625,5.5],"texture":"#main"},"down":{"uv":[6.75,0.75,5.875,1.75],"texture":"#main"}}}],"display":{"head":{"translation":[0,-9,13],"scale":[1.6,1.6,1.6]}}}