{"credit":"Made with Blockbench","texture_size":[32,32],"textures":{"main":"pokemon/alomomola","particle":"pokemon/alomomola"},"elements":[{"from":[-1.5,9.24107,-6.80605],"to":[1.5,14.86607,-4.63105],"rotation":{"angle":0,"axis":"y","origin":[-12,5.86607,-13.63105]},"faces":{"north":{"uv":[7,0,8,2],"texture":"#main"},"east":{"uv":[7,4,7.75,6],"texture":"#main"},"south":{"uv":[7,2,8,4],"texture":"#main"},"west":{"uv":[7,6,7.75,8],"texture":"#main"},"up":{"uv":[9,0.75,8,0],"texture":"#main"},"down":{"uv":[9,1,8,1.75],"texture":"#main"}}},{"from":[-1.5,7.51607,-4.63105],"to":[1.5,16.51607,2.86895],"rotation":{"angle":0,"axis":"y","origin":[-12,6.01607,-13.63105]},"faces":{"north":{"uv":[0,6,1,9],"texture":"#main"},"east":{"uv":[3,0,5.5,3],"texture":"#main"},"south":{"uv":[1,6,2,9],"texture":"#main"},"west":{"uv":[3,3,5.5,6],"texture":"#main"},"up":{"uv":[3,8.5,2,6],"texture":"#main"},"down":{"uv":[4,6,3,8.5],"texture":"#main"}}},{"from":[0,7.51607,2.86895],"to":[0,16.51607,6.61895],"rotation":{"angle":0,"axis":"y","origin":[-12,6.01607,-13.63105]},"faces":{"north":{"uv":[0,0,0,3],"texture":"#main"},"east":{"uv":[5.5,0,6.75,3],"texture":"#main"},"south":{"uv":[0,0,0,3],"texture":"#main"},"west":{"uv":[5.5,3,6.75,6],"texture":"#main"},"up":{"uv":[0,1.25,0,0],"texture":"#main"},"down":{"uv":[0,0,0,1.25],"texture":"#main"}}},{"from":[-1.5,9.39107,-0.50605],"to":[-1.5,14.26607,3.24395],"rotation":{"angle":-22.5,"axis":"y","origin":[-1.5,11.26607,-0.50605]},"faces":{"north":{"uv":[0,0,0,1.75],"texture":"#main"},"east":{"uv":[6.75,6,5.5,7.75],"texture":"#main"},"south":{"uv":[0,0,0,1.75],"texture":"#main"},"west":{"uv":[5.5,6,6.75,7.75],"texture":"#main"},"up":{"uv":[0,1.25,0,0],"texture":"#main"},"down":{"uv":[0,0,0,1.25],"texture":"#main"}}},{"from":[1.5,9.39107,-0.50605],"to":[1.5,14.26607,3.24395],"rotation":{"angle":22.5,"axis":"y","origin":[1.5,11.26607,-0.50605]},"faces":{"north":{"uv":[0,0,0,1.75],"texture":"#main"},"east":{"uv":[6.75,6,5.5,7.75],"texture":"#main"},"south":{"uv":[0,0,0,1.75],"texture":"#main"},"west":{"uv":[5.5,6,6.75,7.75],"texture":"#main"},"up":{"uv":[0,1.25,0,0],"texture":"#main"},"down":{"uv":[0,0,0,1.25],"texture":"#main"}}},{"from":[0,13.89107,-3.88105],"to":[0,22.89107,5.11895],"rotation":{"angle":22.5,"axis":"x","origin":[0,18.39107,0.61895]},"faces":{"north":{"uv":[0,0,0,3],"texture":"#main"},"east":{"uv":[0,0,3,3],"texture":"#main"},"south":{"uv":[0,0,0,3],"texture":"#main"},"west":{"uv":[0,3,3,6],"texture":"#main"},"up":{"uv":[0,3,0,0],"texture":"#main"},"down":{"uv":[0,0,0,3],"texture":"#main"}}},{"from":[0,1.14107,-3.88105],"to":[0,10.14107,5.11895],"rotation":{"angle":-22.5,"axis":"x","origin":[0,5.64107,0.61895]},"faces":{"north":{"uv":[0,3,0,0],"texture":"#main"},"east":{"uv":[0,3,3,0],"texture":"#main"},"south":{"uv":[0,3,0,0],"texture":"#main"},"west":{"uv":[0,6,3,3],"texture":"#main"},"up":{"uv":[0,3,0,0],"texture":"#main"},"down":{"uv":[0,0,0,3],"texture":"#main"}}}],"groups":[{"name":"Alomomola","origin":[0,11.96786,0.2621],"color":0,"nbt":"{}","armAnimationEnabled":false,"children":[{"name":"body","origin":[0,11.96786,0.2621],"color":0,"nbt":"{}","armAnimationEnabled":false,"children":[0,1,{"name":"tail","origin":[0,12.01607,2.89395],"color":0,"nbt":"{}","armAnimationEnabled":false,"children":[2]},3,4,5,6]}]}]}