{"credit":"Made with Blockbench","texture_size":[64,64],"textures":{"main":"pokemon/ambipon"},"elements":[{"from":[9.129,-1.304,11.824],"to":[15.323,9.032,15.852],"rotation":{"angle":0,"axis":"y","origin":[12.625,-12.4,11.4]},"faces":{"north":{"uv":[2.75,7.75,4.25,10.25],"texture":"#main"},"east":{"uv":[2.75,10.25,3.75,12.75],"texture":"#main"},"south":{"uv":[4.25,7.75,5.75,10.25],"texture":"#main"},"west":{"uv":[3.75,10.25,4.75,12.75],"texture":"#main"},"up":{"uv":[6.25,11.75,4.75,10.75],"texture":"#main"},"down":{"uv":[7.75,10.75,6.25,11.75],"texture":"#main"}}},{"from":[3.88073,7.26244,13.224],"to":[9.58073,8.70644,14.744],"rotation":{"angle":45,"axis":"z","origin":[9.047,8.122,13.984]},"faces":{"north":{"uv":[12,9,13.5,9.25],"texture":"#main"},"east":{"uv":[12.75,11.5,13.25,11.75],"texture":"#main"},"south":{"uv":[12.5,5.5,14,5.75],"texture":"#main"},"west":{"uv":[12,12.75,12.5,13],"texture":"#main"},"up":{"uv":[12.75,9.75,11.25,9.25],"texture":"#main"},"down":{"uv":[12.75,9.75,11.25,10.25],"texture":"#main"}}},{"from":[4.98064,4.33541,9.1376],"to":[7.05164,5.43741,15.3696],"rotation":{"angle":-45,"axis":"x","origin":[6.68667,2.56982,14.96705]},"faces":{"north":{"uv":[12.75,12.25,13.25,12.5],"texture":"#main"},"east":{"uv":[12.5,5.75,14,6],"texture":"#main"},"south":{"uv":[12.5,12.75,13,13],"texture":"#main"},"west":{"uv":[12.5,7.5,14,7.75],"texture":"#main"},"up":{"uv":[6.75,13.25,6.25,11.75],"texture":"#main"},"down":{"uv":[7.25,11.75,6.75,13.25],"texture":"#main"}}},{"from":[14.81927,7.26244,13.224],"to":[20.51927,8.70644,14.744],"rotation":{"angle":-45,"axis":"z","origin":[15.353,8.122,13.984]},"faces":{"north":{"uv":[13.5,9,12,9.25],"texture":"#main"},"east":{"uv":[12.5,12.75,12,13],"texture":"#main"},"south":{"uv":[14,5.5,12.5,5.75],"texture":"#main"},"west":{"uv":[13.25,11.5,12.75,11.75],"texture":"#main"},"up":{"uv":[11.25,9.75,12.75,9.25],"texture":"#main"},"down":{"uv":[11.25,9.75,12.75,10.25],"texture":"#main"}}},{"from":[17.34836,4.33541,9.1376],"to":[19.41936,5.43741,15.3696],"rotation":{"angle":-45,"axis":"x","origin":[17.71333,2.56982,14.96705]},"faces":{"north":{"uv":[13.25,12.25,12.75,12.5],"texture":"#main"},"east":{"uv":[14,7.5,12.5,7.75],"texture":"#main"},"south":{"uv":[13,12.75,12.5,13],"texture":"#main"},"west":{"uv":[14,5.75,12.5,6],"texture":"#main"},"up":{"uv":[6.25,13.25,6.75,11.75],"texture":"#main"},"down":{"uv":[6.75,11.75,7.25,13.25],"texture":"#main"}}},{"from":[7.05,9.7,11.1],"to":[17.6,17,17],"rotation":{"angle":0,"axis":"y","origin":[13,-20.4,11.4]},"faces":{"north":{"uv":[7,1.75,9.75,3.5],"texture":"#main"},"east":{"uv":[1.25,9.25,2.75,11],"texture":"#main"},"south":{"uv":[7,3.5,9.75,5.25],"texture":"#main"},"west":{"uv":[9.5,7,11,8.75],"texture":"#main"},"up":{"uv":[8.75,8.5,6,7],"texture":"#main"},"down":{"uv":[2.75,7.75,0,9.25],"texture":"#main"}}},{"from":[2.5385,9.259,14.144],"to":[7.5365,17.883,14.144],"rotation":{"angle":0,"axis":"y","origin":[13,-20.4,11.4]},"faces":{"north":{"uv":[5.75,8.5,7,10.75],"texture":"#main"},"east":{"uv":[0,0,0,2.25],"texture":"#main"},"south":{"uv":[7,8.5,8.25,10.75],"texture":"#main"},"west":{"uv":[0,0,0,2.25],"texture":"#main"},"up":{"uv":[1.25,0,0,0],"texture":"#main"},"down":{"uv":[1.25,0,0,0],"texture":"#main"}}},{"from":[17.1885,9.259,14.144],"to":[22.1865,17.883,14.144],"rotation":{"angle":0,"axis":"y","origin":[13,-20.4,11.4]},"faces":{"north":{"uv":[7,8.5,5.75,10.75],"texture":"#main"},"east":{"uv":[0,0,0,2.25],"texture":"#main"},"south":{"uv":[8.25,8.5,7,10.75],"texture":"#main"},"west":{"uv":[0,0,0,2.25],"texture":"#main"},"up":{"uv":[0,0,1.25,0],"texture":"#main"},"down":{"uv":[0,0,1.25,0],"texture":"#main"}}},{"from":[6.56,12.532,14.2],"to":[18.376,22.5,14.2],"rotation":{"angle":0,"axis":"y","origin":[13,-20.4,11.4]},"faces":{"north":{"uv":[0,5.25,3,7.75],"texture":"#main"},"east":{"uv":[0,0,0,2.5],"texture":"#main"},"south":{"uv":[3,5.25,6,7.75],"texture":"#main"},"west":{"uv":[0,0,0,2.5],"texture":"#main"},"up":{"uv":[3,0,0,0],"texture":"#main"},"down":{"uv":[3,0,0,0],"texture":"#main"}}},{"from":[10.575,7.8,12.4],"to":[13.625,9.7,15.4],"rotation":{"angle":0,"axis":"y","origin":[13,-20.4,11.4]},"faces":{"north":{"uv":[12.25,7,13,7.5],"texture":"#main"},"east":{"uv":[12.25,11.75,13,12.25],"texture":"#main"},"south":{"uv":[12,12.25,12.75,12.75],"texture":"#main"},"west":{"uv":[12.5,5,13.25,5.5],"texture":"#main"},"up":{"uv":[12.75,4.25,12,3.5],"texture":"#main"},"down":{"uv":[12.75,4.25,12,5],"texture":"#main"}}},{"from":[5.229,-0.354,16.952],"to":[20.329,-0.354,23.552],"rotation":{"angle":-45,"axis":"x","origin":[16.254,-1.304,15.352]},"faces":{"north":{"uv":[0,0,3.75,0],"texture":"#main"},"east":{"uv":[0,0,1.75,0],"texture":"#main"},"south":{"uv":[0,0,3.75,0],"texture":"#main"},"west":{"uv":[0,0,1.75,0],"texture":"#main"},"up":{"uv":[9.75,7,6,5.25],"texture":"#main"},"down":{"uv":[10.75,0,7,1.75],"texture":"#main"}}},{"from":[15.146,-2.454,15.352],"to":[29.446,18.582,15.352],"rotation":{"angle":-22.5,"axis":"y","origin":[15.171,-0.036,15.352]},"faces":{"north":{"uv":[3.5,0,0,5.25],"texture":"#main"},"east":{"uv":[0,0,0,5.25],"texture":"#main"},"south":{"uv":[7,0,3.5,5.25],"texture":"#main"},"west":{"uv":[0,0,0,5.25],"texture":"#main"},"up":{"uv":[0,0,3.5,0],"texture":"#main"},"down":{"uv":[0,0,3.5,0],"texture":"#main"}}},{"from":[22.01271,16.4,17.5315],"to":[29.41271,22.2,23.5025],"rotation":{"angle":0,"axis":"y","origin":[7.79571,-8.92479,9.817]},"faces":{"north":{"uv":[11.25,8.75,9.5,10.25],"texture":"#main"},"east":{"uv":[12.25,0,10.75,1.5],"texture":"#main"},"south":{"uv":[11.5,1.75,9.75,3.25],"texture":"#main"},"west":{"uv":[11,10.25,9.5,11.75],"texture":"#main"},"up":{"uv":[9.75,4.75,11.5,3.25],"texture":"#main"},"down":{"uv":[9.75,4.75,11.5,6.25],"texture":"#main"}}},{"from":[23.01271,14.57671,18.7315],"to":[28.01271,16.72371,22.7025],"rotation":{"angle":0,"axis":"y","origin":[7.79571,-8.92479,9.817]},"faces":{"north":{"uv":[11,6.25,9.75,6.75],"texture":"#main"},"east":{"uv":[13,8.5,12,9],"texture":"#main"},"south":{"uv":[13.25,3,12,3.5],"texture":"#main"},"west":{"uv":[5.75,10.25,4.75,10.75],"texture":"#main"},"up":{"uv":[7.75,11.75,9,10.75],"texture":"#main"},"down":{"uv":[1.25,11,2.5,12],"texture":"#main"}}},{"from":[19.33771,20.9,19.9315],"to":[22.33771,27.3,21.6025],"rotation":{"angle":0,"axis":"y","origin":[21.78771,25.02371,21.967]},"faces":{"north":{"uv":[11.75,10.25,11,11.75],"texture":"#main"},"east":{"uv":[1.75,12,1.25,13.5],"texture":"#main"},"south":{"uv":[12,7.75,11.25,9.25],"texture":"#main"},"west":{"uv":[11.5,11.75,11,13.25],"texture":"#main"},"up":{"uv":[12.75,1.75,13.5,1.25],"texture":"#main"},"down":{"uv":[12.75,1.75,13.5,2.25],"texture":"#main"}}},{"from":[24.18771,20.9,19.9315],"to":[27.18771,27.3,21.6025],"rotation":{"angle":0,"axis":"y","origin":[7.79571,-8.92479,9.817]},"faces":{"north":{"uv":[9.5,7,8.75,8.5],"texture":"#main"},"east":{"uv":[12.25,10.75,11.75,12.25],"texture":"#main"},"south":{"uv":[11.75,6.25,11,7.75],"texture":"#main"},"west":{"uv":[8.75,11.75,8.25,13.25],"texture":"#main"},"up":{"uv":[12.75,0.75,13.5,0.25],"texture":"#main"},"down":{"uv":[12.75,0.75,13.5,1.25],"texture":"#main"}}},{"from":[28.53771,20.9,19.9315],"to":[31.53771,27.3,21.6025],"rotation":{"angle":0,"axis":"y","origin":[30.98771,25.02371,21.967]},"faces":{"north":{"uv":[0.75,11.5,0,13],"texture":"#main"},"east":{"uv":[2.75,12,2.25,13.5],"texture":"#main"},"south":{"uv":[12.25,1.5,11.5,3],"texture":"#main"},"west":{"uv":[2.25,12,1.75,13.5],"texture":"#main"},"up":{"uv":[12.75,2.75,13.5,2.25],"texture":"#main"},"down":{"uv":[2.75,12.75,3.5,13.25],"texture":"#main"}}},{"from":[-4.71271,16.4,17.5315],"to":[2.68729,22.2,23.5025],"rotation":{"angle":0,"axis":"y","origin":[16.90429,-8.92479,9.817]},"faces":{"north":{"uv":[9.5,8.75,11.25,10.25],"texture":"#main"},"east":{"uv":[9.5,10.25,11,11.75],"texture":"#main"},"south":{"uv":[9.75,1.75,11.5,3.25],"texture":"#main"},"west":{"uv":[10.75,0,12.25,1.5],"texture":"#main"},"up":{"uv":[11.5,4.75,9.75,3.25],"texture":"#main"},"down":{"uv":[11.5,4.75,9.75,6.25],"texture":"#main"}}},{"from":[2.36229,20.9,19.9315],"to":[5.36229,27.3,21.6025],"rotation":{"angle":0,"axis":"y","origin":[2.91229,25.02371,21.967]},"faces":{"north":{"uv":[11,10.25,11.75,11.75],"texture":"#main"},"east":{"uv":[11,11.75,11.5,13.25],"texture":"#main"},"south":{"uv":[11.25,7.75,12,9.25],"texture":"#main"},"west":{"uv":[1.25,12,1.75,13.5],"texture":"#main"},"up":{"uv":[13.5,1.75,12.75,1.25],"texture":"#main"},"down":{"uv":[13.5,1.75,12.75,2.25],"texture":"#main"}}},{"from":[-2.48771,20.9,19.9315],"to":[0.51229,27.3,21.6025],"rotation":{"angle":0,"axis":"y","origin":[16.90429,-8.92479,9.817]},"faces":{"north":{"uv":[8.75,7,9.5,8.5],"texture":"#main"},"east":{"uv":[8.25,11.75,8.75,13.25],"texture":"#main"},"south":{"uv":[11,6.25,11.75,7.75],"texture":"#main"},"west":{"uv":[11.75,10.75,12.25,12.25],"texture":"#main"},"up":{"uv":[13.5,0.75,12.75,0.25],"texture":"#main"},"down":{"uv":[13.5,0.75,12.75,1.25],"texture":"#main"}}},{"from":[-6.83771,20.9,19.9315],"to":[-3.83771,27.3,21.6025],"rotation":{"angle":0,"axis":"y","origin":[-6.28771,25.02371,21.967]},"faces":{"north":{"uv":[0,11.5,0.75,13],"texture":"#main"},"east":{"uv":[1.75,12,2.25,13.5],"texture":"#main"},"south":{"uv":[11.5,1.5,12.25,3],"texture":"#main"},"west":{"uv":[2.25,12,2.75,13.5],"texture":"#main"},"up":{"uv":[13.5,2.75,12.75,2.25],"texture":"#main"},"down":{"uv":[3.5,12.75,2.75,13.25],"texture":"#main"}}},{"from":[-3.31271,14.57671,18.7315],"to":[1.68729,16.72371,22.7025],"rotation":{"angle":0,"axis":"y","origin":[16.90429,-8.92479,9.817]},"faces":{"north":{"uv":[9.75,6.25,11,6.75],"texture":"#main"},"east":{"uv":[4.75,10.25,5.75,10.75],"texture":"#main"},"south":{"uv":[12,3,13.25,3.5],"texture":"#main"},"west":{"uv":[12,8.5,13,9],"texture":"#main"},"up":{"uv":[9,11.75,7.75,10.75],"texture":"#main"},"down":{"uv":[2.5,11,1.25,12],"texture":"#main"}}},{"from":[-4.746,-2.454,15.352],"to":[9.554,18.582,15.352],"rotation":{"angle":22.5,"axis":"y","origin":[9.529,-0.036,15.352]},"faces":{"north":{"uv":[0,0,3.5,5.25],"texture":"#main"},"east":{"uv":[0,0,0,5.25],"texture":"#main"},"south":{"uv":[3.5,0,7,5.25],"texture":"#main"},"west":{"uv":[0,0,0,5.25],"texture":"#main"},"up":{"uv":[3.5,0,0,0],"texture":"#main"},"down":{"uv":[3.5,0,0,0],"texture":"#main"}}},{"from":[8.027,-4.876,12.445],"to":[9.927,0.976,14.592],"rotation":{"angle":-22.5,"axis":"z","origin":[8.464,-2.444,14.098]},"faces":{"north":{"uv":[9,10.75,9.5,12.25],"texture":"#main"},"east":{"uv":[0.75,11.5,1.25,13],"texture":"#main"},"south":{"uv":[11.5,3,12,4.5],"texture":"#main"},"west":{"uv":[11.5,4.5,12,6],"texture":"#main"},"up":{"uv":[4,13.25,3.5,12.75],"texture":"#main"},"down":{"uv":[13.25,3.5,12.75,4],"texture":"#main"}}},{"from":[7.12958,-9.00764,12.445],"to":[9.02958,-4.52364,14.44],"rotation":{"angle":0,"axis":"y","origin":[6.16658,-3.00364,13.991]},"faces":{"north":{"uv":[12,5,12.5,6],"texture":"#main"},"east":{"uv":[12,7.5,12.5,8.5],"texture":"#main"},"south":{"uv":[12.25,0,12.75,1],"texture":"#main"},"west":{"uv":[12.25,1,12.75,2],"texture":"#main"},"up":{"uv":[4.5,13.25,4,12.75],"texture":"#main"},"down":{"uv":[13.25,4,12.75,4.5],"texture":"#main"}}},{"from":[6.65264,-9.80429,10.3458],"to":[8.76164,-8.60729,14.3168],"rotation":{"angle":22.5,"axis":"y","origin":[8.20714,-9.20579,12.3313]},"faces":{"north":{"uv":[12.75,11,13.25,11.25],"texture":"#main"},"east":{"uv":[12.75,9.75,13.75,10],"texture":"#main"},"south":{"uv":[12.75,11.25,13.25,11.5],"texture":"#main"},"west":{"uv":[12.75,10,13.75,10.25],"texture":"#main"},"up":{"uv":[12.75,11.75,12.25,10.75],"texture":"#main"},"down":{"uv":[12,12.25,11.5,13.25],"texture":"#main"}}},{"from":[14.773,-4.876,12.445],"to":[16.673,0.976,14.592],"rotation":{"angle":22.5,"axis":"z","origin":[16.236,-2.444,14.098]},"faces":{"north":{"uv":[9.5,10.75,9,12.25],"texture":"#main"},"east":{"uv":[12,4.5,11.5,6],"texture":"#main"},"south":{"uv":[12,3,11.5,4.5],"texture":"#main"},"west":{"uv":[1.25,11.5,0.75,13],"texture":"#main"},"up":{"uv":[3.5,13.25,4,12.75],"texture":"#main"},"down":{"uv":[12.75,3.5,13.25,4],"texture":"#main"}}},{"from":[15.67042,-9.00764,12.445],"to":[17.57042,-4.52364,14.44],"rotation":{"angle":0,"axis":"y","origin":[18.53342,-3.00364,13.991]},"faces":{"north":{"uv":[12.5,5,12,6],"texture":"#main"},"east":{"uv":[12.75,1,12.25,2],"texture":"#main"},"south":{"uv":[12.75,0,12.25,1],"texture":"#main"},"west":{"uv":[12.5,7.5,12,8.5],"texture":"#main"},"up":{"uv":[4,13.25,4.5,12.75],"texture":"#main"},"down":{"uv":[12.75,4,13.25,4.5],"texture":"#main"}}},{"from":[15.43836,-9.80429,10.3458],"to":[17.54736,-8.60729,14.3168],"rotation":{"angle":-22.5,"axis":"y","origin":[18.07836,-9.20579,13.0313]},"faces":{"north":{"uv":[13.25,11,12.75,11.25],"texture":"#main"},"east":{"uv":[13.75,10,12.75,10.25],"texture":"#main"},"south":{"uv":[13.25,11.25,12.75,11.5],"texture":"#main"},"west":{"uv":[13.75,9.75,12.75,10],"texture":"#main"},"up":{"uv":[12.25,11.75,12.75,10.75],"texture":"#main"},"down":{"uv":[11.5,12.25,12,13.25],"texture":"#main"}}}],"display":{"head":{"translation":[0,-25.5,-5.25]}},"groups":[{"name":"ambipom","origin":[0,-10.9,0],"color":0,"children":[{"name":"body","origin":[-0.375,-2.9,0],"color":0,"children":[0]},{"name":"arms","origin":[4.898,13.44183,2.964],"color":0,"children":[1,2,3,4]},{"name":"head","origin":[0,-10.9,0],"color":0,"children":[5,6,7,8,9]},{"name":"tail","origin":[-19.71271,34.52371,10.567],"color":0,"children":[10,11,12,13,14,15,16,17,18,19,20,21,22]},{"name":"legs","origin":[-6.37836,0.29421,1.6313],"color":0,"children":[23,24,25,26,27,28]}]}]}