{"credit":"Made with Blockbench","parent":"physical_parent","texture_size":[64,64],"textures":{"main":"pokemon/ampharos-mega","particle":"pokemon/ampharos-mega"},"elements":[{"from":[4,5,3],"to":[12,11,10],"rotation":{"angle":0,"axis":"y","origin":[8,13,7]},"faces":{"north":{"uv":[0,5.5,2,7],"texture":"#main"},"east":{"uv":[5.75,1.5,7.5,3],"texture":"#main"},"south":{"uv":[5.75,0,7.75,1.5],"texture":"#main"},"west":{"uv":[5.75,3,7.5,4.5],"texture":"#main"},"up":{"uv":[4.75,6.25,2.75,4.5],"texture":"#main"},"down":{"uv":[6.75,4.5,4.75,6.25],"texture":"#main"}}},{"from":[5.5,11,4],"to":[10.5,16,9],"rotation":{"angle":0,"axis":"y","origin":[7.5,13,8]},"faces":{"north":{"uv":[0,7,1.25,8.25],"texture":"#main"},"east":{"uv":[7.25,5.75,8.5,7],"texture":"#main"},"south":{"uv":[7.25,7,8.5,8.25],"texture":"#main"},"west":{"uv":[1.25,7.5,2.5,8.75],"texture":"#main"},"up":{"uv":[8.75,2.75,7.5,1.5],"texture":"#main"},"down":{"uv":[3.75,7.5,2.5,8.75],"texture":"#main"}}},{"from":[2,3,4],"to":[4,8,9],"rotation":{"angle":0,"axis":"y","origin":[8,12,7]},"faces":{"north":{"uv":[8.5,6.25,9,7.5],"texture":"#main"},"east":{"uv":[7.5,2.75,8.75,4],"texture":"#main"},"south":{"uv":[1,8.75,1.5,10],"texture":"#main"},"west":{"uv":[3.75,7.5,5,8.75],"texture":"#main"},"up":{"uv":[9.25,2.5,8.75,1.25],"texture":"#main"},"down":{"uv":[2,8.75,1.5,10],"texture":"#main"}}},{"from":[7,5,10],"to":[9,7,14],"rotation":{"angle":0,"axis":"x","origin":[8,6,12]},"faces":{"north":{"uv":[6.75,5.75,7.25,6.25],"texture":"#main"},"east":{"uv":[7.5,4,8.5,4.5],"texture":"#main"},"south":{"uv":[1.25,7,1.75,7.5],"texture":"#main"},"west":{"uv":[8.5,7.5,9.5,8],"texture":"#main"},"up":{"uv":[4,9.75,3.5,8.75],"texture":"#main"},"down":{"uv":[4.5,8.75,4,9.75],"texture":"#main"}}},{"from":[8,1,11],"to":[8,10,23],"rotation":{"angle":-22.5,"axis":"x","origin":[8,6,12]},"faces":{"north":{"uv":[0,0,0,2.25],"texture":"#main"},"east":{"uv":[2.75,0,5.75,2.25],"texture":"#main"},"south":{"uv":[0,0,0,2.25],"texture":"#main"},"west":{"uv":[2.75,2.25,5.75,4.5],"texture":"#main"},"up":{"uv":[0,3,0,0],"texture":"#main"},"down":{"uv":[0,0,0,3],"texture":"#main"}}},{"from":[2.5,0,7],"to":[4.5,3,9],"rotation":{"angle":0,"axis":"y","origin":[8,12,7]},"faces":{"north":{"uv":[2,5.5,2.5,6.25],"texture":"#main"},"east":{"uv":[4.5,8.75,5,9.5],"texture":"#main"},"south":{"uv":[5,8.75,5.5,9.5],"texture":"#main"},"west":{"uv":[5.5,8.75,6,9.5],"texture":"#main"},"up":{"uv":[9.5,7.5,9,7],"texture":"#main"},"down":{"uv":[5,9.5,4.5,10],"texture":"#main"}}},{"from":[2.5,0,5],"to":[4.5,1,7],"rotation":{"angle":0,"axis":"y","origin":[8,12,7]},"faces":{"north":{"uv":[7.75,1.25,8.25,1.5],"texture":"#main"},"east":{"uv":[8.25,1.25,8.75,1.5],"texture":"#main"},"south":{"uv":[8.75,3.75,9.25,4],"texture":"#main"},"west":{"uv":[9.25,3.75,9.75,4],"texture":"#main"},"up":{"uv":[10,5.25,9.5,4.75],"texture":"#main"},"down":{"uv":[5.5,9.5,5,10],"texture":"#main"}}},{"from":[6,19,2.5],"to":[10,22,8.5],"rotation":{"angle":0,"axis":"y","origin":[8,12,6.5]},"faces":{"north":{"uv":[8.5,4.75,9.5,5.5],"texture":"#main"},"east":{"uv":[7.25,8.25,8.75,9],"texture":"#main"},"south":{"uv":[8.5,5.5,9.5,6.25],"texture":"#main"},"west":{"uv":[8.5,4,10,4.75],"texture":"#main"},"up":{"uv":[7.25,9,6.25,7.5],"texture":"#main"},"down":{"uv":[1,8.25,0,9.75],"texture":"#main"}}},{"from":[7,22,3.5],"to":[9,23,5.5],"rotation":{"angle":0,"axis":"y","origin":[8,12,6.5]},"faces":{"north":{"uv":[9.5,7.75,10,8],"texture":"#main"},"east":{"uv":[9.75,1.25,10.25,1.5],"texture":"#main"},"south":{"uv":[9.75,1.5,10.25,1.75],"texture":"#main"},"west":{"uv":[9.75,1.75,10.25,2],"texture":"#main"},"up":{"uv":[10,5.75,9.5,5.25],"texture":"#main"},"down":{"uv":[6,9.5,5.5,10],"texture":"#main"}}},{"from":[8,13,4.5],"to":[8,24,15.5],"rotation":{"angle":0,"axis":"y","origin":[8,12,6.5]},"faces":{"north":{"uv":[0,0,0,2.75],"texture":"#main"},"east":{"uv":[0,0,2.75,2.75],"texture":"#main"},"south":{"uv":[0,0,0,2.75],"texture":"#main"},"west":{"uv":[0,2.75,2.75,5.5],"texture":"#main"},"up":{"uv":[0,2.75,0,0],"texture":"#main"},"down":{"uv":[0,0,0,2.75],"texture":"#main"}}},{"from":[4.72007,20.80772,6],"to":[6.72007,23.80772,8],"rotation":{"angle":45,"axis":"z","origin":[5.72007,22.30772,7]},"faces":{"north":{"uv":[8.75,8,9.25,8.75],"texture":"#main"},"east":{"uv":[8.75,8.75,9.25,9.5],"texture":"#main"},"south":{"uv":[9,0,9.5,0.75],"texture":"#main"},"west":{"uv":[6,9,6.5,9.75],"texture":"#main"},"up":{"uv":[10,6.25,9.5,5.75],"texture":"#main"},"down":{"uv":[10,6.25,9.5,6.75],"texture":"#main"}}},{"from":[9.27993,20.80772,6],"to":[11.27993,23.80772,8],"rotation":{"angle":-45,"axis":"z","origin":[10.27993,22.30772,7]},"faces":{"north":{"uv":[9,6.25,9.5,7],"texture":"#main"},"east":{"uv":[6.5,9,7,9.75],"texture":"#main"},"south":{"uv":[7,9,7.5,9.75],"texture":"#main"},"west":{"uv":[7.5,9,8,9.75],"texture":"#main"},"up":{"uv":[10,7.25,9.5,6.75],"texture":"#main"},"down":{"uv":[10,7.25,9.5,7.75],"texture":"#main"}}},{"from":[12,3,4],"to":[14,8,9],"rotation":{"angle":0,"axis":"y","origin":[8,12,7]},"faces":{"north":{"uv":[2,8.75,2.5,10],"texture":"#main"},"east":{"uv":[5,7.5,6.25,8.75],"texture":"#main"},"south":{"uv":[2.5,8.75,3,10],"texture":"#main"},"west":{"uv":[7.75,0,9,1.25],"texture":"#main"},"up":{"uv":[9.25,3.75,8.75,2.5],"texture":"#main"},"down":{"uv":[3.5,8.75,3,10],"texture":"#main"}}},{"from":[11.5,0,7],"to":[13.5,3,9],"rotation":{"angle":0,"axis":"y","origin":[8,12,7]},"faces":{"north":{"uv":[8,9,8.5,9.75],"texture":"#main"},"east":{"uv":[9.25,0.75,9.75,1.5],"texture":"#main"},"south":{"uv":[9.25,1.5,9.75,2.25],"texture":"#main"},"west":{"uv":[9.25,2.25,9.75,3],"texture":"#main"},"up":{"uv":[9,10,8.5,9.5],"texture":"#main"},"down":{"uv":[9.5,9.5,9,10],"texture":"#main"}}},{"from":[11.5,0,5],"to":[13.5,1,7],"rotation":{"angle":0,"axis":"y","origin":[8,12,7]},"faces":{"north":{"uv":[9.75,2,10.25,2.25],"texture":"#main"},"east":{"uv":[9.75,2.25,10.25,2.5],"texture":"#main"},"south":{"uv":[9.75,2.5,10.25,2.75],"texture":"#main"},"west":{"uv":[9.75,2.75,10.25,3],"texture":"#main"},"up":{"uv":[10,10,9.5,9.5],"texture":"#main"},"down":{"uv":[0.5,9.75,0,10.25],"texture":"#main"}}},{"from":[7,16,5.5],"to":[9,19,7.5],"rotation":{"angle":0,"axis":"y","origin":[8,13,6.5]},"faces":{"north":{"uv":[9.25,3,9.75,3.75],"texture":"#main"},"east":{"uv":[9.25,8,9.75,8.75],"texture":"#main"},"south":{"uv":[9.25,8.75,9.75,9.5],"texture":"#main"},"west":{"uv":[9.5,0,10,0.75],"texture":"#main"},"up":{"uv":[1,10.25,0.5,9.75],"texture":"#main"},"down":{"uv":[10.25,0.75,9.75,1.25],"texture":"#main"}}},{"from":[-1.42388,13.11732,4],"to":[5.57612,13.11732,9],"rotation":{"angle":22.5,"axis":"z","origin":[4.57612,13.11732,4]},"faces":{"north":{"uv":[0,0,1.75,0],"texture":"#main"},"east":{"uv":[0,0,1.25,0],"texture":"#main"},"south":{"uv":[0,0,1.75,0],"texture":"#main"},"west":{"uv":[0,0,1.25,0],"texture":"#main"},"up":{"uv":[3.75,7.5,2,6.25],"texture":"#main"},"down":{"uv":[5.5,6.25,3.75,7.5],"texture":"#main"}}},{"from":[10.42388,13.11732,4],"to":[17.42388,13.11732,9],"rotation":{"angle":-22.5,"axis":"z","origin":[11.42388,13.11732,4]},"faces":{"north":{"uv":[0,0,1.75,0],"texture":"#main"},"east":{"uv":[0,0,1.25,0],"texture":"#main"},"south":{"uv":[0,0,1.75,0],"texture":"#main"},"west":{"uv":[0,0,1.25,0],"texture":"#main"},"up":{"uv":[7.25,7.5,5.5,6.25],"texture":"#main"},"down":{"uv":[8.5,4.5,6.75,5.75],"texture":"#main"}}}],"display":{"head":{"translation":[0,-30,0],"scale":[1.6,1.6,1.6]}}}