{"parent":"physical_parent","textures":{"main":"pokemon/anorith"},"texture_size":[32,32],"elements":[{"rotation":{"origin":[6,0,0],"angle":0,"axis":"y"},"from":[6,0,0],"to":[10,3,4],"faces":{"east":{"uv":[2,9,4,10.5],"texture":"#main"},"south":{"uv":[9,6,11,7.5],"texture":"#main"},"north":{"uv":[0,9,2,10.5],"texture":"#main"},"west":{"uv":[4,9.5,6,11],"texture":"#main"},"up":{"uv":[7,8,5,6],"texture":"#main"},"down":{"uv":[9,6,7,8],"texture":"#main"}}},{"rotation":{"origin":[6,0,4],"angle":0,"axis":"y"},"from":[5,0,4],"to":[11,2,13],"faces":{"east":{"uv":[6,1.5,10.5,2.5],"texture":"#main"},"south":{"uv":[9,3.5,12,4.5],"texture":"#main"},"north":{"uv":[6,3.5,9,4.5],"texture":"#main"},"west":{"uv":[6,2.5,10.5,3.5],"texture":"#main"},"up":{"uv":[3,4.5,0,0],"texture":"#main"},"down":{"uv":[6,0,3,4.5],"texture":"#main"}}},{"rotation":{"origin":[6,0,7],"angle":0,"axis":"y"},"from":[8,0,13],"to":[8,2,16],"faces":{"east":{"uv":[6,9.5,7.5,10.5],"texture":"#main"},"south":{"uv":[0,0,0,1],"texture":"#main"},"north":{"uv":[0,0,0,1],"texture":"#main"},"west":{"uv":[7.5,9.5,9,10.5],"texture":"#main"},"up":{"uv":[0,1.5,0,0],"texture":"#main"},"down":{"uv":[0,0,0,1.5],"texture":"#main"}}},{"rotation":{"origin":[6.58749,2.41351,8],"angle":45,"axis":"z"},"from":[6.58749,0.41351,14],"to":[11.58749,0.41351,17],"faces":{"east":{"uv":[0,0,1.5,0],"texture":"#main"},"south":{"uv":[0,0,2.5,0],"texture":"#main"},"north":{"uv":[0,0,2.5,0],"texture":"#main"},"west":{"uv":[0,0,1.5,0],"texture":"#main"},"up":{"uv":[7.5,9.5,5,8],"texture":"#main"},"down":{"uv":[10,8,7.5,9.5],"texture":"#main"}}},{"rotation":{"origin":[9.41251,2.41351,8],"angle":-45,"axis":"z"},"from":[4.41251,0.41351,14],"to":[9.41251,0.41351,17],"faces":{"east":{"uv":[1.5,0,0,0],"texture":"#main"},"south":{"uv":[2.5,0,0,0],"texture":"#main"},"north":{"uv":[2.5,0,0,0],"texture":"#main"},"west":{"uv":[1.5,0,0,0],"texture":"#main"},"up":{"uv":[5,9.5,7.5,8],"texture":"#main"},"down":{"uv":[7.5,8,10,9.5],"texture":"#main"}}},{"rotation":{"origin":[6,0,4],"angle":0,"axis":"y"},"from":[0,1,4],"to":[5,1,13],"faces":{"east":{"uv":[0,0,4.5,0],"texture":"#main"},"south":{"uv":[0,0,2.5,0],"texture":"#main"},"north":{"uv":[0,0,2.5,0],"texture":"#main"},"west":{"uv":[0,0,4.5,0],"texture":"#main"},"up":{"uv":[2.5,9,0,4.5],"texture":"#main"},"down":{"uv":[2.5,4.5,0,9],"texture":"#main"}}},{"rotation":{"origin":[10,0,4],"angle":0,"axis":"y"},"from":[11,1,4],"to":[16,1,13],"faces":{"east":{"uv":[4.5,0,0,0],"texture":"#main"},"south":{"uv":[2.5,0,0,0],"texture":"#main"},"north":{"uv":[2.5,0,0,0],"texture":"#main"},"west":{"uv":[4.5,0,0,0],"texture":"#main"},"up":{"uv":[0,9,2.5,4.5],"texture":"#main"},"down":{"uv":[0,4.5,2.5,9],"texture":"#main"}}},{"rotation":{"origin":[10,0,4],"angle":0,"axis":"y"},"from":[10,1,-3],"to":[15,1,4],"faces":{"east":{"uv":[4.5,0,0,0],"texture":"#main"},"south":{"uv":[2.5,0,0,0],"texture":"#main"},"north":{"uv":[2.5,0,0,0],"texture":"#main"},"west":{"uv":[4.5,0,0,0],"texture":"#main"},"up":{"uv":[13.5,13,15.5,9.5],"texture":"#main"},"down":{"uv":[11,13,13,9.5],"texture":"#main","rotation":180}}},{"rotation":{"origin":[2.5,1,0.5],"angle":0,"axis":"y"},"from":[1,1,-3],"to":[6,1,4],"faces":{"east":{"uv":[4.5,0,0,0],"texture":"#main"},"south":{"uv":[2.5,0,0,0],"texture":"#main"},"north":{"uv":[2.5,0,0,0],"texture":"#main"},"west":{"uv":[4.5,0,0,0],"texture":"#main"},"up":{"uv":[11,13,13,9.5],"texture":"#main"},"down":{"uv":[13.5,13,15.5,9.5],"texture":"#main","rotation":180}}},{"rotation":{"origin":[6,1,0],"angle":0,"axis":"y"},"from":[2,1,3],"to":[14,4,3],"faces":{"east":{"uv":[0,0,0,1.5],"texture":"#main"},"south":{"uv":[5,4.5,11,6],"texture":"#main"},"north":{"uv":[5,4.5,11,6],"texture":"#main"},"west":{"uv":[0,0,0,1.5],"texture":"#main"},"up":{"uv":[6,0,0,0],"texture":"#main"},"down":{"uv":[6,0,0,0],"texture":"#main"}}}],"display":{"head":{"rotation":[-13,0,0],"translation":[0,-18,0],"scale":[1.8,1.8,1.8]}}}