{"parent":"physical_parent","textures":{"main":"pokemon/arcanine"},"elements":[{"from":[2,0,0],"to":[5,5,3],"faces":{"east":{"uv":[3.75,8.75,4.5,10],"texture":"#main"},"south":{"uv":[3.75,8.75,4.5,10],"texture":"#main"},"north":{"uv":[3.75,10.5,4.5,11.75],"texture":"#main"},"west":{"uv":[3.75,8.75,4.5,10],"texture":"#main"},"up":{"uv":[6,9.25,6.5,9.75],"texture":"#main"},"down":{"uv":[6,9.25,6.5,9.75],"texture":"#main"}}},{"from":[6,0,0],"to":[9,5,3],"faces":{"east":{"uv":[3.75,8.75,4.5,10],"texture":"#main"},"south":{"uv":[3.75,8.75,4.5,10],"texture":"#main"},"north":{"uv":[3.75,10.5,4.5,11.75],"texture":"#main"},"west":{"uv":[3.75,8.75,4.5,10],"texture":"#main"},"up":{"uv":[6,9.25,6.5,9.75],"texture":"#main"},"down":{"uv":[6,9.25,6.5,9.75],"texture":"#main"}}},{"from":[7,0,10],"to":[10,5,13],"faces":{"east":{"uv":[5,10.5,5.75,11.75],"texture":"#main"},"south":{"uv":[5,10.5,5.75,11.75],"texture":"#main"},"north":{"uv":[5,10.5,5.75,11.75],"texture":"#main"},"west":{"uv":[5,10.5,5.75,11.75],"texture":"#main"},"up":{"uv":[6,9.25,6.5,9.75],"texture":"#main"},"down":{"uv":[6,9.25,6.5,9.75],"texture":"#main"}}},{"from":[1,0,10],"to":[4,5,13],"faces":{"east":{"uv":[5,10.5,5.75,11.75],"texture":"#main"},"south":{"uv":[5,10.5,5.75,11.75],"texture":"#main"},"north":{"uv":[5,10.5,5.75,11.75],"texture":"#main"},"west":{"uv":[5,10.5,5.75,11.75],"texture":"#main"},"up":{"uv":[6,9.25,6.5,9.75],"texture":"#main"},"down":{"uv":[6,9.25,6.5,9.75],"texture":"#main"}}},{"from":[9,5,8],"to":[10,10,13],"faces":{"east":{"uv":[7.75,4.75,9,6],"texture":"#main"},"south":{"uv":[7.75,4.75,8,6],"texture":"#main","rotation":180},"north":{"uv":[8.5,4.75,8.75,6],"texture":"#main"},"up":{"uv":[7.75,4.75,9,5],"texture":"#main","rotation":90},"down":{"uv":[8.5,4.75,8.75,6],"texture":"#main"}}},{"from":[1,5,8],"to":[2,10,13],"faces":{"south":{"uv":[8.5,4.75,8.75,6],"texture":"#main"},"north":{"uv":[8.5,4.75,8.75,6],"texture":"#main"},"west":{"uv":[5.5,4.75,6.5,6],"texture":"#main"},"up":{"uv":[7.75,4.75,8.75,5],"texture":"#main","rotation":90},"down":{"uv":[8.5,4.75,8.75,6],"texture":"#main"}}},{"from":[2,5,0],"to":[9,12,14],"faces":{"east":{"uv":[7.5,4.25,11,6],"texture":"#main"},"south":{"uv":[7.5,6.25,9.25,8],"texture":"#main"},"north":{"uv":[7.5,6.25,9.25,8],"texture":"#main"},"west":{"uv":[3.25,4.25,6.75,6],"texture":"#main"},"up":{"uv":[3.25,2.25,6.75,4],"texture":"#main","rotation":90},"down":{"uv":[3.25,6.25,6.75,8],"texture":"#main","rotation":90}}},{"from":[1,0,9],"to":[4,2,10],"faces":{"east":{"uv":[6,9.25,6.5,9.75],"texture":"#main"},"north":{"uv":[6.25,11.25,7,11.75],"texture":"#main"},"west":{"uv":[6,9.25,6.5,9.75],"texture":"#main"},"up":{"uv":[6,9.25,6.5,9.75],"texture":"#main"},"down":{"uv":[6,9.25,6.5,9.75],"texture":"#main"}}},{"from":[7,0,9],"to":[10,2,10],"faces":{"east":{"uv":[6,9.25,6.5,9.75],"texture":"#main"},"north":{"uv":[6.25,11.25,7,11.75],"texture":"#main"},"west":{"uv":[6,9.25,6.5,9.75],"texture":"#main"},"up":{"uv":[6,9.25,6.5,9.75],"texture":"#main"},"down":{"uv":[6,9.25,6.5,9.75],"texture":"#main"}}},{"from":[6,0,-1],"to":[9,2,0],"faces":{"east":{"uv":[6,9.25,6.5,9.75],"texture":"#main"},"north":{"uv":[6.25,11.25,7,11.75],"texture":"#main"},"west":{"uv":[6,9.25,6.5,9.75],"texture":"#main"},"up":{"uv":[6,9.25,6.5,9.75],"texture":"#main"},"down":{"uv":[6,9.25,6.5,9.75],"texture":"#main"}}},{"from":[2,0,-1],"to":[5,2,0],"faces":{"east":{"uv":[6,9.25,6.25,9.75],"texture":"#main"},"north":{"uv":[6.25,11.25,7,11.75],"texture":"#main"},"west":{"uv":[6,9.25,6.25,9.75],"texture":"#main"},"up":{"uv":[6,9.25,6.75,9.5],"texture":"#main"},"down":{"uv":[6,9.25,6.5,9.75],"texture":"#main"}}},{"from":[0,4,-0.09999999],"to":[11,13,-7.450581e-9],"faces":{"south":{"uv":[7.25,0,10,2.25],"texture":"#main"},"north":{"uv":[7.25,0,10,2.25],"texture":"#main"}}},{"from":[3,6,11],"to":[8,18,18],"faces":{"east":{"uv":[1.75,12,3.5,15],"texture":"#main"},"south":{"uv":[0,8.75,1.25,11.75],"texture":"#main"},"north":{"uv":[0,8.75,1.25,11.75],"texture":"#main"},"west":{"uv":[0,12,1.75,15],"texture":"#main"},"up":{"uv":[1.5,10.5,3.25,11.75],"texture":"#main","rotation":90},"down":{"uv":[1.5,9,3.25,10.25],"texture":"#main","rotation":90}}},{"from":[4,8,18],"to":[7,17,22],"faces":{"east":{"uv":[0,9,1,11.5],"texture":"#main"},"south":{"uv":[0,9,0.75,11.5],"texture":"#main"},"west":{"uv":[0,9,1,11.5],"texture":"#main"},"up":{"uv":[1.75,10.75,2.75,11.5],"texture":"#main","rotation":90},"down":{"uv":[1.5,9.25,2.75,10],"texture":"#main","rotation":90}}},{"from":[3,12,0],"to":[8,13,6],"faces":{"east":{"uv":[6,9.25,6.5,9.75],"texture":"#main"},"south":{"uv":[6,9.25,6.5,9.75],"texture":"#main"},"north":{"uv":[6,9.25,6.5,9.75],"texture":"#main"},"west":{"uv":[6,9.25,6.5,9.75],"texture":"#main"}}},{"from":[1.5,13,-2],"to":[9.5,21,6],"faces":{"east":{"uv":[13.25,5.75,15.25,7.75],"texture":"#main"},"south":{"uv":[13.25,8.25,15.25,10.25],"texture":"#main"},"north":{"uv":[10.25,0,12.25,2],"texture":"#main"},"west":{"uv":[11.25,5.75,13.25,7.75],"texture":"#main"},"up":{"uv":[11.25,8.25,13.25,10.25],"texture":"#main","rotation":90},"down":{"uv":[12.75,1.25,13.25,2],"texture":"#main"}}},{"from":[2.5,13,-3],"to":[8.5,17,-2],"faces":{"east":{"uv":[12.75,1.25,13.25,2],"texture":"#main"},"north":{"uv":[10.5,1,12,2],"texture":"#main"},"west":{"uv":[12.75,1.25,13.25,2],"texture":"#main"},"up":{"uv":[10.5,1,12,1.25],"texture":"#main","rotation":180},"down":{"uv":[12.75,1.25,13.25,2],"texture":"#main"}}},{"from":[5.5,17,0],"to":[5.6,24,11],"faces":{"east":{"uv":[0,2,2.75,3.75],"texture":"#main"},"west":{"uv":[0,0,2.75,1.75],"texture":"#main"}}},{"from":[2.5,16,0],"to":[2.6,23,11],"faces":{"east":{"uv":[0,2,2.75,3.75],"texture":"#main"},"west":{"uv":[0,0,2.75,1.75],"texture":"#main"}}},{"from":[8.5,16,0],"to":[8.6,23,11],"faces":{"east":{"uv":[0,2,2.75,3.75],"texture":"#main"},"west":{"uv":[0,0,2.75,1.75],"texture":"#main"}}},{"from":[8,1,3],"to":[8.1,5,7],"faces":{"east":{"uv":[8.75,3.25,9.5,4],"texture":"#main"},"west":{"uv":[7.75,3.25,8.5,4],"texture":"#main"}}},{"from":[3,1,3],"to":[3.1,5,7],"faces":{"east":{"uv":[8.75,3.25,9.5,4],"texture":"#main"},"west":{"uv":[7.75,3.25,8.5,4],"texture":"#main"}}},{"from":[2,0,13],"to":[2.1,5,22],"faces":{"east":{"uv":[0,6,2.25,7.25],"texture":"#main"},"west":{"uv":[0,4.5,2.25,5.75],"texture":"#main"}}},{"from":[9,0,13],"to":[9.1,5,22],"faces":{"east":{"uv":[0,6,2.25,7.25],"texture":"#main"},"west":{"uv":[0,4.5,2.25,5.75],"texture":"#main"}}},{"from":[9,14,-2.1],"to":[13,19,-2],"faces":{"south":{"uv":[11.25,2.25,12.25,3.5],"texture":"#main"},"north":{"uv":[10.25,2.25,11.25,3.5],"texture":"#main"}}},{"from":[-2,14,-2.1],"to":[2,19,-2],"faces":{"south":{"uv":[10.25,2.25,11.25,3.5],"texture":"#main"},"north":{"uv":[11.25,2.25,12.25,3.5],"texture":"#main"}}},{"from":[-2,17,0.9],"to":[2,21,1],"faces":{"south":{"uv":[7.5,12.25,8.5,13.25],"texture":"#main"},"north":{"uv":[8.5,11,9.5,12],"texture":"#main"}}},{"from":[9,17,-0.09999999],"to":[13,21,-7.450581e-9],"faces":{"south":{"uv":[8.5,12.25,9.5,13.25],"texture":"#main"},"north":{"uv":[7.5,11,8.5,12],"texture":"#main"}}},{"rotation":{"origin":[6.001083,22.37799,-0.5506441],"angle":45,"axis":"x"},"from":[1.5011,20.378,-0.6006],"to":[9.5011,24.378,-0.5006],"faces":{"south":{"uv":[12.25,4,14.5,5],"texture":"#main"},"north":{"uv":[12.25,4,14.25,5],"texture":"#main"}}},{"from":[5,16,16],"to":[5.1,20,20],"faces":{"east":{"uv":[8.75,3.25,9.75,4.25],"texture":"#main"},"west":{"uv":[7.75,3.25,8.75,4.25],"texture":"#main"}}},{"from":[5.5,7,20],"to":[5.6,12,29],"faces":{"east":{"uv":[0,6,2.25,7.25],"texture":"#main"},"west":{"uv":[0,4.5,2.25,5.75],"texture":"#main"}}}],"display":{"head":{"translation":[6.3,-23.64,0],"scale":[2.5,2.5,2.5]},"firstperson_righthand":{"scale":[0.0001,0.0001,0.0001]},"thirdperson_lefthand":{"scale":[0.0001,0.0001,0.0001]},"firstperson_lefthand":{"scale":[0.0001,0.0001,0.0001]}}}