{"credit":"Made with Blockbench","texture_size":[64,64],"textures":{"main":"pokemon/arceus"},"elements":[{"from":[5.35,12,-1.2],"to":[11.35,19.2,3.6],"rotation":{"angle":-22.5,"axis":"x","origin":[8.35,15.75,0.2]},"faces":{"north":{"uv":[7.5,7.5,9,9.25],"texture":"#main"},"east":{"uv":[6.5,7.5,7.5,9.25],"texture":"#main"},"south":{"uv":[10,7.5,11.5,9.25],"texture":"#main"},"west":{"uv":[9,7.5,10,9.25],"texture":"#main"},"up":{"uv":[9,7.5,7.5,6.5],"texture":"#main"},"down":{"uv":[10.5,6.5,9,7.5],"texture":"#main"}}},{"from":[6.35,18.4,-1.5],"to":[10.35,26.3,2.1],"rotation":{"angle":0,"axis":"y","origin":[10.35,-3,7.2]},"faces":{"north":{"uv":[0.75,0.75,1.75,2.5],"texture":"#main"},"east":{"uv":[0,0.75,0.75,2.5],"texture":"#main"},"south":{"uv":[2.5,0.75,3.5,2.5],"texture":"#main"},"west":{"uv":[1.75,0.75,2.5,2.5],"texture":"#main"},"up":{"uv":[1.75,0.75,0.75,0],"texture":"#main"},"down":{"uv":[2.75,0,1.75,0.75],"texture":"#main"}}},{"from":[6.55,18.5,-0.9],"to":[10.15,23.4,0.1],"rotation":{"angle":22.5,"axis":"x","origin":[8.35,22.65,-2]},"faces":{"north":{"uv":[12.75,0.25,13.5,1.25],"texture":"#main"},"east":{"uv":[12.5,0.25,12.75,1.25],"texture":"#main"},"south":{"uv":[13.75,0.25,14.5,1.25],"texture":"#main"},"west":{"uv":[13.5,0.25,13.75,1.25],"texture":"#main"},"up":{"uv":[13.5,0.25,12.75,0],"texture":"#main"},"down":{"uv":[14.25,0,13.5,0.25],"texture":"#main"}}},{"from":[2.35,18,0.5],"to":[6.35,26.3,0.5],"rotation":{"angle":0,"axis":"y","origin":[10.35,-3,7.2]},"faces":{"north":{"uv":[0,12.5,1,14.5],"texture":"#main"},"east":{"uv":[0,12.5,0,14.5],"texture":"#main"},"south":{"uv":[1,12.5,2,14.5],"texture":"#main"},"west":{"uv":[1,12.5,1,14.5],"texture":"#main"},"up":{"uv":[1,12.5,0,12.5],"texture":"#main"},"down":{"uv":[2,12.5,1,12.5],"texture":"#main"}}},{"from":[2.45,6.8,1.6],"to":[5.25,14,4.7],"rotation":{"angle":22.5,"axis":"x","origin":[2.35,10.5,3.2]},"faces":{"north":{"uv":[6.25,12,6.75,13.75],"texture":"#main"},"east":{"uv":[5.5,12,6.25,13.75],"texture":"#main"},"south":{"uv":[7.5,12,8,13.75],"texture":"#main"},"west":{"uv":[6.75,12,7.5,13.75],"texture":"#main"},"up":{"uv":[6.75,12,6.25,11.25],"texture":"#main"},"down":{"uv":[7.25,11.25,6.75,12],"texture":"#main"}}},{"from":[2.35,0.57497,0.50622],"to":[5.35,7.57497,3.80622],"rotation":{"angle":0,"axis":"y","origin":[3.85,2.57497,2.10622]},"faces":{"north":{"uv":[3.25,11.25,4,13],"texture":"#main"},"east":{"uv":[2.5,11.25,3.25,13],"texture":"#main"},"south":{"uv":[4.75,11.25,5.5,13],"texture":"#main"},"west":{"uv":[4,11.25,4.75,13],"texture":"#main"},"up":{"uv":[4,11.25,3.25,10.5],"texture":"#main"},"down":{"uv":[4.75,10.5,4,11.25],"texture":"#main"}}},{"from":[2.25,6.57497,-0.14378],"to":[5.45,11.07497,3.15622],"rotation":{"angle":22.5,"axis":"x","origin":[3.85,2.57497,2.10622]},"faces":{"north":{"uv":[12.25,7.25,13,8.25],"texture":"#main"},"east":{"uv":[11.5,7.25,12.25,8.25],"texture":"#main"},"south":{"uv":[13.75,7.25,14.5,8.25],"texture":"#main"},"west":{"uv":[13,7.25,13.75,8.25],"texture":"#main"},"up":{"uv":[13,7.25,12.25,6.5],"texture":"#main"},"down":{"uv":[13.75,6.5,13,7.25],"texture":"#main"}}},{"from":[3.875,-0.42503,-4.49378],"to":[3.875,7.57497,0.50622],"rotation":{"angle":0,"axis":"y","origin":[3.85,2.57497,2.10622]},"faces":{"north":{"uv":[1.25,10.5,1.25,12.5],"texture":"#main"},"east":{"uv":[2.5,10.5,1.25,12.5],"texture":"#main"},"south":{"uv":[2.5,10.5,2.5,12.5],"texture":"#main"},"west":{"uv":[1.25,10.5,2.5,12.5],"texture":"#main"},"up":{"uv":[1.25,10.5,1.25,9.25],"texture":"#main"},"down":{"uv":[1.25,9.25,1.25,10.5],"texture":"#main"}}},{"from":[-0.05,9.9,3.2],"to":[2.95,13.9,3.2],"rotation":{"angle":22.5,"axis":"x","origin":[2.35,10.5,3.2]},"faces":{"north":{"uv":[12.5,1.25,13.25,2.25],"texture":"#main"},"east":{"uv":[12.5,1.25,12.5,2.25],"texture":"#main"},"south":{"uv":[13.25,1.25,14,2.25],"texture":"#main"},"west":{"uv":[13.25,1.25,13.25,2.25],"texture":"#main"},"up":{"uv":[13.25,1.25,12.5,1.25],"texture":"#main"},"down":{"uv":[14,1.25,13.25,1.25],"texture":"#main"}}},{"from":[6.25,26.6,-3.4],"to":[10.45,29.9,1.2],"rotation":{"angle":0,"axis":"y","origin":[8.35,28.05,-1.1]},"faces":{"north":{"uv":[11,10.25,12,11],"texture":"#main"},"east":{"uv":[10,10.25,11,11],"texture":"#main"},"south":{"uv":[13,10.25,14,11],"texture":"#main"},"west":{"uv":[12,10.25,13,11],"texture":"#main"},"up":{"uv":[12,10.25,11,9.25],"texture":"#main"},"down":{"uv":[13,9.25,12,10.25],"texture":"#main"}}},{"from":[6.05,29.15,-4],"to":[10.75,31.25,2.1],"rotation":{"angle":-22.5,"axis":"x","origin":[8.4,29.75,-0.95]},"faces":{"north":{"uv":[6.5,10.75,7.5,11.25],"texture":"#main"},"east":{"uv":[5,10.75,6.5,11.25],"texture":"#main"},"south":{"uv":[9,10.75,10,11.25],"texture":"#main"},"west":{"uv":[7.5,10.75,9,11.25],"texture":"#main"},"up":{"uv":[7.5,10.75,6.5,9.25],"texture":"#main"},"down":{"uv":[8.5,9.25,7.5,10.75],"texture":"#main"}}},{"from":[3.85,9.6,9],"to":[12.95,17.6,10.6],"rotation":{"angle":0,"axis":"y","origin":[10.35,-3,8]},"faces":{"north":{"uv":[7.75,0.25,10,2.25],"texture":"#main"},"east":{"uv":[7.5,0.25,7.75,2.25],"texture":"#main"},"south":{"uv":[10.25,0.25,12.5,2.25],"texture":"#main"},"west":{"uv":[10,0.25,10.25,2.25],"texture":"#main"},"up":{"uv":[10,0.25,7.75,0],"texture":"#main"},"down":{"uv":[12.25,0,10,0.25],"texture":"#main"}}},{"from":[3.825,14.2,5],"to":[4.825,15.5,9.5],"rotation":{"angle":0,"axis":"y","origin":[8.4,15.7,7.35]},"faces":{"north":{"uv":[12,5,12.25,5.25],"texture":"#main"},"east":{"uv":[11,5,12,5.25],"texture":"#main"},"south":{"uv":[13.25,5,13.5,5.25],"texture":"#main"},"west":{"uv":[12.25,5,13.25,5.25],"texture":"#main"},"up":{"uv":[12.25,5,12,4],"texture":"#main"},"down":{"uv":[12.5,4,12.25,5],"texture":"#main"}}},{"from":[7.75,16.6,5],"to":[9.05,17.6,9.2],"rotation":{"angle":0,"axis":"y","origin":[8.5,17.1,7.1]},"faces":{"north":{"uv":[8.5,3.25,8.75,3.5],"texture":"#main"},"east":{"uv":[7.5,3.25,8.5,3.5],"texture":"#main"},"south":{"uv":[9.75,3.25,10,3.5],"texture":"#main"},"west":{"uv":[8.75,3.25,9.75,3.5],"texture":"#main"},"up":{"uv":[8.75,3.25,8.5,2.25],"texture":"#main"},"down":{"uv":[9,2.25,8.75,3.25],"texture":"#main"}}},{"from":[6,27.5,-0.18095],"to":[6,32,3.61905],"rotation":{"angle":22.5,"axis":"x","origin":[6.125,32.33646,1.71905]},"faces":{"north":{"uv":[9.25,9.25,9.25,10.25],"texture":"#main"},"east":{"uv":[8.5,9.25,9.25,10.25],"texture":"#main"},"south":{"uv":[10,9.25,10,10.25],"texture":"#main"},"west":{"uv":[9.25,9.25,10,10.25],"texture":"#main"},"up":{"uv":[9.25,9.25,9.25,8.5],"texture":"#main"},"down":{"uv":[9.25,8.5,9.25,9.25],"texture":"#main"}}},{"from":[6.075,26.1,-1.2],"to":[10.625,29.2,2.6],"rotation":{"angle":0,"axis":"y","origin":[8.25,26.45,-1.3]},"faces":{"north":{"uv":[10,11.75,11,12.5],"texture":"#main"},"east":{"uv":[9.25,11.75,10,12.5],"texture":"#main"},"south":{"uv":[11.75,11.75,12.75,12.5],"texture":"#main"},"west":{"uv":[11,11.75,11.75,12.5],"texture":"#main"},"up":{"uv":[11,11.75,10,11],"texture":"#main"},"down":{"uv":[12,11,11,11.75],"texture":"#main"}}},{"from":[6.05,24.9,-3.6],"to":[10.65,26.6,-0.1],"rotation":{"angle":0,"axis":"y","origin":[8.25,26.45,-1.3]},"faces":{"north":{"uv":[0.75,3.25,1.75,3.5],"texture":"#main"},"east":{"uv":[0,3.25,0.75,3.5],"texture":"#main"},"south":{"uv":[2.5,3.25,3.5,3.5],"texture":"#main"},"west":{"uv":[1.75,3.25,2.5,3.5],"texture":"#main"},"up":{"uv":[1.75,3.25,0.75,2.5],"texture":"#main"},"down":{"uv":[2.75,2.5,1.75,3.25],"texture":"#main"}}},{"from":[6.35,26.5,0.2],"to":[10.375,30.7,3.9],"rotation":{"angle":22.5,"axis":"x","origin":[8.3625,30.6,2.05]},"faces":{"north":{"uv":[11.75,3,12.75,4],"texture":"#main"},"east":{"uv":[11,3,11.75,4],"texture":"#main"},"south":{"uv":[13.5,3,14.5,4],"texture":"#main"},"west":{"uv":[12.75,3,13.5,4],"texture":"#main"},"up":{"uv":[12.75,3,11.75,2.25],"texture":"#main"},"down":{"uv":[13.75,2.25,12.75,3],"texture":"#main"}}},{"from":[8.35,25.2,0.1],"to":[8.35,31,17.7],"rotation":{"angle":0,"axis":"y","origin":[8.35,28.4,8.9]},"faces":{"north":{"uv":[4.25,14.75,4.25,16],"texture":"#main"},"east":{"uv":[8.5,14.75,4.25,16],"texture":"#main"},"south":{"uv":[8.5,14.75,8.5,16],"texture":"#main"},"west":{"uv":[4.25,14.75,8.5,16],"texture":"#main"},"up":{"uv":[4.25,14.75,4.25,10.5],"texture":"#main"},"down":{"uv":[4.25,10.5,4.25,14.75],"texture":"#main"}}},{"from":[-5.15,3.6,10],"to":[7.95,24.6,10],"rotation":{"angle":0,"axis":"y","origin":[10.35,-3,8]},"faces":{"north":{"uv":[0,5.25,3.25,10.5],"texture":"#main"},"east":{"uv":[0,5.25,0,10.5],"texture":"#main"},"south":{"uv":[3.25,5.25,0,10.5],"texture":"#main"},"west":{"uv":[3.25,5.25,3.25,10.5],"texture":"#main"},"up":{"uv":[3.25,5.25,0,5.25],"texture":"#main"},"down":{"uv":[6.5,5.25,3.25,5.25],"texture":"#main"}}},{"from":[8.35,3.6,10],"to":[21.45,24.6,10],"shade":false,"rotation":{"angle":0,"axis":"y","origin":[10.35,-3,8]},"faces":{"north":{"uv":[3.25,5.25,0,10.5],"texture":"#main"},"east":{"uv":[3.25,5.25,3.25,10.5],"texture":"#main"},"south":{"uv":[0,5.25,3.25,10.5],"texture":"#main"},"west":{"uv":[0,5.25,0,10.5],"texture":"#main"},"up":{"uv":[0,5.25,3.25,5.25],"texture":"#main"},"down":{"uv":[3.25,5.25,6.5,5.25],"texture":"#main"}}},{"from":[2.45,6.8,11.6],"to":[5.25,14,14.7],"rotation":{"angle":0,"axis":"y","origin":[2.35,10.5,13.2]},"faces":{"north":{"uv":[6.25,12,6.75,13.75],"texture":"#main"},"east":{"uv":[5.5,12,6.25,13.75],"texture":"#main"},"south":{"uv":[7.5,12,8,13.75],"texture":"#main"},"west":{"uv":[6.75,12,7.5,13.75],"texture":"#main"},"up":{"uv":[6.75,12,6.25,11.25],"texture":"#main"},"down":{"uv":[7.25,11.25,6.75,12],"texture":"#main"}}},{"from":[2.35,0.09997,11.65622],"to":[5.35,7.09997,14.95622],"rotation":{"angle":-45,"axis":"x","origin":[3.85,6.77497,12.10622]},"faces":{"north":{"uv":[3.25,11.25,4,13],"texture":"#main"},"east":{"uv":[2.5,11.25,3.25,13],"texture":"#main"},"south":{"uv":[4.75,11.25,5.5,13],"texture":"#main"},"west":{"uv":[4,11.25,4.75,13],"texture":"#main"},"up":{"uv":[4,11.25,3.25,10.5],"texture":"#main"},"down":{"uv":[4.75,10.5,4,11.25],"texture":"#main"}}},{"from":[2.25,6.77497,9.85622],"to":[5.45,11.27497,13.15622],"rotation":{"angle":22.5,"axis":"x","origin":[3.85,2.57497,12.10622]},"faces":{"north":{"uv":[12.25,7.25,13,8.25],"texture":"#main"},"east":{"uv":[11.5,7.25,12.25,8.25],"texture":"#main"},"south":{"uv":[13.75,7.25,14.5,8.25],"texture":"#main"},"west":{"uv":[13,7.25,13.75,8.25],"texture":"#main"},"up":{"uv":[13,7.25,12.25,6.5],"texture":"#main"},"down":{"uv":[13.75,6.5,13,7.25],"texture":"#main"}}},{"from":[3.875,-0.90003,6.65622],"to":[3.875,7.09997,11.65622],"rotation":{"angle":-45,"axis":"x","origin":[3.85,6.77497,12.10622]},"faces":{"north":{"uv":[1.25,10.5,1.25,12.5],"texture":"#main"},"east":{"uv":[2.5,10.5,1.25,12.5],"texture":"#main"},"south":{"uv":[2.5,10.5,2.5,12.5],"texture":"#main"},"west":{"uv":[1.25,10.5,2.5,12.5],"texture":"#main"},"up":{"uv":[1.25,10.5,1.25,9.25],"texture":"#main"},"down":{"uv":[1.25,9.25,1.25,10.5],"texture":"#main"}}},{"from":[-0.05,9.9,13.2],"to":[2.95,13.9,13.2],"rotation":{"angle":0,"axis":"y","origin":[2.35,10.5,13.2]},"faces":{"north":{"uv":[12.5,1.25,13.25,2.25],"texture":"#main"},"east":{"uv":[12.5,1.25,12.5,2.25],"texture":"#main"},"south":{"uv":[13.25,1.25,14,2.25],"texture":"#main"},"west":{"uv":[13.25,1.25,13.25,2.25],"texture":"#main"},"up":{"uv":[13.25,1.25,12.5,1.25],"texture":"#main"},"down":{"uv":[14,1.25,13.25,1.25],"texture":"#main"}}},{"from":[4.75,9.5,13.6],"to":[11.85,14.7,17.9],"rotation":{"angle":45,"axis":"x","origin":[8.35,13.5,17.2]},"faces":{"north":{"uv":[9.5,14.75,11.25,16],"texture":"#main"},"east":{"uv":[8.5,14.75,9.5,16],"texture":"#main"},"south":{"uv":[12.25,14.75,14,16],"texture":"#main"},"west":{"uv":[11.25,14.75,12.25,16],"texture":"#main"},"up":{"uv":[11.25,14.75,9.5,13.75],"texture":"#main"},"down":{"uv":[13,13.75,11.25,14.75],"texture":"#main"}}},{"from":[6.25,11.1,15.6],"to":[10.45,15.7,20.9],"rotation":{"angle":22.5,"axis":"x","origin":[8.35,13.5,17.2]},"faces":{"north":{"uv":[12.75,12.75,13.75,13.75],"texture":"#main"},"east":{"uv":[11.5,12.75,12.75,13.75],"texture":"#main"},"south":{"uv":[15,12.75,16,13.75],"texture":"#main"},"west":{"uv":[13.75,12.75,15,13.75],"texture":"#main"},"up":{"uv":[13.75,12.75,12.75,11.5],"texture":"#main"},"down":{"uv":[14.75,11.5,13.75,12.75],"texture":"#main"}}},{"from":[7.05,11.74177,19.41219],"to":[9.45,14.94177,25.01219],"rotation":{"angle":-22.5,"axis":"x","origin":[8.35,11.86677,23.33719]},"faces":{"north":{"uv":[13.75,5.75,14.25,6.5],"texture":"#main"},"east":{"uv":[12.5,5.75,13.75,6.5],"texture":"#main"},"south":{"uv":[15.5,5.75,16,6.5],"texture":"#main"},"west":{"uv":[14.25,5.75,15.5,6.5],"texture":"#main"},"up":{"uv":[14.25,5.75,13.75,4.5],"texture":"#main"},"down":{"uv":[14.75,4.5,14.25,5.75],"texture":"#main"}}},{"from":[7.35,12.74177,22.98719],"to":[9.05,14.84177,28.58719],"rotation":{"angle":0,"axis":"y","origin":[8.35,11.86677,23.33719]},"faces":{"north":{"uv":[14.25,9.75,14.5,10.25],"texture":"#main"},"east":{"uv":[13,9.75,14.25,10.25],"texture":"#main"},"south":{"uv":[15.75,9.75,16,10.25],"texture":"#main"},"west":{"uv":[14.5,9.75,15.75,10.25],"texture":"#main"},"up":{"uv":[14.5,9.75,14.25,8.5],"texture":"#main"},"down":{"uv":[14.75,8.5,14.5,9.75],"texture":"#main"}}},{"from":[6.65,25.05,-4.175],"to":[10.05,26.45,-2.875],"rotation":{"angle":22.5,"axis":"x","origin":[8.35,25.75,-3.525]},"faces":{"north":{"uv":[1.25,3.25,2,3.5],"texture":"#main"},"east":{"uv":[1,3.25,1.25,3.5],"texture":"#main"},"south":{"uv":[2.25,3.25,3,3.5],"texture":"#main"},"west":{"uv":[2,3.25,2.25,3.5],"texture":"#main"},"up":{"uv":[2,3.25,1.25,3],"texture":"#main"},"down":{"uv":[2.75,3,2,3.25],"texture":"#main"}}},{"from":[10.7,27.5,-0.18095],"to":[10.7,32,3.61905],"shade":false,"rotation":{"angle":22.5,"axis":"x","origin":[14.575,32.33646,1.71905]},"faces":{"north":{"uv":[9.25,9.25,9.25,10.25],"texture":"#main"},"east":{"uv":[10,9.25,9.25,10.25],"texture":"#main"},"south":{"uv":[10,9.25,10,10.25],"texture":"#main"},"west":{"uv":[9.25,9.25,8.5,10.25],"texture":"#main"},"up":{"uv":[9.25,9.25,9.25,8.5],"texture":"#main"},"down":{"uv":[9.25,8.5,9.25,9.25],"texture":"#main"}}},{"from":[10.35,18,0.5],"to":[14.35,26.3,0.5],"shade":false,"rotation":{"angle":0,"axis":"y","origin":[10.35,-3,7.2]},"faces":{"north":{"uv":[1,12.5,0,14.5],"texture":"#main"},"east":{"uv":[1,12.5,1,14.5],"texture":"#main"},"south":{"uv":[2,12.5,1,14.5],"texture":"#main"},"west":{"uv":[0,12.5,0,14.5],"texture":"#main"},"up":{"uv":[0,12.5,1,12.5],"texture":"#main"},"down":{"uv":[1,12.5,2,12.5],"texture":"#main"}}},{"from":[12.05,14.2,5],"to":[13.05,15.5,9.5],"shade":false,"rotation":{"angle":0,"axis":"y","origin":[12.3,15.7,7.35]},"faces":{"north":{"uv":[12.25,5,12,5.25],"texture":"#main"},"east":{"uv":[13.25,5,12.25,5.25],"texture":"#main"},"south":{"uv":[13.5,5,13.25,5.25],"texture":"#main"},"west":{"uv":[12,5,11,5.25],"texture":"#main"},"up":{"uv":[12,5,12.25,4],"texture":"#main"},"down":{"uv":[12.25,4,12.5,5],"texture":"#main"}}},{"from":[11.475,6.8,1.6],"to":[14.275,14,4.7],"shade":false,"rotation":{"angle":22.5,"axis":"x","origin":[14.375,10.5,3.2]},"faces":{"north":{"uv":[6.75,12,6.25,13.75],"texture":"#main"},"east":{"uv":[7.5,12,6.75,13.75],"texture":"#main"},"south":{"uv":[8,12,7.5,13.75],"texture":"#main"},"west":{"uv":[6.25,12,5.5,13.75],"texture":"#main"},"up":{"uv":[6.25,12,6.75,11.25],"texture":"#main"},"down":{"uv":[6.75,11.25,7.25,12],"texture":"#main"}}},{"from":[12.85,-0.90003,6.65622],"to":[12.85,7.09997,11.65622],"shade":false,"rotation":{"angle":-45,"axis":"x","origin":[12.875,6.77497,12.10622]},"faces":{"north":{"uv":[1.25,10.5,1.25,12.5],"texture":"#main"},"east":{"uv":[2.5,10.5,1.25,12.5],"texture":"#main"},"south":{"uv":[2.5,10.5,2.5,12.5],"texture":"#main"},"west":{"uv":[1.25,10.5,2.5,12.5],"texture":"#main"},"up":{"uv":[1.25,10.5,1.25,9.25],"texture":"#main"},"down":{"uv":[1.25,9.25,1.25,10.5],"texture":"#main"}}},{"from":[13.775,9.9,13.2],"to":[16.775,13.9,13.2],"shade":false,"rotation":{"angle":0,"axis":"y","origin":[14.375,10.5,13.2]},"faces":{"north":{"uv":[13.25,1.25,12.5,2.25],"texture":"#main"},"east":{"uv":[13.25,1.25,13.25,2.25],"texture":"#main"},"south":{"uv":[14,1.25,13.25,2.25],"texture":"#main"},"west":{"uv":[12.5,1.25,12.5,2.25],"texture":"#main"},"up":{"uv":[12.5,1.25,13.25,1.25],"texture":"#main"},"down":{"uv":[13.25,1.25,14,1.25],"texture":"#main"}}},{"from":[11.275,6.77497,9.85622],"to":[14.475,11.27497,13.15622],"shade":false,"rotation":{"angle":22.5,"axis":"x","origin":[12.875,2.57497,12.10622]},"faces":{"north":{"uv":[13,7.25,12.25,8.25],"texture":"#main"},"east":{"uv":[13.75,7.25,13,8.25],"texture":"#main"},"south":{"uv":[14.5,7.25,13.75,8.25],"texture":"#main"},"west":{"uv":[12.25,7.25,11.5,8.25],"texture":"#main"},"up":{"uv":[12.25,7.25,13,6.5],"texture":"#main"},"down":{"uv":[13,6.5,13.75,7.25],"texture":"#main"}}},{"from":[11.375,0.09997,11.65622],"to":[14.375,7.09997,14.95622],"shade":false,"rotation":{"angle":-45,"axis":"x","origin":[12.875,6.77497,12.10622]},"faces":{"north":{"uv":[4,11.25,3.25,13],"texture":"#main"},"east":{"uv":[4.75,11.25,4,13],"texture":"#main"},"south":{"uv":[5.5,11.25,4.75,13],"texture":"#main"},"west":{"uv":[3.25,11.25,2.5,13],"texture":"#main"},"up":{"uv":[3.25,11.25,4,10.5],"texture":"#main"},"down":{"uv":[4,10.5,4.75,11.25],"texture":"#main"}}},{"from":[11.475,6.8,11.6],"to":[14.275,14,14.7],"shade":false,"rotation":{"angle":0,"axis":"y","origin":[14.375,10.5,13.2]},"faces":{"north":{"uv":[6.75,12,6.25,13.75],"texture":"#main"},"east":{"uv":[7.5,12,6.75,13.75],"texture":"#main"},"south":{"uv":[8,12,7.5,13.75],"texture":"#main"},"west":{"uv":[6.25,12,5.5,13.75],"texture":"#main"},"up":{"uv":[6.25,12,6.75,11.25],"texture":"#main"},"down":{"uv":[6.75,11.25,7.25,12],"texture":"#main"}}},{"from":[12.85,-0.42503,-4.49378],"to":[12.85,7.57497,0.50622],"shade":false,"rotation":{"angle":0,"axis":"y","origin":[12.875,2.57497,2.10622]},"faces":{"north":{"uv":[1.25,10.5,1.25,12.5],"texture":"#main"},"east":{"uv":[2.5,10.5,1.25,12.5],"texture":"#main"},"south":{"uv":[2.5,10.5,2.5,12.5],"texture":"#main"},"west":{"uv":[1.25,10.5,2.5,12.5],"texture":"#main"},"up":{"uv":[1.25,10.5,1.25,9.25],"texture":"#main"},"down":{"uv":[1.25,9.25,1.25,10.5],"texture":"#main"}}},{"from":[11.375,0.57497,0.50622],"to":[14.375,7.57497,3.80622],"shade":false,"rotation":{"angle":0,"axis":"y","origin":[12.875,2.57497,2.10622]},"faces":{"north":{"uv":[4,11.25,3.25,13],"texture":"#main"},"east":{"uv":[4.75,11.25,4,13],"texture":"#main"},"south":{"uv":[5.5,11.25,4.75,13],"texture":"#main"},"west":{"uv":[3.25,11.25,2.5,13],"texture":"#main"},"up":{"uv":[3.25,11.25,4,10.5],"texture":"#main"},"down":{"uv":[4,10.5,4.75,11.25],"texture":"#main"}}},{"from":[11.275,6.57497,-0.14378],"to":[14.475,11.07497,3.15622],"shade":false,"rotation":{"angle":22.5,"axis":"x","origin":[12.875,2.57497,2.10622]},"faces":{"north":{"uv":[13,7.25,12.25,8.25],"texture":"#main"},"east":{"uv":[13.75,7.25,13,8.25],"texture":"#main"},"south":{"uv":[14.5,7.25,13.75,8.25],"texture":"#main"},"west":{"uv":[12.25,7.25,11.5,8.25],"texture":"#main"},"up":{"uv":[12.25,7.25,13,6.5],"texture":"#main"},"down":{"uv":[13,6.5,13.75,7.25],"texture":"#main"}}},{"from":[13.775,9.9,3.2],"to":[16.775,13.9,3.2],"shade":false,"rotation":{"angle":22.5,"axis":"x","origin":[14.375,10.5,3.2]},"faces":{"north":{"uv":[13.25,1.25,12.5,2.25],"texture":"#main"},"east":{"uv":[13.25,1.25,13.25,2.25],"texture":"#main"},"south":{"uv":[14,1.25,13.25,2.25],"texture":"#main"},"west":{"uv":[12.5,1.25,12.5,2.25],"texture":"#main"},"up":{"uv":[12.5,1.25,13.25,1.25],"texture":"#main"},"down":{"uv":[13.25,1.25,14,1.25],"texture":"#main"}}},{"from":[4.35,10,1.2],"to":[12.35,17,15.2],"rotation":{"angle":0,"axis":"y","origin":[10.35,-3,7.2]},"faces":{"north":{"uv":[3.5,3.5,5.5,5.25],"texture":"#main"},"east":{"uv":[0,3.5,3.5,5.25],"texture":"#main"},"south":{"uv":[9,3.5,11,5.25],"texture":"#main"},"west":{"uv":[5.5,3.5,9,5.25],"texture":"#main"},"up":{"uv":[5.5,3.5,3.5,0],"texture":"#main"},"down":{"uv":[7.5,0,5.5,3.5],"texture":"#main"}}}],"display":{"head":{"translation":[-0.75,-27.75,-2],"scale":[2.1,2.1,2.1]}},"groups":[{"name":"arceus","origin":[0,-3,-1.175],"color":0,"children":[0,1,2,3,4,5,6,7,8,9,10,11,12,13,14,15,16,17,18,19,20,21,22,23,24,25,26,27,28,29,30,31,32,33,34,35,36,37,38,39,40,41,42,43,44]}]}