{"parent":"physical_parent","textures":{"main":"pokemon/azumarill"},"ambientocclusion":false,"texture_size":[128,128],"elements":[{"rotation":{"origin":[8,9,8],"angle":0,"axis":"y"},"from":[3,2,3],"to":[13,16,13],"faces":{"east":{"uv":[6,1.25,7.25,3],"texture":"#main"},"south":{"uv":[9.75,1.25,11,3],"texture":"#main"},"north":{"uv":[7.25,1.25,8.5,3],"texture":"#main"},"west":{"uv":[6.125,5.875,8.625,9.375],"texture":"#main"},"up":{"uv":[8.5,1.25,7.25,0],"texture":"#main"},"down":{"uv":[9.75,0,8.5,1.25],"texture":"#main"}}},{"rotation":{"origin":[8,9,8],"angle":0,"axis":"y"},"from":[2,3,2],"to":[14,11,14],"faces":{"east":{"uv":[0,1.5,1.5,2.5],"texture":"#main"},"south":{"uv":[4.5,1.5,6,2.5],"texture":"#main"},"north":{"uv":[1.5,1.5,3,2.5],"texture":"#main"},"west":{"uv":[3,1.5,4.5,2.5],"texture":"#main"},"up":{"uv":[3,1.5,1.5,0],"texture":"#main"},"down":{"uv":[4.5,0,3,1.5],"texture":"#main"}}},{"rotation":{"origin":[7.98953,7.51135,1.49915],"angle":-22.5,"axis":"x"},"from":[7,7,-2],"to":[10,9,5],"faces":{"east":{"uv":[2.5,5.875,3.375,6.125],"texture":"#main"},"south":{"uv":[4.625,5.875,5,6.125],"texture":"#main"},"north":{"uv":[3.375,5.875,3.75,6.125],"texture":"#main"},"west":{"uv":[3.75,5.875,4.625,6.125],"texture":"#main"},"up":{"uv":[3.75,5.875,3.375,5],"texture":"#main"},"down":{"uv":[4.125,5,3.75,5.875],"texture":"#main"}}},{"rotation":{"origin":[7.98953,7.51135,14.50085],"angle":22.5,"axis":"x"},"from":[7,7,11],"to":[10,9,18],"faces":{"east":{"uv":[0,5.875,0.875,6.125],"texture":"#main"},"south":{"uv":[2.125,5.875,2.5,6.125],"texture":"#main"},"north":{"uv":[0.875,5.875,1.25,6.125],"texture":"#main"},"west":{"uv":[1.25,5.875,2.125,6.125],"texture":"#main"},"up":{"uv":[1.25,5.875,0.875,5],"texture":"#main"},"down":{"uv":[1.625,5,1.25,5.875],"texture":"#main"}}},{"rotation":{"origin":[8,9,8],"angle":0,"axis":"y"},"from":[4,9,4],"to":[12,17,12],"faces":{"east":{"uv":[0,4,1,5],"texture":"#main"},"south":{"uv":[3,4,4,5],"texture":"#main"},"north":{"uv":[1,4,2,5],"texture":"#main"},"west":{"uv":[2,4,3,5],"texture":"#main"},"up":{"uv":[2,4,1,3],"texture":"#main"},"down":{"uv":[3,3,2,4],"texture":"#main"}}},{"rotation":{"origin":[6.15704,1.0025,4.71672],"angle":-45,"axis":"y"},"from":[3.15447,0,2.22753],"to":[9.15447,2,5.22753],"faces":{"east":{"uv":[0,6.5,0.375,6.75],"texture":"#main"},"south":{"uv":[1.5,6.5,2.25,6.75],"texture":"#main"},"north":{"uv":[0.375,6.5,1.125,6.75],"texture":"#main"},"west":{"uv":[1.125,6.5,1.5,6.75],"texture":"#main"},"up":{"uv":[1.125,6.5,0.375,6.125],"texture":"#main"},"down":{"uv":[1.875,6.125,1.125,6.5],"texture":"#main"}}},{"rotation":{"origin":[6.15704,1.0025,11.28328],"angle":45,"axis":"y"},"from":[3.15447,0,10.77247],"to":[9.15447,2,13.77247],"faces":{"east":{"uv":[7.5,5.375,7.875,5.625],"texture":"#main"},"south":{"uv":[9,5.375,9.75,5.625],"texture":"#main"},"north":{"uv":[7.875,5.375,8.625,5.625],"texture":"#main"},"west":{"uv":[8.625,5.375,9,5.625],"texture":"#main"},"up":{"uv":[8.625,5.375,7.875,5],"texture":"#main"},"down":{"uv":[9.375,5,8.625,5.375],"texture":"#main"}}},{"from":[12,0,8],"to":[23,8,8],"faces":{"east":{"uv":[9.75,3.125,9.75,4.125],"texture":"#main"},"south":{"uv":[11.125,3.125,12.5,4.125],"texture":"#main"},"north":{"uv":[9.75,3.125,11.125,4.125],"texture":"#main"},"west":{"uv":[11.125,3.125,11.125,4.125],"texture":"#main"},"up":{"uv":[11.125,3.125,9.75,3.125],"texture":"#main"},"down":{"uv":[12.5,3.125,11.125,3.125],"texture":"#main"}}},{"rotation":{"origin":[21.98949,14.02446,7.9861],"angle":0,"axis":"x"},"from":[20,2.5,5.5],"to":[25,7.5,10.5],"faces":{"east":{"uv":[4,3.625,4.625,4.25],"texture":"#main"},"south":{"uv":[5.875,3.625,6.5,4.25],"texture":"#main"},"north":{"uv":[4.625,3.625,5.25,4.25],"texture":"#main"},"west":{"uv":[5.25,3.625,5.875,4.25],"texture":"#main"},"up":{"uv":[5.25,3.625,4.625,3],"texture":"#main"},"down":{"uv":[5.875,3,5.25,3.625],"texture":"#main"}}},{"rotation":{"origin":[7.4733,19.42374,4.13801],"angle":0,"axis":"x"},"from":[7,15.4263,3.11651],"to":[8,21.4263,7.11651],"faces":{"east":{"uv":[4.75,6.625,5.25,7.375],"texture":"#main"},"south":{"uv":[5.875,6.625,6,7.375],"texture":"#main"},"north":{"uv":[5.25,6.625,5.375,7.375],"texture":"#main"},"west":{"uv":[5.375,6.625,5.875,7.375],"texture":"#main"},"up":{"uv":[5.375,6.625,5.25,6.125],"texture":"#main"},"down":{"uv":[5.5,6.125,5.375,6.625],"texture":"#main"}}},{"rotation":{"origin":[7.4733,19.42374,4.13801],"angle":0,"axis":"z"},"from":[1.47074,20.95044,3.11651],"to":[7.47074,21.95044,7.11651],"faces":{"east":{"uv":[5,5.5,5.5,5.625],"texture":"#main"},"south":{"uv":[6.75,5.5,7.5,5.625],"texture":"#main"},"north":{"uv":[5.5,5.5,6.25,5.625],"texture":"#main"},"west":{"uv":[6.25,5.5,6.75,5.625],"texture":"#main"},"up":{"uv":[6.25,5.5,5.5,5],"texture":"#main"},"down":{"uv":[7,5,6.25,5.5],"texture":"#main"}}},{"rotation":{"origin":[7.47469,20.00345,10.47814],"angle":0,"axis":"x"},"from":[7,16,9],"to":[8,22,13],"faces":{"east":{"uv":[3.5,6.625,4,7.375],"texture":"#main"},"south":{"uv":[4.625,6.625,4.75,7.375],"texture":"#main"},"north":{"uv":[4,6.625,4.125,7.375],"texture":"#main"},"west":{"uv":[4.125,6.625,4.625,7.375],"texture":"#main"},"up":{"uv":[4.125,6.625,4,6.125],"texture":"#main"},"down":{"uv":[4.25,6.125,4.125,6.625],"texture":"#main"}}},{"rotation":{"origin":[7.48604,18.99386,11.02009],"angle":22.5,"axis":"z"},"from":[8,21.5,9],"to":[9,27.5,13],"faces":{"east":{"uv":[2.25,6.625,2.75,7.375],"texture":"#main"},"south":{"uv":[3.375,6.625,3.5,7.375],"texture":"#main"},"north":{"uv":[2.75,6.625,2.875,7.375],"texture":"#main"},"west":{"uv":[2.875,6.625,3.375,7.375],"texture":"#main"},"up":{"uv":[2.875,6.625,2.75,6.125],"texture":"#main"},"down":{"uv":[3,6.125,2.875,6.625],"texture":"#main"}}}],"display":{"head":{"rotation":[0,-90,0],"translation":[0,-29.5,0],"scale":[1.7,1.7,1.7]}},"credit":"Made with Blockbench"}