{"parent":"physical_parent","textures":{"main":"pokemon/azurill"},"texture_size":[32,32],"elements":[{"rotation":{"origin":[14,8.1,12.5],"angle":0,"axis":"y"},"from":[6,0.1,4.5],"to":[10,4.1,8.5],"faces":{"east":{"uv":[0,4.5,2.5,7],"texture":"#main"},"south":{"uv":[6,0,8.5,2.5],"texture":"#main"},"north":{"uv":[3.5,0,6,2.5],"texture":"#main"},"west":{"uv":[0,7,2.5,9.5],"texture":"#main"},"up":{"uv":[9.5,9.5,7,7],"texture":"#main"},"down":{"uv":[9.5,2.5,7,5],"texture":"#main"}}},{"rotation":{"origin":[14,12.6,12.5],"angle":0,"axis":"y"},"from":[6,4.6,4.5],"to":[10,8.6,8.5],"faces":{"east":{"uv":[2.5,8,4.5,10],"texture":"#main"},"south":{"uv":[4.5,8,6.5,10],"texture":"#main"},"north":{"uv":[7,5,9,7],"texture":"#main"},"west":{"uv":[8.5,0,10.5,2],"texture":"#main"},"up":{"uv":[11,7,9,5],"texture":"#main"},"down":{"uv":[2,9.5,0,11.5],"texture":"#main"}}},{"rotation":{"origin":[14.25,14.1,14],"angle":0,"axis":"y"},"from":[5.25,8.1,6],"to":[7.25,10.1,7],"faces":{"east":{"uv":[5.5,2.5,6,3.5],"texture":"#main"},"south":{"uv":[2.5,4.5,3.5,5.5],"texture":"#main"},"north":{"uv":[3.5,2.5,4.5,3.5],"texture":"#main"},"west":{"uv":[6,2.5,6.5,3.5],"texture":"#main"},"up":{"uv":[3.5,7,2.5,6.5],"texture":"#main"},"down":{"uv":[3.5,7,2.5,7.5],"texture":"#main"}}},{"rotation":{"origin":[1.75,14.1,14],"angle":0,"axis":"y"},"from":[8.75,8.1,6],"to":[10.75,10.1,7],"faces":{"east":{"uv":[6.5,2.5,7,3.5],"texture":"#main"},"south":{"uv":[2.5,5.5,3.5,6.5],"texture":"#main"},"north":{"uv":[4.5,2.5,5.5,3.5],"texture":"#main"},"west":{"uv":[6.5,8,7,9],"texture":"#main"},"up":{"uv":[3.5,8,2.5,7.5],"texture":"#main"},"down":{"uv":[9.5,2,8.5,2.5],"texture":"#main"}}},{"rotation":{"origin":[16,7.2,18.5],"angle":0,"axis":"y"},"from":[8,-0.8,8.5],"to":[8,8.2,15.5],"faces":{"east":{"uv":[0,0,3.5,4.5],"texture":"#main"},"south":{"uv":[0,0,0,4.5],"texture":"#main"},"north":{"uv":[0,0,0,4.5],"texture":"#main"},"west":{"uv":[3.5,3.5,7,8],"texture":"#main"},"up":{"uv":[0,3.5,0,0],"texture":"#main"},"down":{"uv":[0,0,0,3.5],"texture":"#main"}}},{"rotation":{"origin":[13.75,12.1,11.75],"angle":0,"axis":"y"},"from":[5.75,4.1,3.75],"to":[6.75,5.1,4.75],"faces":{"east":{"uv":[2,9.5,2.5,10],"texture":"#main"},"south":{"uv":[6.5,9.5,7,10],"texture":"#main"},"north":{"uv":[6.5,9,7,9.5],"texture":"#main"},"west":{"uv":[7,9.5,7.5,10],"texture":"#main"},"up":{"uv":[8,10,7.5,9.5],"texture":"#main"},"down":{"uv":[8.5,9.5,8,10],"texture":"#main"}}},{"rotation":{"origin":[2.25,12.1,11.75],"angle":0,"axis":"y"},"from":[9.25,4.1,3.75],"to":[10.25,5.1,4.75],"faces":{"east":{"uv":[9,9.5,9.5,10],"texture":"#main"},"south":{"uv":[9.5,9.5,10,10],"texture":"#main"},"north":{"uv":[8.5,9.5,9,10],"texture":"#main"},"west":{"uv":[9.5,2,10,2.5],"texture":"#main"},"up":{"uv":[10,3,9.5,2.5],"texture":"#main"},"down":{"uv":[10,3,9.5,3.5],"texture":"#main"}}}],"display":{"head":{"translation":[0,-30,1.5],"scale":[1.55,1.55,1.55]}}}