{"parent":"physical_parent","textures":{"main":"pokemon/beautifly"},"texture_size":[64,64],"elements":[{"rotation":{"origin":[19,22,7],"angle":0,"axis":"y"},"from":[5.5,14,-0.5],"to":[10.5,19,4.5],"faces":{"east":{"uv":[6.5,1.25,7.75,2.5],"texture":"#main"},"south":{"uv":[10.25,1.25,11.5,2.5],"texture":"#main"},"north":{"uv":[7.75,1.25,9,2.5],"texture":"#main"},"west":{"uv":[9,1.25,10.25,2.5],"texture":"#main"},"up":{"uv":[9,1.25,7.75,0],"texture":"#main"},"down":{"uv":[10.25,0,9,1.25],"texture":"#main"}}},{"rotation":{"origin":[12,8,7],"angle":0,"axis":"y"},"from":[6,9,0],"to":[10,14,4],"faces":{"east":{"uv":[6.5,3.5,7.5,4.75],"texture":"#main"},"south":{"uv":[9.5,3.5,10.5,4.75],"texture":"#main"},"north":{"uv":[7.5,3.5,8.5,4.75],"texture":"#main"},"west":{"uv":[8.5,3.5,9.5,4.75],"texture":"#main"},"up":{"uv":[8.5,3.5,7.5,2.5],"texture":"#main"},"down":{"uv":[9.5,2.5,8.5,3.5],"texture":"#main"}}},{"rotation":{"origin":[14,21,8],"angle":0,"axis":"y"},"from":[5.2,12.2,-0.8],"to":[6.8,13.8,0.8],"faces":{"east":{"uv":[9,9.75,9.5,10.25],"texture":"#main"},"south":{"uv":[10.5,9.75,11,10.25],"texture":"#main"},"north":{"uv":[9.5,9.75,10,10.25],"texture":"#main"},"west":{"uv":[10,9.75,10.5,10.25],"texture":"#main"},"up":{"uv":[10,9.75,9.5,9.25],"texture":"#main"},"down":{"uv":[10.5,9.25,10,9.75],"texture":"#main"}}},{"rotation":{"origin":[14,17,8],"angle":0,"axis":"y"},"from":[5.2,8.2,-0.8],"to":[6.8,9.8,0.8],"faces":{"east":{"uv":[7.5,9.25,8,9.75],"texture":"#main"},"south":{"uv":[9,9.25,9.5,9.75],"texture":"#main"},"north":{"uv":[8,9.25,8.5,9.75],"texture":"#main"},"west":{"uv":[8.5,9.25,9,9.75],"texture":"#main"},"up":{"uv":[8.5,9.25,8,8.75],"texture":"#main"},"down":{"uv":[9,8.75,8.5,9.25],"texture":"#main"}}},{"rotation":{"origin":[18,21,8],"angle":0,"axis":"y"},"from":[9.2,12.2,-0.8],"to":[10.8,13.8,0.8],"faces":{"east":{"uv":[8,5.75,8.5,6.25],"texture":"#main"},"south":{"uv":[9.5,5.75,10,6.25],"texture":"#main"},"north":{"uv":[8.5,5.75,9,6.25],"texture":"#main"},"west":{"uv":[9,5.75,9.5,6.25],"texture":"#main"},"up":{"uv":[9,5.75,8.5,5.25],"texture":"#main"},"down":{"uv":[9.5,5.25,9,5.75],"texture":"#main"}}},{"rotation":{"origin":[18,17,8],"angle":0,"axis":"y"},"from":[9.2,8.2,-0.8],"to":[10.8,9.8,0.8],"faces":{"east":{"uv":[6.5,5.25,7,5.75],"texture":"#main"},"south":{"uv":[8,5.25,8.5,5.75],"texture":"#main"},"north":{"uv":[7,5.25,7.5,5.75],"texture":"#main"},"west":{"uv":[7.5,5.25,8,5.75],"texture":"#main"},"up":{"uv":[7.5,5.25,7,4.75],"texture":"#main"},"down":{"uv":[8,4.75,7.5,5.25],"texture":"#main"}}},{"rotation":{"origin":[25,20,11],"angle":22.5,"axis":"x"},"from":[8,-0.1,-6.4],"to":[8,12.9,3.6],"faces":{"east":{"uv":[0,8.75,2.5,12],"texture":"#main"},"south":{"uv":[5,8.75,5,12],"texture":"#main"},"north":{"uv":[2.5,8.75,2.5,12],"texture":"#main"},"west":{"uv":[2.5,8.75,5,12],"texture":"#main"},"up":{"uv":[2.5,8.75,2.5,6.25],"texture":"#main"},"down":{"uv":[2.5,6.25,2.5,8.75],"texture":"#main"}}},{"rotation":{"origin":[9,25,4],"angle":22.5,"axis":"x"},"from":[4.5,17,3],"to":[11.5,26,3],"faces":{"east":{"uv":[10.75,3.25,10.75,5.5],"texture":"#main"},"south":{"uv":[12.5,3.25,14.25,5.5],"texture":"#main"},"north":{"uv":[10.75,3.25,12.5,5.5],"texture":"#main"},"west":{"uv":[12.5,3.25,12.5,5.5],"texture":"#main"},"up":{"uv":[12.5,3.25,10.75,3.25],"texture":"#main"},"down":{"uv":[14.25,3.25,12.5,3.25],"texture":"#main"}}},{"rotation":{"origin":[6,21,14],"angle":22.5,"axis":"y"},"from":[-1,12,6],"to":[12,24,6],"faces":{"east":{"uv":[0,3,0,6],"texture":"#main"},"south":{"uv":[3.25,3,6.5,6],"texture":"#main"},"north":{"uv":[0,3,3.25,6],"texture":"#main"},"west":{"uv":[3.25,3,3.25,6],"texture":"#main"},"up":{"uv":[3.25,3,0,3],"texture":"#main"},"down":{"uv":[6.5,3,3.25,3],"texture":"#main"}}},{"rotation":{"origin":[10.88826,21,14.38268],"angle":-22.5,"axis":"y"},"from":[3.88826,12,6.38268],"to":[16.88826,24,6.38268],"faces":{"east":{"uv":[0,0,0,3],"texture":"#main"},"south":{"uv":[3.25,0,6.5,3],"texture":"#main"},"north":{"uv":[0,0,3.25,3],"texture":"#main"},"west":{"uv":[3.25,0,3.25,3],"texture":"#main"},"up":{"uv":[3.25,0,0,0],"texture":"#main"},"down":{"uv":[6.5,0,3.25,0],"texture":"#main"}}},{"rotation":{"origin":[6.01085,15.61732,13.61639],"angle":22.5,"axis":"y"},"from":[-0.98915,6.61732,5.61639],"to":[12.01085,15.61732,5.61639],"faces":{"east":{"uv":[6.5,6.5,6.5,8.75],"texture":"#main"},"south":{"uv":[9.75,6.5,13,8.75],"texture":"#main"},"north":{"uv":[6.5,6.5,9.75,8.75],"texture":"#main"},"west":{"uv":[9.75,6.5,9.75,8.75],"texture":"#main"},"up":{"uv":[9.75,6.5,6.5,6.5],"texture":"#main"},"down":{"uv":[13,6.5,9.75,6.5],"texture":"#main"}}},{"rotation":{"origin":[10.89874,15.61732,14],"angle":-22.5,"axis":"y"},"from":[3.89874,6.61732,6],"to":[16.89874,15.61732,6],"faces":{"east":{"uv":[0,6,0,8.25],"texture":"#main"},"south":{"uv":[3.25,6,6.5,8.25],"texture":"#main"},"north":{"uv":[0,6,3.25,8.25],"texture":"#main"},"west":{"uv":[3.25,6,3.25,8.25],"texture":"#main"},"up":{"uv":[3.25,6,0,6],"texture":"#main"},"down":{"uv":[6.5,6,3.25,6],"texture":"#main"}}}],"display":{"head":{"translation":[0,-19.5,6],"scale":[1.3,1.3,1.3]},"thirdperson_righthand":{"rotation":[37,0,0],"translation":[-6.25,-11.25,1]}},"groups":[{"children":[0],"origin":[8,8,8],"name":"Head"},{"children":[1],"origin":[16,24,8],"name":"Body"},{"children":[2,3,4,5],"origin":[8,8,8],"name":"hands and Feet"},{"children":[6],"origin":[8,8,8],"name":"Mouth"},{"children":[7],"origin":[8,8,8],"name":"Antennae"},{"children":[8,9,10,11],"origin":[8,8,8],"name":"Wings"}]}