{"credit":"Made with Blockbench","parent":"physical_parent","textures":{"particle":"pokemon/bidoof","main":"pokemon/bidoof"},"elements":[{"from":[4,2,1],"to":[12,9,13],"faces":{"north":{"uv":[3,3,5,4.75],"texture":"#main"},"east":{"uv":[0,3,3,4.75],"texture":"#main"},"south":{"uv":[8,3,10,4.75],"texture":"#main"},"west":{"uv":[5,3,8,4.75],"texture":"#main"},"up":{"uv":[5,3,3,0],"texture":"#main"},"down":{"uv":[7,0,5,3],"texture":"#main"}}},{"from":[3.75,1,10],"to":[12.25,5,12.75],"faces":{"north":{"uv":[7.5,0.5,9.5,1.5],"texture":"#main"},"east":{"uv":[7,0.5,7.5,1.5],"texture":"#main"},"south":{"uv":[10,0.5,12,1.5],"texture":"#main"},"west":{"uv":[9.5,0.5,10,1.5],"texture":"#main"},"up":{"uv":[9.5,0.5,7.5,0],"texture":"#main"},"down":{"uv":[11.5,0,9.5,0.5],"texture":"#main"}}},{"from":[4.25,0,1.25],"to":[6.25,2,3.25],"faces":{"north":{"uv":[3.5,9.75,4,10.25],"texture":"#main"},"east":{"uv":[3,9.75,3.5,10.25],"texture":"#main"},"south":{"uv":[4.5,9.75,5,10.25],"texture":"#main"},"west":{"uv":[4,9.75,4.5,10.25],"texture":"#main"},"up":{"uv":[4,9.75,3.5,9.25],"texture":"#main"},"down":{"uv":[4.5,9.25,4,9.75],"texture":"#main"}}},{"from":[4.25,0,10.25],"to":[6.25,2,12.25],"rotation":{"angle":0,"axis":"y","origin":[8,8,5.5]},"faces":{"north":{"uv":[8,8.5,8.5,9],"texture":"#main"},"east":{"uv":[7.5,8.5,8,9],"texture":"#main"},"south":{"uv":[9,8.5,9.5,9],"texture":"#main"},"west":{"uv":[8.5,8.5,9,9],"texture":"#main"},"up":{"uv":[8.5,8.5,8,8],"texture":"#main"},"down":{"uv":[9,8,8.5,8.5],"texture":"#main"}}},{"from":[9.75,0,1.25],"to":[11.75,2,3.25],"faces":{"north":{"uv":[9.5,9.5,10,10],"texture":"#main"},"east":{"uv":[9,9.5,9.5,10],"texture":"#main"},"south":{"uv":[10.5,9.5,11,10],"texture":"#main"},"west":{"uv":[10,9.5,10.5,10],"texture":"#main"},"up":{"uv":[10,9.5,9.5,9],"texture":"#main"},"down":{"uv":[10.5,9,10,9.5],"texture":"#main"}}},{"from":[9.75,0,10.25],"to":[11.75,2,12.25],"rotation":{"angle":0,"axis":"y","origin":[8,8,5.5]},"faces":{"north":{"uv":[7.5,9.5,8,10],"texture":"#main"},"east":{"uv":[7,9.5,7.5,10],"texture":"#main"},"south":{"uv":[8.5,9.5,9,10],"texture":"#main"},"west":{"uv":[8,9.5,8.5,10],"texture":"#main"},"up":{"uv":[8,9.5,7.5,9],"texture":"#main"},"down":{"uv":[8.5,9,8,9.5],"texture":"#main"}}},{"from":[6,7,12],"to":[10,11,15.25],"faces":{"north":{"uv":[0.75,8.75,1.75,9.75],"texture":"#main"},"east":{"uv":[0,8.75,0.75,9.75],"texture":"#main"},"south":{"uv":[2.5,8.75,3.5,9.75],"texture":"#main"},"west":{"uv":[1.75,8.75,2.5,9.75],"texture":"#main"},"up":{"uv":[1.75,8.75,0.75,8],"texture":"#main"},"down":{"uv":[2.75,8,1.75,8.75],"texture":"#main"}}},{"from":[4.5,7,13],"to":[11.5,10,15],"faces":{"north":{"uv":[7.5,2,9.25,2.75],"texture":"#main"},"east":{"uv":[7,2,7.5,2.75],"texture":"#main"},"south":{"uv":[9.75,2,11.5,2.75],"texture":"#main"},"west":{"uv":[9.25,2,9.75,2.75],"texture":"#main"},"up":{"uv":[9.25,2,7.5,1.5],"texture":"#main"},"down":{"uv":[11,1.5,9.25,2],"texture":"#main"}}},{"from":[3.75,3,-1],"to":[12.25,10,5],"faces":{"north":{"uv":[1.5,6.25,3.5,8],"texture":"#main"},"east":{"uv":[0,6.25,1.5,8],"texture":"#main"},"south":{"uv":[5,6.25,7,8],"texture":"#main"},"west":{"uv":[3.5,6.25,5,8],"texture":"#main"},"up":{"uv":[3.5,6.25,1.5,4.75],"texture":"#main"},"down":{"uv":[5.5,4.75,3.5,6.25],"texture":"#main"}}},{"from":[5.75,7.25,-1.25],"to":[6.5,8.25,-1],"faces":{"north":{"uv":[2.25,2.25,2.5,2.5],"texture":"#main"},"east":{"uv":[2,2.25,2.25,2.5],"texture":"#main"},"south":{"uv":[2.75,2.25,3,2.5],"texture":"#main"},"west":{"uv":[2.5,2.25,2.75,2.5],"texture":"#main"},"up":{"uv":[2.5,2.25,2.25,2],"texture":"#main"},"down":{"uv":[2.75,2,2.5,2.25],"texture":"#main"}}},{"from":[9.5,7.25,-1.25],"to":[10.25,8.25,-1],"faces":{"north":{"uv":[1.75,1.5,2,1.75],"texture":"#main"},"east":{"uv":[1.5,1.5,1.75,1.75],"texture":"#main"},"south":{"uv":[2.25,1.5,2.5,1.75],"texture":"#main"},"west":{"uv":[2,1.5,2.25,1.75],"texture":"#main"},"up":{"uv":[2,1.5,1.75,1.25],"texture":"#main"},"down":{"uv":[2.25,1.25,2,1.5],"texture":"#main"}}},{"from":[2,5,-0.25],"to":[14,7,4.5],"faces":{"north":{"uv":[6.5,5.75,9.5,6.25],"texture":"#main"},"east":{"uv":[5.5,5.75,6.5,6.25],"texture":"#main"},"south":{"uv":[10.5,5.75,13.5,6.25],"texture":"#main"},"west":{"uv":[9.5,5.75,10.5,6.25],"texture":"#main"},"up":{"uv":[9.5,5.75,6.5,4.75],"texture":"#main"},"down":{"uv":[12.5,4.75,9.5,5.75],"texture":"#main"}}},{"from":[2.5,3.25,0.25],"to":[13.5,5,4],"faces":{"north":{"uv":[7.75,7.75,10.5,8],"texture":"#main"},"east":{"uv":[7,7.75,7.75,8],"texture":"#main"},"south":{"uv":[11.25,7.75,14,8],"texture":"#main"},"west":{"uv":[10.5,7.75,11.25,8],"texture":"#main"},"up":{"uv":[10.5,7.75,7.75,7],"texture":"#main"},"down":{"uv":[13.25,7,10.5,7.75],"texture":"#main"}}},{"from":[4.75,4,-3],"to":[11.25,7,-1],"faces":{"north":{"uv":[4,8.5,5.5,9.25],"texture":"#main"},"east":{"uv":[3.5,8.5,4,9.25],"texture":"#main"},"south":{"uv":[6,8.5,7.5,9.25],"texture":"#main"},"west":{"uv":[5.5,8.5,6,9.25],"texture":"#main"},"up":{"uv":[5.5,8.5,4,8],"texture":"#main"},"down":{"uv":[7,8,5.5,8.5],"texture":"#main"}}},{"from":[7,5.75,-3.5],"to":[9,6.75,-2.5],"faces":{"north":{"uv":[1.75,0.25,2.25,0.5],"texture":"#main"},"east":{"uv":[1.5,0.25,1.75,0.5],"texture":"#main"},"south":{"uv":[2.5,0.25,3,0.5],"texture":"#main"},"west":{"uv":[2.25,0.25,2.5,0.5],"texture":"#main"},"up":{"uv":[2.25,0.25,1.75,0],"texture":"#main"},"down":{"uv":[2.75,0,2.25,0.25],"texture":"#main"}}},{"from":[6.75,2.5,-2.75],"to":[9.25,4.5,-2.25],"faces":{"north":{"uv":[0.25,5,0.875,5.5],"texture":"#main"},"east":{"uv":[0,5,0.25,5.5],"texture":"#main"},"south":{"uv":[0.25,5,0.875,5.5],"texture":"#main"},"west":{"uv":[0.75,5,1,5.5],"texture":"#main"},"up":{"uv":[0.75,5,0.25,4.75],"texture":"#main"},"down":{"uv":[0.875,5.125,0.25,5.375],"texture":"#main"}}},{"from":[10.75,9,1],"to":[13.25,12,3],"rotation":{"angle":0,"axis":"y","origin":[11.5,10.5,2]},"faces":{"north":{"uv":[0.5,1.75,1,2.5],"texture":"#main"},"east":{"uv":[0,1.75,0.5,2.5],"texture":"#main"},"south":{"uv":[1.5,1.75,2,2.5],"texture":"#main"},"west":{"uv":[1,1.75,1.5,2.5],"texture":"#main"},"up":{"uv":[1,1.75,0.5,1.25],"texture":"#main"},"down":{"uv":[1.5,1.25,1,1.75],"texture":"#main"}}},{"from":[2.75,9,1],"to":[5.25,12,3],"rotation":{"angle":0,"axis":"y","origin":[11.5,10.5,2]},"faces":{"north":{"uv":[0.5,0.5,1,1.25],"texture":"#main"},"east":{"uv":[0,0.5,0.5,1.25],"texture":"#main"},"south":{"uv":[1.5,0.5,2,1.25],"texture":"#main"},"west":{"uv":[1,0.5,1.5,1.25],"texture":"#main"},"up":{"uv":[1,0.5,0.5,0],"texture":"#main"},"down":{"uv":[1.5,0,1,0.5],"texture":"#main"}}},{"from":[3,6,12],"to":[5,8,14],"faces":{"north":{"uv":[0.75,8.75,1.75,9.75],"texture":"#main"},"east":{"uv":[0,8.75,0.75,9.75],"texture":"#main"},"south":{"uv":[2.5,8.75,3.5,9.75],"texture":"#main"},"west":{"uv":[1.75,8.75,2.5,9.75],"texture":"#main"},"up":{"uv":[1.75,8.75,0.75,8],"texture":"#main"},"down":{"uv":[2.75,8,1.75,8.75],"texture":"#main"}}},{"from":[11,6,12],"to":[13,8,14],"faces":{"north":{"uv":[0.75,8.75,1.75,9.75],"texture":"#main"},"east":{"uv":[0,8.75,0.75,9.75],"texture":"#main"},"south":{"uv":[2.5,8.75,3.5,9.75],"texture":"#main"},"west":{"uv":[1.75,8.75,2.5,9.75],"texture":"#main"},"up":{"uv":[1.75,8.75,0.75,8],"texture":"#main"},"down":{"uv":[2.75,8,1.75,8.75],"texture":"#main"}}}],"display":{"head":{"translation":[0,-31.25,0],"scale":[1.3,1.3,1.3]}}}