{"parent":"physical_parent","textures":{"main":"pokemon/blastoise"},"elements":[{"from":[0.0001,4.0004,1.0005],"to":[15.0001,20.0004,13.0005],"faces":{"east":{"uv":[6.75,4,10.5,7.25],"texture":"#main","rotation":180},"south":{"uv":[6.75,4,10.5,7.25],"texture":"#main","rotation":180},"north":{"uv":[6.75,4,10.5,7.25],"texture":"#main"},"west":{"uv":[6.75,4,10.5,7.25],"texture":"#main","rotation":180},"up":{"uv":[0,0,0,0],"texture":"#main"},"down":{"uv":[8.5,4.75,9.25,5.75],"texture":"#main","rotation":180}}},{"from":[1.0001,5.0009,-0.9997],"to":[14.0001,19.0009,1.0003],"faces":{"east":{"uv":[6.75,4,7,7.25],"texture":"#main"},"south":{"uv":[0,0,0,0],"texture":"#main"},"north":{"uv":[6.75,4,10.5,7.25],"texture":"#main"},"west":{"uv":[10.25,4,10.5,7.25],"texture":"#main"},"up":{"uv":[0,0,0,0],"texture":"#main"},"down":{"uv":[6.75,4,10.5,4.5],"texture":"#main"}}},{"rotation":{"origin":[8,6,10],"angle":-45,"axis":"x"},"from":[-2.9998,0.9992,13.0004],"to":[19.0002,25.9992,18.0004],"faces":{"east":{"uv":[15,0,16,6],"texture":"#main"},"south":{"uv":[10.5,0,16,6.25],"texture":"#main"},"north":{"uv":[10.5,0,16,6.25],"texture":"#main"},"west":{"uv":[15,0,16,6],"texture":"#main"},"up":{"uv":[15,0,16,6],"texture":"#main","rotation":90},"down":{"uv":[15,0,16,6],"texture":"#main","rotation":270}}},{"from":[8.9999,-2.9991,3.0002],"to":[16.9999,8.0009,11.0002],"faces":{"east":{"uv":[10.25,8.5,12.25,11.25],"texture":"#main"},"south":{"uv":[12.5,8.5,14.5,11.25],"texture":"#main"},"north":{"uv":[5.5,8.5,7.5,11.25],"texture":"#main"},"west":{"uv":[8,8.5,10,11.25],"texture":"#main"},"up":{"uv":[10.75,6.25,12.75,8.25],"texture":"#main"},"down":{"uv":[10.75,6.25,12.75,8.25],"texture":"#main"}}},{"from":[-1.9991,-3.0006,3.001],"to":[6.0009,7.9994,11.001],"faces":{"east":{"uv":[10.25,8.5,12.25,11.25],"texture":"#main"},"south":{"uv":[12.5,8.5,14.5,11.25],"texture":"#main"},"north":{"uv":[5.5,8.5,7.5,11.25],"texture":"#main"},"west":{"uv":[8,8.5,10,11.25],"texture":"#main"},"up":{"uv":[10.75,6.25,12.75,8.25],"texture":"#main"},"down":{"uv":[10.75,6.25,12.75,8.25],"texture":"#main"}}},{"rotation":{"origin":[15,12.9,-10],"angle":22.5,"axis":"y"},"from":[11.9995,12.9009,-6.0002],"to":[23.99949,18.9009,-0.0002],"faces":{"east":{"uv":[3.5,8,5,9.5],"texture":"#main"},"south":{"uv":[0,8,3,9.5],"texture":"#main"},"north":{"uv":[0,8,3,9.5],"texture":"#main"},"west":{"uv":[0,0,0,0],"texture":"#main"},"up":{"uv":[0,9.75,3,11.25],"texture":"#main"},"down":{"uv":[0,9.75,3,11.25],"texture":"#main"}}},{"from":[0.0007,14.0006,-2.0003],"to":[15.0007,19.0006,-1.0003],"faces":{"east":{"uv":[0,0,0,0],"texture":"#main"},"south":{"uv":[0,0,0,0],"texture":"#main"},"north":{"uv":[6.75,4,10.5,5.25],"texture":"#main","rotation":180},"west":{"uv":[0,0,0,0],"texture":"#main"},"up":{"uv":[0,0,0,0],"texture":"#main"},"down":{"uv":[6.75,4,10.5,4.25],"texture":"#main"}}},{"rotation":{"origin":[-6,12.9,-12],"angle":-22.5,"axis":"y"},"from":[-8.9999,12.9001,-7.9999],"to":[3.0001,18.9001,-1.9999],"faces":{"east":{"uv":[0,0,0,0],"texture":"#main"},"south":{"uv":[0,8,3,9.5],"texture":"#main"},"north":{"uv":[0,8,3,9.5],"texture":"#main","rotation":180},"west":{"uv":[3.5,9.75,5,11.25],"texture":"#main"},"up":{"uv":[0,8,3,9.5],"texture":"#main"},"down":{"uv":[0,9.75,3,11.25],"texture":"#main"}}},{"rotation":{"origin":[3.91345,12.9,-5.4078],"angle":22.5,"axis":"y"},"from":[9.9144,11.9,-2.4081],"to":[12.9144,19.9,5.5919],"faces":{"east":{"uv":[7.5,0,9.5,2],"texture":"#main","rotation":180},"south":{"uv":[7.5,2.25,9.5,3],"texture":"#main","rotation":90},"north":{"uv":[7.5,2.25,9.5,3],"texture":"#main","rotation":270},"west":{"uv":[7.5,0,9.5,2],"texture":"#main","rotation":180},"up":{"uv":[7.5,2.25,9.5,3],"texture":"#main","rotation":90},"down":{"uv":[7.5,2.25,9.5,3],"texture":"#main","rotation":90}}},{"rotation":{"origin":[-3.61104,13.9,-9.92807],"angle":-22.5,"axis":"y"},"from":[2.3883,11.8995,-7.9286],"to":[5.3883,19.8995,0.0714],"faces":{"east":{"uv":[7.5,0,9.5,2],"texture":"#main"},"south":{"uv":[7.5,2.25,9.5,3],"texture":"#main","rotation":90},"north":{"uv":[7.5,2.25,9.5,3],"texture":"#main","rotation":90},"west":{"uv":[7.5,0,9.5,2],"texture":"#main","rotation":180},"up":{"uv":[7.5,2.25,9.5,3],"texture":"#main","rotation":90},"down":{"uv":[7.5,2.25,9.5,3],"texture":"#main","rotation":90}}},{"from":[-1.9996,-2.9993,-0.0002],"to":[1.0004,-0.9993,2.9998],"faces":{"east":{"uv":[1,12,1.75,12.5],"texture":"#main"},"south":{"uv":[0,0,0,0],"texture":"#main"},"north":{"uv":[0,12,0.75,12.5],"texture":"#main","rotation":180},"west":{"uv":[1,12,1.75,12.5],"texture":"#main"},"up":{"uv":[2,12,2.75,12.75],"texture":"#main"},"down":{"uv":[2,12,2.75,12.75],"texture":"#main"}}},{"from":[1.9991,-3.0009,1.0009],"to":[4.9991,-1.0009,3.0009],"faces":{"east":{"uv":[1.25,12,1.75,12.5],"texture":"#main"},"south":{"uv":[0,0,0,0],"texture":"#main"},"north":{"uv":[1,12,1.75,12.5],"texture":"#main","rotation":180},"west":{"uv":[1.25,12,1.75,12.5],"texture":"#main"},"up":{"uv":[1,12,1.75,12.5],"texture":"#main"},"down":{"uv":[1,12,1.75,12.5],"texture":"#main"}}},{"from":[9.9996,-2.9998,1.0009],"to":[12.9996,-0.9998,3.0009],"faces":{"east":{"uv":[1.25,12,1.75,12.5],"texture":"#main"},"south":{"uv":[0,0,0,0],"texture":"#main"},"north":{"uv":[1,12,1.75,12.5],"texture":"#main"},"west":{"uv":[1.25,12,1.75,12.5],"texture":"#main"},"up":{"uv":[1,12,1.75,12.5],"texture":"#main"},"down":{"uv":[1,12,1.75,12.5],"texture":"#main"}}},{"from":[14.0007,-2.9999,0.001],"to":[17.0007,-0.9999,3.001],"faces":{"east":{"uv":[1,12,1.75,12.5],"texture":"#main"},"south":{"uv":[0,0,0,0],"texture":"#main"},"north":{"uv":[0,12,0.75,12.5],"texture":"#main"},"west":{"uv":[1,12,1.75,12.5],"texture":"#main"},"up":{"uv":[2,12,2.75,12.75],"texture":"#main"},"down":{"uv":[2,12,2.75,12.75],"texture":"#main"}}},{"rotation":{"origin":[4.91345,20.9,3.5922],"angle":45,"axis":"y"},"from":[10.9144,19.8992,5.593],"to":[13.9144,28.8992,14.593],"faces":{"east":{"uv":[0,2.25,2.25,4.5],"texture":"#main"},"south":{"uv":[0,4.5,2.25,5.25],"texture":"#main","rotation":270},"north":{"uv":[0,4.5,2.25,5.25],"texture":"#main","rotation":270},"west":{"uv":[0,4.5,2.25,6.75],"texture":"#main","rotation":180},"up":{"uv":[0,4.5,2.25,5.25],"texture":"#main","rotation":270},"down":{"uv":[0,0,0,0],"texture":"#main"}}},{"rotation":{"origin":[20.1769,22.9,-14.08547],"angle":45,"axis":"y"},"from":[17.1759,21.9006,-9.0849],"to":[23.1759,26.9006,-4.0849],"faces":{"east":{"uv":[4.75,4.75,6.25,6.25],"texture":"#main"},"south":{"uv":[4.75,2.25,6.25,3.5],"texture":"#main"},"north":{"uv":[4.75,2.25,6.25,3.5],"texture":"#main"},"west":{"uv":[4.75,4.75,6.25,6.25],"texture":"#main"},"up":{"uv":[4.75,2.25,6.25,3.5],"texture":"#main"},"down":{"uv":[4.75,2.25,6.25,3.5],"texture":"#main"}}},{"rotation":{"origin":[16.64137,21.9,-9.13572],"angle":45,"axis":"y"},"from":[13.6405,22.9003,-4.1358],"to":[19.6405,25.9003,-1.1358],"faces":{"east":{"uv":[0,0,0,0],"texture":"#main"},"south":{"uv":[4.75,2.5,6.25,3.25],"texture":"#main"},"north":{"uv":[4.75,2.5,6.25,3.25],"texture":"#main"},"west":{"uv":[0,0,0,0],"texture":"#main"},"up":{"uv":[4.75,2.5,6.25,3.25],"texture":"#main"},"down":{"uv":[4.75,2.5,6.25,3.25],"texture":"#main"}}},{"rotation":{"origin":[13.10583,20.9,-4.18597],"angle":45,"axis":"y"},"from":[10.1048,20.8999,-1.1851],"to":[16.1048,26.8999,4.8149],"faces":{"east":{"uv":[4.75,4.75,6.25,6.25],"texture":"#main"},"south":{"uv":[4.75,2.25,6.25,3.75],"texture":"#main","rotation":180},"north":{"uv":[4.75,2.25,6.25,3.75],"texture":"#main"},"west":{"uv":[0,0,0,0],"texture":"#main"},"up":{"uv":[4.75,2.25,6.25,3.75],"texture":"#main"},"down":{"uv":[4.75,2.25,6.25,3.75],"texture":"#main"}}},{"rotation":{"origin":[-6.89417,20.9,4.81403],"angle":45,"axis":"y"},"from":[-3.8938,20.9003,1.8146],"to":[2.1062,26.9003,7.8146],"faces":{"east":{"uv":[4.75,2.25,6.25,3.75],"texture":"#main","rotation":180},"south":{"uv":[0,0,0,0],"texture":"#main"},"north":{"uv":[4.75,4.75,6.25,6.25],"texture":"#main"},"west":{"uv":[4.75,2.25,6.25,3.75],"texture":"#main","rotation":180},"up":{"uv":[4.75,2.25,6.25,3.75],"texture":"#main","rotation":90},"down":{"uv":[4.75,2.25,6.25,3.75],"texture":"#main","rotation":90}}},{"rotation":{"origin":[0.88401,20.9,13.00641],"angle":45,"axis":"y"},"from":[2.8837,19.8995,4.0055],"to":[11.8837,28.8995,7.0055],"faces":{"east":{"uv":[0,4.5,2.25,5.25],"texture":"#main","rotation":90},"south":{"uv":[0,4.5,2.25,6.75],"texture":"#main","rotation":180},"north":{"uv":[0,2.25,2.25,4.5],"texture":"#main"},"west":{"uv":[0,4.5,2.25,5.25],"texture":"#main","rotation":270},"up":{"uv":[0,4.5,2.25,5.25],"texture":"#main","rotation":180},"down":{"uv":[0,0,0,0],"texture":"#main"}}},{"rotation":{"origin":[-11.84391,21.9,1.27849],"angle":45,"axis":"y"},"from":[-6.8429,22.9007,-1.7224],"to":[-3.8429,25.9007,4.2776],"faces":{"east":{"uv":[4.75,2.5,6.25,3.25],"texture":"#main"},"south":{"uv":[0,0,0,0],"texture":"#main"},"north":{"uv":[0,0,0,0],"texture":"#main"},"west":{"uv":[4.75,2.5,6.25,3.25],"texture":"#main"},"up":{"uv":[4.75,2.5,6.25,3.25],"texture":"#main","rotation":90},"down":{"uv":[4.75,2.5,6.25,3.25],"texture":"#main","rotation":90}}},{"rotation":{"origin":[-16.79366,22.9,-2.25704],"angle":45,"axis":"y"},"from":[-11.7938,21.9005,-5.2571],"to":[-6.7938,26.9005,0.7429],"faces":{"east":{"uv":[4.75,2.25,6.25,3.5],"texture":"#main"},"south":{"uv":[4.75,4.75,6.25,6.25],"texture":"#main"},"north":{"uv":[4.75,4.75,6.25,6.25],"texture":"#main"},"west":{"uv":[4.75,2.25,6.25,3.5],"texture":"#main"},"up":{"uv":[4.75,2.25,6.25,3.5],"texture":"#main","rotation":90},"down":{"uv":[4.75,2.25,6.25,3.5],"texture":"#main","rotation":90}}},{"rotation":{"origin":[8,9.53553,13.53553],"angle":-45,"axis":"x"},"from":[-1,6.5353,16.5365],"to":[16,27.5353,21.5365],"faces":{"east":{"uv":[1.75,13,7,14.25],"texture":"#main","rotation":270},"south":{"uv":[10.75,11.25,16,15.5],"texture":"#main","rotation":270},"north":{"uv":[0,0,0,0],"texture":"#main"},"west":{"uv":[1.75,13,7,14.25],"texture":"#main","rotation":90},"up":{"uv":[7.25,11.25,8.5,15.5],"texture":"#main","rotation":90},"down":{"uv":[8.75,11.25,10,15.5],"texture":"#main","rotation":90}}},{"from":[4.0006,17.9992,-8.9994],"to":[11.0006,25.9992,-0.9994],"faces":{"east":{"uv":[0,0,2,2],"texture":"#main"},"south":{"uv":[3.75,0,5.5,2],"texture":"#main"},"north":{"uv":[2,0,3.75,2],"texture":"#main"},"west":{"uv":[3.75,0,5.75,2],"texture":"#main"},"up":{"uv":[1.75,15,0,13],"texture":"#main","rotation":180},"down":{"uv":[3.25,1.25,2.5,1.75],"texture":"#main"}}},{"from":[4,17.9993,-11.9996],"to":[11,21.9993,-8.9996],"faces":{"east":{"uv":[3,12,4,13],"texture":"#main"},"south":{"uv":[12.1,12.7,12.8,13.1],"texture":"#main"},"north":{"uv":[3.75,12,5.5,13],"texture":"#main"},"west":{"uv":[5.25,12,6.25,13],"texture":"#main"},"up":{"uv":[5.5,12,3.75,11.25],"texture":"#main","rotation":180},"down":{"uv":[6.2,12.5,5.5,12.8],"texture":"#main"}}},{"rotation":{"origin":[15,17,-13],"angle":22.5,"axis":"y"},"from":[7.0006,23.0102,-8.0005],"to":[9.0006,26.0102,-4.0005],"faces":{"east":{"uv":[4.75,7.25,6.25,8],"texture":"#main"},"south":{"uv":[7.25,7.75,7.45,8.05],"texture":"#main"},"north":{"uv":[8,7.5,8.2,7.8],"texture":"#main"},"west":{"uv":[7.8,14.4,8.2,14.7],"texture":"#main"},"up":{"uv":[6.45,7.9,6.25,7.5],"texture":"#main","rotation":180},"down":{"uv":[7.7,7.5,7.5,7.9],"texture":"#main"}}},{"rotation":{"origin":[15,17,-13],"angle":22.5,"axis":"y"},"from":[6.9996,24.0093,-4.0004],"to":[8.9996,26.0093,-3.0004],"faces":{"east":{"uv":[11.2,14.9,11.3,15.1],"texture":"#main"},"south":{"uv":[11.6,14.9,11.8,15.1],"texture":"#main"},"north":{"uv":[11.3,14.9,11.5,15.1],"texture":"#main"},"west":{"uv":[11.5,14.9,11.6,15.1],"texture":"#main"},"up":{"uv":[11.5,14.9,11.3,14.8],"texture":"#main","rotation":180},"down":{"uv":[11.7,14.8,11.5,14.9],"texture":"#main"}}},{"rotation":{"origin":[15,17,-13],"angle":-22.5,"axis":"y"},"from":[7.0002,23.0094,-2.0008],"to":[9.0002,26.0094,1.9992],"faces":{"east":{"uv":[8.4,14.4,8.8,14.7],"texture":"#main"},"south":{"uv":[7,7.5,7.2,7.8],"texture":"#main"},"north":{"uv":[7.5,7.75,7.7,8.05],"texture":"#main"},"west":{"uv":[9,7.25,10.75,8],"texture":"#main"},"up":{"uv":[8.2,7.9,8,7.5],"texture":"#main","rotation":180},"down":{"uv":[7.7,7.5,7.5,7.9],"texture":"#main"}}},{"rotation":{"origin":[15,17,-13],"angle":-22.5,"axis":"y"},"from":[7.0009,24.0092,2.0008],"to":[9.0009,26.0092,3.0008],"faces":{"east":{"uv":[10.6,14.9,10.7,15.1],"texture":"#main"},"south":{"uv":[11,14.9,11.2,15.1],"texture":"#main"},"north":{"uv":[10.7,14.9,10.9,15.1],"texture":"#main"},"west":{"uv":[10.9,14.9,11,15.1],"texture":"#main"},"up":{"uv":[10.9,14.9,10.7,14.8],"texture":"#main","rotation":180},"down":{"uv":[11.1,14.8,10.9,14.9],"texture":"#main"}}},{"rotation":{"origin":[15,17,-13],"angle":-22.5,"axis":"x"},"from":[4.0102,13.9994,-9.9993],"to":[11.01021,15.9994,-0.9993],"faces":{"east":{"uv":[9.75,15.5,12,16],"texture":"#main"},"south":{"uv":[5.5,11.8,6.2,12],"texture":"#main"},"north":{"uv":[11.5,15.5,14.25,16],"texture":"#main"},"west":{"uv":[13.75,15.5,16,16],"texture":"#main"},"up":{"uv":[16,8.5,14.25,6.25],"texture":"#main","rotation":180},"down":{"uv":[12.5,15.75,11.5,16],"texture":"#main"}}}],"display":{"head":{"translation":[0.6956,-22.95,0],"scale":[2,2,2]}}}