{"parent":"physical_parent","textures":{"main":"pokemon/blastoise-mega"},"elements":[{"from":[-0.0003,-0.3745,10.9996],"to":[14.9997,12.6255,22.9996],"faces":{"east":{"uv":[0,0.75,0.75,1.5625],"texture":"#main","rotation":180},"south":{"uv":[2.4375,0.75,3.375,1.5625],"texture":"#main","rotation":180},"north":{"uv":[0.75,0.75,1.6875,1.5625],"texture":"#main"},"west":{"uv":[1.6875,0.75,2.4375,1.5625],"texture":"#main","rotation":180},"up":{"uv":[1.6875,0.75,0.75,0],"texture":"#main"},"down":{"uv":[2.625,0,1.6875,0.75],"texture":"#main","rotation":180}}},{"from":[1.0007,0.6246,8.9991],"to":[14.0007,14.6246,10.9991],"faces":{"east":{"uv":[5.625,5.8125,5.75,6.6875],"texture":"#main"},"south":{"uv":[6.6875,5.8125,7.5,6.6875],"texture":"#main"},"north":{"uv":[5.75,5.8125,6.5625,6.6875],"texture":"#main"},"west":{"uv":[6.5625,5.8125,6.6875,6.6875],"texture":"#main"},"up":{"uv":[6.5625,5.8125,5.75,5.6875],"texture":"#main"},"down":{"uv":[7.375,5.6875,6.5625,5.8125],"texture":"#main"}}},{"rotation":{"origin":[8,1.625,20],"angle":45,"axis":"x"},"from":[-2.9993,4.6242,18.0004],"to":[19.0007,7.624204,27.0004],"faces":{"east":{"uv":[3.375,1.375,3.9375,1.5625],"texture":"#main"},"south":{"uv":[5.875,1.375,7.25,1.5625],"texture":"#main"},"north":{"uv":[3.9375,1.375,5.3125,1.5625],"texture":"#main","rotation":270},"west":{"uv":[5.3125,1.375,5.875,1.5625],"texture":"#main"},"up":{"uv":[5.3125,1.375,3.9375,0.8125],"texture":"#main"},"down":{"uv":[6.6875,0.8125,5.3125,1.375],"texture":"#main","rotation":180}}},{"from":[8.9991,-4.3744,12.9994],"to":[16.99909,3.6256,20.9994],"faces":{"east":{"uv":[5.75,5.1875,6.25,5.6875],"texture":"#main"},"south":{"uv":[7.25,5.1875,7.75,5.6875],"texture":"#main"},"north":{"uv":[6.25,5.1875,6.75,5.6875],"texture":"#main"},"west":{"uv":[6.75,5.1875,7.25,5.6875],"texture":"#main"},"up":{"uv":[6.75,5.1875,6.25,4.6875],"texture":"#main"},"down":{"uv":[7.25,4.6875,6.75,5.1875],"texture":"#main"}}},{"from":[-1.9995,-4.3754,12.9991],"to":[6.0005,3.6246,20.9991],"faces":{"east":{"uv":[0,6.1875,0.5,6.6875],"texture":"#main"},"south":{"uv":[1.5,6.1875,2,6.6875],"texture":"#main"},"north":{"uv":[0.5,6.1875,1,6.6875],"texture":"#main"},"west":{"uv":[1,6.1875,1.5,6.6875],"texture":"#main"},"up":{"uv":[1,6.1875,0.5,5.6875],"texture":"#main"},"down":{"uv":[1.5,5.6875,1,6.1875],"texture":"#main"}}},{"from":[4.0005,9.6255,1.9994],"to":[11.00049,17.6255,9.9994],"faces":{"east":{"uv":[3.75,6.1875,4.25,6.6875],"texture":"#main"},"south":{"uv":[5.1875,6.1875,5.625,6.6875],"texture":"#main"},"north":{"uv":[4.25,6.1875,4.6875,6.6875],"texture":"#main"},"west":{"uv":[4.6875,6.1875,5.1875,6.6875],"texture":"#main"},"up":{"uv":[4.6875,6.1875,4.25,5.6875],"texture":"#main","rotation":180},"down":{"uv":[5.125,5.6875,4.6875,6.1875],"texture":"#main"}}},{"from":[4.1059,21.5246,11.8138],"to":[10.1059,27.5246,19.8138],"faces":{"east":{"uv":[3.875,7.3125,4.375,7.6875],"texture":"#main","rotation":180},"south":{"uv":[5.25,7.3125,5.625,7.6875],"texture":"#main","rotation":180},"north":{"uv":[4.375,7.3125,4.75,7.6875],"texture":"#main"},"west":{"uv":[4.75,7.3125,5.25,7.6875],"texture":"#main","rotation":180},"up":{"uv":[4.75,7.3125,4.375,6.8125],"texture":"#main","rotation":90},"down":{"uv":[5.125,6.8125,4.75,7.3125],"texture":"#main","rotation":90}}},{"from":[4.0006,9.6243,-0.9999],"to":[11.0006,13.6243,2.0001],"faces":{"east":{"uv":[6.75,7.9375,6.9375,8.1875],"texture":"#main"},"south":{"uv":[7.5625,7.9375,8,8.1875],"texture":"#main"},"north":{"uv":[6.9375,7.9375,7.375,8.1875],"texture":"#main"},"west":{"uv":[7.375,7.9375,7.5625,8.1875],"texture":"#main"},"up":{"uv":[7.375,7.9375,6.9375,7.75],"texture":"#main","rotation":180},"down":{"uv":[7.8125,7.75,7.375,7.9375],"texture":"#main"}}},{"rotation":{"origin":[15,8.625,-2],"angle":22.5,"axis":"y"},"from":[6.9996,14.6358,3.0006],"to":[8.999599,17.6358,7.0006],"faces":{"east":{"uv":[4.5,9,4.75,9.1875],"texture":"#main"},"south":{"uv":[5.125,9,5.25,9.1875],"texture":"#main"},"north":{"uv":[4.75,9,4.875,9.1875],"texture":"#main"},"west":{"uv":[4.875,9,5.125,9.1875],"texture":"#main"},"up":{"uv":[4.875,9,4.75,8.75],"texture":"#main","rotation":180},"down":{"uv":[5,8.75,4.875,9],"texture":"#main"}}},{"rotation":{"origin":[15,8.625,-2],"angle":22.5,"axis":"y"},"from":[6.9999,15.6356,7.0003],"to":[8.999901,17.6356,8.000299],"faces":{"east":{"uv":[7,9.3125,7.0625,9.4375],"texture":"#main"},"south":{"uv":[7.25,9.3125,7.375,9.4375],"texture":"#main"},"north":{"uv":[7.0625,9.3125,7.1875,9.4375],"texture":"#main"},"west":{"uv":[7.1875,9.3125,7.25,9.4375],"texture":"#main"},"up":{"uv":[7.1875,9.3125,7.0625,9.25],"texture":"#main","rotation":180},"down":{"uv":[7.3125,9.25,7.1875,9.3125],"texture":"#main"}}},{"rotation":{"origin":[15,8.625,-2],"angle":-22.5,"axis":"y"},"from":[7.0005,14.6356,8.9997],"to":[9.0005,17.6356,12.99969],"faces":{"east":{"uv":[5.25,9,5.5,9.1875],"texture":"#main"},"south":{"uv":[5.875,9,6,9.1875],"texture":"#main"},"north":{"uv":[5.5,9,5.625,9.1875],"texture":"#main"},"west":{"uv":[5.625,9,5.875,9.1875],"texture":"#main"},"up":{"uv":[5.625,9,5.5,8.75],"texture":"#main","rotation":180},"down":{"uv":[5.75,8.75,5.625,9],"texture":"#main"}}},{"rotation":{"origin":[15,8.625,-2],"angle":-22.5,"axis":"y"},"from":[6.9996,15.6342,12.9993],"to":[8.999599,17.6342,13.9993],"faces":{"east":{"uv":[6.625,9.3125,6.6875,9.4375],"texture":"#main"},"south":{"uv":[6.875,9.3125,7,9.4375],"texture":"#main"},"north":{"uv":[6.6875,9.3125,6.8125,9.4375],"texture":"#main"},"west":{"uv":[6.8125,9.3125,6.875,9.4375],"texture":"#main"},"up":{"uv":[6.8125,9.3125,6.6875,9.25],"texture":"#main","rotation":180},"down":{"uv":[6.9375,9.25,6.8125,9.3125],"texture":"#main"}}},{"rotation":{"origin":[15,8.625,-2],"angle":-22.5,"axis":"x"},"from":[4.0092,5.6256,1.0001],"to":[11.0092,7.6256,10.0001],"faces":{"east":{"uv":[1.875,7.375,2.4375,7.5],"texture":"#main"},"south":{"uv":[3.4375,7.375,3.875,7.5],"texture":"#main"},"north":{"uv":[2.4375,7.375,2.875,7.5],"texture":"#main"},"west":{"uv":[2.875,7.375,3.4375,7.5],"texture":"#main"},"up":{"uv":[2.875,7.375,2.4375,6.8125],"texture":"#main","rotation":180},"down":{"uv":[3.3125,6.8125,2.875,7.375],"texture":"#main"}}},{"from":[-0.9997,-6.3747,10.999],"to":[5.000299,-1.3747,18.999],"faces":{"east":{"uv":[5.625,7.3125,6.125,7.625],"texture":"#main"},"south":{"uv":[7,7.3125,7.375,7.625],"texture":"#main"},"north":{"uv":[6.125,7.3125,6.5,7.625],"texture":"#main"},"west":{"uv":[6.5,7.3125,7,7.625],"texture":"#main"},"up":{"uv":[6.5,7.3125,6.125,6.8125],"texture":"#main"},"down":{"uv":[6.875,6.8125,6.5,7.3125],"texture":"#main"}}},{"from":[10.0002,-6.3758,11.001],"to":[16.0002,-1.3758,19.001],"faces":{"east":{"uv":[7.375,7.3125,7.875,7.625],"texture":"#main"},"south":{"uv":[8.75,7.3125,9.125,7.625],"texture":"#main"},"north":{"uv":[7.875,7.3125,8.25,7.625],"texture":"#main"},"west":{"uv":[8.25,7.3125,8.75,7.625],"texture":"#main"},"up":{"uv":[8.25,7.3125,7.875,6.8125],"texture":"#main"},"down":{"uv":[8.625,6.8125,8.25,7.3125],"texture":"#main"}}},{"from":[4.0002,-6.3744,10.0004],"to":[6.0002,-5.3744,12.0004],"faces":{"east":{"uv":[2.375,9.375,2.5,9.4375],"texture":"#main"},"south":{"uv":[2.75,9.375,2.875,9.4375],"texture":"#main"},"north":{"uv":[2.5,9.375,2.625,9.4375],"texture":"#main"},"west":{"uv":[2.625,9.375,2.75,9.4375],"texture":"#main"},"up":{"uv":[2.625,9.375,2.5,9.25],"texture":"#main"},"down":{"uv":[2.75,9.25,2.625,9.375],"texture":"#main"}}},{"from":[-2,-6.3757,9.999599],"to":[2.384186e-7,-5.3757,11.9996],"faces":{"east":{"uv":[4.375,9.375,4.5,9.4375],"texture":"#main"},"south":{"uv":[4.75,9.375,4.875,9.4375],"texture":"#main"},"north":{"uv":[4.5,9.375,4.625,9.4375],"texture":"#main"},"west":{"uv":[4.625,9.375,4.75,9.4375],"texture":"#main"},"up":{"uv":[4.625,9.375,4.5,9.25],"texture":"#main"},"down":{"uv":[4.75,9.25,4.625,9.375],"texture":"#main"}}},{"from":[0.9991,-6.3753,9.0004],"to":[2.9991,-4.3753,12.0004],"faces":{"east":{"uv":[0.625,9.4375,0.8125,9.5625],"texture":"#main"},"south":{"uv":[1.125,9.4375,1.25,9.5625],"texture":"#main"},"north":{"uv":[0.8125,9.4375,0.9375,9.5625],"texture":"#main"},"west":{"uv":[0.9375,9.4375,1.125,9.5625],"texture":"#main"},"up":{"uv":[0.9375,9.4375,0.8125,9.25],"texture":"#main"},"down":{"uv":[1.0625,9.25,0.9375,9.4375],"texture":"#main"}}},{"from":[12.0002,-6.3749,8.9994],"to":[14.0002,-4.3749,11.9994],"faces":{"east":{"uv":[0,9.4375,0.1875,9.5625],"texture":"#main"},"south":{"uv":[0.5,9.4375,0.625,9.5625],"texture":"#main"},"north":{"uv":[0.1875,9.4375,0.3125,9.5625],"texture":"#main"},"west":{"uv":[0.3125,9.4375,0.5,9.5625],"texture":"#main"},"up":{"uv":[0.3125,9.4375,0.1875,9.25],"texture":"#main"},"down":{"uv":[0.4375,9.25,0.3125,9.4375],"texture":"#main"}}},{"from":[9.0006,-6.3741,9.9998],"to":[11.0006,-5.3741,11.9998],"faces":{"east":{"uv":[1.875,9.375,2,9.4375],"texture":"#main"},"south":{"uv":[2.25,9.375,2.375,9.4375],"texture":"#main"},"north":{"uv":[2,9.375,2.125,9.4375],"texture":"#main"},"west":{"uv":[2.125,9.375,2.25,9.4375],"texture":"#main"},"up":{"uv":[2.125,9.375,2,9.25],"texture":"#main"},"down":{"uv":[2.25,9.25,2.125,9.375],"texture":"#main"}}},{"from":[15,-6.374,10.0003],"to":[17,-5.374,12.0003],"faces":{"east":{"uv":[2.875,9.375,3,9.4375],"texture":"#main"},"south":{"uv":[3.25,9.375,3.375,9.4375],"texture":"#main"},"north":{"uv":[3,9.375,3.125,9.4375],"texture":"#main"},"west":{"uv":[3.125,9.375,3.25,9.4375],"texture":"#main"},"up":{"uv":[3.125,9.375,3,9.25],"texture":"#main"},"down":{"uv":[3.25,9.25,3.125,9.375],"texture":"#main"}}},{"rotation":{"origin":[15,8.625,-2],"angle":-22.5,"axis":"x"},"from":[6.01,4.6247,0.0008],"to":[9.009999,6.624701,2.0008],"faces":{"east":{"uv":[1.25,9.375,1.375,9.5],"texture":"#main"},"south":{"uv":[1.6875,9.375,1.875,9.5],"texture":"#main"},"north":{"uv":[1.375,9.375,1.5625,9.5],"texture":"#main"},"west":{"uv":[1.5625,9.375,1.6875,9.5],"texture":"#main"},"up":{"uv":[1.5625,9.375,1.375,9.25],"texture":"#main","rotation":180},"down":{"uv":[1.75,9.25,1.5625,9.375],"texture":"#main"}}},{"from":[5.1058,22.525,7.813],"to":[9.105799,26.525,11.813],"faces":{"east":{"uv":[0,9,0.25,9.25],"texture":"#main","rotation":180},"south":{"uv":[0.75,9,1,9.25],"texture":"#main","rotation":180},"north":{"uv":[0.25,9,0.5,9.25],"texture":"#main"},"west":{"uv":[0.5,9,0.75,9.25],"texture":"#main","rotation":180},"up":{"uv":[0.5,9,0.25,8.75],"texture":"#main","rotation":90},"down":{"uv":[0.75,8.75,0.5,9],"texture":"#main","rotation":90}}},{"from":[4.1068,21.5252,-10.0004],"to":[10.1068,27.5252,7.813632],"faces":{"east":{"uv":[2.75,4.125,3.8125,4.5],"texture":"#main","rotation":180},"south":{"uv":[5.25,4.125,5.625,4.5],"texture":"#main","rotation":180},"north":{"uv":[3.8125,4.125,4.1875,4.5],"texture":"#main"},"west":{"uv":[4.1875,4.125,5.25,4.5],"texture":"#main","rotation":180},"up":{"uv":[4.1875,4.125,3.8125,3.0625],"texture":"#main","rotation":90},"down":{"uv":[4.5625,3.0625,4.1875,4.125],"texture":"#main","rotation":90}}},{"rotation":{"origin":[8,5.16053,23.53553],"angle":-45,"axis":"x"},"from":[-1.0093,0.1605,23.5352],"to":[15.9907,21.1605,28.5352],"faces":{"east":{"uv":[0,3.375,0.3125,4.6875],"texture":"#main"},"south":{"uv":[1.6875,3.375,2.75,4.6875],"texture":"#main","rotation":270},"north":{"uv":[0.3125,3.375,1.375,4.6875],"texture":"#main"},"west":{"uv":[1.375,3.375,1.6875,4.6875],"texture":"#main"},"up":{"uv":[1.375,3.375,0.3125,3.0625],"texture":"#main"},"down":{"uv":[2.4375,3.0625,1.375,3.375],"texture":"#main"}}},{"rotation":{"origin":[8,1.625,20],"angle":45,"axis":"x"},"from":[6.0001,0.6246,18.9996],"to":[9.0001,3.6246,30.9996],"faces":{"east":{"uv":[0,7.5625,0.75,7.75],"texture":"#main"},"south":{"uv":[1.6875,7.5625,1.875,7.75],"texture":"#main","rotation":270},"north":{"uv":[0.75,7.5625,0.9375,7.75],"texture":"#main","rotation":270},"west":{"uv":[0.9375,7.5625,1.6875,7.75],"texture":"#main"},"up":{"uv":[0.9375,7.5625,0.75,6.8125],"texture":"#main"},"down":{"uv":[1.125,6.8125,0.9375,7.5625],"texture":"#main","rotation":180}}},{"from":[-3.0005,5.1598,20.7073],"to":[18.9995,10.1598,23.7073],"faces":{"east":{"uv":[0,5.375,0.1875,5.6875],"texture":"#main"},"south":{"uv":[1.75,5.375,3.125,5.6875],"texture":"#main","rotation":270},"north":{"uv":[0.1875,5.375,1.5625,5.6875],"texture":"#main","rotation":270},"west":{"uv":[1.5625,5.375,1.75,5.6875],"texture":"#main"},"up":{"uv":[1.5625,5.375,0.1875,5.1875],"texture":"#main"},"down":{"uv":[2.9375,5.1875,1.5625,5.375],"texture":"#main","rotation":180}}},{"from":[-3,10.161,13.7081],"to":[19,13.161,23.70809],"faces":{"east":{"uv":[3.375,0.625,4,0.8125],"texture":"#main"},"south":{"uv":[6,0.625,7.375,0.8125],"texture":"#main","rotation":270},"north":{"uv":[4,0.625,5.375,0.8125],"texture":"#main","rotation":270},"west":{"uv":[5.375,0.625,6,0.8125],"texture":"#main"},"up":{"uv":[5.375,0.625,4,0],"texture":"#main"},"down":{"uv":[6.75,0,5.375,0.625],"texture":"#main","rotation":180}}},{"rotation":{"origin":[8,-1.15019,15.14499],"angle":-22.5,"axis":"x"},"from":[-3.0007,9.849,18.1452],"to":[18.9993,14.849,21.1452],"faces":{"east":{"uv":[0,4.875,0.1875,5.1875],"texture":"#main"},"south":{"uv":[1.75,4.875,3.125,5.1875],"texture":"#main"},"north":{"uv":[0.1875,4.875,1.5625,5.1875],"texture":"#main"},"west":{"uv":[1.5625,4.875,1.75,5.1875],"texture":"#main"},"up":{"uv":[1.5625,4.875,0.1875,4.6875],"texture":"#main","rotation":90},"down":{"uv":[2.9375,4.6875,1.5625,4.875],"texture":"#main","rotation":270}}},{"rotation":{"origin":[8,5.16053,23.53553],"angle":-45,"axis":"x"},"from":[0.9998,2.1604,28.5354],"to":[13.9998,19.1604,29.5354],"faces":{"east":{"uv":[2,5.75,2.0625,6.8125],"texture":"#main","rotation":270},"south":{"uv":[2.9375,5.75,3.75,6.8125],"texture":"#main","rotation":270},"north":{"uv":[2.0625,5.75,2.875,6.8125],"texture":"#main"},"west":{"uv":[2.875,5.75,2.9375,6.8125],"texture":"#main"},"up":{"uv":[2.875,5.75,2.0625,5.6875],"texture":"#main","rotation":90},"down":{"uv":[3.6875,5.6875,2.875,5.75],"texture":"#main","rotation":90}}},{"rotation":{"origin":[8,5.16053,23.53553],"angle":22.5,"axis":"x"},"from":[1.9993,12.1613,8.534699],"to":[11.9993,19.1613,23.5347],"faces":{"east":{"uv":[6,2.5,6.9375,2.9375],"texture":"#main"},"south":{"uv":[8.5,2.5,9.125,2.9375],"texture":"#main"},"north":{"uv":[6.9375,2.5,7.5625,2.9375],"texture":"#main","rotation":270},"west":{"uv":[7.5625,2.5,8.5,2.9375],"texture":"#main"},"up":{"uv":[7.5625,2.5,6.9375,1.5625],"texture":"#main","rotation":270},"down":{"uv":[8.1875,1.5625,7.5625,2.5],"texture":"#main","rotation":180}}},{"from":[3.0006,18.1614,16.5361],"to":[11.0006,28.1614,27.5361],"faces":{"east":{"uv":[5.625,3.75,6.3125,4.375],"texture":"#main"},"south":{"uv":[7.5,3.75,8,4.375],"texture":"#main"},"north":{"uv":[6.3125,3.75,6.8125,4.375],"texture":"#main","rotation":270},"west":{"uv":[6.8125,3.75,7.5,4.375],"texture":"#main"},"up":{"uv":[6.8125,3.75,6.3125,3.0625],"texture":"#main"},"down":{"uv":[7.3125,3.0625,6.8125,3.75],"texture":"#main","rotation":180}}},{"rotation":{"origin":[8,-1.15019,15.14499],"angle":-22.5,"axis":"x"},"from":[-1.0001,14.8497,17.1443],"to":[16.9999,17.8497,20.1443],"faces":{"east":{"uv":[3.125,4.875,3.3125,5.0625],"texture":"#main"},"south":{"uv":[4.625,4.875,5.75,5.0625],"texture":"#main"},"north":{"uv":[3.3125,4.875,4.4375,5.0625],"texture":"#main"},"west":{"uv":[4.4375,4.875,4.625,5.0625],"texture":"#main"},"up":{"uv":[4.4375,4.875,3.3125,4.6875],"texture":"#main","rotation":90},"down":{"uv":[5.5625,4.6875,4.4375,4.875],"texture":"#main","rotation":270}}},{"rotation":{"origin":[8,-1.15019,15.14499],"angle":-22.5,"axis":"x"},"from":[3.0007,17.8508,17.1458],"to":[14.0007,19.8508,20.1458],"faces":{"east":{"uv":[3,7.9375,3.1875,8.0625],"texture":"#main"},"south":{"uv":[4.0625,7.9375,4.75,8.0625],"texture":"#main"},"north":{"uv":[3.1875,7.9375,3.875,8.0625],"texture":"#main"},"west":{"uv":[3.875,7.9375,4.0625,8.0625],"texture":"#main"},"up":{"uv":[3.875,7.9375,3.1875,7.75],"texture":"#main","rotation":90},"down":{"uv":[4.5625,7.75,3.875,7.9375],"texture":"#main","rotation":270}}},{"from":[12.9997,5.6242,1.9997],"to":[17.9997,10.6242,20.9997],"faces":{"east":{"uv":[0,2.75,1.1875,3.0625],"texture":"#main","rotation":180},"south":{"uv":[2.6875,2.75,3,3.0625],"texture":"#main","rotation":180},"north":{"uv":[1.1875,2.75,1.5,3.0625],"texture":"#main"},"west":{"uv":[1.5,2.75,2.6875,3.0625],"texture":"#main","rotation":180},"up":{"uv":[1.5,2.75,1.1875,1.5625],"texture":"#main"},"down":{"uv":[1.8125,1.5625,1.5,2.75],"texture":"#main","rotation":180}}},{"from":[16.9999,6.6257,0.0004],"to":[17.9999,8.6257,2.0004],"faces":{"east":{"uv":[6.25,9.375,6.375,9.5],"texture":"#main","rotation":180},"south":{"uv":[6.5625,9.375,6.625,9.5],"texture":"#main","rotation":180},"north":{"uv":[6.375,9.375,6.4375,9.5],"texture":"#main"},"west":{"uv":[6.4375,9.375,6.5625,9.5],"texture":"#main","rotation":180},"up":{"uv":[6.4375,9.375,6.375,9.25],"texture":"#main"},"down":{"uv":[6.5,9.25,6.4375,9.375],"texture":"#main","rotation":180}}},{"rotation":{"origin":[8,2.625,18],"angle":-22.5,"axis":"z"},"from":[11.9994,12.6244,0],"to":[13.9994,13.6244,2],"faces":{"east":{"uv":[3.875,9.375,4,9.4375],"texture":"#main","rotation":90},"south":{"uv":[4.25,9.375,4.375,9.4375],"texture":"#main","rotation":90},"north":{"uv":[4,9.375,4.125,9.4375],"texture":"#main","rotation":90},"west":{"uv":[4.125,9.375,4.25,9.4375],"texture":"#main","rotation":90},"up":{"uv":[4.125,9.375,4,9.25],"texture":"#main","rotation":90},"down":{"uv":[4.25,9.25,4.125,9.375],"texture":"#main","rotation":90}}},{"from":[14.0008,5.6248,0.0004],"to":[16.0008,6.6248,2.0004],"faces":{"east":{"uv":[4.875,9.375,5,9.4375],"texture":"#main","rotation":180},"south":{"uv":[5.25,9.375,5.375,9.4375],"texture":"#main","rotation":180},"north":{"uv":[5,9.375,5.125,9.4375],"texture":"#main"},"west":{"uv":[5.125,9.375,5.25,9.4375],"texture":"#main","rotation":180},"up":{"uv":[5.125,9.375,5,9.25],"texture":"#main"},"down":{"uv":[5.25,9.25,5.125,9.375],"texture":"#main","rotation":180}}},{"from":[16.0002,4.6257,3.0002],"to":[19.0002,11.6257,12.0002],"faces":{"east":{"uv":[1.5,8.3125,2.0625,8.75],"texture":"#main","rotation":180},"south":{"uv":[2.8125,8.3125,3,8.75],"texture":"#main","rotation":180},"north":{"uv":[2.0625,8.3125,2.25,8.75],"texture":"#main"},"west":{"uv":[2.25,8.3125,2.8125,8.75],"texture":"#main","rotation":180},"up":{"uv":[2.25,8.3125,2.0625,7.75],"texture":"#main"},"down":{"uv":[2.4375,7.75,2.25,8.3125],"texture":"#main","rotation":180}}},{"from":[18.9991,5.6241,3.9993],"to":[19.9991,10.6241,10.9993],"faces":{"east":{"uv":[5.75,8.1875,6.1875,8.5],"texture":"#main","rotation":180},"south":{"uv":[6.6875,8.1875,6.75,8.5],"texture":"#main","rotation":180},"north":{"uv":[6.1875,8.1875,6.25,8.5],"texture":"#main"},"west":{"uv":[6.25,8.1875,6.6875,8.5],"texture":"#main","rotation":180},"up":{"uv":[6.25,8.1875,6.1875,7.75],"texture":"#main"},"down":{"uv":[6.3125,7.75,6.25,8.1875],"texture":"#main","rotation":180}}},{"from":[19.9991,6.6242,5.0001],"to":[22.9991,9.624203,9.000099],"faces":{"east":{"uv":[3.625,9,3.875,9.1875],"texture":"#main","rotation":180},"south":{"uv":[4.3125,9,4.5,9.1875],"texture":"#main","rotation":180},"north":{"uv":[3.875,9,4.0625,9.1875],"texture":"#main"},"west":{"uv":[4.0625,9,4.3125,9.1875],"texture":"#main","rotation":180},"up":{"uv":[4.0625,9,3.875,8.75],"texture":"#main"},"down":{"uv":[4.25,8.75,4.0625,9],"texture":"#main","rotation":180}}},{"from":[19.9991,6.6247,-2.0005],"to":[22.9991,9.624701,1.9995],"faces":{"east":{"uv":[2.75,9,3,9.1875],"texture":"#main","rotation":180},"south":{"uv":[3.4375,9,3.625,9.1875],"texture":"#main","rotation":180},"north":{"uv":[3,9,3.1875,9.1875],"texture":"#main"},"west":{"uv":[3.1875,9,3.4375,9.1875],"texture":"#main","rotation":180},"up":{"uv":[3.1875,9,3,8.75],"texture":"#main"},"down":{"uv":[3.375,8.75,3.1875,9],"texture":"#main","rotation":180}}},{"from":[20.0008,7.1246,2.0009],"to":[23.0008,9.124599,5.0009],"faces":{"east":{"uv":[6,8.9375,6.1875,9.0625],"texture":"#main","rotation":180},"south":{"uv":[6.5625,8.9375,6.75,9.0625],"texture":"#main","rotation":180},"north":{"uv":[6.1875,8.9375,6.375,9.0625],"texture":"#main"},"west":{"uv":[6.375,8.9375,6.5625,9.0625],"texture":"#main","rotation":180},"up":{"uv":[6.375,8.9375,6.1875,8.75],"texture":"#main"},"down":{"uv":[6.5625,8.75,6.375,8.9375],"texture":"#main","rotation":180}}},{"from":[-0.0007,5.6251,0],"to":[1.9993,6.625102,2],"faces":{"east":{"uv":[3.375,9.375,3.5,9.4375],"texture":"#main","rotation":180},"south":{"uv":[3.75,9.375,3.875,9.4375],"texture":"#main","rotation":180},"north":{"uv":[3.5,9.375,3.625,9.4375],"texture":"#main"},"west":{"uv":[3.625,9.375,3.75,9.4375],"texture":"#main","rotation":180},"up":{"uv":[3.625,9.375,3.5,9.25],"texture":"#main"},"down":{"uv":[3.75,9.25,3.625,9.375],"texture":"#main","rotation":180}}},{"from":[-1.9996,6.6254,-0.0007],"to":[-0.9996,8.625401,1.9993],"faces":{"east":{"uv":[5.875,9.375,6,9.5],"texture":"#main","rotation":180},"south":{"uv":[6.1875,9.375,6.25,9.5],"texture":"#main","rotation":180},"north":{"uv":[6,9.375,6.0625,9.5],"texture":"#main"},"west":{"uv":[6.0625,9.375,6.1875,9.5],"texture":"#main","rotation":180},"up":{"uv":[6.0625,9.375,6,9.25],"texture":"#main"},"down":{"uv":[6.125,9.25,6.0625,9.375],"texture":"#main","rotation":180}}},{"rotation":{"origin":[8,2.625,18],"angle":22.5,"axis":"z"},"from":[2.0006,12.6247,-0.0005],"to":[4.0006,13.6247,1.9995],"faces":{"east":{"uv":[5.375,9.375,5.5,9.4375],"texture":"#main","rotation":90},"south":{"uv":[5.75,9.375,5.875,9.4375],"texture":"#main","rotation":90},"north":{"uv":[5.5,9.375,5.625,9.4375],"texture":"#main","rotation":90},"west":{"uv":[5.625,9.375,5.75,9.4375],"texture":"#main","rotation":90},"up":{"uv":[5.625,9.375,5.5,9.25],"texture":"#main","rotation":90},"down":{"uv":[5.75,9.25,5.625,9.375],"texture":"#main","rotation":90}}},{"from":[-1.9998,5.6256,1.9991],"to":[3.0002,10.6256,20.9991],"faces":{"east":{"uv":[3,2.75,4.1875,3.0625],"texture":"#main","rotation":180},"south":{"uv":[5.6875,2.75,6,3.0625],"texture":"#main","rotation":180},"north":{"uv":[4.1875,2.75,4.5,3.0625],"texture":"#main"},"west":{"uv":[4.5,2.75,5.6875,3.0625],"texture":"#main","rotation":180},"up":{"uv":[4.5,2.75,4.1875,1.5625],"texture":"#main"},"down":{"uv":[4.8125,1.5625,4.5,2.75],"texture":"#main","rotation":180}}},{"from":[-3.0009,4.6258,3.0002],"to":[-0.0008995533,11.6258,12.0002],"faces":{"east":{"uv":[0,8.3125,0.5625,8.75],"texture":"#main","rotation":180},"south":{"uv":[1.3125,8.3125,1.5,8.75],"texture":"#main","rotation":180},"north":{"uv":[0.5625,8.3125,0.75,8.75],"texture":"#main"},"west":{"uv":[0.75,8.3125,1.3125,8.75],"texture":"#main","rotation":180},"up":{"uv":[0.75,8.3125,0.5625,7.75],"texture":"#main"},"down":{"uv":[0.9375,7.75,0.75,8.3125],"texture":"#main","rotation":180}}},{"from":[-3.9994,5.624,4],"to":[-2.9994,10.624,11],"faces":{"east":{"uv":[4.75,8.1875,5.1875,8.5],"texture":"#main","rotation":180},"south":{"uv":[5.6875,8.1875,5.75,8.5],"texture":"#main","rotation":180},"north":{"uv":[5.1875,8.1875,5.25,8.5],"texture":"#main"},"west":{"uv":[5.25,8.1875,5.6875,8.5],"texture":"#main","rotation":180},"up":{"uv":[5.25,8.1875,5.1875,7.75],"texture":"#main"},"down":{"uv":[5.3125,7.75,5.25,8.1875],"texture":"#main","rotation":180}}},{"from":[-6.9991,6.6246,5.0009],"to":[-3.9991,9.624596,9.0009],"faces":{"east":{"uv":[1.875,9,2.125,9.1875],"texture":"#main","rotation":180},"south":{"uv":[2.5625,9,2.75,9.1875],"texture":"#main","rotation":180},"north":{"uv":[2.125,9,2.3125,9.1875],"texture":"#main"},"west":{"uv":[2.3125,9,2.5625,9.1875],"texture":"#main","rotation":180},"up":{"uv":[2.3125,9,2.125,8.75],"texture":"#main"},"down":{"uv":[2.5,8.75,2.3125,9],"texture":"#main","rotation":180}}},{"from":[-6.9995,7.1246,1.9998],"to":[-3.9995,9.124599,4.9998],"faces":{"east":{"uv":[6.75,8.9375,6.9375,9.0625],"texture":"#main","rotation":180},"south":{"uv":[7.3125,8.9375,7.5,9.0625],"texture":"#main","rotation":180},"north":{"uv":[6.9375,8.9375,7.125,9.0625],"texture":"#main"},"west":{"uv":[7.125,8.9375,7.3125,9.0625],"texture":"#main","rotation":180},"up":{"uv":[7.125,8.9375,6.9375,8.75],"texture":"#main"},"down":{"uv":[7.3125,8.75,7.125,8.9375],"texture":"#main","rotation":180}}},{"from":[-7.0004,6.6259,-2.0001],"to":[-4.0004,9.6259,1.9999],"faces":{"east":{"uv":[1,9,1.25,9.1875],"texture":"#main","rotation":180},"south":{"uv":[1.6875,9,1.875,9.1875],"texture":"#main","rotation":180},"north":{"uv":[1.25,9,1.4375,9.1875],"texture":"#main"},"west":{"uv":[1.4375,9,1.6875,9.1875],"texture":"#main","rotation":180},"up":{"uv":[1.4375,9,1.25,8.75],"texture":"#main"},"down":{"uv":[1.625,8.75,1.4375,9],"texture":"#main","rotation":180}}},{"from":[1.0002,0.625,10.9993],"to":[14.0002,14.625,12.9993],"faces":{"east":{"uv":[5.625,5.8125,5.75,6.6875],"texture":"#main"},"south":{"uv":[6.6875,5.8125,7.5,6.6875],"texture":"#main"},"north":{"uv":[5.75,5.8125,6.5625,6.6875],"texture":"#main"},"west":{"uv":[6.5625,5.8125,6.6875,6.6875],"texture":"#main"},"up":{"uv":[6.5625,5.8125,5.75,5.6875],"texture":"#main"},"down":{"uv":[7.375,5.6875,6.5625,5.8125],"texture":"#main"}}}],"display":{"head":{"translation":[2,-15.99,-7.651],"scale":[2.1738,2,2]}}}