{"credit":"Made with Blockbench","texture_size":[32,32],"textures":{"main":"pokemon/braviary"},"elements":[{"from":[5.88167,7.93179,-2.65125],"to":[11.32167,13.37179,5.16875],"rotation":{"angle":0,"axis":"y","origin":[-2.27833,5.55179,-10.81125]},"faces":{"north":{"uv":[7,0,9,2],"texture":"#main"},"east":{"uv":[0,5,3,7],"texture":"#main"},"south":{"uv":[7,2,9,4],"texture":"#main"},"west":{"uv":[3,6,6,8],"texture":"#main"},"up":{"uv":[8,9,6,6],"texture":"#main"},"down":{"uv":[2,7,0,10],"texture":"#main"}}},{"from":[5.54167,12.10212,4.93914],"to":[11.32167,12.10212,12.75914],"rotation":{"angle":22.5,"axis":"x","origin":[8.60167,12.09179,5.13475]},"faces":{"north":{"uv":[0,0,2.25,0],"texture":"#main"},"east":{"uv":[0,0,3,0],"texture":"#main"},"south":{"uv":[0,0,2.25,0],"texture":"#main"},"west":{"uv":[0,0,3,0],"texture":"#main"},"up":{"uv":[6.75,3,4.5,0],"texture":"#main"},"down":{"uv":[6.75,3,4.5,6],"texture":"#main"}}},{"from":[4.86167,6.23179,2.78875],"to":[6.56167,10.31179,5.50875],"rotation":{"angle":-22.5,"axis":"x","origin":[4.86167,7.59179,3.12875]},"faces":{"north":{"uv":[9.5,11.5,10.25,13],"texture":"#main"},"east":{"uv":[11,4.5,12,6],"texture":"#main"},"south":{"uv":[11.5,9.5,12.25,11],"texture":"#main"},"west":{"uv":[6,11,7,12.5],"texture":"#main"},"up":{"uv":[12.75,8.5,12,7.5],"texture":"#main"},"down":{"uv":[12.75,8.5,12,9.5],"texture":"#main"}}},{"from":[5.06567,4.9739,3.31133],"to":[6.35767,8.0339,5.35133],"rotation":{"angle":22.5,"axis":"x","origin":[5.71167,7.3539,4.33133]},"faces":{"north":{"uv":[6,12.5,6.5,13.75],"texture":"#main"},"east":{"uv":[2,12,2.75,13.25],"texture":"#main"},"south":{"uv":[12.5,6,13,7.25],"texture":"#main"},"west":{"uv":[3,12,3.75,13.25],"texture":"#main"},"up":{"uv":[13,11.75,12.5,11],"texture":"#main"},"down":{"uv":[12,12.5,11.5,13.25],"texture":"#main"}}},{"from":[4.92967,4.2939,3.17533],"to":[6.49367,4.9739,4.67133],"rotation":{"angle":22.5,"axis":"x","origin":[5.71167,7.3539,4.33133]},"faces":{"north":{"uv":[10.5,13,11,13.25],"texture":"#main"},"east":{"uv":[13,10.5,13.5,10.75],"texture":"#main"},"south":{"uv":[11,13,11.5,13.25],"texture":"#main"},"west":{"uv":[13,11,13.5,11.25],"texture":"#main"},"up":{"uv":[13.5,0.5,13,0],"texture":"#main"},"down":{"uv":[13.5,0.5,13,1],"texture":"#main"}}},{"from":[5.67767,3.46655,2.55421],"to":[5.67767,4.96255,3.91421],"rotation":{"angle":-22.5,"axis":"x","origin":[5.67767,4.21455,3.91421]},"faces":{"north":{"uv":[0,0,0,0.5],"texture":"#main"},"east":{"uv":[13,6,13.5,6.5],"texture":"#main"},"south":{"uv":[0,0,0,0.5],"texture":"#main"},"west":{"uv":[13,6.5,13.5,7],"texture":"#main"},"up":{"uv":[0,0.5,0,0],"texture":"#main"},"down":{"uv":[0,0,0,0.5],"texture":"#main"}}},{"from":[5.13367,3.6139,1.95133],"to":[5.13367,4.9739,3.44733],"rotation":{"angle":22.5,"axis":"x","origin":[5.71167,7.3539,4.33133]},"faces":{"north":{"uv":[0,0,0,0.5],"texture":"#main"},"east":{"uv":[5,13,5.5,13.5],"texture":"#main"},"south":{"uv":[0,0,0,0.5],"texture":"#main"},"west":{"uv":[13,5,13.5,5.5],"texture":"#main"},"up":{"uv":[0,0.5,0,0],"texture":"#main"},"down":{"uv":[0,0,0,0.5],"texture":"#main"}}},{"from":[5.67767,3.6139,1.67933],"to":[5.67767,4.9739,3.17533],"rotation":{"angle":22.5,"axis":"x","origin":[5.71167,7.3539,4.33133]},"faces":{"north":{"uv":[0,0,0,0.5],"texture":"#main"},"east":{"uv":[5.5,13,6,13.5],"texture":"#main"},"south":{"uv":[0,0,0,0.5],"texture":"#main"},"west":{"uv":[13,5.5,13.5,6],"texture":"#main"},"up":{"uv":[0,0.5,0,0],"texture":"#main"},"down":{"uv":[0,0,0,0.5],"texture":"#main"}}},{"from":[6.28967,3.6139,1.95133],"to":[6.28967,4.9739,3.44733],"rotation":{"angle":22.5,"axis":"x","origin":[5.71167,7.3539,4.33133]},"faces":{"north":{"uv":[0,0,0,0.5],"texture":"#main"},"east":{"uv":[13,1,13.5,1.5],"texture":"#main"},"south":{"uv":[0,0,0,0.5],"texture":"#main"},"west":{"uv":[13,4.5,13.5,5],"texture":"#main"},"up":{"uv":[0,0.5,0,0],"texture":"#main"},"down":{"uv":[0,0,0,0.5],"texture":"#main"}}},{"from":[10.64167,6.23179,2.78875],"to":[12.34167,10.31179,5.50875],"rotation":{"angle":-22.5,"axis":"x","origin":[12.34167,7.59179,3.12875]},"faces":{"north":{"uv":[10.5,11.5,11.25,13],"texture":"#main"},"east":{"uv":[11.5,6,12.5,7.5],"texture":"#main"},"south":{"uv":[11.5,11,12.25,12.5],"texture":"#main"},"west":{"uv":[7,11.5,8,13],"texture":"#main"},"up":{"uv":[13.25,2.5,12.5,1.5],"texture":"#main"},"down":{"uv":[13.25,2.5,12.5,3.5],"texture":"#main"}}},{"from":[10.84567,4.9739,3.31133],"to":[12.13767,8.0339,5.35133],"rotation":{"angle":22.5,"axis":"x","origin":[11.49167,7.3539,4.33133]},"faces":{"north":{"uv":[6.5,12.5,7,13.75],"texture":"#main"},"east":{"uv":[4,12,4.75,13.25],"texture":"#main"},"south":{"uv":[8,12.5,8.5,13.75],"texture":"#main"},"west":{"uv":[12,4.5,12.75,5.75],"texture":"#main"},"up":{"uv":[12.5,13.25,12,12.5],"texture":"#main"},"down":{"uv":[13,12,12.5,12.75],"texture":"#main"}}},{"from":[10.70967,4.2939,3.17533],"to":[12.27367,4.9739,4.67133],"rotation":{"angle":22.5,"axis":"x","origin":[11.49167,7.3539,4.33133]},"faces":{"north":{"uv":[13,11.5,13.5,11.75],"texture":"#main"},"east":{"uv":[13,12,13.5,12.25],"texture":"#main"},"south":{"uv":[12.5,13,13,13.25],"texture":"#main"},"west":{"uv":[13,12.5,13.5,12.75],"texture":"#main"},"up":{"uv":[7.5,13.5,7,13],"texture":"#main"},"down":{"uv":[13.5,7,13,7.5],"texture":"#main"}}},{"from":[11.52567,3.46655,2.55421],"to":[11.52567,4.96255,3.91421],"rotation":{"angle":-22.5,"axis":"x","origin":[11.52567,4.21455,3.91421]},"faces":{"north":{"uv":[0,0,0,0.5],"texture":"#main"},"east":{"uv":[13.5,6.5,13,7],"texture":"#main"},"south":{"uv":[0,0,0,0.5],"texture":"#main"},"west":{"uv":[13.5,6,13,6.5],"texture":"#main"},"up":{"uv":[0,0.5,0,0],"texture":"#main"},"down":{"uv":[0,0,0,0.5],"texture":"#main"}}},{"from":[12.06967,3.6139,1.95133],"to":[12.06967,4.9739,3.44733],"rotation":{"angle":22.5,"axis":"x","origin":[11.49167,7.3539,4.33133]},"faces":{"north":{"uv":[0,0,0,0.5],"texture":"#main"},"east":{"uv":[7.5,13,8,13.5],"texture":"#main"},"south":{"uv":[0,0,0,0.5],"texture":"#main"},"west":{"uv":[13,7.5,13.5,8],"texture":"#main"},"up":{"uv":[0,0.5,0,0],"texture":"#main"},"down":{"uv":[0,0,0,0.5],"texture":"#main"}}},{"from":[11.52567,3.6139,1.67933],"to":[11.52567,4.9739,3.17533],"rotation":{"angle":22.5,"axis":"x","origin":[11.49167,7.3539,4.33133]},"faces":{"north":{"uv":[0,0,0,0.5],"texture":"#main"},"east":{"uv":[13,8,13.5,8.5],"texture":"#main"},"south":{"uv":[0,0,0,0.5],"texture":"#main"},"west":{"uv":[13,8.5,13.5,9],"texture":"#main"},"up":{"uv":[0,0.5,0,0],"texture":"#main"},"down":{"uv":[0,0,0,0.5],"texture":"#main"}}},{"from":[10.91367,3.6139,1.95133],"to":[10.91367,4.9739,3.44733],"rotation":{"angle":22.5,"axis":"x","origin":[11.49167,7.3539,4.33133]},"faces":{"north":{"uv":[0,0,0,0.5],"texture":"#main"},"east":{"uv":[13,9,13.5,9.5],"texture":"#main"},"south":{"uv":[0,0,0,0.5],"texture":"#main"},"west":{"uv":[9.5,13,10,13.5],"texture":"#main"},"up":{"uv":[0,0.5,0,0],"texture":"#main"},"down":{"uv":[0,0,0,0.5],"texture":"#main"}}},{"from":[1.59767,12.69179,-2.65125],"to":[5.67767,13.37179,2.44875],"rotation":{"angle":-45,"axis":"z","origin":[5.71167,13.03179,-0.10125]},"faces":{"north":{"uv":[10,9.5,11.5,9.75],"texture":"#main"},"east":{"uv":[12.5,3.5,14.5,3.75],"texture":"#main"},"south":{"uv":[12.5,9.5,14,9.75],"texture":"#main"},"west":{"uv":[12.5,4,14.5,4.25],"texture":"#main"},"up":{"uv":[7.5,11,6,9],"texture":"#main"},"down":{"uv":[1.5,10,0,12],"texture":"#main"}}},{"from":[-10.20093,13.03179,-4.01125],"to":[2.03907,13.03179,2.44875],"rotation":{"angle":-45,"axis":"z","origin":[5.71167,13.03179,-0.10125]},"faces":{"north":{"uv":[0,0,4.5,0],"texture":"#main"},"east":{"uv":[0,0,2.5,0],"texture":"#main"},"south":{"uv":[0,0,4.5,0],"texture":"#main"},"west":{"uv":[0,0,2.5,0],"texture":"#main"},"up":{"uv":[4.5,2.5,0,0],"texture":"#main"},"down":{"uv":[4.5,2.5,0,5],"texture":"#main"}}},{"from":[11.52567,12.69179,-2.65125],"to":[15.60567,13.37179,2.44875],"rotation":{"angle":45,"axis":"z","origin":[11.49167,13.03179,-0.10125]},"faces":{"north":{"uv":[11.5,9.5,10,9.75],"texture":"#main"},"east":{"uv":[14.5,4,12.5,4.25],"texture":"#main"},"south":{"uv":[14,9.5,12.5,9.75],"texture":"#main"},"west":{"uv":[14.5,3.5,12.5,3.75],"texture":"#main"},"up":{"uv":[6,11,7.5,9],"texture":"#main"},"down":{"uv":[0,10,1.5,12],"texture":"#main"}}},{"from":[15.60567,13.03179,-4.01125],"to":[27.84567,13.03179,2.44875],"rotation":{"angle":45,"axis":"z","origin":[11.49167,13.03179,-0.10125]},"faces":{"north":{"uv":[4.5,0,0,0],"texture":"#main"},"east":{"uv":[2.5,0,0,0],"texture":"#main"},"south":{"uv":[4.5,0,0,0],"texture":"#main"},"west":{"uv":[2.5,0,0,0],"texture":"#main"},"up":{"uv":[0,2.5,4.5,0],"texture":"#main"},"down":{"uv":[0,2.5,4.5,5],"texture":"#main"}}},{"from":[6.56167,10.31179,-7.75125],"to":[10.64167,13.37179,-2.65125],"rotation":{"angle":0,"axis":"y","origin":[8.60167,10.65179,-7.58125]},"faces":{"north":{"uv":[11,1.5,12.5,2.75],"texture":"#main"},"east":{"uv":[9.5,10,11.5,11.25],"texture":"#main"},"south":{"uv":[11,3,12.5,4.25],"texture":"#main"},"west":{"uv":[11,0,13,1.25],"texture":"#main"},"up":{"uv":[3,12,1.5,10],"texture":"#main"},"down":{"uv":[4.5,10,3,12],"texture":"#main"}}},{"from":[6.22167,9.97179,-8.43125],"to":[6.22167,14.73179,-3.67125],"rotation":{"angle":-22.5,"axis":"y","origin":[6.22167,12.35179,-8.43125]},"faces":{"north":{"uv":[0,0,0,1.75],"texture":"#main"},"east":{"uv":[4,8,5.75,9.75],"texture":"#main"},"south":{"uv":[0,0,0,1.75],"texture":"#main"},"west":{"uv":[8,6,9.75,7.75],"texture":"#main"},"up":{"uv":[0,1.75,0,0],"texture":"#main"},"down":{"uv":[0,0,0,1.75],"texture":"#main"}}},{"from":[7.58167,9.48608,-10.6966],"to":[9.62167,11.86608,-7.6366],"rotation":{"angle":-22.5,"axis":"x","origin":[8.60167,10.63074,-9.9302]},"faces":{"north":{"uv":[2,7,2.75,8],"texture":"#main"},"east":{"uv":[3,5,4.25,6],"texture":"#main"},"south":{"uv":[5,12,5.75,13],"texture":"#main"},"west":{"uv":[8,11.5,9.25,12.5],"texture":"#main"},"up":{"uv":[0.75,13.25,0,12],"texture":"#main"},"down":{"uv":[1.75,12,1,13.25],"texture":"#main"}}},{"from":[7.92167,9.10662,-11.12831],"to":[9.28167,11.48662,-10.10831],"rotation":{"angle":0,"axis":"y","origin":[8.60167,10.63074,-9.9302]},"faces":{"north":{"uv":[7.5,9,8,9.75],"texture":"#main"},"east":{"uv":[8.5,12.5,9,13.25],"texture":"#main"},"south":{"uv":[9,12.5,9.5,13.25],"texture":"#main"},"west":{"uv":[12.5,10,13,10.75],"texture":"#main"},"up":{"uv":[7.5,11.5,7,11],"texture":"#main"},"down":{"uv":[12,7.5,11.5,8],"texture":"#main"}}},{"from":[6.22167,9.97179,-8.43125],"to":[10.98167,14.73179,-4.35125],"rotation":{"angle":0,"axis":"y","origin":[8.60167,10.65179,-7.58125]},"faces":{"north":{"uv":[7,4,8.75,5.75],"texture":"#main"},"east":{"uv":[4.5,10,6,11.75],"texture":"#main"},"south":{"uv":[2,8,3.75,9.75],"texture":"#main"},"west":{"uv":[10,6,11.5,7.75],"texture":"#main"},"up":{"uv":[9.25,11.5,7.5,10],"texture":"#main"},"down":{"uv":[11.75,8,10,9.5],"texture":"#main"}}},{"from":[6.22167,14.73179,-8.43125],"to":[10.98167,19.49179,-8.43125],"rotation":{"angle":45,"axis":"x","origin":[8.60167,14.73179,-8.43125]},"faces":{"north":{"uv":[9,2,10.75,3.75],"texture":"#main"},"east":{"uv":[0,0,0,1.75],"texture":"#main"},"south":{"uv":[9,4,10.75,5.75],"texture":"#main"},"west":{"uv":[0,0,0,1.75],"texture":"#main"},"up":{"uv":[1.75,0,0,0],"texture":"#main"},"down":{"uv":[1.75,0,0,0],"texture":"#main"}}},{"from":[10.98167,9.97179,-8.43125],"to":[10.98167,14.73179,-3.67125],"rotation":{"angle":22.5,"axis":"y","origin":[10.98167,12.35179,-8.43125]},"faces":{"north":{"uv":[0,0,0,1.75],"texture":"#main"},"east":{"uv":[8,8,9.75,9.75],"texture":"#main"},"south":{"uv":[0,0,0,1.75],"texture":"#main"},"west":{"uv":[9,0,10.75,1.75],"texture":"#main"},"up":{"uv":[0,1.75,0,0],"texture":"#main"},"down":{"uv":[0,0,0,1.75],"texture":"#main"}}}],"groups":[{"name":"Braviary","origin":[-0.00463,15.91168,-0.19098],"color":0,"nbt":"{}","armAnimationEnabled":false,"children":[{"name":"body","origin":[0.00324,14.83682,0.87118],"color":0,"nbt":"{}","armAnimationEnabled":false,"children":[0,{"name":"tail","origin":[0.00324,19.88682,6.46618],"color":0,"nbt":"{}","armAnimationEnabled":false,"children":[1]},{"name":"leg_l","origin":[-3.6214,16.10932,4.39109],"color":0,"nbt":"{}","armAnimationEnabled":false,"children":[2,3,4,5,6,7,8]},{"name":"leg_r","origin":[3.62788,16.10932,3.39109],"color":0,"nbt":"{}","armAnimationEnabled":false,"children":[9,10,11,12,13,14,15]},{"name":"wing_l","origin":[-3.60926,20.31182,-0.07882],"color":0,"nbt":"{}","armAnimationEnabled":false,"children":[16,{"name":"wing2_l","origin":[-7.15492,24.10749,-0.92882],"color":0,"nbt":"{}","armAnimationEnabled":false,"children":[17]}]},{"name":"wing_r","origin":[3.61574,20.31182,-0.07882],"color":0,"nbt":"{}","armAnimationEnabled":false,"children":[18,{"name":"wing2_r","origin":[7.2864,24.00749,-0.92882],"color":0,"nbt":"{}","armAnimationEnabled":false,"children":[19]}]},{"name":"neck","origin":[0.00324,18.48161,-3.24976],"color":0,"nbt":"{}","armAnimationEnabled":false,"children":[20,{"name":"head","origin":[0.00324,18.59115,-5.42409],"color":0,"nbt":"{}","armAnimationEnabled":false,"children":[21,22,23,24,25,26]}]}]}]}]}