{"parent":"physical_parent","textures":{"main":"pokemon/bulbasaur","particle":"pokemon/bulbasaur"},"elements":[{"from":[5.5,1.5,3],"to":[12.5,8.5,8],"faces":{"east":{"uv":[3.75,0,5,1.75],"texture":"#main"},"south":{"uv":[5.25,0,6.75,1.5],"texture":"#main"},"north":{"uv":[0,0,1.75,1.75],"texture":"#main"},"west":{"uv":[1.75,0,3,1.75],"texture":"#main"},"up":{"uv":[7,0,8.25,1.75],"texture":"#main","rotation":270},"down":{"uv":[5.5,0,6.75,1.75],"texture":"#main","rotation":270}}},{"from":[6,2,7],"to":[12,6,15],"faces":{"east":{"uv":[0,2,2.25,3],"texture":"#main"},"south":{"uv":[0,3.25,1.5,4.25],"texture":"#main"},"north":{"uv":[0,3.25,1.5,4.25],"texture":"#main"},"west":{"uv":[2.5,2,4.75,3],"texture":"#main"},"up":{"uv":[3.75,3.5,5.25,5.5],"texture":"#main"},"down":{"uv":[1.75,3.25,3.25,5.25],"texture":"#main"}}},{"from":[11,-1,8],"to":[13,3,10],"faces":{"east":{"uv":[8,2,8.5,3],"texture":"#main"},"south":{"uv":[8,2,8.5,3],"texture":"#main"},"north":{"uv":[6.5,2,7,3],"texture":"#main"},"west":{"uv":[8,2,8.5,3],"texture":"#main"},"up":{"uv":[8,2,8.5,3],"texture":"#main"},"down":{"uv":[8,2,8.5,3],"texture":"#main"}}},{"from":[5,-1,8],"to":[7,3,10],"faces":{"east":{"uv":[8,2,8.5,3],"texture":"#main"},"south":{"uv":[8,2,8.5,3],"texture":"#main"},"north":{"uv":[5.75,2,6.25,3],"texture":"#main"},"west":{"uv":[8,2,8.5,3],"texture":"#main"},"up":{"uv":[8,2,8.5,3],"texture":"#main"},"down":{"uv":[8,2,8.5,3],"texture":"#main"}}},{"from":[5,-1,12],"to":[7,3,14],"faces":{"east":{"uv":[8,2,8.5,3],"texture":"#main"},"south":{"uv":[8,2,8.5,3],"texture":"#main"},"north":{"uv":[6.5,2,7,3],"texture":"#main"},"west":{"uv":[8,2,8.5,3],"texture":"#main"},"up":{"uv":[8,2,8.5,3],"texture":"#main"},"down":{"uv":[8,2,8.5,3],"texture":"#main"}}},{"from":[11,-1,12],"to":[13,3,14],"faces":{"east":{"uv":[8,2,8.5,3],"texture":"#main"},"south":{"uv":[8,2,8.5,3],"texture":"#main"},"north":{"uv":[5.75,2,6.25,3],"texture":"#main"},"west":{"uv":[8,2,8.5,3],"texture":"#main"},"up":{"uv":[8,2,8.5,3],"texture":"#main"},"down":{"uv":[8,2,8.5,3],"texture":"#main"}}},{"from":[6,6,9],"to":[12,10,15],"faces":{"east":{"uv":[9,2,10.5,3],"texture":"#main"},"south":{"uv":[9,2,10.5,3],"texture":"#main"},"north":{"uv":[9,2,10.5,3],"texture":"#main"},"west":{"uv":[9,2,10.5,3],"texture":"#main"},"up":{"uv":[9,3.25,10.5,4.75],"texture":"#main","rotation":180}}},{"from":[7,10,10],"to":[11,11,14],"faces":{"east":{"uv":[9.25,2,10.25,2.25],"texture":"#main","rotation":180},"south":{"uv":[9.25,2,10.25,2.25],"texture":"#main","rotation":180},"north":{"uv":[9.25,2,10.25,2.25],"texture":"#main"},"west":{"uv":[9.25,2,10.25,2.25],"texture":"#main"},"up":{"uv":[9.25,3.5,10.25,4.5],"texture":"#main","rotation":180}}},{"from":[8,11,11],"to":[8.1,13,13],"faces":{"east":{"uv":[12.25,2.25,12.75,2.75],"texture":"#main"},"west":{"uv":[11.5,2.25,12,2.75],"texture":"#main"}}},{"from":[8.05,11,10.95],"to":[10.05,13,11.05],"faces":{"south":{"uv":[11.5,2.25,12,2.75],"texture":"#main"},"north":{"uv":[12.25,2.25,12.75,2.75],"texture":"#main"}}},{"from":[10,11,11],"to":[10.1,13,13],"faces":{"east":{"uv":[11.5,2.25,12,2.75],"texture":"#main"},"west":{"uv":[12.25,2.25,12.75,2.75],"texture":"#main"}}},{"from":[8.05,11,12.95],"to":[10.05,13,13.05],"faces":{"south":{"uv":[12.25,2.25,12.75,2.75],"texture":"#main"},"north":{"uv":[11.5,2.25,12,2.75],"texture":"#main"}}},{"from":[5.5,8.5,4],"to":[7.5,9.5,4.1],"faces":{"south":{"uv":[4.5,3.5,5,3.75],"texture":"#main"},"north":{"uv":[4.5,3.5,5,3.75],"texture":"#main"}}},{"from":[10.5,8.5,4],"to":[12.5,9.5,4.1],"faces":{"south":{"uv":[4.5,3.5,5,3.75],"texture":"#main"},"north":{"uv":[4.5,3.5,5,3.75],"texture":"#main","rotation":180}}}],"display":{"head":{"translation":[-2.086,-25.73,-2.782],"scale":[2.2782,2,2.313]}}}