{"parent":"physical_parent","textures":{"main":"pokemon/butterfree_animated"},"elements":[{"from":[5,16,6],"to":[11,22,12],"faces":{"east":{"uv":[0,0.375,0.375,0.75],"texture":"#main"},"south":{"uv":[1.3125,0.375,1.6875,0.75],"texture":"#main"},"north":{"uv":[0.875,0.375,1.25,0.75],"texture":"#main"},"west":{"uv":[1.3125,0.375,1.6875,0.75],"texture":"#main"},"up":{"uv":[0.4375,0.375,0.8125,0.75],"texture":"#main"},"down":{"uv":[0.4375,0.375,0.8125,0.75],"texture":"#main"}}},{"from":[6,12,7],"to":[10,16,11],"faces":{"east":{"uv":[0,0,0.25,0.25],"texture":"#main"},"south":{"uv":[0.625,0,0.875,0.25],"texture":"#main"},"north":{"uv":[0.625,0,0.875,0.25],"texture":"#main"},"west":{"uv":[0.3125,0,0.5625,0.25],"texture":"#main"},"down":{"uv":[0.3125,0,0.5625,0.25],"texture":"#main"}}},{"rotation":{"origin":[8,8,8],"angle":22.5,"axis":"y"},"from":[7,8,9],"to":[7.1,12,11],"faces":{"east":{"uv":[1.875,1.75,2,2],"texture":"#main"},"west":{"uv":[1.875,1.75,2,2],"texture":"#main"}}},{"rotation":{"origin":[8,8,8],"angle":-22.5,"axis":"y"},"from":[7,8,7],"to":[7.1,12,9],"faces":{"east":{"uv":[2.0625,1.75,2.1875,2],"texture":"#main"},"west":{"uv":[1.875,1.75,2,2],"texture":"#main"}}},{"from":[8,22,6],"to":[8.1,28,12],"faces":{"east":{"uv":[1.4375,1.5625,1.8125,2],"texture":"#main"},"west":{"uv":[1.4375,1.5625,1.8125,2],"texture":"#main"}}},{"rotation":{"origin":[8,8,8],"angle":22.5,"axis":"y"},"from":[7,9,-4],"to":[7.1,29,6],"faces":{"east":{"uv":[0.6875,0.9375,1.3125,2],"texture":"#main"},"west":{"uv":[0,0.9375,0.625,2],"texture":"#main"}}},{"rotation":{"origin":[8,8,8],"angle":-22.5,"axis":"y"},"from":[7,9,12],"to":[7.1,29,22],"faces":{"east":{"uv":[0,0.9375,0.625,2],"texture":"#main"},"west":{"uv":[0.6875,0.9375,1.3125,2],"texture":"#main"}}},{"from":[5,16,6],"to":[11,22,12],"faces":{"east":{"uv":[4,0.375,4.375,0.75],"texture":"#main"},"south":{"uv":[5.3125,0.375,5.6875,0.75],"texture":"#main"},"north":{"uv":[4.875,0.375,5.25,0.75],"texture":"#main"},"west":{"uv":[5.3125,0.375,5.6875,0.75],"texture":"#main"},"up":{"uv":[4.4375,0.375,4.8125,0.75],"texture":"#main"},"down":{"uv":[4.4375,0.375,4.8125,0.75],"texture":"#main"}}},{"from":[6,12,7],"to":[10,16,11],"faces":{"east":{"uv":[4,0,4.25,0.25],"texture":"#main"},"south":{"uv":[4.625,0,4.875,0.25],"texture":"#main"},"north":{"uv":[4.625,0,4.875,0.25],"texture":"#main"},"west":{"uv":[4.3125,0,4.5625,0.25],"texture":"#main"},"down":{"uv":[4.3125,0,4.5625,0.25],"texture":"#main"}}},{"rotation":{"origin":[8,8,8],"angle":22.5,"axis":"y"},"from":[7,8,9],"to":[7.1,12,11],"faces":{"east":{"uv":[5.875,1.75,6,2],"texture":"#main"},"west":{"uv":[5.875,1.75,6,2],"texture":"#main"}}},{"rotation":{"origin":[8,8,8],"angle":-22.5,"axis":"y"},"from":[7,8,7],"to":[7.1,12,9],"faces":{"east":{"uv":[6.0625,1.75,6.1875,2],"texture":"#main"},"west":{"uv":[5.875,1.75,6,2],"texture":"#main"}}},{"from":[8,22,6],"to":[8.1,28,12],"faces":{"east":{"uv":[5.4375,1.5625,5.8125,2],"texture":"#main"},"west":{"uv":[5.4375,1.5625,5.8125,2],"texture":"#main"}}},{"rotation":{"origin":[8,8,8],"angle":45,"axis":"y"},"from":[7,9,-4],"to":[7.1,29,6],"faces":{"east":{"uv":[4.6875,0.9375,5.3125,2],"texture":"#main"},"west":{"uv":[4,0.9375,4.625,2],"texture":"#main"}}},{"rotation":{"origin":[9.375,8,8.5],"angle":-45,"axis":"y"},"from":[8.375,9,12.5],"to":[8.475,29,22.5],"faces":{"east":{"uv":[4,0.9375,4.625,2],"texture":"#main"},"west":{"uv":[4.6875,0.9375,5.3125,2],"texture":"#main"}}},{"from":[5,16,6],"to":[11,22,12],"faces":{"east":{"uv":[8,0.375,8.375,0.75],"texture":"#main"},"south":{"uv":[9.3125,0.375,9.6875,0.75],"texture":"#main"},"north":{"uv":[8.875,0.375,9.25,0.75],"texture":"#main"},"west":{"uv":[9.3125,0.375,9.6875,0.75],"texture":"#main"},"up":{"uv":[8.4375,0.375,8.8125,0.75],"texture":"#main"},"down":{"uv":[8.4375,0.375,8.8125,0.75],"texture":"#main"}}},{"from":[6,12,7],"to":[10,16,11],"faces":{"east":{"uv":[8,0,8.25,0.25],"texture":"#main"},"south":{"uv":[8.625,0,8.875,0.25],"texture":"#main"},"north":{"uv":[8.625,0,8.875,0.25],"texture":"#main"},"west":{"uv":[8.3125,0,8.5625,0.25],"texture":"#main"},"down":{"uv":[8.3125,0,8.5625,0.25],"texture":"#main"}}},{"rotation":{"origin":[8,8,8],"angle":22.5,"axis":"y"},"from":[7,8,9],"to":[7.1,12,11],"faces":{"east":{"uv":[9.875,1.75,10,2],"texture":"#main"},"west":{"uv":[9.875,1.75,10,2],"texture":"#main"}}},{"rotation":{"origin":[8,8,8],"angle":-22.5,"axis":"y"},"from":[7,8,7],"to":[7.1,12,9],"faces":{"east":{"uv":[10.0625,1.75,10.1875,2],"texture":"#main"},"west":{"uv":[9.875,1.75,10,2],"texture":"#main"}}},{"from":[8,22,6],"to":[8.1,28,12],"faces":{"east":{"uv":[9.4375,1.5625,9.8125,2],"texture":"#main"},"west":{"uv":[9.4375,1.5625,9.8125,2],"texture":"#main"}}},{"rotation":{"origin":[8,8,8],"angle":-22.5,"axis":"y"},"from":[-4,9,8.9],"to":[6,29,9],"faces":{"south":{"uv":[8,0.9375,8.625,2],"texture":"#main"},"north":{"uv":[8.6875,0.9375,9.3125,2],"texture":"#main"}}},{"rotation":{"origin":[9.75,8,9.25],"angle":22.5,"axis":"y"},"from":[-4.25,9,8.25],"to":[5.75,29,8.35],"faces":{"south":{"uv":[8,0.9375,8.625,2],"texture":"#main"},"north":{"uv":[8.6875,0.9375,9.3125,2],"texture":"#main"}}},{"from":[5,16,6],"to":[11,22,12],"faces":{"east":{"uv":[12,0.375,12.375,0.75],"texture":"#main"},"south":{"uv":[13.3125,0.375,13.6875,0.75],"texture":"#main"},"north":{"uv":[12.875,0.375,13.25,0.75],"texture":"#main"},"west":{"uv":[13.3125,0.375,13.6875,0.75],"texture":"#main"},"up":{"uv":[12.4375,0.375,12.8125,0.75],"texture":"#main"},"down":{"uv":[12.4375,0.375,12.8125,0.75],"texture":"#main"}}},{"from":[6,12,7],"to":[10,16,11],"faces":{"east":{"uv":[12,0,12.25,0.25],"texture":"#main"},"south":{"uv":[12.625,0,12.875,0.25],"texture":"#main"},"north":{"uv":[12.625,0,12.875,0.25],"texture":"#main"},"west":{"uv":[12.3125,0,12.5625,0.25],"texture":"#main"},"down":{"uv":[12.3125,0,12.5625,0.25],"texture":"#main"}}},{"rotation":{"origin":[8,8,8],"angle":22.5,"axis":"y"},"from":[7,8,9],"to":[7.1,12,11],"faces":{"east":{"uv":[13.875,1.75,14,2],"texture":"#main"},"west":{"uv":[13.875,1.75,14,2],"texture":"#main"}}},{"rotation":{"origin":[8,8,8],"angle":-22.5,"axis":"y"},"from":[7,8,7],"to":[7.1,12,9],"faces":{"east":{"uv":[14.0625,1.75,14.1875,2],"texture":"#main"},"west":{"uv":[13.875,1.75,14,2],"texture":"#main"}}},{"from":[8,22,6],"to":[8.1,28,12],"faces":{"east":{"uv":[13.4375,1.5625,13.8125,2],"texture":"#main"},"west":{"uv":[13.4375,1.5625,13.8125,2],"texture":"#main"}}},{"rotation":{"origin":[8,8,8],"angle":0,"axis":"y"},"from":[7,9,-4],"to":[7.1,29,6],"faces":{"east":{"uv":[12.6875,0.9375,13.3125,2],"texture":"#main"},"west":{"uv":[12,0.9375,12.625,2],"texture":"#main"}}},{"from":[7,9,12],"to":[7.1,29,22],"faces":{"east":{"uv":[12,0.9375,12.625,2],"texture":"#main"},"west":{"uv":[12.6875,0.9375,13.3125,2],"texture":"#main"}}},{"from":[5,16,6],"to":[11,22,12],"faces":{"east":{"uv":[0,4.375,0.375,4.75],"texture":"#main"},"south":{"uv":[1.3125,4.375,1.6875,4.75],"texture":"#main"},"north":{"uv":[0.875,4.375,1.25,4.75],"texture":"#main"},"west":{"uv":[1.3125,4.375,1.6875,4.75],"texture":"#main"},"up":{"uv":[0.4375,4.375,0.8125,4.75],"texture":"#main"},"down":{"uv":[0.4375,4.375,0.8125,4.75],"texture":"#main"}}},{"from":[6,12,7],"to":[10,16,11],"faces":{"east":{"uv":[0,4,0.25,4.25],"texture":"#main"},"south":{"uv":[0.625,4,0.875,4.25],"texture":"#main"},"north":{"uv":[0.625,4,0.875,4.25],"texture":"#main"},"west":{"uv":[0.3125,4,0.5625,4.25],"texture":"#main"},"down":{"uv":[0.3125,4,0.5625,4.25],"texture":"#main"}}},{"rotation":{"origin":[8,8,8],"angle":22.5,"axis":"y"},"from":[7.0446,8,9.0427],"to":[7.1446,12,11.0427],"faces":{"east":{"uv":[1.875,5.75,2,6],"texture":"#main"},"west":{"uv":[1.875,5.75,2,6],"texture":"#main"}}},{"rotation":{"origin":[8,8,8],"angle":-22.5,"axis":"y"},"from":[7.0446,8,6.9573],"to":[7.1446,12,8.9573],"faces":{"east":{"uv":[2.0625,5.75,2.1875,6],"texture":"#main"},"west":{"uv":[1.875,5.75,2,6],"texture":"#main"}}},{"from":[8,22,6],"to":[8.1,28,12],"faces":{"east":{"uv":[1.4375,5.5625,1.8125,6],"texture":"#main"},"west":{"uv":[1.4375,5.5625,1.8125,6],"texture":"#main"}}},{"rotation":{"origin":[7.75,8,8.125],"angle":-22.5,"axis":"y"},"from":[7.2744,9,-3.9072],"to":[7.3744,29,6.0928],"faces":{"east":{"uv":[0.6875,4.9375,1.3125,6],"texture":"#main"},"west":{"uv":[0,4.9375,0.625,6],"texture":"#main"}}},{"rotation":{"origin":[7.25,8,8],"angle":22.5,"axis":"y"},"from":[6.4254,9,12.0398],"to":[6.5254,29,22.0398],"faces":{"east":{"uv":[0,4.9375,0.625,6],"texture":"#main"},"west":{"uv":[0.6875,4.9375,1.3125,6],"texture":"#main"}}}],"display":{"head":{"rotation":[0,92,0],"translation":[-1.1,-16.69,-1.391]},"firstperson_righthand":{"scale":[0.0001,0.0001,0.0001]},"thirdperson_lefthand":{"scale":[0.0001,0.0001,0.0001]},"firstperson_lefthand":{"scale":[0.0001,0.0001,0.0001]},"gui":{"rotation":[0,-91,0],"translation":[0.6956,-6.26,0],"scale":[0.5,0.5,0.5]}}}