{"credit":"Made with Blockbench","texture_size":[64,64],"textures":{"particle":"pokemon/carnivine","main":"pokemon/carnivine"},"elements":[{"from":[5.5,9,6],"to":[10.5,15,12],"rotation":{"angle":0,"axis":"y","origin":[0.5,0,0]},"faces":{"north":{"uv":[11,3.75,12.25,5.25],"texture":"#main"},"east":{"uv":[9.5,3.75,11,5.25],"texture":"#main"},"south":{"uv":[13.75,3.75,15,5.25],"texture":"#main"},"west":{"uv":[12.25,3.75,13.75,5.25],"texture":"#main"},"up":{"uv":[12.25,3.75,11,2.25],"texture":"#main"},"down":{"uv":[13.5,2.25,12.25,3.75],"texture":"#main"}}},{"from":[4,3,7],"to":[4,12,12],"rotation":{"angle":-22.5,"axis":"z","origin":[4,12,9.5]},"faces":{"north":{"uv":[1.25,3.75,1.25,6],"texture":"#main"},"east":{"uv":[0,3.75,1.25,6],"texture":"#main"},"south":{"uv":[2.5,3.75,2.5,6],"texture":"#main"},"west":{"uv":[1.25,3.75,2.5,6],"texture":"#main"},"up":{"uv":[1.25,3.75,1.25,2.5],"texture":"#main"},"down":{"uv":[1.25,2.5,1.25,3.75],"texture":"#main"}}},{"from":[3.5,9,8],"to":[4.5,15,11],"rotation":{"angle":-22.5,"axis":"z","origin":[4,12,9.5]},"faces":{"north":{"uv":[0.75,0.75,1,2.25],"texture":"#main"},"east":{"uv":[0,0.75,0.75,2.25],"texture":"#main"},"south":{"uv":[1.75,0.75,2,2.25],"texture":"#main"},"west":{"uv":[1,0.75,1.75,2.25],"texture":"#main"},"up":{"uv":[1,0.75,0.75,0],"texture":"#main"},"down":{"uv":[1.25,0,1,0.75],"texture":"#main"}}},{"from":[11.5,9,8],"to":[12.5,15,11],"shade":false,"rotation":{"angle":22.5,"axis":"z","origin":[12,12,9.5]},"faces":{"north":{"uv":[1,0.75,0.75,2.25],"texture":"#main"},"east":{"uv":[1.75,0.75,1,2.25],"texture":"#main"},"south":{"uv":[2,0.75,1.75,2.25],"texture":"#main"},"west":{"uv":[0.75,0.75,0,2.25],"texture":"#main"},"up":{"uv":[0.75,0.75,1,0],"texture":"#main"},"down":{"uv":[1,0,1.25,0.75],"texture":"#main"}}},{"from":[12,3,7],"to":[12,12,12],"shade":false,"rotation":{"angle":22.5,"axis":"z","origin":[12,12,9.5]},"faces":{"north":{"uv":[1.25,3.75,1.25,6],"texture":"#main"},"east":{"uv":[2.5,3.75,1.25,6],"texture":"#main"},"south":{"uv":[2.5,3.75,2.5,6],"texture":"#main"},"west":{"uv":[1.25,3.75,0,6],"texture":"#main"},"up":{"uv":[1.25,3.75,1.25,2.5],"texture":"#main"},"down":{"uv":[1.25,2.5,1.25,3.75],"texture":"#main"}}},{"from":[2.78033,-3,8],"to":[13.78033,10,8],"rotation":{"angle":0,"axis":"y","origin":[8.53033,4,8]},"faces":{"north":{"uv":[0,9,2.75,12.25],"texture":"#main"},"east":{"uv":[0,9,0,12.25],"texture":"#main"},"south":{"uv":[2.75,9,0,12.25],"texture":"#main"},"west":{"uv":[2.75,9,2.75,12.25],"texture":"#main"},"up":{"uv":[2.75,9,0,9],"texture":"#main"},"down":{"uv":[5.5,9,2.75,9],"texture":"#main"}}},{"from":[7.46967,-4,3.57322],"to":[7.46967,9,14.57322],"shade":false,"rotation":{"angle":0,"axis":"y","origin":[7.46967,4,7.82322]},"faces":{"north":{"uv":[2.75,9.25,2.75,12.5],"texture":"#main"},"east":{"uv":[0,9.25,2.75,12.5],"texture":"#main"},"south":{"uv":[5.5,9.25,5.5,12.5],"texture":"#main"},"west":{"uv":[2.75,9.25,0,12.5],"texture":"#main"},"up":{"uv":[2.75,9.25,2.75,6.5],"texture":"#main"},"down":{"uv":[2.75,6.5,2.75,9.25],"texture":"#main"}}},{"from":[2,16,4],"to":[14,21,14],"rotation":{"angle":0,"axis":"y","origin":[1,0,0]},"faces":{"north":{"uv":[2.5,2.5,5.5,3.75],"texture":"#main"},"east":{"uv":[0,2.5,2.5,3.75],"texture":"#main"},"south":{"uv":[8,2.5,11,3.75],"texture":"#main"},"west":{"uv":[5.5,2.5,8,3.75],"texture":"#main"},"up":{"uv":[5.5,2.5,2.5,0],"texture":"#main"},"down":{"uv":[8.5,0,5.5,2.5],"texture":"#main"}}},{"from":[2,14,4],"to":[14,18,14],"rotation":{"angle":0,"axis":"x","origin":[8,16.5,9]},"faces":{"north":{"uv":[2.5,6.25,5.5,7.25],"texture":"#main"},"east":{"uv":[0,6.25,2.5,7.25],"texture":"#main"},"south":{"uv":[8,6.25,11,7.25],"texture":"#main"},"west":{"uv":[5.5,6.25,8,7.25],"texture":"#main"},"up":{"uv":[5.5,6.25,2.5,3.75],"texture":"#main"},"down":{"uv":[8.5,3.75,5.5,6.25],"texture":"#main"}}},{"from":[-0.5,17,12],"to":[16.5,24,12],"rotation":{"angle":0,"axis":"y","origin":[1.5,0,0]},"faces":{"north":{"uv":[0,7.25,4.25,9],"texture":"#main"},"east":{"uv":[0,7.25,0,9],"texture":"#main"},"south":{"uv":[4.25,7.25,0,9],"texture":"#main"},"west":{"uv":[4.25,7.25,4.25,9],"texture":"#main"},"up":{"uv":[4.25,7.25,0,7.25],"texture":"#main"},"down":{"uv":[8.5,7.25,4.25,7.25],"texture":"#main"}}}],"display":{"head":{"translation":[0,-27,0],"scale":[1.6,1.6,1.6]}},"groups":[{"name":"root","origin":[8,8,8],"color":0,"children":[0,1,2,3,4,5,6,7,8,9]}]}