{"credit":"Made with Blockbench","texture_size":[32,32],"textures":{"main":"pokemon/carracosta"},"elements":[{"from":[1.14488,5.27828,5.73563],"to":[14.66488,19.31828,12.49563],"rotation":{"angle":0,"axis":"y","origin":[-16.73513,0.07828,-12.70438]},"faces":{"north":{"uv":[0,0,3.25,3.5],"texture":"#main"},"east":{"uv":[6.5,0,8.25,3.5],"texture":"#main"},"south":{"uv":[0,3.5,3.25,7],"texture":"#main"},"west":{"uv":[6.5,3.5,8.25,7],"texture":"#main"},"up":{"uv":[3.25,8.75,0,7],"texture":"#main"},"down":{"uv":[6.75,7,3.5,8.75],"texture":"#main"}}},{"from":[2.18488,18.27828,5.73563],"to":[4.26488,21.39828,7.81563],"rotation":{"angle":0,"axis":"y","origin":[-16.73513,0.07828,-12.70438]},"faces":{"north":{"uv":[2.5,12,3,12.75],"texture":"#main"},"east":{"uv":[12,10.5,12.5,11.25],"texture":"#main"},"south":{"uv":[11.5,12,12,12.75],"texture":"#main"},"west":{"uv":[12,11.5,12.5,12.25],"texture":"#main"},"up":{"uv":[11.5,7.5,11,7],"texture":"#main"},"down":{"uv":[0.5,12.5,0,13],"texture":"#main"}}},{"from":[11.54488,18.27828,5.73563],"to":[13.62488,21.39828,7.81563],"rotation":{"angle":0,"axis":"y","origin":[16.54488,0.07828,-12.70438]},"faces":{"north":{"uv":[3,12,2.5,12.75],"texture":"#main"},"east":{"uv":[12.5,11.5,12,12.25],"texture":"#main"},"south":{"uv":[12,12,11.5,12.75],"texture":"#main"},"west":{"uv":[12.5,10.5,12,11.25],"texture":"#main"},"up":{"uv":[11,7.5,11.5,7],"texture":"#main"},"down":{"uv":[0,12.5,0.5,13],"texture":"#main"}}},{"from":[1.66488,3.71828,3.65562],"to":[14.14488,18.27828,9.89563],"rotation":{"angle":0,"axis":"y","origin":[-16.73513,0.07828,-12.70438]},"faces":{"north":{"uv":[3.5,0,6.5,3.5],"texture":"#main"},"east":{"uv":[7,7,8.5,10.5],"texture":"#main"},"south":{"uv":[3.5,3.5,6.5,7],"texture":"#main"},"west":{"uv":[8.5,0,10,3.5],"texture":"#main"},"up":{"uv":[11.5,9,8.5,7.5],"texture":"#main"},"down":{"uv":[3,9,0,10.5],"texture":"#main"}}},{"from":[-4.57512,9.95828,6.25562],"to":[1.66488,18.27828,6.25562],"rotation":{"angle":0,"axis":"y","origin":[-16.73513,0.07828,-12.70438]},"faces":{"north":{"uv":[3,9,4.5,11],"texture":"#main"},"east":{"uv":[0,0,0,2],"texture":"#main"},"south":{"uv":[4.5,9,6,11],"texture":"#main"},"west":{"uv":[0,0,0,2],"texture":"#main"},"up":{"uv":[1.5,0,0,0],"texture":"#main"},"down":{"uv":[1.5,0,0,0],"texture":"#main"}}},{"from":[-15,9.95828,6.25562],"to":[-4.59999,18.27828,6.25562],"rotation":{"angle":0,"axis":"y","origin":[-16.73513,0.07828,-12.70438]},"faces":{"north":{"uv":[8.5,3.5,11,5.5],"texture":"#main"},"east":{"uv":[0,0,0,2],"texture":"#main"},"south":{"uv":[8.5,5.5,11,7.5],"texture":"#main"},"west":{"uv":[0,0,0,2],"texture":"#main"},"up":{"uv":[2.5,0,0,0],"texture":"#main"},"down":{"uv":[2.5,0,0,0],"texture":"#main"}}},{"from":[14.14488,9.95828,6.25562],"to":[20.38488,18.27828,6.25562],"rotation":{"angle":0,"axis":"y","origin":[16.54488,0.07828,-12.70438]},"faces":{"north":{"uv":[4.5,9,3,11],"texture":"#main"},"east":{"uv":[0,0,0,2],"texture":"#main"},"south":{"uv":[6,9,4.5,11],"texture":"#main"},"west":{"uv":[0,0,0,2],"texture":"#main"},"up":{"uv":[0,0,1.5,0],"texture":"#main"},"down":{"uv":[0,0,1.5,0],"texture":"#main"}}},{"from":[20.38488,9.95828,6.25562],"to":[30.78488,18.27828,6.25562],"rotation":{"angle":0,"axis":"y","origin":[16.54488,0.07828,-12.70438]},"faces":{"north":{"uv":[11,3.5,8.5,5.5],"texture":"#main"},"east":{"uv":[0,0,0,2],"texture":"#main"},"south":{"uv":[11,5.5,8.5,7.5],"texture":"#main"},"west":{"uv":[0,0,0,2],"texture":"#main"},"up":{"uv":[0,0,2.5,0],"texture":"#main"},"down":{"uv":[0,0,2.5,0],"texture":"#main"}}},{"from":[4.57688,18.07028,-0.50437],"to":[10.92088,24.20628,6.25562],"rotation":{"angle":0,"axis":"y","origin":[-16.73513,0.07828,-12.70438]},"faces":{"north":{"uv":[7.5,10.5,9,12],"texture":"#main"},"east":{"uv":[8.5,9,10.25,10.5],"texture":"#main"},"south":{"uv":[9,10.5,10.5,12],"texture":"#main"},"west":{"uv":[10,0,11.75,1.5],"texture":"#main"},"up":{"uv":[11.5,3.25,10,1.5],"texture":"#main"},"down":{"uv":[1.5,10.5,0,12.25],"texture":"#main"}}},{"from":[4.99288,18.27828,0.53563],"to":[10.71287,23.99828,6.77563],"rotation":{"angle":0,"axis":"y","origin":[-16.73513,0.07828,-12.70438]},"faces":{"north":{"uv":[10.5,9,11.75,10.5],"texture":"#main"},"east":{"uv":[1.5,10.5,3,12],"texture":"#main"},"south":{"uv":[10.5,10.5,11.75,12],"texture":"#main"},"west":{"uv":[6,10.5,7.5,12],"texture":"#main"},"up":{"uv":[4.25,12.5,3,11],"texture":"#main"},"down":{"uv":[12.25,3.5,11,5],"texture":"#main"}}},{"from":[5.82487,4.23828,9.89563],"to":[9.98488,8.39828,14.57563],"rotation":{"angle":0,"axis":"y","origin":[-0.09512,6.31828,10.09563]},"faces":{"north":{"uv":[8.5,12,9.5,13],"texture":"#main"},"east":{"uv":[11.5,8,12.75,9],"texture":"#main"},"south":{"uv":[12,9,13,10],"texture":"#main"},"west":{"uv":[12,0,13.25,1],"texture":"#main"},"up":{"uv":[7,10.25,6,9],"texture":"#main"},"down":{"uv":[2.5,12,1.5,13.25],"texture":"#main"}}},{"from":[7.90488,4.23828,14.57563],"to":[7.90488,8.39828,21.33563],"rotation":{"angle":0,"axis":"y","origin":[-0.09512,6.31828,10.09563]},"faces":{"north":{"uv":[0,0,0,1],"texture":"#main"},"east":{"uv":[11,5,12.75,6],"texture":"#main"},"south":{"uv":[0,0,0,1],"texture":"#main"},"west":{"uv":[11,6,12.75,7],"texture":"#main"},"up":{"uv":[0,1.75,0,0],"texture":"#main"},"down":{"uv":[0,0,0,1.75],"texture":"#main"}}},{"from":[0.62488,1.63828,3.13563],"to":[5.30488,5.79828,7.29563],"rotation":{"angle":0,"axis":"y","origin":[-16.73513,0.07828,-12.70438]},"faces":{"north":{"uv":[4.5,11,5.75,12],"texture":"#main"},"east":{"uv":[4.5,12,5.5,13],"texture":"#main"},"south":{"uv":[11.5,1.5,12.75,2.5],"texture":"#main"},"west":{"uv":[5.5,12,6.5,13],"texture":"#main"},"up":{"uv":[12.75,3.5,11.5,2.5],"texture":"#main"},"down":{"uv":[12.75,7,11.5,8],"texture":"#main"}}},{"from":[1.14488,0.07828,2.09562],"to":[4.78488,1.63828,5.73563],"rotation":{"angle":0,"axis":"y","origin":[-16.73513,0.07828,-12.70438]},"faces":{"north":{"uv":[12,1,13,1.5],"texture":"#main"},"east":{"uv":[9.5,12,10.5,12.5],"texture":"#main"},"south":{"uv":[12,10,13,10.5],"texture":"#main"},"west":{"uv":[10.5,12,11.5,12.5],"texture":"#main"},"up":{"uv":[7.5,13,6.5,12],"texture":"#main"},"down":{"uv":[8.5,12,7.5,13],"texture":"#main"}}},{"from":[10.50488,1.63828,3.13563],"to":[15.18488,5.79828,7.29563],"rotation":{"angle":0,"axis":"y","origin":[16.54488,0.07828,-12.70438]},"faces":{"north":{"uv":[5.75,11,4.5,12],"texture":"#main"},"east":{"uv":[6.5,12,5.5,13],"texture":"#main"},"south":{"uv":[12.75,1.5,11.5,2.5],"texture":"#main"},"west":{"uv":[5.5,12,4.5,13],"texture":"#main"},"up":{"uv":[11.5,3.5,12.75,2.5],"texture":"#main"},"down":{"uv":[11.5,7,12.75,8],"texture":"#main"}}},{"from":[11.02488,0.07828,2.09562],"to":[14.66488,1.63828,5.73563],"rotation":{"angle":0,"axis":"y","origin":[16.54488,0.07828,-12.70438]},"faces":{"north":{"uv":[13,1,12,1.5],"texture":"#main"},"east":{"uv":[11.5,12,10.5,12.5],"texture":"#main"},"south":{"uv":[13,10,12,10.5],"texture":"#main"},"west":{"uv":[10.5,12,9.5,12.5],"texture":"#main"},"up":{"uv":[6.5,13,7.5,12],"texture":"#main"},"down":{"uv":[7.5,12,8.5,13],"texture":"#main"}}}],"groups":[{"name":"Carracosta","origin":[-0.10813,-0.13047,-0.15937],"color":0,"nbt":"{}","armAnimationEnabled":false,"children":[{"name":"body","origin":[-0.09512,6.74328,2.36063],"color":0,"nbt":"{}","armAnimationEnabled":false,"children":[0,1,2,3,{"name":"arm_l","origin":[-6.86513,14.11828,1.25562],"color":0,"nbt":"{}","armAnimationEnabled":false,"children":[4,{"name":"hand_l","origin":[-12.52513,15.11828,1.25562],"color":0,"nbt":"{}","armAnimationEnabled":false,"children":[5]}]},{"name":"arm_r","origin":[6.67488,14.11828,1.25562],"color":0,"nbt":"{}","armAnimationEnabled":false,"children":[6,{"name":"hand_r","origin":[12.43488,15.11828,1.25562],"color":0,"nbt":"{}","armAnimationEnabled":false,"children":[7]}]},{"name":"head","origin":[-0.19912,18.88828,1.26563],"color":0,"nbt":"{}","armAnimationEnabled":false,"children":[8,9]},{"name":"tail","origin":[-0.09512,6.31828,4.59563],"color":0,"nbt":"{}","armAnimationEnabled":false,"children":[10,{"name":"tail2","origin":[-0.09512,6.31828,9.59563],"color":0,"nbt":"{}","armAnimationEnabled":false,"children":[11]}]}]},{"name":"leg_l","origin":[-5.03512,5.28828,0.31563],"color":0,"nbt":"{}","armAnimationEnabled":false,"children":[12,13]},{"name":"leg_r","origin":[4.84488,5.53828,-0.43437],"color":0,"nbt":"{}","armAnimationEnabled":false,"children":[14,15]}]}]}