{"parent":"physical_parent","textures":{"main":"pokemon/castform"},"elements":[{"rotation":{"origin":[14.75,8.5,15],"angle":0,"axis":"y"},"from":[5.75,0,7],"to":[7.75,2,9],"faces":{"east":{"uv":[6,10,8,12],"texture":"#main"},"south":{"uv":[4,12,6,14],"texture":"#main"},"north":{"uv":[4,10,6,12],"texture":"#main"},"west":{"uv":[6,12,8,14],"texture":"#main"},"up":{"uv":[10,14,8,12],"texture":"#main"},"down":{"uv":[12,12,10,14],"texture":"#main"}}},{"rotation":{"origin":[16,8.5,15.5],"angle":0,"axis":"y"},"from":[7,0.5,7.5],"to":[9,2.5,9.5],"faces":{"east":{"uv":[0,14,2,16],"texture":"#main"},"south":{"uv":[2,14,4,16],"texture":"#main"},"north":{"uv":[12,10,14,12],"texture":"#main"},"west":{"uv":[4,14,6,16],"texture":"#main"},"up":{"uv":[8,16,6,14],"texture":"#main"},"down":{"uv":[10,14,8,16],"texture":"#main"}}},{"rotation":{"origin":[16,10.5,15.5],"angle":0,"axis":"y"},"from":[6,2.5,6.5],"to":[10,6.5,10.5],"faces":{"east":{"uv":[0,6,4,10],"texture":"#main"},"south":{"uv":[8,8,12,12],"texture":"#main"},"north":{"uv":[4,0,8,4],"texture":"#main"},"west":{"uv":[8,0,12,4],"texture":"#main"},"up":{"uv":[12,8,8,4],"texture":"#main"},"down":{"uv":[4,10,0,14],"texture":"#main"}}},{"rotation":{"origin":[16,10.5,15.5],"angle":0,"axis":"y"},"from":[8,2.5,5.5],"to":[8,8.5,9.5],"faces":{"east":{"uv":[0,0,4,6],"texture":"#main"},"south":{"uv":[0,0,0,6],"texture":"#main"},"north":{"uv":[0,0,0,6],"texture":"#main"},"west":{"uv":[4,4,8,10],"texture":"#main"},"up":{"uv":[0,4,0,0],"texture":"#main"},"down":{"uv":[0,0,0,4],"texture":"#main"}}},{"rotation":{"origin":[16.25,8.5,15],"angle":0,"axis":"y"},"from":[8.25,0,7],"to":[10.25,2,9],"faces":{"east":{"uv":[12,0,14,2],"texture":"#main"},"south":{"uv":[12,2,14,4],"texture":"#main"},"north":{"uv":[12,12,14,14],"texture":"#main"},"west":{"uv":[12,4,14,6],"texture":"#main"},"up":{"uv":[14,8,12,6],"texture":"#main"},"down":{"uv":[14,8,12,10],"texture":"#main"}}}],"display":{"head":{"translation":[0,-18,0],"scale":[2,2,2]}}}