{"parent":"physical_parent","textures":{"particle":"pokemon/clefairy","main":"pokemon/clefairy"},"elements":[{"from":[3,3,2],"to":[12,12,11],"faces":{"east":{"uv":[5,0,7.25,2.25],"texture":"#main"},"south":{"uv":[5,0,7.25,2.25],"texture":"#main"},"north":{"uv":[0,0,2.25,2.25],"texture":"#main"},"west":{"uv":[2.5,0,4.75,2.25],"texture":"#main"},"up":{"uv":[5,5,7.25,7.25],"texture":"#main"},"down":{"uv":[5,2.5,7.25,4.75],"texture":"#main"}}},{"from":[6,10,1],"to":[9,13,4],"faces":{"east":{"uv":[1.25,2.5,2,3.25],"texture":"#main"},"south":{"uv":[1.25,2.5,2,3.25],"texture":"#main"},"north":{"uv":[0.25,2.5,1,3.25],"texture":"#main"},"west":{"uv":[1.25,2.5,2,3.25],"texture":"#main"},"up":{"uv":[1.25,2.5,2,3.25],"texture":"#main"},"down":{"uv":[1.25,2.5,2,3.25],"texture":"#main"}}},{"from":[2,12,4],"to":[6,16,4.1],"faces":{"south":{"uv":[2.25,2.5,3.25,3.5],"texture":"#main"},"north":{"uv":[3.5,2.5,4.5,3.5],"texture":"#main"}}},{"from":[9,12,4],"to":[13,16,4.1],"faces":{"south":{"uv":[3.5,2.5,4.5,3.5],"texture":"#main"},"north":{"uv":[2.25,2.5,3.25,3.5],"texture":"#main"}}},{"from":[4,4,11],"to":[11,11,13],"faces":{"east":{"uv":[0.25,5.5,2,6],"texture":"#main","rotation":270},"south":{"uv":[0.25,3.5,2,5.25],"texture":"#main"},"north":{"uv":[0.25,3.5,2,5.25],"texture":"#main"},"west":{"uv":[0.25,5.5,2,6],"texture":"#main","rotation":90},"up":{"uv":[0.25,5.5,2,6],"texture":"#main","rotation":180},"down":{"uv":[0.25,5.5,2,6],"texture":"#main"}}},{"from":[9,0,5],"to":[12,3,8],"faces":{"east":{"uv":[2.5,5,3.25,5.75],"texture":"#main"},"south":{"uv":[3.5,5,4.25,5.75],"texture":"#main"},"north":{"uv":[3.5,5,4.25,5.75],"texture":"#main"},"west":{"uv":[2.5,5,3.25,5.75],"texture":"#main"},"down":{"uv":[2.5,6,3.25,6.5],"texture":"#main"}}},{"from":[3,0,5],"to":[6,3,8],"faces":{"east":{"uv":[3.5,5,4.25,5.75],"texture":"#main"},"south":{"uv":[2.5,5,3.25,5.75],"texture":"#main"},"north":{"uv":[2.5,5,3.25,5.75],"texture":"#main"},"west":{"uv":[3.5,5,4.25,5.75],"texture":"#main"},"down":{"uv":[2.5,6,3.25,6.5],"texture":"#main"}}},{"rotation":{"origin":[0,0,0],"angle":45,"axis":"z"},"from":[12,-7,5],"to":[15,0,8],"faces":{"east":{"uv":[3.5,4,4.25,5.75],"texture":"#main"},"south":{"uv":[3.5,4,4.25,5.75],"texture":"#main","rotation":180},"north":{"uv":[2.5,4,3.25,5.75],"texture":"#main"},"west":{"uv":[3.5,4,4.25,5.75],"texture":"#main"},"up":{"uv":[2.5,4,3.25,4.75],"texture":"#main","rotation":90},"down":{"uv":[2.5,6,3.25,6.75],"texture":"#main"}}},{"rotation":{"origin":[0,0,0],"angle":-45,"axis":"z"},"from":[-4,3,5],"to":[-1,10,8],"faces":{"east":{"uv":[3.5,4,4.25,5.75],"texture":"#main","rotation":180},"south":{"uv":[3.5,4,4.25,5.75],"texture":"#main"},"north":{"uv":[3.5,4,4.25,5.75],"texture":"#main"},"west":{"uv":[3.5,4,4.25,5.75],"texture":"#main","rotation":180},"up":{"uv":[3.5,4,4.25,4.75],"texture":"#main","rotation":270},"down":{"uv":[2.5,6,3.25,6.75],"texture":"#main"}}}],"display":{"head":{"translation":[0.6956,-30.5,0.6956],"scale":[1.5,1.5,1.5]}},"credit":"Made with Blockbench"}