{"credit":"Made with Blockbench","texture_size":[64,64],"textures":{"main":"pokemon/cofagrigus"},"elements":[{"from":[4.1925,7.75,5.745],"to":[10.9075,11.15,7.0625],"rotation":{"angle":22.5,"axis":"x","origin":[7.55,9.45,6.85]},"faces":{"north":{"uv":[5,3,6,3.5],"texture":"#main"},"east":{"uv":[6,7.75,6.25,8.25],"texture":"#main"},"south":{"uv":[4,7.5,5,8],"texture":"#main"},"west":{"uv":[6.25,7.75,6.5,8.25],"texture":"#main"},"up":{"uv":[8.25,7.75,7.25,7.5],"texture":"#main"},"down":{"uv":[8.75,3,7.75,3.25],"texture":"#main"}}},{"from":[4.15,7.75,6.425],"to":[10.95,23.05,10.675],"rotation":{"angle":0,"axis":"y","origin":[-6.05,7.75,-3.775]},"faces":{"north":{"uv":[3.5,5.25,4.5,7.5],"texture":"#main"},"east":{"uv":[1.75,7.25,2.375,9.5],"texture":"#main"},"south":{"uv":[4.5,5.25,5.5,7.5],"texture":"#main"},"west":{"uv":[2.5,7.25,3.125,9.5],"texture":"#main"},"up":{"uv":[8.25,7.375,7.25,6.75],"texture":"#main"},"down":{"uv":[8.5,0,7.5,0.625],"texture":"#main"}}},{"from":[3.725,17.95,6],"to":[11.375,23.9,10.25],"rotation":{"angle":0,"axis":"y","origin":[9.25,18.375,6]},"faces":{"north":{"uv":[6,4.25,7.125,5.125],"texture":"#main"},"east":{"uv":[7.5,0.75,8.125,1.625],"texture":"#main"},"south":{"uv":[7.25,4.25,8.375,5.125],"texture":"#main"},"west":{"uv":[3.25,7.5,3.875,8.375],"texture":"#main"},"up":{"uv":[8.375,5.875,7.25,5.25],"texture":"#main"},"down":{"uv":[8.375,6,7.25,6.625],"texture":"#main"}}},{"from":[8.825,14.975,6],"to":[10.525,17.95,6],"rotation":{"angle":0,"axis":"y","origin":[9.8875,16.4625,6]},"faces":{"north":{"uv":[7,7.75,7.25,8.25],"texture":"#main"},"east":{"uv":[0,0,0,0.5],"texture":"#main"},"south":{"uv":[7.25,7.75,7.5,8.25],"texture":"#main"},"west":{"uv":[0,0,0,0.5],"texture":"#main"},"up":{"uv":[0.25,0,0,0],"texture":"#main"},"down":{"uv":[0.25,0,0,0],"texture":"#main"}}},{"from":[4.575,14.975,6],"to":[6.275,17.95,6],"rotation":{"angle":0,"axis":"y","origin":[5.2125,16.4625,6]},"faces":{"north":{"uv":[6.5,7.75,6.75,8.25],"texture":"#main"},"east":{"uv":[0,0,0,0.5],"texture":"#main"},"south":{"uv":[6.75,7.75,7,8.25],"texture":"#main"},"west":{"uv":[0,0,0,0.5],"texture":"#main"},"up":{"uv":[0.25,0,0,0],"texture":"#main"},"down":{"uv":[0.25,0,0,0],"texture":"#main"}}},{"from":[6.53,20.925,5.575],"to":[8.655,23.475,6.425],"rotation":{"angle":0,"axis":"y","origin":[6.53,21.775,4.725]},"faces":{"north":{"uv":[7.75,3.75,8.125,4.125],"texture":"#main"},"east":{"uv":[7.75,7.75,7.875,8.125],"texture":"#main"},"south":{"uv":[5.5,7.75,5.875,8.125],"texture":"#main"},"west":{"uv":[4,8,4.125,8.375],"texture":"#main"},"up":{"uv":[4.625,8.125,4.25,8],"texture":"#main"},"down":{"uv":[8.375,7.75,8,7.875],"texture":"#main"}}},{"from":[6.7,23.9,6],"to":[8.4,25.175,10.25],"rotation":{"angle":0,"axis":"y","origin":[9.25,23.9,6]},"faces":{"north":{"uv":[3.25,7.25,3.5,7.5],"texture":"#main"},"east":{"uv":[7.75,3.25,8.375,3.5],"texture":"#main"},"south":{"uv":[7.5,7.75,7.75,8],"texture":"#main"},"west":{"uv":[7.75,3.5,8.375,3.75],"texture":"#main"},"up":{"uv":[5.25,8.125,5,7.5],"texture":"#main"},"down":{"uv":[5.5,7.5,5.25,8.125],"texture":"#main"}}},{"from":[-1.575,12.5,8.625],"to":[9.475,21,8.625],"rotation":{"angle":0,"axis":"y","origin":[6.275,16.25,8.125]},"faces":{"north":{"uv":[5,1.75,6.625,3],"texture":"#main"},"east":{"uv":[0,0,0,1.25],"texture":"#main"},"south":{"uv":[5.5,5.25,7.125,6.5],"texture":"#main"},"west":{"uv":[0,0,0,1.25],"texture":"#main"},"up":{"uv":[1.625,0,0,0],"texture":"#main"},"down":{"uv":[1.625,0,0,0],"texture":"#main"}}},{"from":[-9,20.1,8.125],"to":[6.725,32,8.125],"rotation":{"angle":0,"axis":"y","origin":[1.9825,24.75,8.125]},"faces":{"north":{"uv":[0,0,2.375,1.75],"texture":"#main"},"east":{"uv":[0,0,0,1.75],"texture":"#main"},"south":{"uv":[0,1.75,2.375,3.5],"texture":"#main"},"west":{"uv":[0,0,0,1.75],"texture":"#main"},"up":{"uv":[2.375,0,0,0],"texture":"#main"},"down":{"uv":[2.375,0,0,0],"texture":"#main"}}},{"from":[-1.8,6.9,8.465],"to":[9.25,15.4,8.465],"rotation":{"angle":45,"axis":"x","origin":[4.15,13.7,8.465]},"faces":{"north":{"uv":[0,6,1.625,7.25],"texture":"#main"},"east":{"uv":[0,0,0,1.25],"texture":"#main"},"south":{"uv":[1.75,6,3.375,7.25],"texture":"#main"},"west":{"uv":[0,0,0,1.25],"texture":"#main"},"up":{"uv":[1.625,0,0,0],"texture":"#main"},"down":{"uv":[1.625,0,0,0],"texture":"#main"}}},{"from":[-9,-3.02602,3.69939],"to":[6.725,8.87398,3.69939],"rotation":{"angle":-45,"axis":"z","origin":[2.62,8.93439,3.69939]},"faces":{"north":{"uv":[2.5,0,4.875,1.75],"texture":"#main"},"east":{"uv":[0,0,0,1.75],"texture":"#main"},"south":{"uv":[2.5,1.75,4.875,3.5],"texture":"#main"},"west":{"uv":[0,0,0,1.75],"texture":"#main"},"up":{"uv":[2.375,0,0,0],"texture":"#main"},"down":{"uv":[2.375,0,0,0],"texture":"#main"}}},{"from":[5.85,6.9,8.125],"to":[16.9,15.4,8.125],"rotation":{"angle":0,"axis":"y","origin":[7.55,15.4,8.125]},"faces":{"north":{"uv":[6,3,7.625,4.25],"texture":"#main"},"east":{"uv":[0,0,0,1.25],"texture":"#main"},"south":{"uv":[5.5,6.5,7.125,7.75],"texture":"#main"},"west":{"uv":[0,0,0,1.25],"texture":"#main"},"up":{"uv":[1.625,0,0,0],"texture":"#main"},"down":{"uv":[1.625,0,0,0],"texture":"#main"}}},{"from":[11.8425,5.2,8.125],"to":[23.7425,20.925,8.125],"rotation":{"angle":-45,"axis":"z","origin":[11.8425,6.9,8.125]},"faces":{"north":{"uv":[0,3.5,1.75,5.875],"texture":"#main"},"east":{"uv":[0,0,0,2.375],"texture":"#main"},"south":{"uv":[1.75,3.5,0,5.875],"texture":"#main"},"west":{"uv":[0,0,0,2.375],"texture":"#main"},"up":{"uv":[1.75,0,0,0],"texture":"#main"},"down":{"uv":[1.75,0,0,0],"texture":"#main"}}},{"from":[6.275,14.125,8.125],"to":[17.325,22.625,8.125],"rotation":{"angle":0,"axis":"y","origin":[7.975,14.125,8.125]},"faces":{"north":{"uv":[6.75,1.75,8.375,3],"texture":"#main"},"east":{"uv":[0,0,0,1.25],"texture":"#main"},"south":{"uv":[0,7.25,1.625,8.5],"texture":"#main"},"west":{"uv":[0,0,0,1.25],"texture":"#main"},"up":{"uv":[1.625,0,0,0],"texture":"#main"},"down":{"uv":[1.625,0,0,0],"texture":"#main"}}},{"from":[10.5675,20.1,8.125],"to":[26.2925,32,8.125],"rotation":{"angle":0,"axis":"y","origin":[12.2675,22.625,8.125]},"faces":{"north":{"uv":[3.5,3.5,5.875,5.25],"texture":"#main"},"east":{"uv":[0,0,0,1.75],"texture":"#main"},"south":{"uv":[5,0,7.375,1.75],"texture":"#main"},"west":{"uv":[0,0,0,1.75],"texture":"#main"},"up":{"uv":[2.375,0,0,0],"texture":"#main"},"down":{"uv":[2.375,0,0,0],"texture":"#main"}}}],"groups":[{"name":"Cofagrigus","origin":[2.25,16.25,-1],"color":0,"nbt":"{}","armAnimationEnabled":false,"children":[{"name":"body","origin":[0.55607,17.94404,0.03396],"color":0,"nbt":"{}","armAnimationEnabled":false,"children":[0,1,2,3,4,5,6,{"name":"arm_l","origin":[-2.7675,17.5,1.125],"color":0,"nbt":"{}","armAnimationEnabled":false,"children":[7,{"name":"hand_l","origin":[-5.7675,24.75,1.125],"color":0,"nbt":"{}","armAnimationEnabled":false,"children":[8]}]},{"name":"leg_l","origin":[-2.90588,13.99402,1.68063],"color":0,"nbt":"{}","armAnimationEnabled":false,"children":[9,{"name":"feet_l","origin":[-4.38,8.93439,-3.30061],"color":0,"nbt":"{}","armAnimationEnabled":false,"children":[10]}]},{"name":"leg_r","origin":[3.89117,14.10013,1.125],"color":0,"nbt":"{}","armAnimationEnabled":false,"children":[11,{"name":"feet_r","origin":[5.65733,7.05026,1.125],"color":0,"nbt":"{}","armAnimationEnabled":false,"children":[12]}]},{"name":"arm_r","origin":[4.0175,15.375,1.125],"color":0,"nbt":"{}","armAnimationEnabled":false,"children":[13,{"name":"hand_r","origin":[5.2675,22.625,1.125],"color":0,"nbt":"{}","armAnimationEnabled":false,"children":[14]}]}]}]}]}