{"parent":"physical_parent","textures":{"main":"pokemon/combusken"},"texture_size":[64,64],"elements":[{"rotation":{"origin":[7,6,8],"angle":0,"axis":"y"},"from":[4,3,5],"to":[12,10,11],"faces":{"east":{"uv":[0,5,1.5,6.75],"texture":"#main"},"south":{"uv":[5,5,7,6.75],"texture":"#main"},"north":{"uv":[1.5,5,3.5,6.75],"texture":"#main"},"west":{"uv":[3.5,5,5,6.75],"texture":"#main"},"up":{"uv":[3.5,5,1.5,3.5],"texture":"#main"},"down":{"uv":[5.5,3.5,3.5,5],"texture":"#main"}}},{"rotation":{"origin":[8,5.23777,12.65434],"angle":-22.5,"axis":"x"},"from":[4,0.73777,12.65434],"to":[12,9.73777,12.65434],"faces":{"east":{"uv":[7,3.25,7,5.5],"texture":"#main"},"south":{"uv":[9,3.25,11,5.5],"texture":"#main"},"north":{"uv":[7,3.25,9,5.5],"texture":"#main"},"west":{"uv":[9,3.25,9,5.5],"texture":"#main"},"up":{"uv":[9,3.25,7,3.25],"texture":"#main"},"down":{"uv":[11,3.25,9,3.25],"texture":"#main"}}},{"rotation":{"origin":[8,13,8],"angle":0,"axis":"y"},"from":[5,10,5],"to":[11,17,11],"faces":{"east":{"uv":[0,8.75,1.5,10.5],"texture":"#main"},"south":{"uv":[4.5,8.75,6,10.5],"texture":"#main"},"north":{"uv":[1.5,8.75,3,10.5],"texture":"#main"},"west":{"uv":[3,8.75,4.5,10.5],"texture":"#main"},"up":{"uv":[3,8.75,1.5,7.25],"texture":"#main"},"down":{"uv":[4.5,7.25,3,8.75],"texture":"#main"}}},{"rotation":{"origin":[7.5,20,7.5],"angle":0,"axis":"y"},"from":[4.5,17,4.5],"to":[11.5,24,11.5],"faces":{"east":{"uv":[0,1.75,1.75,3.5],"texture":"#main"},"south":{"uv":[5.25,1.75,7,3.5],"texture":"#main"},"north":{"uv":[1.75,1.75,3.5,3.5],"texture":"#main"},"west":{"uv":[3.5,1.75,5.25,3.5],"texture":"#main"},"up":{"uv":[3.5,1.75,1.75,0],"texture":"#main"},"down":{"uv":[5.25,0,3.5,1.75],"texture":"#main"}}},{"rotation":{"origin":[8,18,4],"angle":0,"axis":"y"},"from":[5.5,17.5,3.5],"to":[10.5,18.5,4.5],"faces":{"east":{"uv":[0,7,0.25,7.25],"texture":"#main"},"south":{"uv":[1.75,7,3,7.25],"texture":"#main"},"north":{"uv":[0.25,7,1.5,7.25],"texture":"#main"},"west":{"uv":[1.5,7,1.75,7.25],"texture":"#main"},"up":{"uv":[1.5,7,0.25,6.75],"texture":"#main"},"down":{"uv":[2.75,6.75,1.5,7],"texture":"#main"}}},{"rotation":{"origin":[7,27.60999,10.9197],"angle":22.5,"axis":"x"},"from":[3.5,22,10.9197],"to":[12.5,31,10.9197],"faces":{"east":{"uv":[0.25,13.5,0.25,15.75],"texture":"#main"},"south":{"uv":[2.5,13.5,4.75,15.75],"texture":"#main"},"north":{"uv":[0.25,13.5,2.5,15.75],"texture":"#main"},"west":{"uv":[2.5,13.5,2.5,15.75],"texture":"#main"},"up":{"uv":[2.5,13.5,0.25,13.5],"texture":"#main"},"down":{"uv":[4.75,13.5,2.5,13.5],"texture":"#main"}}},{"rotation":{"origin":[3.07612,9.61732,8],"angle":22.5,"axis":"z"},"from":[2.07612,9.61732,5],"to":[4.07612,9.61732,11],"faces":{"east":{"uv":[4,5,5.5,5],"texture":"#main"},"south":{"uv":[7.5,5,8,5],"texture":"#main"},"north":{"uv":[5.5,5,6,5],"texture":"#main"},"west":{"uv":[6,5,7.5,5],"texture":"#main"},"up":{"uv":[6,5,5.5,3.5],"texture":"#main"},"down":{"uv":[6.5,3.5,6,5],"texture":"#main"}}},{"rotation":{"origin":[12.92388,9.61732,8],"angle":-22.5,"axis":"z"},"from":[11.92388,9.61732,5],"to":[13.92388,9.61732,11],"faces":{"east":{"uv":[3.75,1.5,5.25,1.5],"texture":"#main"},"south":{"uv":[7.25,1.5,7.75,1.5],"texture":"#main"},"north":{"uv":[5.25,1.5,5.75,1.5],"texture":"#main"},"west":{"uv":[5.75,1.5,7.25,1.5],"texture":"#main"},"up":{"uv":[5.75,1.5,5.25,0],"texture":"#main"},"down":{"uv":[6.25,0,5.75,1.5],"texture":"#main"}}},{"rotation":{"origin":[11,5,7.5],"angle":-22.5,"axis":"y"},"from":[8,2,4.5],"to":[14,9,10.5],"faces":{"east":{"uv":[7,1.5,8.5,3.25],"texture":"#main"},"south":{"uv":[11.5,1.5,13,3.25],"texture":"#main"},"north":{"uv":[8.5,1.5,10,3.25],"texture":"#main"},"west":{"uv":[10,1.5,11.5,3.25],"texture":"#main"},"up":{"uv":[10,1.5,8.5,0],"texture":"#main"},"down":{"uv":[11.5,0,10,1.5],"texture":"#main"}}},{"rotation":{"origin":[11,-0.75,9],"angle":-22.5,"axis":"x"},"from":[10,-3.75,8],"to":[12,3.25,10],"faces":{"east":{"uv":[11,3.75,11.5,5.5],"texture":"#main"},"south":{"uv":[12.5,3.75,13,5.5],"texture":"#main"},"north":{"uv":[11.5,3.75,12,5.5],"texture":"#main"},"west":{"uv":[12,3.75,12.5,5.5],"texture":"#main"},"up":{"uv":[12,3.75,11.5,3.25],"texture":"#main"},"down":{"uv":[12.5,3.25,12,3.75],"texture":"#main"}}},{"rotation":{"origin":[11.75,-3.5,8.25],"angle":-22.5,"axis":"y"},"from":[11.25,-4.25,5.75],"to":[12.25,-3.25,9.75],"faces":{"east":{"uv":[12,5.5,13,5.75],"texture":"#main"},"south":{"uv":[14.25,5.5,14.5,5.75],"texture":"#main"},"north":{"uv":[13,5.5,13.25,5.75],"texture":"#main"},"west":{"uv":[13.25,5.5,14.25,5.75],"texture":"#main"},"up":{"uv":[13.25,5.5,13,4.5],"texture":"#main"},"down":{"uv":[13.5,4.5,13.25,5.5],"texture":"#main"}}},{"rotation":{"origin":[12.75,-3.5,9.25],"angle":-45,"axis":"y"},"from":[12.25,-4.25,6.75],"to":[13.25,-3.25,10.75],"faces":{"east":{"uv":[4.5,12.75,5.5,13],"texture":"#main"},"south":{"uv":[6.75,12.75,7,13],"texture":"#main"},"north":{"uv":[5.5,12.75,5.75,13],"texture":"#main"},"west":{"uv":[5.75,12.75,6.75,13],"texture":"#main"},"up":{"uv":[5.75,12.75,5.5,11.75],"texture":"#main"},"down":{"uv":[6,11.75,5.75,12.75],"texture":"#main"}}},{"rotation":{"origin":[10.5,-3.5,8.25],"angle":0,"axis":"y"},"from":[10,-4.25,5.75],"to":[11,-3.25,9.75],"faces":{"east":{"uv":[11.5,6.75,12.5,7],"texture":"#main"},"south":{"uv":[13.75,6.75,14,7],"texture":"#main"},"north":{"uv":[12.5,6.75,12.75,7],"texture":"#main"},"west":{"uv":[12.75,6.75,13.75,7],"texture":"#main"},"up":{"uv":[12.75,6.75,12.5,5.75],"texture":"#main"},"down":{"uv":[13,5.75,12.75,6.75],"texture":"#main"}}},{"rotation":{"origin":[10.63268,-3.75,10.82612],"angle":-22.5,"axis":"y"},"from":[10.13268,-4.25,9.32612],"to":[11.13268,-3.25,12.32612],"faces":{"east":{"uv":[8.5,9.5,9.25,9.75],"texture":"#main"},"south":{"uv":[10.25,9.5,10.5,9.75],"texture":"#main"},"north":{"uv":[9.25,9.5,9.5,9.75],"texture":"#main"},"west":{"uv":[9.5,9.5,10.25,9.75],"texture":"#main"},"up":{"uv":[9.5,9.5,9.25,8.75],"texture":"#main"},"down":{"uv":[9.75,8.75,9.5,9.5],"texture":"#main"}}},{"rotation":{"origin":[11.38268,-3.75,10.57612],"angle":-22.5,"axis":"y"},"from":[9.88268,-4.25,9.07612],"to":[11.88268,-3.25,11.07612],"faces":{"east":{"uv":[12,8.25,12.5,8.5],"texture":"#main"},"south":{"uv":[13.5,8.25,14,8.5],"texture":"#main"},"north":{"uv":[12.5,8.25,13,8.5],"texture":"#main"},"west":{"uv":[13,8.25,13.5,8.5],"texture":"#main"},"up":{"uv":[13,8.25,12.5,7.75],"texture":"#main"},"down":{"uv":[13.5,7.75,13,8.25],"texture":"#main"}}},{"rotation":{"origin":[5,5,7.5],"angle":22.5,"axis":"y"},"from":[2,2,4.5],"to":[8,9,10.5],"faces":{"east":{"uv":[5.5,7,7,8.75],"texture":"#main"},"south":{"uv":[10,7,11.5,8.75],"texture":"#main"},"north":{"uv":[7,7,8.5,8.75],"texture":"#main"},"west":{"uv":[8.5,7,10,8.75],"texture":"#main"},"up":{"uv":[8.5,7,7,5.5],"texture":"#main"},"down":{"uv":[10,5.5,8.5,7],"texture":"#main"}}},{"rotation":{"origin":[5,-0.75,9],"angle":-22.5,"axis":"x"},"from":[4,-3.75,8],"to":[6,3.25,10],"faces":{"east":{"uv":[3.5,11,4,12.75],"texture":"#main"},"south":{"uv":[5,11,5.5,12.75],"texture":"#main"},"north":{"uv":[4,11,4.5,12.75],"texture":"#main"},"west":{"uv":[4.5,11,5,12.75],"texture":"#main"},"up":{"uv":[4.5,11,4,10.5],"texture":"#main"},"down":{"uv":[5,10.5,4.5,11],"texture":"#main"}}},{"rotation":{"origin":[4.25,-3.5,8.25],"angle":22.5,"axis":"y"},"from":[3.75,-4.25,5.75],"to":[4.75,-3.25,9.75],"faces":{"east":{"uv":[11.5,1,12.5,1.25],"texture":"#main"},"south":{"uv":[13.75,1,14,1.25],"texture":"#main"},"north":{"uv":[12.5,1,12.75,1.25],"texture":"#main"},"west":{"uv":[12.75,1,13.75,1.25],"texture":"#main"},"up":{"uv":[12.75,1,12.5,0],"texture":"#main"},"down":{"uv":[13,0,12.75,1],"texture":"#main"}}},{"rotation":{"origin":[3.25,-3.5,9.25],"angle":45,"axis":"y"},"from":[2.75,-4.25,6.75],"to":[3.75,-3.25,10.75],"faces":{"east":{"uv":[10.5,8.75,11.5,9],"texture":"#main"},"south":{"uv":[12.75,8.75,13,9],"texture":"#main"},"north":{"uv":[11.5,8.75,11.75,9],"texture":"#main"},"west":{"uv":[11.75,8.75,12.75,9],"texture":"#main"},"up":{"uv":[11.75,8.75,11.5,7.75],"texture":"#main"},"down":{"uv":[12,7.75,11.75,8.75],"texture":"#main"}}},{"rotation":{"origin":[5.5,-3.5,8.25],"angle":0,"axis":"y"},"from":[5,-4.25,5.75],"to":[6,-3.25,9.75],"faces":{"east":{"uv":[10,6.5,11,6.75],"texture":"#main"},"south":{"uv":[12.25,6.5,12.5,6.75],"texture":"#main"},"north":{"uv":[11,6.5,11.25,6.75],"texture":"#main"},"west":{"uv":[11.25,6.5,12.25,6.75],"texture":"#main"},"up":{"uv":[11.25,6.5,11,5.5],"texture":"#main"},"down":{"uv":[11.5,5.5,11.25,6.5],"texture":"#main"}}},{"rotation":{"origin":[5.36732,-3.75,10.82612],"angle":22.5,"axis":"y"},"from":[4.86732,-4.25,9.32612],"to":[5.86732,-3.25,12.32612],"faces":{"east":{"uv":[6.25,0.75,7,1],"texture":"#main"},"south":{"uv":[8,0.75,8.25,1],"texture":"#main"},"north":{"uv":[7,0.75,7.25,1],"texture":"#main"},"west":{"uv":[7.25,0.75,8,1],"texture":"#main"},"up":{"uv":[7.25,0.75,7,0],"texture":"#main"},"down":{"uv":[7.5,0,7.25,0.75],"texture":"#main"}}},{"rotation":{"origin":[4.61732,-3.75,10.57612],"angle":22.5,"axis":"y"},"from":[4.11732,-4.25,9.07612],"to":[6.11732,-3.25,11.07612],"faces":{"east":{"uv":[11.5,7.5,12,7.75],"texture":"#main"},"south":{"uv":[13,7.5,13.5,7.75],"texture":"#main"},"north":{"uv":[12,7.5,12.5,7.75],"texture":"#main"},"west":{"uv":[12.5,7.5,13,7.75],"texture":"#main"},"up":{"uv":[12.5,7.5,12,7],"texture":"#main"},"down":{"uv":[13,7,12.5,7.5],"texture":"#main"}}},{"rotation":{"origin":[2.5,12,8],"angle":-45,"axis":"z"},"from":[0.995,5.995,5.995],"to":[4.005,18.005,10.005],"faces":{"east":{"uv":[9.5,10.5,10.5,13.5],"texture":"#main"},"south":{"uv":[12.25,10.5,13,13.5],"texture":"#main"},"north":{"uv":[10.5,10.5,11.25,13.5],"texture":"#main"},"west":{"uv":[11.25,10.5,12.25,13.5],"texture":"#main"},"up":{"uv":[11.25,10.5,10.5,9.5],"texture":"#main"},"down":{"uv":[12,9.5,11.25,10.5],"texture":"#main"}}},{"rotation":{"origin":[-3,7.5,6.5],"angle":-45,"axis":"z"},"from":[-3.5,6,6],"to":[-2.5,9,7],"faces":{"east":{"uv":[4.5,8,4.75,8.75],"texture":"#main"},"south":{"uv":[5.25,8,5.5,8.75],"texture":"#main"},"north":{"uv":[4.75,8,5,8.75],"texture":"#main"},"west":{"uv":[5,8,5.25,8.75],"texture":"#main"},"up":{"uv":[5,8,4.75,7.75],"texture":"#main"},"down":{"uv":[5.25,7.75,5,8],"texture":"#main"}}},{"rotation":{"origin":[-3,7.5,9.5],"angle":-45,"axis":"z"},"from":[-3.5,6,9],"to":[-2.5,9,10],"faces":{"east":{"uv":[0,7.5,0.25,8.25],"texture":"#main"},"south":{"uv":[0.75,7.5,1,8.25],"texture":"#main"},"north":{"uv":[0.25,7.5,0.5,8.25],"texture":"#main"},"west":{"uv":[0.5,7.5,0.75,8.25],"texture":"#main"},"up":{"uv":[0.5,7.5,0.25,7.25],"texture":"#main"},"down":{"uv":[0.75,7.25,0.5,7.5],"texture":"#main"}}},{"rotation":{"origin":[-3,7.5,8],"angle":-45,"axis":"z"},"from":[-3.5,6,7.5],"to":[-2.5,9,8.5],"faces":{"east":{"uv":[4.5,7,4.75,7.75],"texture":"#main"},"south":{"uv":[5.25,7,5.5,7.75],"texture":"#main"},"north":{"uv":[4.75,7,5,7.75],"texture":"#main"},"west":{"uv":[5,7,5.25,7.75],"texture":"#main"},"up":{"uv":[5,7,4.75,6.75],"texture":"#main"},"down":{"uv":[5.25,6.75,5,7],"texture":"#main"}}},{"rotation":{"origin":[13.5,12,8],"angle":45,"axis":"z"},"from":[11.995,5.995,5.995],"to":[15.005,18.005,10.005],"faces":{"east":{"uv":[6,9.75,7,12.75],"texture":"#main"},"south":{"uv":[8.75,9.75,9.5,12.75],"texture":"#main"},"north":{"uv":[7,9.75,7.75,12.75],"texture":"#main"},"west":{"uv":[7.75,9.75,8.75,12.75],"texture":"#main"},"up":{"uv":[7.75,9.75,7,8.75],"texture":"#main"},"down":{"uv":[8.5,8.75,7.75,9.75],"texture":"#main"}}},{"rotation":{"origin":[19,7.5,6.5],"angle":45,"axis":"z"},"from":[18.5,6,6],"to":[19.5,9,7],"faces":{"east":{"uv":[0,3.75,0.25,4.5],"texture":"#main"},"south":{"uv":[0.75,3.75,1,4.5],"texture":"#main"},"north":{"uv":[0.25,3.75,0.5,4.5],"texture":"#main"},"west":{"uv":[0.5,3.75,0.75,4.5],"texture":"#main"},"up":{"uv":[0.5,3.75,0.25,3.5],"texture":"#main"},"down":{"uv":[0.75,3.5,0.5,3.75],"texture":"#main"}}},{"rotation":{"origin":[19,7.5,9.5],"angle":45,"axis":"z"},"from":[18.5,6,9],"to":[19.5,9,10],"faces":{"east":{"uv":[0.75,1,1,1.75],"texture":"#main"},"south":{"uv":[1.5,1,1.75,1.75],"texture":"#main"},"north":{"uv":[1,1,1.25,1.75],"texture":"#main"},"west":{"uv":[1.25,1,1.5,1.75],"texture":"#main"},"up":{"uv":[1.25,1,1,0.75],"texture":"#main"},"down":{"uv":[1.5,0.75,1.25,1],"texture":"#main"}}},{"rotation":{"origin":[19,7.5,8],"angle":45,"axis":"z"},"from":[18.5,6,7.5],"to":[19.5,9,8.5],"faces":{"east":{"uv":[0,0.25,0.25,1],"texture":"#main"},"south":{"uv":[0.75,0.25,1,1],"texture":"#main"},"north":{"uv":[0.25,0.25,0.5,1],"texture":"#main"},"west":{"uv":[0.5,0.25,0.75,1],"texture":"#main"},"up":{"uv":[0.5,0.25,0.25,0],"texture":"#main"},"down":{"uv":[0.75,0,0.5,0.25],"texture":"#main"}}}],"display":{"head":{"translation":[0,-27,0],"scale":[1.3,1.3,1.3]}},"groups":[{"children":[{"children":[0,1,2,3,4,5,6,7,{"children":[8,9,10,11,12,13,14],"origin":[8,8,8],"name":"leg0"},{"children":[15,16,17,18,19,20,21],"origin":[8,8,8],"name":"leg1"},{"children":[22,23,24,25],"origin":[8,8,8],"name":"arm0"},{"children":[26,27,28,29],"origin":[8,8,8],"name":"arm0"}],"origin":[8,8,8],"name":"body"}],"origin":[8,8,8],"name":"combusken"}]}