{"parent":"physical_parent","textures":{"main":"pokemon/cradily"},"texture_size":[64,64],"elements":[{"rotation":{"origin":[15,8,18],"angle":0,"axis":"y"},"from":[4,0,7],"to":[12,4,15],"faces":{"east":{"uv":[8,6.5,10,7.5],"texture":"#main"},"south":{"uv":[8.75,8.75,10.75,9.75],"texture":"#main"},"north":{"uv":[8,5.5,10,6.5],"texture":"#main"},"west":{"uv":[8.75,7.5,10.75,8.5],"texture":"#main"},"up":{"uv":[8,8,6,6],"texture":"#main"},"down":{"uv":[8,0,6,2],"texture":"#main"}}},{"rotation":{"origin":[15,12,18],"angle":0,"axis":"y"},"from":[6,4,10],"to":[10,9,14],"faces":{"east":{"uv":[1,9,2,10.25],"texture":"#main"},"south":{"uv":[2,9,3,10.25],"texture":"#main"},"north":{"uv":[0,9,1,10.25],"texture":"#main"},"west":{"uv":[3,9,4,10.25],"texture":"#main"},"up":{"uv":[5,10,4,9],"texture":"#main"},"down":{"uv":[6,9,5,10],"texture":"#main"}}},{"rotation":{"origin":[15,17,18],"angle":0,"axis":"y"},"from":[8,7,10],"to":[8,20,18],"faces":{"east":{"uv":[4,4,6,7.25],"texture":"#main"},"south":{"uv":[0,0,0,3.25],"texture":"#main"},"north":{"uv":[0,0,0,3.25],"texture":"#main"},"west":{"uv":[4,0,6,3.25],"texture":"#main"},"up":{"uv":[0,2,0,0],"texture":"#main"},"down":{"uv":[0,0,0,2],"texture":"#main"}}},{"rotation":{"origin":[7,21,6],"angle":0,"axis":"x"},"from":[4,14,3],"to":[12,22,10],"faces":{"east":{"uv":[7,8,8.75,10],"texture":"#main"},"south":{"uv":[6,4,8,6],"texture":"#main"},"north":{"uv":[6,2,8,4],"texture":"#main"},"west":{"uv":[8,0,9.75,2],"texture":"#main"},"up":{"uv":[10,3.75,8,2],"texture":"#main"},"down":{"uv":[10,3.75,8,5.5],"texture":"#main"}}},{"rotation":{"origin":[7,20,6],"angle":0,"axis":"x"},"from":[0,10,10],"to":[16,26,10],"faces":{"east":{"uv":[0,0,0,4],"texture":"#main"},"south":{"uv":[0,4,4,8],"texture":"#main"},"north":{"uv":[0,0,4,4],"texture":"#main"},"west":{"uv":[0,0,0,4],"texture":"#main"},"up":{"uv":[4,0,0,0],"texture":"#main"},"down":{"uv":[4,0,0,0],"texture":"#main"}}},{"rotation":{"origin":[15,8,18],"angle":0,"axis":"y"},"from":[1,0,13],"to":[15,4,13],"faces":{"east":{"uv":[0,0,0,1],"texture":"#main"},"south":{"uv":[3.5,8,7,9],"texture":"#main"},"north":{"uv":[0,8,3.5,9],"texture":"#main"},"west":{"uv":[0,0,0,1],"texture":"#main"},"up":{"uv":[3.5,0,0,0],"texture":"#main"},"down":{"uv":[3.5,0,0,0],"texture":"#main"}}},{"rotation":{"origin":[15,8,14],"angle":0,"axis":"y"},"from":[1,0,9],"to":[15,4,9],"faces":{"east":{"uv":[0,0,0,1],"texture":"#main"},"south":{"uv":[3.5,8,7,9],"texture":"#main"},"north":{"uv":[0,8,3.5,9],"texture":"#main"},"west":{"uv":[0,0,0,1],"texture":"#main"},"up":{"uv":[3.5,0,0,0],"texture":"#main"},"down":{"uv":[3.5,0,0,0],"texture":"#main"}}}],"display":{"head":{"translation":[0,-26.5,-6.25],"scale":[2,2,2]}}}