{"parent":"physical_parent","textures":{"main":"pokemon/crawdaunt"},"texture_size":[64,64],"elements":[{"rotation":{"origin":[15.5,11.15224,18.76537],"angle":0,"axis":"y"},"from":[5.5,4.15224,5.76537],"to":[10.5,8.15224,13.76537],"faces":{"east":{"uv":[7.25,7.25,9.25,8.25],"texture":"#main"},"south":{"uv":[8,6.25,9.25,7.25],"texture":"#main"},"north":{"uv":[5.75,8,7,9],"texture":"#main"},"west":{"uv":[7.25,6.25,9.25,7.25],"texture":"#main"},"up":{"uv":[2.75,7.75,1.5,5.75],"texture":"#main"},"down":{"uv":[5.75,6.5,4.5,8.5],"texture":"#main"}}},{"rotation":{"origin":[15.5,11.15224,21.76537],"angle":0,"axis":"y"},"from":[6.5,5.15224,13.76537],"to":[9.5,7.15224,16.76537],"faces":{"east":{"uv":[3.25,9,4,9.5],"texture":"#main"},"south":{"uv":[3.25,9,4,9.5],"texture":"#main"},"north":{"uv":[8,4,8.75,4.5],"texture":"#main"},"west":{"uv":[5.5,9,6.25,9.5],"texture":"#main"},"up":{"uv":[9.75,5.5,9,4.75],"texture":"#main"},"down":{"uv":[9.75,4.75,9,5.5],"texture":"#main"}}},{"rotation":{"origin":[15.5,11.15224,21.76537],"angle":0,"axis":"y"},"from":[1.5,6.15224,13.76537],"to":[14.5,6.15224,20.76537],"faces":{"east":{"uv":[0,0,1.75,0],"texture":"#main"},"south":{"uv":[0,0,3.25,0],"texture":"#main"},"north":{"uv":[0,0,3.25,0],"texture":"#main"},"west":{"uv":[0,0,1.75,0],"texture":"#main"},"up":{"uv":[3.25,1.75,0,0],"texture":"#main"},"down":{"uv":[3.25,1.75,0,3.5],"texture":"#main"}}},{"rotation":{"origin":[13.75305,2.65224,9.82603],"angle":-22.5,"axis":"y"},"from":[11.75305,0.15224,8.32603],"to":[15.75305,5.15224,11.32603],"faces":{"east":{"uv":[5.5,8.5,4.75,9.75],"texture":"#main"},"south":{"uv":[9,4.5,8,5.75],"texture":"#main"},"north":{"uv":[9,3.25,8,4.5],"texture":"#main"},"west":{"uv":[4.75,8.5,4,9.75],"texture":"#main"},"up":{"uv":[5.75,6,6.75,5.25],"texture":"#main"},"down":{"uv":[1,9,2,9.75],"texture":"#main"}}},{"rotation":{"origin":[2.24695,2.65224,9.82603],"angle":22.5,"axis":"y"},"from":[0.24695,0.15224,8.32603],"to":[4.24695,5.15224,11.32603],"faces":{"east":{"uv":[4,8.5,4.75,9.75],"texture":"#main"},"south":{"uv":[8,4.5,9,5.75],"texture":"#main"},"north":{"uv":[8,3.25,9,4.5],"texture":"#main"},"west":{"uv":[4.75,8.5,5.5,9.75],"texture":"#main"},"up":{"uv":[6.75,6,5.75,5.25],"texture":"#main"},"down":{"uv":[2,9,1,9.75],"texture":"#main"}}},{"rotation":{"origin":[12.01777,1,6.50734],"angle":45,"axis":"y"},"from":[10.51777,0,6.00734],"to":[16.51777,6,6.00734],"faces":{"east":{"uv":[0,0,0,1.5],"texture":"#main"},"south":{"uv":[8,3,6.5,4.5],"texture":"#main"},"north":{"uv":[8.25,0,6.75,1.5],"texture":"#main"},"west":{"uv":[0,0,0,1.5],"texture":"#main"},"up":{"uv":[0,0,1.5,0],"texture":"#main"},"down":{"uv":[0,0,1.5,0],"texture":"#main"}}},{"rotation":{"origin":[3.98223,1,6.50734],"angle":-45,"axis":"y"},"from":[-0.51777,0,6.00734],"to":[5.48223,6,6.00734],"faces":{"east":{"uv":[0,0,0,1.5],"texture":"#main"},"south":{"uv":[6.5,3,8,4.5],"texture":"#main"},"north":{"uv":[6.75,0,8.25,1.5],"texture":"#main"},"west":{"uv":[0,0,0,1.5],"texture":"#main"},"up":{"uv":[1.5,0,0,0],"texture":"#main"},"down":{"uv":[1.5,0,0,0],"texture":"#main"}}},{"rotation":{"origin":[15.5,4.98327,12.99789],"angle":-22.5,"axis":"x"},"from":[4.5,6.98327,5.99789],"to":[11.5,15.98327,11.99789],"faces":{"east":{"uv":[0,3.5,1.5,5.75],"texture":"#main"},"south":{"uv":[3.25,0,5,2.25],"texture":"#main"},"north":{"uv":[3.25,3.25,5,5.5],"texture":"#main"},"west":{"uv":[1.5,3.5,3,5.75],"texture":"#main"},"up":{"uv":[6.75,6.5,5,5],"texture":"#main"},"down":{"uv":[6.75,0,5,1.5],"texture":"#main"}}},{"rotation":{"origin":[13.91863,10.48327,2.86594],"angle":-45,"axis":"y"},"from":[12.41863,9.98327,-2.13406],"to":[17.41863,12.98327,4.86594],"faces":{"east":{"uv":[9.75,1.5,8,2.25],"texture":"#main"},"south":{"uv":[7.75,2.25,6.5,1.5],"texture":"#main"},"north":{"uv":[9.5,0,8.25,0.75],"texture":"#main"},"west":{"uv":[8,1.5,9.75,2.25],"texture":"#main"},"up":{"uv":[5,6.5,6.25,5],"texture":"#main"},"down":{"uv":[2.75,7.25,4,9],"texture":"#main"}}},{"rotation":{"origin":[2.08137,10.48327,2.86594],"angle":45,"axis":"y"},"from":[-1.41863,9.98327,-2.13406],"to":[3.58137,12.98327,4.86594],"faces":{"east":{"uv":[9.75,1.5,8,2.25],"texture":"#main"},"south":{"uv":[6.5,2.25,7.75,1.5],"texture":"#main"},"north":{"uv":[8.25,0,9.5,0.75],"texture":"#main"},"west":{"uv":[8,1.5,9.75,2.25],"texture":"#main"},"up":{"uv":[6.25,6.5,5,5],"texture":"#main"},"down":{"uv":[4,7.25,2.75,9],"texture":"#main"}}},{"rotation":{"origin":[13.91863,7.48327,2.86594],"angle":-45,"axis":"y"},"from":[12.91863,6.98327,-0.13406],"to":[16.91863,8.98327,4.86594],"faces":{"east":{"uv":[9.25,5.75,8,6.25],"texture":"#main"},"south":{"uv":[10,3.25,9,3.75],"texture":"#main"},"north":{"uv":[10,3.75,9,4.25],"texture":"#main"},"west":{"uv":[9.25,5.75,8,6.25],"texture":"#main"},"up":{"uv":[7,9.5,8,8.25],"texture":"#main"},"down":{"uv":[8.5,8.5,9.5,9.5],"texture":"#main"}}},{"rotation":{"origin":[2.08137,7.48327,2.86594],"angle":45,"axis":"y"},"from":[-0.91863,6.98327,-0.13406],"to":[3.08137,8.98327,4.86594],"faces":{"east":{"uv":[8,5.75,9.25,6.25],"texture":"#main"},"south":{"uv":[9,3.25,10,3.75],"texture":"#main"},"north":{"uv":[9,3.75,10,4.25],"texture":"#main"},"west":{"uv":[8,5.75,9.25,6.25],"texture":"#main"},"up":{"uv":[8,9.5,7,8.25],"texture":"#main"},"down":{"uv":[9.5,8.5,8.5,9.5],"texture":"#main"}}},{"rotation":{"origin":[13.91863,8.48327,2.86594],"angle":-45,"axis":"y"},"from":[13.41863,8.98327,1.86594],"to":[16.41863,9.98327,4.86594],"faces":{"east":{"uv":[4,6.25,3.25,6.5],"texture":"#main"},"south":{"uv":[4,6.25,3.25,6.5],"texture":"#main"},"north":{"uv":[4,6.25,3.25,6.5],"texture":"#main"},"west":{"uv":[4,6.25,3.25,6.5],"texture":"#main"},"up":{"uv":[4,6.25,3.25,6.5],"texture":"#main"},"down":{"uv":[4,6.25,3.25,6.5],"texture":"#main"}}},{"rotation":{"origin":[2.08137,8.48327,2.86594],"angle":45,"axis":"y"},"from":[-0.41863,8.98327,1.86594],"to":[2.58137,9.98327,4.86594],"faces":{"east":{"uv":[3.25,6.25,4,6.5],"texture":"#main"},"south":{"uv":[3.25,6.25,4,6.5],"texture":"#main"},"north":{"uv":[3.25,6.25,4,6.5],"texture":"#main"},"west":{"uv":[3.25,6.25,4,6.5],"texture":"#main"},"up":{"uv":[3.25,6.25,4,6.5],"texture":"#main"},"down":{"uv":[3.25,6.25,4,6.5],"texture":"#main"}}},{"rotation":{"origin":[15,7.48327,8.49789],"angle":0,"axis":"y"},"from":[5,10.48327,1.49789],"to":[11,17.48327,7.49789],"faces":{"east":{"uv":[5,3.25,6.5,5],"texture":"#main"},"south":{"uv":[3,5.5,4.5,7.25],"texture":"#main"},"north":{"uv":[5,1.5,6.5,3.25],"texture":"#main"},"west":{"uv":[0,5.75,1.5,7.5],"texture":"#main"},"up":{"uv":[7.25,8,5.75,6.5],"texture":"#main"},"down":{"uv":[8,1.5,6.5,3],"texture":"#main"}}},{"rotation":{"origin":[7,18.19037,2.9121],"angle":-45,"axis":"x"},"from":[5.5,18.69037,0.4121],"to":[10.5,18.69037,5.4121],"faces":{"east":{"uv":[0,0,1.25,0],"texture":"#main"},"south":{"uv":[0,0,1.25,0],"texture":"#main"},"north":{"uv":[0,0,1.25,0],"texture":"#main"},"west":{"uv":[0,0,1.25,0],"texture":"#main"},"up":{"uv":[1.25,8.75,0,7.5],"texture":"#main"},"down":{"uv":[2.5,7.75,1.25,9],"texture":"#main"}}}],"display":{"head":{"translation":[0,-29.25,0],"scale":[1.75,1.75,1.75]}}}