{"parent":"physical_parent","textures":{"main":"pokemon/croconaw"},"elements":[{"rotation":{"origin":[19,8,19],"angle":0,"axis":"y"},"from":[3,0,4],"to":[13,14,12],"faces":{"east":{"uv":[0,1,1,2.75],"texture":"#main"},"south":{"uv":[3.25,1,4.5,2.75],"texture":"#main"},"north":{"uv":[1,1,2.25,2.75],"texture":"#main"},"west":{"uv":[2.25,1,3.25,2.75],"texture":"#main"},"up":{"uv":[2.25,1,1,0],"texture":"#main"},"down":{"uv":[3.5,0,2.25,1],"texture":"#main"}}},{"rotation":{"origin":[19,9,31],"angle":0,"axis":"x"},"from":[5,1,11],"to":[11,7,21],"faces":{"east":{"uv":[4.75,3.375,6,4.125],"texture":"#main"},"south":{"uv":[8,3.375,8.75,4.125],"texture":"#main"},"north":{"uv":[6,3.375,6.75,4.125],"texture":"#main"},"west":{"uv":[6.75,3.375,8,4.125],"texture":"#main"},"up":{"uv":[6.75,3.375,6,2.125],"texture":"#main"},"down":{"uv":[7.5,2.125,6.75,3.375],"texture":"#main"}}},{"rotation":{"origin":[19,9,31],"angle":0,"axis":"x"},"from":[6,2,21],"to":[10,6,24],"faces":{"east":{"uv":[3.5,0.375,3.875,0.875],"texture":"#main"},"south":{"uv":[4.75,0.375,5.25,0.875],"texture":"#main"},"north":{"uv":[3.875,0.375,4.375,0.875],"texture":"#main"},"west":{"uv":[4.375,0.375,4.75,0.875],"texture":"#main"},"up":{"uv":[4.375,0.375,3.875,0],"texture":"#main"},"down":{"uv":[4.875,0,4.375,0.375],"texture":"#main"}}},{"rotation":{"origin":[19,9,31],"angle":0,"axis":"x"},"from":[6.5,3,24],"to":[9.5,5,28],"faces":{"east":{"uv":[2.75,3.25,3.25,3.5],"texture":"#main"},"south":{"uv":[4.125,3.25,4.5,3.5],"texture":"#main"},"north":{"uv":[3.25,3.25,3.625,3.5],"texture":"#main"},"west":{"uv":[3.625,3.25,4.125,3.5],"texture":"#main"},"up":{"uv":[3.625,3.25,3.25,2.75],"texture":"#main"},"down":{"uv":[4,2.75,3.625,3.25],"texture":"#main"}}},{"rotation":{"origin":[16,4,16],"angle":-22.5,"axis":"x"},"from":[1,15,3],"to":[4,18,13],"faces":{"east":{"uv":[0,8.625,1.25,9],"texture":"#main"},"south":{"uv":[2.875,8.625,3.25,9],"texture":"#main"},"north":{"uv":[1.25,8.625,1.625,9],"texture":"#main"},"west":{"uv":[1.625,8.625,2.875,9],"texture":"#main"},"up":{"uv":[1.625,8.625,1.25,7.375],"texture":"#main"},"down":{"uv":[2,7.375,1.625,8.625],"texture":"#main"}}},{"rotation":{"origin":[27,4,16],"angle":-22.5,"axis":"x"},"from":[12,15,3],"to":[15,18,13],"faces":{"east":{"uv":[1.75,7,3,7.375],"texture":"#main"},"south":{"uv":[4.625,7,5,7.375],"texture":"#main"},"north":{"uv":[3,7,3.375,7.375],"texture":"#main"},"west":{"uv":[3.375,7,4.625,7.375],"texture":"#main"},"up":{"uv":[3.375,7,3,5.75],"texture":"#main"},"down":{"uv":[3.75,5.75,3.375,7],"texture":"#main"}}},{"rotation":{"origin":[26,8,19],"angle":0,"axis":"y"},"from":[11,-1,3],"to":[15,7,11],"faces":{"east":{"uv":[5.625,6.625,6.625,7.625],"texture":"#main"},"south":{"uv":[8.125,6.625,8.625,7.625],"texture":"#main"},"north":{"uv":[6.625,6.625,7.125,7.625],"texture":"#main"},"west":{"uv":[7.125,6.625,8.125,7.625],"texture":"#main"},"up":{"uv":[7.125,6.625,6.625,5.625],"texture":"#main"},"down":{"uv":[7.625,5.625,7.125,6.625],"texture":"#main"}}},{"rotation":{"origin":[16,8,19],"angle":0,"axis":"y"},"from":[1,-1,3],"to":[5,7,11],"faces":{"east":{"uv":[0,5.75,1,6.75],"texture":"#main"},"south":{"uv":[2.5,5.75,3,6.75],"texture":"#main"},"north":{"uv":[1,5.75,1.5,6.75],"texture":"#main"},"west":{"uv":[1.5,5.75,2.5,6.75],"texture":"#main"},"up":{"uv":[1.5,5.75,1,4.75],"texture":"#main"},"down":{"uv":[2,4.75,1.5,5.75],"texture":"#main"}}},{"rotation":{"origin":[26,2,19],"angle":0,"axis":"y"},"from":[11,-2,7],"to":[15,-1,9],"faces":{"east":{"uv":[4.5,2.375,4.75,2.5],"texture":"#main"},"south":{"uv":[5.5,2.375,6,2.5],"texture":"#main"},"north":{"uv":[4.75,2.375,5.25,2.5],"texture":"#main"},"west":{"uv":[5.25,2.375,5.5,2.5],"texture":"#main"},"up":{"uv":[5.25,2.375,4.75,2.125],"texture":"#main"},"down":{"uv":[5.75,2.125,5.25,2.375],"texture":"#main"}}},{"rotation":{"origin":[16,2,19],"angle":0,"axis":"y"},"from":[1,-2,7],"to":[5,-1,9],"faces":{"east":{"uv":[0,4.625,0.25,4.75],"texture":"#main"},"south":{"uv":[1,4.625,1.5,4.75],"texture":"#main"},"north":{"uv":[0.25,4.625,0.75,4.75],"texture":"#main"},"west":{"uv":[0.75,4.625,1,4.75],"texture":"#main"},"up":{"uv":[0.75,4.625,0.25,4.375],"texture":"#main"},"down":{"uv":[1.25,4.375,0.75,4.625],"texture":"#main"}}},{"rotation":{"origin":[26,1,19],"angle":0,"axis":"y"},"from":[11,-4,3],"to":[15,-2,10],"faces":{"east":{"uv":[7.625,6.125,8.5,6.375],"texture":"#main"},"south":{"uv":[9.875,6.125,10.375,6.375],"texture":"#main"},"north":{"uv":[8.5,6.125,9,6.375],"texture":"#main"},"west":{"uv":[9,6.125,9.875,6.375],"texture":"#main"},"up":{"uv":[9,6.125,8.5,5.25],"texture":"#main"},"down":{"uv":[9.5,5.25,9,6.125],"texture":"#main"}}},{"rotation":{"origin":[16,1,19],"angle":0,"axis":"y"},"from":[1,-4,3],"to":[5,-2,10],"faces":{"east":{"uv":[7.5,3,8.375,3.25],"texture":"#main"},"south":{"uv":[9.75,3,10.25,3.25],"texture":"#main"},"north":{"uv":[8.375,3,8.875,3.25],"texture":"#main"},"west":{"uv":[8.875,3,9.75,3.25],"texture":"#main"},"up":{"uv":[8.875,3,8.375,2.125],"texture":"#main"},"down":{"uv":[9.375,2.125,8.875,3],"texture":"#main"}}},{"rotation":{"origin":[19,24,19],"angle":0,"axis":"y"},"from":[3,16,4],"to":[13,24,13],"faces":{"east":{"uv":[4.5,1.125,5.625,2.125],"texture":"#main"},"south":{"uv":[8,1.125,9.25,2.125],"texture":"#main"},"north":{"uv":[5.625,1.125,6.875,2.125],"texture":"#main"},"west":{"uv":[6.875,1.125,8,2.125],"texture":"#main"},"up":{"uv":[6.875,1.125,5.625,0],"texture":"#main"},"down":{"uv":[8.125,0,6.875,1.125],"texture":"#main"}}},{"rotation":{"origin":[19,32,19],"angle":0,"axis":"y"},"from":[9,22,1],"to":[9,32,16],"faces":{"east":{"uv":[2.625,4.5,4.5,5.75],"texture":"#main"},"south":{"uv":[15.125,3.875,15.25,5.125],"texture":"#main"},"north":{"uv":[15.875,3,16,4.25],"texture":"#main"},"west":{"uv":[4.625,4.5,6.5,5.75],"texture":"#main"},"up":{"uv":[16,4.125,15.875,2.25],"texture":"#main"},"down":{"uv":[16,2.625,15.875,4.5],"texture":"#main"}}},{"rotation":{"origin":[19,20,30],"angle":0,"axis":"y"},"from":[9,7,12],"to":[9,22,19],"faces":{"east":{"uv":[6.125,8.5,7,10.375],"texture":"#main"},"south":{"uv":[12.75,7.875,12.875,9.75],"texture":"#main"},"north":{"uv":[12.25,7.875,12.375,9.75],"texture":"#main"},"west":{"uv":[7.125,8.5,8,10.375],"texture":"#main"},"up":{"uv":[12.125,8,12,7.125],"texture":"#main"},"down":{"uv":[13.25,7.25,13.125,8.125],"texture":"#main"}}},{"rotation":{"origin":[19,17,39],"angle":0,"axis":"y"},"from":[9,4,21],"to":[9,19,28],"faces":{"east":{"uv":[5.125,11,6,12.875],"texture":"#main"},"south":{"uv":[14.625,7.875,14.75,9.75],"texture":"#main"},"north":{"uv":[15.375,7.25,15.5,9.125],"texture":"#main"},"west":{"uv":[5.125,7.625,6,9.5],"texture":"#main"},"up":{"uv":[12.125,10.5,12,9.625],"texture":"#main"},"down":{"uv":[15,7.25,14.875,8.125],"texture":"#main"}}},{"rotation":{"origin":[19,25,11],"angle":0,"axis":"y"},"from":[4,15,-2],"to":[12,22,4],"faces":{"east":{"uv":[0,3.5,0.75,4.375],"texture":"#main"},"south":{"uv":[2.5,3.5,3.5,4.375],"texture":"#main"},"north":{"uv":[0.75,3.5,1.75,4.375],"texture":"#main"},"west":{"uv":[1.75,3.5,2.5,4.375],"texture":"#main"},"up":{"uv":[1.75,3.5,0.75,2.75],"texture":"#main"},"down":{"uv":[2.75,2.75,1.75,3.5],"texture":"#main"}}},{"rotation":{"origin":[19,16,19],"angle":0,"axis":"y"},"from":[4,14,5],"to":[12,16,12],"faces":{"east":{"uv":[6.625,5,7.5,5.25],"texture":"#main"},"south":{"uv":[9.375,5,10.375,5.25],"texture":"#main"},"north":{"uv":[7.5,5,8.5,5.25],"texture":"#main"},"west":{"uv":[8.5,5,9.375,5.25],"texture":"#main"},"up":{"uv":[8.5,5,7.5,4.125],"texture":"#main"},"down":{"uv":[9.5,4.125,8.5,5],"texture":"#main"}}}],"display":{"head":{"translation":[0,-30.25,0],"scale":[1.06836,1.06836,1.06836]}},"credit":"Made with Blockbench"}