{"credit":"Made with Blockbench","texture_size":[32,32],"textures":{"main":"pokemon/cryogonal"},"elements":[{"from":[-5.225,9.775,-0.95],"to":[5.225,20.225,0.95],"rotation":{"angle":0,"axis":"y","origin":[-15.2,1.7,-15.2]},"faces":{"north":{"uv":[4,0,6.75,2.75],"texture":"#main"},"east":{"uv":[4,6,4.5,8.75],"texture":"#main"},"south":{"uv":[4,3,6.75,5.75],"texture":"#main"},"west":{"uv":[4.5,6,5,8.75],"texture":"#main"},"up":{"uv":[7.75,6.5,5,6],"texture":"#main"},"down":{"uv":[7.75,6.5,5,7],"texture":"#main"}}},{"from":[-0.55661,22.03132,-0.475],"to":[2.29339,23.93132,0.475],"rotation":{"angle":22.5,"axis":"z","origin":[0,23.34102,0]},"faces":{"north":{"uv":[7,0,7.75,0.5],"texture":"#main"},"east":{"uv":[9,4.5,9.25,5],"texture":"#main"},"south":{"uv":[7,0.5,7.75,1],"texture":"#main"},"west":{"uv":[5,9,5.25,9.5],"texture":"#main"},"up":{"uv":[6.25,8.25,5.5,8],"texture":"#main"},"down":{"uv":[8.75,5.5,8,5.75],"texture":"#main"}}},{"from":[-2.29339,22.03132,-0.4275],"to":[0.55661,23.93132,0.4275],"rotation":{"angle":-22.5,"axis":"z","origin":[0,23.34102,0]},"faces":{"north":{"uv":[7,1,7.75,1.5],"texture":"#main"},"east":{"uv":[9,5,9.25,5.5],"texture":"#main"},"south":{"uv":[7,1.5,7.75,2],"texture":"#main"},"west":{"uv":[9,5.5,9.25,6],"texture":"#main"},"up":{"uv":[8.75,6.25,8,6],"texture":"#main"},"down":{"uv":[7.25,8,6.5,8.25],"texture":"#main"}}},{"from":[-2.29339,6.06868,-0.4275],"to":[0.55661,7.96868,0.4275],"rotation":{"angle":22.5,"axis":"z","origin":[0,6.65898,0]},"faces":{"north":{"uv":[7.75,2,7,1.5],"texture":"#main"},"east":{"uv":[9.25,5.5,9,5],"texture":"#main"},"south":{"uv":[7.75,1.5,7,1],"texture":"#main"},"west":{"uv":[9.25,6,9,5.5],"texture":"#main"},"up":{"uv":[7.25,8,6.5,8.25],"texture":"#main"},"down":{"uv":[8.75,6.25,8,6],"texture":"#main"}}},{"from":[-0.55661,6.06868,-0.475],"to":[2.29339,7.96868,0.475],"rotation":{"angle":-22.5,"axis":"z","origin":[0,6.65898,0]},"faces":{"north":{"uv":[7.75,1,7,0.5],"texture":"#main"},"east":{"uv":[9.25,5,9,4.5],"texture":"#main"},"south":{"uv":[7.75,0.5,7,0],"texture":"#main"},"west":{"uv":[5.25,9.5,5,9],"texture":"#main"},"up":{"uv":[8.75,5.5,8,5.75],"texture":"#main"},"down":{"uv":[6.25,8.25,5.5,8],"texture":"#main"}}},{"from":[-8.2964,17.63536,-0.4275],"to":[-6.3964,20.48536,0.4275],"rotation":{"angle":22.5,"axis":"z","origin":[0,15,0]},"faces":{"north":{"uv":[7.75,2,7,1.5],"rotation":270,"texture":"#main"},"east":{"uv":[7.25,8,6.5,8.25],"rotation":90,"texture":"#main"},"south":{"uv":[7.75,1.5,7,1],"rotation":90,"texture":"#main"},"west":{"uv":[8.75,6.25,8,6],"rotation":90,"texture":"#main"},"up":{"uv":[9.25,6,9,5.5],"rotation":90,"texture":"#main"},"down":{"uv":[9.25,5.5,9,5],"rotation":90,"texture":"#main"}}},{"from":[-8.2964,9.51464,-0.475],"to":[-6.3964,12.36464,0.475],"rotation":{"angle":-22.5,"axis":"z","origin":[0,15,0]},"faces":{"north":{"uv":[7.75,1,7,0.5],"rotation":270,"texture":"#main"},"east":{"uv":[8.75,5.5,8,5.75],"rotation":90,"texture":"#main"},"south":{"uv":[7.75,0.5,7,0],"rotation":90,"texture":"#main"},"west":{"uv":[6.25,8.25,5.5,8],"rotation":90,"texture":"#main"},"up":{"uv":[5.25,9.5,5,9],"rotation":90,"texture":"#main"},"down":{"uv":[9.25,5,9,4.5],"rotation":90,"texture":"#main"}}},{"from":[6.3964,9.51464,-0.475],"to":[8.2964,12.36464,0.475],"rotation":{"angle":22.5,"axis":"z","origin":[0,15,0]},"faces":{"north":{"uv":[7,0,7.75,0.5],"rotation":270,"texture":"#main"},"east":{"uv":[6.25,8.25,5.5,8],"rotation":90,"texture":"#main"},"south":{"uv":[7,0.5,7.75,1],"rotation":90,"texture":"#main"},"west":{"uv":[8.75,5.5,8,5.75],"rotation":90,"texture":"#main"},"up":{"uv":[5,9,5.25,9.5],"rotation":90,"texture":"#main"},"down":{"uv":[9,4.5,9.25,5],"rotation":90,"texture":"#main"}}},{"from":[6.3964,17.63536,-0.4275],"to":[8.2964,20.48536,0.4275],"rotation":{"angle":-22.5,"axis":"z","origin":[0,15,0]},"faces":{"north":{"uv":[7,1,7.75,1.5],"rotation":270,"texture":"#main"},"east":{"uv":[8.75,6.25,8,6],"rotation":90,"texture":"#main"},"south":{"uv":[7,1.5,7.75,2],"rotation":90,"texture":"#main"},"west":{"uv":[7.25,8,6.5,8.25],"rotation":90,"texture":"#main"},"up":{"uv":[9,5.5,9.25,6],"rotation":90,"texture":"#main"},"down":{"uv":[9,5,9.25,5.5],"rotation":90,"texture":"#main"}}},{"from":[-5.48536,6.7036,-0.4275],"to":[-2.63536,8.6036,0.4275],"rotation":{"angle":-22.5,"axis":"z","origin":[0,15,0]},"faces":{"north":{"uv":[7.75,2,7,1.5],"texture":"#main"},"east":{"uv":[9.25,5.5,9,5],"texture":"#main"},"south":{"uv":[7.75,1.5,7,1],"texture":"#main"},"west":{"uv":[9.25,6,9,5.5],"texture":"#main"},"up":{"uv":[7.25,8,6.5,8.25],"texture":"#main"},"down":{"uv":[8.75,6.25,8,6],"texture":"#main"}}},{"from":[-8.2964,9.51464,-0.475],"to":[-6.3964,12.36464,0.475],"rotation":{"angle":22.5,"axis":"z","origin":[0,15,0]},"faces":{"north":{"uv":[7.75,1,7,0.5],"rotation":270,"texture":"#main"},"east":{"uv":[8.75,5.5,8,5.75],"rotation":90,"texture":"#main"},"south":{"uv":[7.75,0.5,7,0],"rotation":90,"texture":"#main"},"west":{"uv":[6.25,8.25,5.5,8],"rotation":90,"texture":"#main"},"up":{"uv":[5.25,9.5,5,9],"rotation":90,"texture":"#main"},"down":{"uv":[9.25,5,9,4.5],"rotation":90,"texture":"#main"}}},{"from":[2.63536,21.3964,-0.475],"to":[5.48536,23.2964,0.475],"rotation":{"angle":-22.5,"axis":"z","origin":[0,15,0]},"faces":{"north":{"uv":[7,0,7.75,0.5],"texture":"#main"},"east":{"uv":[9,4.5,9.25,5],"texture":"#main"},"south":{"uv":[7,0.5,7.75,1],"texture":"#main"},"west":{"uv":[5,9,5.25,9.5],"texture":"#main"},"up":{"uv":[6.25,8.25,5.5,8],"texture":"#main"},"down":{"uv":[8.75,5.5,8,5.75],"texture":"#main"}}},{"from":[6.3964,17.63536,-0.4275],"to":[8.2964,20.48536,0.4275],"rotation":{"angle":22.5,"axis":"z","origin":[0,15,0]},"faces":{"north":{"uv":[7,1,7.75,1.5],"rotation":270,"texture":"#main"},"east":{"uv":[8.75,6.25,8,6],"rotation":90,"texture":"#main"},"south":{"uv":[7,1.5,7.75,2],"rotation":90,"texture":"#main"},"west":{"uv":[7.25,8,6.5,8.25],"rotation":90,"texture":"#main"},"up":{"uv":[9,5.5,9.25,6],"rotation":90,"texture":"#main"},"down":{"uv":[9,5,9.25,5.5],"rotation":90,"texture":"#main"}}},{"from":[-8.2964,17.63536,-0.4275],"to":[-6.3964,20.48536,0.4275],"rotation":{"angle":-22.5,"axis":"z","origin":[0,15,0]},"faces":{"north":{"uv":[7.75,2,7,1.5],"rotation":270,"texture":"#main"},"east":{"uv":[7.25,8,6.5,8.25],"rotation":90,"texture":"#main"},"south":{"uv":[7.75,1.5,7,1],"rotation":90,"texture":"#main"},"west":{"uv":[8.75,6.25,8,6],"rotation":90,"texture":"#main"},"up":{"uv":[9.25,6,9,5.5],"rotation":90,"texture":"#main"},"down":{"uv":[9.25,5.5,9,5],"rotation":90,"texture":"#main"}}},{"from":[-5.48536,21.3964,-0.475],"to":[-2.63536,23.2964,0.475],"rotation":{"angle":22.5,"axis":"z","origin":[0,15,0]},"faces":{"north":{"uv":[7.75,1,7,0.5],"rotation":180,"texture":"#main"},"east":{"uv":[5.25,9.5,5,9],"rotation":180,"texture":"#main"},"south":{"uv":[7.75,0.5,7,0],"rotation":180,"texture":"#main"},"west":{"uv":[9.25,5,9,4.5],"rotation":180,"texture":"#main"},"up":{"uv":[6.25,8.25,5.5,8],"rotation":180,"texture":"#main"},"down":{"uv":[8.75,5.5,8,5.75],"rotation":180,"texture":"#main"}}},{"from":[6.3964,9.51464,-0.475],"to":[8.2964,12.36464,0.475],"rotation":{"angle":-22.5,"axis":"z","origin":[0,15,0]},"faces":{"north":{"uv":[7,0,7.75,0.5],"rotation":270,"texture":"#main"},"east":{"uv":[6.25,8.25,5.5,8],"rotation":90,"texture":"#main"},"south":{"uv":[7,0.5,7.75,1],"rotation":90,"texture":"#main"},"west":{"uv":[8.75,5.5,8,5.75],"rotation":90,"texture":"#main"},"up":{"uv":[5,9,5.25,9.5],"rotation":90,"texture":"#main"},"down":{"uv":[9,4.5,9.25,5],"rotation":90,"texture":"#main"}}},{"from":[2.63536,6.7036,-0.4275],"to":[5.48536,8.6036,0.4275],"rotation":{"angle":22.5,"axis":"z","origin":[0,15,0]},"faces":{"north":{"uv":[7,1,7.75,1.5],"rotation":180,"texture":"#main"},"east":{"uv":[9,5.5,9.25,6],"rotation":180,"texture":"#main"},"south":{"uv":[7,1.5,7.75,2],"rotation":180,"texture":"#main"},"west":{"uv":[9,5,9.25,5.5],"rotation":180,"texture":"#main"},"up":{"uv":[7.25,8,6.5,8.25],"rotation":180,"texture":"#main"},"down":{"uv":[8.75,6.25,8,6],"rotation":180,"texture":"#main"}}},{"from":[-7.6,7.4,0],"to":[7.6,22.6,0],"rotation":{"angle":0,"axis":"y","origin":[-15.2,1.7,-14.25]},"faces":{"north":{"uv":[0,0,4,4],"texture":"#main"},"east":{"uv":[0,0,0,4],"texture":"#main"},"south":{"uv":[0,4,4,8],"texture":"#main"},"west":{"uv":[0,0,0,4],"texture":"#main"},"up":{"uv":[4,0,0,0],"texture":"#main"},"down":{"uv":[4,0,0,0],"texture":"#main"}}}],"groups":[{"name":"Cryogonal","origin":[0,15,0],"color":0,"nbt":"{}","armAnimationEnabled":false,"children":[{"name":"body","origin":[0,23.1,0],"color":0,"nbt":"{}","armAnimationEnabled":false,"children":[0,1,2,3,4,5,6,7,8,9,10,11,12,13,14,15,16,17]}]}]}