{"credit":"Made with Blockbench","texture_size":[32,32],"textures":{"particle":"pokemon/cubchoo","main":"pokemon/cubchoo"},"elements":[{"from":[-2.45,1.05,-2.1],"to":[2.45,7.7,2.8],"rotation":{"angle":0,"axis":"y","origin":[-11.2,0,-8.4]},"faces":{"north":{"uv":[5,5,6.75,7.5],"texture":"#main"},"east":{"uv":[6,0,7.75,2.5],"texture":"#main"},"south":{"uv":[6,2.5,7.75,5],"texture":"#main"},"west":{"uv":[7,5,8.75,7.5],"texture":"#main"},"up":{"uv":[1.75,9.25,0,7.5],"texture":"#main"},"down":{"uv":[3.75,7.5,2,9.25],"texture":"#main"}}},{"from":[-1.225,1.05,2.8],"to":[1.225,3.5,4.9],"rotation":{"angle":0,"axis":"y","origin":[-11.2,0,-8.4]},"faces":{"north":{"uv":[9.5,7.5,10.5,8.5],"texture":"#main"},"east":{"uv":[10.5,5,11.25,6],"texture":"#main"},"south":{"uv":[9.5,8.5,10.5,9.5],"texture":"#main"},"west":{"uv":[5.5,10.5,6.25,11.5],"texture":"#main"},"up":{"uv":[7.5,11.25,6.5,10.5],"texture":"#main"},"down":{"uv":[11.5,7,10.5,7.75],"texture":"#main"}}},{"from":[-3.85,7.7,-3.5],"to":[3.85,14.35,3.5],"rotation":{"angle":0,"axis":"y","origin":[-11.2,0,-8.4]},"faces":{"north":{"uv":[0,0,2.75,2.5],"texture":"#main"},"east":{"uv":[0,5,2.5,7.5],"texture":"#main"},"south":{"uv":[0,2.5,2.75,5],"texture":"#main"},"west":{"uv":[2.5,5,5,7.5],"texture":"#main"},"up":{"uv":[5.75,2.5,3,0],"texture":"#main"},"down":{"uv":[5.75,2.5,3,5],"texture":"#main"}}},{"from":[-2.8,7.7,-7],"to":[2.45,11.55,-3.5],"rotation":{"angle":0,"axis":"y","origin":[-11.2,0,-8.4]},"faces":{"north":{"uv":[4,7.5,6,9],"texture":"#main"},"east":{"uv":[8,3,9.25,4.5],"texture":"#main"},"south":{"uv":[6,7.5,8,9],"texture":"#main"},"west":{"uv":[8,7.5,9.25,9],"texture":"#main"},"up":{"uv":[10,1.25,8,0],"texture":"#main"},"down":{"uv":[10,1.5,8,2.75],"texture":"#main"}}},{"from":[-6.3,11.55,0.7],"to":[-2.8,15.4,2.8],"rotation":{"angle":0,"axis":"y","origin":[-11.2,0,-8.4]},"faces":{"north":{"uv":[4,9,5.25,10.5],"texture":"#main"},"east":{"uv":[3,9.5,3.75,11],"texture":"#main"},"south":{"uv":[9,4.5,10.25,6],"texture":"#main"},"west":{"uv":[9.5,3,10.25,4.5],"texture":"#main"},"up":{"uv":[5.25,11.25,4,10.5],"texture":"#main"},"down":{"uv":[11.75,4,10.5,4.75],"texture":"#main"}}},{"from":[2.8,11.55,0.7],"to":[6.3,15.4,2.8],"rotation":{"angle":0,"axis":"y","origin":[11.2,0,-8.4]},"faces":{"north":{"uv":[5.25,9,4,10.5],"texture":"#main"},"east":{"uv":[10.25,3,9.5,4.5],"texture":"#main"},"south":{"uv":[10.25,4.5,9,6],"texture":"#main"},"west":{"uv":[3.75,9.5,3,11],"texture":"#main"},"up":{"uv":[4,11.25,5.25,10.5],"texture":"#main"},"down":{"uv":[10.5,4,11.75,4.75],"texture":"#main"}}},{"from":[-1.75,5.04,-8.4],"to":[0,7.84,-6.65],"rotation":{"angle":0,"axis":"y","origin":[-11.2,0,-8.4]},"faces":{"north":{"uv":[9.5,10.5,10.25,11.5],"texture":"#main"},"east":{"uv":[11.75,0,11,1],"texture":"#main"},"south":{"uv":[0,11,0.75,12],"texture":"#main"},"west":{"uv":[11,0,11.75,1],"texture":"#main"},"up":{"uv":[1.75,11.75,1,11],"texture":"#main"},"down":{"uv":[11.75,1,11,1.75],"texture":"#main"}}},{"from":[-1.4,7.49,-8.05],"to":[-0.35,9.24,-7],"rotation":{"angle":0,"axis":"y","origin":[-11.2,0,-8.4]},"faces":{"north":{"uv":[2,11,2.5,11.75],"texture":"#main"},"east":{"uv":[3.5,11,3,11.75],"texture":"#main"},"south":{"uv":[2.5,11,3,11.75],"texture":"#main"},"west":{"uv":[3,11,3.5,11.75],"texture":"#main"},"up":{"uv":[8.5,5,8,4.5],"texture":"#main"},"down":{"uv":[9,4.5,8.5,5],"texture":"#main"}}},{"from":[-0.875,9.24,-8.05],"to":[-0.875,10.29,-7],"rotation":{"angle":0,"axis":"y","origin":[-11.2,0,-8.4]},"faces":{"north":{"uv":[0,0,0,0.5],"texture":"#main"},"east":{"uv":[4,11,3.5,11.5],"texture":"#main"},"south":{"uv":[0,0,0,0.5],"texture":"#main"},"west":{"uv":[3.5,11,4,11.5],"texture":"#main"},"up":{"uv":[0,0.5,0,0],"texture":"#main"},"down":{"uv":[0,0,0,0.5],"texture":"#main"}}},{"from":[-3.5,5.20784,-2.30238],"to":[-1.05,7.65784,-0.55238],"rotation":{"angle":-22.5,"axis":"x","origin":[-2.275,6.78284,-2.12738]},"faces":{"north":{"uv":[10,6,11,7],"texture":"#main"},"east":{"uv":[7.5,10.5,8.25,11.5],"texture":"#main"},"south":{"uv":[10.5,3,11.5,4],"texture":"#main"},"west":{"uv":[10.5,8,11.25,9],"texture":"#main"},"up":{"uv":[9.5,11.25,8.5,10.5],"texture":"#main"},"down":{"uv":[11.5,9,10.5,9.75],"texture":"#main"}}},{"from":[-3.5,4.9,-4.9],"to":[-1.05,8.05,-2.45],"rotation":{"angle":-22.5,"axis":"x","origin":[-1.925,7,-2.975]},"faces":{"north":{"uv":[8.5,9,9.5,10.25],"texture":"#main"},"east":{"uv":[0,9.5,1,10.75],"texture":"#main"},"south":{"uv":[1,9.5,2,10.75],"texture":"#main"},"west":{"uv":[2,9.5,3,10.75],"texture":"#main"},"up":{"uv":[11,2,10,1],"texture":"#main"},"down":{"uv":[11,2,10,3],"texture":"#main"}}},{"from":[1.05,5.20784,-2.30238],"to":[3.5,7.65784,-0.55238],"rotation":{"angle":-22.5,"axis":"x","origin":[2.275,6.78284,-2.12738]},"faces":{"north":{"uv":[11,6,10,7],"texture":"#main"},"east":{"uv":[11.25,8,10.5,9],"texture":"#main"},"south":{"uv":[11.5,3,10.5,4],"texture":"#main"},"west":{"uv":[8.25,10.5,7.5,11.5],"texture":"#main"},"up":{"uv":[8.5,11.25,9.5,10.5],"texture":"#main"},"down":{"uv":[10.5,9,11.5,9.75],"texture":"#main"}}},{"from":[1.05,4.9,-4.9],"to":[3.5,8.05,-2.45],"rotation":{"angle":-22.5,"axis":"x","origin":[1.925,7,-2.975]},"faces":{"north":{"uv":[9.5,9,8.5,10.25],"texture":"#main"},"east":{"uv":[3,9.5,2,10.75],"texture":"#main"},"south":{"uv":[2,9.5,1,10.75],"texture":"#main"},"west":{"uv":[1,9.5,0,10.75],"texture":"#main"},"up":{"uv":[10,2,11,1],"texture":"#main"},"down":{"uv":[10,2,11,3],"texture":"#main"}}},{"from":[-2.8,0,-1.4],"to":[-0.35,4.2,1.05],"rotation":{"angle":0,"axis":"y","origin":[0,2.1,-0.175]},"faces":{"north":{"uv":[5.5,9,6.5,10.5],"texture":"#main"},"east":{"uv":[9,6,10,7.5],"texture":"#main"},"south":{"uv":[6.5,9,7.5,10.5],"texture":"#main"},"west":{"uv":[7.5,9,8.5,10.5],"texture":"#main"},"up":{"uv":[10.5,10.5,9.5,9.5],"texture":"#main"},"down":{"uv":[11,0,10,1],"texture":"#main"}}},{"from":[0.35,0,-1.4],"to":[2.8,4.2,1.05],"rotation":{"angle":0,"axis":"y","origin":[0,2.1,-0.175]},"faces":{"north":{"uv":[6.5,9,5.5,10.5],"texture":"#main"},"east":{"uv":[8.5,9,7.5,10.5],"texture":"#main"},"south":{"uv":[7.5,9,6.5,10.5],"texture":"#main"},"west":{"uv":[10,6,9,7.5],"texture":"#main"},"up":{"uv":[9.5,10.5,10.5,9.5],"texture":"#main"},"down":{"uv":[10,0,11,1],"texture":"#main"}}}],"display":{"head":{"translation":[8,-35,8]}},"groups":[{"name":"Cubchoo","origin":[0,0,0],"color":0,"children":[{"name":"body","origin":[0,1.925,0.35],"color":0,"children":[0,1,{"name":"head","origin":[-0.4,7.86,0.725],"color":0,"children":[2,3,4,5,{"name":"snot","origin":[-0.875,10.19,-7.025],"color":0,"children":[6,7,8]}]},{"name":"arm_l","origin":[-2.625,6.48722,-0.98376],"color":0,"children":[9,10]},{"name":"arm_r","origin":[2.275,6.83722,-1.33376],"color":0,"children":[11,12]}]},{"name":"leg_l","origin":[-1.575,3.85,-0.175],"color":0,"children":[13]},{"name":"leg_r","origin":[1.575,3.85,-0.175],"color":0,"children":[14]}]}]}