{"credit":"Made with Blockbench","texture_size":[32,32],"textures":{"main":"pokemon/deerling_spring"},"elements":[{"from":[-2.60033,3.90889,-5.20567],"to":[2.59967,9.10889,5.19433],"rotation":{"angle":0,"axis":"y","origin":[-10.40033,0.00889,-9.10567]},"faces":{"north":{"uv":[2,4,4,6],"texture":"#main"},"east":{"uv":[0,0,4,2],"texture":"#main"},"south":{"uv":[4,4,6,6],"texture":"#main"},"west":{"uv":[0,2,4,4],"texture":"#main"},"up":{"uv":[2,8,0,4],"texture":"#main"},"down":{"uv":[6,0,4,4],"texture":"#main"}}},{"from":[-0.97533,8.45889,4.54433],"to":[0.97467,11.05889,6.16933],"rotation":{"angle":0,"axis":"y","origin":[-10.40033,1.95889,0.64433]},"faces":{"north":{"uv":[10.5,7,11.25,8],"texture":"#main"},"east":{"uv":[10.5,8,11.25,9],"texture":"#main"},"south":{"uv":[10.5,9,11.25,10],"texture":"#main"},"west":{"uv":[10.5,10,11.25,11],"texture":"#main"},"up":{"uv":[11.75,0.75,11,0],"texture":"#main"},"down":{"uv":[3.75,11,3,11.75],"texture":"#main"}}},{"from":[-0.00033,8.45889,4.54433],"to":[-0.00033,13.33389,7.46933],"rotation":{"angle":0,"axis":"y","origin":[-11.37533,3.25889,0.64433]},"faces":{"north":{"uv":[0,0,0,2],"texture":"#main"},"east":{"uv":[2,8,3.25,10],"texture":"#main"},"south":{"uv":[0,0,0,2],"texture":"#main"},"west":{"uv":[8,2,9.25,4],"texture":"#main"},"up":{"uv":[0,1.25,0,0],"texture":"#main"},"down":{"uv":[0,0,0,1.25],"texture":"#main"}}},{"from":[-1.30033,5.20889,-6.27817],"to":[1.29967,10.40889,-3.67817],"rotation":{"angle":-22.5,"axis":"x","origin":[-0.00033,7.80889,-4.97817]},"faces":{"north":{"uv":[3.5,8,4.5,10],"texture":"#main"},"east":{"uv":[8,4,9,6],"texture":"#main"},"south":{"uv":[4.5,8,5.5,10],"texture":"#main"},"west":{"uv":[5.5,8,6.5,10],"texture":"#main"},"up":{"uv":[10.5,11,9.5,10],"texture":"#main"},"down":{"uv":[11.5,1.5,10.5,2.5],"texture":"#main"}}},{"from":[-2.60033,9.59639,-9.10567],"to":[2.59967,14.79639,-3.90567],"rotation":{"angle":0,"axis":"y","origin":[-10.40033,5.69639,-18.20567]},"faces":{"north":{"uv":[6,0,8,2],"texture":"#main"},"east":{"uv":[2,6,4,8],"texture":"#main"},"south":{"uv":[6,2,8,4],"texture":"#main"},"west":{"uv":[4,6,6,8],"texture":"#main"},"up":{"uv":[8,6,6,4],"texture":"#main"},"down":{"uv":[8,6,6,8],"texture":"#main"}}},{"from":[-1.30033,9.43389,-11.21817],"to":[1.29967,12.03389,-8.61817],"rotation":{"angle":22.5,"axis":"x","origin":[-0.00033,10.73389,-8.48817]},"faces":{"north":{"uv":[3,10,4,11],"texture":"#main"},"east":{"uv":[4,10,5,11],"texture":"#main"},"south":{"uv":[10,4,11,5],"texture":"#main"},"west":{"uv":[5,10,6,11],"texture":"#main"},"up":{"uv":[11,6,10,5],"texture":"#main"},"down":{"uv":[8.5,10,7.5,11],"texture":"#main"}}},{"from":[-2.60033,14.50389,-6.83067],"to":[-1.30033,18.40389,-4.23067],"rotation":{"angle":22.5,"axis":"z","origin":[-1.95033,14.79639,-5.20567]},"faces":{"north":{"uv":[9,6,9.5,7.5],"texture":"#main"},"east":{"uv":[8,6,9,7.5],"texture":"#main"},"south":{"uv":[6,10,6.5,11.5],"texture":"#main"},"west":{"uv":[6.5,8,7.5,9.5],"texture":"#main"},"up":{"uv":[8,12,7.5,11],"texture":"#main"},"down":{"uv":[8.5,11,8,12],"texture":"#main"}}},{"from":[-3.25033,15.77139,-7.80567],"to":[1.94967,15.77139,-2.60567],"rotation":{"angle":22.5,"axis":"z","origin":[-0.00033,17.39639,-6.50567]},"faces":{"north":{"uv":[0,0,2,0],"texture":"#main"},"east":{"uv":[0,0,2,0],"texture":"#main"},"south":{"uv":[0,0,2,0],"texture":"#main"},"west":{"uv":[0,0,2,0],"texture":"#main"},"up":{"uv":[2,10,0,8],"texture":"#main"},"down":{"uv":[2,10,0,8],"texture":"#main"}}},{"from":[1.29967,14.50389,-6.83067],"to":[2.59967,18.40389,-4.23067],"rotation":{"angle":-22.5,"axis":"z","origin":[1.94967,14.79639,-5.20567]},"faces":{"north":{"uv":[9.5,6,9,7.5],"texture":"#main"},"east":{"uv":[7.5,8,6.5,9.5],"texture":"#main"},"south":{"uv":[6.5,10,6,11.5],"texture":"#main"},"west":{"uv":[9,6,8,7.5],"texture":"#main"},"up":{"uv":[7.5,12,8,11],"texture":"#main"},"down":{"uv":[8,11,8.5,12],"texture":"#main"}}},{"from":[-2.63283,0.00889,-4.88067],"to":[-0.68283,5.20889,-2.93067],"rotation":{"angle":0,"axis":"y","origin":[-10.40033,0.00889,-9.10567]},"faces":{"north":{"uv":[7.5,8,8.25,10],"texture":"#main"},"east":{"uv":[8.5,7.5,9.25,9.5],"texture":"#main"},"south":{"uv":[9,4,9.75,6],"texture":"#main"},"west":{"uv":[9.5,2,10.25,4],"texture":"#main"},"up":{"uv":[11.75,4.25,11,3.5],"texture":"#main"},"down":{"uv":[4.75,11,4,11.75],"texture":"#main"}}},{"from":[-3.60783,3.58389,2.26933],"to":[-0.87783,7.15889,4.86933],"rotation":{"angle":0,"axis":"y","origin":[-10.40033,0.00889,-9.10567]},"faces":{"north":{"uv":[0,10,1,11.5],"texture":"#main"},"east":{"uv":[10,0,11,1.5],"texture":"#main"},"south":{"uv":[1,10,2,11.5],"texture":"#main"},"west":{"uv":[2,10,3,11.5],"texture":"#main"},"up":{"uv":[11.5,3.5,10.5,2.5],"texture":"#main"},"down":{"uv":[11.5,6,10.5,7],"texture":"#main"}}},{"from":[-2.95783,0.00889,2.91933],"to":[-1.00783,5.20889,4.73933],"rotation":{"angle":0,"axis":"y","origin":[-10.40033,0.00889,-9.10567]},"faces":{"north":{"uv":[9.5,6,10.25,8],"texture":"#main"},"east":{"uv":[6.5,9.5,7.25,11.5],"texture":"#main"},"south":{"uv":[9.5,8,10.25,10],"texture":"#main"},"west":{"uv":[8.5,9.5,9.25,11.5],"texture":"#main"},"up":{"uv":[11.75,5.25,11,4.5],"texture":"#main"},"down":{"uv":[5.75,11,5,11.75],"texture":"#main"}}},{"from":[0.68217,0.00889,-4.88067],"to":[2.63217,5.20889,-2.93067],"rotation":{"angle":0,"axis":"y","origin":[10.39967,0.00889,-9.10567]},"faces":{"north":{"uv":[8.25,8,7.5,10],"texture":"#main"},"east":{"uv":[10.25,2,9.5,4],"texture":"#main"},"south":{"uv":[9.75,4,9,6],"texture":"#main"},"west":{"uv":[9.25,7.5,8.5,9.5],"texture":"#main"},"up":{"uv":[11,4.25,11.75,3.5],"texture":"#main"},"down":{"uv":[4,11,4.75,11.75],"texture":"#main"}}},{"from":[0.87717,3.58389,2.26933],"to":[3.60717,7.15889,4.86933],"rotation":{"angle":0,"axis":"y","origin":[10.39967,0.00889,-9.10567]},"faces":{"north":{"uv":[1,10,0,11.5],"texture":"#main"},"east":{"uv":[3,10,2,11.5],"texture":"#main"},"south":{"uv":[2,10,1,11.5],"texture":"#main"},"west":{"uv":[11,0,10,1.5],"texture":"#main"},"up":{"uv":[10.5,3.5,11.5,2.5],"texture":"#main"},"down":{"uv":[10.5,6,11.5,7],"texture":"#main"}}},{"from":[1.00717,0.00889,2.91933],"to":[2.95717,5.20889,4.73933],"rotation":{"angle":0,"axis":"y","origin":[10.39967,0.00889,-9.10567]},"faces":{"north":{"uv":[10.25,6,9.5,8],"texture":"#main"},"east":{"uv":[9.25,9.5,8.5,11.5],"texture":"#main"},"south":{"uv":[10.25,8,9.5,10],"texture":"#main"},"west":{"uv":[7.25,9.5,6.5,11.5],"texture":"#main"},"up":{"uv":[11,5.25,11.75,4.5],"texture":"#main"},"down":{"uv":[5,11,5.75,11.75],"texture":"#main"}}}],"display":{"head":{"translation":[8,-35,8]}},"groups":[{"name":"Deerling","origin":[0.00109,4.30371,0.01892],"color":0,"children":[{"name":"body","origin":[0,5.225,0],"color":0,"children":[0,{"name":"tail","origin":[0,9.69375,4.7125],"color":0,"children":[1,2]},{"name":"neck","origin":[0.00356,7.43081,-4.62936],"color":0,"children":[3,{"name":"head","origin":[0.00427,10.79697,-5.53573],"color":0,"children":[4,5,{"name":"ear_l","origin":[-2.08463,14.52772,-5.53067],"color":0,"children":[6]},7,{"name":"ear_r","origin":[2.08397,14.72772,-5.53067],"color":0,"children":[8]}]}]}]},{"name":"arm_l","origin":[-1.6575,5.55,-3.9],"color":0,"children":[9]},{"name":"leg_l","origin":[-1.7875,7.58125,3.705],"color":0,"children":[10,11]},{"name":"arm_r","origin":[1.6575,5.55,-3.9],"color":0,"children":[12]},{"name":"leg_r","origin":[1.7875,7.58125,3.705],"color":0,"children":[13,14]}]}]}