{"parent":"physical_parent","textures":{"main":"pokemon/delibird"},"texture_size":[128,128],"elements":[{"rotation":{"origin":[8,9,8],"angle":0,"axis":"y"},"from":[3,1,4],"to":[13,7,12],"faces":{"east":{"uv":[0,1,1,1.75],"texture":"#main"},"south":{"uv":[3.25,1,4.5,1.75],"texture":"#main"},"north":{"uv":[1,1,2.25,1.75],"texture":"#main"},"west":{"uv":[2.25,1,3.25,1.75],"texture":"#main"},"up":{"uv":[2.25,1,1,0],"texture":"#main"},"down":{"uv":[3.5,0,2.25,1],"texture":"#main"}}},{"rotation":{"origin":[1,5,11],"angle":45,"axis":"z"},"from":[-1,1,8],"to":[5,7,14],"faces":{"east":{"uv":[3.75,2.5,4.5,3.25],"texture":"#main"},"south":{"uv":[6,2.5,6.75,3.25],"texture":"#main"},"north":{"uv":[4.5,2.5,5.25,3.25],"texture":"#main"},"west":{"uv":[5.25,2.5,6,3.25],"texture":"#main"},"up":{"uv":[5.25,2.5,4.5,1.75],"texture":"#main"},"down":{"uv":[6,1.75,5.25,2.5],"texture":"#main"}}},{"rotation":{"origin":[1.5,5.75,6],"angle":22.5,"axis":"z"},"from":[0.75,5.25,4.75],"to":[2.75,7.25,9],"faces":{"east":{"uv":[0,6.625,0.5,6.875],"texture":"#main"},"south":{"uv":[1.25,6.625,1.5,6.875],"texture":"#main"},"north":{"uv":[0.5,6.625,0.75,6.875],"texture":"#main"},"west":{"uv":[0.75,6.625,1.25,6.875],"texture":"#main"},"up":{"uv":[0.75,6.625,0.5,6.125],"texture":"#main"},"down":{"uv":[1,6.125,0.75,6.625],"texture":"#main"}}},{"rotation":{"origin":[1.5,5.75,6],"angle":22.5,"axis":"z"},"from":[1.75,4.75,2.5],"to":[1.75,8.75,5.5],"faces":{"east":{"uv":[4.75,6.5,5.125,7],"texture":"#main"},"south":{"uv":[5.5,6.5,5.5,7],"texture":"#main"},"north":{"uv":[5.125,6.5,5.125,7],"texture":"#main"},"west":{"uv":[5.125,6.5,5.5,7],"texture":"#main"},"up":{"uv":[5.125,6.5,5.125,6.125],"texture":"#main"},"down":{"uv":[5.125,6.125,5.125,6.5],"texture":"#main"}}},{"rotation":{"origin":[5.5,0.5,6],"angle":22.5,"axis":"y"},"from":[3.5,0,2.5],"to":[6.5,1,8.5],"faces":{"east":{"uv":[7.25,5.5,8,5.625],"texture":"#main"},"south":{"uv":[9.125,5.5,9.5,5.625],"texture":"#main"},"north":{"uv":[8,5.5,8.375,5.625],"texture":"#main"},"west":{"uv":[8.375,5.5,9.125,5.625],"texture":"#main"},"up":{"uv":[8.375,5.5,8,4.75],"texture":"#main"},"down":{"uv":[8.75,4.75,8.375,5.5],"texture":"#main"}}},{"rotation":{"origin":[10.5,0.5,6],"angle":-22.5,"axis":"y"},"from":[9.5,0,2.5],"to":[12.5,1,8.5],"faces":{"east":{"uv":[5,5.5,5.75,5.625],"texture":"#main"},"south":{"uv":[6.875,5.5,7.25,5.625],"texture":"#main"},"north":{"uv":[5.75,5.5,6.125,5.625],"texture":"#main"},"west":{"uv":[6.125,5.5,6.875,5.625],"texture":"#main"},"up":{"uv":[6.125,5.5,5.75,4.75],"texture":"#main"},"down":{"uv":[6.5,4.75,6.125,5.5],"texture":"#main"}}},{"rotation":{"origin":[8,9,8],"angle":0,"axis":"y"},"from":[4,7,4.25],"to":[12,11,11.75],"faces":{"east":{"uv":[0,2.625,0.875,3.125],"texture":"#main"},"south":{"uv":[2.75,2.625,3.75,3.125],"texture":"#main"},"north":{"uv":[0.875,2.625,1.875,3.125],"texture":"#main"},"west":{"uv":[1.875,2.625,2.75,3.125],"texture":"#main"},"up":{"uv":[1.875,2.625,0.875,1.75],"texture":"#main"},"down":{"uv":[2.875,1.75,1.875,2.625],"texture":"#main"}}},{"rotation":{"origin":[8,9,8],"angle":0,"axis":"y"},"from":[5,11,5],"to":[11,12,11],"faces":{"east":{"uv":[3.25,4,4,4.125],"texture":"#main"},"south":{"uv":[5.5,4,6.25,4.125],"texture":"#main"},"north":{"uv":[4,4,4.75,4.125],"texture":"#main"},"west":{"uv":[4.75,4,5.5,4.125],"texture":"#main"},"up":{"uv":[4.75,4,4,3.25],"texture":"#main"},"down":{"uv":[5.5,3.25,4.75,4],"texture":"#main"}}},{"rotation":{"origin":[8,9,8],"angle":0,"axis":"y"},"name":"head","from":[4.5,10.5,4.5],"to":[11.5,17.5,11.5],"faces":{"east":{"uv":[4.5,0.875,5.375,1.75],"texture":"#main"},"south":{"uv":[7.125,0.875,8,1.75],"texture":"#main"},"north":{"uv":[0.125,7.375,1.875,9.125],"texture":"#main"},"west":{"uv":[6.25,0.875,7.125,1.75],"texture":"#main"},"up":{"uv":[6.25,0.875,5.375,0],"texture":"#main"},"down":{"uv":[7.125,0,6.25,0.875],"texture":"#main"}}},{"rotation":{"origin":[8,9,8],"angle":0,"axis":"y"},"from":[4.5,11.5,11.5],"to":[4.5,17.5,14.5],"faces":{"east":{"uv":[1.5,6.5,1.875,7.25],"texture":"#main"},"south":{"uv":[6.5,8.375,6.5,9.125],"texture":"#main"},"north":{"uv":[4.625,10.125,4.625,10.875],"texture":"#main"},"west":{"uv":[1.875,6.5,2.25,7.25],"texture":"#main"},"up":{"uv":[4.875,10.375,4.875,10],"texture":"#main"},"down":{"uv":[7.125,8.75,7.125,9.125],"texture":"#main"}}},{"rotation":{"origin":[8,9,8],"angle":0,"axis":"y"},"from":[11.5,11.5,11.5],"to":[11.5,17.5,14.5],"faces":{"east":{"uv":[2.5,6.5,2.875,7.25],"texture":"#main"},"south":{"uv":[9.25,8.875,9.25,9.625],"texture":"#main"},"north":{"uv":[6.625,8.5,6.625,9.25],"texture":"#main"},"west":{"uv":[2.875,6.5,3.25,7.25],"texture":"#main"},"up":{"uv":[4.625,11.125,4.625,10.75],"texture":"#main"},"down":{"uv":[6.75,9.25,6.75,9.625],"texture":"#main"}}},{"rotation":{"origin":[8,9,8],"angle":0,"axis":"y"},"from":[6.5,12.25,2.5],"to":[9.5,14.25,4.5],"faces":{"east":{"uv":[3.5,6.375,3.75,6.625],"texture":"#main"},"south":{"uv":[4.375,6.375,4.75,6.625],"texture":"#main"},"north":{"uv":[3.75,6.375,4.125,6.625],"texture":"#main"},"west":{"uv":[4.125,6.375,4.375,6.625],"texture":"#main"},"up":{"uv":[4.125,6.375,3.75,6.125],"texture":"#main"},"down":{"uv":[4.5,6.125,4.125,6.375],"texture":"#main"}}},{"rotation":{"origin":[8,17,4.75],"angle":-45,"axis":"z"},"from":[6.25,14.5,4.75],"to":[15.25,24.5,4.75],"faces":{"east":{"uv":[7.875,7.875,7.875,9.125],"texture":"#main"},"south":{"uv":[0,4.75,1.125,6],"texture":"#main"},"north":{"uv":[2.5,4.75,3.625,6],"texture":"#main"},"west":{"uv":[6.625,9.75,6.625,11],"texture":"#main"},"up":{"uv":[9.875,6.875,8.75,6.875],"texture":"#main"},"down":{"uv":[10.25,6,9.125,6],"texture":"#main"}}},{"rotation":{"origin":[8,17,4.75],"angle":45,"axis":"z"},"from":[0.75,14.5,4.75],"to":[9.75,24.5,4.75],"faces":{"east":{"uv":[9.875,7.75,9.875,9],"texture":"#main"},"south":{"uv":[2.5,4.75,3.625,6],"texture":"#main"},"north":{"uv":[0,4.75,1.125,6],"texture":"#main"},"west":{"uv":[7.75,8.5,7.75,9.75],"texture":"#main"},"up":{"uv":[7.625,7.75,6.5,7.75],"texture":"#main"},"down":{"uv":[10.5,7.5,9.375,7.5],"texture":"#main"}}},{"rotation":{"origin":[6.25,9,3.75],"angle":22.5,"axis":"x"},"from":[3.5,3.5,3.25],"to":[12.5,14.5,3.25],"faces":{"east":{"uv":[6.25,3.25,6.25,4.625],"texture":"#main"},"south":{"uv":[6.25,3.25,7.375,4.625],"texture":"#main"},"north":{"uv":[6.25,3.25,7.375,4.625],"texture":"#main"},"west":{"uv":[7.375,3.25,7.375,4.625],"texture":"#main"},"up":{"uv":[7.375,3.25,6.25,3.25],"texture":"#main"},"down":{"uv":[8.5,3.25,7.375,3.25],"texture":"#main"}}},{"rotation":{"origin":[14.23223,8.23223,7.5],"angle":-45,"axis":"z"},"from":[10.23223,7.73223,5],"to":[18.23223,8.73223,10],"faces":{"east":{"uv":[0,3.875,0.625,4],"texture":"#main"},"south":{"uv":[2.25,3.875,3.25,4],"texture":"#main"},"north":{"uv":[0.625,3.875,1.625,4],"texture":"#main"},"west":{"uv":[1.625,3.875,2.25,4],"texture":"#main"},"up":{"uv":[1.625,3.875,0.625,3.25],"texture":"#main"},"down":{"uv":[2.625,3.25,1.625,3.875],"texture":"#main"}}},{"rotation":{"origin":[0,10,7.5],"angle":45,"axis":"z"},"from":[-4,7,5],"to":[4,8,10],"faces":{"east":{"uv":[6.75,2.375,7.375,2.5],"texture":"#main"},"south":{"uv":[9,2.375,10,2.5],"texture":"#main"},"north":{"uv":[7.375,2.375,8.375,2.5],"texture":"#main"},"west":{"uv":[8.375,2.375,9,2.5],"texture":"#main"},"up":{"uv":[8.375,2.375,7.375,1.75],"texture":"#main"},"down":{"uv":[9.375,1.75,8.375,2.375],"texture":"#main"}}}],"display":{"head":{"translation":[0,-30.5,0],"scale":[1.59375,1.59375,1.59375]}},"credit":"Made with Blockbench"}