{"parent":"physical_parent","textures":{"main":"pokemon/deoxys"},"texture_size":[64,64],"elements":[{"rotation":{"origin":[8,19,8],"angle":0,"axis":"y"},"from":[5.5,16,5.5],"to":[10.5,22,10.5],"faces":{"east":{"uv":[4.5,1.75,5.75,3.25],"texture":"#main"},"south":{"uv":[6.5,3.5,7.75,5],"texture":"#main"},"north":{"uv":[3.25,1.75,4.5,3.25],"texture":"#main"},"west":{"uv":[6.5,5,7.75,6.5],"texture":"#main"},"up":{"uv":[9,6.5,7.75,5.25],"texture":"#main"},"down":{"uv":[10.25,5.25,9,6.5],"texture":"#main"}}},{"rotation":{"origin":[4,19.5,8],"angle":0,"axis":"y"},"from":[2.49,17.99,7.49],"to":[5.51,20.01,8.51],"faces":{"east":{"uv":[13.5,3.25,13.75,3.75],"texture":"#main"},"south":{"uv":[13,11.75,13.75,12.25],"texture":"#main"},"north":{"uv":[10,3,10.75,3.5],"texture":"#main"},"west":{"uv":[13.5,7.25,13.75,7.75],"texture":"#main"},"up":{"uv":[12,11.25,11.25,11],"texture":"#main"},"down":{"uv":[13,10.75,12.25,11],"texture":"#main"}}},{"rotation":{"origin":[12,19.5,8],"angle":0,"axis":"y"},"shade":false,"from":[10.49,17.99,7.49],"to":[13.51,20.01,8.51],"faces":{"east":{"uv":[13.5,7.75,13.75,8.25],"texture":"#main"},"south":{"uv":[6,13.25,6.75,13.75],"texture":"#main"},"north":{"uv":[13,12.25,13.75,12.75],"texture":"#main"},"west":{"uv":[13.5,8.25,13.75,8.75],"texture":"#main"},"up":{"uv":[14.25,0.75,13.5,0.5],"texture":"#main"},"down":{"uv":[14.25,0.75,13.5,1],"texture":"#main"}}},{"rotation":{"origin":[4.07716,20.11209,8],"angle":22.5,"axis":"z"},"from":[2.57716,18.61209,7.5],"to":[6.57716,20.61209,8.5],"faces":{"east":{"uv":[13.5,8.75,13.75,9.25],"texture":"#main"},"south":{"uv":[12.25,13,13.25,13.5],"texture":"#main"},"north":{"uv":[12.5,9.5,13.5,10],"texture":"#main"},"west":{"uv":[13.5,9.25,13.75,9.75],"texture":"#main"},"up":{"uv":[10.75,9.75,9.75,9.5],"texture":"#main"},"down":{"uv":[14.25,13,13.25,13.25],"texture":"#main"}}},{"rotation":{"origin":[11.92284,20.11209,8],"angle":-22.5,"axis":"z"},"shade":false,"from":[9.42284,18.61209,7.5],"to":[13.42284,20.61209,8.5],"faces":{"east":{"uv":[13.5,9.75,13.75,10.25],"texture":"#main"},"south":{"uv":[13,4.5,14,5],"texture":"#main"},"north":{"uv":[13,4,14,4.5],"texture":"#main"},"west":{"uv":[13.5,10.25,13.75,10.75],"texture":"#main"},"up":{"uv":[1.5,13.75,0.5,13.5],"texture":"#main"},"down":{"uv":[4.25,13.5,3.25,13.75],"texture":"#main"}}},{"rotation":{"origin":[4.45984,18.81179,8],"angle":-22.5,"axis":"z"},"from":[2.95984,17.31179,7.5],"to":[6.95984,19.31179,8.5],"faces":{"east":{"uv":[0.5,13.75,0.75,14.25],"texture":"#main"},"south":{"uv":[13,5.5,14,6],"texture":"#main"},"north":{"uv":[13,5,14,5.5],"texture":"#main"},"west":{"uv":[0.75,13.75,1,14.25],"texture":"#main"},"up":{"uv":[8,13.75,7,13.5],"texture":"#main"},"down":{"uv":[9,13.5,8,13.75],"texture":"#main"}}},{"rotation":{"origin":[11.54016,18.81179,8],"angle":22.5,"axis":"z"},"shade":false,"from":[9.04016,17.31179,7.5],"to":[13.04016,19.31179,8.5],"faces":{"east":{"uv":[1,13.75,1.25,14.25],"texture":"#main"},"south":{"uv":[13,11.25,14,11.75],"texture":"#main"},"north":{"uv":[13,10.75,14,11.25],"texture":"#main"},"west":{"uv":[1.25,13.75,1.5,14.25],"texture":"#main"},"up":{"uv":[10,13.75,9,13.5],"texture":"#main"},"down":{"uv":[13.25,13.5,12.25,13.75],"texture":"#main"}}},{"rotation":{"origin":[8,14.5,8],"angle":0,"axis":"y"},"from":[7,14,7],"to":[9,17,9],"faces":{"east":{"uv":[11,1.5,11.5,2.25],"texture":"#main"},"south":{"uv":[11,2.25,11.5,3],"texture":"#main"},"north":{"uv":[4.75,11,5.25,11.75],"texture":"#main"},"west":{"uv":[13.25,13.25,13.75,14],"texture":"#main"},"up":{"uv":[12,4.75,11.5,4.25],"texture":"#main"},"down":{"uv":[6.25,12,5.75,12.5],"texture":"#main"}}},{"rotation":{"origin":[8,14.75328,8.6206],"angle":-22.5,"axis":"x"},"from":[6.5,13.75328,6.6206],"to":[9.5,15.75328,9.6206],"faces":{"east":{"uv":[13.25,2,14,2.5],"texture":"#main"},"south":{"uv":[13.25,6,14,6.5],"texture":"#main"},"north":{"uv":[13.25,1.5,14,2],"texture":"#main"},"west":{"uv":[13.25,6.5,14,7],"texture":"#main"},"up":{"uv":[10,13.5,9.25,12.75],"texture":"#main"},"down":{"uv":[10.75,12.75,10,13.5],"texture":"#main"}}},{"rotation":{"origin":[6.46551,11.33374,8.5],"angle":22.5,"axis":"z"},"from":[4.46551,8.83374,6],"to":[7.46551,14.83374,10],"faces":{"east":{"uv":[9.75,0,10.75,1.5],"texture":"#main"},"south":{"uv":[11.75,0,12.5,1.5],"texture":"#main"},"north":{"uv":[5.75,1.75,6.5,3.25],"texture":"#main"},"west":{"uv":[9.75,3.5,10.75,5],"texture":"#main"},"up":{"uv":[3.25,13,2.5,12],"texture":"#main"},"down":{"uv":[7.75,12.5,7,13.5],"texture":"#main"}}},{"rotation":{"origin":[9.53449,11.33374,8.5],"angle":-22.5,"axis":"z"},"from":[8.53449,8.83374,6],"to":[11.53449,14.83374,10],"faces":{"east":{"uv":[9.75,6.5,10.75,8],"texture":"#main"},"south":{"uv":[0.75,12,1.5,13.5],"texture":"#main"},"north":{"uv":[0,12,0.75,13.5],"texture":"#main"},"west":{"uv":[9.75,8,10.75,9.5],"texture":"#main"},"up":{"uv":[8.5,13.5,7.75,12.5],"texture":"#main"},"down":{"uv":[9.25,12.5,8.5,13.5],"texture":"#main"}}},{"rotation":{"origin":[8,11.95,8],"angle":0,"axis":"z"},"shade":false,"from":[5.99,8.94,5.99],"to":[10.01,14.96,10.01],"faces":{"east":{"uv":[10.25,5,11.25,6.5],"texture":"#main"},"south":{"uv":[5.25,10.5,6.25,12],"texture":"#main"},"north":{"uv":[10,1.5,11,3],"texture":"#main"},"west":{"uv":[10.75,0,11.75,1.5],"texture":"#main"},"up":{"uv":[2.5,13,1.5,12],"texture":"#main"},"down":{"uv":[5.75,12,4.75,13],"texture":"#main"}}},{"rotation":{"origin":[8,8.45,8],"angle":0,"axis":"z"},"shade":false,"from":[5.49,7.94,5.99],"to":[10.51,8.96,10.01],"faces":{"east":{"uv":[13.5,0,14.5,0.25],"texture":"#main"},"south":{"uv":[13.25,7,14.5,7.25],"texture":"#main"},"north":{"uv":[13,12.75,14.25,13],"texture":"#main"},"west":{"uv":[13.5,0.25,14.5,0.5],"texture":"#main"},"up":{"uv":[12.25,11,11,10],"texture":"#main"},"down":{"uv":[12.75,3.25,11.5,4.25],"texture":"#main"}}},{"rotation":{"origin":[8.05,9.45,8.5],"angle":0,"axis":"z"},"shade":false,"from":[6.25,6.15,6.2],"to":[9.85,8.75,9.8],"faces":{"east":{"uv":[12.5,0.75,13.5,1.5],"texture":"#main"},"south":{"uv":[12.5,8,13.5,8.75],"texture":"#main"},"north":{"uv":[12.5,0,13.5,0.75],"texture":"#main"},"west":{"uv":[12.5,8.75,13.5,9.5],"texture":"#main"},"up":{"uv":[13,13,12,12],"texture":"#main"},"down":{"uv":[13,4.25,12,5.25],"texture":"#main"}}},{"rotation":{"origin":[8,4.95,8],"angle":0,"axis":"z"},"shade":false,"from":[5.5,3.45,5.5],"to":[10.5,6.45,10.5],"faces":{"east":{"uv":[12.25,7.25,13.5,8],"texture":"#main"},"south":{"uv":[12.25,10,13.5,10.75],"texture":"#main"},"north":{"uv":[12.25,2.5,13.5,3.25],"texture":"#main"},"west":{"uv":[5.75,12.5,7,13.25],"texture":"#main"},"up":{"uv":[6.5,10.5,5.25,9.25],"texture":"#main"},"down":{"uv":[11,9.75,9.75,11],"texture":"#main"}}},{"rotation":{"origin":[8,11.55,6.25],"angle":0,"axis":"y"},"from":[7,10.55,5.95],"to":[9,12.55,6.95],"faces":{"east":{"uv":[1.5,13.75,1.75,14.25],"texture":"#main"},"south":{"uv":[10,13.5,10.5,14],"texture":"#main"},"north":{"uv":[4.25,13.5,4.75,14],"texture":"#main"},"west":{"uv":[1.75,13.75,2,14.25],"texture":"#main"},"up":{"uv":[10.25,5.25,9.75,5],"texture":"#main"},"down":{"uv":[11.25,4.75,10.75,5],"texture":"#main"}}},{"rotation":{"origin":[7.5,11.05,6.45],"angle":0,"axis":"y"},"from":[6.5,10.05,5.98],"to":[9.5,13.05,6.98],"faces":{"east":{"uv":[10.5,13.5,10.75,14.25],"texture":"#main"},"south":{"uv":[1.5,13,2.25,13.75],"texture":"#main"},"north":{"uv":[12.75,3.25,13.5,4],"texture":"#main"},"west":{"uv":[13.5,2.5,13.75,3.25],"texture":"#main"},"up":{"uv":[14.25,1.25,13.5,1],"texture":"#main"},"down":{"uv":[14.25,1.25,13.5,1.5],"texture":"#main"}}},{"rotation":{"origin":[18.75,-0.15,9],"angle":0,"axis":"z"},"from":[7.25,-12.65,8],"to":[23.25,14.35,8],"faces":{"east":{"uv":[0,0,0,6],"texture":"#main"},"south":{"uv":[6.5,6.5,9.75,12.5],"texture":"#main"},"north":{"uv":[0,6,3.25,12],"texture":"#main"},"west":{"uv":[0,0,0,6],"texture":"#main"},"up":{"uv":[3.25,0,0,0],"texture":"#main"},"down":{"uv":[3.25,0,0,0],"texture":"#main"}}},{"rotation":{"origin":[-2.75,-0.15,9],"angle":0,"axis":"z"},"from":[-7.25,-12.65,8],"to":[8.75,14.35,8],"faces":{"east":{"uv":[0,0,0,6],"texture":"#main"},"south":{"uv":[9.75,6.5,6.5,12.5],"texture":"#main"},"north":{"uv":[3.25,6,0,12],"texture":"#main"},"west":{"uv":[0,0,0,6],"texture":"#main"},"up":{"uv":[0,0,3.25,0],"texture":"#main"},"down":{"uv":[0,0,3.25,0],"texture":"#main"}}},{"rotation":{"origin":[5.94134,4.53806,8],"angle":22.5,"axis":"z"},"from":[5.44134,1.03806,5],"to":[6.44134,8.03806,11],"faces":{"east":{"uv":[3.25,0,4.75,1.75],"texture":"#main"},"south":{"uv":[3,13,3.25,14.75],"texture":"#main"},"north":{"uv":[6.25,10.5,6.5,12.25],"texture":"#main"},"west":{"uv":[4.75,0,6.25,1.75],"texture":"#main"},"up":{"uv":[11,9.75,10.75,8.25],"texture":"#main"},"down":{"uv":[7,13.25,6.75,14.75],"texture":"#main"}}},{"rotation":{"origin":[5,2.75,8],"angle":-22.5,"axis":"z"},"from":[3,-0.75,6],"to":[7,6.25,10],"faces":{"east":{"uv":[7.75,3.5,8.75,5.25],"texture":"#main"},"south":{"uv":[8,1.75,9,3.5],"texture":"#main"},"north":{"uv":[7.75,0,8.75,1.75],"texture":"#main"},"west":{"uv":[8.75,0,9.75,1.75],"texture":"#main"},"up":{"uv":[13,6.25,12,5.25],"texture":"#main"},"down":{"uv":[13,11,12,12],"texture":"#main"}}},{"rotation":{"origin":[11,2.75,8],"angle":22.5,"axis":"z"},"from":[9,-0.75,6],"to":[13,6.25,10],"faces":{"east":{"uv":[9,1.75,10,3.5],"texture":"#main"},"south":{"uv":[3.25,9.25,4.25,11],"texture":"#main"},"north":{"uv":[8.75,3.5,9.75,5.25],"texture":"#main"},"west":{"uv":[4.25,9.25,5.25,11],"texture":"#main"},"up":{"uv":[13.25,2.5,12.25,1.5],"texture":"#main"},"down":{"uv":[13.25,6.25,12.25,7.25],"texture":"#main"}}},{"rotation":{"origin":[3.15,-2.95,8.5],"angle":-22.5,"axis":"z"},"from":[1.15,-6.45,6.5],"to":[4.15,0.55,9.5],"faces":{"east":{"uv":[10.5,11,11.25,12.75],"texture":"#main"},"south":{"uv":[11,8.25,11.75,10],"texture":"#main"},"north":{"uv":[9.75,11,10.5,12.75],"texture":"#main"},"west":{"uv":[11.25,11.25,12,13],"texture":"#main"},"up":{"uv":[3,13.75,2.25,13],"texture":"#main"},"down":{"uv":[5.5,13,4.75,13.75],"texture":"#main"}}},{"rotation":{"origin":[12.85,-2.95,8.5],"angle":22.5,"axis":"z"},"from":[11.85,-6.45,6.5],"to":[14.85,0.55,9.5],"faces":{"east":{"uv":[12,11.25,11.25,13],"texture":"#main"},"south":{"uv":[11.75,8.25,11,10],"texture":"#main"},"north":{"uv":[10.5,11,9.75,12.75],"texture":"#main"},"west":{"uv":[11.25,11,10.5,12.75],"texture":"#main"},"up":{"uv":[2.25,13.75,3,13],"texture":"#main"},"down":{"uv":[4.75,13,5.5,13.75],"texture":"#main"}}},{"rotation":{"origin":[2.1,-6.8,9],"angle":-22.5,"axis":"z"},"from":[0.1,-10.3,7],"to":[2.1,-6.3,9],"faces":{"east":{"uv":[10.75,6.5,11.5,8.25],"texture":"#main"},"south":{"uv":[3.25,11,4,12.75],"texture":"#main"},"north":{"uv":[10.75,3,11.5,4.75],"texture":"#main"},"west":{"uv":[4,11,4.75,12.75],"texture":"#main"},"up":{"uv":[4,13.5,3.25,12.75],"texture":"#main"},"down":{"uv":[4.75,12.75,4,13.5],"texture":"#main"}}},{"rotation":{"origin":[13.9,-6.8,9],"angle":22.5,"axis":"z"},"from":[13.9,-10.3,7],"to":[15.9,-6.3,9],"faces":{"east":{"uv":[4.75,11,4,12.75],"texture":"#main"},"south":{"uv":[4,11,3.25,12.75],"texture":"#main"},"north":{"uv":[11.5,3,10.75,4.75],"texture":"#main"},"west":{"uv":[11.5,6.5,10.75,8.25],"texture":"#main"},"up":{"uv":[3.25,13.5,4,12.75],"texture":"#main"},"down":{"uv":[4,12.75,4.75,13.5],"texture":"#main"}}},{"rotation":{"origin":[10.05866,4.53806,8],"angle":-22.5,"axis":"z"},"shade":false,"from":[9.55866,1.03806,5],"to":[10.55866,8.03806,11],"faces":{"east":{"uv":[6.25,0,7.75,1.75],"texture":"#main"},"south":{"uv":[5.75,13.25,6,15],"texture":"#main"},"north":{"uv":[5.5,13,5.75,14.75],"texture":"#main"},"west":{"uv":[6.5,1.75,8,3.5],"texture":"#main"},"up":{"uv":[0.25,15,0,13.5],"texture":"#main"},"down":{"uv":[0.5,13.5,0.25,15],"texture":"#main"}}}],"display":{"head":{"translation":[0,-11.75,0],"scale":[1.8,1.8,1.8]}},"groups":[{"children":[{"children":[0,1,2,3,4,5,6],"origin":[8,8,8],"name":"head"},{"children":[7,8,9,10,11,12,13,14,15,16,{"children":[],"origin":[8,8,8],"name":"arm0"},{"children":[17,18],"origin":[8,8,8],"name":"arm0"},{"children":[19,20,21,22,23,24,25],"origin":[8,8,8],"name":"leg0"},{"children":[26],"origin":[8,8,8],"name":"leg0"}],"origin":[8,8,8],"name":"body"}],"origin":[8,8,8],"name":"deoxys"}]}