{"parent":"physical_parent","textures":{"main":"pokemon/dialga"},"elements":[{"rotation":{"origin":[8,3.5,10],"angle":22.5,"axis":"x"},"from":[4.5,0.5,3.5],"to":[11.5,6,15],"faces":{"east":{"uv":[0,1.4375,1.4375,2.125],"texture":"#main","rotation":180},"south":{"uv":[1.4375,1.4375,2.3125,2.125],"texture":"#main","rotation":180},"north":{"uv":[3.75,1.4375,4.625,2.125],"texture":"#main","rotation":180},"west":{"uv":[2.3125,1.4375,3.75,2.125],"texture":"#main","rotation":180},"up":{"uv":[3.1875,0,2.3125,1.4375],"texture":"#main"},"down":{"uv":[2.3125,1.4375,1.4375,0],"texture":"#main"}}},{"rotation":{"origin":[8,3.75,8.75],"angle":-22.5,"axis":"x"},"from":[6.5,4,4],"to":[9.5,13.5,7],"faces":{"east":{"uv":[2.25,2.5,2.625,3.6875],"texture":"#main"},"south":{"uv":[3.375,2.5,3.75,3.6875],"texture":"#main"},"north":{"uv":[2.625,2.5,3,3.6875],"texture":"#main"},"west":{"uv":[3,2.5,3.375,3.6875],"texture":"#main"},"up":{"uv":[3,2.5,2.625,2.125],"texture":"#main"},"down":{"uv":[3.375,2.125,3,2.5],"texture":"#main"}}},{"rotation":{"origin":[8,9.5,13],"angle":22.5,"axis":"x"},"from":[5.5,4.5,14],"to":[10.5,5.5,16],"faces":{"east":{"uv":[1.75,5.4375,1.5,5.3125],"texture":"#main","rotation":180},"south":{"uv":[1.5,5.4375,0.875,5.3125],"texture":"#main","rotation":180},"north":{"uv":[0.625,5.4375,0,5.3125],"texture":"#main","rotation":180},"west":{"uv":[0.875,5.4375,0.625,5.3125],"texture":"#main","rotation":180},"up":{"uv":[0.625,4.6875,0.875,5.3125],"texture":"#main","rotation":90},"down":{"uv":[0.875,5.3125,1.125,4.6875],"texture":"#main","rotation":270}}},{"rotation":{"origin":[8,3.75,10.75],"angle":22.5,"axis":"x"},"from":[8.25,13.5,13.2],"to":[15.75,21,13.25],"faces":{"south":{"uv":[4.6875,2.125,3.75,3.0625],"texture":"#main"},"north":{"uv":[3.75,2.125,4.6875,3.0625],"texture":"#main"}}},{"rotation":{"origin":[6.5,3.09672,8.4794],"angle":-22.5,"axis":"x"},"from":[8,5.8467,7.2294],"to":[8.05,13.3467,9.729399],"faces":{"east":{"uv":[5.625,9.0625,5.3125,10],"texture":"#main"},"west":{"uv":[5.3125,9.0625,5.625,10],"texture":"#main"}}},{"rotation":{"origin":[13.21505,-2.16885,8.75],"angle":-22.5,"axis":"z"},"from":[2.215,-4.9188,4.505],"to":[4.715,1.5812,7.005],"faces":{"east":{"uv":[1.25,7.9375,1.5625,8.75],"texture":"#main"},"south":{"uv":[2.1875,7.9375,2.5,8.75],"texture":"#main"},"north":{"uv":[1.5625,7.9375,1.875,8.75],"texture":"#main"},"west":{"uv":[1.875,7.9375,2.1875,8.75],"texture":"#main"},"up":{"uv":[1.875,7.9375,1.5625,7.625],"texture":"#main"},"down":{"uv":[2.1875,7.625,1.875,7.9375],"texture":"#main"}}},{"rotation":{"origin":[7.38476,8,6.93934],"angle":22.5,"axis":"y"},"from":[2.3848,-5,2.4393],"to":[4.8848,-0.5,4.9393],"faces":{"east":{"uv":[1.25,9.0625,1.5625,9.625],"texture":"#main"},"south":{"uv":[2.1875,9.0625,2.5,9.625],"texture":"#main"},"north":{"uv":[1.5625,9.0625,1.875,9.625],"texture":"#main"},"west":{"uv":[1.875,9.0625,2.1875,9.625],"texture":"#main"},"up":{"uv":[1.875,9.0625,1.5625,8.75],"texture":"#main"},"down":{"uv":[2.1875,8.75,1.875,9.0625],"texture":"#main"}}},{"rotation":{"origin":[7.38476,8,6.93934],"angle":22.5,"axis":"y"},"from":[4.3848,-6.5,1.9393],"to":[4.8848,-3,2.4393],"faces":{"east":{"uv":[0.75,11.5,0.8125,11.9375],"texture":"#main"},"south":{"uv":[0.9375,11.5,1,11.9375],"texture":"#main"},"north":{"uv":[0.8125,11.5,0.875,11.9375],"texture":"#main"},"west":{"uv":[0.875,11.5,0.9375,11.9375],"texture":"#main"},"up":{"uv":[0.875,11.5,0.8125,11.4375],"texture":"#main"},"down":{"uv":[0.9375,11.4375,0.875,11.5],"texture":"#main"}}},{"rotation":{"origin":[7.38476,8,6.93934],"angle":22.5,"axis":"y"},"from":[3.3848,-6.5,1.9393],"to":[3.8848,-4,2.4393],"faces":{"east":{"uv":[2.5,11.5,2.5625,11.8125],"texture":"#main"},"south":{"uv":[2.6875,11.5,2.75,11.8125],"texture":"#main"},"north":{"uv":[2.5625,11.5,2.625,11.8125],"texture":"#main"},"west":{"uv":[2.625,11.5,2.6875,11.8125],"texture":"#main"},"up":{"uv":[2.625,11.5,2.5625,11.4375],"texture":"#main"},"down":{"uv":[2.6875,11.4375,2.625,11.5],"texture":"#main"}}},{"rotation":{"origin":[7.38476,8,6.93934],"angle":22.5,"axis":"y"},"from":[2.3848,-6.5,1.9393],"to":[2.8848,-3,2.4393],"faces":{"east":{"uv":[0,11.5,0.0625,11.9375],"texture":"#main"},"south":{"uv":[0.1875,11.5,0.25,11.9375],"texture":"#main"},"north":{"uv":[0.0625,11.5,0.125,11.9375],"texture":"#main"},"west":{"uv":[0.125,11.5,0.1875,11.9375],"texture":"#main"},"up":{"uv":[0.125,11.5,0.0625,11.4375],"texture":"#main"},"down":{"uv":[0.1875,11.4375,0.125,11.5],"texture":"#main"}}},{"rotation":{"origin":[7.38476,8,6.93934],"angle":22.5,"axis":"y"},"from":[2.3848,-6.5,2.4393],"to":[4.8848,-5,4.4393],"faces":{"east":{"uv":[1.125,11.1875,1.375,11.375],"texture":"#main"},"south":{"uv":[1.9375,11.1875,2.25,11.375],"texture":"#main"},"north":{"uv":[1.375,11.1875,1.6875,11.375],"texture":"#main"},"west":{"uv":[1.6875,11.1875,1.9375,11.375],"texture":"#main"},"up":{"uv":[1.6875,11.1875,1.375,10.9375],"texture":"#main"},"down":{"uv":[2,10.9375,1.6875,11.1875],"texture":"#main"}}},{"rotation":{"origin":[7.38476,8,6.93934],"angle":22.5,"axis":"y"},"from":[2.5848,-6.5,1.4393],"to":[2.5858,-5,1.9393],"faces":{"east":{"uv":[3,11.5,3.0625,11.6875],"texture":"#main"},"south":{"uv":[3.125,11.5,3.125,11.6875],"texture":"#main"},"north":{"uv":[3.0625,11.5,3.0625,11.6875],"texture":"#main"},"west":{"uv":[3.0625,11.5,3.125,11.6875],"texture":"#main"},"up":{"uv":[3.0625,11.5,3.0625,11.4375],"texture":"#main"},"down":{"uv":[3.0625,11.4375,3.0625,11.5],"texture":"#main"}}},{"rotation":{"origin":[7.38476,8,6.93934],"angle":22.5,"axis":"y"},"from":[3.5848,-6.5,1.4393],"to":[3.5858,-5,1.9393],"faces":{"east":{"uv":[2.75,11.75,2.8125,11.9375],"texture":"#main"},"south":{"uv":[2.875,11.75,2.875,11.9375],"texture":"#main"},"north":{"uv":[2.8125,11.75,2.8125,11.9375],"texture":"#main"},"west":{"uv":[2.8125,11.75,2.875,11.9375],"texture":"#main"},"up":{"uv":[2.8125,11.75,2.8125,11.6875],"texture":"#main"},"down":{"uv":[2.8125,11.6875,2.8125,11.75],"texture":"#main"}}},{"rotation":{"origin":[7.38476,8,6.93934],"angle":22.5,"axis":"y"},"from":[4.5848,-6.5,1.4393],"to":[4.5858,-5,1.9393],"faces":{"east":{"uv":[3.5,11.5,3.5625,11.6875],"texture":"#main"},"south":{"uv":[3.625,11.5,3.625,11.6875],"texture":"#main"},"north":{"uv":[3.5625,11.5,3.5625,11.6875],"texture":"#main"},"west":{"uv":[3.5625,11.5,3.625,11.6875],"texture":"#main"},"up":{"uv":[3.5625,11.5,3.5625,11.4375],"texture":"#main"},"down":{"uv":[3.5625,11.4375,3.5625,11.5],"texture":"#main"}}},{"rotation":{"origin":[13.21505,-2.16885,14.75],"angle":-22.5,"axis":"z"},"from":[2.215,-4.9188,10.505],"to":[4.715,1.5812,13.005],"faces":{"east":{"uv":[1.25,7.9375,1.5625,8.75],"texture":"#main"},"south":{"uv":[2.1875,7.9375,2.5,8.75],"texture":"#main"},"north":{"uv":[1.5625,7.9375,1.875,8.75],"texture":"#main"},"west":{"uv":[1.875,7.9375,2.1875,8.75],"texture":"#main"},"up":{"uv":[1.875,7.9375,1.5625,7.625],"texture":"#main"},"down":{"uv":[2.1875,7.625,1.875,7.9375],"texture":"#main"}}},{"rotation":{"origin":[2.92904,-4.12925,9.90878],"angle":22.5,"axis":"y"},"from":[0.8858,-5,9.913799],"to":[3.3858,-0.5,12.4138],"faces":{"east":{"uv":[1.25,9.0625,1.5625,9.625],"texture":"#main"},"south":{"uv":[2.1875,9.0625,2.5,9.625],"texture":"#main"},"north":{"uv":[1.5625,9.0625,1.875,9.625],"texture":"#main"},"west":{"uv":[1.875,9.0625,2.1875,9.625],"texture":"#main"},"up":{"uv":[1.875,9.0625,1.5625,8.75],"texture":"#main"},"down":{"uv":[2.1875,8.75,1.875,9.0625],"texture":"#main"}}},{"rotation":{"origin":[2.92904,-4.12925,9.90878],"angle":22.5,"axis":"y"},"from":[2.8858,-6.5,9.413799],"to":[3.3858,-3,9.913799],"faces":{"east":{"uv":[0.75,11.5,0.8125,11.9375],"texture":"#main"},"south":{"uv":[0.9375,11.5,1,11.9375],"texture":"#main"},"north":{"uv":[0.8125,11.5,0.875,11.9375],"texture":"#main"},"west":{"uv":[0.875,11.5,0.9375,11.9375],"texture":"#main"},"up":{"uv":[0.875,11.5,0.8125,11.4375],"texture":"#main"},"down":{"uv":[0.9375,11.4375,0.875,11.5],"texture":"#main"}}},{"rotation":{"origin":[2.92904,-4.12925,9.90878],"angle":22.5,"axis":"y"},"from":[0.8858,-6.5,9.413799],"to":[1.3858,-3,9.913799],"faces":{"east":{"uv":[0,11.5,0.0625,11.9375],"texture":"#main"},"south":{"uv":[0.1875,11.5,0.25,11.9375],"texture":"#main"},"north":{"uv":[0.0625,11.5,0.125,11.9375],"texture":"#main"},"west":{"uv":[0.125,11.5,0.1875,11.9375],"texture":"#main"},"up":{"uv":[0.125,11.5,0.0625,11.4375],"texture":"#main"},"down":{"uv":[0.1875,11.4375,0.125,11.5],"texture":"#main"}}},{"rotation":{"origin":[2.92904,-4.12925,9.90878],"angle":22.5,"axis":"y"},"from":[1.8858,-6.5,9.413799],"to":[2.3858,-4,9.913799],"faces":{"east":{"uv":[2.5,11.5,2.5625,11.8125],"texture":"#main"},"south":{"uv":[2.6875,11.5,2.75,11.8125],"texture":"#main"},"north":{"uv":[2.5625,11.5,2.625,11.8125],"texture":"#main"},"west":{"uv":[2.625,11.5,2.6875,11.8125],"texture":"#main"},"up":{"uv":[2.625,11.5,2.5625,11.4375],"texture":"#main"},"down":{"uv":[2.6875,11.4375,2.625,11.5],"texture":"#main"}}},{"rotation":{"origin":[2.92904,-4.12925,9.90878],"angle":22.5,"axis":"y"},"from":[3.0858,-6.5,8.9138],"to":[3.0868,-5,9.4138],"faces":{"east":{"uv":[3.5,11.5,3.5625,11.6875],"texture":"#main"},"south":{"uv":[3.625,11.5,3.625,11.6875],"texture":"#main"},"north":{"uv":[3.5625,11.5,3.5625,11.6875],"texture":"#main"},"west":{"uv":[3.5625,11.5,3.625,11.6875],"texture":"#main"},"up":{"uv":[3.5625,11.5,3.5625,11.4375],"texture":"#main"},"down":{"uv":[3.5625,11.4375,3.5625,11.5],"texture":"#main"}}},{"rotation":{"origin":[2.92904,-4.12925,9.90878],"angle":22.5,"axis":"y"},"from":[2.0858,-6.5,8.9138],"to":[2.0868,-5,9.4138],"faces":{"east":{"uv":[2.75,11.75,2.8125,11.9375],"texture":"#main"},"south":{"uv":[2.875,11.75,2.875,11.9375],"texture":"#main"},"north":{"uv":[2.8125,11.75,2.8125,11.9375],"texture":"#main"},"west":{"uv":[2.8125,11.75,2.875,11.9375],"texture":"#main"},"up":{"uv":[2.8125,11.75,2.8125,11.6875],"texture":"#main"},"down":{"uv":[2.8125,11.6875,2.8125,11.75],"texture":"#main"}}},{"rotation":{"origin":[2.92904,-4.12925,9.90878],"angle":22.5,"axis":"y"},"from":[1.0858,-6.5,8.9138],"to":[1.0868,-5,9.4138],"faces":{"east":{"uv":[3,11.5,3.0625,11.6875],"texture":"#main"},"south":{"uv":[3.125,11.5,3.125,11.6875],"texture":"#main"},"north":{"uv":[3.0625,11.5,3.0625,11.6875],"texture":"#main"},"west":{"uv":[3.0625,11.5,3.125,11.6875],"texture":"#main"},"up":{"uv":[3.0625,11.5,3.0625,11.4375],"texture":"#main"},"down":{"uv":[3.0625,11.4375,3.0625,11.5],"texture":"#main"}}},{"rotation":{"origin":[2.92904,-4.12925,9.90878],"angle":22.5,"axis":"y"},"from":[0.8858,-6.5,9.913799],"to":[3.3858,-5,11.9138],"faces":{"east":{"uv":[1.125,11.1875,1.375,11.375],"texture":"#main"},"south":{"uv":[1.9375,11.1875,2.25,11.375],"texture":"#main"},"north":{"uv":[1.375,11.1875,1.6875,11.375],"texture":"#main"},"west":{"uv":[1.6875,11.1875,1.9375,11.375],"texture":"#main"},"up":{"uv":[1.6875,11.1875,1.375,10.9375],"texture":"#main"},"down":{"uv":[2,10.9375,1.6875,11.1875],"texture":"#main"}}},{"rotation":{"origin":[10.87851,-5,10.08845],"angle":-22.5,"axis":"y"},"from":[12.3785,-5,9.0885],"to":[14.8785,-0.5,11.5885],"faces":{"east":{"uv":[2.1875,9.0625,1.875,9.625],"texture":"#main"},"south":{"uv":[2.5,9.0625,2.1875,9.625],"texture":"#main"},"north":{"uv":[1.875,9.0625,1.5625,9.625],"texture":"#main"},"west":{"uv":[1.5625,9.0625,1.25,9.625],"texture":"#main"},"up":{"uv":[1.5625,9.0625,1.875,8.75],"texture":"#main"},"down":{"uv":[1.875,8.75,2.1875,9.0625],"texture":"#main"}}},{"rotation":{"origin":[2.78495,-2.16885,14.75],"angle":22.5,"axis":"z"},"from":[11.285,-4.9188,10.505],"to":[13.785,1.5812,13.005],"faces":{"east":{"uv":[2.1875,7.9375,1.875,8.75],"texture":"#main"},"south":{"uv":[2.5,7.9375,2.1875,8.75],"texture":"#main"},"north":{"uv":[1.875,7.9375,1.5625,8.75],"texture":"#main"},"west":{"uv":[1.5625,7.9375,1.25,8.75],"texture":"#main"},"up":{"uv":[1.5625,7.9375,1.875,7.625],"texture":"#main"},"down":{"uv":[1.875,7.625,2.1875,7.9375],"texture":"#main"}}},{"rotation":{"origin":[10.87851,-5,10.08845],"angle":-22.5,"axis":"y"},"from":[12.3785,-6.5,8.5885],"to":[12.8785,-3,9.0885],"faces":{"east":{"uv":[0.9375,11.5,0.875,11.9375],"texture":"#main"},"south":{"uv":[1,11.5,0.9375,11.9375],"texture":"#main"},"north":{"uv":[0.875,11.5,0.8125,11.9375],"texture":"#main"},"west":{"uv":[0.8125,11.5,0.75,11.9375],"texture":"#main"},"up":{"uv":[0.8125,11.5,0.875,11.4375],"texture":"#main"},"down":{"uv":[0.875,11.4375,0.9375,11.5],"texture":"#main"}}},{"rotation":{"origin":[10.87851,-5,10.08845],"angle":-22.5,"axis":"y"},"from":[13.3785,-6.5,8.5885],"to":[13.8785,-4,9.0885],"faces":{"east":{"uv":[2.6875,11.5,2.625,11.8125],"texture":"#main"},"south":{"uv":[2.75,11.5,2.6875,11.8125],"texture":"#main"},"north":{"uv":[2.625,11.5,2.5625,11.8125],"texture":"#main"},"west":{"uv":[2.5625,11.5,2.5,11.8125],"texture":"#main"},"up":{"uv":[2.5625,11.5,2.625,11.4375],"texture":"#main"},"down":{"uv":[2.625,11.4375,2.6875,11.5],"texture":"#main"}}},{"rotation":{"origin":[10.87851,-5,10.08845],"angle":-22.5,"axis":"y"},"from":[14.3785,-6.5,8.5884],"to":[14.8785,-3,9.0884],"faces":{"east":{"uv":[0.1875,11.5,0.125,11.9375],"texture":"#main"},"south":{"uv":[0.25,11.5,0.1875,11.9375],"texture":"#main"},"north":{"uv":[0.125,11.5,0.0625,11.9375],"texture":"#main"},"west":{"uv":[0.0625,11.5,0,11.9375],"texture":"#main"},"up":{"uv":[0.0625,11.5,0.125,11.4375],"texture":"#main"},"down":{"uv":[0.125,11.4375,0.1875,11.5],"texture":"#main"}}},{"rotation":{"origin":[10.87851,-5,10.08845],"angle":-22.5,"axis":"y"},"from":[14.6785,-6.5,8.0885],"to":[14.6795,-5,8.5885],"faces":{"east":{"uv":[3.125,11.5,3.0625,11.6875],"texture":"#main"},"south":{"uv":[3.125,11.5,3.125,11.6875],"texture":"#main"},"north":{"uv":[3.0625,11.5,3.0625,11.6875],"texture":"#main"},"west":{"uv":[3.0625,11.5,3,11.6875],"texture":"#main"},"up":{"uv":[3.0625,11.5,3.0625,11.4375],"texture":"#main"},"down":{"uv":[3.0625,11.4375,3.0625,11.5],"texture":"#main"}}},{"rotation":{"origin":[10.87851,-5,10.08845],"angle":-22.5,"axis":"y"},"from":[13.6785,-6.5,8.0884],"to":[13.6795,-5,8.5884],"faces":{"east":{"uv":[2.875,11.75,2.8125,11.9375],"texture":"#main"},"south":{"uv":[2.875,11.75,2.875,11.9375],"texture":"#main"},"north":{"uv":[2.8125,11.75,2.8125,11.9375],"texture":"#main"},"west":{"uv":[2.8125,11.75,2.75,11.9375],"texture":"#main"},"up":{"uv":[2.8125,11.75,2.8125,11.6875],"texture":"#main"},"down":{"uv":[2.8125,11.6875,2.8125,11.75],"texture":"#main"}}},{"rotation":{"origin":[10.87851,-5,10.08845],"angle":-22.5,"axis":"y"},"from":[12.6785,-6.5,8.0885],"to":[12.6795,-5,8.5885],"faces":{"east":{"uv":[3.625,11.5,3.5625,11.6875],"texture":"#main"},"south":{"uv":[3.625,11.5,3.625,11.6875],"texture":"#main"},"north":{"uv":[3.5625,11.5,3.5625,11.6875],"texture":"#main"},"west":{"uv":[3.5625,11.5,3.5,11.6875],"texture":"#main"},"up":{"uv":[3.5625,11.5,3.5625,11.4375],"texture":"#main"},"down":{"uv":[3.5625,11.4375,3.5625,11.5],"texture":"#main"}}},{"rotation":{"origin":[10.87851,-5,10.08845],"angle":-22.5,"axis":"y"},"from":[12.3785,-6.5,9.0885],"to":[14.8785,-5,11.0885],"faces":{"east":{"uv":[1.9375,11.1875,1.6875,11.375],"texture":"#main"},"south":{"uv":[2.25,11.1875,1.9375,11.375],"texture":"#main"},"north":{"uv":[1.6875,11.1875,1.375,11.375],"texture":"#main"},"west":{"uv":[1.375,11.1875,1.125,11.375],"texture":"#main"},"up":{"uv":[1.375,11.1875,1.6875,10.9375],"texture":"#main"},"down":{"uv":[1.6875,10.9375,2,11.1875],"texture":"#main"}}},{"rotation":{"origin":[11.80239,-4,4.47113],"angle":-22.5,"axis":"y"},"from":[12.3024,-6.5,2.9711],"to":[12.8024,-3,3.4711],"faces":{"east":{"uv":[0.9375,11.5,0.875,11.9375],"texture":"#main"},"south":{"uv":[1,11.5,0.9375,11.9375],"texture":"#main"},"north":{"uv":[0.875,11.5,0.8125,11.9375],"texture":"#main"},"west":{"uv":[0.8125,11.5,0.75,11.9375],"texture":"#main"},"up":{"uv":[0.8125,11.5,0.875,11.4375],"texture":"#main"},"down":{"uv":[0.875,11.4375,0.9375,11.5],"texture":"#main"}}},{"rotation":{"origin":[11.80239,-4,4.47113],"angle":-22.5,"axis":"y"},"from":[13.3024,-6.5,2.9711],"to":[13.8024,-4,3.4711],"faces":{"east":{"uv":[2.6875,11.5,2.625,11.8125],"texture":"#main"},"south":{"uv":[2.75,11.5,2.6875,11.8125],"texture":"#main"},"north":{"uv":[2.625,11.5,2.5625,11.8125],"texture":"#main"},"west":{"uv":[2.5625,11.5,2.5,11.8125],"texture":"#main"},"up":{"uv":[2.5625,11.5,2.625,11.4375],"texture":"#main"},"down":{"uv":[2.625,11.4375,2.6875,11.5],"texture":"#main"}}},{"rotation":{"origin":[11.80239,-4,4.47113],"angle":-22.5,"axis":"y"},"from":[14.3024,-6.5,2.9711],"to":[14.8024,-3,3.4711],"faces":{"east":{"uv":[0.1875,11.5,0.125,11.9375],"texture":"#main"},"south":{"uv":[0.25,11.5,0.1875,11.9375],"texture":"#main"},"north":{"uv":[0.125,11.5,0.0625,11.9375],"texture":"#main"},"west":{"uv":[0.0625,11.5,0,11.9375],"texture":"#main"},"up":{"uv":[0.0625,11.5,0.125,11.4375],"texture":"#main"},"down":{"uv":[0.125,11.4375,0.1875,11.5],"texture":"#main"}}},{"rotation":{"origin":[11.80239,-4,4.47113],"angle":-22.5,"axis":"y"},"from":[14.6024,-6.5,2.4711],"to":[14.6034,-5,2.9711],"faces":{"east":{"uv":[3.125,11.5,3.0625,11.6875],"texture":"#main"},"south":{"uv":[3.125,11.5,3.125,11.6875],"texture":"#main"},"north":{"uv":[3.0625,11.5,3.0625,11.6875],"texture":"#main"},"west":{"uv":[3.0625,11.5,3,11.6875],"texture":"#main"},"up":{"uv":[3.0625,11.5,3.0625,11.4375],"texture":"#main"},"down":{"uv":[3.0625,11.4375,3.0625,11.5],"texture":"#main"}}},{"rotation":{"origin":[11.80239,-4,4.47113],"angle":-22.5,"axis":"y"},"from":[13.6024,-6.5,2.4711],"to":[13.6034,-5,2.9711],"faces":{"east":{"uv":[2.875,11.75,2.8125,11.9375],"texture":"#main"},"south":{"uv":[2.875,11.75,2.875,11.9375],"texture":"#main"},"north":{"uv":[2.8125,11.75,2.8125,11.9375],"texture":"#main"},"west":{"uv":[2.8125,11.75,2.75,11.9375],"texture":"#main"},"up":{"uv":[2.8125,11.75,2.8125,11.6875],"texture":"#main"},"down":{"uv":[2.8125,11.6875,2.8125,11.75],"texture":"#main"}}},{"rotation":{"origin":[11.80239,-4,4.47113],"angle":-22.5,"axis":"y"},"from":[12.6024,-6.5,2.4711],"to":[12.6034,-5,2.9711],"faces":{"east":{"uv":[3.625,11.5,3.5625,11.6875],"texture":"#main"},"south":{"uv":[3.625,11.5,3.625,11.6875],"texture":"#main"},"north":{"uv":[3.5625,11.5,3.5625,11.6875],"texture":"#main"},"west":{"uv":[3.5625,11.5,3.5,11.6875],"texture":"#main"},"up":{"uv":[3.5625,11.5,3.5625,11.4375],"texture":"#main"},"down":{"uv":[3.5625,11.4375,3.5625,11.5],"texture":"#main"}}},{"rotation":{"origin":[11.80239,-4,4.47113],"angle":-22.5,"axis":"y"},"from":[12.3024,-5,3.4711],"to":[14.8024,-0.5,5.9711],"faces":{"east":{"uv":[2.1875,9.0625,1.875,9.625],"texture":"#main"},"south":{"uv":[2.5,9.0625,2.1875,9.625],"texture":"#main"},"north":{"uv":[1.875,9.0625,1.5625,9.625],"texture":"#main"},"west":{"uv":[1.5625,9.0625,1.25,9.625],"texture":"#main"},"up":{"uv":[1.5625,9.0625,1.875,8.75],"texture":"#main"},"down":{"uv":[1.875,8.75,2.1875,9.0625],"texture":"#main"}}},{"rotation":{"origin":[2.78495,-2.16885,8.75],"angle":22.5,"axis":"z"},"from":[11.285,-4.9188,4.505],"to":[13.785,1.5812,7.005],"faces":{"east":{"uv":[2.1875,7.9375,1.875,8.75],"texture":"#main"},"south":{"uv":[2.5,7.9375,2.1875,8.75],"texture":"#main"},"north":{"uv":[1.875,7.9375,1.5625,8.75],"texture":"#main"},"west":{"uv":[1.5625,7.9375,1.25,8.75],"texture":"#main"},"up":{"uv":[1.5625,7.9375,1.875,7.625],"texture":"#main"},"down":{"uv":[1.875,7.625,2.1875,7.9375],"texture":"#main"}}},{"rotation":{"origin":[11.80239,-4,4.47113],"angle":-22.5,"axis":"y"},"from":[12.3024,-6.5,3.4711],"to":[14.8024,-5,5.4711],"faces":{"east":{"uv":[1.9375,11.1875,1.6875,11.375],"texture":"#main"},"south":{"uv":[2.25,11.1875,1.9375,11.375],"texture":"#main"},"north":{"uv":[1.6875,11.1875,1.375,11.375],"texture":"#main"},"west":{"uv":[1.375,11.1875,1.125,11.375],"texture":"#main"},"up":{"uv":[1.375,11.1875,1.6875,10.9375],"texture":"#main"},"down":{"uv":[1.6875,10.9375,2,11.1875],"texture":"#main"}}},{"rotation":{"origin":[14.5,9.99033,6.14082],"angle":-45,"axis":"x"},"from":[5.995,13.7403,5.3908],"to":[9.995,17.7403,13.3908],"faces":{"east":{"uv":[4.625,1,5.625,1.5],"texture":"#main"},"south":{"uv":[7.125,1,7.625,1.5],"texture":"#main"},"north":{"uv":[5.625,1,6.125,1.5],"texture":"#main"},"west":{"uv":[6.125,1,7.125,1.5],"texture":"#main"},"up":{"uv":[6.125,1,5.625,0],"texture":"#main"},"down":{"uv":[6.625,0,6.125,1],"texture":"#main"}}},{"rotation":{"origin":[18,0.75,14.75],"angle":-22.5,"axis":"x"},"from":[6.5,1.5,15],"to":[9,4,21.5],"faces":{"east":{"uv":[0,2.9375,0.8125,3.25],"texture":"#main"},"south":{"uv":[1.9375,2.9375,2.25,3.25],"texture":"#main"},"north":{"uv":[0.8125,2.9375,1.125,3.25],"texture":"#main"},"west":{"uv":[1.125,2.9375,1.9375,3.25],"texture":"#main"},"up":{"uv":[1.125,2.9375,0.8125,2.125],"texture":"#main"},"down":{"uv":[1.4375,2.125,1.125,2.9375],"texture":"#main"}}},{"rotation":{"origin":[18,0.75,14.75],"angle":-45,"axis":"x"},"from":[7,-0.5,19.5],"to":[8.5,1,24],"faces":{"east":{"uv":[3.75,8.1875,4.3125,8.375],"texture":"#main"},"south":{"uv":[5.0625,8.1875,5.25,8.375],"texture":"#main"},"north":{"uv":[4.3125,8.1875,4.5,8.375],"texture":"#main"},"west":{"uv":[4.5,8.1875,5.0625,8.375],"texture":"#main"},"up":{"uv":[4.5,8.1875,4.3125,7.625],"texture":"#main"},"down":{"uv":[4.6875,7.625,4.5,8.1875],"texture":"#main"}}},{"from":[6.5,2.5,1.5],"to":[9,5,4],"faces":{"east":{"uv":[3.75,9.0625,4.0625,9.375],"texture":"#main"},"south":{"uv":[4.6875,9.0625,5,9.375],"texture":"#main"},"north":{"uv":[4.0625,9.0625,4.375,9.375],"texture":"#main"},"west":{"uv":[4.375,9.0625,4.6875,9.375],"texture":"#main"},"up":{"uv":[4.375,9.0625,4.0625,8.75],"texture":"#main"},"down":{"uv":[4.6875,8.75,4.375,9.0625],"texture":"#main"}}},{"from":[7,3,1],"to":[8.5,4.5,1.5],"faces":{"east":{"uv":[1,11.5,1.0625,11.6875],"texture":"#main"},"south":{"uv":[1.3125,11.5,1.5,11.6875],"texture":"#main"},"north":{"uv":[1.0625,11.5,1.25,11.6875],"texture":"#main"},"west":{"uv":[1.25,11.5,1.3125,11.6875],"texture":"#main"},"up":{"uv":[1.25,11.5,1.0625,11.4375],"texture":"#main"},"down":{"uv":[1.4375,11.4375,1.25,11.5],"texture":"#main"}}},{"from":[5.5,1.5,2.5],"to":[10,6,4.5],"faces":{"east":{"uv":[1.125,6.4375,1.375,7],"texture":"#main"},"south":{"uv":[2.1875,6.4375,2.75,7],"texture":"#main"},"north":{"uv":[1.375,6.4375,1.9375,7],"texture":"#main"},"west":{"uv":[1.9375,6.4375,2.1875,7],"texture":"#main"},"up":{"uv":[1.9375,6.4375,1.375,6.1875],"texture":"#main"},"down":{"uv":[2.5,6.1875,1.9375,6.4375],"texture":"#main"}}},{"rotation":{"origin":[8,3.75,8.75],"angle":45,"axis":"x"},"from":[9.5,0.5,3],"to":[11,6.5,4.5],"faces":{"east":{"uv":[1.125,10.1875,1.3125,10.9375],"texture":"#main"},"south":{"uv":[1.6875,10.1875,1.875,10.9375],"texture":"#main"},"north":{"uv":[1.3125,10.1875,1.5,10.9375],"texture":"#main"},"west":{"uv":[1.5,10.1875,1.6875,10.9375],"texture":"#main"},"up":{"uv":[1.5,10.1875,1.3125,10],"texture":"#main"},"down":{"uv":[1.6875,10,1.5,10.1875],"texture":"#main"}}},{"rotation":{"origin":[9,5.9705,7.41321],"angle":-22.5,"axis":"x"},"from":[6.5,0.2205,1.1632],"to":[9,3.7205,5.1632],"faces":{"east":{"uv":[5.875,4.1875,6.375,4.625],"texture":"#main"},"south":{"uv":[7.1875,4.1875,7.5,4.625],"texture":"#main"},"north":{"uv":[6.375,4.1875,6.6875,4.625],"texture":"#main"},"west":{"uv":[6.6875,4.1875,7.1875,4.625],"texture":"#main"},"up":{"uv":[6.6875,4.1875,6.375,3.6875],"texture":"#main"},"down":{"uv":[7,3.6875,6.6875,4.1875],"texture":"#main"}}},{"rotation":{"origin":[8,3.75,8.75],"angle":45,"axis":"x"},"from":[5,0.5,3],"to":[6.5,6.5,4.5],"faces":{"east":{"uv":[3,10.1875,3.1875,10.9375],"texture":"#main"},"south":{"uv":[3.5625,10.1875,3.75,10.9375],"texture":"#main"},"north":{"uv":[3.1875,10.1875,3.375,10.9375],"texture":"#main"},"west":{"uv":[3.375,10.1875,3.5625,10.9375],"texture":"#main"},"up":{"uv":[3.375,10.1875,3.1875,10],"texture":"#main"},"down":{"uv":[3.5625,10,3.375,10.1875],"texture":"#main"}}},{"rotation":{"origin":[8,3.75,8.75],"angle":-22.5,"axis":"y"},"from":[7.5,3,2.5],"to":[10,4.5,4],"faces":{"east":{"uv":[2.25,11.125,2.4375,11.3125],"texture":"#main"},"south":{"uv":[2.9375,11.125,3.25,11.3125],"texture":"#main"},"north":{"uv":[2.4375,11.125,2.75,11.3125],"texture":"#main"},"west":{"uv":[2.75,11.125,2.9375,11.3125],"texture":"#main"},"up":{"uv":[2.75,11.125,2.4375,10.9375],"texture":"#main"},"down":{"uv":[3.0625,10.9375,2.75,11.125],"texture":"#main"}}},{"rotation":{"origin":[8,3.75,8.75],"angle":22.5,"axis":"y"},"from":[6,3,2.5],"to":[8.5,4.5,4],"faces":{"east":{"uv":[3.25,11.125,3.4375,11.3125],"texture":"#main"},"south":{"uv":[3.9375,11.125,4.25,11.3125],"texture":"#main"},"north":{"uv":[3.4375,11.125,3.75,11.3125],"texture":"#main"},"west":{"uv":[3.75,11.125,3.9375,11.3125],"texture":"#main"},"up":{"uv":[3.75,11.125,3.4375,10.9375],"texture":"#main"},"down":{"uv":[4.0625,10.9375,3.75,11.125],"texture":"#main"}}},{"rotation":{"origin":[8,3.75,10.75],"angle":22.5,"axis":"x"},"from":[0.75,13.5,13.2],"to":[8.25,21,13.25],"faces":{"south":{"uv":[3.75,2.125,4.6875,3.0625],"texture":"#main"},"north":{"uv":[3.875,3.6875,4.8125,4.625],"texture":"#main"}}},{"rotation":{"origin":[8,3.75,10.75],"angle":22.5,"axis":"x"},"from":[0.75,6,13.2],"to":[8.25,13.5,13.25],"faces":{"south":{"uv":[6.6875,2.125,5.75,3.0625],"texture":"#main"},"north":{"uv":[5.75,2.125,6.6875,3.0625],"texture":"#main"}}},{"rotation":{"origin":[8,3.75,10.75],"angle":22.5,"axis":"x"},"from":[8.25,6,13.2],"to":[15.75,13.5,13.25],"faces":{"south":{"uv":[5.75,2.125,6.6875,3.0625],"texture":"#main"},"north":{"uv":[1.875,3.6875,2.8125,4.625],"texture":"#main"}}},{"from":[6,10.9401,0.6304],"to":[10,14.9401,4.1304],"faces":{"east":{"uv":[0,4.125,0.4375,4.625],"texture":"#main"},"south":{"uv":[1.375,4.125,1.875,4.625],"texture":"#main"},"north":{"uv":[0.4375,4.125,0.9375,4.625],"texture":"#main"},"west":{"uv":[0.9375,4.125,1.375,4.625],"texture":"#main"},"up":{"uv":[0.9375,4.125,0.4375,3.6875],"texture":"#main"},"down":{"uv":[1.4375,3.6875,0.9375,4.125],"texture":"#main"}}},{"rotation":{"origin":[14.5,9.99033,6.14082],"angle":-45,"axis":"x"},"from":[6.495,14.2403,13.3908],"to":[9.495,17.2403,14.8908],"faces":{"east":{"uv":[1.875,10.1875,2.0625,10.5625],"texture":"#main"},"south":{"uv":[2.625,10.1875,3,10.5625],"texture":"#main"},"north":{"uv":[2.0625,10.1875,2.4375,10.5625],"texture":"#main"},"west":{"uv":[2.4375,10.1875,2.625,10.5625],"texture":"#main"},"up":{"uv":[2.4375,10.1875,2.0625,10],"texture":"#main"},"down":{"uv":[2.8125,10,2.4375,10.1875],"texture":"#main"}}},{"rotation":{"origin":[14.5,9.99033,6.14082],"angle":-45,"axis":"x"},"from":[6.995,14.7403,14.8908],"to":[8.995,16.7403,16.3908],"faces":{"east":{"uv":[4.25,11.125,4.4375,11.375],"texture":"#main"},"south":{"uv":[4.875,11.125,5.125,11.375],"texture":"#main"},"north":{"uv":[4.4375,11.125,4.6875,11.375],"texture":"#main"},"west":{"uv":[4.6875,11.125,4.875,11.375],"texture":"#main"},"up":{"uv":[4.6875,11.125,4.4375,10.9375],"texture":"#main"},"down":{"uv":[4.9375,10.9375,4.6875,11.125],"texture":"#main"}}},{"rotation":{"origin":[14.5,9.99033,6.14082],"angle":22.5,"axis":"x"},"from":[5.985,8.2403,-0.6092],"to":[5.986,16.2403,3.3908],"faces":{"east":{"uv":[4,5.1875,3.5,6.1875],"texture":"#main"},"west":{"uv":[3.5,5.1875,4,6.1875],"texture":"#main"}}},{"rotation":{"origin":[14.5,9.99033,6.14082],"angle":22.5,"axis":"x"},"from":[5.985,16.2403,-0.6092],"to":[5.986,23.7403,3.3908],"faces":{"east":{"uv":[3.75,6.6875,3.25,7.625],"texture":"#main"},"west":{"uv":[3.25,6.6875,3.75,7.625],"texture":"#main"}}},{"from":[6.01,13.4401,0.1304],"to":[10.01,14.9401,3.6304],"faces":{"east":{"uv":[0,5.875,0.4375,6.0625],"texture":"#main"},"south":{"uv":[1.375,5.875,1.875,6.0625],"texture":"#main"},"north":{"uv":[0.4375,5.875,0.9375,6.0625],"texture":"#main"},"west":{"uv":[0.9375,5.875,1.375,6.0625],"texture":"#main"},"up":{"uv":[0.9375,5.875,0.4375,5.4375],"texture":"#main"},"down":{"uv":[1.4375,5.4375,0.9375,5.875],"texture":"#main"}}},{"from":[7.5,11.9401,0.1304],"to":[8.5,13.4401,3.6304],"faces":{"east":{"uv":[0,10.4375,0.4375,10.625],"texture":"#main"},"south":{"uv":[1,10.4375,1.125,10.625],"texture":"#main"},"north":{"uv":[0.4375,10.4375,0.5625,10.625],"texture":"#main"},"west":{"uv":[0.5625,10.4375,1,10.625],"texture":"#main"},"up":{"uv":[0.5625,10.4375,0.4375,10],"texture":"#main"},"down":{"uv":[0.6875,10,0.5625,10.4375],"texture":"#main"}}},{"rotation":{"origin":[1.5,9.99033,6.14082],"angle":22.5,"axis":"x"},"from":[10.015,16.2403,-0.6092],"to":[10.016,23.7403,3.3908],"faces":{"east":{"uv":[3.75,6.6875,3.25,7.625],"texture":"#main"},"west":{"uv":[3.25,6.6875,3.75,7.625],"texture":"#main"}}},{"rotation":{"origin":[1.5,9.99033,6.14082],"angle":22.5,"axis":"x"},"from":[10.015,8.2403,-0.6092],"to":[10.016,16.2403,3.3908],"faces":{"east":{"uv":[4,5.1875,3.5,6.1875],"texture":"#main"},"west":{"uv":[3.5,5.1875,4,6.1875],"texture":"#main"}}}],"display":{"head":{"translation":[0,13.912,0],"scale":[4,4,4]}}}