{"parent":"physical_parent","textures":{"main":"pokemon/dunsparce"},"elements":[{"from":[3,0,0],"to":[13,8,8],"faces":{"east":{"uv":[0,6,2,8],"texture":"#main"},"south":{"uv":[6.5,6,9,8],"texture":"#main"},"north":{"uv":[2,6,4.5,8],"texture":"#main"},"west":{"uv":[4.5,6,6.5,8],"texture":"#main"},"up":{"uv":[4.5,6,2,4],"texture":"#main"},"down":{"uv":[7,4,4.5,6],"texture":"#main"}}},{"from":[11,-2,0],"to":[12,0,1],"faces":{"east":{"uv":[0,4.25,0.25,4.75],"texture":"#main"},"south":{"uv":[0.75,4.25,1,4.75],"texture":"#main"},"north":{"uv":[0.25,4.25,0.5,4.75],"texture":"#main"},"west":{"uv":[0.5,4.25,0.75,4.75],"texture":"#main"},"up":{"uv":[0.5,4.25,0.25,4],"texture":"#main"},"down":{"uv":[0.75,4,0.5,4.25],"texture":"#main"}}},{"from":[4,-2,0],"to":[5,0,1],"faces":{"east":{"uv":[2,2.25,2.25,2.75],"texture":"#main"},"south":{"uv":[2.75,2.25,3,2.75],"texture":"#main"},"north":{"uv":[2.25,2.25,2.5,2.75],"texture":"#main"},"west":{"uv":[2.5,2.25,2.75,2.75],"texture":"#main"},"up":{"uv":[2.5,2.25,2.25,2],"texture":"#main"},"down":{"uv":[2.75,2,2.5,2.25],"texture":"#main"}}},{"from":[4,2,8],"to":[12,6,20],"faces":{"east":{"uv":[0,3,3,4],"texture":"#main"},"south":{"uv":[8,3,10,4],"texture":"#main"},"north":{"uv":[3,3,5,4],"texture":"#main"},"west":{"uv":[5,3,8,4],"texture":"#main"},"up":{"uv":[5,3,3,0],"texture":"#main"},"down":{"uv":[7,0,5,3],"texture":"#main"}}},{"rotation":{"origin":[8,8,8],"angle":-45,"axis":"x"},"from":[6.5,-4,13],"to":[9.5,-1,19],"faces":{"east":{"uv":[8.25,12,9.75,12.75],"texture":"#main"},"south":{"uv":[12,12,12.75,12.75],"texture":"#main"},"north":{"uv":[9.75,12,10.5,12.75],"texture":"#main"},"west":{"uv":[10.5,12,12,12.75],"texture":"#main"},"up":{"uv":[10.5,12,9.75,10.5],"texture":"#main"},"down":{"uv":[11.25,10.5,10.5,12],"texture":"#main"}}},{"rotation":{"origin":[8,8,8],"angle":22.5,"axis":"x"},"from":[5.5,13,19],"to":[10.5,17,24],"faces":{"east":{"uv":[3.25,11.5,4.5,12.5],"texture":"#main"},"south":{"uv":[7,11.5,8.25,12.5],"texture":"#main"},"north":{"uv":[4.5,11.5,5.75,12.5],"texture":"#main"},"west":{"uv":[5.75,11.5,7,12.5],"texture":"#main"},"up":{"uv":[5.75,11.5,4.5,10.25],"texture":"#main"},"down":{"uv":[7,10.25,5.75,11.5],"texture":"#main"}}},{"rotation":{"origin":[8,8,8],"angle":22.5,"axis":"x"},"from":[6.5,17,20],"to":[9.5,20,23],"faces":{"east":{"uv":[0,0.75,0.75,1.5],"texture":"#main"},"south":{"uv":[2.25,0.75,3,1.5],"texture":"#main"},"north":{"uv":[0.75,0.75,1.5,1.5],"texture":"#main"},"west":{"uv":[1.5,0.75,2.25,1.5],"texture":"#main"},"up":{"uv":[1.5,0.75,0.75,0],"texture":"#main"},"down":{"uv":[2.25,0,1.5,0.75],"texture":"#main"}}},{"rotation":{"origin":[8,8,8],"angle":22.5,"axis":"x"},"from":[7,20,20.5],"to":[9,22,22.5],"faces":{"east":{"uv":[0,2,0.5,2.5],"texture":"#main"},"south":{"uv":[1.5,2,2,2.5],"texture":"#main"},"north":{"uv":[0.5,2,1,2.5],"texture":"#main"},"west":{"uv":[1,2,1.5,2.5],"texture":"#main"},"up":{"uv":[1,2,0.5,1.5],"texture":"#main"},"down":{"uv":[1.5,1.5,1,2],"texture":"#main"}}},{"from":[3,1,10],"to":[13,7,18],"faces":{"east":{"uv":[7,9,9,10.5],"texture":"#main"},"south":{"uv":[13.5,9,16,10.5],"texture":"#main"},"north":{"uv":[9,9,11.5,10.5],"texture":"#main"},"west":{"uv":[11.5,9,13.5,10.5],"texture":"#main"},"up":{"uv":[11.5,9,9,7],"texture":"#main"},"down":{"uv":[14,7,11.5,9],"texture":"#main"}}},{"from":[3,7,10],"to":[3,13,18],"faces":{"east":{"uv":[0,10,2,11.5],"texture":"#main"},"south":{"uv":[12.25,4,12.5,5.5],"texture":"#main"},"north":{"uv":[10,4,10.25,5.5],"texture":"#main"},"west":{"uv":[10.25,4,12.25,5.5],"texture":"#main"},"up":{"uv":[10.25,4,10,2],"texture":"#main"},"down":{"uv":[10.5,2,10.25,4],"texture":"#main"}}},{"from":[13,7,10],"to":[13,13,18],"faces":{"east":{"uv":[0,10,2,11.5],"texture":"#main"},"south":{"uv":[4.25,10,4.5,11.5],"texture":"#main"},"north":{"uv":[2,10,2.25,11.5],"texture":"#main"},"west":{"uv":[10.25,4,12.25,5.5],"texture":"#main"},"up":{"uv":[2.25,10,2,8],"texture":"#main"},"down":{"uv":[2.5,8,2.25,10],"texture":"#main"}}}],"display":{"head":{"translation":[0,-33.5,-5]}},"credit":"Made with Blockbench"}