{"parent":"physical_parent","textures":{"main":"pokemon/dusclops"},"texture_size":[64,64],"elements":[{"rotation":{"origin":[13,8,15],"angle":0,"axis":"y"},"from":[3,0,6],"to":[7,5,10],"faces":{"east":{"uv":[8.5,6.75,9.5,8],"texture":"#main"},"south":{"uv":[3,8.75,4,10],"texture":"#main"},"north":{"uv":[4,6.75,5,8],"texture":"#main"},"west":{"uv":[7,9,8,10.25],"texture":"#main"},"up":{"uv":[10,5,9,4],"texture":"#main"},"down":{"uv":[10,5,9,6],"texture":"#main"}}},{"rotation":{"origin":[3,8,15],"angle":0,"axis":"y"},"from":[9,0,6],"to":[13,5,10],"faces":{"east":{"uv":[8,9,7,10.25],"texture":"#main"},"south":{"uv":[4,8.75,3,10],"texture":"#main"},"north":{"uv":[5,6.75,4,8],"texture":"#main"},"west":{"uv":[9.5,6.75,8.5,8],"texture":"#main"},"up":{"uv":[9,5,10,4],"texture":"#main"},"down":{"uv":[9,5,10,6],"texture":"#main"}}},{"rotation":{"origin":[13,12,9],"angle":22.5,"axis":"y"},"from":[2,6,-1],"to":[6,10,0],"faces":{"east":{"uv":[5.5,1.75,5.75,2.75],"texture":"#main"},"south":{"uv":[9.25,0,10.25,1],"texture":"#main"},"north":{"uv":[9.25,9.25,10.25,10.25],"texture":"#main"},"west":{"uv":[5.75,1.75,6,2.75],"texture":"#main"},"up":{"uv":[4,3,3,2.75],"texture":"#main"},"down":{"uv":[5,2.75,4,3],"texture":"#main"}}},{"rotation":{"origin":[3,12,9],"angle":-22.5,"axis":"y"},"from":[10,6,-1],"to":[14,10,0],"faces":{"east":{"uv":[6,1.75,5.75,2.75],"texture":"#main"},"south":{"uv":[10.25,0,9.25,1],"texture":"#main"},"north":{"uv":[10.25,9.25,9.25,10.25],"texture":"#main"},"west":{"uv":[5.75,1.75,5.5,2.75],"texture":"#main"},"up":{"uv":[3,3,4,2.75],"texture":"#main"},"down":{"uv":[4,2.75,5,3],"texture":"#main"}}},{"rotation":{"origin":[13,12,8.5],"angle":22.5,"axis":"y"},"from":[2,6,-0.5],"to":[8,14,-0.5],"faces":{"east":{"uv":[0,0,0,2],"texture":"#main"},"south":{"uv":[7,7,8.5,9],"texture":"#main"},"north":{"uv":[2.5,6.75,4,8.75],"texture":"#main"},"west":{"uv":[0,0,0,2],"texture":"#main"},"up":{"uv":[1.5,0,0,0],"texture":"#main"},"down":{"uv":[1.5,0,0,0],"texture":"#main"}}},{"rotation":{"origin":[3,12,8.5],"angle":-22.5,"axis":"y"},"from":[8,6,-0.5],"to":[14,14,-0.5],"faces":{"east":{"uv":[0,0,0,2],"texture":"#main"},"south":{"uv":[8.5,7,7,9],"texture":"#main"},"north":{"uv":[4,6.75,2.5,8.75],"texture":"#main"},"west":{"uv":[0,0,0,2],"texture":"#main"},"up":{"uv":[0,0,1.5,0],"texture":"#main"},"down":{"uv":[0,0,1.5,0],"texture":"#main"}}},{"rotation":{"origin":[13,13,15],"angle":0,"axis":"y"},"from":[2,4,5],"to":[14,11,13],"faces":{"east":{"uv":[6,3,8,4.75],"texture":"#main"},"south":{"uv":[3,0,6,1.75],"texture":"#main"},"north":{"uv":[3,3,6,4.75],"texture":"#main"},"west":{"uv":[5,6.5,7,8.25],"texture":"#main"},"up":{"uv":[3,2,0,0],"texture":"#main"},"down":{"uv":[3,2,0,4],"texture":"#main"}}},{"rotation":{"origin":[13,23,15],"angle":0,"axis":"y"},"from":[3,11,6],"to":[13,19,12],"faces":{"east":{"uv":[0,7.5,1.5,9.5],"texture":"#main"},"south":{"uv":[2.5,4.75,5,6.75],"texture":"#main"},"north":{"uv":[0,4,2.5,6],"texture":"#main"},"west":{"uv":[7.5,4.75,9,6.75],"texture":"#main"},"up":{"uv":[7.5,6.5,5,5],"texture":"#main"},"down":{"uv":[2.5,6,0,7.5],"texture":"#main"}}},{"rotation":{"origin":[8,17,15],"angle":-45,"axis":"z"},"from":[6,3,8],"to":[9,12,11],"faces":{"east":{"uv":[8.5,8.5,9.25,10.75],"texture":"#main"},"south":{"uv":[8.5,0,9.25,2.25],"texture":"#main"},"north":{"uv":[1.5,7.5,2.25,9.75],"texture":"#main"},"west":{"uv":[2.25,8.75,3,11],"texture":"#main"},"up":{"uv":[8.75,4.75,8,4],"texture":"#main"},"down":{"uv":[9.25,2.25,8.5,3],"texture":"#main"}}},{"rotation":{"origin":[8,17,15],"angle":45,"axis":"z"},"from":[7,3,8],"to":[10,12,11],"faces":{"east":{"uv":[3,8.75,2.25,11],"texture":"#main"},"south":{"uv":[9.25,0,8.5,2.25],"texture":"#main"},"north":{"uv":[2.25,7.5,1.5,9.75],"texture":"#main"},"west":{"uv":[9.25,8.5,8.5,10.75],"texture":"#main"},"up":{"uv":[8,4.75,8.75,4],"texture":"#main"},"down":{"uv":[8.5,2.25,9.25,3],"texture":"#main"}}},{"rotation":{"origin":[8,17,15],"angle":-45,"axis":"z"},"from":[7.5,1,8],"to":[7.5,6,14],"faces":{"east":{"uv":[4,8.25,5.5,9.5],"texture":"#main"},"south":{"uv":[0,0,0,1.25],"texture":"#main"},"north":{"uv":[0,0,0,1.25],"texture":"#main"},"west":{"uv":[5.5,8.25,7,9.5],"texture":"#main"},"up":{"uv":[0,1.5,0,0],"texture":"#main"},"down":{"uv":[0,0,0,1.5],"texture":"#main"}}},{"rotation":{"origin":[8,17,15],"angle":45,"axis":"z"},"from":[8.5,1,8],"to":[8.5,6,14],"faces":{"east":{"uv":[7,8.25,5.5,9.5],"texture":"#main"},"south":{"uv":[0,0,0,1.25],"texture":"#main"},"north":{"uv":[0,0,0,1.25],"texture":"#main"},"west":{"uv":[5.5,8.25,4,9.5],"texture":"#main"},"up":{"uv":[0,1.5,0,0],"texture":"#main"},"down":{"uv":[0,0,0,1.5],"texture":"#main"}}},{"rotation":{"origin":[5,22,10],"angle":22.5,"axis":"y"},"from":[0,19,10],"to":[10,25,10],"faces":{"east":{"uv":[0,0,0,1.5],"texture":"#main"},"south":{"uv":[6,1.5,8.5,3],"texture":"#main"},"north":{"uv":[6,0,8.5,1.5],"texture":"#main"},"west":{"uv":[0,0,0,1.5],"texture":"#main"},"up":{"uv":[2.5,0,0,0],"texture":"#main"},"down":{"uv":[2.5,0,0,0],"texture":"#main"}}},{"rotation":{"origin":[13,23,14],"angle":0,"axis":"y"},"from":[6,13,5],"to":[10,17,6],"faces":{"east":{"uv":[2.25,7.5,2.5,8.5],"texture":"#main"},"south":{"uv":[9.25,2,10.25,3],"texture":"#main"},"north":{"uv":[9.25,1,10.25,2],"texture":"#main"},"west":{"uv":[8,9,8.25,10],"texture":"#main"},"up":{"uv":[6,3,5,2.75],"texture":"#main"},"down":{"uv":[6,4.75,5,5],"texture":"#main"}}},{"rotation":{"origin":[8,11.75,5.25],"angle":22.5,"axis":"x"},"from":[3,9.75,5.25],"to":[13,13.75,5.25],"faces":{"east":{"uv":[0,0,0,1],"texture":"#main"},"south":{"uv":[8,3,10.5,4],"texture":"#main"},"north":{"uv":[3,1.75,5.5,2.75],"texture":"#main"},"west":{"uv":[0,0,0,1],"texture":"#main"},"up":{"uv":[2.5,0,0,0],"texture":"#main"},"down":{"uv":[2.5,0,0,0],"texture":"#main"}}}],"display":{"head":{"translation":[0,-30,0],"scale":[1.6,1.6,1.6]}}}