{"parent":"physical_parent","textures":{"main":"pokemon/electabuzz"},"elements":[{"from":[5,9,5],"to":[10,13,10],"faces":{"east":{"uv":[5.5,0,6.75,1],"texture":"#main"},"south":{"uv":[4,1.25,5.25,2.25],"texture":"#main"},"north":{"uv":[4,0,5.25,1],"texture":"#main"},"west":{"uv":[7,0,8.25,1],"texture":"#main"}}},{"from":[4.5,13,4],"to":[10.5,19,10],"faces":{"east":{"uv":[1.75,6.75,3.25,8.25],"texture":"#main"},"south":{"uv":[3.5,6.75,5,8.25],"texture":"#main"},"north":{"uv":[0,5,1.5,6.5],"texture":"#main"},"west":{"uv":[0,6.75,1.5,8.25],"texture":"#main"},"up":{"uv":[1.75,5,3.25,6.5],"texture":"#main"},"down":{"uv":[1.75,5,3.25,6.5],"texture":"#main"}}},{"from":[7.5,19,4],"to":[7.6,26,11],"faces":{"east":{"uv":[2,11.25,3.75,13],"texture":"#main"},"west":{"uv":[0,11.25,1.75,13],"texture":"#main"}}},{"rotation":{"origin":[3.55,22,7.5],"angle":22.5,"axis":"y"},"from":[0.05,19,7.45],"to":[7.05,23,7.55],"faces":{"south":{"uv":[0,10,1.75,11],"texture":"#main"},"north":{"uv":[2,10,3.75,11],"texture":"#main"}}},{"rotation":{"origin":[11.55,22,7.5],"angle":-22.5,"axis":"y"},"from":[8.05,19,7.45],"to":[15.05,23,7.55],"faces":{"south":{"uv":[2,10,3.75,11],"texture":"#main"},"north":{"uv":[0,10,1.75,11],"texture":"#main"}}},{"from":[4,-1,7],"to":[6,4,9],"faces":{"east":{"uv":[5.5,2.5,6,3.75],"texture":"#main"},"south":{"uv":[5.5,2.5,6,3.75],"texture":"#main"},"north":{"uv":[4.75,2.5,5.25,3.75],"texture":"#main"},"west":{"uv":[5.5,2.5,6,3.75],"texture":"#main"},"up":{"uv":[2,3.5,2.5,4],"texture":"#main"},"down":{"uv":[2,3.5,2.5,4],"texture":"#main"}}},{"from":[9,-1,7],"to":[11,4,9],"faces":{"east":{"uv":[5.5,2.5,6,3.75],"texture":"#main"},"south":{"uv":[5.5,2.5,6,3.75],"texture":"#main"},"north":{"uv":[4,2.5,4.5,3.75],"texture":"#main"},"west":{"uv":[5.5,2.5,6,3.75],"texture":"#main"},"up":{"uv":[2,3.5,2.5,4],"texture":"#main"},"down":{"uv":[2,3.5,2.5,4],"texture":"#main"}}},{"rotation":{"origin":[7.5,6,12],"angle":-22.5,"axis":"x"},"from":[6.5,5,9],"to":[8.5,7,18],"faces":{"east":{"uv":[5.75,1.75,7.75,2.25],"texture":"#main","rotation":180},"south":{"uv":[8,1.75,8.5,2.25],"texture":"#main"},"west":{"uv":[5.75,1.75,7.75,2.25],"texture":"#main"},"up":{"uv":[5.75,1.75,7.75,2.25],"texture":"#main","rotation":90},"down":{"uv":[5.75,1.75,7.75,2.25],"texture":"#main","rotation":270}}},{"rotation":{"origin":[3.585485,10.17085,7.001025],"angle":-45,"axis":"z"},"from":[2.5855,7.1708,6.001],"to":[5.5855,13.1708,9.000999],"faces":{"east":{"uv":[8.5,2.5,9.25,4],"texture":"#main"},"south":{"uv":[6.5,4.25,7.25,5.75],"texture":"#main"},"north":{"uv":[6.5,4.25,7.25,5.75],"texture":"#main"},"west":{"uv":[7.5,2.5,8.25,4],"texture":"#main"},"down":{"uv":[6.5,6,7.25,6.75],"texture":"#main"}}},{"rotation":{"origin":[10.70484,9.464974,7.001757],"angle":45,"axis":"z"},"from":[9.7048,6.465,6.0018],"to":[12.7048,12.465,9.001801],"faces":{"east":{"uv":[7.5,2.5,8.25,4],"texture":"#main"},"south":{"uv":[6.5,4.25,7.25,5.75],"texture":"#main"},"north":{"uv":[6.5,2.5,7.25,4],"texture":"#main"},"west":{"uv":[8.5,2.5,9.25,4],"texture":"#main"},"down":{"uv":[6.5,6,7.25,6.75],"texture":"#main"}}},{"from":[4,4,4],"to":[11,9,11],"faces":{"east":{"uv":[2,1.5,3.75,2.75],"texture":"#main"},"south":{"uv":[0,1.5,1.75,2.75],"texture":"#main"},"north":{"uv":[0,0,1.75,1.25],"texture":"#main"},"west":{"uv":[2,0,3.75,1.25],"texture":"#main"},"up":{"uv":[2,3,3.75,4.75],"texture":"#main"},"down":{"uv":[0,3,1.75,4.75],"texture":"#main"}}},{"from":[8,-1,4],"to":[12,-0.9,9],"faces":{"up":{"uv":[4,4,5,5],"texture":"#main","rotation":180},"down":{"uv":[4,4,5,5],"texture":"#main"}}},{"from":[3,-1,4],"to":[7,-0.9,9],"faces":{"up":{"uv":[4,4,5,5.25],"texture":"#main","rotation":180},"down":{"uv":[4,4,5,5],"texture":"#main"}}},{"from":[10.5,14,4],"to":[12.5,18,10],"faces":{"east":{"uv":[2.5,8.75,4,9.75],"texture":"#main"},"south":{"uv":[1.75,8.75,2.25,9.75],"texture":"#main"},"north":{"uv":[1,8.75,1.5,9.75],"texture":"#main"},"up":{"uv":[2.5,9,4,9.5],"texture":"#main","rotation":90},"down":{"uv":[2.5,9,4,9.5],"texture":"#main","rotation":90}}},{"from":[2.5,14,4],"to":[4.5,18,10],"faces":{"south":{"uv":[1,8.75,1.5,9.75],"texture":"#main"},"north":{"uv":[1.75,8.75,2.25,9.75],"texture":"#main"},"west":{"uv":[2.5,8.75,4,9.75],"texture":"#main"},"up":{"uv":[2.5,9,4,9.5],"texture":"#main","rotation":90},"down":{"uv":[2.5,9,4,9.5],"texture":"#main","rotation":90}}}],"display":{"head":{"translation":[1,-25,0],"scale":[2,2,2]}}}