{"parent":"physical_parent","textures":{"main":"pokemon/exploud"},"texture_size":[64,64],"elements":[{"rotation":{"origin":[18,8,13],"angle":0,"axis":"y"},"from":[10.5,0,5],"to":[13.5,1,11],"faces":{"east":{"uv":[0,10.5,1.5,10.75],"texture":"#main"},"south":{"uv":[3.75,10.5,4.5,10.75],"texture":"#main"},"north":{"uv":[1.5,10.5,2.25,10.75],"texture":"#main"},"west":{"uv":[2.25,10.5,3.75,10.75],"texture":"#main"},"up":{"uv":[2.25,10.5,1.5,9],"texture":"#main"},"down":{"uv":[3,9,2.25,10.5],"texture":"#main"}}},{"rotation":{"origin":[5,6.70179,15.52654],"angle":22.5,"axis":"x"},"from":[10.5,-1.29821,7.52654],"to":[13.5,1.70179,13.52654],"faces":{"east":{"uv":[8.5,10.25,10,11],"texture":"#main"},"south":{"uv":[12.25,10.25,13,11],"texture":"#main"},"north":{"uv":[10,10.25,10.75,11],"texture":"#main"},"west":{"uv":[10.75,10.25,12.25,11],"texture":"#main"},"up":{"uv":[10.75,10.25,10,8.75],"texture":"#main"},"down":{"uv":[11.5,8.75,10.75,10.25],"texture":"#main"}}},{"rotation":{"origin":[14,12,19],"angle":0,"axis":"y"},"from":[4,3,7],"to":[13,12,13],"faces":{"east":{"uv":[0,1.5,1.5,3.75],"texture":"#main"},"south":{"uv":[5.25,1.5,7.5,3.75],"texture":"#main"},"north":{"uv":[1.5,1.5,3.75,3.75],"texture":"#main"},"west":{"uv":[3.75,1.5,5.25,3.75],"texture":"#main"},"up":{"uv":[3.75,1.5,1.5,0],"texture":"#main"},"down":{"uv":[6,0,3.75,1.5],"texture":"#main"}}},{"rotation":{"origin":[12,6.70179,15.52654],"angle":22.5,"axis":"x"},"from":[3.5,-1.29821,7.52654],"to":[6.5,1.70179,13.52654],"faces":{"east":{"uv":[7.5,3.75,9,4.5],"texture":"#main"},"south":{"uv":[11.25,3.75,12,4.5],"texture":"#main"},"north":{"uv":[9,3.75,9.75,4.5],"texture":"#main"},"west":{"uv":[9.75,3.75,11.25,4.5],"texture":"#main"},"up":{"uv":[9.75,3.75,9,2.25],"texture":"#main"},"down":{"uv":[10.5,2.25,9.75,3.75],"texture":"#main"}}},{"rotation":{"origin":[12,8,13],"angle":0,"axis":"y"},"from":[3.5,0,5],"to":[6.5,1,11],"faces":{"east":{"uv":[7.5,6,9,6.25],"texture":"#main"},"south":{"uv":[11.25,6,12,6.25],"texture":"#main"},"north":{"uv":[9,6,9.75,6.25],"texture":"#main"},"west":{"uv":[9.75,6,11.25,6.25],"texture":"#main"},"up":{"uv":[9.75,6,9,4.5],"texture":"#main"},"down":{"uv":[10.5,4.5,9.75,6],"texture":"#main"}}},{"rotation":{"origin":[16,14,14],"angle":0,"axis":"y"},"from":[5,5,6],"to":[12,12,8],"faces":{"east":{"uv":[7.5,0.5,8,2.25],"texture":"#main"},"south":{"uv":[10.25,0.5,12,2.25],"texture":"#main"},"north":{"uv":[8,0.5,9.75,2.25],"texture":"#main"},"west":{"uv":[9.75,0.5,10.25,2.25],"texture":"#main"},"up":{"uv":[9.75,0.5,8,0],"texture":"#main"},"down":{"uv":[11.5,0,9.75,0.5],"texture":"#main"}}},{"rotation":{"origin":[16,14,16],"angle":0,"axis":"y"},"from":[5,5,10],"to":[12,16,12],"faces":{"east":{"uv":[5.5,7.5,6,10.25],"texture":"#main"},"south":{"uv":[8.25,7.5,10,10.25],"texture":"#main"},"north":{"uv":[6,7.5,7.75,10.25],"texture":"#main"},"west":{"uv":[7.75,7.5,8.25,10.25],"texture":"#main"},"up":{"uv":[7.75,7.5,6,7],"texture":"#main"},"down":{"uv":[9.5,7,7.75,7.5],"texture":"#main"}}},{"rotation":{"origin":[16,21,14],"angle":0,"axis":"y"},"from":[5,12,5],"to":[12,17,10],"faces":{"east":{"uv":[0,5,1.25,6.25],"texture":"#main"},"south":{"uv":[4.25,5,6,6.25],"texture":"#main"},"north":{"uv":[1.25,5,3,6.25],"texture":"#main"},"west":{"uv":[3,5,4.25,6.25],"texture":"#main"},"up":{"uv":[3,5,1.25,3.75],"texture":"#main"},"down":{"uv":[4.75,3.75,3,5],"texture":"#main"}}},{"rotation":{"origin":[3.12776,22.37567,17],"angle":45,"axis":"z"},"from":[-8.87224,12.37567,8],"to":[-2.87224,15.37567,11],"faces":{"east":{"uv":[10.5,3,11.25,3.75],"texture":"#main"},"south":{"uv":[13.5,3,15,3.75],"texture":"#main"},"north":{"uv":[11.25,3,12.75,3.75],"texture":"#main"},"west":{"uv":[12.75,3,13.5,3.75],"texture":"#main"},"up":{"uv":[12.75,3,11.25,2.25],"texture":"#main"},"down":{"uv":[14.25,2.25,12.75,3],"texture":"#main"}}},{"rotation":{"origin":[13.59223,18.94064,17],"angle":0,"axis":"y"},"from":[2.59223,2.94064,8],"to":[3.59223,5.94064,11],"faces":{"east":{"uv":[2,13.5,2.75,14.25],"texture":"#main"},"south":{"uv":[3.75,13.5,4,14.25],"texture":"#main"},"north":{"uv":[2.75,13.5,3,14.25],"texture":"#main"},"west":{"uv":[3,13.5,3.75,14.25],"texture":"#main"},"up":{"uv":[3,13.5,2.75,12.75],"texture":"#main"},"down":{"uv":[3.25,12.75,3,13.5],"texture":"#main"}}},{"rotation":{"origin":[13.59223,18.94064,17],"angle":0,"axis":"y"},"from":[-0.40777,2.94064,8],"to":[2.59223,8.94064,11],"faces":{"east":{"uv":[11.25,4.5,12,6],"texture":"#main"},"south":{"uv":[13.5,4.5,14.25,6],"texture":"#main"},"north":{"uv":[12,4.5,12.75,6],"texture":"#main"},"west":{"uv":[12.75,4.5,13.5,6],"texture":"#main"},"up":{"uv":[12.75,4.5,12,3.75],"texture":"#main"},"down":{"uv":[13.5,3.75,12.75,4.5],"texture":"#main"}}},{"rotation":{"origin":[13.87224,22.37567,17],"angle":-45,"axis":"z"},"from":[19.87224,12.37567,8],"to":[25.87224,15.37567,11],"faces":{"east":{"uv":[3.75,11,4.5,11.75],"texture":"#main"},"south":{"uv":[6.75,11,8.25,11.75],"texture":"#main"},"north":{"uv":[4.5,11,6,11.75],"texture":"#main"},"west":{"uv":[6,11,6.75,11.75],"texture":"#main"},"up":{"uv":[6,11,4.5,10.25],"texture":"#main"},"down":{"uv":[7.5,10.25,6,11],"texture":"#main"}}},{"rotation":{"origin":[3.40777,18.94064,17],"angle":0,"axis":"y"},"from":[13.40777,2.94064,8],"to":[14.40777,5.94064,11],"faces":{"east":{"uv":[6.25,13.25,7,14],"texture":"#main"},"south":{"uv":[8,13.25,8.25,14],"texture":"#main"},"north":{"uv":[7,13.25,7.25,14],"texture":"#main"},"west":{"uv":[7.25,13.25,8,14],"texture":"#main"},"up":{"uv":[7.25,13.25,7,12.5],"texture":"#main"},"down":{"uv":[7.5,12.5,7.25,13.25],"texture":"#main"}}},{"rotation":{"origin":[3.40777,18.94064,17],"angle":0,"axis":"y"},"from":[14.40777,2.94064,8],"to":[17.40777,8.94064,11],"faces":{"east":{"uv":[10.5,11.75,11.25,13.25],"texture":"#main"},"south":{"uv":[12.75,11.75,13.5,13.25],"texture":"#main"},"north":{"uv":[11.25,11.75,12,13.25],"texture":"#main"},"west":{"uv":[12,11.75,12.75,13.25],"texture":"#main"},"up":{"uv":[12,11.75,11.25,11],"texture":"#main"},"down":{"uv":[12.75,11,12,11.75],"texture":"#main"}}},{"rotation":{"origin":[15.13967,21,18.78418],"angle":22.5,"axis":"x"},"from":[7.13967,12,7.78418],"to":[10.13967,18,10.78418],"faces":{"east":{"uv":[7.5,11.75,8.25,13.25],"texture":"#main"},"south":{"uv":[9.75,11.75,10.5,13.25],"texture":"#main"},"north":{"uv":[8.25,11.75,9,13.25],"texture":"#main"},"west":{"uv":[9,11.75,9.75,13.25],"texture":"#main"},"up":{"uv":[9,11.75,8.25,11],"texture":"#main"},"down":{"uv":[9.75,11,9,11.75],"texture":"#main"}}},{"rotation":{"origin":[11.13967,20,18.78418],"angle":22.5,"axis":"x"},"from":[4.13967,11,7.78418],"to":[6.13967,17,9.78418],"faces":{"east":{"uv":[0,13.25,0.5,14.75],"texture":"#main"},"south":{"uv":[1.5,13.25,2,14.75],"texture":"#main"},"north":{"uv":[0.5,13.25,1,14.75],"texture":"#main"},"west":{"uv":[1,13.25,1.5,14.75],"texture":"#main"},"up":{"uv":[1,13.25,0.5,12.75],"texture":"#main"},"down":{"uv":[1.5,12.75,1,13.25],"texture":"#main"}}},{"rotation":{"origin":[11.90712,16.75282,16.17736],"angle":-22.5,"axis":"z"},"from":[2.90712,11.75282,5.17736],"to":[6.90712,13.75282,7.17736],"faces":{"east":{"uv":[12,0.5,12.5,1],"texture":"#main"},"south":{"uv":[14,0.5,15,1],"texture":"#main"},"north":{"uv":[12.5,0.5,13.5,1],"texture":"#main"},"west":{"uv":[13.5,0.5,14,1],"texture":"#main"},"up":{"uv":[13.5,0.5,12.5,0],"texture":"#main"},"down":{"uv":[14.5,0,13.5,0.5],"texture":"#main"}}},{"rotation":{"origin":[8.90712,18.75282,16.17736],"angle":22.5,"axis":"z"},"from":[-0.09288,13.75282,5.17736],"to":[3.90712,15.75282,7.17736],"faces":{"east":{"uv":[4,12.25,4.5,12.75],"texture":"#main"},"south":{"uv":[6,12.25,7,12.75],"texture":"#main"},"north":{"uv":[4.5,12.25,5.5,12.75],"texture":"#main"},"west":{"uv":[5.5,12.25,6,12.75],"texture":"#main"},"up":{"uv":[5.5,12.25,4.5,11.75],"texture":"#main"},"down":{"uv":[6.5,11.75,5.5,12.25],"texture":"#main"}}},{"rotation":{"origin":[8.09288,18.75282,16.17736],"angle":-22.5,"axis":"z"},"from":[13.09288,13.75282,5.17736],"to":[17.09288,15.75282,7.17736],"faces":{"east":{"uv":[11.5,9.75,12,10.25],"texture":"#main"},"south":{"uv":[13.5,9.75,14.5,10.25],"texture":"#main"},"north":{"uv":[12,9.75,13,10.25],"texture":"#main"},"west":{"uv":[13,9.75,13.5,10.25],"texture":"#main"},"up":{"uv":[13,9.75,12,9.25],"texture":"#main"},"down":{"uv":[14,9.25,13,9.75],"texture":"#main"}}},{"rotation":{"origin":[5.09288,16.75282,16.17736],"angle":22.5,"axis":"z"},"from":[10.09288,11.75282,5.17736],"to":[14.09288,13.75282,7.17736],"faces":{"east":{"uv":[11.5,8.75,12,9.25],"texture":"#main"},"south":{"uv":[13.5,8.75,14.5,9.25],"texture":"#main"},"north":{"uv":[12,8.75,13,9.25],"texture":"#main"},"west":{"uv":[13,8.75,13.5,9.25],"texture":"#main"},"up":{"uv":[13,8.75,12,8.25],"texture":"#main"},"down":{"uv":[14,8.25,13,8.75],"texture":"#main"}}},{"rotation":{"origin":[18.13967,20,18.78418],"angle":22.5,"axis":"x"},"from":[11.13967,11,7.78418],"to":[13.13967,17,9.78418],"faces":{"east":{"uv":[0,6.75,0.5,8.25],"texture":"#main"},"south":{"uv":[1.5,6.75,2,8.25],"texture":"#main"},"north":{"uv":[0.5,6.75,1,8.25],"texture":"#main"},"west":{"uv":[1,6.75,1.5,8.25],"texture":"#main"},"up":{"uv":[1,6.75,0.5,6.25],"texture":"#main"},"down":{"uv":[1.5,6.25,1,6.75],"texture":"#main"}}},{"rotation":{"origin":[13,16,15],"angle":-45,"axis":"x"},"from":[5,8.3,5],"to":[8,11.3,13],"faces":{"east":{"uv":[4,6.25,6,7],"texture":"#main"},"south":{"uv":[8.75,6.25,9.5,7],"texture":"#main"},"north":{"uv":[6,6.25,6.75,7],"texture":"#main"},"west":{"uv":[6.75,6.25,8.75,7],"texture":"#main"},"up":{"uv":[6.75,6.25,6,4.25],"texture":"#main"},"down":{"uv":[7.5,4.25,6.75,6.25],"texture":"#main"}}},{"rotation":{"origin":[13,15.96238,26.90919],"angle":0,"axis":"y"},"from":[5,8.26238,16.90919],"to":[8,11.26238,21.90919],"faces":{"east":{"uv":[10,7.5,11.25,8.25],"texture":"#main"},"south":{"uv":[13.25,7.5,14,8.25],"texture":"#main"},"north":{"uv":[11.25,7.5,12,8.25],"texture":"#main"},"west":{"uv":[12,7.5,13.25,8.25],"texture":"#main"},"up":{"uv":[12,7.5,11.25,6.25],"texture":"#main"},"down":{"uv":[12.75,6.25,12,7.5],"texture":"#main"}}},{"rotation":{"origin":[17,16,15],"angle":-45,"axis":"x"},"from":[9,8.3,5],"to":[12,11.3,13],"faces":{"east":{"uv":[0,8.25,2,9],"texture":"#main"},"south":{"uv":[4.75,8.25,5.5,9],"texture":"#main"},"north":{"uv":[2,8.25,2.75,9],"texture":"#main"},"west":{"uv":[2.75,8.25,4.75,9],"texture":"#main"},"up":{"uv":[2.75,8.25,2,6.25],"texture":"#main"},"down":{"uv":[3.5,6.25,2.75,8.25],"texture":"#main"}}},{"rotation":{"origin":[17,15.96238,26.90919],"angle":0,"axis":"y"},"from":[9,8.26238,16.90919],"to":[12,11.26238,21.90919],"faces":{"east":{"uv":[0,12,1.25,12.75],"texture":"#main"},"south":{"uv":[3.25,12,4,12.75],"texture":"#main"},"north":{"uv":[1.25,12,2,12.75],"texture":"#main"},"west":{"uv":[2,12,3.25,12.75],"texture":"#main"},"up":{"uv":[2,12,1.25,10.75],"texture":"#main"},"down":{"uv":[2.75,10.75,2,12],"texture":"#main"}}}],"display":{"head":{"translation":[0,-27.5,-4.25],"scale":[2,2,2]}},"groups":[{"children":[0,1],"origin":[8,8,8],"name":"group"},{"children":[2],"origin":[8,8,8],"name":"group"},{"children":[3,4],"origin":[8,8,8],"name":"group"},{"children":[5,6,7],"origin":[8,8,8],"name":"group"},{"children":[8,9,10],"origin":[8,8,8],"name":"group"},{"children":[11,12,13],"origin":[8,8,8],"name":"group"},{"children":[14,15,16,17,18,19,20],"origin":[8,8,8],"name":"group"},{"children":[21,22],"origin":[8,8,8],"name":"group"},{"children":[23,24],"origin":[8,8,8],"name":"group"}]}