{"credit":"Made with Blockbench","texture_size":[64,64],"textures":{"main":"pokemon/ferrothorn"},"elements":[{"from":[2.00675,2.67032,-0.68862],"to":[13.97675,7.99032,11.28138],"rotation":{"angle":0,"axis":"y","origin":[8.65675,2.67032,-0.68862]},"faces":{"north":{"uv":[6.25,0,8.5,1],"texture":"#main"},"east":{"uv":[6.25,1,8.5,2],"texture":"#main"},"south":{"uv":[6.25,2,8.5,3],"texture":"#main"},"west":{"uv":[6.25,3,8.5,4],"texture":"#main"},"up":{"uv":[2.25,2.25,0,0],"texture":"#main"},"down":{"uv":[2.25,2.25,0,4.5],"texture":"#main"}}},{"from":[3.33675,1.34032,0.64138],"to":[12.64675,2.67032,9.95138],"rotation":{"angle":0,"axis":"y","origin":[8.65675,-2.64968,-0.68862]},"faces":{"north":{"uv":[6.25,5,8,5.25],"texture":"#main"},"east":{"uv":[5,7,6.75,7.25],"texture":"#main"},"south":{"uv":[7,5.25,8.75,5.5],"texture":"#main"},"west":{"uv":[7,5.5,8.75,5.75],"texture":"#main"},"up":{"uv":[1.75,6.25,0,4.5],"texture":"#main"},"down":{"uv":[3.5,5.25,1.75,7],"texture":"#main"}}},{"from":[3.66925,7.99032,0.97388],"to":[12.31425,8.98781,9.61888],"rotation":{"angle":0,"axis":"y","origin":[8.65675,4.00032,-0.68862]},"faces":{"north":{"uv":[7.75,7.25,9.375,7.5],"texture":"#main"},"east":{"uv":[1,8,2.625,8.25],"texture":"#main"},"south":{"uv":[2.75,8,4.375,8.25],"texture":"#main"},"west":{"uv":[8,5,9.625,5.25],"texture":"#main"},"up":{"uv":[5.125,6.875,3.5,5.25],"texture":"#main"},"down":{"uv":[6.875,5.25,5.25,6.875],"texture":"#main"}}},{"from":[6.39575,8.98781,5.29638],"to":[9.72075,11.31531,5.29638],"rotation":{"angle":0,"axis":"y","origin":[11.38325,4.99781,-5.01112]},"faces":{"north":{"uv":[1,6.25,1.625,6.75],"texture":"#main"},"east":{"uv":[0,0,0,0.5],"texture":"#main"},"south":{"uv":[8,5.75,8.625,6.25],"texture":"#main"},"west":{"uv":[0,0,0,0.5],"texture":"#main"},"up":{"uv":[0.625,0,0,0],"texture":"#main"},"down":{"uv":[0.625,0,0,0],"texture":"#main"}}},{"from":[8.05825,8.98781,3.63388],"to":[8.05825,11.31531,6.95888],"rotation":{"angle":0,"axis":"y","origin":[8.05825,10.15157,5.29638]},"faces":{"north":{"uv":[0,0,0,0.5],"texture":"#main"},"east":{"uv":[6,8,6.625,8.5],"texture":"#main"},"south":{"uv":[0,0,0,0.5],"texture":"#main"},"west":{"uv":[8,6.25,8.625,6.75],"texture":"#main"},"up":{"uv":[0,0.625,0,0],"texture":"#main"},"down":{"uv":[0,0,0,0.625],"texture":"#main"}}},{"from":[8.05825,6.76007,-2.25137],"to":[8.05825,10.08507,1.40613],"rotation":{"angle":45,"axis":"x","origin":[8.05825,8.68857,0.30888]},"faces":{"north":{"uv":[0,0.625,0,0],"rotation":180,"texture":"#main"},"east":{"uv":[7.5,8,8.125,8.5],"rotation":90,"texture":"#main"},"south":{"uv":[0,0,0,0.625],"texture":"#main"},"west":{"uv":[7.5,8,8.125,8.5],"rotation":270,"texture":"#main"},"up":{"uv":[0,0,0,0.5],"texture":"#main"},"down":{"uv":[0,0,0,0.5],"rotation":180,"texture":"#main"}}},{"from":[8.05825,0.90806,-1.91887],"to":[8.05825,4.23306,1.73863],"rotation":{"angle":-45,"axis":"x","origin":[8.05825,2.30456,0.64138]},"faces":{"north":{"uv":[0,0,0,0.625],"rotation":180,"texture":"#main"},"east":{"uv":[8.125,8,7.5,8.5],"rotation":90,"texture":"#main"},"south":{"uv":[0,0.625,0,0],"texture":"#main"},"west":{"uv":[8.125,8,7.5,8.5],"rotation":270,"texture":"#main"},"up":{"uv":[0,0.5,0,0],"rotation":180,"texture":"#main"},"down":{"uv":[0,0.5,0,0],"texture":"#main"}}},{"from":[12.38075,0.90806,-1.91887],"to":[12.38075,4.23306,1.73863],"rotation":{"angle":-45,"axis":"x","origin":[12.38075,2.30456,0.64138]},"faces":{"north":{"uv":[0,0,0,0.625],"rotation":180,"texture":"#main"},"east":{"uv":[8.125,8,7.5,8.5],"rotation":90,"texture":"#main"},"south":{"uv":[0,0.625,0,0],"texture":"#main"},"west":{"uv":[8.125,8,7.5,8.5],"rotation":270,"texture":"#main"},"up":{"uv":[0,0.5,0,0],"rotation":180,"texture":"#main"},"down":{"uv":[0,0.5,0,0],"texture":"#main"}}},{"from":[3.73575,0.90806,-1.91887],"to":[3.73575,4.23306,1.73863],"rotation":{"angle":-45,"axis":"x","origin":[3.73575,2.30456,0.64138]},"faces":{"north":{"uv":[0,0,0,0.625],"rotation":180,"texture":"#main"},"east":{"uv":[8.125,8,7.5,8.5],"rotation":90,"texture":"#main"},"south":{"uv":[0,0.625,0,0],"texture":"#main"},"west":{"uv":[8.125,8,7.5,8.5],"rotation":270,"texture":"#main"},"up":{"uv":[0,0.5,0,0],"rotation":180,"texture":"#main"},"down":{"uv":[0,0.5,0,0],"texture":"#main"}}},{"from":[12.38075,6.42757,-1.91887],"to":[12.38075,9.75257,1.73863],"rotation":{"angle":45,"axis":"x","origin":[12.38075,8.35607,0.64138]},"faces":{"north":{"uv":[0,0.625,0,0],"rotation":180,"texture":"#main"},"east":{"uv":[7.5,8,8.125,8.5],"rotation":90,"texture":"#main"},"south":{"uv":[0,0,0,0.625],"texture":"#main"},"west":{"uv":[7.5,8,8.125,8.5],"rotation":270,"texture":"#main"},"up":{"uv":[0,0,0,0.5],"texture":"#main"},"down":{"uv":[0,0,0,0.5],"rotation":180,"texture":"#main"}}},{"from":[3.73575,6.42757,-1.91887],"to":[3.73575,9.75257,1.73863],"rotation":{"angle":45,"axis":"x","origin":[3.73575,8.35607,0.64138]},"faces":{"north":{"uv":[0,0.625,0,0],"rotation":180,"texture":"#main"},"east":{"uv":[7.5,8,8.125,8.5],"rotation":90,"texture":"#main"},"south":{"uv":[0,0,0,0.625],"texture":"#main"},"west":{"uv":[7.5,8,8.125,8.5],"rotation":270,"texture":"#main"},"up":{"uv":[0,0,0,0.5],"texture":"#main"},"down":{"uv":[0,0,0,0.5],"rotation":180,"texture":"#main"}}},{"from":[12.24775,0.90806,8.85413],"to":[12.24775,4.23306,12.51163],"rotation":{"angle":45,"axis":"x","origin":[12.24775,2.30456,9.95138]},"faces":{"north":{"uv":[0,0.625,0,0],"texture":"#main"},"east":{"uv":[8.125,8,7.5,8.5],"rotation":270,"texture":"#main"},"south":{"uv":[0,0,0,0.625],"rotation":180,"texture":"#main"},"west":{"uv":[8.125,8,7.5,8.5],"rotation":90,"texture":"#main"},"up":{"uv":[0,0,0,0.5],"rotation":180,"texture":"#main"},"down":{"uv":[0,0,0,0.5],"texture":"#main"}}},{"from":[7.92525,0.90806,8.85413],"to":[7.92525,4.23306,12.51163],"rotation":{"angle":45,"axis":"x","origin":[7.92525,2.30456,9.95138]},"faces":{"north":{"uv":[0,0.625,0,0],"texture":"#main"},"east":{"uv":[8.125,8,7.5,8.5],"rotation":270,"texture":"#main"},"south":{"uv":[0,0,0,0.625],"rotation":180,"texture":"#main"},"west":{"uv":[8.125,8,7.5,8.5],"rotation":90,"texture":"#main"},"up":{"uv":[0,0,0,0.5],"rotation":180,"texture":"#main"},"down":{"uv":[0,0,0,0.5],"texture":"#main"}}},{"from":[3.60275,0.90806,8.85413],"to":[3.60275,4.23306,12.51163],"rotation":{"angle":45,"axis":"x","origin":[3.60275,2.30456,9.95138]},"faces":{"north":{"uv":[0,0.625,0,0],"texture":"#main"},"east":{"uv":[8.125,8,7.5,8.5],"rotation":270,"texture":"#main"},"south":{"uv":[0,0,0,0.625],"rotation":180,"texture":"#main"},"west":{"uv":[8.125,8,7.5,8.5],"rotation":90,"texture":"#main"},"up":{"uv":[0,0,0,0.5],"rotation":180,"texture":"#main"},"down":{"uv":[0,0,0,0.5],"texture":"#main"}}},{"from":[3.60275,6.42757,8.85413],"to":[3.60275,9.75257,12.51163],"rotation":{"angle":-45,"axis":"x","origin":[3.60275,8.35607,9.95138]},"faces":{"north":{"uv":[0,0,0,0.625],"texture":"#main"},"east":{"uv":[7.5,8,8.125,8.5],"rotation":270,"texture":"#main"},"south":{"uv":[0,0.625,0,0],"rotation":180,"texture":"#main"},"west":{"uv":[7.5,8,8.125,8.5],"rotation":90,"texture":"#main"},"up":{"uv":[0,0.5,0,0],"texture":"#main"},"down":{"uv":[0,0.5,0,0],"rotation":180,"texture":"#main"}}},{"from":[7.92525,6.76007,9.18663],"to":[7.92525,10.08507,12.84413],"rotation":{"angle":-45,"axis":"x","origin":[7.92525,8.68857,10.28388]},"faces":{"north":{"uv":[0,0,0,0.625],"texture":"#main"},"east":{"uv":[7.5,8,8.125,8.5],"rotation":270,"texture":"#main"},"south":{"uv":[0,0.625,0,0],"rotation":180,"texture":"#main"},"west":{"uv":[7.5,8,8.125,8.5],"rotation":90,"texture":"#main"},"up":{"uv":[0,0.5,0,0],"texture":"#main"},"down":{"uv":[0,0.5,0,0],"rotation":180,"texture":"#main"}}},{"from":[12.24775,6.42757,8.85413],"to":[12.24775,9.75257,12.51163],"rotation":{"angle":-45,"axis":"x","origin":[12.24775,8.35607,9.95138]},"faces":{"north":{"uv":[0,0,0,0.625],"texture":"#main"},"east":{"uv":[7.5,8,8.125,8.5],"rotation":270,"texture":"#main"},"south":{"uv":[0,0.625,0,0],"rotation":180,"texture":"#main"},"west":{"uv":[7.5,8,8.125,8.5],"rotation":90,"texture":"#main"},"up":{"uv":[0,0.5,0,0],"texture":"#main"},"down":{"uv":[0,0.5,0,0],"rotation":180,"texture":"#main"}}},{"from":[11.05075,0.90806,0.90738],"to":[14.70825,4.23306,0.90738],"rotation":{"angle":-45,"axis":"z","origin":[12.148,2.30456,0.90738]},"faces":{"north":{"uv":[8.125,8,7.5,8.5],"rotation":270,"texture":"#main"},"east":{"uv":[0,0,0,0.625],"rotation":180,"texture":"#main"},"south":{"uv":[8.125,8,7.5,8.5],"rotation":90,"texture":"#main"},"west":{"uv":[0,0.625,0,0],"texture":"#main"},"up":{"uv":[0,0.5,0,0],"rotation":270,"texture":"#main"},"down":{"uv":[0,0.5,0,0],"rotation":270,"texture":"#main"}}},{"from":[11.05075,0.90806,5.22988],"to":[14.70825,4.23306,5.22988],"rotation":{"angle":-45,"axis":"z","origin":[12.148,2.30456,5.22988]},"faces":{"north":{"uv":[8.125,8,7.5,8.5],"rotation":270,"texture":"#main"},"east":{"uv":[0,0,0,0.625],"rotation":180,"texture":"#main"},"south":{"uv":[8.125,8,7.5,8.5],"rotation":90,"texture":"#main"},"west":{"uv":[0,0.625,0,0],"texture":"#main"},"up":{"uv":[0,0.5,0,0],"rotation":270,"texture":"#main"},"down":{"uv":[0,0.5,0,0],"rotation":270,"texture":"#main"}}},{"from":[11.05075,0.90806,9.55238],"to":[14.70825,4.23306,9.55238],"rotation":{"angle":-45,"axis":"z","origin":[12.148,2.30456,9.55238]},"faces":{"north":{"uv":[8.125,8,7.5,8.5],"rotation":270,"texture":"#main"},"east":{"uv":[0,0,0,0.625],"rotation":180,"texture":"#main"},"south":{"uv":[8.125,8,7.5,8.5],"rotation":90,"texture":"#main"},"west":{"uv":[0,0.625,0,0],"texture":"#main"},"up":{"uv":[0,0.5,0,0],"rotation":270,"texture":"#main"},"down":{"uv":[0,0.5,0,0],"rotation":270,"texture":"#main"}}},{"from":[11.05075,6.42757,9.55238],"to":[14.70825,9.75257,9.55238],"rotation":{"angle":45,"axis":"z","origin":[12.148,8.35607,9.55238]},"faces":{"north":{"uv":[7.5,8,8.125,8.5],"rotation":270,"texture":"#main"},"east":{"uv":[0,0.625,0,0],"rotation":180,"texture":"#main"},"south":{"uv":[7.5,8,8.125,8.5],"rotation":90,"texture":"#main"},"west":{"uv":[0,0,0,0.625],"texture":"#main"},"up":{"uv":[0,0,0,0.5],"rotation":90,"texture":"#main"},"down":{"uv":[0,0,0,0.5],"rotation":90,"texture":"#main"}}},{"from":[11.38325,6.76007,5.22988],"to":[15.04075,10.08507,5.22988],"rotation":{"angle":45,"axis":"z","origin":[12.4805,8.68857,5.22988]},"faces":{"north":{"uv":[7.5,8,8.125,8.5],"rotation":270,"texture":"#main"},"east":{"uv":[0,0.625,0,0],"rotation":180,"texture":"#main"},"south":{"uv":[7.5,8,8.125,8.5],"rotation":90,"texture":"#main"},"west":{"uv":[0,0,0,0.625],"texture":"#main"},"up":{"uv":[0,0,0,0.5],"rotation":90,"texture":"#main"},"down":{"uv":[0,0,0,0.5],"rotation":90,"texture":"#main"}}},{"from":[11.05075,6.42757,0.90738],"to":[14.70825,9.75257,0.90738],"rotation":{"angle":45,"axis":"z","origin":[12.148,8.35607,0.90738]},"faces":{"north":{"uv":[7.5,8,8.125,8.5],"rotation":270,"texture":"#main"},"east":{"uv":[0,0.625,0,0],"rotation":180,"texture":"#main"},"south":{"uv":[7.5,8,8.125,8.5],"rotation":90,"texture":"#main"},"west":{"uv":[0,0,0,0.625],"texture":"#main"},"up":{"uv":[0,0,0,0.5],"rotation":90,"texture":"#main"},"down":{"uv":[0,0,0,0.5],"rotation":90,"texture":"#main"}}},{"from":[1.27525,0.90806,0.90738],"to":[4.93275,4.23306,0.90738],"rotation":{"angle":45,"axis":"z","origin":[3.8355,2.30456,0.90738]},"faces":{"north":{"uv":[8.125,8.5,7.5,8],"rotation":270,"texture":"#main"},"east":{"uv":[0,0.625,0,0],"texture":"#main"},"south":{"uv":[8.125,8.5,7.5,8],"rotation":90,"texture":"#main"},"west":{"uv":[0,0,0,0.625],"rotation":180,"texture":"#main"},"up":{"uv":[0,0,0,0.5],"rotation":270,"texture":"#main"},"down":{"uv":[0,0,0,0.5],"rotation":270,"texture":"#main"}}},{"from":[1.27525,0.90806,5.22988],"to":[4.93275,4.23306,5.22988],"rotation":{"angle":45,"axis":"z","origin":[3.8355,2.30456,5.22988]},"faces":{"north":{"uv":[8.125,8.5,7.5,8],"rotation":270,"texture":"#main"},"east":{"uv":[0,0.625,0,0],"texture":"#main"},"south":{"uv":[8.125,8.5,7.5,8],"rotation":90,"texture":"#main"},"west":{"uv":[0,0,0,0.625],"rotation":180,"texture":"#main"},"up":{"uv":[0,0,0,0.5],"rotation":270,"texture":"#main"},"down":{"uv":[0,0,0,0.5],"rotation":270,"texture":"#main"}}},{"from":[1.27525,0.90806,9.55238],"to":[4.93275,4.23306,9.55238],"rotation":{"angle":45,"axis":"z","origin":[3.8355,2.30456,9.55238]},"faces":{"north":{"uv":[8.125,8.5,7.5,8],"rotation":270,"texture":"#main"},"east":{"uv":[0,0.625,0,0],"texture":"#main"},"south":{"uv":[8.125,8.5,7.5,8],"rotation":90,"texture":"#main"},"west":{"uv":[0,0,0,0.625],"rotation":180,"texture":"#main"},"up":{"uv":[0,0,0,0.5],"rotation":270,"texture":"#main"},"down":{"uv":[0,0,0,0.5],"rotation":270,"texture":"#main"}}},{"from":[1.27525,6.42757,9.55238],"to":[4.93275,9.75257,9.55238],"rotation":{"angle":-45,"axis":"z","origin":[3.8355,8.35607,9.55238]},"faces":{"north":{"uv":[7.5,8.5,8.125,8],"rotation":270,"texture":"#main"},"east":{"uv":[0,0,0,0.625],"texture":"#main"},"south":{"uv":[7.5,8.5,8.125,8],"rotation":90,"texture":"#main"},"west":{"uv":[0,0.625,0,0],"rotation":180,"texture":"#main"},"up":{"uv":[0,0.5,0,0],"rotation":90,"texture":"#main"},"down":{"uv":[0,0.5,0,0],"rotation":90,"texture":"#main"}}},{"from":[0.94275,6.76007,5.22988],"to":[4.60025,10.08507,5.22988],"rotation":{"angle":-45,"axis":"z","origin":[3.503,8.68857,5.22988]},"faces":{"north":{"uv":[7.5,8.5,8.125,8],"rotation":270,"texture":"#main"},"east":{"uv":[0,0,0,0.625],"texture":"#main"},"south":{"uv":[7.5,8.5,8.125,8],"rotation":90,"texture":"#main"},"west":{"uv":[0,0.625,0,0],"rotation":180,"texture":"#main"},"up":{"uv":[0,0.5,0,0],"rotation":90,"texture":"#main"},"down":{"uv":[0,0.5,0,0],"rotation":90,"texture":"#main"}}},{"from":[1.27525,6.42757,0.90738],"to":[4.93275,9.75257,0.90738],"rotation":{"angle":-45,"axis":"z","origin":[3.8355,8.35607,0.90738]},"faces":{"north":{"uv":[7.5,8.5,8.125,8],"rotation":270,"texture":"#main"},"east":{"uv":[0,0,0,0.625],"texture":"#main"},"south":{"uv":[7.5,8.5,8.125,8],"rotation":90,"texture":"#main"},"west":{"uv":[0,0.625,0,0],"rotation":180,"texture":"#main"},"up":{"uv":[0,0.5,0,0],"rotation":90,"texture":"#main"},"down":{"uv":[0,0.5,0,0],"rotation":90,"texture":"#main"}}},{"from":[10.31925,3.66782,3.63388],"to":[20.29425,12.64532,3.63388],"rotation":{"angle":0,"axis":"y","origin":[13.97675,-0.32218,1.97138]},"faces":{"north":{"uv":[2.25,3.5,4.125,5.25],"texture":"#main"},"east":{"uv":[0,0,0,1.75],"texture":"#main"},"south":{"uv":[4.25,0,6.125,1.75],"texture":"#main"},"west":{"uv":[0,0,0,1.75],"texture":"#main"},"up":{"uv":[1.875,0,0,0],"texture":"#main"},"down":{"uv":[1.875,0,0,0],"texture":"#main"}}},{"from":[16.63675,1.34032,1.30638],"to":[21.29175,3.66782,5.96138],"rotation":{"angle":0,"axis":"y","origin":[18.96425,-1.31968,-1.68612]},"faces":{"north":{"uv":[7.25,4,8.125,4.5],"texture":"#main"},"east":{"uv":[7.25,4.5,8.125,5],"texture":"#main"},"south":{"uv":[5,7.25,5.875,7.75],"texture":"#main"},"west":{"uv":[6,7.5,6.875,8],"texture":"#main"},"up":{"uv":[1.875,7.875,1,7],"texture":"#main"},"down":{"uv":[2.875,7,2,7.875],"texture":"#main"}}},{"from":[20.29425,0.01031,1.63888],"to":[20.29425,1.34032,2.96888],"rotation":{"angle":-45,"axis":"y","origin":[20.29425,0.67531,2.30388]},"faces":{"north":{"uv":[0,0,0,0.25],"texture":"#main"},"east":{"uv":[1.5,6.75,1.75,7],"texture":"#main"},"south":{"uv":[0,0,0,0.25],"texture":"#main"},"west":{"uv":[7,6.75,7.25,7],"texture":"#main"},"up":{"uv":[0,0.25,0,0],"texture":"#main"},"down":{"uv":[0,0,0,0.25],"texture":"#main"}}},{"from":[16.96925,0.01031,2.30388],"to":[18.29925,1.34032,2.30388],"rotation":{"angle":-45,"axis":"y","origin":[17.63425,0.67531,2.30388]},"faces":{"north":{"uv":[1,6.75,1.25,7],"texture":"#main"},"east":{"uv":[0,0,0,0.25],"texture":"#main"},"south":{"uv":[1.25,6.75,1.5,7],"texture":"#main"},"west":{"uv":[0,0,0,0.25],"texture":"#main"},"up":{"uv":[0.25,0,0,0],"texture":"#main"},"down":{"uv":[0.25,0,0,0],"texture":"#main"}}},{"from":[18.96425,0.01031,4.29888],"to":[18.96425,1.34032,5.62888],"rotation":{"angle":0,"axis":"y","origin":[18.96425,0.67531,4.96388]},"faces":{"north":{"uv":[0,0,0,0.25],"texture":"#main"},"east":{"uv":[6,7.25,6.25,7.5],"texture":"#main"},"south":{"uv":[0,0,0,0.25],"texture":"#main"},"west":{"uv":[6.25,7.25,6.5,7.5],"texture":"#main"},"up":{"uv":[0,0.25,0,0],"texture":"#main"},"down":{"uv":[0,0,0,0.25],"texture":"#main"}}},{"from":[-4.31075,3.66782,3.63388],"to":[5.66425,12.64532,3.63388],"rotation":{"angle":0,"axis":"y","origin":[2.00675,-0.32218,1.97138]},"faces":{"north":{"uv":[2.25,0,4.125,1.75],"texture":"#main"},"east":{"uv":[0,0,0,1.75],"texture":"#main"},"south":{"uv":[2.25,1.75,4.125,3.5],"texture":"#main"},"west":{"uv":[0,0,0,1.75],"texture":"#main"},"up":{"uv":[1.875,0,0,0],"texture":"#main"},"down":{"uv":[1.875,0,0,0],"texture":"#main"}}},{"from":[-5.30825,1.34032,1.30638],"to":[-0.65325,3.66782,5.96138],"rotation":{"angle":0,"axis":"y","origin":[-2.98075,-1.31968,-1.68612]},"faces":{"north":{"uv":[7,5.75,7.875,6.25],"texture":"#main"},"east":{"uv":[7,6.25,7.875,6.75],"texture":"#main"},"south":{"uv":[6.75,7,7.625,7.5],"texture":"#main"},"west":{"uv":[0,7.25,0.875,7.75],"texture":"#main"},"up":{"uv":[0.875,7.125,0,6.25],"texture":"#main"},"down":{"uv":[7.125,4,6.25,4.875],"texture":"#main"}}},{"from":[-2.98075,0.01031,4.29888],"to":[-2.98075,1.34032,5.62888],"rotation":{"angle":0,"axis":"y","origin":[-2.98075,0.67531,4.96388]},"faces":{"north":{"uv":[0,0,0,0.25],"texture":"#main"},"east":{"uv":[1.75,5,2,5.25],"texture":"#main"},"south":{"uv":[0,0,0,0.25],"texture":"#main"},"west":{"uv":[2,5,2.25,5.25],"texture":"#main"},"up":{"uv":[0,0.25,0,0],"texture":"#main"},"down":{"uv":[0,0,0,0.25],"texture":"#main"}}},{"from":[-4.31075,0.01031,1.63888],"to":[-4.31075,1.34032,2.96888],"rotation":{"angle":45,"axis":"y","origin":[-4.31075,0.67531,2.30388]},"faces":{"north":{"uv":[0,0,0,0.25],"texture":"#main"},"east":{"uv":[1.75,4.5,2,4.75],"texture":"#main"},"south":{"uv":[0,0,0,0.25],"texture":"#main"},"west":{"uv":[2,4.5,2.25,4.75],"texture":"#main"},"up":{"uv":[0,0.25,0,0],"texture":"#main"},"down":{"uv":[0,0,0,0.25],"texture":"#main"}}},{"from":[-2.31575,0.01031,2.30388],"to":[-0.98575,1.34032,2.30388],"rotation":{"angle":45,"axis":"y","origin":[-1.65075,0.67531,2.30388]},"faces":{"north":{"uv":[1.75,4.75,2,5],"texture":"#main"},"east":{"uv":[0,0,0,0.25],"texture":"#main"},"south":{"uv":[2,4.75,2.25,5],"texture":"#main"},"west":{"uv":[0,0,0,0.25],"texture":"#main"},"up":{"uv":[0.25,0,0,0],"texture":"#main"},"down":{"uv":[0.25,0,0,0],"texture":"#main"}}},{"from":[7.99175,3.66782,8.62138],"to":[7.99175,12.64532,18.59638],"rotation":{"angle":0,"axis":"y","origin":[9.65425,-0.32218,12.27888]},"faces":{"north":{"uv":[0,0,0,1.75],"texture":"#main"},"east":{"uv":[4.25,1.75,6.125,3.5],"texture":"#main"},"south":{"uv":[0,0,0,1.75],"texture":"#main"},"west":{"uv":[4.25,3.5,6.125,5.25],"texture":"#main"},"up":{"uv":[0,1.875,0,0],"texture":"#main"},"down":{"uv":[0,0,0,1.875],"texture":"#main"}}},{"from":[5.66425,1.34032,14.93888],"to":[10.31925,3.66782,19.59388],"rotation":{"angle":0,"axis":"y","origin":[13.31175,-1.31968,17.26638]},"faces":{"north":{"uv":[7,7.5,7.875,8],"texture":"#main"},"east":{"uv":[0,7.75,0.875,8.25],"texture":"#main"},"south":{"uv":[5,7.75,5.875,8.25],"texture":"#main"},"west":{"uv":[7.75,6.75,8.625,7.25],"texture":"#main"},"up":{"uv":[1.875,7.875,1,7],"texture":"#main"},"down":{"uv":[7.125,4,6.25,4.875],"texture":"#main"}}},{"from":[9.32175,0.01031,15.27138],"to":[9.32175,1.34032,16.60138],"rotation":{"angle":-45,"axis":"y","origin":[9.32175,0.67531,15.93638]},"faces":{"north":{"uv":[0,0,0,0.25],"texture":"#main"},"east":{"uv":[6.5,7.25,6.75,7.5],"texture":"#main"},"south":{"uv":[0,0,0,0.25],"texture":"#main"},"west":{"uv":[7.25,6.75,7.5,7],"texture":"#main"},"up":{"uv":[0,0.25,0,0],"texture":"#main"},"down":{"uv":[0,0,0,0.25],"texture":"#main"}}},{"from":[5.99675,0.01031,17.26638],"to":[7.32675,1.34032,17.26638],"rotation":{"angle":0,"axis":"y","origin":[6.66175,0.67531,17.26638]},"faces":{"north":{"uv":[4.75,8,5,8.25],"texture":"#main"},"east":{"uv":[0,0,0,0.25],"texture":"#main"},"south":{"uv":[8,7.5,8.25,7.75],"texture":"#main"},"west":{"uv":[0,0,0,0.25],"texture":"#main"},"up":{"uv":[0.25,0,0,0],"texture":"#main"},"down":{"uv":[0.25,0,0,0],"texture":"#main"}}},{"from":[8.65675,0.01031,18.59638],"to":[9.98675,1.34032,18.59638],"rotation":{"angle":-45,"axis":"y","origin":[9.32175,0.67531,18.59638]},"faces":{"north":{"uv":[7.5,6.75,7.75,7],"texture":"#main"},"east":{"uv":[0,0,0,0.25],"texture":"#main"},"south":{"uv":[4.5,8,4.75,8.25],"texture":"#main"},"west":{"uv":[0,0,0,0.25],"texture":"#main"},"up":{"uv":[0.25,0,0,0],"texture":"#main"},"down":{"uv":[0.25,0,0,0],"texture":"#main"}}}],"groups":[{"name":"Ferrothorn","origin":[0.025,-0.03125,0.11705],"color":0,"nbt":"{}","armAnimationEnabled":false,"children":[{"name":"body","origin":[-0.01116,2.38731,-0.76625],"color":0,"nbt":"{}","armAnimationEnabled":false,"children":[0,1,2,3,4,5,6,7,8,9,10,11,12,13,14,15,16,17,18,19,20,21,22,23,24,25,26,27,28]},{"name":"arm_r","origin":[3.40025,9.02168,-2.66724],"color":0,"nbt":"{}","armAnimationEnabled":false,"children":[29,30,31,32,33]},{"name":"arm_l","origin":[-3.43175,8.98668,-2.66724],"color":0,"nbt":"{}","armAnimationEnabled":false,"children":[34,35,36,37,38]},{"name":"leg","origin":[0.25025,9.02168,3.67476],"color":0,"nbt":"{}","armAnimationEnabled":false,"children":[39,40,41,42,43]}]}]}