{"credit":"Made with Blockbench","texture_size":[32,32],"textures":{"particle":"pokemon/frillish_king","main":"pokemon/frillish_king"},"elements":[{"from":[-2.8,16.65,-3.6],"to":[2.8,18.05,2],"rotation":{"angle":0,"axis":"y","origin":[-11.2,10,-12]},"faces":{"north":{"uv":[9,0,11,0.5],"texture":"#main"},"east":{"uv":[9,0.5,11,1],"texture":"#main"},"south":{"uv":[9,1,11,1.5],"texture":"#main"},"west":{"uv":[9,1.5,11,2],"texture":"#main"},"up":{"uv":[9,4,7,2],"texture":"#main"},"down":{"uv":[9.5,4,7.5,6],"texture":"#main"}}},{"from":[-2.8,18.4,-3.6],"to":[2.8,24,2],"rotation":{"angle":0,"axis":"y","origin":[-11.2,10,-12]},"faces":{"north":{"uv":[3.5,4,5.5,6],"texture":"#main"},"east":{"uv":[5.5,4,7.5,6],"texture":"#main"},"south":{"uv":[3.5,6,5.5,8],"texture":"#main"},"west":{"uv":[5.5,6,7.5,8],"texture":"#main"},"up":{"uv":[2,9,0,7],"texture":"#main"},"down":{"uv":[9,0,7,2],"texture":"#main"}}},{"from":[-1.4,23.65,-2.2],"to":[1.4,26.45,0.6],"rotation":{"angle":0,"axis":"y","origin":[-11.2,10,-12]},"faces":{"north":{"uv":[6,8,7,9],"texture":"#main"},"east":{"uv":[2,8.5,3,9.5],"texture":"#main"},"south":{"uv":[8.5,6,9.5,7],"texture":"#main"},"west":{"uv":[8.5,7,9.5,8],"texture":"#main"},"up":{"uv":[9.5,9,8.5,8],"texture":"#main"},"down":{"uv":[1,9,0,10],"texture":"#main"}}},{"from":[-1.4,14.2,-2.2],"to":[1.4,18.4,0.6],"rotation":{"angle":0,"axis":"y","origin":[-11.2,10,-12]},"faces":{"north":{"uv":[2,7,3,8.5],"texture":"#main"},"east":{"uv":[7.5,6,8.5,7.5],"texture":"#main"},"south":{"uv":[7.5,7.5,8.5,9],"texture":"#main"},"west":{"uv":[3,8,4,9.5],"texture":"#main"},"up":{"uv":[5,9,4,8],"texture":"#main"},"down":{"uv":[6,8,5,9],"texture":"#main"}}},{"from":[0.56,4.4,-0.8],"to":[10.36,14.2,-0.8],"rotation":{"angle":45,"axis":"y","origin":[0,13.85,-0.8]},"faces":{"north":{"uv":[3.5,0,0,3.5],"texture":"#main"},"east":{"uv":[0,0,0,3.5],"texture":"#main"},"south":{"uv":[0,0,3.5,3.5],"texture":"#main"},"west":{"uv":[0,0,0,3.5],"texture":"#main"},"up":{"uv":[0,0,3.5,0],"texture":"#main"},"down":{"uv":[0,0,3.5,0],"texture":"#main"}}},{"from":[-10.36,4.4,-0.8],"to":[-0.56,14.2,-0.8],"rotation":{"angle":-45,"axis":"y","origin":[0,13.85,-0.8]},"faces":{"north":{"uv":[0,0,3.5,3.5],"texture":"#main"},"east":{"uv":[0,0,0,3.5],"texture":"#main"},"south":{"uv":[3.5,0,0,3.5],"texture":"#main"},"west":{"uv":[0,0,0,3.5],"texture":"#main"},"up":{"uv":[3.5,0,0,0],"texture":"#main"},"down":{"uv":[3.5,0,0,0],"texture":"#main"}}},{"from":[0.02111,4.4,-0.82111],"to":[0.02111,14.2,8.97889],"rotation":{"angle":0,"axis":"y","origin":[-2.07889,9.3,1.27889]},"faces":{"north":{"uv":[0,0,0,3.5],"texture":"#main"},"east":{"uv":[3.5,0,0,3.5],"texture":"#main"},"south":{"uv":[0,0,0,3.5],"texture":"#main"},"west":{"uv":[0,0,3.5,3.5],"texture":"#main"},"up":{"uv":[0,0,3.5,0],"rotation":90,"texture":"#main"},"down":{"uv":[0,0,3.5,0],"rotation":270,"texture":"#main"}}},{"from":[-11.2,14.2,-0.8],"to":[-1.4,19.8,-0.8],"rotation":{"angle":0,"axis":"y","origin":[-1.3,17,-0.8]},"faces":{"north":{"uv":[3.5,0,7,2],"texture":"#main"},"east":{"uv":[0,0,0,2],"texture":"#main"},"south":{"uv":[7,0,3.5,2],"texture":"#main"},"west":{"uv":[0,0,0,2],"texture":"#main"},"up":{"uv":[3.5,0,0,0],"texture":"#main"},"down":{"uv":[3.5,0,0,0],"texture":"#main"}}},{"from":[1.4,14.2,-0.8],"to":[11.2,19.8,-0.8],"rotation":{"angle":0,"axis":"y","origin":[6.3,17,-0.8]},"faces":{"north":{"uv":[7,0,3.5,2],"texture":"#main"},"east":{"uv":[0,0,0,2],"texture":"#main"},"south":{"uv":[3.5,0,7,2],"texture":"#main"},"west":{"uv":[0,0,0,2],"texture":"#main"},"up":{"uv":[0,0,3.5,0],"texture":"#main"},"down":{"uv":[0,0,3.5,0],"texture":"#main"}}}],"display":{"head":{"translation":[8,-35,8]}},"groups":[{"name":"Frillish","origin":[-11.2,10,-12],"color":0,"children":[{"name":"body","origin":[-3.2,17.825,-4],"color":0,"children":[0,1,2,3,{"name":"tail","origin":[0.00704,14.05,-1.74757],"color":0,"children":[4,5,6]},{"name":"arm_l","origin":[-1.55,17,-0.8],"color":0,"children":[7]},{"name":"arm_r","origin":[1.55,17,-0.8],"color":0,"children":[8]}]}]}]}