{"credit":"Made with Blockbench","texture_size":[128,128],"textures":{"main":"pokemon/garchomp"},"elements":[{"from":[0.45872,1.20641,-1.64125],"to":[9.55491,7.72174,5.21699],"rotation":{"angle":0,"axis":"y","origin":[6.77552,-14.48714,0.57414]},"faces":{"north":{"uv":[6.25,1.5,7.75,2.625],"texture":"#main"},"east":{"uv":[5.125,1.5,6.25,2.625],"texture":"#main"},"south":{"uv":[8.875,1.5,10.375,2.625],"texture":"#main"},"west":{"uv":[7.75,1.5,8.875,2.625],"texture":"#main"},"up":{"uv":[7.75,1.5,6.25,0.375],"texture":"#main"},"down":{"uv":[9.25,0.375,7.75,1.5],"texture":"#main"}}},{"from":[0.94602,-6.63071,0.33707],"to":[8.68861,2.84449,6.34706],"rotation":{"angle":-22.5,"axis":"x","origin":[4.81731,-1.89311,3.34206]},"faces":{"north":{"uv":[4.25,7.75,5.5,9.375],"texture":"#main"},"east":{"uv":[3.25,7.75,4.25,9.375],"texture":"#main"},"south":{"uv":[6.5,7.75,7.75,9.375],"texture":"#main"},"west":{"uv":[5.5,7.75,6.5,9.375],"texture":"#main"},"up":{"uv":[5.5,7.75,4.25,6.75],"texture":"#main"},"down":{"uv":[6.75,6.75,5.5,7.75],"texture":"#main"}}},{"from":[1.92061,-11.37733,4.72274],"to":[7.71402,-3.70693,9.64984],"rotation":{"angle":-45,"axis":"x","origin":[4.81731,-7.54213,7.18629]},"faces":{"north":{"uv":[7.75,9.875,8.75,11.125],"texture":"#main"},"east":{"uv":[7,9.875,7.75,11.125],"texture":"#main"},"south":{"uv":[9.5,9.875,10.5,11.125],"texture":"#main"},"west":{"uv":[8.75,9.875,9.5,11.125],"texture":"#main"},"up":{"uv":[8.75,9.875,7.75,9.125],"texture":"#main"},"down":{"uv":[9.75,9.125,8.75,9.875],"texture":"#main"}}},{"from":[2.4801,-12.06316,8.40453],"to":[6.0897,-7.73164,15.62373],"rotation":{"angle":0,"axis":"y","origin":[4.67293,-9.54546,12.96165]},"faces":{"north":{"uv":[1.25,15.25,1.875,16],"texture":"#main"},"east":{"uv":[0,15.25,1.25,16],"texture":"#main"},"south":{"uv":[3.125,15.25,3.75,16],"texture":"#main"},"west":{"uv":[1.875,15.25,3.125,16],"texture":"#main"},"up":{"uv":[1.875,15.25,1.25,14],"texture":"#main"},"down":{"uv":[2.5,14,1.875,15.25],"texture":"#main"}}},{"from":[3.25616,-11.39538,15.47934],"to":[6.14384,-8.5077,19.81086],"rotation":{"angle":0,"axis":"y","origin":[6.77552,-29.58249,10.02154]},"faces":{"north":{"uv":[6.25,8.5,6.75,9],"texture":"#main"},"east":{"uv":[5.5,8.5,6.25,9],"texture":"#main"},"south":{"uv":[7.5,8.5,8,9],"texture":"#main"},"west":{"uv":[6.75,8.5,7.5,9],"texture":"#main"},"up":{"uv":[6.75,8.5,6.25,7.75],"texture":"#main"},"down":{"uv":[7.25,7.75,6.75,8.5],"texture":"#main"}}},{"from":[3.97808,-10.87199,19.88306],"to":[5.49411,-9.15743,23.56485],"rotation":{"angle":0,"axis":"y","origin":[6.77552,-29.72687,17.76413]},"faces":{"north":{"uv":[6.75,8.625,7,8.875],"texture":"#main"},"east":{"uv":[6.125,8.625,6.75,8.875],"texture":"#main"},"south":{"uv":[7.625,8.625,7.875,8.875],"texture":"#main"},"west":{"uv":[7,8.625,7.625,8.875],"texture":"#main"},"up":{"uv":[7,8.625,6.75,8],"texture":"#main"},"down":{"uv":[7.25,8,7,8.625],"texture":"#main"}}},{"from":[4.7361,-11.71168,16.78472],"to":[4.7361,-5.08807,28.29934],"rotation":{"angle":0,"axis":"y","origin":[4.7361,-18.86725,8.63013]},"faces":{"north":{"uv":[6.125,14.875,6.125,16],"texture":"#main"},"east":{"uv":[4.25,14.875,6.125,16],"texture":"#main"},"south":{"uv":[8,14.875,8,16],"texture":"#main"},"west":{"uv":[6.125,14.875,8,16],"texture":"#main"},"up":{"uv":[6.125,14.875,6.125,13],"texture":"#main"},"down":{"uv":[6.125,13,6.125,14.875],"texture":"#main"}}},{"from":[4.6611,-14.826,16.78472],"to":[4.6611,-8.20238,28.29934],"rotation":{"angle":0,"axis":"y","origin":[4.7361,-1.73275,8.63013]},"faces":{"north":{"uv":[9.75,14.875,9.75,16],"texture":"#main"},"east":{"uv":[7.875,14.875,9.75,16],"texture":"#main"},"south":{"uv":[11.625,14.875,11.625,16],"texture":"#main"},"west":{"uv":[9.75,14.875,11.625,16],"texture":"#main"},"up":{"uv":[9.75,14.875,9.75,13],"texture":"#main"},"down":{"uv":[9.75,13,9.75,14.875],"texture":"#main"}}},{"from":[-3.09674,1.33821,-2.89206],"to":[2.10109,7.78134,4.7242],"shade":false,"rotation":{"angle":-22.5,"axis":"x","origin":[-0.49782,4.55978,0.91607]},"faces":{"north":{"uv":[11.25,2.625,10.375,3.625],"texture":"#main"},"east":{"uv":[12.5,2.625,11.25,3.625],"texture":"#main"},"south":{"uv":[13.375,2.625,12.5,3.625],"texture":"#main"},"west":{"uv":[10.375,2.625,9.125,3.625],"texture":"#main"},"up":{"uv":[10.375,2.625,11.25,1.375],"texture":"#main"},"down":{"uv":[11.25,1.375,12.125,2.625],"texture":"#main"}}},{"from":[-2.46506,-0.10563,-5.77974],"to":[1.16259,5.36291,-2.76572],"shade":false,"rotation":{"angle":-22.5,"axis":"x","origin":[-0.5249,4.45149,-4.27273]},"faces":{"north":{"uv":[8.625,12.875,8,13.75],"texture":"#main"},"east":{"uv":[9.125,12.875,8.625,13.75],"texture":"#main"},"south":{"uv":[9.75,12.875,9.125,13.75],"texture":"#main"},"west":{"uv":[8,12.875,7.5,13.75],"texture":"#main"},"up":{"uv":[8,12.875,8.625,12.375],"texture":"#main"},"down":{"uv":[8.625,12.375,9.25,12.875],"texture":"#main"}}},{"from":[-2.28458,-7.39702,-3.57788],"to":[0.90992,1.17578,-0.56387],"shade":false,"rotation":{"angle":-45,"axis":"x","origin":[1.06333,-2.08189,-5.19318]},"faces":{"north":{"uv":[10.875,12,10.375,13.375],"texture":"#main"},"east":{"uv":[11.375,12,10.875,13.375],"texture":"#main"},"south":{"uv":[11.875,12,11.375,13.375],"texture":"#main"},"west":{"uv":[10.375,12,9.875,13.375],"texture":"#main"},"up":{"uv":[10.375,12,10.875,11.5],"texture":"#main"},"down":{"uv":[10.875,11.5,11.375,12],"texture":"#main"}}},{"from":[-2.24848,-10.71786,-2.85596],"to":[0.47677,-7.70384,2.8833],"shade":false,"rotation":{"angle":-45,"axis":"x","origin":[1.06333,-6.55779,-4.04713]},"faces":{"north":{"uv":[12.375,9.125,12,9.625],"texture":"#main"},"east":{"uv":[13.25,9.125,12.375,9.625],"texture":"#main"},"south":{"uv":[13.625,9.125,13.25,9.625],"texture":"#main"},"west":{"uv":[12,9.125,11.125,9.625],"texture":"#main"},"up":{"uv":[12,9.125,12.375,8.25],"texture":"#main"},"down":{"uv":[12.375,8.25,12.75,9.125],"texture":"#main"}}},{"from":[-2.57334,-9.34621,-5.74364],"to":[0.81968,-6.33219,0.01367],"shade":false,"rotation":{"angle":0,"axis":"y","origin":[-0.53392,-8.59722,-1.43919]},"faces":{"north":{"uv":[3.625,12,3.125,12.5],"texture":"#main"},"east":{"uv":[4.5,12,3.625,12.5],"texture":"#main"},"south":{"uv":[5,12,4.5,12.5],"texture":"#main"},"west":{"uv":[3.125,12,2.25,12.5],"texture":"#main"},"up":{"uv":[3.125,12,3.625,11.125],"texture":"#main"},"down":{"uv":[3.625,11.125,4.125,12],"texture":"#main"}}},{"from":[-2.32067,-9.8696,-8.86595],"to":[-2.32067,-6.85558,-5.29244],"shade":false,"rotation":{"angle":0,"axis":"y","origin":[1.23478,-8.95818,-12.49359]},"faces":{"north":{"uv":[0.5,0.5,0.5,1],"texture":"#main"},"east":{"uv":[1,0.5,0.5,1],"texture":"#main"},"south":{"uv":[1,0.5,1,1],"texture":"#main"},"west":{"uv":[0.5,0.5,0,1],"texture":"#main"},"up":{"uv":[0.5,0.5,0.5,0],"texture":"#main"},"down":{"uv":[0.5,0,0.5,0.5],"texture":"#main"}}},{"from":[-0.94902,-9.36426,-8.72156],"to":[-0.94902,-6.35024,-5.14806],"shade":false,"rotation":{"angle":0,"axis":"y","origin":[1.23478,-8.95818,-12.49359]},"faces":{"north":{"uv":[0.5,0.5,0.5,1],"texture":"#main"},"east":{"uv":[1,0.5,0.5,1],"texture":"#main"},"south":{"uv":[1,0.5,1,1],"texture":"#main"},"west":{"uv":[0.5,0.5,0,1],"texture":"#main"},"up":{"uv":[0.5,0.5,0.5,0],"texture":"#main"},"down":{"uv":[0.5,0,0.5,0.5],"texture":"#main"}}},{"from":[0.42262,-9.8696,-8.86595],"to":[0.42262,-6.85558,-5.29244],"shade":false,"rotation":{"angle":0,"axis":"y","origin":[1.23478,-8.95818,-12.49359]},"faces":{"north":{"uv":[0.5,0.5,0.5,1],"texture":"#main"},"east":{"uv":[1,0.5,0.5,1],"texture":"#main"},"south":{"uv":[1,0.5,1,1],"texture":"#main"},"west":{"uv":[0.5,0.5,0,1],"texture":"#main"},"up":{"uv":[0.5,0.5,0.5,0],"texture":"#main"},"down":{"uv":[0.5,0,0.5,0.5],"texture":"#main"}}},{"from":[-0.55197,6.35555,-5.32854],"to":[-0.55197,9.36957,0.78973],"shade":false,"rotation":{"angle":-22.5,"axis":"x","origin":[-0.55197,8.60253,-2.2694]},"faces":{"north":{"uv":[1,3.75,1,4.25],"texture":"#main"},"east":{"uv":[2,3.75,1,4.25],"texture":"#main"},"south":{"uv":[2,3.75,2,4.25],"texture":"#main"},"west":{"uv":[1,3.75,0,4.25],"texture":"#main"},"up":{"uv":[1,3.75,1,2.75],"texture":"#main"},"down":{"uv":[1,2.75,1,3.75],"texture":"#main"}}},{"from":[8.77885,-0.10563,-5.77974],"to":[12.4065,5.36291,-2.76572],"rotation":{"angle":-22.5,"axis":"x","origin":[10.46634,4.45149,-4.27273]},"faces":{"north":{"uv":[8,12.875,8.625,13.75],"texture":"#main"},"east":{"uv":[7.5,12.875,8,13.75],"texture":"#main"},"south":{"uv":[9.125,12.875,9.75,13.75],"texture":"#main"},"west":{"uv":[8.625,12.875,9.125,13.75],"texture":"#main"},"up":{"uv":[8.625,12.875,8,12.375],"texture":"#main"},"down":{"uv":[9.25,12.375,8.625,12.875],"texture":"#main"}}},{"from":[9.03152,-7.39702,-3.57788],"to":[12.22602,1.17578,-0.56387],"rotation":{"angle":-45,"axis":"x","origin":[8.87811,-2.08189,-5.19318]},"faces":{"north":{"uv":[10.375,12,10.875,13.375],"texture":"#main"},"east":{"uv":[9.875,12,10.375,13.375],"texture":"#main"},"south":{"uv":[11.375,12,11.875,13.375],"texture":"#main"},"west":{"uv":[10.875,12,11.375,13.375],"texture":"#main"},"up":{"uv":[10.875,12,10.375,11.5],"texture":"#main"},"down":{"uv":[11.375,11.5,10.875,12],"texture":"#main"}}},{"from":[9.46467,-10.71786,-2.85596],"to":[12.18992,-7.70384,2.8833],"rotation":{"angle":-45,"axis":"x","origin":[8.87811,-6.55779,-4.04713]},"faces":{"north":{"uv":[12,9.125,12.375,9.625],"texture":"#main"},"east":{"uv":[11.125,9.125,12,9.625],"texture":"#main"},"south":{"uv":[13.25,9.125,13.625,9.625],"texture":"#main"},"west":{"uv":[12.375,9.125,13.25,9.625],"texture":"#main"},"up":{"uv":[12.375,9.125,12,8.25],"texture":"#main"},"down":{"uv":[12.75,8.25,12.375,9.125],"texture":"#main"}}},{"from":[9.12176,-9.34621,-5.74364],"to":[12.51478,-6.33219,0.01367],"rotation":{"angle":0,"axis":"y","origin":[10.47536,-8.59722,-1.43919]},"faces":{"north":{"uv":[3.125,12,3.625,12.5],"texture":"#main"},"east":{"uv":[2.25,12,3.125,12.5],"texture":"#main"},"south":{"uv":[4.5,12,5,12.5],"texture":"#main"},"west":{"uv":[3.625,12,4.5,12.5],"texture":"#main"},"up":{"uv":[3.625,12,3.125,11.125],"texture":"#main"},"down":{"uv":[4.125,11.125,3.625,12],"texture":"#main"}}},{"from":[12.26211,-9.8696,-8.86595],"to":[12.26211,-6.85558,-5.29244],"rotation":{"angle":0,"axis":"y","origin":[8.70666,-8.95818,-12.49359]},"faces":{"north":{"uv":[0.5,0.5,0.5,1],"texture":"#main"},"east":{"uv":[0,0.5,0.5,1],"texture":"#main"},"south":{"uv":[1,0.5,1,1],"texture":"#main"},"west":{"uv":[0.5,0.5,1,1],"texture":"#main"},"up":{"uv":[0.5,0.5,0.5,0],"texture":"#main"},"down":{"uv":[0.5,0,0.5,0.5],"texture":"#main"}}},{"from":[10.89046,-9.36426,-8.72156],"to":[10.89046,-6.35024,-5.14806],"rotation":{"angle":0,"axis":"y","origin":[8.70666,-8.95818,-12.49359]},"faces":{"north":{"uv":[0.5,0.5,0.5,1],"texture":"#main"},"east":{"uv":[0,0.5,0.5,1],"texture":"#main"},"south":{"uv":[1,0.5,1,1],"texture":"#main"},"west":{"uv":[0.5,0.5,1,1],"texture":"#main"},"up":{"uv":[0.5,0.5,0.5,0],"texture":"#main"},"down":{"uv":[0.5,0,0.5,0.5],"texture":"#main"}}},{"from":[9.51882,-9.8696,-8.86595],"to":[9.51882,-6.85558,-5.29244],"rotation":{"angle":0,"axis":"y","origin":[8.70666,-8.95818,-12.49359]},"faces":{"north":{"uv":[0.5,0.5,0.5,1],"texture":"#main"},"east":{"uv":[0,0.5,0.5,1],"texture":"#main"},"south":{"uv":[1,0.5,1,1],"texture":"#main"},"west":{"uv":[0.5,0.5,1,1],"texture":"#main"},"up":{"uv":[0.5,0.5,0.5,0],"texture":"#main"},"down":{"uv":[0.5,0,0.5,0.5],"texture":"#main"}}},{"from":[10.49341,6.35555,-5.32854],"to":[10.49341,9.36957,0.78973],"rotation":{"angle":-22.5,"axis":"x","origin":[10.49341,8.60253,-2.2694]},"faces":{"north":{"uv":[1,3.75,1,4.25],"texture":"#main"},"east":{"uv":[0,3.75,1,4.25],"texture":"#main"},"south":{"uv":[2,3.75,2,4.25],"texture":"#main"},"west":{"uv":[1,3.75,2,4.25],"texture":"#main"},"up":{"uv":[1,3.75,1,2.75],"texture":"#main"},"down":{"uv":[1,2.75,1,3.75],"texture":"#main"}}},{"from":[7.84035,1.33821,-2.89206],"to":[13.03818,7.78134,4.7242],"rotation":{"angle":-22.5,"axis":"x","origin":[10.43926,4.55978,0.91607]},"faces":{"north":{"uv":[10.375,2.625,11.25,3.625],"texture":"#main"},"east":{"uv":[9.125,2.625,10.375,3.625],"texture":"#main"},"south":{"uv":[12.5,2.625,13.375,3.625],"texture":"#main"},"west":{"uv":[11.25,2.625,12.5,3.625],"texture":"#main"},"up":{"uv":[11.25,2.625,10.375,1.375],"texture":"#main"},"down":{"uv":[12.125,1.375,11.25,2.625],"texture":"#main"}}},{"from":[-5.79395,-6.98879,-14.92],"to":[-5.79395,11.23305,-5.45816],"rotation":{"angle":22.5,"axis":"y","origin":[11.31504,2.12213,-5.97474]},"faces":{"north":{"uv":[1.625,6.75,1.625,9.875],"texture":"#main"},"east":{"uv":[0,6.75,1.625,9.875],"texture":"#main"},"south":{"uv":[3.25,6.75,3.25,9.875],"texture":"#main"},"west":{"uv":[1.625,6.75,3.25,9.875],"texture":"#main"},"up":{"uv":[1.625,6.75,1.625,5.125],"texture":"#main"},"down":{"uv":[1.625,5.125,1.625,6.75],"texture":"#main"}}},{"from":[15.89395,-6.98879,-14.92],"to":[15.89395,11.23305,-5.45816],"rotation":{"angle":-22.5,"axis":"y","origin":[-1.21504,2.12213,-5.97474]},"faces":{"north":{"uv":[1.625,6.75,1.625,9.875],"texture":"#main"},"east":{"uv":[3.25,6.75,1.625,9.875],"texture":"#main"},"south":{"uv":[3.25,6.75,3.25,9.875],"texture":"#main"},"west":{"uv":[1.625,6.75,0,9.875],"texture":"#main"},"up":{"uv":[1.625,6.75,1.625,5.125],"texture":"#main"},"down":{"uv":[1.625,5.125,1.625,6.75],"texture":"#main"}}},{"from":[-3.12778,16.14289,1.40674],"to":[0.48796,20.38994,5.69205],"shade":false,"rotation":{"angle":-22.5,"axis":"z","origin":[-0.76042,18.26642,3.54939]},"faces":{"north":{"uv":[6.25,12.375,5.625,13],"texture":"#main"},"east":{"uv":[6.875,12.375,6.25,13],"texture":"#main"},"south":{"uv":[7.5,12.375,6.875,13],"texture":"#main"},"west":{"uv":[5.625,12.375,5,13],"texture":"#main"},"up":{"uv":[5.625,12.375,6.25,11.75],"texture":"#main"},"down":{"uv":[6.25,11.75,6.875,12.375],"texture":"#main"}}},{"from":[-3.78473,11.42945,1.88415],"to":[-0.70465,16.86009,4.74981],"shade":false,"rotation":{"angle":-22.5,"axis":"z","origin":[-2.24469,13.67552,3.31698]},"faces":{"north":{"uv":[8.375,10.25,7.875,11.125],"texture":"#main"},"east":{"uv":[8.75,10.25,8.375,11.125],"texture":"#main"},"south":{"uv":[9.25,10.25,8.75,11.125],"texture":"#main"},"west":{"uv":[7.875,10.25,7.5,11.125],"texture":"#main"},"up":{"uv":[7.875,10.25,8.375,9.875],"texture":"#main"},"down":{"uv":[8.375,9.875,8.875,10.25],"texture":"#main"}}},{"from":[-4.26483,10.33963,-3.85084],"to":[-1.89222,12.80735,3.76201],"shade":false,"rotation":{"angle":22.5,"axis":"y","origin":[-3.72825,11.57349,3.13203]},"faces":{"north":{"uv":[10.875,11.125,10.5,11.5],"texture":"#main"},"east":{"uv":[12.125,11.125,10.875,11.5],"texture":"#main"},"south":{"uv":[12.5,11.125,12.125,11.5],"texture":"#main"},"west":{"uv":[10.5,11.125,9.25,11.5],"texture":"#main"},"up":{"uv":[10.5,11.125,10.875,9.875],"texture":"#main"},"down":{"uv":[10.875,9.875,11.25,11.125],"texture":"#main"}}},{"from":[-6.37425,13.57355,3.89867],"to":[-2.16546,18.91576,3.89867],"shade":false,"rotation":{"angle":-22.5,"axis":"z","origin":[-4.26986,16.24466,3.89867]},"faces":{"north":{"uv":[8.25,2.625,7.625,3.5],"texture":"#main"},"east":{"uv":[8.25,2.625,8.25,3.5],"texture":"#main"},"south":{"uv":[8.875,2.625,8.25,3.5],"texture":"#main"},"west":{"uv":[7.625,2.625,7.625,3.5],"texture":"#main"},"up":{"uv":[7.625,2.625,8.25,2.625],"texture":"#main"},"down":{"uv":[8.25,2.625,8.875,2.625],"texture":"#main"}}},{"from":[12.69046,15.62355,3.89867],"to":[16.89925,20.96576,3.89867],"shade":false,"rotation":{"angle":22.5,"axis":"z","origin":[20.26986,16.24466,3.89867]},"faces":{"north":{"uv":[7.625,2.625,8.25,3.5],"texture":"#main"},"east":{"uv":[7.625,2.625,7.625,3.5],"texture":"#main"},"south":{"uv":[8.25,2.625,8.875,3.5],"texture":"#main"},"west":{"uv":[8.25,2.625,8.25,3.5],"texture":"#main"},"up":{"uv":[8.25,2.625,7.625,2.625],"texture":"#main"},"down":{"uv":[8.875,2.625,8.25,2.625],"texture":"#main"}}},{"from":[-8.49704,9.96381,-11.72],"to":[-5.43495,12.96506,-4.61109],"shade":false,"rotation":{"angle":22.5,"axis":"y","origin":[-3.01496,11.21176,-7.76321]},"faces":{"north":{"uv":[5.875,11.125,5.375,11.625],"texture":"#main"},"east":{"uv":[7,11.125,5.875,11.625],"texture":"#main"},"south":{"uv":[7.5,11.125,7,11.625],"texture":"#main"},"west":{"uv":[5.375,11.125,4.25,11.625],"texture":"#main"},"up":{"uv":[5.375,11.125,5.875,10],"texture":"#main"},"down":{"uv":[5.875,10,6.375,11.125],"texture":"#main"}}},{"from":[-10.17898,10.04584,-11.62],"to":[-7.05605,12.13455,-9.15492],"shade":false,"rotation":{"angle":22.5,"axis":"y","origin":[-8.53851,11.0902,-9.75068]},"faces":{"north":{"uv":[7.625,7.125,7.125,7.375],"texture":"#main"},"east":{"uv":[8,7.125,7.625,7.375],"texture":"#main"},"south":{"uv":[8.5,7.125,8,7.375],"texture":"#main"},"west":{"uv":[7.125,7.125,6.75,7.375],"texture":"#main"},"up":{"uv":[7.125,7.125,7.625,6.75],"texture":"#main"},"down":{"uv":[7.625,6.75,8.125,7.125],"texture":"#main"}}},{"from":[-9.32146,11.10213,-11.82],"to":[-9.32146,16.49627,-8.61596],"shade":false,"rotation":{"angle":45,"axis":"x","origin":[-8.43711,13.00508,-16.61031]},"faces":{"north":{"uv":[0.5,1.5,0.5,2.375],"texture":"#main"},"east":{"uv":[1,1.5,0.5,2.375],"texture":"#main"},"south":{"uv":[1,1.5,1,2.375],"texture":"#main"},"west":{"uv":[0.5,1.5,0,2.375],"texture":"#main"},"up":{"uv":[0.5,1.5,0.5,1],"texture":"#main"},"down":{"uv":[0.5,1,0.5,1.5],"texture":"#main"}}},{"from":[9.61204,16.14289,1.40674],"to":[13.22778,20.38994,5.69205],"shade":false,"rotation":{"angle":22.5,"axis":"z","origin":[10.86042,18.26642,3.54939]},"faces":{"north":{"uv":[5.625,12.375,6.25,13],"texture":"#main"},"east":{"uv":[5,12.375,5.625,13],"texture":"#main"},"south":{"uv":[6.875,12.375,7.5,13],"texture":"#main"},"west":{"uv":[6.25,12.375,6.875,13],"texture":"#main"},"up":{"uv":[6.25,12.375,5.625,11.75],"texture":"#main"},"down":{"uv":[6.875,11.75,6.25,12.375],"texture":"#main"}}},{"from":[10.80465,11.42945,1.88415],"to":[13.88473,16.86009,4.74981],"shade":false,"rotation":{"angle":22.5,"axis":"z","origin":[12.34469,13.67552,3.31698]},"faces":{"north":{"uv":[7.875,10.25,8.375,11.125],"texture":"#main"},"east":{"uv":[7.5,10.25,7.875,11.125],"texture":"#main"},"south":{"uv":[8.75,10.25,9.25,11.125],"texture":"#main"},"west":{"uv":[8.375,10.25,8.75,11.125],"texture":"#main"},"up":{"uv":[8.375,10.25,7.875,9.875],"texture":"#main"},"down":{"uv":[8.875,9.875,8.375,10.25],"texture":"#main"}}},{"from":[11.99222,10.33963,-3.85084],"to":[14.36483,12.80735,3.76201],"shade":false,"rotation":{"angle":-22.5,"axis":"y","origin":[13.82825,11.57349,3.13203]},"faces":{"north":{"uv":[10.5,11.125,10.875,11.5],"texture":"#main"},"east":{"uv":[9.25,11.125,10.5,11.5],"texture":"#main"},"south":{"uv":[12.125,11.125,12.5,11.5],"texture":"#main"},"west":{"uv":[10.875,11.125,12.125,11.5],"texture":"#main"},"up":{"uv":[10.875,11.125,10.5,9.875],"texture":"#main"},"down":{"uv":[11.25,9.875,10.875,11.125],"texture":"#main"}}},{"from":[15.53495,9.96381,-11.72],"to":[18.59704,12.96506,-4.61109],"shade":false,"rotation":{"angle":-22.5,"axis":"y","origin":[13.11496,11.21176,-7.76321]},"faces":{"north":{"uv":[5.375,11.125,5.875,11.625],"texture":"#main"},"east":{"uv":[4.25,11.125,5.375,11.625],"texture":"#main"},"south":{"uv":[7,11.125,7.5,11.625],"texture":"#main"},"west":{"uv":[5.875,11.125,7,11.625],"texture":"#main"},"up":{"uv":[5.875,11.125,5.375,10],"texture":"#main"},"down":{"uv":[6.375,10,5.875,11.125],"texture":"#main"}}},{"from":[17.15605,10.04584,-11.62],"to":[20.27898,12.13455,-9.15492],"shade":false,"rotation":{"angle":-22.5,"axis":"y","origin":[18.63851,11.0902,-9.75068]},"faces":{"north":{"uv":[7.125,7.125,7.625,7.375],"texture":"#main"},"east":{"uv":[6.75,7.125,7.125,7.375],"texture":"#main"},"south":{"uv":[8,7.125,8.5,7.375],"texture":"#main"},"west":{"uv":[7.625,7.125,8,7.375],"texture":"#main"},"up":{"uv":[7.625,7.125,7.125,6.75],"texture":"#main"},"down":{"uv":[8.125,6.75,7.625,7.125],"texture":"#main"}}},{"from":[19.42146,11.10213,-11.82],"to":[19.42146,16.49627,-8.61596],"shade":false,"rotation":{"angle":45,"axis":"x","origin":[18.53711,13.00508,-16.61031]},"faces":{"north":{"uv":[0.5,1.5,0.5,2.375],"texture":"#main"},"east":{"uv":[0,1.5,0.5,2.375],"texture":"#main"},"south":{"uv":[1,1.5,1,2.375],"texture":"#main"},"west":{"uv":[0.5,1.5,1,2.375],"texture":"#main"},"up":{"uv":[0.5,1.5,0.5,1],"texture":"#main"},"down":{"uv":[0.5,1,0.5,1.5],"texture":"#main"}}},{"from":[7.26282,6.67193,-0.69858],"to":[8.86909,10.04691,4.39095],"shade":false,"rotation":{"angle":0,"axis":"y","origin":[8.17424,8.35942,1.41303]},"faces":{"north":{"uv":[13,11.75,12.75,12.25],"texture":"#main"},"east":{"uv":[13.875,11.75,13,12.25],"texture":"#main"},"south":{"uv":[14.125,11.75,13.875,12.25],"texture":"#main"},"west":{"uv":[12.75,11.75,11.875,12.25],"texture":"#main"},"up":{"uv":[12.75,11.75,13,10.875],"texture":"#main"},"down":{"uv":[13,10.875,13.25,11.75],"texture":"#main"}}},{"from":[1.03626,6.67193,-0.69858],"to":[2.64253,10.04691,4.39095],"rotation":{"angle":0,"axis":"y","origin":[1.22576,8.35942,1.41303]},"faces":{"north":{"uv":[12.75,11.75,13,12.25],"texture":"#main"},"east":{"uv":[11.875,11.75,12.75,12.25],"texture":"#main"},"south":{"uv":[13.875,11.75,14.125,12.25],"texture":"#main"},"west":{"uv":[13,11.75,13.875,12.25],"texture":"#main"},"up":{"uv":[13,11.75,12.75,10.875],"texture":"#main"},"down":{"uv":[13.25,10.875,13,11.75],"texture":"#main"}}},{"from":[1.55965,6.56364,-0.13909],"to":[8.3457,14.68524,6.10551],"rotation":{"angle":22.5,"axis":"x","origin":[4.95267,11.12979,1.99057]},"faces":{"north":{"uv":[8.75,7.75,9.875,9.125],"texture":"#main"},"east":{"uv":[7.75,7.75,8.75,9.125],"texture":"#main"},"south":{"uv":[10.875,7.75,12,9.125],"texture":"#main"},"west":{"uv":[9.875,7.75,10.875,9.125],"texture":"#main"},"up":{"uv":[9.875,7.75,8.75,6.75],"texture":"#main"},"down":{"uv":[11,6.75,9.875,7.75],"texture":"#main"}}},{"from":[5.02486,10.61052,4.56125],"to":[5.02486,23.31631,31.92202],"rotation":{"angle":0,"axis":"y","origin":[4.7,-3.35152,0.52]},"faces":{"north":{"uv":[4.625,4.625,4.625,6.75],"texture":"#main"},"east":{"uv":[0,4.625,4.625,6.75],"texture":"#main"},"south":{"uv":[9.25,4.625,9.25,6.75],"texture":"#main"},"west":{"uv":[4.625,4.625,9.25,6.75],"texture":"#main"},"up":{"uv":[4.625,4.625,4.625,0],"texture":"#main"},"down":{"uv":[4.625,0,4.625,4.625],"texture":"#main"}}},{"from":[0.09776,12.95676,-0.61852],"to":[10.00611,19.45404,6.31191],"rotation":{"angle":0,"axis":"y","origin":[4.7,-3.35152,0.52]},"faces":{"north":{"uv":[1.125,2.625,2.75,3.75],"texture":"#main"},"east":{"uv":[0,2.625,1.125,3.75],"texture":"#main"},"south":{"uv":[3.875,2.625,5.5,3.75],"texture":"#main"},"west":{"uv":[2.75,2.625,3.875,3.75],"texture":"#main"},"up":{"uv":[2.75,2.625,1.125,1.5],"texture":"#main"},"down":{"uv":[4.375,1.5,2.75,2.625],"texture":"#main"}}},{"from":[-0.87683,19.45404,-0.40195],"to":[11.03485,22.05295,6.65482],"rotation":{"angle":0,"axis":"y","origin":[4.7,-3.35152,0.52]},"faces":{"north":{"uv":[1.125,1.125,3.125,1.5],"texture":"#main"},"east":{"uv":[0,1.125,1.125,1.5],"texture":"#main"},"south":{"uv":[4.25,1.125,6.25,1.5],"texture":"#main"},"west":{"uv":[3.125,1.125,4.25,1.5],"texture":"#main"},"up":{"uv":[3.125,1.125,1.125,0],"texture":"#main"},"down":{"uv":[5.125,0,3.125,1.125],"texture":"#main"}}},{"from":[2.37181,21.30527,-0.46098],"to":[7.49744,27.47768,4.73684],"rotation":{"angle":-22.5,"axis":"x","origin":[4.93462,23.77784,2.49889]},"faces":{"north":{"uv":[10.125,4.5,11,5.5],"texture":"#main"},"east":{"uv":[9.25,4.5,10.125,5.5],"texture":"#main"},"south":{"uv":[11.875,4.5,12.75,5.5],"texture":"#main"},"west":{"uv":[11,4.5,11.875,5.5],"texture":"#main"},"up":{"uv":[11,4.5,10.125,3.625],"texture":"#main"},"down":{"uv":[11.875,3.625,11,4.5],"texture":"#main"}}},{"from":[2.20938,26.18852,-0.60311],"to":[7.53354,30.44785,3.54793],"rotation":{"angle":0,"axis":"y","origin":[4.7,3.05552,3.29939]},"faces":{"north":{"uv":[7.5,11.75,8.375,12.375],"texture":"#main"},"east":{"uv":[6.875,11.75,7.5,12.375],"texture":"#main"},"south":{"uv":[9,11.75,9.875,12.375],"texture":"#main"},"west":{"uv":[8.375,11.75,9,12.375],"texture":"#main"},"up":{"uv":[8.375,11.75,7.5,11.125],"texture":"#main"},"down":{"uv":[9.25,11.125,8.375,11.75],"texture":"#main"}}},{"from":[1.97475,26.72996,-5.11511],"to":[7.8223,30.98929,0.85877],"rotation":{"angle":0,"axis":"y","origin":[4.7,3.79549,-0.92384]},"faces":{"north":{"uv":[5.5,3.75,6.5,4.375],"texture":"#main"},"east":{"uv":[4.5,3.75,5.5,4.375],"texture":"#main"},"south":{"uv":[7.5,3.75,8.5,4.375],"texture":"#main"},"west":{"uv":[6.5,3.75,7.5,4.375],"texture":"#main"},"up":{"uv":[6.5,3.75,5.5,2.75],"texture":"#main"},"down":{"uv":[7.5,2.75,6.5,3.75],"texture":"#main"}}},{"from":[2.28157,24.58043,-4.56157],"to":[7.62378,26.83643,0.05872],"rotation":{"angle":0,"axis":"y","origin":[4.7,4.21059,0.70048]},"faces":{"north":{"uv":[10,0.75,10.875,1.125],"texture":"#main"},"east":{"uv":[9.25,0.75,10,1.125],"texture":"#main"},"south":{"uv":[11.625,0.75,12.5,1.125],"texture":"#main"},"west":{"uv":[10.875,0.75,11.625,1.125],"texture":"#main"},"up":{"uv":[10.875,0.75,10,0],"texture":"#main"},"down":{"uv":[11.75,0,10.875,0.75],"texture":"#main"}}},{"from":[3.05763,24.61653,-5.71664],"to":[6.68528,26.87253,-4.45328],"rotation":{"angle":0,"axis":"y","origin":[4.7,4.37302,0.5561]},"faces":{"north":{"uv":[8.625,3.75,9.25,4.125],"texture":"#main"},"east":{"uv":[8.5,3.75,8.625,4.125],"texture":"#main"},"south":{"uv":[9.375,3.75,10,4.125],"texture":"#main"},"west":{"uv":[9.25,3.75,9.375,4.125],"texture":"#main"},"up":{"uv":[9.25,3.75,8.625,3.625],"texture":"#main"},"down":{"uv":[9.875,3.625,9.25,3.75],"texture":"#main"}}},{"from":[2.0289,27.10897,-6.68529],"to":[7.76816,30.77272,-4.44734],"rotation":{"angle":-22.5,"axis":"x","origin":[4.89853,30.25835,-5.56631]},"faces":{"north":{"uv":[12.5,1.75,13.375,2.375],"texture":"#main"},"east":{"uv":[12.125,1.75,12.5,2.375],"texture":"#main"},"south":{"uv":[13.75,1.75,14.625,2.375],"texture":"#main"},"west":{"uv":[13.375,1.75,13.75,2.375],"texture":"#main"},"up":{"uv":[13.375,1.75,12.5,1.375],"texture":"#main"},"down":{"uv":[14.25,1.375,13.375,1.75],"texture":"#main"}}},{"from":[8.99542,29.3289,-4.14052],"to":[11.468,32,0.71439],"rotation":{"angle":0,"axis":"y","origin":[4.7,3.79549,-0.92384]},"faces":{"north":{"uv":[2.25,13.25,2.625,13.625],"texture":"#main"},"east":{"uv":[1.5,13.25,2.25,13.625],"texture":"#main"},"south":{"uv":[3.375,13.25,3.75,13.625],"texture":"#main"},"west":{"uv":[2.625,13.25,3.375,13.625],"texture":"#main"},"up":{"uv":[2.625,13.25,2.25,12.5],"texture":"#main"},"down":{"uv":[3,12.5,2.625,13.25],"texture":"#main"}}},{"from":[9.2481,29.90641,-4.84439],"to":[11.17923,31.8195,1.27388],"rotation":{"angle":0,"axis":"y","origin":[4.7,3.79549,-0.92384]},"faces":{"north":{"uv":[12.5,1.125,12.75,1.375],"texture":"#main"},"east":{"uv":[11.5,1.125,12.5,1.375],"texture":"#main"},"south":{"uv":[13.75,1.125,14,1.375],"texture":"#main"},"west":{"uv":[12.75,1.125,13.75,1.375],"texture":"#main"},"up":{"uv":[12.75,1.125,12.5,0.125],"texture":"#main"},"down":{"uv":[13,0.125,12.75,1.125],"texture":"#main"}}},{"from":[6.84737,29.6119,-3.49127],"to":[11.08865,31.36256,-0.91041],"rotation":{"angle":-45,"axis":"y","origin":[8.96801,30.48723,-3.53639]},"faces":{"north":{"uv":[2.375,4.125,3,4.375],"texture":"#main"},"east":{"uv":[2,4.125,2.375,4.375],"texture":"#main"},"south":{"uv":[3.375,4.125,4,4.375],"texture":"#main"},"west":{"uv":[3,4.125,3.375,4.375],"texture":"#main"},"up":{"uv":[3,4.125,2.375,3.75],"texture":"#main"},"down":{"uv":[3.625,3.75,3,4.125],"texture":"#main"}}},{"from":[-1.6529,29.3289,-4.14052],"to":[0.81968,32,0.71439],"shade":false,"rotation":{"angle":0,"axis":"y","origin":[5.1151,3.79549,-0.92384]},"faces":{"north":{"uv":[2.625,13.25,2.25,13.625],"texture":"#main"},"east":{"uv":[3.375,13.25,2.625,13.625],"texture":"#main"},"south":{"uv":[3.75,13.25,3.375,13.625],"texture":"#main"},"west":{"uv":[2.25,13.25,1.5,13.625],"texture":"#main"},"up":{"uv":[2.25,13.25,2.625,12.5],"texture":"#main"},"down":{"uv":[2.625,12.5,3,13.25],"texture":"#main"}}},{"from":[-1.36413,29.90641,-4.84439],"to":[0.56701,31.8195,1.27388],"shade":false,"rotation":{"angle":0,"axis":"y","origin":[5.1151,3.79549,-0.92384]},"faces":{"north":{"uv":[12.75,1.125,12.5,1.375],"texture":"#main"},"east":{"uv":[13.75,1.125,12.75,1.375],"texture":"#main"},"south":{"uv":[14,1.125,13.75,1.375],"texture":"#main"},"west":{"uv":[12.5,1.125,11.5,1.375],"texture":"#main"},"up":{"uv":[12.5,1.125,12.75,0.125],"texture":"#main"},"down":{"uv":[12.75,0.125,13,1.125],"texture":"#main"}}},{"from":[-1.27355,29.6119,-3.49127],"to":[2.96773,31.36256,-0.91041],"shade":false,"rotation":{"angle":45,"axis":"y","origin":[0.84709,30.48723,-3.53639]},"faces":{"north":{"uv":[3,4.125,2.375,4.375],"texture":"#main"},"east":{"uv":[3.375,4.125,3,4.375],"texture":"#main"},"south":{"uv":[4,4.125,3.375,4.375],"texture":"#main"},"west":{"uv":[2.375,4.125,2,4.375],"texture":"#main"},"up":{"uv":[2.375,4.125,3,3.75],"texture":"#main"},"down":{"uv":[3,3.75,3.625,4.125],"texture":"#main"}}}],"display":{"head":{"translation":[3.5,-18.25,6],"scale":[1.4375,1.4375,1.4375]}},"groups":[{"name":"Garchomp","origin":[0,-13,-5],"color":0,"children":[0,1,2,3,4,5,6,7,8,9,10,11,12,13,14,15,16,17,18,19,20,21,22,23,24,25,26,27,28,29,30,31,32,33,34,35,36,37,38,39,40,41,42,43,44,45,46,47,48,49,50,51,52,53,54,55,56,57,58,59]}]}