{"credit":"Made with Blockbench","texture_size":[128,128],"textures":{"particle":"pokemon/gigalith","main":"pokemon/gigalith"},"elements":[{"from":[3.50755,1.71345,2.66677],"to":[13.08355,8.69745,10.94677],"rotation":{"angle":0,"axis":"y","origin":[-2.07245,-0.05055,-2.91323]},"faces":{"north":{"uv":[3.25,1.125,4.5625,2.125],"texture":"#main"},"east":{"uv":[3.25,3.125,4.375,4.125],"texture":"#main"},"south":{"uv":[3.25,2.125,4.5625,3.125],"texture":"#main"},"west":{"uv":[0,3.75,1.125,4.75],"texture":"#main"},"up":{"uv":[1.3125,3.75,0,2.625],"texture":"#main"},"down":{"uv":[4.5625,0,3.25,1.125],"texture":"#main"}}},{"from":[8.23255,5.08845,-2.50823],"to":[8.23255,9.37245,3.97177],"rotation":{"angle":22.5,"axis":"x","origin":[8.23255,6.55545,3.09427]},"faces":{"north":{"uv":[0,0,0,0.625],"texture":"#main"},"east":{"uv":[1.625,5.5,2.5,6.125],"texture":"#main"},"south":{"uv":[0,0,0,0.625],"texture":"#main"},"west":{"uv":[2.5,5.625,3.375,6.25],"texture":"#main"},"up":{"uv":[0,0.875,0,0],"texture":"#main"},"down":{"uv":[0,0,0,0.875],"texture":"#main"}}},{"from":[4.63255,8.68845,3.56677],"to":[11.95855,12.97245,10.04677],"rotation":{"angle":0,"axis":"y","origin":[-2.07245,-0.05055,-2.91323]},"faces":{"north":{"uv":[3.125,4.125,4.125,4.75],"texture":"#main"},"east":{"uv":[5.375,1.75,6.25,2.375],"texture":"#main"},"south":{"uv":[4.125,4.125,5.125,4.75],"texture":"#main"},"west":{"uv":[0.75,5.5,1.625,6.125],"texture":"#main"},"up":{"uv":[2.125,4.625,1.125,3.75],"texture":"#main"},"down":{"uv":[3.125,3.75,2.125,4.625],"texture":"#main"}}},{"from":[8.23255,4.18845,4.91677],"to":[8.23255,22.87245,13.19677],"rotation":{"angle":22.5,"axis":"x","origin":[8.23255,7.23045,7.48177]},"faces":{"north":{"uv":[0,0,0,2.625],"texture":"#main"},"east":{"uv":[0,0,1.125,2.625],"texture":"#main"},"south":{"uv":[0,0,0,2.625],"texture":"#main"},"west":{"uv":[1.125,0,2.25,2.625],"texture":"#main"},"up":{"uv":[0,1.125,0,0],"texture":"#main"},"down":{"uv":[0,0,0,1.125],"texture":"#main"}}},{"from":[4.12239,10.93845,3.27427],"to":[4.12239,17.69745,6.60427],"rotation":{"angle":-45,"axis":"y","origin":[4.95489,14.31795,5.77177]},"faces":{"north":{"uv":[0,0,0,0.9375],"texture":"#main"},"east":{"uv":[5.375,6.5,5.8125,7.4375],"texture":"#main"},"south":{"uv":[0,0,0,0.9375],"texture":"#main"},"west":{"uv":[1.5,7,1.9375,7.9375],"texture":"#main"},"up":{"uv":[0,0.4375,0,0],"texture":"#main"},"down":{"uv":[0,0,0,0.4375],"texture":"#main"}}},{"from":[4.12239,10.93845,4.93927],"to":[4.12239,17.69745,8.26927],"rotation":{"angle":45,"axis":"y","origin":[4.95489,14.31795,5.77177]},"faces":{"north":{"uv":[0,0,0,0.9375],"texture":"#main"},"east":{"uv":[2,7,2.4375,7.9375],"texture":"#main"},"south":{"uv":[0,0,0,0.9375],"texture":"#main"},"west":{"uv":[5.875,7,6.3125,7.9375],"texture":"#main"},"up":{"uv":[0,0.4375,0,0],"texture":"#main"},"down":{"uv":[0,0,0,0.4375],"texture":"#main"}}},{"from":[8.23255,10.48845,-0.93323],"to":[8.23255,23.77245,6.44677],"rotation":{"angle":0,"axis":"y","origin":[8.23255,17.13045,2.75677]},"faces":{"north":{"uv":[0,0,0,1.875],"texture":"#main"},"east":{"uv":[2.25,0,3.25,1.875],"texture":"#main"},"south":{"uv":[0,0,0,1.875],"texture":"#main"},"west":{"uv":[2.25,1.875,3.25,3.75],"texture":"#main"},"up":{"uv":[0,1,0,0],"texture":"#main"},"down":{"uv":[0,0,0,1],"texture":"#main"}}},{"from":[5.53255,11.83845,3.11677],"to":[11.05855,16.79745,8.24677],"rotation":{"angle":0,"axis":"y","origin":[-2.07245,-0.05055,-2.91323]},"faces":{"north":{"uv":[6.25,4.125,7,4.8125],"texture":"#main"},"east":{"uv":[6.5,3.25,7.1875,3.9375],"texture":"#main"},"south":{"uv":[6.5,1.75,7.25,2.4375],"texture":"#main"},"west":{"uv":[3.875,6.5,4.5625,7.1875],"texture":"#main"},"up":{"uv":[7.25,3.1875,6.5,2.5],"texture":"#main"},"down":{"uv":[3.875,6.5,3.125,7.1875],"texture":"#main"}}},{"from":[6.76395,10.15095,2.18617],"to":[6.76395,12.09495,4.77817],"rotation":{"angle":-22.5,"axis":"x","origin":[7.66395,11.34795,2.80717]},"faces":{"north":{"uv":[0,0,0,0.25],"texture":"#main"},"east":{"uv":[1.375,3.5,1.75,3.75],"texture":"#main"},"south":{"uv":[0,0,0,0.25],"texture":"#main"},"west":{"uv":[1.75,3.5,2.125,3.75],"texture":"#main"},"up":{"uv":[0,0.375,0,0],"texture":"#main"},"down":{"uv":[0,0,0,0.375],"texture":"#main"}}},{"from":[9.68895,10.15095,2.18617],"to":[9.68895,12.09495,4.77817],"rotation":{"angle":-22.5,"axis":"x","origin":[7.66395,11.34795,2.80717]},"faces":{"north":{"uv":[0,0,0,0.25],"texture":"#main"},"east":{"uv":[5.375,2.375,5.75,2.625],"texture":"#main"},"south":{"uv":[0,0,0,0.25],"texture":"#main"},"west":{"uv":[5.875,4.125,6.25,4.375],"texture":"#main"},"up":{"uv":[0,0.375,0,0],"texture":"#main"},"down":{"uv":[0,0,0,0.375],"texture":"#main"}}},{"from":[12.49122,10.93845,3.27427],"to":[12.49122,17.69745,6.60427],"rotation":{"angle":45,"axis":"y","origin":[11.65872,14.31795,5.77177]},"faces":{"north":{"uv":[0,0,0,0.9375],"texture":"#main"},"east":{"uv":[2.5,7.125,2.9375,8.0625],"texture":"#main"},"south":{"uv":[0,0,0,0.9375],"texture":"#main"},"west":{"uv":[6.375,7.125,6.8125,8.0625],"texture":"#main"},"up":{"uv":[0,0.4375,0,0],"texture":"#main"},"down":{"uv":[0,0,0,0.4375],"texture":"#main"}}},{"from":[12.49122,10.93845,4.93927],"to":[12.49122,17.69745,8.26927],"rotation":{"angle":-45,"axis":"y","origin":[11.65872,14.31795,5.77177]},"faces":{"north":{"uv":[0,0,0,0.9375],"texture":"#main"},"east":{"uv":[6.875,7.125,7.3125,8.0625],"texture":"#main"},"south":{"uv":[0,0,0,0.9375],"texture":"#main"},"west":{"uv":[7.25,1.5,7.6875,2.4375],"texture":"#main"},"up":{"uv":[0,0.4375,0,0],"texture":"#main"},"down":{"uv":[0,0,0,0.4375],"texture":"#main"}}},{"from":[-2.54945,-0.00555,-0.86573],"to":[-0.60545,1.68645,1.07827],"rotation":{"angle":0,"axis":"y","origin":[-2.47745,0.84045,0.10627]},"faces":{"north":{"uv":[8,0.75,8.25,1],"texture":"#main"},"east":{"uv":[8,1,8.25,1.25],"texture":"#main"},"south":{"uv":[8,1.25,8.25,1.5],"texture":"#main"},"west":{"uv":[1.5,8,1.75,8.25],"texture":"#main"},"up":{"uv":[8.25,1.75,8,1.5],"texture":"#main"},"down":{"uv":[2,8,1.75,8.25],"texture":"#main"}}},{"from":[0.15055,-0.00555,-3.56573],"to":[2.09455,1.68645,-1.62173],"rotation":{"angle":0,"axis":"y","origin":[5.28055,3.00045,3.70627]},"faces":{"north":{"uv":[7.625,7.875,7.875,8.125],"texture":"#main"},"east":{"uv":[7.875,7.625,8.125,7.875],"texture":"#main"},"south":{"uv":[7.875,7.875,8.125,8.125],"texture":"#main"},"west":{"uv":[8,0,8.25,0.25],"texture":"#main"},"up":{"uv":[8.25,0.5,8,0.25],"texture":"#main"},"down":{"uv":[8.25,0.5,8,0.75],"texture":"#main"}}},{"from":[-2.54945,-0.00555,-3.34073],"to":[-0.60545,2.58645,-1.39673],"rotation":{"angle":0,"axis":"y","origin":[2.58055,3.00045,3.93127]},"faces":{"north":{"uv":[0.75,4.75,1,5.125],"texture":"#main"},"east":{"uv":[0.75,5.125,1,5.5],"texture":"#main"},"south":{"uv":[5.625,5.25,5.875,5.625],"texture":"#main"},"west":{"uv":[6.25,1.75,6.5,2.125],"texture":"#main"},"up":{"uv":[6.5,2.375,6.25,2.125],"texture":"#main"},"down":{"uv":[3.375,6.25,3.125,6.5],"texture":"#main"}}},{"from":[-2.53592,1.95195,-3.33247],"to":[-0.59192,4.54395,-3.33247],"rotation":{"angle":-22.5,"axis":"y","origin":[-2.53142,3.24795,-3.33247]},"faces":{"north":{"uv":[7.5,4.375,7.75,4.75],"texture":"#main"},"east":{"uv":[0,0,0,0.375],"texture":"#main"},"south":{"uv":[5.25,7.5,5.5,7.875],"texture":"#main"},"west":{"uv":[0,0,0,0.375],"texture":"#main"},"up":{"uv":[0.25,0,0,0],"texture":"#main"},"down":{"uv":[0.25,0,0,0],"texture":"#main"}}},{"from":[-2.53142,1.95195,-3.33697],"to":[-2.53142,4.54395,-1.39297],"rotation":{"angle":22.5,"axis":"y","origin":[-2.53142,3.24795,-3.33247]},"faces":{"north":{"uv":[0,0,0,0.375],"texture":"#main"},"east":{"uv":[6.25,4.875,6.5,5.25],"texture":"#main"},"south":{"uv":[0,0,0,0.375],"texture":"#main"},"west":{"uv":[5,7.25,5.25,7.625],"texture":"#main"},"up":{"uv":[0,0.25,0,0],"texture":"#main"},"down":{"uv":[0,0,0,0.25],"texture":"#main"}}},{"from":[-1.50545,-0.03255,-2.28773],"to":[3.28255,6.07845,2.50027],"rotation":{"angle":0,"axis":"y","origin":[2.58055,3.00045,3.93127]},"faces":{"north":{"uv":[1.375,2.625,2.0625,3.5],"texture":"#main"},"east":{"uv":[4.375,3.125,5.0625,4],"texture":"#main"},"south":{"uv":[4.625,0,5.3125,0.875],"texture":"#main"},"west":{"uv":[4.625,0.875,5.3125,1.75],"texture":"#main"},"up":{"uv":[5.3125,7.1875,4.625,6.5],"texture":"#main"},"down":{"uv":[7.1875,4.875,6.5,5.5625],"texture":"#main"}}},{"from":[-0.5426,6.05816,-3.07409],"to":[-0.5426,12.53816,1.20991],"rotation":{"angle":22.5,"axis":"y","origin":[-0.23817,9.29816,-1.05819]},"faces":{"north":{"uv":[0,0,0,0.875],"texture":"#main"},"east":{"uv":[0,5.625,0.625,6.5],"texture":"#main"},"south":{"uv":[0,0,0,0.875],"texture":"#main"},"west":{"uv":[3.375,5.625,4,6.5],"texture":"#main"},"up":{"uv":[0,0.625,0,0],"texture":"#main"},"down":{"uv":[0,0,0,0.625],"texture":"#main"}}},{"from":[-2.25407,6.05816,-1.36262],"to":[2.02993,12.53816,-1.36262],"rotation":{"angle":-22.5,"axis":"y","origin":[-0.23817,9.29816,-1.05819]},"faces":{"north":{"uv":[4,5.625,4.625,6.5],"texture":"#main"},"east":{"uv":[0,0,0,0.875],"texture":"#main"},"south":{"uv":[5.625,4.375,6.25,5.25],"texture":"#main"},"west":{"uv":[0,0,0,0.875],"texture":"#main"},"up":{"uv":[0.625,0,0,0],"texture":"#main"},"down":{"uv":[0.625,0,0,0],"texture":"#main"}}},{"from":[0.29455,6.08745,-0.48773],"to":[3.28255,8.59845,2.50027],"rotation":{"angle":0,"axis":"y","origin":[2.58055,3.00045,3.93127]},"faces":{"north":{"uv":[5.125,4.375,5.5625,4.75],"texture":"#main"},"east":{"uv":[7,4.5,7.4375,4.875],"texture":"#main"},"south":{"uv":[4,7.25,4.4375,7.625],"texture":"#main"},"west":{"uv":[4.5,7.25,4.9375,7.625],"texture":"#main"},"up":{"uv":[5.0625,3.0625,4.625,2.625],"texture":"#main"},"down":{"uv":[0.4375,6.5,0,6.9375],"texture":"#main"}}},{"from":[3.52555,2.02035,1.53727],"to":[5.32555,3.82035,4.23727],"rotation":{"angle":45,"axis":"y","origin":[3.75055,2.92035,4.01227]},"faces":{"north":{"uv":[8,1.75,8.25,2],"texture":"#main"},"east":{"uv":[6.75,1.5,7.125,1.75],"texture":"#main"},"south":{"uv":[2,8,2.25,8.25],"texture":"#main"},"west":{"uv":[5.5,7.5,5.875,7.75],"texture":"#main"},"up":{"uv":[7.625,7.875,7.375,7.5],"texture":"#main"},"down":{"uv":[4.25,7.625,4,8],"texture":"#main"}}},{"from":[11.17555,2.02035,1.53727],"to":[12.97555,3.82035,4.23727],"rotation":{"angle":-45,"axis":"y","origin":[12.75055,2.92035,4.01227]},"faces":{"north":{"uv":[8,2,8.25,2.25],"texture":"#main"},"east":{"uv":[4.25,7.625,4.625,7.875],"texture":"#main"},"south":{"uv":[2.25,8,2.5,8.25],"texture":"#main"},"west":{"uv":[4.625,7.625,5,7.875],"texture":"#main"},"up":{"uv":[5.25,8,5,7.625],"texture":"#main"},"down":{"uv":[7.875,7.5,7.625,7.875],"texture":"#main"}}},{"from":[13.21855,6.08745,-0.48773],"to":[16.20655,8.59845,2.50027],"rotation":{"angle":0,"axis":"y","origin":[13.92055,3.00045,3.93127]},"faces":{"north":{"uv":[7.25,4.875,7.6875,5.25],"texture":"#main"},"east":{"uv":[7.25,5.25,7.6875,5.625],"texture":"#main"},"south":{"uv":[7.25,5.625,7.6875,6],"texture":"#main"},"west":{"uv":[7.25,6,7.6875,6.375],"texture":"#main"},"up":{"uv":[7.4375,4.4375,7,4],"texture":"#main"},"down":{"uv":[7.6875,2.5,7.25,2.9375],"texture":"#main"}}},{"from":[13.21855,-0.03255,-2.28773],"to":[18.00655,6.07845,2.50027],"rotation":{"angle":0,"axis":"y","origin":[13.92055,3.00045,3.93127]},"faces":{"north":{"uv":[1.125,4.625,1.8125,5.5],"texture":"#main"},"east":{"uv":[4.625,1.75,5.3125,2.625],"texture":"#main"},"south":{"uv":[1.875,4.625,2.5625,5.5],"texture":"#main"},"west":{"uv":[0,4.75,0.6875,5.625],"texture":"#main"},"up":{"uv":[7.1875,6.3125,6.5,5.625],"texture":"#main"},"down":{"uv":[7.1875,6.375,6.5,7.0625],"texture":"#main"}}},{"from":[17.04371,6.05816,-3.07409],"to":[17.04371,12.53816,1.20991],"rotation":{"angle":-22.5,"axis":"y","origin":[16.73928,9.29816,-1.05819]},"faces":{"north":{"uv":[0,0,0,0.875],"texture":"#main"},"east":{"uv":[5.875,2.375,6.5,3.25],"texture":"#main"},"south":{"uv":[0,0,0,0.875],"texture":"#main"},"west":{"uv":[5.875,3.25,6.5,4.125],"texture":"#main"},"up":{"uv":[0,0.625,0,0],"texture":"#main"},"down":{"uv":[0,0,0,0.625],"texture":"#main"}}},{"from":[14.47117,6.05816,-1.36262],"to":[18.75517,12.53816,-1.36262],"rotation":{"angle":22.5,"axis":"y","origin":[16.73928,9.29816,-1.05819]},"faces":{"north":{"uv":[4.625,5.625,5.25,6.5],"texture":"#main"},"east":{"uv":[0,0,0,0.875],"texture":"#main"},"south":{"uv":[5.25,5.625,5.875,6.5],"texture":"#main"},"west":{"uv":[0,0,0,0.875],"texture":"#main"},"up":{"uv":[0.625,0,0,0],"texture":"#main"},"down":{"uv":[0.625,0,0,0],"texture":"#main"}}},{"from":[14.40655,-0.00555,-3.56573],"to":[16.35055,1.68645,-1.62173],"rotation":{"angle":0,"axis":"y","origin":[11.22055,3.00045,3.70627]},"faces":{"north":{"uv":[8,2.75,8.25,3],"texture":"#main"},"east":{"uv":[8,3,8.25,3.25],"texture":"#main"},"south":{"uv":[8,3.25,8.25,3.5],"texture":"#main"},"west":{"uv":[8,3.5,8.25,3.75],"texture":"#main"},"up":{"uv":[8.25,4,8,3.75],"texture":"#main"},"down":{"uv":[4.25,8,4,8.25],"texture":"#main"}}},{"from":[17.10655,-0.00555,-3.34073],"to":[19.05055,2.58645,-1.39673],"rotation":{"angle":0,"axis":"y","origin":[13.92055,3.00045,3.93127]},"faces":{"north":{"uv":[0,7.75,0.25,8.125],"texture":"#main"},"east":{"uv":[0.25,7.75,0.5,8.125],"texture":"#main"},"south":{"uv":[0.5,7.75,0.75,8.125],"texture":"#main"},"west":{"uv":[0.75,7.75,1,8.125],"texture":"#main"},"up":{"uv":[8.25,4.25,8,4],"texture":"#main"},"down":{"uv":[8.25,4.25,8,4.5],"texture":"#main"}}},{"from":[17.10655,-0.00555,-0.86573],"to":[19.05055,1.68645,1.07827],"rotation":{"angle":0,"axis":"y","origin":[18.97855,0.84045,0.10627]},"faces":{"north":{"uv":[8,4.5,8.25,4.75],"texture":"#main"},"east":{"uv":[8,4.75,8.25,5],"texture":"#main"},"south":{"uv":[5,8,5.25,8.25],"texture":"#main"},"west":{"uv":[8,5,8.25,5.25],"texture":"#main"},"up":{"uv":[8.125,7.75,8.375,8],"texture":"#main"},"down":{"uv":[5.75,8,5.5,8.25],"texture":"#main"}}},{"from":[17.09302,1.95195,-3.33247],"to":[19.03702,4.54395,-3.33247],"rotation":{"angle":22.5,"axis":"y","origin":[19.03252,3.24795,-3.33247]},"faces":{"north":{"uv":[1,7.75,1.25,8.125],"texture":"#main"},"east":{"uv":[0,0,0,0.375],"texture":"#main"},"south":{"uv":[1.25,7.75,1.5,8.125],"texture":"#main"},"west":{"uv":[0,0,0,0.375],"texture":"#main"},"up":{"uv":[0.25,0,0,0],"texture":"#main"},"down":{"uv":[0.25,0,0,0],"texture":"#main"}}},{"from":[19.03252,1.95195,-3.33697],"to":[19.03252,4.54395,-1.39297],"rotation":{"angle":-22.5,"axis":"y","origin":[19.03252,3.24795,-3.33247]},"faces":{"north":{"uv":[0,0,0,0.375],"texture":"#main"},"east":{"uv":[7.75,1.5,8,1.875],"texture":"#main"},"south":{"uv":[0,0,0,0.375],"texture":"#main"},"west":{"uv":[7.75,1.875,8,2.25],"texture":"#main"},"up":{"uv":[0,0.25,0,0],"texture":"#main"},"down":{"uv":[0,0,0,0.25],"texture":"#main"}}},{"from":[11.17555,2.02035,9.68227],"to":[12.97555,3.82035,12.38227],"rotation":{"angle":45,"axis":"y","origin":[12.75055,2.92035,9.90727]},"faces":{"north":{"uv":[5.75,8,6,8.25],"texture":"#main"},"east":{"uv":[7.75,2.25,8.125,2.5],"texture":"#main"},"south":{"uv":[8,5.75,8.25,6],"texture":"#main"},"west":{"uv":[7.75,2.5,8.125,2.75],"texture":"#main"},"up":{"uv":[8,3.125,7.75,2.75],"texture":"#main"},"down":{"uv":[3.25,7.75,3,8.125],"texture":"#main"}}},{"from":[13.21855,6.08745,11.41927],"to":[16.20655,8.59845,14.40727],"rotation":{"angle":0,"axis":"y","origin":[13.92055,3.00045,9.98827]},"faces":{"north":{"uv":[7.25,6.375,7.6875,6.75],"texture":"#main"},"east":{"uv":[7.25,6.75,7.6875,7.125],"texture":"#main"},"south":{"uv":[7.375,7.125,7.8125,7.5],"texture":"#main"},"west":{"uv":[7.5,0,7.9375,0.375],"texture":"#main"},"up":{"uv":[3.4375,7.6875,3,7.25],"texture":"#main"},"down":{"uv":[7.6875,3,7.25,3.4375],"texture":"#main"}}},{"from":[13.21855,-0.03255,11.41927],"to":[18.00655,6.07845,16.20727],"rotation":{"angle":0,"axis":"y","origin":[13.92055,3.00045,9.98827]},"faces":{"north":{"uv":[2.625,4.75,3.3125,5.625],"texture":"#main"},"east":{"uv":[3.375,4.75,4.0625,5.625],"texture":"#main"},"south":{"uv":[4.125,4.75,4.8125,5.625],"texture":"#main"},"west":{"uv":[4.875,4.75,5.5625,5.625],"texture":"#main"},"up":{"uv":[7.4375,0.6875,6.75,0],"texture":"#main"},"down":{"uv":[7.4375,0.75,6.75,1.4375],"texture":"#main"}}},{"from":[14.47117,6.05816,15.28216],"to":[18.75517,12.53816,15.28216],"rotation":{"angle":-22.5,"axis":"y","origin":[16.73928,9.29816,14.97773]},"faces":{"north":{"uv":[5.875,5.25,6.5,6.125],"texture":"#main"},"east":{"uv":[0,0,0,0.875],"texture":"#main"},"south":{"uv":[6.125,0,6.75,0.875],"texture":"#main"},"west":{"uv":[0,0,0,0.875],"texture":"#main"},"up":{"uv":[0.625,0,0,0],"texture":"#main"},"down":{"uv":[0.625,0,0,0],"texture":"#main"}}},{"from":[17.04371,6.05816,12.70963],"to":[17.04371,12.53816,16.99363],"rotation":{"angle":22.5,"axis":"y","origin":[16.73928,9.29816,14.97773]},"faces":{"north":{"uv":[0,0,0,0.875],"texture":"#main"},"east":{"uv":[0.625,6.125,1.25,7],"texture":"#main"},"south":{"uv":[0,0,0,0.875],"texture":"#main"},"west":{"uv":[6.125,0.875,6.75,1.75],"texture":"#main"},"up":{"uv":[0,0.625,0,0],"texture":"#main"},"down":{"uv":[0,0,0,0.625],"texture":"#main"}}},{"from":[17.10655,-0.00555,12.84127],"to":[19.05055,1.68645,14.78527],"rotation":{"angle":0,"axis":"y","origin":[18.97855,0.84045,13.81327]},"faces":{"north":{"uv":[1,8.125,1.25,8.375],"texture":"#main"},"east":{"uv":[1.25,8.125,1.5,8.375],"texture":"#main"},"south":{"uv":[8.125,2.25,8.375,2.5],"texture":"#main"},"west":{"uv":[2.5,8.125,2.75,8.375],"texture":"#main"},"up":{"uv":[8.375,2.75,8.125,2.5],"texture":"#main"},"down":{"uv":[3,8.125,2.75,8.375],"texture":"#main"}}},{"from":[17.10655,-0.00555,15.31627],"to":[19.05055,2.58645,17.26027],"rotation":{"angle":0,"axis":"y","origin":[13.92055,3.00045,9.98827]},"faces":{"north":{"uv":[7.75,3.125,8,3.5],"texture":"#main"},"east":{"uv":[3.25,7.75,3.5,8.125],"texture":"#main"},"south":{"uv":[3.5,7.75,3.75,8.125],"texture":"#main"},"west":{"uv":[7.75,3.5,8,3.875],"texture":"#main"},"up":{"uv":[0.75,8.375,0.5,8.125],"texture":"#main"},"down":{"uv":[1,8.125,0.75,8.375],"texture":"#main"}}},{"from":[19.03252,1.95195,15.31252],"to":[19.03252,4.54395,17.25652],"rotation":{"angle":22.5,"axis":"y","origin":[19.03252,3.24795,17.25202]},"faces":{"north":{"uv":[0,0,0,0.375],"texture":"#main"},"east":{"uv":[7.75,4.75,8,5.125],"texture":"#main"},"south":{"uv":[0,0,0,0.375],"texture":"#main"},"west":{"uv":[7.75,5.125,8,5.5],"texture":"#main"},"up":{"uv":[0,0.25,0,0],"texture":"#main"},"down":{"uv":[0,0,0,0.25],"texture":"#main"}}},{"from":[17.09302,1.95195,17.25202],"to":[19.03702,4.54395,17.25202],"rotation":{"angle":-22.5,"axis":"y","origin":[19.03252,3.24795,17.25202]},"faces":{"north":{"uv":[3.75,7.75,4,8.125],"texture":"#main"},"east":{"uv":[0,0,0,0.375],"texture":"#main"},"south":{"uv":[7.75,4.375,8,4.75],"texture":"#main"},"west":{"uv":[0,0,0,0.375],"texture":"#main"},"up":{"uv":[0.25,0,0,0],"texture":"#main"},"down":{"uv":[0.25,0,0,0],"texture":"#main"}}},{"from":[14.40655,-0.00555,15.54127],"to":[16.35055,1.68645,17.48527],"rotation":{"angle":0,"axis":"y","origin":[11.22055,3.00045,10.21327]},"faces":{"north":{"uv":[6,8,6.25,8.25],"texture":"#main"},"east":{"uv":[8,6,8.25,6.25],"texture":"#main"},"south":{"uv":[8,6.25,8.25,6.5],"texture":"#main"},"west":{"uv":[8,6.5,8.25,6.75],"texture":"#main"},"up":{"uv":[0.25,8.375,0,8.125],"texture":"#main"},"down":{"uv":[0.5,8.125,0.25,8.375],"texture":"#main"}}},{"from":[3.52555,2.02035,9.68227],"to":[5.32555,3.82035,12.38227],"rotation":{"angle":-45,"axis":"y","origin":[3.75055,2.92035,9.90727]},"faces":{"north":{"uv":[3,8.125,3.25,8.375],"texture":"#main"},"east":{"uv":[5.5,7.75,5.875,8],"texture":"#main"},"south":{"uv":[3.25,8.125,3.5,8.375],"texture":"#main"},"west":{"uv":[7.75,5.5,8.125,5.75],"texture":"#main"},"up":{"uv":[8,6.125,7.75,5.75],"texture":"#main"},"down":{"uv":[8,6.125,7.75,6.5],"texture":"#main"}}},{"from":[0.29455,6.08745,11.41927],"to":[3.28255,8.59845,14.40727],"rotation":{"angle":0,"axis":"y","origin":[2.58055,3.00045,9.98827]},"faces":{"north":{"uv":[7.5,0.375,7.9375,0.75],"texture":"#main"},"east":{"uv":[7.5,0.75,7.9375,1.125],"texture":"#main"},"south":{"uv":[7.5,1.125,7.9375,1.5],"texture":"#main"},"west":{"uv":[7.5,4,7.9375,4.375],"texture":"#main"},"up":{"uv":[3.9375,7.6875,3.5,7.25],"texture":"#main"},"down":{"uv":[7.6875,3.5,7.25,3.9375],"texture":"#main"}}},{"from":[-2.25407,6.05816,15.28216],"to":[2.02993,12.53816,15.28216],"rotation":{"angle":22.5,"axis":"y","origin":[-0.23817,9.29816,14.97773]},"faces":{"north":{"uv":[1.25,6.125,1.875,7],"texture":"#main"},"east":{"uv":[0,0,0,0.875],"texture":"#main"},"south":{"uv":[1.875,6.125,2.5,7],"texture":"#main"},"west":{"uv":[0,0,0,0.875],"texture":"#main"},"up":{"uv":[0.625,0,0,0],"texture":"#main"},"down":{"uv":[0.625,0,0,0],"texture":"#main"}}},{"from":[-1.50545,-0.03255,11.41927],"to":[3.28255,6.07845,16.20727],"rotation":{"angle":0,"axis":"y","origin":[2.58055,3.00045,9.98827]},"faces":{"north":{"uv":[5.125,2.625,5.8125,3.5],"texture":"#main"},"east":{"uv":[5.125,3.5,5.8125,4.375],"texture":"#main"},"south":{"uv":[5.375,0,6.0625,0.875],"texture":"#main"},"west":{"uv":[5.375,0.875,6.0625,1.75],"texture":"#main"},"up":{"uv":[0.6875,7.6875,0,7],"texture":"#main"},"down":{"uv":[1.4375,7,0.75,7.6875],"texture":"#main"}}},{"from":[-0.5426,6.05816,12.70963],"to":[-0.5426,12.53816,16.99363],"rotation":{"angle":-22.5,"axis":"y","origin":[-0.23817,9.29816,14.97773]},"faces":{"north":{"uv":[0,0,0,0.875],"texture":"#main"},"east":{"uv":[5.875,6.125,6.5,7],"texture":"#main"},"south":{"uv":[0,0,0,0.875],"texture":"#main"},"west":{"uv":[2.5,6.25,3.125,7.125],"texture":"#main"},"up":{"uv":[0,0.625,0,0],"texture":"#main"},"down":{"uv":[0,0,0,0.625],"texture":"#main"}}},{"from":[-2.54945,-0.00555,12.84127],"to":[-0.60545,1.68645,14.78527],"rotation":{"angle":0,"axis":"y","origin":[-2.47745,0.84045,13.81327]},"faces":{"north":{"uv":[3.5,8.125,3.75,8.375],"texture":"#main"},"east":{"uv":[3.75,8.125,4,8.375],"texture":"#main"},"south":{"uv":[8.125,5.5,8.375,5.75],"texture":"#main"},"west":{"uv":[6.25,8.125,6.5,8.375],"texture":"#main"},"up":{"uv":[8.375,8,8.125,7.75],"texture":"#main"},"down":{"uv":[7,8.125,6.75,8.375],"texture":"#main"}}},{"from":[-2.54945,-0.00555,15.31627],"to":[-0.60545,2.58645,17.26027],"rotation":{"angle":0,"axis":"y","origin":[2.58055,3.00045,9.98827]},"faces":{"north":{"uv":[7.75,6.5,8,6.875],"texture":"#main"},"east":{"uv":[4.25,7.875,4.5,8.25],"texture":"#main"},"south":{"uv":[4.5,7.875,4.75,8.25],"texture":"#main"},"west":{"uv":[4.75,7.875,5,8.25],"texture":"#main"},"up":{"uv":[8.375,7,8.125,6.75],"texture":"#main"},"down":{"uv":[7.25,8.125,7,8.375],"texture":"#main"}}},{"from":[-2.53142,1.95195,15.31252],"to":[-2.53142,4.54395,17.25652],"rotation":{"angle":-22.5,"axis":"y","origin":[-2.53142,3.24795,17.25202]},"faces":{"north":{"uv":[0,0,0,0.375],"texture":"#main"},"east":{"uv":[5.25,7.875,5.5,8.25],"texture":"#main"},"south":{"uv":[0,0,0,0.375],"texture":"#main"},"west":{"uv":[7.875,6.875,8.125,7.25],"texture":"#main"},"up":{"uv":[0,0.25,0,0],"texture":"#main"},"down":{"uv":[0,0,0,0.25],"texture":"#main"}}},{"from":[-2.53592,1.95195,17.25202],"to":[-0.59192,4.54395,17.25202],"rotation":{"angle":22.5,"axis":"y","origin":[-2.53142,3.24795,17.25202]},"faces":{"north":{"uv":[7.875,7.25,8.125,7.625],"texture":"#main"},"east":{"uv":[0,0,0,0.375],"texture":"#main"},"south":{"uv":[7.375,7.875,7.625,8.25],"texture":"#main"},"west":{"uv":[0,0,0,0.375],"texture":"#main"},"up":{"uv":[0.25,0,0,0],"texture":"#main"},"down":{"uv":[0.25,0,0,0],"texture":"#main"}}},{"from":[0.15055,-0.00555,15.54127],"to":[2.09455,1.68645,17.48527],"rotation":{"angle":0,"axis":"y","origin":[5.28055,3.00045,10.21327]},"faces":{"north":{"uv":[8.125,7,8.375,7.25],"texture":"#main"},"east":{"uv":[8.125,7.25,8.375,7.5],"texture":"#main"},"south":{"uv":[8.125,7.5,8.375,7.75],"texture":"#main"},"west":{"uv":[7.625,8.125,7.875,8.375],"texture":"#main"},"up":{"uv":[8.375,8,8.125,7.75],"texture":"#main"},"down":{"uv":[8.125,8.125,7.875,8.375],"texture":"#main"}}}],"display":{"head":{"translation":[0,-23,4.5],"scale":[2.5,2.5,2.5]}},"groups":[{"name":"Gigalith","origin":[0.25551,-0.04647,0.59772],"color":0,"children":[{"name":"body","origin":[0.16983,1.70894,0.8018],"color":0,"children":[0,1,2,3,{"name":"head","origin":[0.17382,12.15821,-0.81916],"color":0,"children":[4,5,6,7,8,9,10,11]}]},{"name":"arm_l","origin":[-3.45165,2.93894,-2.22682],"color":0,"children":[12,13,14,15,16,17,18,19,20,21]},{"name":"arm_r","origin":[4.48031,3.26654,-2.97156],"color":0,"children":[22,23,24,25,26,27,28,29,30,31]},{"name":"leg_r","origin":[4.01835,3.01904,3.97418],"color":0,"children":[32,33,34,35,36,37,38,39,40,41]},{"name":"leg_l","origin":[-3.27165,3.01904,3.82418],"color":0,"children":[42,43,44,45,46,47,48,49,50,51]}]}]}