{"credit":"Made with Blockbench","texture_size":[64,64],"textures":{"main":"pokemon/glaceon"},"elements":[{"from":[5.375,9.725,-0.5],"to":[10.65,14.3,4.475],"rotation":{"angle":0,"axis":"y","origin":[0,8.325,-0.5]},"faces":{"north":{"uv":[4.5,3.75,5.875,4.875],"texture":"#main"},"east":{"uv":[4.5,5,5.75,6.125],"texture":"#main"},"south":{"uv":[4.75,0,6.125,1.125],"texture":"#main"},"west":{"uv":[2,5.25,3.25,6.375],"texture":"#main"},"up":{"uv":[3.375,3.75,2,2.5],"texture":"#main"},"down":{"uv":[4.625,0,3.25,1.25],"texture":"#main"}}},{"from":[5.75,5.325,3.275],"to":[10.425,9.9,9.375],"rotation":{"angle":0,"axis":"y","origin":[0,8.325,-0.5]},"faces":{"north":{"uv":[5.75,5,6.875,6.125],"texture":"#main"},"east":{"uv":[3.25,1.25,4.75,2.375],"texture":"#main"},"south":{"uv":[6,3.25,7.125,4.375],"texture":"#main"},"west":{"uv":[3.5,2.5,5,3.625],"texture":"#main"},"up":{"uv":[3.125,5.25,2,3.75],"texture":"#main"},"down":{"uv":[4.375,3.75,3.25,5.25],"texture":"#main"}}},{"from":[5.2,1.05,3.425],"to":[7.25,7.1,5.125],"rotation":{"angle":0,"axis":"y","origin":[0,8.325,-0.5]},"faces":{"north":{"uv":[0.75,6.75,1.25,8.25],"texture":"#main"},"east":{"uv":[7,6,7.375,7.5],"texture":"#main"},"south":{"uv":[7,4.5,7.5,6],"texture":"#main"},"west":{"uv":[1.25,7.25,1.625,8.75],"texture":"#main"},"up":{"uv":[7.5,7.875,7,7.5],"texture":"#main"},"down":{"uv":[8,7.5,7.5,7.875],"texture":"#main"}}},{"from":[5.5,1.075,10.675],"to":[6.925,4.5,12.65],"rotation":{"angle":0,"axis":"x","origin":[6.2125,1.9125,12.7375]},"faces":{"north":{"uv":[6.5,7.25,6.875,8.125],"texture":"#main"},"east":{"uv":[7.25,3,7.75,3.875],"texture":"#main"},"south":{"uv":[7.5,0,7.875,0.875],"texture":"#main"},"west":{"uv":[3.25,7.25,3.75,8.125],"texture":"#main"},"up":{"uv":[8.125,1.5,7.75,1],"texture":"#main"},"down":{"uv":[8.125,1.5,7.75,2],"texture":"#main"}}},{"from":[5.2,4.125,10.75],"to":[7.25,7.75,13.825],"rotation":{"angle":22.5,"axis":"x","origin":[6.225,5.8,11.9]},"faces":{"north":{"uv":[4.5,7.25,5,8.125],"texture":"#main"},"east":{"uv":[1.25,5.5,2,6.375],"texture":"#main"},"south":{"uv":[5,7.25,5.5,8.125],"texture":"#main"},"west":{"uv":[6.75,2,7.5,2.875],"texture":"#main"},"up":{"uv":[6,8,5.5,7.25],"texture":"#main"},"down":{"uv":[6.5,7.25,6,8],"texture":"#main"}}},{"from":[5.15,-0.15,3.025],"to":[7.325,1.05,5.125],"rotation":{"angle":0,"axis":"y","origin":[0,8.325,-0.5]},"faces":{"north":{"uv":[6.75,3,7.25,3.25],"texture":"#main"},"east":{"uv":[1.75,8,2.25,8.25],"texture":"#main"},"south":{"uv":[8,2,8.5,2.25],"texture":"#main"},"west":{"uv":[2.25,8,2.75,8.25],"texture":"#main"},"up":{"uv":[8,5.5,7.5,5],"texture":"#main"},"down":{"uv":[8,5.5,7.5,6],"texture":"#main"}}},{"from":[5.4,-0.15,10.2],"to":[7.125,1.05,12.625],"rotation":{"angle":0,"axis":"y","origin":[0,8.325,-0.125]},"faces":{"north":{"uv":[2.75,8,3.125,8.25],"texture":"#main"},"east":{"uv":[3.75,7.75,4.375,8],"texture":"#main"},"south":{"uv":[8,2.75,8.375,3],"texture":"#main"},"west":{"uv":[0,8,0.625,8.25],"texture":"#main"},"up":{"uv":[7.875,6.625,7.5,6],"texture":"#main"},"down":{"uv":[7.875,6.75,7.5,7.375],"texture":"#main"}}},{"from":[8.925,-0.15,10.2],"to":[10.65,1.05,12.625],"rotation":{"angle":0,"axis":"y","origin":[16,8.325,-0.125]},"faces":{"north":{"uv":[3.125,8,2.75,8.25],"texture":"#main"},"east":{"uv":[0.625,8,0,8.25],"texture":"#main"},"south":{"uv":[8.375,2.75,8,3],"texture":"#main"},"west":{"uv":[4.375,7.75,3.75,8],"texture":"#main"},"up":{"uv":[7.5,6.625,7.875,6],"texture":"#main"},"down":{"uv":[7.5,6.75,7.875,7.375],"texture":"#main"}}},{"from":[5.75,6.125,9.375],"to":[10.425,9.9,14.225],"rotation":{"angle":0,"axis":"y","origin":[0,8.325,-0.5]},"faces":{"north":{"uv":[5.75,6.25,6.875,7.25],"texture":"#main"},"east":{"uv":[6.25,0,7.5,1],"texture":"#main"},"south":{"uv":[6.5,1,7.625,2],"texture":"#main"},"west":{"uv":[4.5,6.25,5.75,7.25],"texture":"#main"},"up":{"uv":[4.375,6.5,3.25,5.25],"texture":"#main"},"down":{"uv":[1.125,5.5,0,6.75],"texture":"#main"}}},{"from":[8.15,9.1,14.225],"to":[8.15,13.55,26.725],"rotation":{"angle":-22.5,"axis":"x","origin":[8.15,8.35,20.475]},"faces":{"north":{"uv":[0,0,0,1.125],"texture":"#main"},"east":{"uv":[0,0,3.125,1.125],"texture":"#main"},"south":{"uv":[0,0,0,1.125],"texture":"#main"},"west":{"uv":[0,1.25,3.125,2.375],"texture":"#main"},"up":{"uv":[0,3.125,0,0],"texture":"#main"},"down":{"uv":[0,0,0,3.125],"texture":"#main"}}},{"from":[-0.275,12.85,3.775],"to":[6.625,16.3,3.775],"rotation":{"angle":-22.5,"axis":"z","origin":[3.775,16.2,2.7]},"faces":{"north":{"uv":[4.75,1.25,6.5,2.125],"texture":"#main"},"east":{"uv":[0,0,0,0.875],"texture":"#main"},"south":{"uv":[5,2.25,6.75,3.125],"texture":"#main"},"west":{"uv":[0,0,0,0.875],"texture":"#main"},"up":{"uv":[1.75,0,0,0],"texture":"#main"},"down":{"uv":[1.75,0,0,0],"texture":"#main"}}},{"from":[5.15,2.475,0.725],"to":[5.15,14.525,4.55],"rotation":{"angle":0,"axis":"z","origin":[5.15,13.95,2.6375]},"faces":{"north":{"uv":[0,0,0,3],"texture":"#main"},"east":{"uv":[0,2.5,1,5.5],"texture":"#main"},"south":{"uv":[0,0,0,3],"texture":"#main"},"west":{"uv":[1,2.5,2,5.5],"texture":"#main"},"up":{"uv":[0,1,0,0],"texture":"#main"},"down":{"uv":[0,0,0,1],"texture":"#main"}}},{"from":[6.5,12.675,-1.325],"to":[9.6,15.475,3.475],"rotation":{"angle":-22.5,"axis":"x","origin":[8.3125,13.9875,2.05]},"faces":{"north":{"uv":[1.75,7.25,2.5,8],"texture":"#main"},"east":{"uv":[1.25,6.5,2.5,7.25],"texture":"#main"},"south":{"uv":[2.5,7.25,3.25,8],"texture":"#main"},"west":{"uv":[2.5,6.5,3.75,7.25],"texture":"#main"},"up":{"uv":[4.5,7.75,3.75,6.5],"texture":"#main"},"down":{"uv":[0.75,6.75,0,8],"texture":"#main"}}},{"from":[5.1,13.25,-0.7],"to":[6.45,15.25,2.95],"rotation":{"angle":-22.5,"axis":"x","origin":[8.3125,13.9875,2.05]},"faces":{"north":{"uv":[7.75,3,8.125,3.5],"texture":"#main"},"east":{"uv":[5,3.25,5.875,3.75],"texture":"#main"},"south":{"uv":[7.75,3.5,8.125,4],"texture":"#main"},"west":{"uv":[6,4.5,6.875,5],"texture":"#main"},"up":{"uv":[7.875,2.875,7.5,2],"texture":"#main"},"down":{"uv":[7.875,4,7.5,4.875],"texture":"#main"}}},{"from":[5.35,12.1,0.35],"to":[5.35,13.1,2.35],"rotation":{"angle":-22.5,"axis":"x","origin":[5.35,11.3125,3]},"faces":{"north":{"uv":[0,0,0,0.25],"texture":"#main"},"east":{"uv":[8,2.25,8.5,2.5],"texture":"#main"},"south":{"uv":[0,0,0,0.25],"texture":"#main"},"west":{"uv":[8,2.5,8.5,2.75],"texture":"#main"},"up":{"uv":[0,0.5,0,0],"texture":"#main"},"down":{"uv":[0,0,0,0.5],"texture":"#main"}}},{"from":[9.45,12.85,3.775],"to":[16.35,16.3,3.775],"rotation":{"angle":22.5,"axis":"z","origin":[12.3,16.2,2.7]},"faces":{"north":{"uv":[6.5,1.25,4.75,2.125],"texture":"#main"},"east":{"uv":[0,0,0,0.875],"texture":"#main"},"south":{"uv":[6.75,2.25,5,3.125],"texture":"#main"},"west":{"uv":[0,0,0,0.875],"texture":"#main"},"up":{"uv":[0,0,1.75,0],"texture":"#main"},"down":{"uv":[0,0,1.75,0],"texture":"#main"}}},{"from":[10.725,12.1,0.35],"to":[10.725,13.1,2.35],"rotation":{"angle":-22.5,"axis":"x","origin":[10.725,11.3125,3]},"faces":{"north":{"uv":[0,0,0,0.25],"texture":"#main"},"east":{"uv":[8.5,2.5,8,2.75],"texture":"#main"},"south":{"uv":[0,0,0,0.25],"texture":"#main"},"west":{"uv":[8.5,2.25,8,2.5],"texture":"#main"},"up":{"uv":[0,0.5,0,0],"texture":"#main"},"down":{"uv":[0,0,0,0.5],"texture":"#main"}}},{"from":[10.925,2.475,0.725],"to":[10.925,14.525,4.55],"rotation":{"angle":0,"axis":"z","origin":[10.925,13.95,2.6375]},"faces":{"north":{"uv":[0,0,0,3],"texture":"#main"},"east":{"uv":[2,2.5,1,5.5],"texture":"#main"},"south":{"uv":[0,0,0,3],"texture":"#main"},"west":{"uv":[1,2.5,0,5.5],"texture":"#main"},"up":{"uv":[0,1,0,0],"texture":"#main"},"down":{"uv":[0,0,0,1],"texture":"#main"}}},{"from":[8.825,4.125,10.75],"to":[10.875,7.75,13.825],"rotation":{"angle":22.5,"axis":"x","origin":[9.85,5.8,11.9]},"faces":{"north":{"uv":[5,7.25,4.5,8.125],"texture":"#main"},"east":{"uv":[7.5,2,6.75,2.875],"texture":"#main"},"south":{"uv":[5.5,7.25,5,8.125],"texture":"#main"},"west":{"uv":[2,5.5,1.25,6.375],"texture":"#main"},"up":{"uv":[5.5,8,6,7.25],"texture":"#main"},"down":{"uv":[6,7.25,6.5,8],"texture":"#main"}}},{"from":[9.15,1.075,10.675],"to":[10.575,4.5,12.65],"rotation":{"angle":0,"axis":"x","origin":[9.8625,1.9125,12.7375]},"faces":{"north":{"uv":[6.875,7.25,6.5,8.125],"texture":"#main"},"east":{"uv":[3.75,7.25,3.25,8.125],"texture":"#main"},"south":{"uv":[7.875,0,7.5,0.875],"texture":"#main"},"west":{"uv":[7.75,3,7.25,3.875],"texture":"#main"},"up":{"uv":[7.75,1.5,8.125,1],"texture":"#main"},"down":{"uv":[7.75,1.5,8.125,2],"texture":"#main"}}},{"from":[8.825,1.05,3.425],"to":[10.875,7.1,5.125],"rotation":{"angle":0,"axis":"y","origin":[16.075,8.325,-0.5]},"faces":{"north":{"uv":[1.25,6.75,0.75,8.25],"texture":"#main"},"east":{"uv":[1.625,7.25,1.25,8.75],"texture":"#main"},"south":{"uv":[7.5,4.5,7,6],"texture":"#main"},"west":{"uv":[7.375,6,7,7.5],"texture":"#main"},"up":{"uv":[7,7.875,7.5,7.5],"texture":"#main"},"down":{"uv":[7.5,7.5,8,7.875],"texture":"#main"}}},{"from":[8.75,-0.15,3.025],"to":[10.925,1.05,5.125],"rotation":{"angle":0,"axis":"y","origin":[16.075,8.325,-0.5]},"faces":{"north":{"uv":[7.25,3,6.75,3.25],"texture":"#main"},"east":{"uv":[2.75,8,2.25,8.25],"texture":"#main"},"south":{"uv":[8.5,2,8,2.25],"texture":"#main"},"west":{"uv":[2.25,8,1.75,8.25],"texture":"#main"},"up":{"uv":[7.5,5.5,8,5],"texture":"#main"},"down":{"uv":[7.5,5.5,8,6],"texture":"#main"}}},{"from":[9.625,13.25,-0.7],"to":[10.975,15.25,2.95],"rotation":{"angle":-22.5,"axis":"x","origin":[7.7625,13.9875,2.05]},"faces":{"north":{"uv":[8.125,3,7.75,3.5],"texture":"#main"},"east":{"uv":[6.875,4.5,6,5],"texture":"#main"},"south":{"uv":[8.125,3.5,7.75,4],"texture":"#main"},"west":{"uv":[5.875,3.25,5,3.75],"texture":"#main"},"up":{"uv":[7.5,2.875,7.875,2],"texture":"#main"},"down":{"uv":[7.5,4,7.875,4.875],"texture":"#main"}}},{"from":[7.025,9.975,-0.9],"to":[8.75,11.225,-0.125],"rotation":{"angle":0,"axis":"y","origin":[0,8.325,-0.5]},"faces":{"north":{"uv":[8,0,8.375,0.375],"texture":"#main"},"east":{"uv":[7.25,4,7.5,4.375],"texture":"#main"},"south":{"uv":[8,0.5,8.375,0.875],"texture":"#main"},"west":{"uv":[3.75,8,4,8.375],"texture":"#main"},"up":{"uv":[4.375,8.25,4,8],"texture":"#main"},"down":{"uv":[8.375,4,8,4.25],"texture":"#main"}}}],"display":{"head":{"translation":[0,-35,0]}},"groups":[{"name":"group","origin":[0,0,0],"color":0,"children":[0,1,2,3,4,5,6,7,8,9,10,11,12,13,14,15,16,17,18,19,20,21,22,23]}]}