{"parent":"physical_parent","textures":{"main":"pokemon/golbat_animated"},"elements":[{"from":[3,3,4],"to":[11,20,13],"faces":{"east":{"uv":[0,0,0.5625,1.0625],"texture":"#main"},"south":{"uv":[1.8125,0,2.3125,1.0625],"texture":"#main"},"north":{"uv":[1.25,0,1.75,1.0625],"texture":"#main"},"west":{"uv":[0.625,0,1.1875,1.0625],"texture":"#main"},"up":{"uv":[0,1.125,0.5625,1.625],"texture":"#main"},"down":{"uv":[0,1.125,0.5625,1.625],"texture":"#main"}}},{"from":[6,2.875,12.75],"to":[6.1,30.875,28.75],"faces":{"east":{"uv":[2,2.0625,1,3.5625],"texture":"#main"},"west":{"uv":[1,2.0625,0,3.5],"texture":"#main"}}},{"from":[6,-6,10],"to":[6.1,3,12],"faces":{"east":{"uv":[1.375,1.3125,1.5,1.6875],"texture":"#main"},"west":{"uv":[1.375,1.3125,1.5,1.6875],"texture":"#main"}}},{"from":[6,3,-11.75],"to":[6.1,31,4.25],"faces":{"east":{"uv":[1,2.0625,2,3.5625],"texture":"#main"},"west":{"uv":[0,2.0625,1,3.5],"texture":"#main"}}},{"from":[6,-6,5],"to":[6.1,3,7],"faces":{"east":{"uv":[1.375,1.3125,1.5,1.6875],"texture":"#main"},"west":{"uv":[1.375,1.3125,1.5,1.6875],"texture":"#main"}}},{"from":[1,-6,5],"to":[10,-5.9,7],"faces":{"up":{"uv":[1.375,1.3125,1.5,1.6875],"texture":"#main"},"down":{"uv":[1.375,1.3125,1.5,1.6875],"texture":"#main"}}},{"from":[1,-6,10],"to":[10,-5.9,12],"faces":{"up":{"uv":[1.375,1.3125,1.5,1.6875],"texture":"#main"},"down":{"uv":[1.375,1.3125,1.5,1.6875],"texture":"#main"}}},{"from":[7,20,10],"to":[7.1,24,13],"faces":{"east":{"uv":[0.6875,1.375,0.875,1.625],"texture":"#main"},"west":{"uv":[0.9375,1.375,1.125,1.625],"texture":"#main"}}},{"from":[7,20,4],"to":[7.1,24,7],"faces":{"east":{"uv":[0.6875,1.375,0.875,1.625],"texture":"#main"},"west":{"uv":[0.9375,1.375,1.125,1.625],"texture":"#main"}}},{"from":[3,3,4],"to":[11,20,13],"faces":{"east":{"uv":[4,0,4.5625,1.0625],"texture":"#main"},"south":{"uv":[5.8125,0,6.3125,1.0625],"texture":"#main"},"north":{"uv":[5.25,0,5.75,1.0625],"texture":"#main"},"west":{"uv":[4.625,0,5.1875,1.0625],"texture":"#main"},"up":{"uv":[4,1.125,4.5625,1.625],"texture":"#main"},"down":{"uv":[4,1.125,4.5625,1.625],"texture":"#main"}}},{"rotation":{"origin":[8.5,3.875,9.5],"angle":-22.5,"axis":"y"},"from":[7.5,2.875,13.5],"to":[7.6,30.875,29.5],"faces":{"east":{"uv":[6,2.0625,5,3.5625],"texture":"#main"},"west":{"uv":[5,2.0625,4,3.5],"texture":"#main"}}},{"from":[6,-6,10],"to":[6.1,3,12],"faces":{"east":{"uv":[5.375,1.3125,5.5,1.6875],"texture":"#main"},"west":{"uv":[5.375,1.3125,5.5,1.6875],"texture":"#main"}}},{"rotation":{"origin":[-0.75,4,-14.625],"angle":22.5,"axis":"y"},"from":[-1.75,3,-10.625],"to":[-1.65,31,5.375],"faces":{"east":{"uv":[5,2.0625,6,3.5625],"texture":"#main"},"west":{"uv":[4,2.0625,5,3.5],"texture":"#main"}}},{"from":[6,-6,5],"to":[6.1,3,7],"faces":{"east":{"uv":[5.375,1.3125,5.5,1.6875],"texture":"#main"},"west":{"uv":[5.375,1.3125,5.5,1.6875],"texture":"#main"}}},{"from":[1,-6,5],"to":[10,-5.9,7],"faces":{"up":{"uv":[5.375,1.3125,5.5,1.6875],"texture":"#main"},"down":{"uv":[5.375,1.3125,5.5,1.6875],"texture":"#main"}}},{"from":[1,-6,10],"to":[10,-5.9,12],"faces":{"up":{"uv":[5.375,1.3125,5.5,1.6875],"texture":"#main"},"down":{"uv":[5.375,1.3125,5.5,1.6875],"texture":"#main"}}},{"from":[7,20,10],"to":[7.1,24,13],"faces":{"east":{"uv":[4.6875,1.375,4.875,1.625],"texture":"#main"},"west":{"uv":[4.9375,1.375,5.125,1.625],"texture":"#main"}}},{"from":[7,20,4],"to":[7.1,24,7],"faces":{"east":{"uv":[4.6875,1.375,4.875,1.625],"texture":"#main"},"west":{"uv":[4.9375,1.375,5.125,1.625],"texture":"#main"}}},{"from":[3,3,4],"to":[11,20,13],"faces":{"east":{"uv":[8,0,8.5625,1.0625],"texture":"#main"},"south":{"uv":[9.8125,0,10.3125,1.0625],"texture":"#main"},"north":{"uv":[9.25,0,9.75,1.0625],"texture":"#main"},"west":{"uv":[8.625,0,9.1875,1.0625],"texture":"#main"},"up":{"uv":[8,1.125,8.5625,1.625],"texture":"#main"},"down":{"uv":[8,1.125,8.5625,1.625],"texture":"#main"}}},{"rotation":{"origin":[9.5,3.875,10.625],"angle":-45,"axis":"y"},"from":[8.5,2.875,14.625],"to":[8.6,30.875,30.625],"faces":{"east":{"uv":[10,2.0625,9,3.5625],"texture":"#main"},"west":{"uv":[9,2.0625,8,3.5],"texture":"#main"}}},{"from":[6,-6,10],"to":[6.1,3,12],"faces":{"east":{"uv":[9.375,1.3125,9.5,1.6875],"texture":"#main"},"west":{"uv":[9.375,1.3125,9.5,1.6875],"texture":"#main"}}},{"rotation":{"origin":[-7.375,4,-10.5],"angle":45,"axis":"y"},"from":[-8.375,3,-6.5],"to":[-8.275,31,9.5],"faces":{"east":{"uv":[9,2.0625,10,3.5625],"texture":"#main"},"west":{"uv":[8,2.0625,9,3.5],"texture":"#main"}}},{"from":[6,-6,5],"to":[6.1,3,7],"faces":{"east":{"uv":[9.375,1.3125,9.5,1.6875],"texture":"#main"},"west":{"uv":[9.375,1.3125,9.5,1.6875],"texture":"#main"}}},{"from":[1,-6,5],"to":[10,-5.9,7],"faces":{"up":{"uv":[9.375,1.3125,9.5,1.6875],"texture":"#main"},"down":{"uv":[9.375,1.3125,9.5,1.6875],"texture":"#main"}}},{"from":[1,-6,10],"to":[10,-5.9,12],"faces":{"up":{"uv":[9.375,1.3125,9.5,1.6875],"texture":"#main"},"down":{"uv":[9.375,1.3125,9.5,1.6875],"texture":"#main"}}},{"from":[7,20,10],"to":[7.1,24,13],"faces":{"east":{"uv":[8.6875,1.375,8.875,1.625],"texture":"#main"},"west":{"uv":[8.9375,1.375,9.125,1.625],"texture":"#main"}}},{"from":[7,20,4],"to":[7.1,24,7],"faces":{"east":{"uv":[8.6875,1.375,8.875,1.625],"texture":"#main"},"west":{"uv":[8.9375,1.375,9.125,1.625],"texture":"#main"}}},{"from":[3,3,4],"to":[11,20,13],"faces":{"east":{"uv":[12,0,12.5625,1.0625],"texture":"#main"},"south":{"uv":[13.8125,0,14.3125,1.0625],"texture":"#main"},"north":{"uv":[13.25,0,13.75,1.0625],"texture":"#main"},"west":{"uv":[12.625,0,13.1875,1.0625],"texture":"#main"},"up":{"uv":[12,1.125,12.5625,1.625],"texture":"#main"},"down":{"uv":[12,1.125,12.5625,1.625],"texture":"#main"}}},{"rotation":{"origin":[6,2.875,12.75],"angle":22.5,"axis":"y"},"from":[6,2.875,12.75],"to":[6.1,30.875,28.75],"faces":{"east":{"uv":[14,2.0625,13,3.5625],"texture":"#main"},"west":{"uv":[13,2.0625,12,3.5],"texture":"#main"}}},{"from":[6,-6,10],"to":[6.1,3,12],"faces":{"east":{"uv":[13.375,1.3125,13.5,1.6875],"texture":"#main"},"west":{"uv":[13.375,1.3125,13.5,1.6875],"texture":"#main"}}},{"rotation":{"origin":[12,3,-10.5],"angle":-22.5,"axis":"y"},"from":[12,3,-10.5],"to":[12.1,31,5.5],"faces":{"east":{"uv":[13,2.0625,14,3.5625],"texture":"#main"},"west":{"uv":[12,2.0625,13,3.5],"texture":"#main"}}},{"from":[6,-6,5],"to":[6.1,3,7],"faces":{"east":{"uv":[13.375,1.3125,13.5,1.6875],"texture":"#main"},"west":{"uv":[13.375,1.3125,13.5,1.6875],"texture":"#main"}}},{"from":[1,-6,5],"to":[10,-5.9,7],"faces":{"up":{"uv":[13.375,1.3125,13.5,1.6875],"texture":"#main"},"down":{"uv":[13.375,1.3125,13.5,1.6875],"texture":"#main"}}},{"from":[1,-6,10],"to":[10,-5.9,12],"faces":{"up":{"uv":[13.375,1.3125,13.5,1.6875],"texture":"#main"},"down":{"uv":[13.375,1.3125,13.5,1.6875],"texture":"#main"}}},{"from":[7,20,10],"to":[7.1,24,13],"faces":{"east":{"uv":[12.6875,1.375,12.875,1.625],"texture":"#main"},"west":{"uv":[12.9375,1.375,13.125,1.625],"texture":"#main"}}},{"from":[7,20,4],"to":[7.1,24,7],"faces":{"east":{"uv":[12.6875,1.375,12.875,1.625],"texture":"#main"},"west":{"uv":[12.9375,1.375,13.125,1.625],"texture":"#main"}}},{"from":[3,3,4],"to":[11,20,13],"faces":{"east":{"uv":[0,4,0.5625,5.0625],"texture":"#main"},"south":{"uv":[1.8125,4,2.3125,5.0625],"texture":"#main"},"north":{"uv":[1.25,4,1.75,5.0625],"texture":"#main"},"west":{"uv":[0.625,4,1.1875,5.0625],"texture":"#main"},"up":{"uv":[0,5.125,0.5625,5.625],"texture":"#main"},"down":{"uv":[0,5.125,0.5625,5.625],"texture":"#main"}}},{"rotation":{"origin":[6,2.875,12.75],"angle":45,"axis":"y"},"from":[6,2.875,12.75],"to":[6.1,30.875,28.75],"faces":{"east":{"uv":[2,6.0625,1,7.5625],"texture":"#main"},"west":{"uv":[1,6.0625,0,7.5],"texture":"#main"}}},{"from":[6,-6,10],"to":[6.1,3,12],"faces":{"east":{"uv":[1.375,5.3125,1.5,5.6875],"texture":"#main"},"west":{"uv":[1.375,5.3125,1.5,5.6875],"texture":"#main"}}},{"rotation":{"origin":[17.125,3,-7],"angle":-45,"axis":"y"},"from":[17.125,3,-7],"to":[17.225,31,9],"faces":{"east":{"uv":[1,6.0625,2,7.5625],"texture":"#main"},"west":{"uv":[0,6.0625,1,7.5],"texture":"#main"}}},{"from":[6,-6,5],"to":[6.1,3,7],"faces":{"east":{"uv":[1.375,5.3125,1.5,5.6875],"texture":"#main"},"west":{"uv":[1.375,5.3125,1.5,5.6875],"texture":"#main"}}},{"from":[1,-6,5],"to":[10,-5.9,7],"faces":{"up":{"uv":[1.375,5.3125,1.5,5.6875],"texture":"#main"},"down":{"uv":[1.375,5.3125,1.5,5.6875],"texture":"#main"}}},{"from":[1,-6,10],"to":[10,-5.9,12],"faces":{"up":{"uv":[1.375,5.3125,1.5,5.6875],"texture":"#main"},"down":{"uv":[1.375,5.3125,1.5,5.6875],"texture":"#main"}}},{"from":[7,20,10],"to":[7.1,24,13],"faces":{"east":{"uv":[0.6875,5.375,0.875,5.625],"texture":"#main"},"west":{"uv":[0.9375,5.375,1.125,5.625],"texture":"#main"}}},{"from":[7,20,4],"to":[7.1,24,7],"faces":{"east":{"uv":[0.6875,5.375,0.875,5.625],"texture":"#main"},"west":{"uv":[0.9375,5.375,1.125,5.625],"texture":"#main"}}}],"display":{"head":{"rotation":[0,90,0],"translation":[-0.7,-10.43,-4.173]},"firstperson_righthand":{"scale":[0.0001,0.0001,0.0001]},"thirdperson_lefthand":{"scale":[0.0001,0.0001,0.0001]},"firstperson_lefthand":{"scale":[0.0001,0.0001,0.0001]}}}