{"parent":"physical_parent","texture_size":[128,128],"textures":{"main":"pokemon/greninja"},"elements":[{"from":[5.5,6.02007,7.1009],"to":[10.5,12.02007,11.1009],"rotation":{"angle":-22.5,"axis":"x","origin":[8,12.27007,9.6009]},"faces":{"north":{"uv":[5.5,7.375,6.125,8.125],"texture":"#main"},"east":{"uv":[5,7.375,5.5,8.125],"texture":"#main"},"south":{"uv":[6.625,7.375,7.25,8.125],"texture":"#main"},"west":{"uv":[6.125,7.375,6.625,8.125],"texture":"#main"},"up":{"uv":[6.125,7.375,5.5,6.875],"texture":"#main"},"down":{"uv":[6.75,6.875,6.125,7.375],"texture":"#main"}}},{"from":[8,5.02007,8.1009],"to":[8,11.02007,17.1009],"rotation":{"angle":-22.5,"axis":"x","origin":[8,12.27007,9.6009]},"faces":{"north":{"uv":[1.125,6.125,1.125,6.875],"texture":"#main"},"east":{"uv":[0,6.125,1.125,6.875],"texture":"#main"},"south":{"uv":[2.25,6.125,2.25,6.875],"texture":"#main"},"west":{"uv":[1.125,6.125,2.25,6.875],"texture":"#main"},"up":{"uv":[1.125,6.125,1.125,5],"texture":"#main"},"down":{"uv":[1.125,5,1.125,6.125],"texture":"#main"}}},{"from":[1.5,4.75483,4.18734],"to":[5.5,8.75483,11.18734],"rotation":{"angle":22.5,"axis":"y","origin":[3.5,6.75483,7.68734]},"faces":{"north":{"uv":[6.125,5.875,6.625,6.375],"texture":"#main"},"east":{"uv":[5.25,5.875,6.125,6.375],"texture":"#main"},"south":{"uv":[7.5,5.875,8,6.375],"texture":"#main"},"west":{"uv":[6.625,5.875,7.5,6.375],"texture":"#main"},"up":{"uv":[6.625,5.875,6.125,5],"texture":"#main"},"down":{"uv":[7.125,5,6.625,5.875],"texture":"#main"}}},{"from":[10.5,4.75483,4.18734],"to":[14.5,8.75483,11.18734],"rotation":{"angle":-22.5,"axis":"y","origin":[12.5,6.75483,7.68734]},"faces":{"north":{"uv":[3.375,5.875,3.875,6.375],"texture":"#main"},"east":{"uv":[2.5,5.875,3.375,6.375],"texture":"#main"},"south":{"uv":[4.75,5.875,5.25,6.375],"texture":"#main"},"west":{"uv":[3.875,5.875,4.75,6.375],"texture":"#main"},"up":{"uv":[3.875,5.875,3.375,5],"texture":"#main"},"down":{"uv":[4.375,5,3.875,5.875],"texture":"#main"}}},{"from":[1.5,3.75483,5.18734],"to":[4.5,5.75483,12.18734],"rotation":{"angle":22.5,"axis":"x","origin":[3.5,3.75483,7.68734]},"faces":{"north":{"uv":[0.875,7.75,1.25,8],"texture":"#main"},"east":{"uv":[0,7.75,0.875,8],"texture":"#main"},"south":{"uv":[2.125,7.75,2.5,8],"texture":"#main"},"west":{"uv":[1.25,7.75,2.125,8],"texture":"#main"},"up":{"uv":[1.25,7.75,0.875,6.875],"texture":"#main"},"down":{"uv":[1.625,6.875,1.25,7.75],"texture":"#main"}}},{"from":[11.5,3.75483,5.18734],"to":[14.5,5.75483,12.18734],"rotation":{"angle":22.5,"axis":"x","origin":[12.5,3.75483,7.68734]},"faces":{"north":{"uv":[8.875,5.875,9.25,6.125],"texture":"#main"},"east":{"uv":[8,5.875,8.875,6.125],"texture":"#main"},"south":{"uv":[10.125,5.875,10.5,6.125],"texture":"#main"},"west":{"uv":[9.25,5.875,10.125,6.125],"texture":"#main"},"up":{"uv":[9.25,5.875,8.875,5],"texture":"#main"},"down":{"uv":[9.625,5,9.25,5.875],"texture":"#main"}}},{"from":[0.5,1.48737,7.53196],"to":[5.5,2.48737,12.53196],"rotation":{"angle":-22.5,"axis":"x","origin":[3,1.48737,8.53196]},"faces":{"north":{"uv":[10.375,7.5,11,7.625],"texture":"#main"},"east":{"uv":[9.75,7.5,10.375,7.625],"texture":"#main"},"south":{"uv":[11.625,7.5,12.25,7.625],"texture":"#main"},"west":{"uv":[11,7.5,11.625,7.625],"texture":"#main"},"up":{"uv":[11,7.5,10.375,6.875],"texture":"#main"},"down":{"uv":[11.625,6.875,11,7.5],"texture":"#main"}}},{"from":[10.5,1.48737,7.53196],"to":[15.5,2.48737,12.53196],"rotation":{"angle":-22.5,"axis":"x","origin":[13,1.48737,8.53196]},"faces":{"north":{"uv":[7.875,7.5,8.5,7.625],"texture":"#main"},"east":{"uv":[7.25,7.5,7.875,7.625],"texture":"#main"},"south":{"uv":[9.125,7.5,9.75,7.625],"texture":"#main"},"west":{"uv":[8.5,7.5,9.125,7.625],"texture":"#main"},"up":{"uv":[8.5,7.5,7.875,6.875],"texture":"#main"},"down":{"uv":[9.125,6.875,8.5,7.5],"texture":"#main"}}},{"from":[-0.5,1.48737,3.53196],"to":[6.5,1.48737,10.53196],"rotation":{"angle":-22.5,"axis":"x","origin":[3,1.48737,7.53196]},"faces":{"north":{"uv":[4.375,4.5,5.25,4.5],"texture":"#main"},"east":{"uv":[3.5,4.5,4.375,4.5],"texture":"#main"},"south":{"uv":[6.125,4.5,7,4.5],"texture":"#main"},"west":{"uv":[5.25,4.5,6.125,4.5],"texture":"#main"},"up":{"uv":[5.25,4.5,4.375,3.625],"texture":"#main"},"down":{"uv":[5.25,4.5,4.375,3.625],"rotation":180,"texture":"#main"}}},{"from":[9.5,1.48737,3.53196],"to":[16.5,1.48737,10.53196],"rotation":{"angle":-22.5,"axis":"x","origin":[13,1.48737,7.53196]},"faces":{"north":{"uv":[0.875,4.5,1.75,4.5],"texture":"#main"},"east":{"uv":[0,4.5,0.875,4.5],"texture":"#main"},"south":{"uv":[2.625,4.5,3.5,4.5],"texture":"#main"},"west":{"uv":[1.75,4.5,2.625,4.5],"texture":"#main"},"up":{"uv":[1.75,4.5,0.875,3.625],"texture":"#main"},"down":{"uv":[1.75,4.5,0.875,3.625],"rotation":180,"texture":"#main"}}},{"from":[4.75,11.02007,6.6009],"to":[11.25,17.02007,11.6009],"rotation":{"angle":-45,"axis":"x","origin":[8,12.27007,9.6009]},"faces":{"north":{"uv":[7.625,4.25,8.5,5],"texture":"#main"},"east":{"uv":[7,4.25,7.625,5],"texture":"#main"},"south":{"uv":[9.125,4.25,10,5],"texture":"#main"},"west":{"uv":[8.5,4.25,9.125,5],"texture":"#main"},"up":{"uv":[8.5,4.25,7.625,3.625],"texture":"#main"},"down":{"uv":[9.375,3.625,8.5,4.25],"texture":"#main"}}},{"from":[2.5,6.85947,4.62412],"to":[5.5,14.85947,6.62412],"rotation":{"angle":22.5,"axis":"x","origin":[4,10.85947,5.62412]},"faces":{"north":{"uv":[4.25,8.5,4.625,9.5],"texture":"#main"},"east":{"uv":[5.25,8.5,5.5,9.5],"texture":"#main"},"south":{"uv":[4.875,8.5,5.25,9.5],"texture":"#main"},"west":{"uv":[4.625,8.5,4.875,9.5],"texture":"#main"},"up":{"uv":[4.875,8.5,4.625,8.125],"rotation":270,"texture":"#main"},"down":{"uv":[5.125,8.125,4.875,8.5],"rotation":90,"texture":"#main"}}},{"from":[10.28311,15.74889,6.69418],"to":[16.28311,17.74889,9.69418],"rotation":{"angle":22.5,"axis":"z","origin":[19.79709,16.13255,8.19418]},"faces":{"north":{"uv":[2.375,8.5,3.125,8.75],"texture":"#main"},"east":{"uv":[2,8.5,2.375,8.75],"texture":"#main"},"south":{"uv":[3.5,8.5,4.25,8.75],"texture":"#main"},"west":{"uv":[3.125,8.5,3.5,8.75],"texture":"#main"},"up":{"uv":[3.125,8.5,2.375,8.125],"texture":"#main"},"down":{"uv":[3.875,8.125,3.125,8.5],"texture":"#main"}}},{"from":[3,1.02007,5.8509],"to":[5,6.02007,7.8509],"rotation":{"angle":22.5,"axis":"x","origin":[9.5,13.02007,8.6009]},"faces":{"north":{"uv":[4.5,9.75,4.75,10.375],"texture":"#main"},"east":{"uv":[4.25,9.75,4.5,10.375],"texture":"#main"},"south":{"uv":[5,9.75,5.25,10.375],"texture":"#main"},"west":{"uv":[4.75,9.75,5,10.375],"texture":"#main"},"up":{"uv":[4.75,9.75,4.5,9.5],"texture":"#main"},"down":{"uv":[5,9.5,4.75,9.75],"texture":"#main"}}},{"from":[15.93472,16.37057,7.19418],"to":[20.93472,18.37057,9.19418],"rotation":{"angle":22.5,"axis":"z","origin":[21.09099,17.36942,8.19418]},"faces":{"north":{"uv":[5.75,8.875,6.5,9.125],"texture":"#main"},"east":{"uv":[5.5,8.875,5.75,9.125],"texture":"#main"},"south":{"uv":[6.75,8.875,7.5,9.125],"texture":"#main"},"west":{"uv":[6.5,8.875,6.75,9.125],"texture":"#main"},"up":{"uv":[6.5,8.875,5.75,8.625],"texture":"#main"},"down":{"uv":[7.25,8.625,6.5,8.875],"texture":"#main"}}},{"from":[0,2.91291,-6.40138],"to":[8,2.91291,3.59862],"rotation":{"angle":-22.5,"axis":"x","origin":[4,5.41291,2.59862]},"faces":{"north":{"uv":[1.25,1.25,2.25,1.25],"texture":"#main"},"east":{"uv":[0,1.25,1.25,1.25],"texture":"#main"},"south":{"uv":[3.5,1.25,4.5,1.25],"texture":"#main"},"west":{"uv":[2.25,1.25,3.5,1.25],"texture":"#main"},"up":{"uv":[2.25,1.25,1.25,0],"texture":"#main"},"down":{"uv":[2.25,1.25,1.25,0],"rotation":180,"texture":"#main"}}},{"from":[18.49726,17.61826,4.19418],"to":[28.49726,17.61826,12.19418],"rotation":{"angle":22.5,"axis":"z","origin":[21.34099,17.61942,8.19418]},"faces":{"north":{"uv":[5.5,1,6.75,1],"texture":"#main"},"east":{"uv":[4.5,1,5.5,1],"texture":"#main"},"south":{"uv":[7.75,1,9,1],"texture":"#main"},"west":{"uv":[6.75,1,7.75,1],"texture":"#main"},"up":{"uv":[6.75,1,5.5,0],"texture":"#main"},"down":{"uv":[6.75,1,5.5,0],"texture":"#main"}}},{"from":[4.5,15.77164,4.35195],"to":[11.5,20.77164,9.35195],"rotation":{"angle":0,"axis":"x","origin":[9.04564,18.62124,7.44322]},"faces":{"north":{"uv":[10.625,4.25,11.5,4.875],"texture":"#main"},"east":{"uv":[10,4.25,10.625,4.875],"texture":"#main"},"south":{"uv":[12.125,4.25,13,4.875],"texture":"#main"},"west":{"uv":[11.5,4.25,12.125,4.875],"texture":"#main"},"up":{"uv":[11.5,4.25,10.625,3.625],"texture":"#main"},"down":{"uv":[12.375,3.625,11.5,4.25],"texture":"#main"}}},{"from":[4.5,21.39,6.6833],"to":[11.5,21.39,10.6833],"rotation":{"angle":-22.5,"axis":"x","origin":[8,21.39,8.6833]},"faces":{"north":{"uv":[10.625,4.25,11.5,4.875],"texture":"#main"},"east":{"uv":[10,4.25,10.625,4.875],"texture":"#main"},"south":{"uv":[12.125,4.25,13,4.875],"texture":"#main"},"west":{"uv":[11.5,4.25,12.125,4.875],"texture":"#main"},"up":{"uv":[11.5,3.5,10.625,3],"texture":"#main"},"down":{"uv":[11.5,3.5,10.625,3],"rotation":180,"texture":"#main"}}},{"from":[8,18.77164,0.35195],"to":[8,24.77164,12.35195],"rotation":{"angle":0,"axis":"x","origin":[9.04564,18.62124,7.44322]},"faces":{"north":{"uv":[1.5,2.875,1.5,3.625],"texture":"#main"},"east":{"uv":[0,2.875,1.5,3.625],"texture":"#main"},"south":{"uv":[3,2.875,3,3.625],"texture":"#main"},"west":{"uv":[1.5,2.875,3,3.625],"texture":"#main"},"up":{"uv":[1.5,2.875,1.5,1.375],"texture":"#main"},"down":{"uv":[1.5,1.375,1.5,2.875],"texture":"#main"}}},{"from":[4.3607,18.77164,5.1047],"to":[4.3607,24.77164,16.1047],"shade":false,"rotation":{"angle":-22.5,"axis":"y","origin":[7.20436,18.62124,7.94322]},"faces":{"north":{"uv":[7.625,2.75,7.625,3.5],"texture":"#main"},"east":{"uv":[9,2.75,7.625,3.5],"texture":"#main"},"south":{"uv":[9,2.75,9,3.5],"texture":"#main"},"west":{"uv":[7.625,2.75,9,3.5],"texture":"#main"},"up":{"uv":[7.625,2.75,7.625,1.375],"texture":"#main"},"down":{"uv":[7.625,1.375,7.625,2.75],"texture":"#main"}}},{"from":[11.6393,18.77164,5.1047],"to":[11.6393,24.77164,16.1047],"shade":false,"rotation":{"angle":22.5,"axis":"y","origin":[8.79564,18.62124,7.94322]},"faces":{"north":{"uv":[7.625,2.75,7.625,3.5],"texture":"#main"},"east":{"uv":[9,2.75,7.625,3.5],"texture":"#main"},"south":{"uv":[9,2.75,9,3.5],"texture":"#main"},"west":{"uv":[7.625,2.75,9,3.5],"texture":"#main"},"up":{"uv":[7.625,2.75,7.625,1.375],"texture":"#main"},"down":{"uv":[7.625,1.375,7.625,2.75],"texture":"#main"}}},{"from":[4.6107,18.77164,5.1047],"to":[4.6107,24.77164,16.1047],"shade":false,"rotation":{"angle":-22.5,"axis":"y","origin":[7.20436,18.62124,7.94322]},"faces":{"north":{"uv":[7.625,2.75,7.625,3.5],"texture":"#main"},"east":{"uv":[6.25,2.75,7.625,3.5],"texture":"#main"},"south":{"uv":[9,2.75,9,3.5],"texture":"#main"},"west":{"uv":[7.625,2.75,6.25,3.5],"texture":"#main"},"up":{"uv":[7.625,2.75,7.625,1.375],"texture":"#main"},"down":{"uv":[7.625,1.375,7.625,2.75],"texture":"#main"}}},{"from":[11.3893,18.77164,5.1047],"to":[11.3893,24.77164,16.1047],"shade":false,"rotation":{"angle":22.5,"axis":"y","origin":[8.79564,18.62124,7.94322]},"faces":{"north":{"uv":[7.625,2.75,7.625,3.5],"texture":"#main"},"east":{"uv":[6.25,2.75,7.625,3.5],"texture":"#main"},"south":{"uv":[9,2.75,9,3.5],"texture":"#main"},"west":{"uv":[7.625,2.75,6.25,3.5],"texture":"#main"},"up":{"uv":[7.625,2.75,7.625,1.375],"texture":"#main"},"down":{"uv":[7.625,1.375,7.625,2.75],"texture":"#main"}}},{"from":[4,16.02139,1.76527],"to":[12,19.02139,9.76527],"rotation":{"angle":-22.5,"axis":"x","origin":[9.04564,18.62124,7.44322]},"faces":{"north":{"uv":[10,1,11,1.375],"texture":"#main"},"east":{"uv":[9,1,10,1.375],"texture":"#main"},"south":{"uv":[12,1,13,1.375],"texture":"#main"},"west":{"uv":[11,1,12,1.375],"texture":"#main"},"up":{"uv":[11,1,10,0],"texture":"#main"},"down":{"uv":[12,0,11,1],"texture":"#main"}}},{"from":[1.122,16.16969,7.17689],"to":[6.122,18.16969,9.17689],"rotation":{"angle":22.5,"axis":"y","origin":[8.95436,17.37124,7.44322]},"faces":{"north":{"uv":[0.25,9.75,0.875,10],"texture":"#main"},"east":{"uv":[0,9.75,0.25,10],"texture":"#main"},"south":{"uv":[1.125,9.75,1.75,10],"texture":"#main"},"west":{"uv":[0.875,9.75,1.125,10],"texture":"#main"},"up":{"uv":[0.875,9.75,0.25,9.5],"texture":"#main"},"down":{"uv":[1.5,9.5,0.875,9.75],"texture":"#main"}}},{"from":[-2.41103,13.56331,10.07507],"to":[2.58897,15.56331,12.07507],"rotation":{"angle":-22.5,"axis":"z","origin":[8.95436,17.37124,7.44322]},"faces":{"north":{"uv":[7.75,8.375,8.375,8.625],"texture":"#main"},"east":{"uv":[7.5,8.375,7.75,8.625],"texture":"#main"},"south":{"uv":[8.625,8.375,9.25,8.625],"texture":"#main"},"west":{"uv":[8.375,8.375,8.625,8.625],"texture":"#main"},"up":{"uv":[8.375,8.375,7.75,8.125],"texture":"#main"},"down":{"uv":[9,8.125,8.375,8.375],"texture":"#main"}}},{"from":[-7.31074,17.66969,8.57507],"to":[-1.31074,19.66969,10.57507],"rotation":{"angle":-45,"axis":"y","origin":[-3.81074,18.66969,9.57507]},"faces":{"north":{"uv":[5.75,8.375,6.5,8.625],"texture":"#main"},"east":{"uv":[5.5,8.375,5.75,8.625],"texture":"#main"},"south":{"uv":[6.75,8.375,7.5,8.625],"texture":"#main"},"west":{"uv":[6.5,8.375,6.75,8.625],"texture":"#main"},"up":{"uv":[6.5,8.375,5.75,8.125],"texture":"#main"},"down":{"uv":[7.25,8.125,6.5,8.375],"texture":"#main"}}},{"from":[-5.16429,17.66969,2.22151],"to":[-3.16429,19.66969,8.22151],"rotation":{"angle":-45,"axis":"y","origin":[-4.16429,18.66969,5.22151]},"faces":{"north":{"uv":[0.75,8.875,1,9.125],"texture":"#main"},"east":{"uv":[0,8.875,0.75,9.125],"texture":"#main"},"south":{"uv":[1.75,8.875,2,9.125],"texture":"#main"},"west":{"uv":[1,8.875,1.75,9.125],"texture":"#main"},"up":{"uv":[1,8.875,0.75,8.125],"texture":"#main"},"down":{"uv":[1.25,8.125,1,8.875],"texture":"#main"}}},{"from":[10,18.02164,4.10195],"to":[11.75,21.02164,7.10195],"rotation":{"angle":0,"axis":"x","origin":[9.04564,18.62124,7.44322]},"faces":{"north":{"uv":[3.375,9.875,3.5,10.25],"texture":"#main"},"east":{"uv":[0.125,14.75,0.875,15.5],"texture":"#main"},"south":{"uv":[3.875,9.875,4,10.25],"texture":"#main"},"west":{"uv":[3.5,9.875,3.875,10.25],"texture":"#main"},"up":{"uv":[3.5,9.875,3.375,9.5],"texture":"#main"},"down":{"uv":[3.625,9.5,3.5,9.875],"texture":"#main"}}},{"from":[4.25,18.02164,4.10195],"to":[6,21.02164,7.10195],"rotation":{"angle":0,"axis":"x","origin":[9.04564,18.62124,7.44322]},"faces":{"north":{"uv":[2.125,9.875,2.25,10.25],"texture":"#main"},"east":{"uv":[1.75,9.875,2.125,10.25],"texture":"#main"},"south":{"uv":[2.625,9.875,2.75,10.25],"texture":"#main"},"west":{"uv":[0.875,14.75,0.125,15.5],"texture":"#main"},"up":{"uv":[2.25,9.875,2.125,9.5],"texture":"#main"},"down":{"uv":[2.375,9.5,2.25,9.875],"texture":"#main"}}},{"from":[3.79718,16.77164,3.67352],"to":[8.54718,20.52164,8.42352],"rotation":{"angle":-45,"axis":"y","origin":[9.04564,18.62124,7.44322]},"faces":{"north":{"uv":[3.125,7.5,3.75,7.875],"texture":"#main"},"east":{"uv":[2.5,7.5,3.125,7.875],"texture":"#main"},"south":{"uv":[4.375,7.5,5,7.875],"texture":"#main"},"west":{"uv":[3.75,7.5,4.375,7.875],"texture":"#main"},"up":{"uv":[3.75,7.5,3.125,6.875],"texture":"#main"},"down":{"uv":[4.375,6.875,3.75,7.5],"texture":"#main"}}}],"display":{"head":{"translation":[0,-29.5,0],"scale":[2,2,2]}}}