{"parent":"physical_parent","textures":{"main":"pokemon/grimer-alola"},"elements":[{"from":[1,0,1],"to":[11,2,11],"faces":{"east":{"uv":[0,0,2.5,0.5],"texture":"#main"},"south":{"uv":[0,0,2.5,0.5],"texture":"#main","rotation":180},"north":{"uv":[0,0,2.5,0.5],"texture":"#main"},"west":{"uv":[0,0,2.5,0.5],"texture":"#main"},"up":{"uv":[0,3.5,2.5,6],"texture":"#main"},"down":{"uv":[0,3.5,2.5,6],"texture":"#main"}}},{"from":[5,3,10],"to":[13,6,13],"faces":{"east":{"uv":[2.5,8.75,3.25,9.5],"texture":"#main"},"south":{"uv":[0.25,8.75,2.25,9.5],"texture":"#main"},"north":{"uv":[0.25,8.75,2.25,9.5],"texture":"#main"},"west":{"uv":[3.5,8.75,4.25,9.5],"texture":"#main"},"up":{"uv":[0.25,8.75,2.25,9.5],"texture":"#main"},"down":{"uv":[0.25,8.75,2.25,9.5],"texture":"#main"}}},{"from":[2,2,2],"to":[10,10,10],"faces":{"east":{"uv":[2.75,0.75,4.75,2.75],"texture":"#main"},"south":{"uv":[5,3,7,5],"texture":"#main"},"north":{"uv":[5,0.75,7,2.75],"texture":"#main"},"west":{"uv":[2.75,3,4.75,5],"texture":"#main"},"up":{"uv":[7.25,0.75,9.25,2.75],"texture":"#main"}}},{"from":[5,3,-1],"to":[13,6,2],"faces":{"east":{"uv":[2.5,8.75,3.25,9.5],"texture":"#main"},"south":{"uv":[0.25,8.75,2.25,9.5],"texture":"#main"},"north":{"uv":[0.25,8.75,2.25,9.5],"texture":"#main"},"west":{"uv":[3.5,8.75,4.25,9.5],"texture":"#main"},"up":{"uv":[0.25,8.75,2.25,9.5],"texture":"#main"},"down":{"uv":[0.25,8.75,2.25,9.5],"texture":"#main"}}},{"from":[10,3,3],"to":[11,5,9],"faces":{"east":{"uv":[9.75,2,11.5,2.5],"texture":"#main"},"south":{"uv":[11.25,2,11.5,2.5],"texture":"#main"},"north":{"uv":[11.25,2,11.5,2.5],"texture":"#main"},"up":{"uv":[9.75,2,11.5,2.25],"texture":"#main","rotation":90},"down":{"uv":[9.75,2.25,11.5,2.5],"texture":"#main","rotation":90}}},{"from":[4,9,3],"to":[11,13,9],"faces":{"east":{"uv":[2.75,5.25,4.25,6.25],"texture":"#main"},"south":{"uv":[6.25,6.5,4.5,7.5],"texture":"#main"},"north":{"uv":[4.5,6.5,6.25,7.5],"texture":"#main"},"west":{"uv":[4.5,5.25,6,6.25],"texture":"#main"},"up":{"uv":[6.75,6.5,8.25,8.25],"texture":"#main"},"down":{"uv":[6.75,6.5,8.25,8.25],"texture":"#main","rotation":90}}},{"from":[4,8.25,7],"to":[10.75,9,8.75],"faces":{"east":{"uv":[2.75,5.75,3,6],"texture":"#main"},"south":{"uv":[2.75,5.75,3,6],"texture":"#main"},"north":{"uv":[2.75,5.75,3,6],"texture":"#main"},"west":{"uv":[4.5,5.25,6,6.25],"texture":"#main"},"up":{"uv":[6.75,6.5,8.25,8.25],"texture":"#main"},"down":{"uv":[2.75,5.75,3,6],"texture":"#main"}}},{"from":[4,8.25,3.25],"to":[10.75,9,5],"faces":{"east":{"uv":[2.75,5.75,3,6],"texture":"#main"},"south":{"uv":[2.75,5.75,3,6],"texture":"#main"},"north":{"uv":[2.75,5.75,3,6],"texture":"#main"},"west":{"uv":[4.5,5.25,6,6.25],"texture":"#main"},"up":{"uv":[6.75,6.5,8.25,8.25],"texture":"#main"},"down":{"uv":[2.75,5.75,3,6],"texture":"#main"}}}],"display":{"head":{"rotation":[0,90,0],"translation":[3.3913,-29.93,-2.086],"scale":[1.7,1.7,1.7]},"firstperson_righthand":{"scale":[0.0001,0.0001,0.0001]},"thirdperson_lefthand":{"scale":[0.0001,0.0001,0.0001]},"firstperson_lefthand":{"scale":[0.0001,0.0001,0.0001]}}}