{"credit":"Made with Blockbench","parent":"physical_parent","texture_size":[128,128],"textures":{"main":"pokemon/groudon"},"elements":[{"from":[2,5,1],"to":[14,19,12],"rotation":{"angle":-22.5,"axis":"x","origin":[8,12,6.5]},"faces":{"north":{"uv":[0,0,1.5,1.75],"texture":"#main"},"east":{"uv":[0,1.75,1.375,3.5],"texture":"#main"},"south":{"uv":[1.5,0,3,1.75],"texture":"#main"},"west":{"uv":[1.375,1.75,2.75,3.5],"texture":"#main"},"up":{"uv":[4.25,3.125,2.75,1.75],"texture":"#main"},"down":{"uv":[4.5,0,3,1.375],"texture":"#main"}}},{"from":[3.5,17.25,-1.25],"to":[12.5,26.25,7.75],"rotation":{"angle":45,"axis":"x","origin":[9.5,22.75,0.75]},"faces":{"north":{"uv":[4.125,3.125,5.25,4.25],"texture":"#main"},"east":{"uv":[4.25,1.375,5.375,2.5],"texture":"#main"},"south":{"uv":[4.125,4.25,5.25,5.375],"texture":"#main"},"west":{"uv":[0,4.5,1.125,5.625],"texture":"#main"},"up":{"uv":[5.625,1.125,4.5,0],"texture":"#main"},"down":{"uv":[2.25,4.5,1.125,5.625],"texture":"#main"}}},{"from":[4.5,20.5,-5.5],"to":[11.5,27.5,1.5],"rotation":{"angle":22.5,"axis":"x","origin":[10.5,26,-3.5]},"faces":{"north":{"uv":[4,5.375,4.875,6.25],"texture":"#main"},"east":{"uv":[0,5.625,0.875,6.5],"texture":"#main"},"south":{"uv":[5.625,0,6.5,0.875],"texture":"#main"},"west":{"uv":[0.875,5.625,1.75,6.5],"texture":"#main"},"up":{"uv":[6.75,5.625,5.875,4.75],"texture":"#main"},"down":{"uv":[6.75,5.625,5.875,6.5],"texture":"#main"}}},{"from":[11.5,0,5],"to":[16.5,10,11],"rotation":{"angle":-22.5,"axis":"y","origin":[14,5,8]},"faces":{"north":{"uv":[5.25,4.75,5.875,6],"texture":"#main"},"east":{"uv":[3.25,5.125,4,6.375],"texture":"#main"},"south":{"uv":[5.375,1.125,6,2.375],"texture":"#main"},"west":{"uv":[5.25,3.5,6,4.75],"texture":"#main"},"up":{"uv":[2.625,8,2,7.25],"texture":"#main"},"down":{"uv":[5.75,7.25,5.125,8],"texture":"#main"}}},{"from":[11.5,0,3],"to":[16.5,0,5],"rotation":{"angle":-22.5,"axis":"y","origin":[14,5,8]},"faces":{"north":{"uv":[0,0,0.625,0],"texture":"#main"},"east":{"uv":[0,0,0.25,0],"texture":"#main"},"south":{"uv":[0,0,0.625,0],"texture":"#main"},"west":{"uv":[0,0,0.25,0],"texture":"#main"},"up":{"uv":[6.625,4.625,6,4.375],"texture":"#main"},"down":{"uv":[6.625,4.375,6,4.625],"texture":"#main"}}},{"from":[2.499,3.99169,9.00842],"to":[13.501,7.99369,17.01042],"rotation":{"angle":22.5,"axis":"x","origin":[8.5,6.49269,14.50942]},"faces":{"north":{"uv":[6,1.75,7.375,2.25],"texture":"#main"},"east":{"uv":[6.875,0.75,7.875,1.25],"texture":"#main"},"south":{"uv":[1.75,6.125,3.125,6.625],"texture":"#main"},"west":{"uv":[6.875,1.25,7.875,1.75],"texture":"#main"},"up":{"uv":[4.125,4.125,2.75,3.125],"texture":"#main"},"down":{"uv":[1.375,3.5,0,4.5],"texture":"#main"}}},{"from":[2.5,3.22628,15.86241],"to":[13.5,7.22628,23.86241],"rotation":{"angle":0,"axis":"x","origin":[8.5,5.72628,21.36241]},"faces":{"north":{"uv":[6.25,2.25,7.625,2.75],"texture":"#main"},"east":{"uv":[6.875,3.25,7.875,3.75],"texture":"#main"},"south":{"uv":[6.25,2.75,7.625,3.25],"texture":"#main"},"west":{"uv":[6.875,3.75,7.875,4.25],"texture":"#main"},"up":{"uv":[2.75,4.5,1.375,3.5],"texture":"#main"},"down":{"uv":[4.125,4.125,2.75,5.125],"texture":"#main"}}},{"from":[13.5,5.22628,12.86241],"to":[16.5,5.22628,23.86241],"rotation":{"angle":0,"axis":"x","origin":[8.5,5.72628,21.36241]},"faces":{"north":{"uv":[0,0,0.375,0],"texture":"#main"},"east":{"uv":[0,0,1.375,0],"texture":"#main"},"south":{"uv":[0,0,0.375,0],"texture":"#main"},"west":{"uv":[0,0,1.375,0],"texture":"#main"},"up":{"uv":[3,8,2.625,6.625],"texture":"#main"},"down":{"uv":[3,6.625,2.625,8],"texture":"#main"}}},{"from":[11.5,21.85939,-5.2298],"to":[14.5,21.85939,0.7702],"rotation":{"angle":22.5,"axis":"x","origin":[3.5,25.35939,3.2702]},"faces":{"north":{"uv":[0,0,0.375,0],"texture":"#main"},"east":{"uv":[0,0,0.75,0],"texture":"#main"},"south":{"uv":[0,0,0.375,0],"texture":"#main"},"west":{"uv":[0,0,0.75,0],"texture":"#main"},"up":{"uv":[7,8.125,6.625,7.375],"texture":"#main"},"down":{"uv":[7,8.125,6.625,7.375],"texture":"#main"}}},{"from":[14,10.4099,4.11638],"to":[17,21.4099,4.11638],"rotation":{"angle":-22.5,"axis":"x","origin":[9,12.9099,12.61638]},"faces":{"north":{"uv":[3.375,7,3.75,8.375],"texture":"#main"},"east":{"uv":[0,0,0,1.375],"texture":"#main"},"south":{"uv":[3.75,7,3.375,8.375],"texture":"#main"},"west":{"uv":[0,0,0,1.375],"texture":"#main"},"up":{"uv":[0.375,0,0,0],"texture":"#main"},"down":{"uv":[0.375,0,0,0],"texture":"#main"}}},{"from":[12.5,6.90154,21.08095],"to":[12.5,11.90154,28.08095],"rotation":{"angle":-22.5,"axis":"x","origin":[6.5,9.15154,30.91575]},"faces":{"north":{"uv":[0,0,0,0.625],"texture":"#main"},"east":{"uv":[1.75,6.625,2.625,7.25],"texture":"#main"},"south":{"uv":[0,0,0,0.625],"texture":"#main"},"west":{"uv":[2.625,6.625,1.75,7.25],"texture":"#main"},"up":{"uv":[0,0.875,0,0],"texture":"#main"},"down":{"uv":[0,0,0,0.875],"texture":"#main"}}},{"from":[9.5,6.65154,22.08095],"to":[9.5,11.65154,29.08095],"rotation":{"angle":-22.5,"axis":"x","origin":[6.5,9.15154,30.91575]},"faces":{"north":{"uv":[0,0,0,0.625],"texture":"#main"},"east":{"uv":[1.75,6.625,2.625,7.25],"texture":"#main"},"south":{"uv":[0,0,0,0.625],"texture":"#main"},"west":{"uv":[2.625,6.625,1.75,7.25],"texture":"#main"},"up":{"uv":[0,0.875,0,0],"texture":"#main"},"down":{"uv":[0,0,0,0.875],"texture":"#main"}}},{"from":[6.5,6.65154,22.08095],"to":[6.5,11.65154,29.08095],"rotation":{"angle":-22.5,"axis":"x","origin":[9.5,9.15154,30.91575]},"faces":{"north":{"uv":[0,0,0,0.625],"texture":"#main"},"east":{"uv":[1.75,6.625,2.625,7.25],"texture":"#main"},"south":{"uv":[0,0,0,0.625],"texture":"#main"},"west":{"uv":[2.625,6.625,1.75,7.25],"texture":"#main"},"up":{"uv":[0,0.875,0,0],"texture":"#main"},"down":{"uv":[0,0,0,0.875],"texture":"#main"}}},{"from":[3.5,6.90154,21.08095],"to":[3.5,11.90154,28.08095],"rotation":{"angle":-22.5,"axis":"x","origin":[9.5,9.15154,30.91575]},"faces":{"north":{"uv":[0,0,0,0.625],"texture":"#main"},"east":{"uv":[1.75,6.625,2.625,7.25],"texture":"#main"},"south":{"uv":[0,0,0,0.625],"texture":"#main"},"west":{"uv":[2.625,6.625,1.75,7.25],"texture":"#main"},"up":{"uv":[0,0.875,0,0],"texture":"#main"},"down":{"uv":[0,0,0,0.875],"texture":"#main"}}},{"from":[11.5,18,-2],"to":[15.5,22,2],"rotation":{"angle":22.5,"axis":"x","origin":[13,19.5,-0.5]},"faces":{"north":{"uv":[2.25,4.5,2.75,5],"texture":"#main"},"east":{"uv":[1.75,5.625,2.25,6.125],"texture":"#main"},"south":{"uv":[0.375,7.625,0.875,8.125],"texture":"#main"},"west":{"uv":[7.625,2.25,8.125,2.75],"texture":"#main"},"up":{"uv":[8.125,3.25,7.625,2.75],"texture":"#main"},"down":{"uv":[8.125,5.125,7.625,5.625],"texture":"#main"}}},{"from":[14.25,14,-6.25],"to":[17.25,21,-1.25],"rotation":{"angle":45,"axis":"x","origin":[15.75,15.5,-4.75]},"faces":{"north":{"uv":[6.25,7.25,6.625,8.125],"texture":"#main"},"east":{"uv":[6.625,6.5,7.25,7.375],"texture":"#main"},"south":{"uv":[7.375,4.25,7.75,5.125],"texture":"#main"},"west":{"uv":[6.75,4.375,7.375,5.25],"texture":"#main"},"up":{"uv":[5.25,6,4.875,5.375],"texture":"#main"},"down":{"uv":[8,5.625,7.625,6.25],"texture":"#main"}}},{"from":[15.25,9.46447,-8.12868],"to":[15.25,11.46447,-3.12868],"rotation":{"angle":45,"axis":"x","origin":[15.75,11.96447,-2.62868]},"faces":{"north":{"uv":[0,0,0,0.25],"texture":"#main"},"east":{"uv":[4.125,7,4.75,7.25],"texture":"#main"},"south":{"uv":[0,0,0,0.25],"texture":"#main"},"west":{"uv":[4.75,7,4.125,7.25],"texture":"#main"},"up":{"uv":[0,0.625,0,0],"texture":"#main"},"down":{"uv":[0,0,0,0.625],"texture":"#main"}}},{"from":[4,21.90957,-14.36537],"to":[12,26.90957,-6.36537],"rotation":{"angle":-22.5,"axis":"x","origin":[8,25.40957,-10.58881]},"faces":{"north":{"uv":[4.25,2.5,5.25,3.125],"texture":"#main"},"east":{"uv":[4.875,6,5.875,6.625],"texture":"#main"},"south":{"uv":[3.125,6.375,4.125,7],"texture":"#main"},"west":{"uv":[0,6.5,1,7.125],"texture":"#main"},"up":{"uv":[3.25,6.125,2.25,5.125],"texture":"#main"},"down":{"uv":[6.25,2.5,5.25,3.5],"texture":"#main"}}},{"from":[4.5,20.44449,-12.67612],"to":[11.5,22.44449,-5.67612],"rotation":{"angle":-22.5,"axis":"x","origin":[8.5,23.94449,-8.89956]},"faces":{"north":{"uv":[3,1.375,3.875,1.625],"texture":"#main"},"east":{"uv":[4.5,1.125,5.375,1.375],"texture":"#main"},"south":{"uv":[7.25,0.5,8.125,0.75],"texture":"#main"},"west":{"uv":[7.625,6.25,8.5,6.5],"texture":"#main"},"up":{"uv":[6.875,1.75,6,0.875],"texture":"#main"},"down":{"uv":[6.875,3.5,6,4.375],"texture":"#main"}}},{"from":[5,21.75,-8.75],"to":[11,27.75,-4.75],"rotation":{"angle":0,"axis":"x","origin":[8,24.75,-6.75]},"faces":{"north":{"uv":[4.125,6.25,4.875,7],"texture":"#main"},"east":{"uv":[5.75,7.25,6.25,8],"texture":"#main"},"south":{"uv":[6.5,0,7.25,0.75],"texture":"#main"},"west":{"uv":[7.25,6.5,7.75,7.25],"texture":"#main"},"up":{"uv":[8,7.75,7.25,7.25],"texture":"#main"},"down":{"uv":[8.125,1.75,7.375,2.25],"texture":"#main"}}},{"from":[12,16.12402,-9.82217],"to":[12,22.12402,-3.82217],"rotation":{"angle":-22.5,"axis":"x","origin":[12,19.12402,-8.77815]},"faces":{"north":{"uv":[0,0,0,0.75],"texture":"#main"},"east":{"uv":[1,6.5,1.75,7.25],"texture":"#main"},"south":{"uv":[0,0,0,0.75],"texture":"#main"},"west":{"uv":[1.75,6.5,1,7.25],"texture":"#main"},"up":{"uv":[0,0.75,0,0],"texture":"#main"},"down":{"uv":[0,0,0,0.75],"texture":"#main"}}},{"from":[-0.5,5.22628,12.86241],"to":[2.5,5.22628,23.86241],"rotation":{"angle":0,"axis":"x","origin":[7.5,5.72628,21.36241]},"faces":{"north":{"uv":[0.375,0,0,0],"texture":"#main"},"east":{"uv":[1.375,0,0,0],"texture":"#main"},"south":{"uv":[0.375,0,0,0],"texture":"#main"},"west":{"uv":[1.375,0,0,0],"texture":"#main"},"up":{"uv":[2.625,8,3,6.625],"texture":"#main"},"down":{"uv":[2.625,6.625,3,8],"texture":"#main"}}},{"from":[-0.5,0,3],"to":[4.5,0,5],"rotation":{"angle":22.5,"axis":"y","origin":[2,5,8]},"faces":{"north":{"uv":[0.625,0,0,0],"texture":"#main"},"east":{"uv":[0.25,0,0,0],"texture":"#main"},"south":{"uv":[0.625,0,0,0],"texture":"#main"},"west":{"uv":[0.25,0,0,0],"texture":"#main"},"up":{"uv":[6,4.625,6.625,4.375],"texture":"#main"},"down":{"uv":[6,4.375,6.625,4.625],"texture":"#main"}}},{"from":[-1,10.4099,4.11638],"to":[2,21.4099,4.11638],"rotation":{"angle":-22.5,"axis":"x","origin":[7,12.9099,12.61638]},"faces":{"north":{"uv":[3.75,7,3.375,8.375],"texture":"#main"},"east":{"uv":[0,0,0,1.375],"texture":"#main"},"south":{"uv":[3.375,7,3.75,8.375],"texture":"#main"},"west":{"uv":[0,0,0,1.375],"texture":"#main"},"up":{"uv":[0,0,0.375,0],"texture":"#main"},"down":{"uv":[0,0,0.375,0],"texture":"#main"}}},{"from":[1.5,21.85939,-5.2298],"to":[4.5,21.85939,0.7702],"rotation":{"angle":22.5,"axis":"x","origin":[12.5,25.35939,3.2702]},"faces":{"north":{"uv":[0.375,0,0,0],"texture":"#main"},"east":{"uv":[0.75,0,0,0],"texture":"#main"},"south":{"uv":[0.375,0,0,0],"texture":"#main"},"west":{"uv":[0.75,0,0,0],"texture":"#main"},"up":{"uv":[6.625,8.125,7,7.375],"texture":"#main"},"down":{"uv":[6.625,8.125,7,7.375],"texture":"#main"}}},{"from":[0.75,9.46447,-8.12868],"to":[0.75,11.46447,-3.12868],"rotation":{"angle":45,"axis":"x","origin":[0.25,11.96447,-2.62868]},"faces":{"north":{"uv":[0,0,0,0.25],"texture":"#main"},"east":{"uv":[4.125,7,4.75,7.25],"texture":"#main"},"south":{"uv":[0,0,0,0.25],"texture":"#main"},"west":{"uv":[4.75,7,4.125,7.25],"texture":"#main"},"up":{"uv":[0,0.625,0,0],"texture":"#main"},"down":{"uv":[0,0,0,0.625],"texture":"#main"}}},{"from":[4,16.12402,-9.82217],"to":[4,22.12402,-3.82217],"rotation":{"angle":-22.5,"axis":"x","origin":[4,19.12402,-8.77815]},"faces":{"north":{"uv":[0,0,0,0.75],"texture":"#main"},"east":{"uv":[1,6.5,1.75,7.25],"texture":"#main"},"south":{"uv":[0,0,0,0.75],"texture":"#main"},"west":{"uv":[1.75,6.5,1,7.25],"texture":"#main"},"up":{"uv":[0,0.75,0,0],"texture":"#main"},"down":{"uv":[0,0,0,0.75],"texture":"#main"}}},{"from":[4,16.12402,-9.82217],"to":[4,22.12402,-3.82217],"rotation":{"angle":-22.5,"axis":"x","origin":[4,19.12402,-8.77815]},"faces":{"north":{"uv":[0,0,0,0.75],"texture":"#main"},"east":{"uv":[1,6.5,1.75,7.25],"texture":"#main"},"south":{"uv":[0,0,0,0.75],"texture":"#main"},"west":{"uv":[1.75,6.5,1,7.25],"texture":"#main"},"up":{"uv":[0,0.75,0,0],"texture":"#main"},"down":{"uv":[0,0,0,0.75],"texture":"#main"}}},{"from":[-0.5,0,5],"to":[4.5,10,11],"rotation":{"angle":22.5,"axis":"y","origin":[2,5,8]},"faces":{"north":{"uv":[5.875,4.75,5.25,6],"texture":"#main"},"east":{"uv":[6,3.5,5.25,4.75],"texture":"#main"},"south":{"uv":[6,1.125,5.375,2.375],"texture":"#main"},"west":{"uv":[4,5.125,3.25,6.375],"texture":"#main"},"up":{"uv":[2,8,2.625,7.25],"texture":"#main"},"down":{"uv":[5.125,7.25,5.75,8],"texture":"#main"}}},{"from":[-1.25,14,-6.25],"to":[1.75,21,-1.25],"rotation":{"angle":45,"axis":"x","origin":[0.25,15.5,-4.75]},"faces":{"north":{"uv":[6.625,7.25,6.25,8.125],"texture":"#main"},"east":{"uv":[7.375,4.375,6.75,5.25],"texture":"#main"},"south":{"uv":[7.75,4.25,7.375,5.125],"texture":"#main"},"west":{"uv":[7.25,6.5,6.625,7.375],"texture":"#main"},"up":{"uv":[4.875,6,5.25,5.375],"texture":"#main"},"down":{"uv":[7.625,5.625,8,6.25],"texture":"#main"}}},{"from":[0.5,18,-2],"to":[4.5,22,2],"rotation":{"angle":22.5,"axis":"x","origin":[3,19.5,-0.5]},"faces":{"north":{"uv":[2.75,4.5,2.25,5],"texture":"#main"},"east":{"uv":[8.125,2.25,7.625,2.75],"texture":"#main"},"south":{"uv":[0.875,7.625,0.375,8.125],"texture":"#main"},"west":{"uv":[2.25,5.625,1.75,6.125],"texture":"#main"},"up":{"uv":[7.625,3.25,8.125,2.75],"texture":"#main"},"down":{"uv":[7.625,5.125,8.125,5.625],"texture":"#main"}}},{"from":[4,25.73369,-15.52386],"to":[4,29.73369,-7.52386],"rotation":{"angle":-22.5,"axis":"x","origin":[4,27.73369,-14.12382]},"faces":{"north":{"uv":[0,0,0,0.5],"texture":"#main"},"east":{"uv":[0,7.125,1,7.625],"texture":"#main"},"south":{"uv":[0,0,0,0.5],"texture":"#main"},"west":{"uv":[1,7.125,0,7.625],"texture":"#main"},"up":{"uv":[0,1,0,0],"texture":"#main"},"down":{"uv":[0,0,0,1],"texture":"#main"}}},{"from":[6.5,25.73369,-15.52386],"to":[6.5,29.73369,-7.52386],"rotation":{"angle":-22.5,"axis":"x","origin":[4,27.73369,-14.12382]},"faces":{"north":{"uv":[0,0,0,0.5],"texture":"#main"},"east":{"uv":[0,7.125,1,7.625],"texture":"#main"},"south":{"uv":[0,0,0,0.5],"texture":"#main"},"west":{"uv":[1,7.125,0,7.625],"texture":"#main"},"up":{"uv":[0,1,0,0],"texture":"#main"},"down":{"uv":[0,0,0,1],"texture":"#main"}}},{"from":[9.5,25.73369,-15.52386],"to":[9.5,29.73369,-7.52386],"rotation":{"angle":-22.5,"axis":"x","origin":[12,27.73369,-14.12382]},"faces":{"north":{"uv":[0,0,0,0.5],"texture":"#main"},"east":{"uv":[0,7.125,1,7.625],"texture":"#main"},"south":{"uv":[0,0,0,0.5],"texture":"#main"},"west":{"uv":[1,7.125,0,7.625],"texture":"#main"},"up":{"uv":[0,1,0,0],"texture":"#main"},"down":{"uv":[0,0,0,1],"texture":"#main"}}},{"from":[12,25.73369,-15.52386],"to":[12,29.73369,-7.52386],"rotation":{"angle":-22.5,"axis":"x","origin":[12,27.73369,-14.12382]},"faces":{"north":{"uv":[0,0,0,0.5],"texture":"#main"},"east":{"uv":[0,7.125,1,7.625],"texture":"#main"},"south":{"uv":[0,0,0,0.5],"texture":"#main"},"west":{"uv":[1,7.125,0,7.625],"texture":"#main"},"up":{"uv":[0,1,0,0],"texture":"#main"},"down":{"uv":[0,0,0,1],"texture":"#main"}}},{"from":[12,25.73369,-15.52386],"to":[12,29.73369,-7.52386],"rotation":{"angle":-22.5,"axis":"x","origin":[12,27.73369,-14.12382]},"faces":{"north":{"uv":[0,0,0,0.5],"texture":"#main"},"east":{"uv":[0,7.125,1,7.625],"texture":"#main"},"south":{"uv":[0,0,0,0.5],"texture":"#main"},"west":{"uv":[1,7.125,0,7.625],"texture":"#main"},"up":{"uv":[0,1,0,0],"texture":"#main"},"down":{"uv":[0,0,0,1],"texture":"#main"}}},{"from":[9.5,25.73369,-15.52386],"to":[9.5,29.73369,-7.52386],"rotation":{"angle":-22.5,"axis":"x","origin":[12,27.73369,-14.12382]},"faces":{"north":{"uv":[0,0,0,0.5],"texture":"#main"},"east":{"uv":[0,7.125,1,7.625],"texture":"#main"},"south":{"uv":[0,0,0,0.5],"texture":"#main"},"west":{"uv":[1,7.125,0,7.625],"texture":"#main"},"up":{"uv":[0,1,0,0],"texture":"#main"},"down":{"uv":[0,0,0,1],"texture":"#main"}}},{"from":[6.5,25.73369,-15.52386],"to":[6.5,29.73369,-7.52386],"rotation":{"angle":-22.5,"axis":"x","origin":[12,27.73369,-14.12382]},"faces":{"north":{"uv":[0,0,0,0.5],"texture":"#main"},"east":{"uv":[0,7.125,1,7.625],"texture":"#main"},"south":{"uv":[0,0,0,0.5],"texture":"#main"},"west":{"uv":[1,7.125,0,7.625],"texture":"#main"},"up":{"uv":[0,1,0,0],"texture":"#main"},"down":{"uv":[0,0,0,1],"texture":"#main"}}}],"display":{"head":{"rotation":[0,0,-1],"translation":[0,-17,0],"scale":[3.2,3.2,3.2]}}}