{"parent":"physical_parent","textures":{"main":"pokemon/gulpin"},"texture_size":[32,32],"elements":[{"rotation":{"origin":[10.5,8,10.5],"angle":0,"axis":"y"},"from":[3.5,0,2.5],"to":[12.5,7,11.5],"faces":{"east":{"uv":[0,9,4.5,12.5],"texture":"#main"},"south":{"uv":[9,9,13.5,12.5],"texture":"#main"},"north":{"uv":[4.5,8,9,11.5],"texture":"#main"},"west":{"uv":[9.5,0,14,3.5],"texture":"#main"},"up":{"uv":[4.5,4.5,0,0],"texture":"#main"},"down":{"uv":[4.5,4.5,0,9],"texture":"#main"}}},{"rotation":{"origin":[8,10.23358,7.83939],"angle":22.5,"axis":"x"},"from":[3,6.73358,7.83939],"to":[13,13.73358,7.83939],"faces":{"east":{"uv":[0,0,0,3.5],"texture":"#main"},"south":{"uv":[4.5,0,9.5,3.5],"texture":"#main"},"north":{"uv":[4.5,4.5,9.5,8],"texture":"#main"},"west":{"uv":[0,0,0,3.5],"texture":"#main"},"up":{"uv":[5,0,0,0],"texture":"#main"},"down":{"uv":[5,0,0,0],"texture":"#main"}}},{"rotation":{"origin":[10.5,9.25,9.75],"angle":0,"axis":"y"},"from":[2.5,1.25,1.75],"to":[4.5,3.25,3.75],"faces":{"east":{"uv":[4.5,11.5,5.5,12.5],"texture":"#main"},"south":{"uv":[5.5,11.5,6.5,12.5],"texture":"#main"},"north":{"uv":[11,6.5,12,7.5],"texture":"#main"},"west":{"uv":[6.5,11.5,7.5,12.5],"texture":"#main"},"up":{"uv":[8.5,12.5,7.5,11.5],"texture":"#main"},"down":{"uv":[13,6.5,12,7.5],"texture":"#main"}}},{"rotation":{"origin":[19.5,9.25,9.75],"angle":0,"axis":"y"},"from":[11.5,1.25,1.75],"to":[13.5,3.25,3.75],"faces":{"east":{"uv":[0,12.5,1,13.5],"texture":"#main"},"south":{"uv":[1,12.5,2,13.5],"texture":"#main"},"north":{"uv":[12,7.5,13,8.5],"texture":"#main"},"west":{"uv":[2,12.5,3,13.5],"texture":"#main"},"up":{"uv":[4,13.5,3,12.5],"texture":"#main"},"down":{"uv":[5,12.5,4,13.5],"texture":"#main"}}},{"rotation":{"origin":[12,8,8.5],"angle":0,"axis":"y"},"from":[5,0,11.5],"to":[11,2,14.5],"faces":{"east":{"uv":[7.5,3.5,9,4.5],"texture":"#main"},"south":{"uv":[9,8,12,9],"texture":"#main"},"north":{"uv":[4.5,3.5,7.5,4.5],"texture":"#main"},"west":{"uv":[9.5,6.5,11,7.5],"texture":"#main"},"up":{"uv":[12.5,5,9.5,3.5],"texture":"#main"},"down":{"uv":[12.5,5,9.5,6.5],"texture":"#main"}}}],"display":{"head":{"translation":[0,-31,0],"scale":[1.5,1.5,1.5]}}}