{"credit":"Made with Blockbench","texture_size":[32,32],"textures":{"main":"pokemon/gurdurr"},"elements":[{"from":[-3.39929,4.70497,-1.584],"to":[-1.63929,7.34497,1.496],"rotation":{"angle":45,"axis":"z","origin":[-2.07929,6.02497,0.176]},"faces":{"north":{"uv":[9,11,9.5,11.75],"texture":"#main"},"east":{"uv":[11,0,12,0.75],"texture":"#main"},"south":{"uv":[9.5,11,10,11.75],"texture":"#main"},"west":{"uv":[11,1,12,1.75],"texture":"#main"},"up":{"uv":[9,4,8.5,3],"texture":"#main"},"down":{"uv":[8.5,10,8,11],"texture":"#main"}}},{"from":[-4.664,1.16,-1.76],"to":[-1.496,5.56,1.76],"rotation":{"angle":45,"axis":"y","origin":[-3.08,1.93,-0.88]},"faces":{"north":{"uv":[8.5,9.5,9.5,10.75],"texture":"#main"},"east":{"uv":[9.5,9.5,10.5,10.75],"texture":"#main"},"south":{"uv":[10,0,11,1.25],"texture":"#main"},"west":{"uv":[3,10,4,11.25],"texture":"#main"},"up":{"uv":[11,2.5,10,1.5],"texture":"#main"},"down":{"uv":[8,10,7,11],"texture":"#main"}}},{"from":[-4.4,-0.16,-3.52],"to":[-1.76,1.16,0],"rotation":{"angle":45,"axis":"y","origin":[-3.08,1.93,-0.88]},"faces":{"north":{"uv":[10.5,7.5,11.25,8],"texture":"#main"},"east":{"uv":[3,9,4,9.5],"texture":"#main"},"south":{"uv":[11,2,11.75,2.5],"texture":"#main"},"west":{"uv":[9.5,7.5,10.5,8],"texture":"#main"},"up":{"uv":[11.75,5.5,11,4.5],"texture":"#main"},"down":{"uv":[11.75,5.5,11,6.5],"texture":"#main"}}},{"from":[-2.64,2.128,-2.64],"to":[2.64,6.528,2.816],"rotation":{"angle":0,"axis":"y","origin":[0,6,0.792]},"faces":{"north":{"uv":[4.5,8,6,9.25],"texture":"#main"},"east":{"uv":[6,8,7.5,9.25],"texture":"#main"},"south":{"uv":[8,6.5,9.5,7.75],"texture":"#main"},"west":{"uv":[7.5,8,9,9.25],"texture":"#main"},"up":{"uv":[3.5,7.5,2,6],"texture":"#main"},"down":{"uv":[5,6,3.5,7.5],"texture":"#main"}}},{"from":[-1.76,6.528,-2.112],"to":[1.76,10.928,2.464],"rotation":{"angle":0,"axis":"y","origin":[0,6,0.792]},"faces":{"north":{"uv":[4,10,5,11.25],"texture":"#main"},"east":{"uv":[8.5,5,9.75,6.25],"texture":"#main"},"south":{"uv":[5,10,6,11.25],"texture":"#main"},"west":{"uv":[9,2.5,10.25,3.75],"texture":"#main"},"up":{"uv":[11,6.25,10,5],"texture":"#main"},"down":{"uv":[7,10,6,11.25],"texture":"#main"}}},{"from":[-3.08,8.288,-2.552],"to":[3.08,14.008,2.904],"rotation":{"angle":0,"axis":"y","origin":[0,6,0.792]},"faces":{"north":{"uv":[5,5,6.75,6.5],"texture":"#main"},"east":{"uv":[5,6.5,6.5,8],"texture":"#main"},"south":{"uv":[5.5,0,7.25,1.5],"texture":"#main"},"west":{"uv":[6.5,6.5,8,8],"texture":"#main"},"up":{"uv":[7.25,3,5.5,1.5],"texture":"#main"},"down":{"uv":[1.75,6,0,7.5],"texture":"#main"}}},{"from":[-9.68,18.848,-0.44],"to":[9.24,20.96,0.44],"rotation":{"angle":0,"axis":"y","origin":[-14.08,-0.16,-14.08]},"faces":{"north":{"uv":[5,4,10.5,4.5],"texture":"#main"},"east":{"uv":[5,11.5,5.25,12],"texture":"#main"},"south":{"uv":[5,4.5,10.5,5],"texture":"#main"},"west":{"uv":[5.5,11.5,5.75,12],"texture":"#main"},"up":{"uv":[14.5,9.25,9,9],"texture":"#main"},"down":{"uv":[8.5,9.5,3,9.75],"texture":"#main"}}},{"from":[-9.68,18.32,-1.76],"to":[9.24,18.848,1.76],"rotation":{"angle":0,"axis":"y","origin":[-14.08,-0.16,-14.08]},"faces":{"north":{"uv":[9,8,14.5,8.25],"texture":"#main"},"east":{"uv":[1,11.5,2,11.75],"texture":"#main"},"south":{"uv":[9,8.5,14.5,8.75],"texture":"#main"},"west":{"uv":[2,11.5,3,11.75],"texture":"#main"},"up":{"uv":[5.5,1,0,0],"texture":"#main"},"down":{"uv":[5.5,1,0,2],"texture":"#main"}}},{"from":[-9.68,20.96,-1.76],"to":[9.24,21.488,1.76],"rotation":{"angle":0,"axis":"y","origin":[-14.08,-0.16,-14.08]},"faces":{"north":{"uv":[9.5,6.5,15,6.75],"texture":"#main"},"east":{"uv":[3,11.5,4,11.75],"texture":"#main"},"south":{"uv":[9.5,7,15,7.25],"texture":"#main"},"west":{"uv":[4,11.5,5,11.75],"texture":"#main"},"up":{"uv":[5.5,3,0,2],"texture":"#main"},"down":{"uv":[5.5,3,0,4],"texture":"#main"}}},{"from":[-4.4,13.128,2.112],"to":[4.4,20.168,2.112],"rotation":{"angle":0,"axis":"y","origin":[0,6,0.792]},"faces":{"north":{"uv":[0,4,2.5,6],"texture":"#main"},"east":{"uv":[0,0,0,2],"texture":"#main"},"south":{"uv":[2.5,4,0,6],"texture":"#main"},"west":{"uv":[0,0,0,2],"texture":"#main"},"up":{"uv":[2.5,0,0,0],"texture":"#main"},"down":{"uv":[2.5,0,0,0],"texture":"#main"}}},{"from":[-2.64,13.128,-3.344],"to":[2.64,18.408,2.112],"rotation":{"angle":0,"axis":"y","origin":[0,6,0.792]},"faces":{"north":{"uv":[7,5,8.5,6.5],"texture":"#main"},"east":{"uv":[0,7.5,1.5,9],"texture":"#main"},"south":{"uv":[7.5,0,9,1.5],"texture":"#main"},"west":{"uv":[1.5,7.5,3,9],"texture":"#main"},"up":{"uv":[9,3,7.5,1.5],"texture":"#main"},"down":{"uv":[4.5,7.5,3,9],"texture":"#main"}}},{"from":[-4.4,13.128,-3.344],"to":[4.4,20.168,-3.344],"rotation":{"angle":0,"axis":"y","origin":[0,6,0.792]},"faces":{"north":{"uv":[0,4,2.5,6],"texture":"#main"},"east":{"uv":[0,0,0,2],"texture":"#main"},"south":{"uv":[2.5,4,0,6],"texture":"#main"},"west":{"uv":[0,0,0,2],"texture":"#main"},"up":{"uv":[2.5,0,0,0],"texture":"#main"},"down":{"uv":[2.5,0,0,0],"texture":"#main"}}},{"from":[-0.88,13.568,-4.84],"to":[0.88,15.328,-3.344],"rotation":{"angle":0,"axis":"y","origin":[0,6,0.792]},"faces":{"north":{"uv":[4.5,7.5,5,8],"texture":"#main"},"east":{"uv":[4,9,4.5,9.5],"texture":"#main"},"south":{"uv":[10.5,4.5,11,5],"texture":"#main"},"west":{"uv":[10,11,10.5,11.5],"texture":"#main"},"up":{"uv":[0.5,12,0,11.5],"texture":"#main"},"down":{"uv":[1,11.5,0.5,12],"texture":"#main"}}},{"from":[-8.22374,9.23718,-1.716],"to":[-3.82374,11.87718,2.244],"rotation":{"angle":45,"axis":"z","origin":[-6.65534,14.11277,0.264]},"faces":{"north":{"uv":[10.5,2.5,11.75,3.25],"texture":"#main"},"east":{"uv":[10.5,9.5,11.5,10.25],"texture":"#main"},"south":{"uv":[10.5,3.5,11.75,4.25],"texture":"#main"},"west":{"uv":[10.5,10.5,11.5,11.25],"texture":"#main"},"up":{"uv":[6.75,4,5.5,3],"texture":"#main"},"down":{"uv":[8.25,3,7,4],"texture":"#main"}}},{"from":[-5.75374,10.60485,-1.188],"to":[-3.11374,18.52485,1.716],"rotation":{"angle":22.5,"axis":"z","origin":[-4.43374,13.17583,0.264]},"faces":{"north":{"uv":[0,9,0.75,11.25],"texture":"#main"},"east":{"uv":[9,0,9.75,2.25],"texture":"#main"},"south":{"uv":[1,9,1.75,11.25],"texture":"#main"},"west":{"uv":[2,9,2.75,11.25],"texture":"#main"},"up":{"uv":[7.75,11.75,7,11],"texture":"#main"},"down":{"uv":[8.75,11,8,11.75],"texture":"#main"}}},{"from":[3.11374,10.60485,-1.188],"to":[5.75374,18.52485,1.716],"rotation":{"angle":-22.5,"axis":"z","origin":[4.43374,13.17583,0.264]},"faces":{"north":{"uv":[0.75,9,0,11.25],"texture":"#main"},"east":{"uv":[2.75,9,2,11.25],"texture":"#main"},"south":{"uv":[1.75,9,1,11.25],"texture":"#main"},"west":{"uv":[9.75,0,9,2.25],"texture":"#main"},"up":{"uv":[7,11.75,7.75,11],"texture":"#main"},"down":{"uv":[8,11,8.75,11.75],"texture":"#main"}}},{"from":[3.82374,9.23718,-1.716],"to":[8.22374,11.87718,2.244],"rotation":{"angle":-45,"axis":"z","origin":[6.65534,14.11277,0.264]},"faces":{"north":{"uv":[11.75,2.5,10.5,3.25],"texture":"#main"},"east":{"uv":[11.5,10.5,10.5,11.25],"texture":"#main"},"south":{"uv":[11.75,3.5,10.5,4.25],"texture":"#main"},"west":{"uv":[11.5,9.5,10.5,10.25],"texture":"#main"},"up":{"uv":[5.5,4,6.75,3],"texture":"#main"},"down":{"uv":[7,3,8.25,4],"texture":"#main"}}},{"from":[1.63929,4.70497,-1.584],"to":[3.39929,7.34497,1.496],"rotation":{"angle":-45,"axis":"z","origin":[2.07929,6.02497,0.176]},"faces":{"north":{"uv":[9.5,11,9,11.75],"texture":"#main"},"east":{"uv":[12,1,11,1.75],"texture":"#main"},"south":{"uv":[10,11,9.5,11.75],"texture":"#main"},"west":{"uv":[12,0,11,0.75],"texture":"#main"},"up":{"uv":[8.5,4,9,3],"texture":"#main"},"down":{"uv":[8,10,8.5,11],"texture":"#main"}}},{"from":[1.496,1.16,-1.76],"to":[4.664,5.56,1.76],"rotation":{"angle":-45,"axis":"y","origin":[3.08,1.93,-0.88]},"faces":{"north":{"uv":[9.5,9.5,8.5,10.75],"texture":"#main"},"east":{"uv":[4,10,3,11.25],"texture":"#main"},"south":{"uv":[11,0,10,1.25],"texture":"#main"},"west":{"uv":[10.5,9.5,9.5,10.75],"texture":"#main"},"up":{"uv":[10,2.5,11,1.5],"texture":"#main"},"down":{"uv":[7,10,8,11],"texture":"#main"}}},{"from":[1.76,-0.16,-3.52],"to":[4.4,1.16,0],"rotation":{"angle":-45,"axis":"y","origin":[3.08,1.93,-0.88]},"faces":{"north":{"uv":[11.25,7.5,10.5,8],"texture":"#main"},"east":{"uv":[10.5,7.5,9.5,8],"texture":"#main"},"south":{"uv":[11.75,2,11,2.5],"texture":"#main"},"west":{"uv":[4,9,3,9.5],"texture":"#main"},"up":{"uv":[11,5.5,11.75,4.5],"texture":"#main"},"down":{"uv":[11,5.5,11.75,6.5],"texture":"#main"}}}],"display":{"head":{"translation":[9.5,-33.25,8],"scale":[1.2,1.2,1.2]}},"groups":[{"name":"gurdurr","origin":[0,0,0],"color":0,"children":[{"name":"leg_l","origin":[-1.65014,4.79128,-0.20133],"color":0,"children":[0,1,2]},{"name":"body","origin":[0,2.468,0.14667],"color":0,"children":[3,4,5,{"name":"log","origin":[-0.22,19.904,0],"color":0,"children":[6,7,8]},{"name":"head","origin":[0,13.878,-0.685],"color":0,"children":[9,10,11,12]},{"name":"arm_l","origin":[-3.52992,11.65216,0.264],"color":0,"children":[13,14]},{"name":"arm_r","origin":[3.12992,10.85216,0.264],"color":0,"children":[15,16]}]},{"name":"leg_r","origin":[1.65014,4.79128,-0.60133],"color":0,"children":[17,18,19]}]}]}