{"credit":"Made with Blockbench","texture_size":[64,64],"textures":{"main":"pokemon/heracross"},"elements":[{"from":[0.25,0,4.5],"to":[3.25,1,8.5],"rotation":{"angle":45,"axis":"y","origin":[2,0.5,7.5]},"faces":{"north":{"uv":[3.25,9.25,4,9.5],"texture":"#main"},"east":{"uv":[10.25,1.75,11.25,2],"texture":"#main"},"south":{"uv":[7.5,10.25,8.25,10.5],"texture":"#main"},"west":{"uv":[5.5,10.25,6.5,10.5],"texture":"#main"},"up":{"uv":[10.5,6.75,9.75,5.75],"texture":"#main"},"down":{"uv":[10.5,6.75,9.75,7.75],"texture":"#main"}}},{"from":[0.25,0,1.5],"to":[3.25,0,4.5],"rotation":{"angle":45,"axis":"y","origin":[2,0.5,7.5]},"faces":{"north":{"uv":[10.5,10,9.75,9.25],"texture":"#main"},"east":{"uv":[10.5,10,9.75,9.25],"texture":"#main"},"south":{"uv":[10.5,10,9.75,9.25],"texture":"#main"},"west":{"uv":[10.5,10,9.75,9.25],"texture":"#main"},"up":{"uv":[10.5,10,9.75,9.25],"texture":"#main"},"down":{"uv":[10.5,9.25,9.75,10],"texture":"#main"}}},{"from":[0.5,1,6.5],"to":[2.5,4,8.5],"rotation":{"angle":22.5,"axis":"y","origin":[2,1.5,7.5]},"faces":{"north":{"uv":[10.25,0.25,10.75,1],"texture":"#main"},"east":{"uv":[10.25,1,10.75,1.75],"texture":"#main"},"south":{"uv":[4.5,10.25,5,11],"texture":"#main"},"west":{"uv":[5,10.25,5.5,11],"texture":"#main"},"up":{"uv":[7,10.75,6.5,10.25],"texture":"#main"},"down":{"uv":[7.5,10.25,7,10.75],"texture":"#main"}}},{"from":[4,2,4],"to":[12,17,12],"faces":{"north":{"uv":[0,5.5,2,9.25],"texture":"#main"},"east":{"uv":[2,5.5,4,9.25],"texture":"#main"},"south":{"uv":[6.25,0,8.25,3.75],"texture":"#main"},"west":{"uv":[6.25,3.75,8.25,7.5],"texture":"#main"},"up":{"uv":[8.25,9.5,6.25,7.5],"texture":"#main"},"down":{"uv":[10.25,0,8.25,2],"texture":"#main"}}},{"from":[8,9,-2],"to":[8,26,7],"rotation":{"angle":0,"axis":"y","origin":[0,2,0]},"faces":{"north":{"uv":[0,0,0,4.25],"texture":"#main"},"east":{"uv":[4,0,6.25,4.25],"texture":"#main"},"south":{"uv":[0,0,0,4.25],"texture":"#main"},"west":{"uv":[4,4.25,6.25,8.5],"texture":"#main"},"up":{"uv":[0,2.25,0,0],"texture":"#main"},"down":{"uv":[0,0,0,2.25],"texture":"#main"}}},{"from":[2.22836,19,1.14805],"to":[8.22836,27,1.14805],"rotation":{"angle":22.5,"axis":"y","origin":[5.22836,23,1.14805]},"faces":{"north":{"uv":[8.25,2,9.75,4],"texture":"#main"},"east":{"uv":[8.25,2,9.75,4],"texture":"#main"},"south":{"uv":[9.75,2,8.25,4],"texture":"#main"},"west":{"uv":[8.25,2,9.75,4],"texture":"#main"},"up":{"uv":[8.25,2,9.75,4],"texture":"#main"},"down":{"uv":[8.25,2,9.75,4],"texture":"#main"}}},{"from":[0.15224,15,3.23463],"to":[6.15224,23,3.23463],"rotation":{"angle":-22.5,"axis":"y","origin":[4.15224,19,3.23463]},"faces":{"north":{"uv":[8.25,6,9.75,8],"texture":"#main"},"east":{"uv":[8.25,6,9.75,8],"texture":"#main"},"south":{"uv":[9.75,6,8.25,8],"texture":"#main"},"west":{"uv":[8.25,6,9.75,8],"texture":"#main"},"up":{"uv":[8.25,6,9.75,8],"texture":"#main"},"down":{"uv":[8.25,6,9.75,8],"texture":"#main"}}},{"from":[0,3,6],"to":[5,6,9],"rotation":{"angle":22.5,"axis":"z","origin":[2,4.5,7.5]},"faces":{"north":{"uv":[4.5,9.5,5.75,10.25],"texture":"#main"},"east":{"uv":[9.75,7.75,10.5,8.5],"texture":"#main"},"south":{"uv":[5.75,9.5,7,10.25],"texture":"#main"},"west":{"uv":[9.75,8.5,10.5,9.25],"texture":"#main"},"up":{"uv":[8.25,10.25,7,9.5],"texture":"#main"},"down":{"uv":[11,2,9.75,2.75],"texture":"#main"}}},{"from":[0,9,7],"to":[5,12,10],"rotation":{"angle":22.5,"axis":"z","origin":[2,10.5,8.5]},"faces":{"north":{"uv":[9.75,2.75,11,3.5],"texture":"#main"},"east":{"uv":[9,10,9.75,10.75],"texture":"#main"},"south":{"uv":[9.75,3.5,11,4.25],"texture":"#main"},"west":{"uv":[9.75,10,10.5,10.75],"texture":"#main"},"up":{"uv":[11,5,9.75,4.25],"texture":"#main"},"down":{"uv":[11,5,9.75,5.75],"texture":"#main"}}},{"from":[-11.05853,14.24248,6],"to":[-3.05853,15.24248,10],"rotation":{"angle":45,"axis":"z","origin":[5.94147,13.24248,14.5]},"faces":{"north":{"uv":[0,10.25,2,10.5],"texture":"#main"},"east":{"uv":[0,10.5,1,10.75],"texture":"#main"},"south":{"uv":[10.25,0,12.25,0.25],"texture":"#main"},"west":{"uv":[1,10.5,2,10.75],"texture":"#main"},"up":{"uv":[6,9.5,4,8.5],"texture":"#main"},"down":{"uv":[2,9.25,0,10.25],"texture":"#main"}}},{"from":[-14.48244,7.93847,2],"to":[1.51756,7.93847,13],"rotation":{"angle":45,"axis":"z","origin":[-1.48244,7.93847,7.5]},"faces":{"north":{"uv":[4,2.75,0,0],"texture":"#main"},"east":{"uv":[4,2.75,0,0],"texture":"#main"},"south":{"uv":[4,2.75,0,0],"texture":"#main"},"west":{"uv":[4,2.75,0,0],"texture":"#main"},"up":{"uv":[4,2.75,0,0],"texture":"#main"},"down":{"uv":[4,0,0,2.75],"texture":"#main"}}},{"from":[7.77164,19,1.14805],"to":[13.77164,27,1.14805],"rotation":{"angle":-22.5,"axis":"y","origin":[10.77164,23,1.14805]},"faces":{"north":{"uv":[9.75,2,8.25,4],"texture":"#main"},"east":{"uv":[9.75,2,8.25,4],"texture":"#main"},"south":{"uv":[8.25,2,9.75,4],"texture":"#main"},"west":{"uv":[9.75,2,8.25,4],"texture":"#main"},"up":{"uv":[9.75,2,8.25,4],"texture":"#main"},"down":{"uv":[9.75,2,8.25,4],"texture":"#main"}}},{"from":[9.84776,15,3.23463],"to":[15.84776,23,3.23463],"rotation":{"angle":22.5,"axis":"y","origin":[11.84776,19,3.23463]},"faces":{"north":{"uv":[9.75,6,8.25,8],"texture":"#main"},"east":{"uv":[9.75,6,8.25,8],"texture":"#main"},"south":{"uv":[8.25,6,9.75,8],"texture":"#main"},"west":{"uv":[9.75,6,8.25,8],"texture":"#main"},"up":{"uv":[9.75,6,8.25,8],"texture":"#main"},"down":{"uv":[9.75,6,8.25,8],"texture":"#main"}}},{"from":[11,9,7],"to":[16,12,10],"rotation":{"angle":-22.5,"axis":"z","origin":[14,10.5,8.5]},"faces":{"north":{"uv":[11,2.75,9.75,3.5],"texture":"#main"},"east":{"uv":[10.5,10,9.75,10.75],"texture":"#main"},"south":{"uv":[11,3.5,9.75,4.25],"texture":"#main"},"west":{"uv":[9.75,10,9,10.75],"texture":"#main"},"up":{"uv":[9.75,5,11,4.25],"texture":"#main"},"down":{"uv":[9.75,5,11,5.75],"texture":"#main"}}},{"from":[11,3,6],"to":[16,6,9],"rotation":{"angle":-22.5,"axis":"z","origin":[14,4.5,7.5]},"faces":{"north":{"uv":[5.75,9.5,4.5,10.25],"texture":"#main"},"east":{"uv":[10.5,8.5,9.75,9.25],"texture":"#main"},"south":{"uv":[7,9.5,5.75,10.25],"texture":"#main"},"west":{"uv":[10.5,7.75,9.75,8.5],"texture":"#main"},"up":{"uv":[7,10.25,8.25,9.5],"texture":"#main"},"down":{"uv":[9.75,2,11,2.75],"texture":"#main"}}},{"from":[13.5,1,6.5],"to":[15.5,4,8.5],"rotation":{"angle":-22.5,"axis":"y","origin":[14,1.5,7.5]},"faces":{"north":{"uv":[10.75,0.25,10.25,1],"texture":"#main"},"east":{"uv":[5.5,10.25,5,11],"texture":"#main"},"south":{"uv":[5,10.25,4.5,11],"texture":"#main"},"west":{"uv":[10.75,1,10.25,1.75],"texture":"#main"},"up":{"uv":[6.5,10.75,7,10.25],"texture":"#main"},"down":{"uv":[7,10.25,7.5,10.75],"texture":"#main"}}},{"from":[12.75,0,4.5],"to":[15.75,1,8.5],"rotation":{"angle":-45,"axis":"y","origin":[14,0.5,7.5]},"faces":{"north":{"uv":[4,9.25,3.25,9.5],"texture":"#main"},"east":{"uv":[6.5,10.25,5.5,10.5],"texture":"#main"},"south":{"uv":[8.25,10.25,7.5,10.5],"texture":"#main"},"west":{"uv":[11.25,1.75,10.25,2],"texture":"#main"},"up":{"uv":[9.75,6.75,10.5,5.75],"texture":"#main"},"down":{"uv":[9.75,6.75,10.5,7.75],"texture":"#main"}}},{"from":[12.75,0,1.5],"to":[15.75,0,4.5],"rotation":{"angle":-45,"axis":"y","origin":[14,0.5,7.5]},"faces":{"north":{"uv":[9.75,10,10.5,9.25],"texture":"#main"},"east":{"uv":[9.75,10,10.5,9.25],"texture":"#main"},"south":{"uv":[9.75,10,10.5,9.25],"texture":"#main"},"west":{"uv":[9.75,10,10.5,9.25],"texture":"#main"},"up":{"uv":[9.75,10,10.5,9.25],"texture":"#main"},"down":{"uv":[9.75,9.25,10.5,10],"texture":"#main"}}},{"from":[19.05853,14.24248,6],"to":[27.05853,15.24248,10],"rotation":{"angle":-45,"axis":"z","origin":[10.05853,13.24248,14.5]},"faces":{"north":{"uv":[2,10.25,0,10.5],"texture":"#main"},"east":{"uv":[2,10.5,1,10.75],"texture":"#main"},"south":{"uv":[12.25,0,10.25,0.25],"texture":"#main"},"west":{"uv":[1,10.5,0,10.75],"texture":"#main"},"up":{"uv":[4,9.5,6,8.5],"texture":"#main"},"down":{"uv":[0,9.25,2,10.25],"texture":"#main"}}},{"from":[14.48244,7.93847,2],"to":[30.48244,7.93847,13],"rotation":{"angle":-45,"axis":"z","origin":[17.48244,7.93847,7.5]},"faces":{"north":{"uv":[0,2.75,4,0],"texture":"#main"},"east":{"uv":[0,2.75,4,0],"texture":"#main"},"south":{"uv":[0,2.75,4,0],"texture":"#main"},"west":{"uv":[0,2.75,4,0],"texture":"#main"},"up":{"uv":[0,2.75,4,0],"texture":"#main"},"down":{"uv":[0,0,4,2.75],"texture":"#main"}}},{"from":[-2,4,8],"to":[3,9,8],"rotation":{"angle":22.5,"axis":"x","origin":[0,5.5,7.5]},"faces":{"north":{"uv":[2,9.25,3.25,10.5],"texture":"#main"},"east":{"uv":[0,0,0,1.25],"texture":"#main"},"south":{"uv":[3.25,9.5,4.5,10.75],"texture":"#main"},"west":{"uv":[0,0,0,1.25],"texture":"#main"},"up":{"uv":[1.25,0,0,0],"texture":"#main"},"down":{"uv":[1.25,0,0,0],"texture":"#main"}}}],"display":{"head":{"translation":[0,-30,0],"scale":[1.6,1.6,1.6]}}}