{"credit":"Made with Blockbench","texture_size":[128,128],"textures":{"main":"pokemon/hippowdon"},"elements":[{"from":[-1.5,6,0],"to":[17.5,21,25],"rotation":{"angle":0,"axis":"y","origin":[10.5,0,0]},"faces":{"north":{"uv":[3.125,3.125,5.5,5],"texture":"#main"},"east":{"uv":[0,3.125,3.125,5],"texture":"#main"},"south":{"uv":[8.625,3.125,11,5],"texture":"#main"},"west":{"uv":[5.5,3.125,8.625,5],"texture":"#main"},"up":{"uv":[5.5,3.125,3.125,0],"texture":"#main"},"down":{"uv":[7.875,0,5.5,3.125],"texture":"#main"}}},{"from":[2.5,13,-6],"to":[13.5,24,3],"rotation":{"angle":0,"axis":"y","origin":[10.5,0,0]},"faces":{"north":{"uv":[1.125,6.125,2.5,7.5],"texture":"#main"},"east":{"uv":[0,6.125,1.125,7.5],"texture":"#main"},"south":{"uv":[3.625,6.125,5,7.5],"texture":"#main"},"west":{"uv":[2.5,6.125,3.625,7.5],"texture":"#main"},"up":{"uv":[2.5,6.125,1.125,5],"texture":"#main"},"down":{"uv":[3.875,5,2.5,6.125],"texture":"#main"}}},{"from":[1.5,20,-4],"to":[4.5,25,0],"rotation":{"angle":0,"axis":"y","origin":[10.5,0,0]},"faces":{"north":{"uv":[7.5,9.25,7.875,9.875],"texture":"#main"},"east":{"uv":[7,9.25,7.5,9.875],"texture":"#main"},"south":{"uv":[8.375,9.25,8.75,9.875],"texture":"#main"},"west":{"uv":[7.875,9.25,8.375,9.875],"texture":"#main"},"up":{"uv":[7.875,9.25,7.5,8.75],"texture":"#main"},"down":{"uv":[8.25,8.75,7.875,9.25],"texture":"#main"}}},{"from":[11.5,20,-4],"to":[14.5,25,0],"rotation":{"angle":0,"axis":"y","origin":[5.5,0,0]},"faces":{"north":{"uv":[1,9.25,1.375,9.875],"texture":"#main"},"east":{"uv":[0.5,9.25,1,9.875],"texture":"#main"},"south":{"uv":[1.875,9.25,2.25,9.875],"texture":"#main"},"west":{"uv":[1.375,9.25,1.875,9.875],"texture":"#main"},"up":{"uv":[1.375,9.25,1,8.75],"texture":"#main"},"down":{"uv":[1.75,8.75,1.375,9.25],"texture":"#main"}}},{"from":[4,13.25,-12],"to":[12,20.25,-5],"rotation":{"angle":0,"axis":"y","origin":[10,0,0]},"faces":{"north":{"uv":[5,7.625,6,8.5],"texture":"#main"},"east":{"uv":[4.125,7.625,5,8.5],"texture":"#main"},"south":{"uv":[6.875,7.625,7.875,8.5],"texture":"#main"},"west":{"uv":[6,7.625,6.875,8.5],"texture":"#main"},"up":{"uv":[6,7.625,5,6.75],"texture":"#main"},"down":{"uv":[7,6.75,6,7.625],"texture":"#main"}}},{"from":[3.5,16.25,-13],"to":[12.5,22.25,-5],"rotation":{"angle":0,"axis":"y","origin":[9.5,0,0]},"faces":{"north":{"uv":[6,6,7.125,6.75],"texture":"#main"},"east":{"uv":[5,6,6,6.75],"texture":"#main"},"south":{"uv":[8.125,6,9.25,6.75],"texture":"#main"},"west":{"uv":[7.125,6,8.125,6.75],"texture":"#main"},"up":{"uv":[7.125,6,6,5],"texture":"#main"},"down":{"uv":[8.25,5,7.125,6],"texture":"#main"}}},{"from":[10,21.25,-14],"to":[13,23.25,-11],"rotation":{"angle":0,"axis":"y","origin":[6.5,0,0]},"faces":{"north":{"uv":[8.625,5.375,9,5.625],"texture":"#main"},"east":{"uv":[8.25,5.375,8.625,5.625],"texture":"#main"},"south":{"uv":[9.375,5.375,9.75,5.625],"texture":"#main"},"west":{"uv":[9,5.375,9.375,5.625],"texture":"#main"},"up":{"uv":[9,5.375,8.625,5],"texture":"#main"},"down":{"uv":[9.375,5,9,5.375],"texture":"#main"}}},{"from":[3,21.25,-14],"to":[6,23.25,-11],"rotation":{"angle":0,"axis":"y","origin":[9.5,0,0]},"faces":{"north":{"uv":[4.25,5.375,4.625,5.625],"texture":"#main"},"east":{"uv":[3.875,5.375,4.25,5.625],"texture":"#main"},"south":{"uv":[5,5.375,5.375,5.625],"texture":"#main"},"west":{"uv":[4.625,5.375,5,5.625],"texture":"#main"},"up":{"uv":[4.625,5.375,4.25,5],"texture":"#main"},"down":{"uv":[5,5,4.625,5.375],"texture":"#main"}}},{"from":[14.5,0.25,2],"to":[19.5,10.25,8],"rotation":{"angle":0,"axis":"y","origin":[10.5,0,0]},"faces":{"north":{"uv":[0.75,0.75,1.375,2],"texture":"#main"},"east":{"uv":[0,0.75,0.75,2],"texture":"#main"},"south":{"uv":[2.125,0.75,2.75,2],"texture":"#main"},"west":{"uv":[1.375,0.75,2.125,2],"texture":"#main"},"up":{"uv":[1.375,0.75,0.75,0],"texture":"#main"},"down":{"uv":[2,0,1.375,0.75],"texture":"#main"}}},{"from":[14,0.1,1.5],"to":[20,3.1,8.5],"rotation":{"angle":0,"axis":"y","origin":[10.5,0,0]},"faces":{"north":{"uv":[1.375,8.375,2.125,8.75],"texture":"#main"},"east":{"uv":[0.5,8.375,1.375,8.75],"texture":"#main"},"south":{"uv":[3,8.375,3.75,8.75],"texture":"#main"},"west":{"uv":[2.125,8.375,3,8.75],"texture":"#main"},"up":{"uv":[2.125,8.375,1.375,7.5],"texture":"#main"},"down":{"uv":[2.875,7.5,2.125,8.375],"texture":"#main"}}},{"from":[13,0,0.25],"to":[21,2,4.25],"rotation":{"angle":0,"axis":"y","origin":[10.5,0,0]},"faces":{"north":{"uv":[7.5,7.25,8.5,7.5],"texture":"#main"},"east":{"uv":[7,7.25,7.5,7.5],"texture":"#main"},"south":{"uv":[9,7.25,10,7.5],"texture":"#main"},"west":{"uv":[8.5,7.25,9,7.5],"texture":"#main"},"up":{"uv":[8.5,7.25,7.5,6.75],"texture":"#main"},"down":{"uv":[9.5,6.75,8.5,7.25],"texture":"#main"}}},{"from":[-3.5,0.25,2],"to":[1.5,10.25,8],"shade":false,"rotation":{"angle":0,"axis":"y","origin":[5.5,0,0]},"faces":{"north":{"uv":[1.375,0.75,0.75,2],"texture":"#main"},"east":{"uv":[2.125,0.75,1.375,2],"texture":"#main"},"south":{"uv":[2.75,0.75,2.125,2],"texture":"#main"},"west":{"uv":[0.75,0.75,0,2],"texture":"#main"},"up":{"uv":[0.75,0.75,1.375,0],"texture":"#main"},"down":{"uv":[1.375,0,2,0.75],"texture":"#main"}}},{"from":[-4,0.1,1.5],"to":[2,3.1,8.5],"shade":false,"rotation":{"angle":0,"axis":"y","origin":[5.5,0,0]},"faces":{"north":{"uv":[2.125,8.375,1.375,8.75],"texture":"#main"},"east":{"uv":[3,8.375,2.125,8.75],"texture":"#main"},"south":{"uv":[3.75,8.375,3,8.75],"texture":"#main"},"west":{"uv":[1.375,8.375,0.5,8.75],"texture":"#main"},"up":{"uv":[1.375,8.375,2.125,7.5],"texture":"#main"},"down":{"uv":[2.125,7.5,2.875,8.375],"texture":"#main"}}},{"from":[-5,0,0.25],"to":[3,2,4.25],"shade":false,"rotation":{"angle":0,"axis":"y","origin":[5.5,0,0]},"faces":{"north":{"uv":[8.5,7.25,7.5,7.5],"texture":"#main"},"east":{"uv":[9,7.25,8.5,7.5],"texture":"#main"},"south":{"uv":[10,7.25,9,7.5],"texture":"#main"},"west":{"uv":[7.5,7.25,7,7.5],"texture":"#main"},"up":{"uv":[7.5,7.25,8.5,6.75],"texture":"#main"},"down":{"uv":[8.5,6.75,9.5,7.25],"texture":"#main"}}},{"from":[-3.5,0.25,20],"to":[1.5,10.25,26],"shade":false,"rotation":{"angle":0,"axis":"y","origin":[5.5,0,0]},"faces":{"north":{"uv":[1.375,0.75,0.75,2],"texture":"#main"},"east":{"uv":[2.125,0.75,1.375,2],"texture":"#main"},"south":{"uv":[2.75,0.75,2.125,2],"texture":"#main"},"west":{"uv":[0.75,0.75,0,2],"texture":"#main"},"up":{"uv":[0.75,0.75,1.375,0],"texture":"#main"},"down":{"uv":[1.375,0,2,0.75],"texture":"#main"}}},{"from":[-4,0.1,19.5],"to":[2,3.1,26.5],"shade":false,"rotation":{"angle":0,"axis":"y","origin":[5.5,0,0]},"faces":{"north":{"uv":[2.125,8.375,1.375,8.75],"texture":"#main"},"east":{"uv":[3,8.375,2.125,8.75],"texture":"#main"},"south":{"uv":[3.75,8.375,3,8.75],"texture":"#main"},"west":{"uv":[1.375,8.375,0.5,8.75],"texture":"#main"},"up":{"uv":[1.375,8.375,2.125,7.5],"texture":"#main"},"down":{"uv":[2.125,7.5,2.875,8.375],"texture":"#main"}}},{"from":[-5,0,18.25],"to":[3,2,22.25],"shade":false,"rotation":{"angle":0,"axis":"y","origin":[5.5,0,0]},"faces":{"north":{"uv":[8.5,7.25,7.5,7.5],"texture":"#main"},"east":{"uv":[9,7.25,8.5,7.5],"texture":"#main"},"south":{"uv":[10,7.25,9,7.5],"texture":"#main"},"west":{"uv":[7.5,7.25,7,7.5],"texture":"#main"},"up":{"uv":[7.5,7.25,8.5,6.75],"texture":"#main"},"down":{"uv":[8.5,6.75,9.5,7.25],"texture":"#main"}}},{"from":[14.5,0.25,20],"to":[19.5,10.25,26],"rotation":{"angle":0,"axis":"y","origin":[10.5,0,0]},"faces":{"north":{"uv":[0.75,0.75,1.375,2],"texture":"#main"},"east":{"uv":[0,0.75,0.75,2],"texture":"#main"},"south":{"uv":[2.125,0.75,2.75,2],"texture":"#main"},"west":{"uv":[1.375,0.75,2.125,2],"texture":"#main"},"up":{"uv":[1.375,0.75,0.75,0],"texture":"#main"},"down":{"uv":[2,0,1.375,0.75],"texture":"#main"}}},{"from":[14,0.1,19.5],"to":[20,3.1,26.5],"rotation":{"angle":0,"axis":"y","origin":[10.5,0,0]},"faces":{"north":{"uv":[1.375,8.375,2.125,8.75],"texture":"#main"},"east":{"uv":[0.5,8.375,1.375,8.75],"texture":"#main"},"south":{"uv":[3,8.375,3.75,8.75],"texture":"#main"},"west":{"uv":[2.125,8.375,3,8.75],"texture":"#main"},"up":{"uv":[2.125,8.375,1.375,7.5],"texture":"#main"},"down":{"uv":[2.875,7.5,2.125,8.375],"texture":"#main"}}},{"from":[13,0,18.25],"to":[21,2,22.25],"rotation":{"angle":0,"axis":"y","origin":[10.5,0,0]},"faces":{"north":{"uv":[7.5,7.25,8.5,7.5],"texture":"#main"},"east":{"uv":[7,7.25,7.5,7.5],"texture":"#main"},"south":{"uv":[9,7.25,10,7.5],"texture":"#main"},"west":{"uv":[8.5,7.25,9,7.5],"texture":"#main"},"up":{"uv":[8.5,7.25,7.5,6.75],"texture":"#main"},"down":{"uv":[9.5,6.75,8.5,7.25],"texture":"#main"}}},{"from":[-3.5,14,5],"to":[-1.5,20,11],"rotation":{"angle":0,"axis":"y","origin":[5.5,0,0]},"faces":{"north":{"uv":[3.75,9.25,4,10],"texture":"#main"},"east":{"uv":[3,9.25,3.75,10],"texture":"#main"},"south":{"uv":[4.75,9.25,5,10],"texture":"#main"},"west":{"uv":[4,9.25,4.75,10],"texture":"#main"},"up":{"uv":[4,9.25,3.75,8.5],"texture":"#main"},"down":{"uv":[4.25,8.5,4,9.25],"texture":"#main"}}},{"from":[-3.5,14,16],"to":[-1.5,20,22],"rotation":{"angle":0,"axis":"y","origin":[5.5,0,0]},"faces":{"north":{"uv":[3.75,9.25,4,10],"texture":"#main"},"east":{"uv":[3,9.25,3.75,10],"texture":"#main"},"south":{"uv":[4.75,9.25,5,10],"texture":"#main"},"west":{"uv":[4,9.25,4.75,10],"texture":"#main"},"up":{"uv":[4,9.25,3.75,8.5],"texture":"#main"},"down":{"uv":[4.25,8.5,4,9.25],"texture":"#main"}}},{"from":[17.5,14,5],"to":[19.5,20,11],"shade":false,"rotation":{"angle":0,"axis":"y","origin":[10.5,0,0]},"faces":{"north":{"uv":[4,9.25,3.75,10],"texture":"#main"},"east":{"uv":[4.75,9.25,4,10],"texture":"#main"},"south":{"uv":[5,9.25,4.75,10],"texture":"#main"},"west":{"uv":[3.75,9.25,3,10],"texture":"#main"},"up":{"uv":[3.75,9.25,4,8.5],"texture":"#main"},"down":{"uv":[4,8.5,4.25,9.25],"texture":"#main"}}},{"from":[17.5,14,16],"to":[19.5,20,22],"shade":false,"rotation":{"angle":0,"axis":"y","origin":[10.5,0,0]},"faces":{"north":{"uv":[4,9.25,3.75,10],"texture":"#main"},"east":{"uv":[4.75,9.25,4,10],"texture":"#main"},"south":{"uv":[5,9.25,4.75,10],"texture":"#main"},"west":{"uv":[3.75,9.25,3,10],"texture":"#main"},"up":{"uv":[3.75,9.25,4,8.5],"texture":"#main"},"down":{"uv":[4,8.5,4.25,9.25],"texture":"#main"}}},{"from":[5,21,5],"to":[11,23,11],"rotation":{"angle":0,"axis":"y","origin":[10,0,0]},"faces":{"north":{"uv":[7.875,8.5,8.625,8.75],"texture":"#main"},"east":{"uv":[7.125,8.5,7.875,8.75],"texture":"#main"},"south":{"uv":[9.375,8.5,10.125,8.75],"texture":"#main"},"west":{"uv":[8.625,8.5,9.375,8.75],"texture":"#main"},"up":{"uv":[8.625,8.5,7.875,7.75],"texture":"#main"},"down":{"uv":[9.375,7.75,8.625,8.5],"texture":"#main"}}},{"from":[5,21,16],"to":[11,23,22],"rotation":{"angle":0,"axis":"y","origin":[10,0,0]},"faces":{"north":{"uv":[0.75,2.75,1.5,3],"texture":"#main"},"east":{"uv":[0,2.75,0.75,3],"texture":"#main"},"south":{"uv":[2.25,2.75,3,3],"texture":"#main"},"west":{"uv":[1.5,2.75,2.25,3],"texture":"#main"},"up":{"uv":[1.5,2.75,0.75,2],"texture":"#main"},"down":{"uv":[2.25,2,1.5,2.75],"texture":"#main"}}}],"display":{"head":{"translation":[0,-27,0],"scale":[2,2,2]}},"groups":[{"name":"root","origin":[0,0,0],"color":0,"children":[0,1,2,3,4,5,6,7,8,9,10,11,12,13,14,15,16,17,18,19,20,21,22,23,24,25]}]}