{"credit":"Made with Blockbench","texture_size":[64,64],"textures":{"main":"pokemon/honchkrow"},"elements":[{"from":[5.825,13.2,3.7],"to":[9.875,15.7,7.1],"rotation":{"angle":0,"axis":"y","origin":[8,5.8,10.5]},"faces":{"north":{"uv":[4.75,3.25,5.75,3.875],"texture":"#main"},"east":{"uv":[5.25,8.5,6.125,9.125],"texture":"#main"},"south":{"uv":[6,4.75,7,5.375],"texture":"#main"},"west":{"uv":[8.5,8,9.375,8.625],"texture":"#main"},"up":{"uv":[9.25,0.875,8.25,0],"texture":"#main"},"down":{"uv":[9.25,6.25,8.25,7.125],"texture":"#main"}}},{"from":[6.775,13.9,2.2],"to":[8.925,15.5,4.1],"rotation":{"angle":0,"axis":"y","origin":[7.85,14.7,2.75]},"faces":{"north":{"uv":[9.75,2.5,10.3125,2.875],"texture":"#main"},"east":{"uv":[9.75,5,10.25,5.375],"texture":"#main"},"south":{"uv":[9.75,4.5,10.3125,4.875],"texture":"#main"},"west":{"uv":[5.25,9.75,5.75,10.125],"texture":"#main"},"up":{"uv":[9.8125,8,9.25,7.5],"texture":"#main"},"down":{"uv":[10.0625,1.5,9.5,2],"texture":"#main"}}},{"from":[7.075,13.97055,1.28345],"to":[8.625,15.17055,2.28345],"rotation":{"angle":-22.5,"axis":"x","origin":[7.85,14.77055,1.68345]},"faces":{"north":{"uv":[1.25,10.25,1.625,10.5625],"texture":"#main"},"east":{"uv":[5.5,10.25,5.75,10.5625],"texture":"#main"},"south":{"uv":[10.25,1.5,10.625,1.8125],"texture":"#main"},"west":{"uv":[10.25,6,10.5,6.3125],"texture":"#main"},"up":{"uv":[7.625,3.25,7.25,3],"texture":"#main"},"down":{"uv":[9.125,6,8.75,6.25],"texture":"#main"}}},{"from":[7.825,13.44177,0.53483],"to":[7.825,14.64177,1.83483],"rotation":{"angle":-22.5,"axis":"x","origin":[7.825,14.19177,0.78483]},"faces":{"north":{"uv":[0,0,0,0.3125],"texture":"#main"},"east":{"uv":[10.25,2,10.5625,2.3125],"texture":"#main"},"south":{"uv":[0,0,0,0.3125],"texture":"#main"},"west":{"uv":[2.25,10.25,2.5625,10.5625],"texture":"#main"},"up":{"uv":[0,0.3125,0,0],"texture":"#main"},"down":{"uv":[0,0,0,0.3125],"texture":"#main"}}},{"from":[7.125,13.7,2.2],"to":[8.575,15,4.1],"rotation":{"angle":22.5,"axis":"x","origin":[7.8,14.9,2.95]},"faces":{"north":{"uv":[10.25,0,10.625,0.3125],"texture":"#main"},"east":{"uv":[3.75,10,4.25,10.3125],"texture":"#main"},"south":{"uv":[0.5,10.25,0.875,10.5625],"texture":"#main"},"west":{"uv":[4.25,10,4.75,10.3125],"texture":"#main"},"up":{"uv":[1.625,8.5,1.25,8],"texture":"#main"},"down":{"uv":[0.875,9.75,0.5,10.25],"texture":"#main"}}},{"from":[5.6,15.8,3.6],"to":[7,17.6,6.5],"rotation":{"angle":0,"axis":"y","origin":[8,5.8,10.5]},"faces":{"north":{"uv":[1.75,10,2.125,10.4375],"texture":"#main"},"east":{"uv":[9.25,6.5,10,6.9375],"texture":"#main"},"south":{"uv":[3.25,10,3.625,10.4375],"texture":"#main"},"west":{"uv":[9.25,7,10,7.4375],"texture":"#main"},"up":{"uv":[1.625,8,1.25,7.25],"texture":"#main"},"down":{"uv":[1.625,9.5,1.25,10.25],"texture":"#main"}}},{"from":[3.3,15.5,1.6],"to":[12.7,15.8,9.1],"rotation":{"angle":0,"axis":"y","origin":[8,5.8,10.5]},"faces":{"north":{"uv":[10,1.25,12.375,1.3125],"texture":"#main"},"east":{"uv":[10,9.5,11.875,9.5625],"texture":"#main"},"south":{"uv":[8.5,10,10.875,10.0625],"texture":"#main"},"west":{"uv":[10,9.75,11.875,9.8125],"texture":"#main"},"up":{"uv":[2.375,1.875,0,0],"texture":"#main"},"down":{"uv":[2.375,2,0,3.875],"texture":"#main"}}},{"from":[7,15.8,3.6],"to":[10.2,18.2,6.5],"rotation":{"angle":0,"axis":"y","origin":[8,5.8,10.5]},"faces":{"north":{"uv":[8.75,4.5,9.5625,5.125],"texture":"#main"},"east":{"uv":[6.25,8.5,7,9.125],"texture":"#main"},"south":{"uv":[8.75,5.25,9.5625,5.875],"texture":"#main"},"west":{"uv":[7,9,7.75,9.625],"texture":"#main"},"up":{"uv":[9.0625,8,8.25,7.25],"texture":"#main"},"down":{"uv":[5.0625,8.5,4.25,9.25],"texture":"#main"}}},{"from":[3.3,15.6,9.1],"to":[12.7,15.6,12],"rotation":{"angle":-22.5,"axis":"x","origin":[8,15.6,9.15]},"faces":{"north":{"uv":[0,0,2.375,0],"texture":"#main"},"east":{"uv":[0,0,0.75,0],"texture":"#main"},"south":{"uv":[0,0,2.375,0],"texture":"#main"},"west":{"uv":[0,0,0.75,0],"texture":"#main"},"up":{"uv":[10.125,3.75,7.75,3],"texture":"#main"},"down":{"uv":[10.125,3.75,7.75,4.5],"texture":"#main"}}},{"from":[8,3.8,11],"to":[8,11.3,20],"rotation":{"angle":-22.5,"axis":"x","origin":[8,5.8,10.5]},"faces":{"north":{"uv":[0,0,0,1.875],"texture":"#main"},"east":{"uv":[2.5,0,4.75,1.875],"texture":"#main"},"south":{"uv":[0,0,0,1.875],"texture":"#main"},"west":{"uv":[2.5,2,4.75,3.875],"texture":"#main"},"up":{"uv":[0,2.25,0,0],"texture":"#main"},"down":{"uv":[0,0,0,2.25],"texture":"#main"}}},{"from":[4.8,5.4,6.5],"to":[11.3,11.3,13],"rotation":{"angle":-45,"axis":"x","origin":[8,5.8,10.5]},"faces":{"north":{"uv":[1.75,5.5,3.375,7],"texture":"#main"},"east":{"uv":[3.5,5.5,5.125,7],"texture":"#main"},"south":{"uv":[5.25,5.5,6.875,7],"texture":"#main"},"west":{"uv":[6,3.25,7.625,4.75],"texture":"#main"},"up":{"uv":[6.375,3.125,4.75,1.5],"texture":"#main"},"down":{"uv":[1.625,5.5,0,7.125],"texture":"#main"}}},{"from":[4,7.1,3.6],"to":[12,13.2,9.3],"rotation":{"angle":0,"axis":"y","origin":[8,5.8,10.5]},"faces":{"north":{"uv":[0,4,2,5.5],"texture":"#main"},"east":{"uv":[6.5,1.5,7.9375,3],"texture":"#main"},"south":{"uv":[2,4,4,5.5],"texture":"#main"},"west":{"uv":[6.75,0,8.1875,1.5],"texture":"#main"},"up":{"uv":[6,5.4375,4,4],"texture":"#main"},"down":{"uv":[6.75,0,4.75,1.4375],"texture":"#main"}}},{"from":[4.9,7.6,2.8],"to":[11.2,13.2,4.9],"rotation":{"angle":0,"axis":"y","origin":[8,10.15,3.05]},"faces":{"north":{"uv":[1.75,7,3.3125,8.375],"texture":"#main"},"east":{"uv":[3.25,8.5,3.75,9.875],"texture":"#main"},"south":{"uv":[3.5,7,5.0625,8.375],"texture":"#main"},"west":{"uv":[3.75,8.5,4.25,9.875],"texture":"#main"},"up":{"uv":[9.5625,3,8,2.5],"texture":"#main"},"down":{"uv":[9.8125,1,8.25,1.5],"texture":"#main"}}},{"from":[6.3,6.4,3],"to":[9.7,7.6,5.1],"rotation":{"angle":0,"axis":"x","origin":[8,10.15,3.05]},"faces":{"north":{"uv":[9.5,8,10.375,8.3125],"texture":"#main"},"east":{"uv":[4.75,10,5.25,10.3125],"texture":"#main"},"south":{"uv":[8.5,9.5,9.375,9.8125],"texture":"#main"},"west":{"uv":[10,6.5,10.5,6.8125],"texture":"#main"},"up":{"uv":[6.125,9.75,5.25,9.25],"texture":"#main"},"down":{"uv":[10.125,6,9.25,6.5],"texture":"#main"}}},{"from":[6.8,5.63349,3.72486],"to":[9.1,6.93349,5.82486],"rotation":{"angle":-22.5,"axis":"x","origin":[7.95,5.98349,4.67486]},"faces":{"north":{"uv":[9.75,5.5,10.3125,5.8125],"texture":"#main"},"east":{"uv":[10,7,10.5,7.3125],"texture":"#main"},"south":{"uv":[10,0.75,10.5625,1.0625],"texture":"#main"},"west":{"uv":[10,7.5,10.5,7.8125],"texture":"#main"},"up":{"uv":[2.3125,10,1.75,9.5],"texture":"#main"},"down":{"uv":[10.0625,2,9.5,2.5],"texture":"#main"}}},{"from":[3.1,8.8,4.7],"to":[4,14.1,11.3],"rotation":{"angle":-22.5,"axis":"x","origin":[3.3,9.85,8.2]},"faces":{"north":{"uv":[6.25,9.25,6.5,10.5625],"texture":"#main"},"east":{"uv":[7,4.75,8.625,6.0625],"texture":"#main"},"south":{"uv":[6.5,9.25,6.75,10.5625],"texture":"#main"},"west":{"uv":[5.25,7,6.875,8.3125],"texture":"#main"},"up":{"uv":[1.25,10.625,1,9],"texture":"#main"},"down":{"uv":[8,9,7.75,10.625],"texture":"#main"}}},{"from":[3.1,5.4,5.9],"to":[4,8.8,11.3],"rotation":{"angle":-22.5,"axis":"x","origin":[3.3,9.85,8.2]},"faces":{"north":{"uv":[6.75,9.25,7,10.125],"texture":"#main"},"east":{"uv":[8,1.5,9.375,2.375],"texture":"#main"},"south":{"uv":[3,9.5,3.25,10.375],"texture":"#main"},"west":{"uv":[7,8,8.375,8.875],"texture":"#main"},"up":{"uv":[8.25,10.375,8,9],"texture":"#main"},"down":{"uv":[8.5,9,8.25,10.375],"texture":"#main"}}},{"from":[3.45,7.02638,10.30839],"to":[3.45,13.82638,14.70839],"rotation":{"angle":-22.5,"axis":"x","origin":[3.45,10.32638,12.70839]},"faces":{"north":{"uv":[0,0,0,1.6875],"texture":"#main"},"east":{"uv":[7,6.25,8.125,7.9375],"texture":"#main"},"south":{"uv":[0,0,0,1.6875],"texture":"#main"},"west":{"uv":[0,7.25,1.125,8.9375],"texture":"#main"},"up":{"uv":[0,1.125,0,0],"texture":"#main"},"down":{"uv":[0,0,0,1.125],"texture":"#main"}}},{"from":[11.95,8.8,4.7],"to":[12.85,14.1,11.3],"rotation":{"angle":-22.5,"axis":"x","origin":[12.65,9.85,8.2]},"faces":{"north":{"uv":[6.5,9.25,6.25,10.5625],"texture":"#main"},"east":{"uv":[6.875,7,5.25,8.3125],"texture":"#main"},"south":{"uv":[6.75,9.25,6.5,10.5625],"texture":"#main"},"west":{"uv":[8.625,4.75,7,6.0625],"texture":"#main"},"up":{"uv":[1,10.625,1.25,9],"texture":"#main"},"down":{"uv":[7.75,9,8,10.625],"texture":"#main"}}},{"from":[11.95,5.4,5.9],"to":[12.85,8.8,11.3],"rotation":{"angle":-22.5,"axis":"x","origin":[12.65,9.85,8.2]},"faces":{"north":{"uv":[7,9.25,6.75,10.125],"texture":"#main"},"east":{"uv":[8.375,8,7,8.875],"texture":"#main"},"south":{"uv":[3.25,9.5,3,10.375],"texture":"#main"},"west":{"uv":[9.375,1.5,8,2.375],"texture":"#main"},"up":{"uv":[8,10.375,8.25,9],"texture":"#main"},"down":{"uv":[8.25,9,8.5,10.375],"texture":"#main"}}},{"from":[12.5,7.02638,10.30839],"to":[12.5,13.82638,14.70839],"rotation":{"angle":-22.5,"axis":"x","origin":[12.5,10.32638,12.70839]},"faces":{"north":{"uv":[0,0,0,1.6875],"texture":"#main"},"east":{"uv":[1.125,7.25,0,8.9375],"texture":"#main"},"south":{"uv":[0,0,0,1.6875],"texture":"#main"},"west":{"uv":[8.125,6.25,7,7.9375],"texture":"#main"},"up":{"uv":[0,1.125,0,0],"texture":"#main"},"down":{"uv":[0,0,0,1.125],"texture":"#main"}}},{"from":[4.5,3.1,6.6],"to":[7.7,5.4,10.2],"rotation":{"angle":0,"axis":"y","origin":[8,5.8,9.8]},"faces":{"north":{"uv":[9.25,0,10.0625,0.5625],"texture":"#main"},"east":{"uv":[8.5,8.75,9.375,9.3125],"texture":"#main"},"south":{"uv":[4.25,9.25,5.0625,9.8125],"texture":"#main"},"west":{"uv":[0,9,0.875,9.5625],"texture":"#main"},"up":{"uv":[2.0625,9.375,1.25,8.5],"texture":"#main"},"down":{"uv":[3.0625,8.5,2.25,9.375],"texture":"#main"}}},{"from":[5.65,0.9,7.625],"to":[6.925,3.1,9.4],"rotation":{"angle":0,"axis":"y","origin":[8,5.8,9.8]},"faces":{"north":{"uv":[5.75,9.75,6.0625,10.3125],"texture":"#main"},"east":{"uv":[2.5,9.5,2.9375,10.0625],"texture":"#main"},"south":{"uv":[7,9.75,7.3125,10.3125],"texture":"#main"},"west":{"uv":[9.5,8.5,9.9375,9.0625],"texture":"#main"},"up":{"uv":[10.3125,8.9375,10,8.5],"texture":"#main"},"down":{"uv":[10.3125,9,10,9.4375],"texture":"#main"}}},{"from":[5,0.2,5.425],"to":[5.8,0.9,7.225],"rotation":{"angle":-22.5,"axis":"x","origin":[6.3,0.55,6.625]},"faces":{"north":{"uv":[10.5,2.5,10.6875,2.6875],"texture":"#main"},"east":{"uv":[9.25,0.75,9.6875,0.9375],"texture":"#main"},"south":{"uv":[10.5,2.75,10.6875,2.9375],"texture":"#main"},"west":{"uv":[10.25,0.5,10.6875,0.6875],"texture":"#main"},"up":{"uv":[5.9375,3.6875,5.75,3.25],"texture":"#main"},"down":{"uv":[7.6875,9.75,7.5,10.1875],"texture":"#main"}}},{"from":[5.29375,-0.13826,4.77051],"to":[5.29375,0.56174,5.77051],"rotation":{"angle":-22.5,"axis":"x","origin":[6.2685,0.21174,5.67719]},"faces":{"north":{"uv":[0,0,0,0.1875],"texture":"#main"},"east":{"uv":[5.75,3.75,6,3.9375],"texture":"#main"},"south":{"uv":[0,0,0,0.1875],"texture":"#main"},"west":{"uv":[8.5,4.5,8.75,4.6875],"texture":"#main"},"up":{"uv":[0,0.25,0,0],"texture":"#main"},"down":{"uv":[0,0,0,0.25],"texture":"#main"}}},{"from":[7.50625,-0.13826,4.77051],"to":[7.50625,0.56174,5.77051],"rotation":{"angle":-22.5,"axis":"x","origin":[6.4315,0.21174,5.67719]},"faces":{"north":{"uv":[0,0,0,0.1875],"texture":"#main"},"east":{"uv":[1.75,10.5,2,10.6875],"texture":"#main"},"south":{"uv":[0,0,0,0.1875],"texture":"#main"},"west":{"uv":[2,10.5,2.25,10.6875],"texture":"#main"},"up":{"uv":[0,0.25,0,0],"texture":"#main"},"down":{"uv":[0,0,0,0.25],"texture":"#main"}}},{"from":[6.9,0.2,5.425],"to":[7.7,0.9,7.225],"rotation":{"angle":-22.5,"axis":"x","origin":[6.4,0.55,6.625]},"faces":{"north":{"uv":[3.75,10.5,3.9375,10.6875],"texture":"#main"},"east":{"uv":[10.25,4,10.6875,4.1875],"texture":"#main"},"south":{"uv":[10.5,3.75,10.6875,3.9375],"texture":"#main"},"west":{"uv":[10.25,4.25,10.6875,4.4375],"texture":"#main"},"up":{"uv":[10.4375,5.4375,10.25,5],"texture":"#main"},"down":{"uv":[5.4375,10.25,5.25,10.6875],"texture":"#main"}}},{"from":[5.975,0.2,5.625],"to":[6.775,0.9,7.425],"rotation":{"angle":-22.5,"axis":"x","origin":[6.3,0.55,6.625]},"faces":{"north":{"uv":[3.5,10.5,3.6875,10.6875],"texture":"#main"},"east":{"uv":[10.25,3,10.6875,3.1875],"texture":"#main"},"south":{"uv":[10.5,3.5,10.6875,3.6875],"texture":"#main"},"west":{"uv":[10.25,3.25,10.6875,3.4375],"texture":"#main"},"up":{"uv":[2.9375,10.6875,2.75,10.25],"texture":"#main"},"down":{"uv":[10.4375,3.5,10.25,3.9375],"texture":"#main"}}},{"from":[6.31875,-0.13826,4.97051],"to":[6.31875,0.56174,5.97051],"rotation":{"angle":-22.5,"axis":"x","origin":[6.2685,0.21174,5.67719]},"faces":{"north":{"uv":[0,0,0,0.1875],"texture":"#main"},"east":{"uv":[0,10.5,0.25,10.6875],"texture":"#main"},"south":{"uv":[0,0,0,0.1875],"texture":"#main"},"west":{"uv":[0.25,10.5,0.5,10.6875],"texture":"#main"},"up":{"uv":[0,0.25,0,0],"texture":"#main"},"down":{"uv":[0,0,0,0.25],"texture":"#main"}}},{"from":[5.5,0.2,7.225],"to":[7.1,0.9,9.5],"rotation":{"angle":0,"axis":"y","origin":[8,5.8,9.8]},"faces":{"north":{"uv":[8.5,10.25,8.875,10.4375],"texture":"#main"},"east":{"uv":[6.5,3,7.0625,3.1875],"texture":"#main"},"south":{"uv":[9,10.25,9.375,10.4375],"texture":"#main"},"west":{"uv":[7.75,4.5,8.3125,4.6875],"texture":"#main"},"up":{"uv":[9.875,9.8125,9.5,9.25],"texture":"#main"},"down":{"uv":[0.375,9.75,0,10.3125],"texture":"#main"}}},{"from":[6.425,0.2,9.9],"to":[6.425,0.9,10.8],"rotation":{"angle":22.5,"axis":"x","origin":[6.4,0.55,9.85]},"faces":{"north":{"uv":[0,0,0,0.1875],"texture":"#main"},"east":{"uv":[9.75,0.75,10,0.9375],"texture":"#main"},"south":{"uv":[0,0,0,0.1875],"texture":"#main"},"west":{"uv":[2.25,10,2.5,10.1875],"texture":"#main"},"up":{"uv":[0,0.25,0,0],"texture":"#main"},"down":{"uv":[0,0,0,0.25],"texture":"#main"}}},{"from":[6,0.2,8.8],"to":[6.8,0.9,10.2],"rotation":{"angle":22.5,"axis":"x","origin":[6.4,0.55,9.85]},"faces":{"north":{"uv":[3,10.5,3.1875,10.6875],"texture":"#main"},"east":{"uv":[9.5,10.25,9.875,10.4375],"texture":"#main"},"south":{"uv":[3.25,10.5,3.4375,10.6875],"texture":"#main"},"west":{"uv":[10,10.25,10.375,10.4375],"texture":"#main"},"up":{"uv":[6.9375,10.625,6.75,10.25],"texture":"#main"},"down":{"uv":[7.6875,10.25,7.5,10.625],"texture":"#main"}}},{"from":[8.4,3.1,6.6],"to":[11.6,5.4,10.2],"rotation":{"angle":0,"axis":"y","origin":[8.1,5.8,9.8]},"faces":{"north":{"uv":[10.0625,0,9.25,0.5625],"texture":"#main"},"east":{"uv":[0.875,9,0,9.5625],"texture":"#main"},"south":{"uv":[5.0625,9.25,4.25,9.8125],"texture":"#main"},"west":{"uv":[9.375,8.75,8.5,9.3125],"texture":"#main"},"up":{"uv":[1.25,9.375,2.0625,8.5],"texture":"#main"},"down":{"uv":[2.25,8.5,3.0625,9.375],"texture":"#main"}}},{"from":[9.175,0.9,7.625],"to":[10.45,3.1,9.4],"rotation":{"angle":0,"axis":"y","origin":[8.1,5.8,9.8]},"faces":{"north":{"uv":[6.0625,9.75,5.75,10.3125],"texture":"#main"},"east":{"uv":[9.9375,8.5,9.5,9.0625],"texture":"#main"},"south":{"uv":[7.3125,9.75,7,10.3125],"texture":"#main"},"west":{"uv":[2.9375,9.5,2.5,10.0625],"texture":"#main"},"up":{"uv":[10,8.9375,10.3125,8.5],"texture":"#main"},"down":{"uv":[10,9,10.3125,9.4375],"texture":"#main"}}},{"from":[10.3,0.2,5.425],"to":[11.1,0.9,7.225],"rotation":{"angle":-22.5,"axis":"x","origin":[9.8,0.55,6.625]},"faces":{"north":{"uv":[10.6875,2.5,10.5,2.6875],"texture":"#main"},"east":{"uv":[10.6875,0.5,10.25,0.6875],"texture":"#main"},"south":{"uv":[10.6875,2.75,10.5,2.9375],"texture":"#main"},"west":{"uv":[9.6875,0.75,9.25,0.9375],"texture":"#main"},"up":{"uv":[5.75,3.6875,5.9375,3.25],"texture":"#main"},"down":{"uv":[7.5,9.75,7.6875,10.1875],"texture":"#main"}}},{"from":[10.80625,-0.13826,4.77051],"to":[10.80625,0.56174,5.77051],"rotation":{"angle":-22.5,"axis":"x","origin":[9.8315,0.21174,5.67719]},"faces":{"north":{"uv":[0,0,0,0.1875],"texture":"#main"},"east":{"uv":[8.75,4.5,8.5,4.6875],"texture":"#main"},"south":{"uv":[0,0,0,0.1875],"texture":"#main"},"west":{"uv":[6,3.75,5.75,3.9375],"texture":"#main"},"up":{"uv":[0,0.25,0,0],"texture":"#main"},"down":{"uv":[0,0,0,0.25],"texture":"#main"}}},{"from":[8.69375,-0.13826,4.77051],"to":[8.69375,0.56174,5.77051],"rotation":{"angle":-22.5,"axis":"x","origin":[9.6685,0.21174,5.67719]},"faces":{"north":{"uv":[0,0,0,0.1875],"texture":"#main"},"east":{"uv":[2.25,10.5,2,10.6875],"texture":"#main"},"south":{"uv":[0,0,0,0.1875],"texture":"#main"},"west":{"uv":[2,10.5,1.75,10.6875],"texture":"#main"},"up":{"uv":[0,0.25,0,0],"texture":"#main"},"down":{"uv":[0,0,0,0.25],"texture":"#main"}}},{"from":[8.4,0.2,5.425],"to":[9.2,0.9,7.225],"rotation":{"angle":-22.5,"axis":"x","origin":[9.7,0.55,6.625]},"faces":{"north":{"uv":[3.9375,10.5,3.75,10.6875],"texture":"#main"},"east":{"uv":[10.6875,4.25,10.25,4.4375],"texture":"#main"},"south":{"uv":[10.6875,3.75,10.5,3.9375],"texture":"#main"},"west":{"uv":[10.6875,4,10.25,4.1875],"texture":"#main"},"up":{"uv":[10.25,5.4375,10.4375,5],"texture":"#main"},"down":{"uv":[5.25,10.25,5.4375,10.6875],"texture":"#main"}}},{"from":[9.325,0.2,5.625],"to":[10.125,0.9,7.425],"rotation":{"angle":-22.5,"axis":"x","origin":[9.8,0.55,6.625]},"faces":{"north":{"uv":[3.6875,10.5,3.5,10.6875],"texture":"#main"},"east":{"uv":[10.6875,3.25,10.25,3.4375],"texture":"#main"},"south":{"uv":[10.6875,3.5,10.5,3.6875],"texture":"#main"},"west":{"uv":[10.6875,3,10.25,3.1875],"texture":"#main"},"up":{"uv":[2.75,10.6875,2.9375,10.25],"texture":"#main"},"down":{"uv":[10.25,3.5,10.4375,3.9375],"texture":"#main"}}},{"from":[9.58125,-0.13826,4.97051],"to":[9.58125,0.56174,5.97051],"rotation":{"angle":-22.5,"axis":"x","origin":[9.8315,0.21174,5.67719]},"faces":{"north":{"uv":[0,0,0,0.1875],"texture":"#main"},"east":{"uv":[0.5,10.5,0.25,10.6875],"texture":"#main"},"south":{"uv":[0,0,0,0.1875],"texture":"#main"},"west":{"uv":[0.25,10.5,0,10.6875],"texture":"#main"},"up":{"uv":[0,0.25,0,0],"texture":"#main"},"down":{"uv":[0,0,0,0.25],"texture":"#main"}}},{"from":[9,0.2,7.225],"to":[10.6,0.9,9.5],"rotation":{"angle":0,"axis":"y","origin":[8.1,5.8,9.8]},"faces":{"north":{"uv":[8.875,10.25,8.5,10.4375],"texture":"#main"},"east":{"uv":[8.3125,4.5,7.75,4.6875],"texture":"#main"},"south":{"uv":[9.375,10.25,9,10.4375],"texture":"#main"},"west":{"uv":[7.0625,3,6.5,3.1875],"texture":"#main"},"up":{"uv":[9.5,9.8125,9.875,9.25],"texture":"#main"},"down":{"uv":[0,9.75,0.375,10.3125],"texture":"#main"}}},{"from":[9.675,0.2,9.9],"to":[9.675,0.9,10.8],"rotation":{"angle":22.5,"axis":"x","origin":[9.7,0.55,9.85]},"faces":{"north":{"uv":[0,0,0,0.1875],"texture":"#main"},"east":{"uv":[2.5,10,2.25,10.1875],"texture":"#main"},"south":{"uv":[0,0,0,0.1875],"texture":"#main"},"west":{"uv":[10,0.75,9.75,0.9375],"texture":"#main"},"up":{"uv":[0,0.25,0,0],"texture":"#main"},"down":{"uv":[0,0,0,0.25],"texture":"#main"}}},{"from":[9.3,0.2,8.8],"to":[10.1,0.9,10.2],"rotation":{"angle":22.5,"axis":"x","origin":[9.7,0.55,9.85]},"faces":{"north":{"uv":[3.1875,10.5,3,10.6875],"texture":"#main"},"east":{"uv":[10.375,10.25,10,10.4375],"texture":"#main"},"south":{"uv":[3.4375,10.5,3.25,10.6875],"texture":"#main"},"west":{"uv":[9.875,10.25,9.5,10.4375],"texture":"#main"},"up":{"uv":[6.75,10.625,6.9375,10.25],"texture":"#main"},"down":{"uv":[7.5,10.25,7.6875,10.625],"texture":"#main"}}}],"display":{"head":{"translation":[0,-34.5,0]}},"groups":[{"name":"honchkrow","origin":[0,0,0],"color":0,"children":[{"name":"head","origin":[0,5.8,-0.5],"color":0,"children":[0,1,2,3,4,5,6,7,8]},{"name":"body","origin":[-0.05,5.98349,-6.32514],"color":0,"children":[9,10,11,12,13,14]},{"name":"wing","origin":[-4.55,10.32638,1.70839],"color":0,"children":[15,16,17]},{"name":"wing2","origin":[4.5,10.32638,1.70839],"color":0,"children":[18,19,20]},{"name":"leg","origin":[-1.6,0.55,-1.15],"color":0,"children":[21,22,23,24,25,26,27,28,29,30,31]},{"name":"leg2","origin":[1.7,0.55,-1.15],"color":0,"children":[32,33,34,35,36,37,38,39,40,41,42]}]}]}