{"parent":"physical_parent","textures":{"main":"pokemon/hoopa"},"__comment":"Model animated using Fizzy's model animator - http://fizzy81.github.io/animated-models/","elements":[{"rotation":{"origin":[12,9,13],"angle":45,"axis":"z"},"from":[5.999084,18.00038,2.999704],"to":[6.999084,19.00038,3.999704],"faces":{"east":{"uv":[0,6.625,0.0625,6.6875],"texture":"#main"},"south":{"uv":[0.1875,6.625,0.25,6.6875],"texture":"#main"},"north":{"uv":[0.0625,6.625,0.125,6.6875],"texture":"#main"},"west":{"uv":[0.125,6.625,0.1875,6.6875],"texture":"#main"},"up":{"uv":[0.125,6.625,0.0625,6.5625],"texture":"#main"},"down":{"uv":[0.1875,6.5625,0.125,6.625],"texture":"#main"}}},{"rotation":{"origin":[12,9,13],"angle":45,"axis":"z"},"from":[3.999433,17.00019,2.000978],"to":[5.999433,20.00019,5.000978],"faces":{"east":{"uv":[2.75,6,2.9375,6.1875],"texture":"#main"},"south":{"uv":[3.25,6,3.375,6.1875],"texture":"#main"},"north":{"uv":[2.9375,6,3.0625,6.1875],"texture":"#main"},"west":{"uv":[3.0625,6,3.25,6.1875],"texture":"#main"},"up":{"uv":[3.0625,6,2.9375,5.8125],"texture":"#main"},"down":{"uv":[3.1875,5.8125,3.0625,6],"texture":"#main"}}},{"rotation":{"origin":[12,9,13],"angle":45,"axis":"z"},"from":[-2.999088,16.00074,1.000152],"to":[4.000912,21.00074,6.000153],"faces":{"east":{"uv":[0,3.625,0.3125,3.9375],"texture":"#main"},"south":{"uv":[1.0625,3.625,1.5,3.9375],"texture":"#main"},"north":{"uv":[0.3125,3.625,0.75,3.9375],"texture":"#main"},"west":{"uv":[0.75,3.625,1.0625,3.9375],"texture":"#main"},"up":{"uv":[0.75,3.625,0.3125,3.3125],"texture":"#main"},"down":{"uv":[1.1875,3.3125,0.75,3.625],"texture":"#main"}}},{"rotation":{"origin":[12,9,13],"angle":45,"axis":"z"},"from":[-6.999099,18.99921,1.000877],"to":[-2.999099,20.99921,6.000877],"faces":{"east":{"uv":[0,5.1875,0.3125,5.3125],"texture":"#main"},"south":{"uv":[0.875,5.1875,1.125,5.3125],"texture":"#main"},"north":{"uv":[0.3125,5.1875,0.5625,5.3125],"texture":"#main"},"west":{"uv":[0.5625,5.1875,0.875,5.3125],"texture":"#main"},"up":{"uv":[0.5625,5.1875,0.3125,4.875],"texture":"#main"},"down":{"uv":[0.8125,4.875,0.5625,5.1875],"texture":"#main"}}},{"rotation":{"origin":[12,9,13],"angle":45,"axis":"z"},"from":[-5.000958,18.00034,-1.000908],"to":[-3.000958,19.00034,7.999092],"faces":{"east":{"uv":[1.5,3.875,2.0625,3.9375],"texture":"#main"},"south":{"uv":[2.75,3.875,2.875,3.9375],"texture":"#main"},"north":{"uv":[2.0625,3.875,2.1875,3.9375],"texture":"#main"},"west":{"uv":[2.1875,3.875,2.75,3.9375],"texture":"#main"},"up":{"uv":[2.1875,3.875,2.0625,3.3125],"texture":"#main"},"down":{"uv":[2.3125,3.3125,2.1875,3.875],"texture":"#main"}}},{"rotation":{"origin":[12,9,13],"angle":45,"axis":"z"},"from":[-4.999961,18.00057,-1.999649],"to":[-3.999961,19.00057,-0.9996493],"faces":{"east":{"uv":[1.25,6.625,1.3125,6.6875],"texture":"#main"},"south":{"uv":[1.4375,6.625,1.5,6.6875],"texture":"#main"},"north":{"uv":[1.3125,6.625,1.375,6.6875],"texture":"#main"},"west":{"uv":[1.375,6.625,1.4375,6.6875],"texture":"#main"},"up":{"uv":[1.375,6.625,1.3125,6.5625],"texture":"#main"},"down":{"uv":[1.4375,6.5625,1.375,6.625],"texture":"#main"}}},{"rotation":{"origin":[12,9,13],"angle":45,"axis":"z"},"from":[-5.999899,18.00001,-0.9994184],"to":[-4.999899,19.00001,0.0005816221],"faces":{"east":{"uv":[1.875,6.5,1.9375,6.5625],"texture":"#main"},"south":{"uv":[2.0625,6.5,2.125,6.5625],"texture":"#main"},"north":{"uv":[1.9375,6.5,2,6.5625],"texture":"#main"},"west":{"uv":[2,6.5,2.0625,6.5625],"texture":"#main"},"up":{"uv":[2,6.5,1.9375,6.4375],"texture":"#main"},"down":{"uv":[2.0625,6.4375,2,6.5],"texture":"#main"}}},{"rotation":{"origin":[12,9,13],"angle":45,"axis":"z"},"from":[-13.99951,17.99952,-3.000134],"to":[-4.999506,18.99952,-1.000134],"faces":{"east":{"uv":[0,5.4375,0.125,5.5],"texture":"#main"},"south":{"uv":[0.8125,5.4375,1.375,5.5],"texture":"#main"},"north":{"uv":[0.125,5.4375,0.6875,5.5],"texture":"#main"},"west":{"uv":[0.6875,5.4375,0.8125,5.5],"texture":"#main"},"up":{"uv":[0.6875,5.4375,0.125,5.3125],"texture":"#main"},"down":{"uv":[1.25,5.3125,0.6875,5.4375],"texture":"#main"}}},{"rotation":{"origin":[12,9,13],"angle":45,"axis":"z"},"from":[-14.00042,18.0003,-0.9994344],"to":[-13.00042,19.0003,0.0005655885],"faces":{"east":{"uv":[2.125,6.375,2.1875,6.4375],"texture":"#main"},"south":{"uv":[2.3125,6.375,2.375,6.4375],"texture":"#main"},"north":{"uv":[2.1875,6.375,2.25,6.4375],"texture":"#main"},"west":{"uv":[2.25,6.375,2.3125,6.4375],"texture":"#main"},"up":{"uv":[2.25,6.375,2.1875,6.3125],"texture":"#main"},"down":{"uv":[2.3125,6.3125,2.25,6.375],"texture":"#main"}}},{"rotation":{"origin":[12,9,13],"angle":45,"axis":"z"},"from":[-15.00021,18.00064,-2.000216],"to":[-14.00021,19.00064,-1.000216],"faces":{"east":{"uv":[0.25,6.625,0.3125,6.6875],"texture":"#main"},"south":{"uv":[0.4375,6.625,0.5,6.6875],"texture":"#main"},"north":{"uv":[0.3125,6.625,0.375,6.6875],"texture":"#main"},"west":{"uv":[0.375,6.625,0.4375,6.6875],"texture":"#main"},"up":{"uv":[0.375,6.625,0.3125,6.5625],"texture":"#main"},"down":{"uv":[0.4375,6.5625,0.375,6.625],"texture":"#main"}}},{"rotation":{"origin":[12,9,13],"angle":45,"axis":"z"},"from":[-15.99995,17.99976,-0.9993559],"to":[-13.99995,18.99976,8.000644],"faces":{"east":{"uv":[0,4.5,0.5625,4.5625],"texture":"#main"},"south":{"uv":[1.25,4.5,1.375,4.5625],"texture":"#main"},"north":{"uv":[0.5625,4.5,0.6875,4.5625],"texture":"#main"},"west":{"uv":[0.6875,4.5,1.25,4.5625],"texture":"#main"},"up":{"uv":[0.6875,4.5,0.5625,3.9375],"texture":"#main"},"down":{"uv":[0.8125,3.9375,0.6875,4.5],"texture":"#main"}}},{"rotation":{"origin":[12,9,13],"angle":45,"axis":"z"},"from":[-13.99916,17.99926,6.999791],"to":[-12.99916,18.99926,7.999791],"faces":{"east":{"uv":[2.125,6.5,2.1875,6.5625],"texture":"#main"},"south":{"uv":[2.3125,6.5,2.375,6.5625],"texture":"#main"},"north":{"uv":[2.1875,6.5,2.25,6.5625],"texture":"#main"},"west":{"uv":[2.25,6.5,2.3125,6.5625],"texture":"#main"},"up":{"uv":[2.25,6.5,2.1875,6.4375],"texture":"#main"},"down":{"uv":[2.3125,6.4375,2.25,6.5],"texture":"#main"}}},{"rotation":{"origin":[12,9,13],"angle":45,"axis":"z"},"from":[-15.0004,18.00013,8.000896],"to":[-14.0004,19.00013,9.000896],"faces":{"east":{"uv":[1.875,6.375,1.9375,6.4375],"texture":"#main"},"south":{"uv":[2.0625,6.375,2.125,6.4375],"texture":"#main"},"north":{"uv":[1.9375,6.375,2,6.4375],"texture":"#main"},"west":{"uv":[2,6.375,2.0625,6.4375],"texture":"#main"},"up":{"uv":[2,6.375,1.9375,6.3125],"texture":"#main"},"down":{"uv":[2.0625,6.3125,2,6.375],"texture":"#main"}}},{"rotation":{"origin":[12,9,13],"angle":45,"axis":"z"},"from":[-14.00085,18.00059,7.99906],"to":[-5.000854,19.00059,9.99906],"faces":{"east":{"uv":[3.625,5.1875,3.75,5.25],"texture":"#main"},"south":{"uv":[4.4375,5.1875,5,5.25],"texture":"#main"},"north":{"uv":[3.75,5.1875,4.3125,5.25],"texture":"#main"},"west":{"uv":[4.3125,5.1875,4.4375,5.25],"texture":"#main"},"up":{"uv":[4.3125,5.1875,3.75,5.0625],"texture":"#main"},"down":{"uv":[4.875,5.0625,4.3125,5.1875],"texture":"#main"}}},{"rotation":{"origin":[12,9,13],"angle":45,"axis":"z"},"from":[-6.000979,18,7.000814],"to":[-5.000979,19,8.000814],"faces":{"east":{"uv":[2.375,6.375,2.4375,6.4375],"texture":"#main"},"south":{"uv":[2.5625,6.375,2.625,6.4375],"texture":"#main"},"north":{"uv":[2.4375,6.375,2.5,6.4375],"texture":"#main"},"west":{"uv":[2.5,6.375,2.5625,6.4375],"texture":"#main"},"up":{"uv":[2.5,6.375,2.4375,6.3125],"texture":"#main"},"down":{"uv":[2.5625,6.3125,2.5,6.375],"texture":"#main"}}},{"rotation":{"origin":[12,9,13],"angle":45,"axis":"z"},"from":[-4.999209,18.00074,8.000354],"to":[-3.999209,19.00074,9.000354],"faces":{"east":{"uv":[2.625,6.375,2.6875,6.4375],"texture":"#main"},"south":{"uv":[2.8125,6.375,2.875,6.4375],"texture":"#main"},"north":{"uv":[2.6875,6.375,2.75,6.4375],"texture":"#main"},"west":{"uv":[2.75,6.375,2.8125,6.4375],"texture":"#main"},"up":{"uv":[2.75,6.375,2.6875,6.3125],"texture":"#main"},"down":{"uv":[2.8125,6.3125,2.75,6.375],"texture":"#main"}}},{"rotation":{"origin":[12,9,13],"angle":45,"axis":"z"},"from":[-5.000977,16.00073,1.000552],"to":[-3.000977,18.00073,6.000552],"faces":{"east":{"uv":[1,6.125,1.3125,6.25],"texture":"#main"},"south":{"uv":[1.75,6.125,1.875,6.25],"texture":"#main"},"north":{"uv":[1.3125,6.125,1.4375,6.25],"texture":"#main"},"west":{"uv":[1.4375,6.125,1.75,6.25],"texture":"#main"},"up":{"uv":[1.4375,6.125,1.3125,5.8125],"texture":"#main"},"down":{"uv":[1.5625,5.8125,1.4375,6.125],"texture":"#main"}}},{"from":[-3.000019,15.00087,1.000305],"to":[-2.000019,16.00087,6.000305],"faces":{"east":{"uv":[0.1875,6.625,0.25,6.6875],"texture":"#main","rotation":270},"south":{"uv":[0.1875,6.625,0.25,6.6875],"texture":"#main","rotation":270},"north":{"uv":[0.1875,6.625,0.25,6.6875],"texture":"#main","rotation":270},"west":{"uv":[0.1875,6.625,0.25,6.6875],"texture":"#main","rotation":270},"up":{"uv":[0.1875,6.625,0.25,6.6875],"texture":"#main","rotation":270},"down":{"uv":[0.1875,6.625,0.25,6.6875],"texture":"#main","rotation":270}}},{"from":[-2.999621,21.0008,1.000131],"to":[-1.999621,22.0008,6.000131],"faces":{"east":{"uv":[0.1875,6.625,0.25,6.6875],"texture":"#main","rotation":270},"south":{"uv":[0.1875,6.625,0.25,6.6875],"texture":"#main","rotation":270},"north":{"uv":[0.1875,6.625,0.25,6.6875],"texture":"#main","rotation":270},"west":{"uv":[0.1875,6.625,0.25,6.6875],"texture":"#main","rotation":270},"up":{"uv":[0.1875,6.625,0.25,6.6875],"texture":"#main","rotation":270},"down":{"uv":[0.1875,6.625,0.25,6.6875],"texture":"#main","rotation":270}}},{"from":[-3.000156,16.00027,-5.582464e-6],"to":[-2.000156,21.00027,0.9999944],"faces":{"east":{"uv":[0.1875,6.625,0.25,6.6875],"texture":"#main","rotation":270},"south":{"uv":[0.1875,6.625,0.25,6.6875],"texture":"#main","rotation":270},"north":{"uv":[0.1875,6.625,0.25,6.6875],"texture":"#main","rotation":270},"west":{"uv":[0.1875,6.625,0.25,6.6875],"texture":"#main","rotation":270},"up":{"uv":[0.1875,6.625,0.25,6.6875],"texture":"#main","rotation":270},"down":{"uv":[0.1875,6.625,0.25,6.6875],"texture":"#main","rotation":270}}},{"from":[-3.000151,16.0001,6.000799],"to":[-2.000151,21.0001,7.000799],"faces":{"east":{"uv":[0.1875,6.625,0.25,6.6875],"texture":"#main","rotation":270},"south":{"uv":[0.1875,6.625,0.25,6.6875],"texture":"#main","rotation":270},"north":{"uv":[0.1875,6.625,0.25,6.6875],"texture":"#main","rotation":270},"west":{"uv":[0.1875,6.625,0.25,6.6875],"texture":"#main","rotation":270},"up":{"uv":[0.1875,6.625,0.25,6.6875],"texture":"#main","rotation":270},"down":{"uv":[0.1875,6.625,0.25,6.6875],"texture":"#main","rotation":270}}},{"from":[18.9997,14.99907,1.000312],"to":[19.9997,15.99907,6.000312],"faces":{"east":{"uv":[0.1875,6.6875,0.25,6.625],"texture":"#main","rotation":270},"south":{"uv":[0.1875,6.6875,0.25,6.625],"texture":"#main","rotation":270},"north":{"uv":[0.1875,6.6875,0.25,6.625],"texture":"#main","rotation":270},"west":{"uv":[0.1875,6.6875,0.25,6.625],"texture":"#main","rotation":270},"up":{"uv":[0.1875,6.6875,0.25,6.625],"texture":"#main","rotation":270},"down":{"uv":[0.1875,6.6875,0.25,6.625],"texture":"#main","rotation":270}}},{"from":[18.99933,16.00081,5.999058],"to":[19.99933,21.00081,6.999058],"faces":{"east":{"uv":[0.1875,6.6875,0.25,6.625],"texture":"#main","rotation":270},"south":{"uv":[0.1875,6.6875,0.25,6.625],"texture":"#main","rotation":270},"north":{"uv":[0.1875,6.6875,0.25,6.625],"texture":"#main","rotation":270},"west":{"uv":[0.1875,6.6875,0.25,6.625],"texture":"#main","rotation":270},"up":{"uv":[0.1875,6.6875,0.25,6.625],"texture":"#main","rotation":270},"down":{"uv":[0.1875,6.6875,0.25,6.625],"texture":"#main","rotation":270}}},{"from":[18.99961,21.00007,1.000076],"to":[19.99961,22.00007,6.000076],"faces":{"east":{"uv":[0.1875,6.6875,0.25,6.625],"texture":"#main","rotation":270},"south":{"uv":[0.1875,6.6875,0.25,6.625],"texture":"#main","rotation":270},"north":{"uv":[0.1875,6.6875,0.25,6.625],"texture":"#main","rotation":270},"west":{"uv":[0.1875,6.6875,0.25,6.625],"texture":"#main","rotation":270},"up":{"uv":[0.1875,6.6875,0.25,6.625],"texture":"#main","rotation":270},"down":{"uv":[0.1875,6.6875,0.25,6.625],"texture":"#main","rotation":270}}},{"from":[19.00061,15.99958,0.0001075626],"to":[20.00061,20.99958,1.000108],"faces":{"east":{"uv":[0.1875,6.6875,0.25,6.625],"texture":"#main","rotation":270},"south":{"uv":[0.1875,6.6875,0.25,6.625],"texture":"#main","rotation":270},"north":{"uv":[0.1875,6.6875,0.25,6.625],"texture":"#main","rotation":270},"west":{"uv":[0.1875,6.6875,0.25,6.625],"texture":"#main","rotation":270},"up":{"uv":[0.1875,6.6875,0.25,6.625],"texture":"#main","rotation":270},"down":{"uv":[0.1875,6.6875,0.25,6.625],"texture":"#main","rotation":270}}},{"rotation":{"origin":[4,9,13],"angle":-45,"axis":"z"},"from":[8.999687,18.00029,2.999854],"to":[9.999687,19.00029,3.999854],"faces":{"east":{"uv":[1.375,6.5,1.4375,6.5625],"texture":"#main"},"south":{"uv":[1.5625,6.5,1.625,6.5625],"texture":"#main"},"north":{"uv":[1.4375,6.5,1.5,6.5625],"texture":"#main"},"west":{"uv":[1.5,6.5,1.5625,6.5625],"texture":"#main"},"up":{"uv":[1.5,6.5,1.4375,6.4375],"texture":"#main"},"down":{"uv":[1.5625,6.4375,1.5,6.5],"texture":"#main"}}},{"rotation":{"origin":[4,9,13],"angle":-45,"axis":"z"},"from":[10.00055,17.00011,1.999967],"to":[12.00055,20.00011,4.999967],"faces":{"east":{"uv":[3.375,6,3.5625,6.1875],"texture":"#main"},"south":{"uv":[3.875,6,4,6.1875],"texture":"#main"},"north":{"uv":[3.5625,6,3.6875,6.1875],"texture":"#main"},"west":{"uv":[3.6875,6,3.875,6.1875],"texture":"#main"},"up":{"uv":[3.6875,6,3.5625,5.8125],"texture":"#main"},"down":{"uv":[3.8125,5.8125,3.6875,6],"texture":"#main"}}},{"rotation":{"origin":[4,9,13],"angle":-45,"axis":"z"},"from":[11.99937,15.99953,1.000556],"to":[18.99937,20.99953,6.000556],"faces":{"east":{"uv":[1.75,2.5625,2.0625,2.875],"texture":"#main"},"south":{"uv":[2.8125,2.5625,3.25,2.875],"texture":"#main"},"north":{"uv":[2.0625,2.5625,2.5,2.875],"texture":"#main"},"west":{"uv":[2.5,2.5625,2.8125,2.875],"texture":"#main"},"up":{"uv":[2.5,2.5625,2.0625,2.25],"texture":"#main"},"down":{"uv":[2.9375,2.25,2.5,2.5625],"texture":"#main"}}},{"rotation":{"origin":[4,9,13],"angle":-45,"axis":"z"},"from":[18.99926,18.99949,1.000075],"to":[22.99926,20.99949,6.000075],"faces":{"east":{"uv":[2.5,5.1875,2.8125,5.3125],"texture":"#main"},"south":{"uv":[3.375,5.1875,3.625,5.3125],"texture":"#main"},"north":{"uv":[2.8125,5.1875,3.0625,5.3125],"texture":"#main"},"west":{"uv":[3.0625,5.1875,3.375,5.3125],"texture":"#main"},"up":{"uv":[3.0625,5.1875,2.8125,4.875],"texture":"#main"},"down":{"uv":[3.3125,4.875,3.0625,5.1875],"texture":"#main"}}},{"rotation":{"origin":[4,9,13],"angle":-45,"axis":"z"},"from":[19.00039,18.00037,-1.000997],"to":[21.00039,19.00037,7.999003],"faces":{"east":{"uv":[2.875,3.875,3.4375,3.9375],"texture":"#main"},"south":{"uv":[4.125,3.875,4.25,3.9375],"texture":"#main"},"north":{"uv":[3.4375,3.875,3.5625,3.9375],"texture":"#main"},"west":{"uv":[3.5625,3.875,4.125,3.9375],"texture":"#main"},"up":{"uv":[3.5625,3.875,3.4375,3.3125],"texture":"#main"},"down":{"uv":[3.6875,3.3125,3.5625,3.875],"texture":"#main"}}},{"rotation":{"origin":[4,9,13],"angle":-45,"axis":"z"},"from":[20.00085,17.99988,-1.999047],"to":[21.00085,18.99988,-0.999047],"faces":{"east":{"uv":[2.625,6.5,2.6875,6.5625],"texture":"#main"},"south":{"uv":[2.8125,6.5,2.875,6.5625],"texture":"#main"},"north":{"uv":[2.6875,6.5,2.75,6.5625],"texture":"#main"},"west":{"uv":[2.75,6.5,2.8125,6.5625],"texture":"#main"},"up":{"uv":[2.75,6.5,2.6875,6.4375],"texture":"#main"},"down":{"uv":[2.8125,6.4375,2.75,6.5],"texture":"#main"}}},{"rotation":{"origin":[4,9,13],"angle":-45,"axis":"z"},"from":[21.00057,17.99984,-0.9991843],"to":[22.00057,18.99984,0.0008156896],"faces":{"east":{"uv":[2.875,6.375,2.9375,6.4375],"texture":"#main"},"south":{"uv":[3.0625,6.375,3.125,6.4375],"texture":"#main"},"north":{"uv":[2.9375,6.375,3,6.4375],"texture":"#main"},"west":{"uv":[3,6.375,3.0625,6.4375],"texture":"#main"},"up":{"uv":[3,6.375,2.9375,6.3125],"texture":"#main"},"down":{"uv":[3.0625,6.3125,3,6.375],"texture":"#main"}}},{"rotation":{"origin":[4,9,13],"angle":-45,"axis":"z"},"from":[21.00001,18.00033,-3],"to":[30.00001,19.00033,-0.9999995],"faces":{"east":{"uv":[1.125,5,1.25,5.0625],"texture":"#main"},"south":{"uv":[1.9375,5,2.5,5.0625],"texture":"#main"},"north":{"uv":[1.25,5,1.8125,5.0625],"texture":"#main"},"west":{"uv":[1.8125,5,1.9375,5.0625],"texture":"#main"},"up":{"uv":[1.8125,5,1.25,4.875],"texture":"#main"},"down":{"uv":[2.375,4.875,1.8125,5],"texture":"#main"}}},{"rotation":{"origin":[4,9,13],"angle":-45,"axis":"z"},"from":[29.00071,17.99998,-0.9995262],"to":[30.00071,18.99998,0.0004737973],"faces":{"east":{"uv":[2.875,6.5,2.9375,6.5625],"texture":"#main"},"south":{"uv":[3.0625,6.5,3.125,6.5625],"texture":"#main"},"north":{"uv":[2.9375,6.5,3,6.5625],"texture":"#main"},"west":{"uv":[3,6.5,3.0625,6.5625],"texture":"#main"},"up":{"uv":[3,6.5,2.9375,6.4375],"texture":"#main"},"down":{"uv":[3.0625,6.4375,3,6.5],"texture":"#main"}}},{"rotation":{"origin":[4,9,13],"angle":-45,"axis":"z"},"from":[30.00054,18.00099,-1.999328],"to":[31.00054,19.00099,-0.999328],"faces":{"east":{"uv":[3.125,6.375,3.1875,6.4375],"texture":"#main"},"south":{"uv":[3.3125,6.375,3.375,6.4375],"texture":"#main"},"north":{"uv":[3.1875,6.375,3.25,6.4375],"texture":"#main"},"west":{"uv":[3.25,6.375,3.3125,6.4375],"texture":"#main"},"up":{"uv":[3.25,6.375,3.1875,6.3125],"texture":"#main"},"down":{"uv":[3.3125,6.3125,3.25,6.375],"texture":"#main"}}},{"rotation":{"origin":[4,9,13],"angle":-45,"axis":"z"},"from":[29.9991,17.9991,-0.999554],"to":[31.9991,18.9991,8.000446],"faces":{"east":{"uv":[4.25,3.875,4.8125,3.9375],"texture":"#main"},"south":{"uv":[5.5,3.875,5.625,3.9375],"texture":"#main"},"north":{"uv":[4.8125,3.875,4.9375,3.9375],"texture":"#main"},"west":{"uv":[4.9375,3.875,5.5,3.9375],"texture":"#main"},"up":{"uv":[4.9375,3.875,4.8125,3.3125],"texture":"#main"},"down":{"uv":[5.0625,3.3125,4.9375,3.875],"texture":"#main"}}},{"rotation":{"origin":[4,9,13],"angle":-45,"axis":"z"},"from":[28.9994,17.99932,7.000239],"to":[29.9994,18.99932,8.000239],"faces":{"east":{"uv":[0.5,6.625,0.5625,6.6875],"texture":"#main"},"south":{"uv":[0.6875,6.625,0.75,6.6875],"texture":"#main"},"north":{"uv":[0.5625,6.625,0.625,6.6875],"texture":"#main"},"west":{"uv":[0.625,6.625,0.6875,6.6875],"texture":"#main"},"up":{"uv":[0.625,6.625,0.5625,6.5625],"texture":"#main"},"down":{"uv":[0.6875,6.5625,0.625,6.625],"texture":"#main"}}},{"rotation":{"origin":[4,9,13],"angle":-45,"axis":"z"},"from":[30.00006,18.00003,8.000801],"to":[31.00006,19.00003,9.000801],"faces":{"east":{"uv":[0.75,6.625,0.8125,6.6875],"texture":"#main"},"south":{"uv":[0.9375,6.625,1,6.6875],"texture":"#main"},"north":{"uv":[0.8125,6.625,0.875,6.6875],"texture":"#main"},"west":{"uv":[0.875,6.625,0.9375,6.6875],"texture":"#main"},"up":{"uv":[0.875,6.625,0.8125,6.5625],"texture":"#main"},"down":{"uv":[0.9375,6.5625,0.875,6.625],"texture":"#main"}}},{"rotation":{"origin":[4,9,13],"angle":-45,"axis":"z"},"from":[20.99962,17.99999,7.999574],"to":[29.99962,18.99999,9.999574],"faces":{"east":{"uv":[3.625,5,3.75,5.0625],"texture":"#main"},"south":{"uv":[4.4375,5,5,5.0625],"texture":"#main"},"north":{"uv":[3.75,5,4.3125,5.0625],"texture":"#main"},"west":{"uv":[4.3125,5,4.4375,5.0625],"texture":"#main"},"up":{"uv":[4.3125,5,3.75,4.875],"texture":"#main"},"down":{"uv":[4.875,4.875,4.3125,5],"texture":"#main"}}},{"rotation":{"origin":[4,9,13],"angle":-45,"axis":"z"},"from":[20.9993,18.00086,6.999876],"to":[21.9993,19.00086,7.999876],"faces":{"east":{"uv":[1,6.625,1.0625,6.6875],"texture":"#main"},"south":{"uv":[1.1875,6.625,1.25,6.6875],"texture":"#main"},"north":{"uv":[1.0625,6.625,1.125,6.6875],"texture":"#main"},"west":{"uv":[1.125,6.625,1.1875,6.6875],"texture":"#main"},"up":{"uv":[1.125,6.625,1.0625,6.5625],"texture":"#main"},"down":{"uv":[1.1875,6.5625,1.125,6.625],"texture":"#main"}}},{"rotation":{"origin":[4,9,13],"angle":-45,"axis":"z"},"from":[20.00042,18.00082,8.000571],"to":[21.00042,19.00082,9.000571],"faces":{"east":{"uv":[2.375,6.5,2.4375,6.5625],"texture":"#main"},"south":{"uv":[2.5625,6.5,2.625,6.5625],"texture":"#main"},"north":{"uv":[2.4375,6.5,2.5,6.5625],"texture":"#main"},"west":{"uv":[2.5,6.5,2.5625,6.5625],"texture":"#main"},"up":{"uv":[2.5,6.5,2.4375,6.4375],"texture":"#main"},"down":{"uv":[2.5625,6.4375,2.5,6.5],"texture":"#main"}}},{"rotation":{"origin":[4,9,13],"angle":-45,"axis":"z"},"from":[19.0007,16.0001,0.9990211],"to":[21.0007,18.0001,5.999021],"faces":{"east":{"uv":[1.875,6.125,2.1875,6.25],"texture":"#main"},"south":{"uv":[2.625,6.125,2.75,6.25],"texture":"#main"},"north":{"uv":[2.1875,6.125,2.3125,6.25],"texture":"#main"},"west":{"uv":[2.3125,6.125,2.625,6.25],"texture":"#main"},"up":{"uv":[2.3125,6.125,2.1875,5.8125],"texture":"#main"},"down":{"uv":[2.4375,5.8125,2.3125,6.125],"texture":"#main"}}},{"from":[7.000962,-0.0005373959,7.000556],"to":[10.00096,0.9994626,8.000555],"faces":{"east":{"uv":[1.375,6.375,1.4375,6.4375],"texture":"#main"},"south":{"uv":[1.6875,6.375,1.875,6.4375],"texture":"#main"},"north":{"uv":[1.4375,6.375,1.625,6.4375],"texture":"#main"},"west":{"uv":[1.625,6.375,1.6875,6.4375],"texture":"#main"},"up":{"uv":[1.625,6.375,1.4375,6.3125],"texture":"#main"},"down":{"uv":[1.8125,6.3125,1.625,6.375],"texture":"#main"}}},{"from":[3.999103,14.99906,-0.0000665721],"to":[16.9991,22.99906,6.999933],"faces":{"east":{"uv":[0,1.625,0.4375,2.125],"texture":"#main"},"south":{"uv":[1.6875,1.625,2.5,2.125],"texture":"#main"},"north":{"uv":[0.4375,1.625,1.25,2.125],"texture":"#main"},"west":{"uv":[1.25,1.625,1.6875,2.125],"texture":"#main"},"up":{"uv":[1.25,1.625,0.4375,1.1875],"texture":"#main"},"down":{"uv":[2.0625,1.1875,1.25,1.625],"texture":"#main"}}},{"from":[-2.999704,16.49981,1.500488],"to":[1.000296,20.49981,5.500488],"faces":{"east":{"uv":[1.375,5.5625,1.625,5.8125],"texture":"#main"},"south":{"uv":[2.125,5.5625,2.375,5.8125],"texture":"#main"},"north":{"uv":[1.625,5.5625,1.875,5.8125],"texture":"#main"},"west":{"uv":[1.875,5.5625,2.125,5.8125],"texture":"#main"},"up":{"uv":[1.875,5.5625,1.625,5.3125],"texture":"#main"},"down":{"uv":[2.125,5.3125,1.875,5.5625],"texture":"#main"}}},{"rotation":{"origin":[-4.08239,19.11313,3.5],"angle":-22.5,"axis":"z"},"from":[-6.082798,17.11224,1.600088],"to":[-2.082798,21.11224,5.600088],"faces":{"east":{"uv":[0,6.0625,0.25,6.3125],"texture":"#main"},"south":{"uv":[0.75,6.0625,1,6.3125],"texture":"#main"},"north":{"uv":[0.25,6.0625,0.5,6.3125],"texture":"#main"},"west":{"uv":[0.5,6.0625,0.75,6.3125],"texture":"#main"},"up":{"uv":[0.5,6.0625,0.25,5.8125],"texture":"#main"},"down":{"uv":[0.75,5.8125,0.5,6.0625],"texture":"#main"}}},{"rotation":{"origin":[-4.08239,19.11313,3.5],"angle":-45,"axis":"z"},"from":[-8.082203,18.11301,2.60059],"to":[-4.082203,20.11301,4.60059],"faces":{"east":{"uv":[0,6.4375,0.125,6.5625],"texture":"#main"},"south":{"uv":[0.5,6.4375,0.75,6.5625],"texture":"#main"},"north":{"uv":[0.125,6.4375,0.375,6.5625],"texture":"#main"},"west":{"uv":[0.375,6.4375,0.5,6.5625],"texture":"#main"},"up":{"uv":[0.375,6.4375,0.125,6.3125],"texture":"#main"},"down":{"uv":[0.625,6.3125,0.375,6.4375],"texture":"#main"}}},{"rotation":{"origin":[22.08239,19.11313,3.5],"angle":45,"axis":"z"},"from":[22.08325,18.11362,2.600377],"to":[26.08325,20.11362,4.600377],"faces":{"east":{"uv":[4,5.9375,4.125,6.0625],"texture":"#main"},"south":{"uv":[4.5,5.9375,4.75,6.0625],"texture":"#main"},"north":{"uv":[4.125,5.9375,4.375,6.0625],"texture":"#main"},"west":{"uv":[4.375,5.9375,4.5,6.0625],"texture":"#main"},"up":{"uv":[4.375,5.9375,4.125,5.8125],"texture":"#main"},"down":{"uv":[4.625,5.8125,4.375,5.9375],"texture":"#main"}}},{"rotation":{"origin":[22.08239,19.11313,3.5],"angle":22.5,"axis":"z"},"from":[20.08147,17.11277,1.599242],"to":[24.08147,21.11277,5.599242],"faces":{"east":{"uv":[2.375,5.5625,2.625,5.8125],"texture":"#main"},"south":{"uv":[3.125,5.5625,3.375,5.8125],"texture":"#main"},"north":{"uv":[2.625,5.5625,2.875,5.8125],"texture":"#main"},"west":{"uv":[2.875,5.5625,3.125,5.8125],"texture":"#main"},"up":{"uv":[2.875,5.5625,2.625,5.3125],"texture":"#main"},"down":{"uv":[3.125,5.3125,2.875,5.5625],"texture":"#main"}}},{"from":[16.99908,16.50087,1.500857],"to":[20.99908,20.50087,5.500857],"faces":{"east":{"uv":[4.375,5.5625,4.625,5.8125],"texture":"#main"},"south":{"uv":[5.125,5.5625,5.375,5.8125],"texture":"#main"},"north":{"uv":[4.625,5.5625,4.875,5.8125],"texture":"#main"},"west":{"uv":[4.875,5.5625,5.125,5.8125],"texture":"#main"},"up":{"uv":[4.875,5.5625,4.625,5.3125],"texture":"#main"},"down":{"uv":[5.125,5.3125,4.875,5.5625],"texture":"#main"}}},{"from":[-3.000863,14.00054,0.0005411888],"to":[-2.900863,22.00054,7.000541],"faces":{"west":{"uv":[2.8125,4.375,3.25,4.875],"texture":"#main"}}},{"from":[6.500831,23.99982,0.0008014363],"to":[10.50083,27.99982,4.000802],"faces":{"east":{"uv":[3.375,5.5625,3.625,5.8125],"texture":"#main"},"south":{"uv":[4.125,5.5625,4.375,5.8125],"texture":"#main"},"north":{"uv":[3.625,5.5625,3.875,5.8125],"texture":"#main"},"west":{"uv":[3.875,5.5625,4.125,5.8125],"texture":"#main"},"up":{"uv":[3.875,5.5625,3.625,5.3125],"texture":"#main"},"down":{"uv":[4.125,5.3125,3.875,5.5625],"texture":"#main"}}},{"from":[8.500809,24.00091,4.000656],"to":[8.501809,28.00091,14.00066],"faces":{"east":{"uv":[4.5,2.875,3.875,3.125],"texture":"#main"},"west":{"uv":[3.875,2.875,4.5,3.125],"texture":"#main"}}},{"from":[5.000482,3.99961,0.0001296538],"to":[12.00048,13.99961,7.00013],"faces":{"east":{"uv":[0,2.6875,0.4375,3.3125],"texture":"#main"},"south":{"uv":[1.3125,2.6875,1.75,3.3125],"texture":"#main"},"north":{"uv":[0.4375,2.6875,0.875,3.3125],"texture":"#main"},"west":{"uv":[0.875,2.6875,1.3125,3.3125],"texture":"#main"},"up":{"uv":[0.875,2.6875,0.4375,2.25],"texture":"#main"},"down":{"uv":[1.3125,2.25,0.875,2.6875],"texture":"#main"}}},{"from":[2.999405,7.00047,-2.000883],"to":[13.9994,10.00047,8.999117],"faces":{"east":{"uv":[2.5,0.6875,3.1875,0.875],"texture":"#main"},"south":{"uv":[4.5625,0.6875,5.25,0.875],"texture":"#main"},"north":{"uv":[3.1875,0.6875,3.875,0.875],"texture":"#main"},"west":{"uv":[3.875,0.6875,4.5625,0.875],"texture":"#main"},"up":{"uv":[3.875,0.6875,3.1875,0],"texture":"#main"},"down":{"uv":[4.5625,0,3.875,0.6875],"texture":"#main"}}},{"from":[3.999155,4.999791,-1.000354],"to":[12.99916,12.99979,7.999646],"faces":{"east":{"uv":[2.5,1.75,3.0625,2.25],"texture":"#main"},"south":{"uv":[4.1875,1.75,4.75,2.25],"texture":"#main"},"north":{"uv":[3.0625,1.75,3.625,2.25],"texture":"#main"},"west":{"uv":[3.625,1.75,4.1875,2.25],"texture":"#main"},"up":{"uv":[3.625,1.75,3.0625,1.1875],"texture":"#main"},"down":{"uv":[4.1875,1.1875,3.625,1.75],"texture":"#main"}}},{"from":[6.999083,-1.999145,1.000972],"to":[9.999083,4.000855,6.000972],"faces":{"east":{"uv":[3.375,4.25,3.6875,4.625],"texture":"#main"},"south":{"uv":[4.1875,4.25,4.375,4.625],"texture":"#main"},"north":{"uv":[3.6875,4.25,3.875,4.625],"texture":"#main"},"west":{"uv":[3.875,4.25,4.1875,4.625],"texture":"#main"},"up":{"uv":[3.875,4.25,3.6875,3.9375],"texture":"#main"},"down":{"uv":[4.0625,3.9375,3.875,4.25],"texture":"#main"}}},{"from":[7.000082,-2.000349,5.999332],"to":[10.00008,-0.000348568,7.999332],"faces":{"east":{"uv":[0.75,6.4375,0.875,6.5625],"texture":"#main"},"south":{"uv":[1.1875,6.4375,1.375,6.5625],"texture":"#main"},"north":{"uv":[0.875,6.4375,1.0625,6.5625],"texture":"#main"},"west":{"uv":[1.0625,6.4375,1.1875,6.5625],"texture":"#main"},"up":{"uv":[1.0625,6.4375,0.875,6.3125],"texture":"#main"},"down":{"uv":[1.25,6.3125,1.0625,6.4375],"texture":"#main"}}},{"from":[-0.0001397096,15.01042,0.01022995],"to":[12.99986,23.01042,7.01023],"faces":{"east":{"uv":[0,1.625,0.4375,2.125],"texture":"#main"},"south":{"uv":[1.6875,1.625,2.5,2.125],"texture":"#main"},"north":{"uv":[0.4375,1.625,1.25,2.125],"texture":"#main"},"west":{"uv":[1.25,1.625,1.6875,2.125],"texture":"#main"},"up":{"uv":[1.25,1.625,0.4375,1.1875],"texture":"#main"},"down":{"uv":[2.0625,1.1875,1.25,1.625],"texture":"#main"}}},{"from":[2.999407,14.00089,-1.010992],"to":[13.99941,24.00089,7.989007],"faces":{"east":{"uv":[0,0.5625,0.5625,1.1875],"texture":"#main"},"south":{"uv":[1.8125,0.5625,2.5,1.1875],"texture":"#main"},"north":{"uv":[0.5,0.5625,1.25,1.1875],"texture":"#main"},"west":{"uv":[1.25,0.5625,1.8125,1.1875],"texture":"#main"},"up":{"uv":[1.25,0.5625,0.5625,0],"texture":"#main"},"down":{"uv":[1.9375,0,1.25,0.5625],"texture":"#main"}}},{"from":[2.999894,14.00061,-1.023743],"to":[13.99989,22.50061,-0.9737431],"faces":{"east":{"uv":[8,0,8,1.0625],"texture":"#main"},"south":{"uv":[9.375,0,10.75,1.0625],"texture":"#main"},"north":{"uv":[8,0,9.375,1.0625],"texture":"#main"},"west":{"uv":[9.375,0,9.375,1.0625],"texture":"#main"},"up":{"uv":[9.375,0,8,0],"texture":"#main"},"down":{"uv":[10.75,0,9.375,0],"texture":"#main"}}},{"from":[19.90088,13.99979,-0.0004690679],"to":[20.00088,21.99979,6.999531],"faces":{"east":{"uv":[3.25,4.375,2.8125,4.875],"texture":"#main"}}},{"rotation":{"origin":[-6.5,15.5,0.5],"angle":45,"axis":"z"},"from":[-10.99981,4.000995,0.0003457094],"to":[-8.999806,11.001,7.000346],"faces":{"east":{"uv":[0.75,1.25,1.375,1.5],"texture":"#main","rotation":270},"south":{"uv":[0.75,1.25,1.375,1.5],"texture":"#main","rotation":270},"north":{"uv":[0.75,1.25,1.375,1.5],"texture":"#main","rotation":270},"west":{"uv":[0.75,1.25,1.375,1.5],"texture":"#main","rotation":270},"up":{"uv":[0.75,1.25,1.375,1.5],"texture":"#main","rotation":270},"down":{"uv":[0.75,1.25,1.375,1.5],"texture":"#main","rotation":270}}},{"rotation":{"origin":[22.5,15.5,0.5],"angle":-45,"axis":"z"},"from":[25.00092,4.00004,0.0002538484],"to":[27.00092,11.00004,7.000254],"faces":{"east":{"uv":[0.75,1.5,1.375,1.25],"texture":"#main","rotation":270},"south":{"uv":[0.75,1.5,1.375,1.25],"texture":"#main","rotation":270},"north":{"uv":[0.75,1.5,1.375,1.25],"texture":"#main","rotation":270},"west":{"uv":[0.75,1.5,1.375,1.25],"texture":"#main","rotation":270},"up":{"uv":[0.75,1.5,1.375,1.25],"texture":"#main","rotation":270},"down":{"uv":[0.75,1.5,1.375,1.25],"texture":"#main","rotation":270}}}],"display":{"head":{"translation":[-0.695,-20.86,0],"scale":[1.3,1.3,1.3]}}}