{"parent":"physical_parent","textures":{"main":"pokemon/horsea"},"elements":[{"from":[6,0,6],"to":[9,4,10],"faces":{"east":{"uv":[4.5,6.25,5.5,7.25],"texture":"#main","rotation":270},"south":{"uv":[4.5,6.25,5.5,7.25],"texture":"#main","rotation":270},"north":{"uv":[7,6.25,7.75,7.25],"texture":"#main","rotation":180},"west":{"uv":[5.75,6.25,6.75,7.25],"texture":"#main","rotation":270},"up":{"uv":[7,6.25,7.75,7.25],"texture":"#main","rotation":180},"down":{"uv":[7,6.25,7.75,7.25],"texture":"#main","rotation":180}}},{"from":[6,4,7],"to":[9,10,11],"faces":{"east":{"uv":[4.5,0,5.5,1.5],"texture":"#main"},"south":{"uv":[3.25,2,4,2.5],"texture":"#main"},"north":{"uv":[3.25,0,4,1.5],"texture":"#main"},"west":{"uv":[2,0,3,1.5],"texture":"#main"},"down":{"uv":[3.25,2,4,2.5],"texture":"#main"}}},{"from":[5,10,6],"to":[10,16,12],"faces":{"east":{"uv":[0,4,1.5,5.5],"texture":"#main"},"south":{"uv":[5.25,4,6.5,5.5],"texture":"#main"},"north":{"uv":[5.25,4,6.5,5.5],"texture":"#main"},"west":{"uv":[0,2.25,1.5,3.75],"texture":"#main"},"up":{"uv":[5.25,4,6.5,5.5],"texture":"#main"},"down":{"uv":[5.25,4,6.5,5.5],"texture":"#main"}}},{"from":[6,11,2],"to":[9,15,6],"faces":{"east":{"uv":[1.75,6.25,2.75,7.25],"texture":"#main"},"north":{"uv":[3,6.25,3.75,7.25],"texture":"#main"},"west":{"uv":[0.5,6.25,1.5,7.25],"texture":"#main"},"up":{"uv":[0.5,7.5,1.5,8.25],"texture":"#main","rotation":90},"down":{"uv":[0.5,7.5,1.5,8.25],"texture":"#main","rotation":90}}},{"from":[7.5,5,11],"to":[7.6,9,17],"faces":{"east":{"uv":[8.25,1,9.75,2],"texture":"#main"},"west":{"uv":[6.5,1,8,2],"texture":"#main"}}},{"rotation":{"origin":[4.19162,13.00492,13.82053],"angle":-22.5,"axis":"y"},"from":[4.1416,10.0049,11.8205],"to":[4.2416,16.0049,15.8205],"faces":{"east":{"uv":[8.75,3.5,9.75,5],"texture":"#main"},"west":{"uv":[7.5,3.5,8.5,5],"texture":"#main"}}},{"rotation":{"origin":[10.71926,12.99909,13.86771],"angle":22.5,"axis":"y"},"from":[10.6693,9.9991,11.8677],"to":[10.7693,15.9991,15.8677],"faces":{"east":{"uv":[8.75,3.5,9.75,5],"texture":"#main"},"west":{"uv":[7.5,3.5,8.5,5],"texture":"#main"}}}],"display":{"head":{"translation":[0,-33.39,0],"scale":[1.3,1.3,1.3]},"firstperson_righthand":{"scale":[0.0001,0.0001,0.0001]},"thirdperson_lefthand":{"scale":[0.0001,0.0001,0.0001]},"firstperson_lefthand":{"scale":[0.0001,0.0001,0.0001]}}}