{"credit":"Made with Blockbench","parent":"physical_parent","texture_size":[64,64],"textures":{"main":"pokemon/houndoom-mega","particle":"pokemon/houndoom-mega"},"elements":[{"from":[5,10,8],"to":[11,16,14],"rotation":{"angle":0,"axis":"y","origin":[8,13,8]},"faces":{"north":{"uv":[8,0,9.5,1.5],"texture":"#main"},"east":{"uv":[8,1.5,9.5,3],"texture":"#main"},"south":{"uv":[8,7.75,9.5,9.25],"texture":"#main"},"west":{"uv":[8,9.25,9.5,10.75],"texture":"#main"},"up":{"uv":[11,1.5,9.5,0],"texture":"#main"},"down":{"uv":[11,1.5,9.5,3],"texture":"#main"}}},{"from":[8,7.5,11],"to":[8,24.5,27],"rotation":{"angle":22.5,"axis":"x","origin":[8.00611,17.48253,18.01133]},"faces":{"north":{"uv":[0,0,0,4.25],"texture":"#main"},"east":{"uv":[0,0,4,4.25],"texture":"#main"},"south":{"uv":[0,0,0,4.25],"texture":"#main"},"west":{"uv":[4,0,8,4.25],"texture":"#main"},"up":{"uv":[0,4,0,0],"texture":"#main"},"down":{"uv":[0,0,0,4],"texture":"#main"}}},{"from":[5,11,2],"to":[11,16,8],"rotation":{"angle":0,"axis":"y","origin":[8,13,8]},"faces":{"north":{"uv":[8,3,9.5,4.25],"texture":"#main"},"east":{"uv":[1.25,9.75,2.75,11],"texture":"#main"},"south":{"uv":[2.75,9.75,4.25,11],"texture":"#main"},"west":{"uv":[4.25,10,5.75,11.25],"texture":"#main"},"up":{"uv":[11,4.5,9.5,3],"texture":"#main"},"down":{"uv":[11,4.5,9.5,6],"texture":"#main"}}},{"from":[4.75,16.25829,1.75308],"to":[11.25,17.75829,6.75308],"rotation":{"angle":-22.5,"axis":"x","origin":[7.99171,14.25261,6.50569]},"faces":{"north":{"uv":[11,4.75,12.75,5.25],"texture":"#main"},"east":{"uv":[12,8.5,13.25,9],"texture":"#main"},"south":{"uv":[11,5.25,12.75,5.75],"texture":"#main"},"west":{"uv":[12,9,13.25,9.5],"texture":"#main"},"up":{"uv":[11.25,7.25,9.5,6],"texture":"#main"},"down":{"uv":[11.25,7.25,9.5,8.5],"texture":"#main"}}},{"from":[-1.25,7.5,2.00001],"to":[17.25,21.5,2.00001],"rotation":{"angle":22.5,"axis":"x","origin":[7.99171,14.25261,6.50569]},"faces":{"north":{"uv":[0,4.25,4.75,7.75],"texture":"#main"},"east":{"uv":[0,0,0,3.5],"texture":"#main"},"south":{"uv":[4.75,4.25,0,7.75],"texture":"#main"},"west":{"uv":[0,0,0,3.5],"texture":"#main"},"up":{"uv":[4.75,0,0,0],"texture":"#main"},"down":{"uv":[4.75,0,0,0],"texture":"#main"}}},{"name":"head","from":[5.5,18.5,-1.75],"to":[10.5,23.5,3.25],"rotation":{"angle":-22.5,"axis":"x","origin":[7.97095,22.72681,2.09701]},"faces":{"north":{"uv":[9.5,10.25,10.75,11.5],"texture":"#main"},"east":{"uv":[7.75,10.75,9,12],"texture":"#main"},"south":{"uv":[10.75,8.5,12,9.75],"texture":"#main"},"west":{"uv":[10.75,9.75,12,11],"texture":"#main"},"up":{"uv":[12.25,1.25,11,0],"texture":"#main"},"down":{"uv":[2.5,11,1.25,12.25],"texture":"#main"}}},{"from":[5.75,23.29216,1.63549],"to":[7.75,25.29216,4.63549],"rotation":{"angle":-45,"axis":"x","origin":[6.47226,23.53573,4.65939]},"faces":{"north":{"uv":[5,12.75,5.5,13.25],"texture":"#main"},"east":{"uv":[6.25,12.25,7,12.75],"texture":"#main"},"south":{"uv":[12.75,7,13.25,7.5],"texture":"#main"},"west":{"uv":[12.25,6.5,13,7],"texture":"#main"},"up":{"uv":[12.75,7.75,12.25,7],"texture":"#main"},"down":{"uv":[9.5,12.25,9,13],"texture":"#main"}}},{"from":[1.49616,22.7793,4.38165],"to":[7.49616,32,4.38165],"rotation":{"angle":0,"axis":"x","origin":[6.47226,23.53573,4.65939]},"faces":{"north":{"uv":[5,7.75,6.5,10],"texture":"#main"},"east":{"uv":[0,0,0,2.25],"texture":"#main"},"south":{"uv":[6.5,7.75,5,10],"texture":"#main"},"west":{"uv":[0,0,0,2.25],"texture":"#main"},"up":{"uv":[1.5,0,0,0],"texture":"#main"},"down":{"uv":[1.5,0,0,0],"texture":"#main"}}},{"from":[8.50384,22.7793,4.38165],"to":[14.50384,32,4.38165],"rotation":{"angle":0,"axis":"x","origin":[9.52774,23.53573,4.65939]},"faces":{"north":{"uv":[6.5,7.75,5,10],"texture":"#main"},"east":{"uv":[0,0,0,2.25],"texture":"#main"},"south":{"uv":[5,7.75,6.5,10],"texture":"#main"},"west":{"uv":[0,0,0,2.25],"texture":"#main"},"up":{"uv":[0,0,1.5,0],"texture":"#main"},"down":{"uv":[0,0,1.5,0],"texture":"#main"}}},{"from":[5.75,9.55963,-6.80488],"to":[5.75,17.55963,3.41582],"rotation":{"angle":22.5,"axis":"y","origin":[6.47226,23.53573,4.65939]},"faces":{"north":{"uv":[0,0,0,2],"texture":"#main"},"east":{"uv":[0,7.75,2.5,9.75],"texture":"#main"},"south":{"uv":[0,0,0,2],"texture":"#main"},"west":{"uv":[2.5,7.75,0,9.75],"texture":"#main"},"up":{"uv":[0,2.5,0,0],"texture":"#main"},"down":{"uv":[0,0,0,2.5],"texture":"#main"}}},{"from":[8.25,23.29216,1.63549],"to":[10.25,25.29216,4.63549],"rotation":{"angle":-45,"axis":"x","origin":[9.52774,23.53573,4.65939]},"faces":{"north":{"uv":[5.5,12.75,5,13.25],"texture":"#main"},"east":{"uv":[13,6.5,12.25,7],"texture":"#main"},"south":{"uv":[13.25,7,12.75,7.5],"texture":"#main"},"west":{"uv":[7,12.25,6.25,12.75],"texture":"#main"},"up":{"uv":[12.25,7.75,12.75,7],"texture":"#main"},"down":{"uv":[9,12.25,9.5,13],"texture":"#main"}}},{"from":[10.25,9.55963,-6.80488],"to":[10.25,17.55963,3.41582],"rotation":{"angle":-22.5,"axis":"y","origin":[9.52774,23.53573,4.65939]},"faces":{"north":{"uv":[0,0,0,2],"texture":"#main"},"east":{"uv":[0,7.75,2.5,9.75],"texture":"#main"},"south":{"uv":[0,0,0,2],"texture":"#main"},"west":{"uv":[2.5,7.75,0,9.75],"texture":"#main"},"up":{"uv":[0,2.5,0,0],"texture":"#main"},"down":{"uv":[0,0,0,2.5],"texture":"#main"}}},{"from":[6,18.5,-4.75],"to":[10,21.5,-1.75],"rotation":{"angle":-22.5,"axis":"x","origin":[7.97095,22.72681,2.09701]},"faces":{"north":{"uv":[4,11.25,5,12],"texture":"#main"},"east":{"uv":[12,9.5,12.75,10.25],"texture":"#main"},"south":{"uv":[11.25,5.75,12.25,6.5],"texture":"#main"},"west":{"uv":[12,10.25,12.75,11],"texture":"#main"},"up":{"uv":[12.25,7.25,11.25,6.5],"texture":"#main"},"down":{"uv":[12.25,7.25,11.25,8],"texture":"#main"}}},{"from":[5.75,16,3],"to":[10.25,23,7],"rotation":{"angle":-22.5,"axis":"x","origin":[8.5,13,8]},"faces":{"north":{"uv":[9.5,8.5,10.75,10.25],"texture":"#main"},"east":{"uv":[5.75,10,6.75,11.75],"texture":"#main"},"south":{"uv":[0,9.75,1.25,11.5],"texture":"#main"},"west":{"uv":[6.75,10,7.75,11.75],"texture":"#main"},"up":{"uv":[12.25,2.25,11,1.25],"texture":"#main"},"down":{"uv":[12.25,2.25,11,3.25],"texture":"#main"}}},{"from":[5,0.22209,4.14386],"to":[7,6.22209,6.14386],"rotation":{"angle":0,"axis":"x","origin":[6.01667,5.35174,4.78655]},"faces":{"north":{"uv":[9,10.75,9.5,12.25],"texture":"#main"},"east":{"uv":[5,11.25,5.5,12.75],"texture":"#main"},"south":{"uv":[0,11.5,0.5,13],"texture":"#main"},"west":{"uv":[0.5,11.5,1,13],"texture":"#main"},"up":{"uv":[13.25,8,12.75,7.5],"texture":"#main"},"down":{"uv":[13.25,8,12.75,8.5],"texture":"#main"}}},{"from":[4.5,2.72209,3.64386],"to":[7.6,5.72209,6.64386],"rotation":{"angle":0,"axis":"x","origin":[6.01667,5.35174,4.78655]},"faces":{"north":{"uv":[12,11,12.75,11.75],"texture":"#main"},"east":{"uv":[12,11.75,12.75,12.5],"texture":"#main"},"south":{"uv":[12.25,0,13,0.75],"texture":"#main"},"west":{"uv":[12.25,0.75,13,1.5],"texture":"#main"},"up":{"uv":[1.75,13,1,12.25],"texture":"#main"},"down":{"uv":[13,1.5,12.25,2.25],"texture":"#main"}}},{"from":[5,0,13],"to":[7,6,15],"rotation":{"angle":0,"axis":"y","origin":[8,8,18]},"faces":{"north":{"uv":[9.5,11.5,10,13],"texture":"#main"},"east":{"uv":[10,11.5,10.5,13],"texture":"#main"},"south":{"uv":[11.5,11,12,12.5],"texture":"#main"},"west":{"uv":[11.75,3.25,12.25,4.75],"texture":"#main"},"up":{"uv":[13.25,10,12.75,9.5],"texture":"#main"},"down":{"uv":[13.25,10,12.75,10.5],"texture":"#main"}}},{"from":[5,5.63642,4.37361],"to":[7,11.63642,6.37361],"rotation":{"angle":-22.5,"axis":"x","origin":[6.01667,5.35174,4.78655]},"faces":{"north":{"uv":[4.5,12,5,13.5],"texture":"#main"},"east":{"uv":[7.5,12,8,13.5],"texture":"#main"},"south":{"uv":[8,12,8.5,13.5],"texture":"#main"},"west":{"uv":[8.5,12,9,13.5],"texture":"#main"},"up":{"uv":[13.25,12,12.75,11.5],"texture":"#main"},"down":{"uv":[13.25,12,12.75,12.5],"texture":"#main"}}},{"from":[4.9999,8.77817,13.46447],"to":[6.9999,10.77817,19.46447],"rotation":{"angle":45,"axis":"x","origin":[8,13.77817,11.46447]},"faces":{"north":{"uv":[12.75,10.5,13.25,11],"texture":"#main"},"east":{"uv":[11.25,8,12.75,8.5],"texture":"#main"},"south":{"uv":[12.75,11,13.25,11.5],"texture":"#main"},"west":{"uv":[5.5,11.75,7,12.25],"texture":"#main"},"up":{"uv":[7.5,13.25,7,11.75],"texture":"#main"},"down":{"uv":[4.5,12,4,13.5],"texture":"#main"}}},{"from":[4.25,7.82596,11.13287],"to":[7,13.82596,14.38287],"rotation":{"angle":22.5,"axis":"x","origin":[5.625,12.82596,12.75787]},"faces":{"north":{"uv":[2.5,11,3.25,12.5],"texture":"#main"},"east":{"uv":[3.25,11,4,12.5],"texture":"#main"},"south":{"uv":[11,3.25,11.75,4.75],"texture":"#main"},"west":{"uv":[10.75,11,11.5,12.5],"texture":"#main"},"up":{"uv":[2.5,13,1.75,12.25],"texture":"#main"},"down":{"uv":[13,2.25,12.25,3],"texture":"#main"}}},{"from":[4.25,0,2.75],"to":[7.25,2,5.75],"faces":{"north":{"uv":[2.5,12.5,3.25,13],"texture":"#main"},"east":{"uv":[3.25,12.5,4,13],"texture":"#main"},"south":{"uv":[10.5,12.5,11.25,13],"texture":"#main"},"west":{"uv":[11.25,12.5,12,13],"texture":"#main"},"up":{"uv":[13,3.75,12.25,3],"texture":"#main"},"down":{"uv":[13,3.75,12.25,4.5],"texture":"#main"}}},{"from":[4.25,0,11.75],"to":[7.25,2,14.75],"faces":{"north":{"uv":[12,12.5,12.75,13],"texture":"#main"},"east":{"uv":[12.75,4.5,13.5,5],"texture":"#main"},"south":{"uv":[12.75,5,13.5,5.5],"texture":"#main"},"west":{"uv":[6.25,12.75,7,13.25],"texture":"#main"},"up":{"uv":[6.25,13,5.5,12.25],"texture":"#main"},"down":{"uv":[13,5.75,12.25,6.5],"texture":"#main"}}},{"from":[8.75,0,2.75],"to":[11.75,2,5.75],"rotation":{"angle":0,"axis":"y","origin":[16,0,0]},"faces":{"north":{"uv":[3.25,12.5,2.5,13],"texture":"#main"},"east":{"uv":[12,12.5,11.25,13],"texture":"#main"},"south":{"uv":[11.25,12.5,10.5,13],"texture":"#main"},"west":{"uv":[4,12.5,3.25,13],"texture":"#main"},"up":{"uv":[12.25,3.75,13,3],"texture":"#main"},"down":{"uv":[12.25,3.75,13,4.5],"texture":"#main"}}},{"from":[8.4,2.72209,3.64386],"to":[11.5,5.72209,6.64386],"rotation":{"angle":0,"axis":"x","origin":[9.98333,5.35174,4.78655]},"faces":{"north":{"uv":[12.75,11,12,11.75],"texture":"#main"},"east":{"uv":[13,0.75,12.25,1.5],"texture":"#main"},"south":{"uv":[13,0,12.25,0.75],"texture":"#main"},"west":{"uv":[12.75,11.75,12,12.5],"texture":"#main"},"up":{"uv":[1,13,1.75,12.25],"texture":"#main"},"down":{"uv":[12.25,1.5,13,2.25],"texture":"#main"}}},{"from":[9,5.63642,4.37361],"to":[11,11.63642,6.37361],"rotation":{"angle":-22.5,"axis":"x","origin":[9.98333,5.35174,4.78655]},"faces":{"north":{"uv":[5,12,4.5,13.5],"texture":"#main"},"east":{"uv":[9,12,8.5,13.5],"texture":"#main"},"south":{"uv":[8.5,12,8,13.5],"texture":"#main"},"west":{"uv":[8,12,7.5,13.5],"texture":"#main"},"up":{"uv":[12.75,12,13.25,11.5],"texture":"#main"},"down":{"uv":[12.75,12,13.25,12.5],"texture":"#main"}}},{"from":[9,7.82596,11.13287],"to":[11.75,13.82596,14.38287],"rotation":{"angle":22.5,"axis":"x","origin":[10.375,12.82596,12.75787]},"faces":{"north":{"uv":[3.25,11,2.5,12.5],"texture":"#main"},"east":{"uv":[11.5,11,10.75,12.5],"texture":"#main"},"south":{"uv":[11.75,3.25,11,4.75],"texture":"#main"},"west":{"uv":[4,11,3.25,12.5],"texture":"#main"},"up":{"uv":[1.75,13,2.5,12.25],"texture":"#main"},"down":{"uv":[12.25,2.25,13,3],"texture":"#main"}}},{"from":[9.0001,8.77817,13.46447],"to":[11.0001,10.77817,19.46447],"rotation":{"angle":45,"axis":"x","origin":[8,13.77817,11.46447]},"faces":{"north":{"uv":[13.25,10.5,12.75,11],"texture":"#main"},"east":{"uv":[7,11.75,5.5,12.25],"texture":"#main"},"south":{"uv":[13.25,11,12.75,11.5],"texture":"#main"},"west":{"uv":[12.75,8,11.25,8.5],"texture":"#main"},"up":{"uv":[7,13.25,7.5,11.75],"texture":"#main"},"down":{"uv":[4,12,4.5,13.5],"texture":"#main"}}},{"from":[9,0,13],"to":[11,6,15],"rotation":{"angle":0,"axis":"y","origin":[8,8,18]},"faces":{"north":{"uv":[10,11.5,9.5,13],"texture":"#main"},"east":{"uv":[12.25,3.25,11.75,4.75],"texture":"#main"},"south":{"uv":[12,11,11.5,12.5],"texture":"#main"},"west":{"uv":[10.5,11.5,10,13],"texture":"#main"},"up":{"uv":[12.75,10,13.25,9.5],"texture":"#main"},"down":{"uv":[12.75,10,13.25,10.5],"texture":"#main"}}},{"from":[8.75,0,11.75],"to":[11.75,2,14.75],"rotation":{"angle":0,"axis":"y","origin":[16,0,0]},"faces":{"north":{"uv":[12.75,12.5,12,13],"texture":"#main"},"east":{"uv":[7,12.75,6.25,13.25],"texture":"#main"},"south":{"uv":[13.5,5,12.75,5.5],"texture":"#main"},"west":{"uv":[13.5,4.5,12.75,5],"texture":"#main"},"up":{"uv":[5.5,13,6.25,12.25],"texture":"#main"},"down":{"uv":[12.25,5.75,13,6.5],"texture":"#main"}}},{"from":[9,0.22209,4.14386],"to":[11,6.22209,6.14386],"rotation":{"angle":0,"axis":"x","origin":[9.98333,5.35174,4.78655]},"faces":{"north":{"uv":[9.5,10.75,9,12.25],"texture":"#main"},"east":{"uv":[1,11.5,0.5,13],"texture":"#main"},"south":{"uv":[0.5,11.5,0,13],"texture":"#main"},"west":{"uv":[5.5,11.25,5,12.75],"texture":"#main"},"up":{"uv":[12.75,8,13.25,7.5],"texture":"#main"},"down":{"uv":[12.75,8,13.25,8.5],"texture":"#main"}}}],"display":{"head":{"translation":[0,-30,0],"scale":[1.6,1.6,1.6]}}}