{"credit":"Made with Blockbench","texture_size":[64,64],"textures":{"main":"pokemon/infernape"},"elements":[{"from":[6.2,14,3.775],"to":[10.675,18,7.775],"faces":{"north":{"uv":[4,2.5,5.125,3.5],"texture":"#main"},"east":{"uv":[5.25,0,6.25,1],"texture":"#main"},"south":{"uv":[4,3.5,5.125,4.5],"texture":"#main"},"west":{"uv":[5.25,1,6.25,2],"texture":"#main"},"up":{"uv":[5.125,5.5,4,4.5],"texture":"#main"},"down":{"uv":[1.125,5,0,6],"texture":"#main"}}},{"from":[-4.85,15.425,6.2],"to":[10.725,25.55,6.2],"faces":{"north":{"uv":[0,0,3.875,2.5],"texture":"#main"},"east":{"uv":[0,0,0,2.5],"texture":"#main"},"south":{"uv":[0,2.5,3.875,5],"texture":"#main"},"west":{"uv":[0,0,0,2.5],"texture":"#main"},"up":{"uv":[3.875,0,0,0],"texture":"#main"},"down":{"uv":[3.875,0,0,0],"texture":"#main"}}},{"from":[4.65,13.825,5.85],"to":[6.55,18.475,5.85],"rotation":{"angle":45,"axis":"z","origin":[5.2625,16.125,5.85]},"faces":{"north":{"uv":[5.25,6.5,5.75,7.625],"texture":"#main"},"east":{"uv":[0,0,0,1.125],"texture":"#main"},"south":{"uv":[6.5,5.75,7,6.875],"texture":"#main"},"west":{"uv":[0,0,0,1.125],"texture":"#main"},"up":{"uv":[0.5,0,0,0],"texture":"#main"},"down":{"uv":[0.5,0,0,0],"texture":"#main"}}},{"from":[10.1,14.275,5.85],"to":[12,18.925,5.85],"rotation":{"angle":-45,"axis":"z","origin":[10.7375,16.125,5.85]},"faces":{"north":{"uv":[5.75,6.5,5.25,7.625],"texture":"#main"},"east":{"uv":[0,0,0,1.125],"texture":"#main"},"south":{"uv":[7,5.75,6.5,6.875],"texture":"#main"},"west":{"uv":[0,0,0,1.125],"texture":"#main"},"up":{"uv":[0,0,0.5,0],"texture":"#main"},"down":{"uv":[0,0,0.5,0],"texture":"#main"}}},{"from":[6,14.1,3.525],"to":[10.875,17,4.925],"faces":{"north":{"uv":[5.25,2,6.5,2.75],"texture":"#main"},"east":{"uv":[5.25,7.75,5.625,8.5],"texture":"#main"},"south":{"uv":[5.25,2.75,6.5,3.5],"texture":"#main"},"west":{"uv":[7.75,7.75,8.125,8.5],"texture":"#main"},"up":{"uv":[8.25,6.625,7,6.25],"texture":"#main"},"down":{"uv":[7.75,7,6.5,7.375],"texture":"#main"}}},{"from":[5.875,8.425,7.1],"to":[11.025,13.475,9.575],"rotation":{"angle":-22.5,"axis":"x","origin":[8.45,10.4625,5.8875]},"faces":{"north":{"uv":[4,0,5.25,1.25],"texture":"#main"},"east":{"uv":[1,6,1.625,7.25],"texture":"#main"},"south":{"uv":[4,1.25,5.25,2.5],"texture":"#main"},"west":{"uv":[1.75,6,2.375,7.25],"texture":"#main"},"up":{"uv":[3.75,6.625,2.5,6],"texture":"#main"},"down":{"uv":[7.25,3.5,6,4.125],"texture":"#main"}}},{"from":[4.65,5.675,3.55],"to":[6.45,7.175,4.875],"rotation":{"angle":0,"axis":"y","origin":[4.4125,13.225,7.3375]},"faces":{"north":{"uv":[8,5.75,8.5,6.125],"texture":"#main"},"east":{"uv":[8.25,7.75,8.625,8.125],"texture":"#main"},"south":{"uv":[1,8.25,1.5,8.625],"texture":"#main"},"west":{"uv":[8.25,8.25,8.625,8.625],"texture":"#main"},"up":{"uv":[8.75,1.875,8.25,1.5],"texture":"#main"},"down":{"uv":[8.75,2,8.25,2.375],"texture":"#main"}}},{"from":[4.075,11.425,6.125],"to":[4.9,14.225,8.425],"rotation":{"angle":-45,"axis":"z","origin":[5.4375,13.225,7.3375]},"faces":{"north":{"uv":[5.75,6.5,6,7.25],"texture":"#main"},"east":{"uv":[7.25,0,7.875,0.75],"texture":"#main"},"south":{"uv":[3.5,6.75,3.75,7.5],"texture":"#main"},"west":{"uv":[7.25,0.75,7.875,1.5],"texture":"#main"},"up":{"uv":[1.75,8.875,1.5,8.25],"texture":"#main"},"down":{"uv":[3.5,8.25,3.25,8.875],"texture":"#main"}}},{"from":[4.575,8.025,6.375],"to":[6.125,14.05,8.25],"rotation":{"angle":-45,"axis":"z","origin":[5.4375,13.225,7.3375]},"faces":{"north":{"uv":[6.75,0,7.125,1.5],"texture":"#main"},"east":{"uv":[4.75,5.5,5.25,7],"texture":"#main"},"south":{"uv":[2.5,6.75,2.875,8.25],"texture":"#main"},"west":{"uv":[6,4.25,6.5,5.75],"texture":"#main"},"up":{"uv":[5.125,8.5,4.75,8],"texture":"#main"},"down":{"uv":[6.125,8,5.75,8.5],"texture":"#main"}}},{"from":[1.175,4.175,6.175],"to":[3.3,10.3,8.525],"rotation":{"angle":0,"axis":"y","origin":[4.4125,13.225,7.3375]},"faces":{"north":{"uv":[6,5.75,6.5,7.25],"texture":"#main"},"east":{"uv":[5.25,3.5,5.875,5],"texture":"#main"},"south":{"uv":[6.25,0,6.75,1.5],"texture":"#main"},"west":{"uv":[5.25,5,5.875,6.5],"texture":"#main"},"up":{"uv":[2.5,7.875,2,7.25],"texture":"#main"},"down":{"uv":[7.75,7.5,7.25,8.125],"texture":"#main"}}},{"from":[1.025,4.25,5.675],"to":[3.45,6.275,6.175],"rotation":{"angle":0,"axis":"y","origin":[4.4125,13.225,7.3375]},"faces":{"north":{"uv":[1,7.75,1.625,8.25],"texture":"#main"},"east":{"uv":[3.5,7.5,3.625,8],"texture":"#main"},"south":{"uv":[7.75,3,8.375,3.5],"texture":"#main"},"west":{"uv":[4,8.5,4.125,9],"texture":"#main"},"up":{"uv":[9.125,1.125,8.5,1],"texture":"#main"},"down":{"uv":[9.125,1.25,8.5,1.375],"texture":"#main"}}},{"from":[1.175,2.75,6.2],"to":[3.3,4.25,7.625],"rotation":{"angle":0,"axis":"y","origin":[4.4125,13.225,7.3375]},"faces":{"north":{"uv":[2.25,8.25,2.75,8.625],"texture":"#main"},"east":{"uv":[0,8.5,0.375,8.875],"texture":"#main"},"south":{"uv":[8.25,2.5,8.75,2.875],"texture":"#main"},"west":{"uv":[8.5,0,8.875,0.375],"texture":"#main"},"up":{"uv":[3.25,8.625,2.75,8.25],"texture":"#main"},"down":{"uv":[8.75,3.5,8.25,3.875],"texture":"#main"}}},{"from":[1.175,1.75,6.2],"to":[3.3,2.75,8.425],"rotation":{"angle":0,"axis":"y","origin":[4.4125,13.225,7.3375]},"faces":{"north":{"uv":[7,6.75,7.5,7],"texture":"#main"},"east":{"uv":[7.25,4,7.75,4.25],"texture":"#main"},"south":{"uv":[7.75,4,8.25,4.25],"texture":"#main"},"west":{"uv":[8.25,4,8.75,4.25],"texture":"#main"},"up":{"uv":[8.5,0.5,8,0],"texture":"#main"},"down":{"uv":[1,8,0.5,8.5],"texture":"#main"}}},{"from":[3.3,3.125,6.875],"to":[3.8,4.625,7.9],"rotation":{"angle":0,"axis":"y","origin":[4.4125,13.225,7.3375]},"faces":{"north":{"uv":[8.5,4.5,8.625,4.875],"texture":"#main"},"east":{"uv":[3.75,5,4,5.375],"texture":"#main"},"south":{"uv":[4.75,8.5,4.875,8.875],"texture":"#main"},"west":{"uv":[6.25,1.5,6.5,1.875],"texture":"#main"},"up":{"uv":[7.625,7,7.5,6.75],"texture":"#main"},"down":{"uv":[1.875,7.75,1.75,8],"texture":"#main"}}},{"from":[10.65,8.025,6.375],"to":[12.2,14.05,8.25],"rotation":{"angle":45,"axis":"z","origin":[11.3375,13.225,7.3375]},"faces":{"north":{"uv":[7.125,0,6.75,1.5],"texture":"#main"},"east":{"uv":[6.5,4.25,6,5.75],"texture":"#main"},"south":{"uv":[2.875,6.75,2.5,8.25],"texture":"#main"},"west":{"uv":[5.25,5.5,4.75,7],"texture":"#main"},"up":{"uv":[4.75,8.5,5.125,8],"texture":"#main"},"down":{"uv":[5.75,8,6.125,8.5],"texture":"#main"}}},{"from":[13.475,4.175,6.175],"to":[15.6,10.3,8.525],"rotation":{"angle":0,"axis":"y","origin":[12.3625,13.225,7.3375]},"faces":{"north":{"uv":[6.5,5.75,6,7.25],"texture":"#main"},"east":{"uv":[5.875,5,5.25,6.5],"texture":"#main"},"south":{"uv":[6.75,0,6.25,1.5],"texture":"#main"},"west":{"uv":[5.875,3.5,5.25,5],"texture":"#main"},"up":{"uv":[2,7.875,2.5,7.25],"texture":"#main"},"down":{"uv":[7.25,7.5,7.75,8.125],"texture":"#main"}}},{"from":[13.325,4.25,5.675],"to":[15.75,6.275,6.175],"rotation":{"angle":0,"axis":"y","origin":[12.3625,13.225,7.3375]},"faces":{"north":{"uv":[1.625,7.75,1,8.25],"texture":"#main"},"east":{"uv":[4.125,8.5,4,9],"texture":"#main"},"south":{"uv":[8.375,3,7.75,3.5],"texture":"#main"},"west":{"uv":[3.625,7.5,3.5,8],"texture":"#main"},"up":{"uv":[8.5,1.125,9.125,1],"texture":"#main"},"down":{"uv":[8.5,1.25,9.125,1.375],"texture":"#main"}}},{"from":[13.475,2.75,6.2],"to":[15.6,4.25,7.625],"rotation":{"angle":0,"axis":"y","origin":[12.3625,13.225,7.3375]},"faces":{"north":{"uv":[2.75,8.25,2.25,8.625],"texture":"#main"},"east":{"uv":[8.875,0,8.5,0.375],"texture":"#main"},"south":{"uv":[8.75,2.5,8.25,2.875],"texture":"#main"},"west":{"uv":[0.375,8.5,0,8.875],"texture":"#main"},"up":{"uv":[2.75,8.625,3.25,8.25],"texture":"#main"},"down":{"uv":[8.25,3.5,8.75,3.875],"texture":"#main"}}},{"from":[13.475,1.75,6.2],"to":[15.6,2.75,8.425],"rotation":{"angle":0,"axis":"y","origin":[12.3625,13.225,7.3375]},"faces":{"north":{"uv":[7.5,6.75,7,7],"texture":"#main"},"east":{"uv":[8.75,4,8.25,4.25],"texture":"#main"},"south":{"uv":[8.25,4,7.75,4.25],"texture":"#main"},"west":{"uv":[7.75,4,7.25,4.25],"texture":"#main"},"up":{"uv":[8,0.5,8.5,0],"texture":"#main"},"down":{"uv":[0.5,8,1,8.5],"texture":"#main"}}},{"from":[12.975,3.125,6.875],"to":[13.475,4.625,7.9],"rotation":{"angle":0,"axis":"y","origin":[12.3625,13.225,7.3375]},"faces":{"north":{"uv":[8.625,4.5,8.5,4.875],"texture":"#main"},"east":{"uv":[6.5,1.5,6.25,1.875],"texture":"#main"},"south":{"uv":[4.875,8.5,4.75,8.875],"texture":"#main"},"west":{"uv":[4,5,3.75,5.375],"texture":"#main"},"up":{"uv":[7.5,7,7.625,6.75],"texture":"#main"},"down":{"uv":[1.75,7.75,1.875,8],"texture":"#main"}}},{"from":[11.875,11.425,6.125],"to":[12.7,14.225,8.425],"rotation":{"angle":45,"axis":"z","origin":[11.3375,13.225,7.3375]},"faces":{"north":{"uv":[6,6.5,5.75,7.25],"texture":"#main"},"east":{"uv":[7.875,0.75,7.25,1.5],"texture":"#main"},"south":{"uv":[3.75,6.75,3.5,7.5],"texture":"#main"},"west":{"uv":[7.875,0,7.25,0.75],"texture":"#main"},"up":{"uv":[1.5,8.875,1.75,8.25],"texture":"#main"},"down":{"uv":[3.25,8.25,3.5,8.875],"texture":"#main"}}},{"from":[5.925,10.35,6.8],"to":[7.425,11.775,7.1],"rotation":{"angle":-22.5,"axis":"x","origin":[8.45,10.4625,5.8875]},"faces":{"north":{"uv":[0.5,8.5,0.875,8.875],"texture":"#main"},"east":{"uv":[5,8.5,5.125,8.875],"texture":"#main"},"south":{"uv":[8.5,0.5,8.875,0.875],"texture":"#main"},"west":{"uv":[5.25,8.5,5.375,8.875],"texture":"#main"},"up":{"uv":[8.875,5.125,8.5,5],"texture":"#main"},"down":{"uv":[5.875,8.5,5.5,8.625],"texture":"#main"}}},{"from":[9.375,10.35,6.8],"to":[10.875,11.775,7.1],"rotation":{"angle":-22.5,"axis":"x","origin":[7.55,10.4625,5.8875]},"faces":{"north":{"uv":[0.875,8.5,0.5,8.875],"texture":"#main"},"east":{"uv":[5.375,8.5,5.25,8.875],"texture":"#main"},"south":{"uv":[8.875,0.5,8.5,0.875],"texture":"#main"},"west":{"uv":[5.125,8.5,5,8.875],"texture":"#main"},"up":{"uv":[8.5,5.125,8.875,5],"texture":"#main"},"down":{"uv":[5.5,8.5,5.875,8.625],"texture":"#main"}}},{"from":[6.1,6,7.925],"to":[10.7,9.9,9.975],"rotation":{"angle":0,"axis":"y","origin":[8.4375,8.9625,9.3875]},"faces":{"north":{"uv":[1.25,5,2.375,6],"texture":"#main"},"east":{"uv":[0.5,7,1,8],"texture":"#main"},"south":{"uv":[2.5,5,3.625,6],"texture":"#main"},"west":{"uv":[4.75,7,5.25,8],"texture":"#main"},"up":{"uv":[7.625,3.5,6.5,3],"texture":"#main"},"down":{"uv":[8.125,1.5,7,2],"texture":"#main"}}},{"from":[6.025,5.475,3.1],"to":[8,7.15,8.8],"rotation":{"angle":22.5,"axis":"y","origin":[9.3125,6.3125,7.675]},"faces":{"north":{"uv":[6.25,8.25,6.75,8.625],"texture":"#main"},"east":{"uv":[7,4.25,8.375,4.625],"texture":"#main"},"south":{"uv":[8.25,6.25,8.75,6.625],"texture":"#main"},"west":{"uv":[7,4.75,8.375,5.125],"texture":"#main"},"up":{"uv":[7,2.875,6.5,1.5],"texture":"#main"},"down":{"uv":[4.25,6.5,3.75,7.875],"texture":"#main"}}},{"from":[4.5,-0.25,5.075],"to":[6.475,5.375,6.75],"rotation":{"angle":-45,"axis":"x","origin":[6.6125,3.7625,3.75]},"faces":{"north":{"uv":[4.25,6.5,4.75,7.875],"texture":"#main"},"east":{"uv":[3,6.75,3.375,8.125],"texture":"#main"},"south":{"uv":[6.5,4.25,7,5.625],"texture":"#main"},"west":{"uv":[0,7,0.375,8.375],"texture":"#main"},"up":{"uv":[7.25,8.625,6.75,8.25],"texture":"#main"},"down":{"uv":[7.75,8.25,7.25,8.625],"texture":"#main"}}},{"from":[4.35,0.375,7],"to":[6.6,3.1,8.675],"rotation":{"angle":0,"axis":"y","origin":[6.6125,3.7625,3.75]},"faces":{"north":{"uv":[5.75,7.25,6.375,7.875],"texture":"#main"},"east":{"uv":[1.75,8,2.125,8.625],"texture":"#main"},"south":{"uv":[6.5,7.5,7.125,8.125],"texture":"#main"},"west":{"uv":[3.5,8,3.875,8.625],"texture":"#main"},"up":{"uv":[4.625,8.375,4,8],"texture":"#main"},"down":{"uv":[8.625,5.25,8,5.625],"texture":"#main"}}},{"from":[4.1,0.375,5.575],"to":[6.825,1.1,7.7],"rotation":{"angle":0,"axis":"y","origin":[6.6125,3.7625,3.75]},"faces":{"north":{"uv":[8.5,3,9.125,3.125],"texture":"#main"},"east":{"uv":[4.25,8.5,4.75,8.625],"texture":"#main"},"south":{"uv":[8.5,3.25,9.125,3.375],"texture":"#main"},"west":{"uv":[8.5,4.25,9,4.375],"texture":"#main"},"up":{"uv":[8.375,7.25,7.75,6.75],"texture":"#main"},"down":{"uv":[8.375,7.25,7.75,7.75],"texture":"#main"}}},{"from":[8.7,5.475,3.1],"to":[10.675,7.15,8.8],"rotation":{"angle":-22.5,"axis":"y","origin":[7.3875,6.3125,7.675]},"faces":{"north":{"uv":[6.75,8.25,6.25,8.625],"texture":"#main"},"east":{"uv":[8.375,4.75,7,5.125],"texture":"#main"},"south":{"uv":[8.75,6.25,8.25,6.625],"texture":"#main"},"west":{"uv":[8.375,4.25,7,4.625],"texture":"#main"},"up":{"uv":[6.5,2.875,7,1.5],"texture":"#main"},"down":{"uv":[3.75,6.5,4.25,7.875],"texture":"#main"}}},{"from":[10.25,5.675,3.55],"to":[12.05,7.175,4.875],"rotation":{"angle":0,"axis":"y","origin":[12.2875,13.225,7.3375]},"faces":{"north":{"uv":[8.5,5.75,8,6.125],"texture":"#main"},"east":{"uv":[8.625,8.25,8.25,8.625],"texture":"#main"},"south":{"uv":[1.5,8.25,1,8.625],"texture":"#main"},"west":{"uv":[8.625,7.75,8.25,8.125],"texture":"#main"},"up":{"uv":[8.25,1.875,8.75,1.5],"texture":"#main"},"down":{"uv":[8.25,2,8.75,2.375],"texture":"#main"}}},{"from":[10.225,-0.25,5.075],"to":[12.2,5.375,6.75],"rotation":{"angle":-45,"axis":"x","origin":[10.0875,3.7625,3.75]},"faces":{"north":{"uv":[4.75,6.5,4.25,7.875],"texture":"#main"},"east":{"uv":[0.375,7,0,8.375],"texture":"#main"},"south":{"uv":[7,4.25,6.5,5.625],"texture":"#main"},"west":{"uv":[3.375,6.75,3,8.125],"texture":"#main"},"up":{"uv":[6.75,8.625,7.25,8.25],"texture":"#main"},"down":{"uv":[7.25,8.25,7.75,8.625],"texture":"#main"}}},{"from":[10.1,0.375,7],"to":[12.35,3.1,8.675],"rotation":{"angle":0,"axis":"y","origin":[10.0875,3.7625,3.75]},"faces":{"north":{"uv":[6.375,7.25,5.75,7.875],"texture":"#main"},"east":{"uv":[3.875,8,3.5,8.625],"texture":"#main"},"south":{"uv":[7.125,7.5,6.5,8.125],"texture":"#main"},"west":{"uv":[2.125,8,1.75,8.625],"texture":"#main"},"up":{"uv":[4,8.375,4.625,8],"texture":"#main"},"down":{"uv":[8,5.25,8.625,5.625],"texture":"#main"}}},{"from":[9.875,0.375,5.575],"to":[12.6,1.1,7.7],"rotation":{"angle":0,"axis":"y","origin":[10.0875,3.7625,3.75]},"faces":{"north":{"uv":[9.125,3,8.5,3.125],"texture":"#main"},"east":{"uv":[9,4.25,8.5,4.375],"texture":"#main"},"south":{"uv":[9.125,3.25,8.5,3.375],"texture":"#main"},"west":{"uv":[4.75,8.5,4.25,8.625],"texture":"#main"},"up":{"uv":[7.75,7.25,8.375,6.75],"texture":"#main"},"down":{"uv":[7.75,7.25,8.375,7.75],"texture":"#main"}}},{"from":[3.67197,5.20702,7.95],"to":[3.67197,7.40702,9.975],"rotation":{"angle":-45,"axis":"z","origin":[6.19697,4.95702,9.1375]},"faces":{"north":{"uv":[0,0,0,0.5],"texture":"#main"},"east":{"uv":[8,0.5,8.5,1],"texture":"#main"},"south":{"uv":[0,0,0,0.5],"texture":"#main"},"west":{"uv":[8,1,8.5,1.5],"texture":"#main"},"up":{"uv":[0,0.5,0,0],"texture":"#main"},"down":{"uv":[0,0,0,0.5],"texture":"#main"}}},{"from":[12.92803,4.63202,7.95],"to":[12.92803,6.83202,9.975],"rotation":{"angle":45,"axis":"z","origin":[9.80303,4.95702,9.1375]},"faces":{"north":{"uv":[0,0,0,0.5],"texture":"#main"},"east":{"uv":[8.5,1,8,1.5],"texture":"#main"},"south":{"uv":[0,0,0,0.5],"texture":"#main"},"west":{"uv":[8.5,0.5,8,1],"texture":"#main"},"up":{"uv":[0,0.5,0,0],"texture":"#main"},"down":{"uv":[0,0,0,0.5],"texture":"#main"}}},{"from":[6.125,5.85,7.175],"to":[10.675,7.65,7.175],"rotation":{"angle":45,"axis":"x","origin":[8.4,7.125,8.575]},"faces":{"north":{"uv":[7,2,8.125,2.5],"texture":"#main"},"east":{"uv":[0,0,0,0.5],"texture":"#main"},"south":{"uv":[7,2.5,8.125,3],"texture":"#main"},"west":{"uv":[0,0,0,0.5],"texture":"#main"},"up":{"uv":[1.125,0,0,0],"texture":"#main"},"down":{"uv":[1.125,0,0,0],"texture":"#main"}}},{"from":[6.125,4.45,10.15],"to":[10.675,6.25,10.15],"rotation":{"angle":-45,"axis":"x","origin":[8.4,7.125,7.425]},"faces":{"north":{"uv":[8.125,2.5,7,3],"texture":"#main"},"east":{"uv":[0,0,0,0.5],"texture":"#main"},"south":{"uv":[8.125,2,7,2.5],"texture":"#main"},"west":{"uv":[0,0,0,0.5],"texture":"#main"},"up":{"uv":[1.125,0,0,0],"texture":"#main"},"down":{"uv":[1.125,0,0,0],"texture":"#main"}}},{"from":[6.475,13.425,2.825],"to":[10.4,15.6,6.525],"rotation":{"angle":-22.5,"axis":"x","origin":[8.4125,13.7625,5.0875]},"faces":{"north":{"uv":[7,5.25,8,5.75],"texture":"#main"},"east":{"uv":[1,7.25,1.875,7.75],"texture":"#main"},"south":{"uv":[7,5.75,8,6.25],"texture":"#main"},"west":{"uv":[7.25,3.5,8.125,4],"texture":"#main"},"up":{"uv":[4.75,6.375,3.75,5.5],"texture":"#main"},"down":{"uv":[1,6,0,6.875],"texture":"#main"}}}],"display":{"head":{"translation":[0,-30.75,0],"scale":[1.5,1.5,1.5]}},"groups":[{"name":"group","origin":[8.4125,13.7625,5.0875],"color":0,"children":[0,1,2,3,4,5,6,{"name":"arm","origin":[4.4125,13.225,7.3375],"color":0,"children":[7,8,9,10,11,12,13,14,15,16,17,18,19,20]},21,22,23,24,25,26,27,28,29,30,31,32,33,34,35,36,37]}]}