{"parent":"physical_parent","textures":{"particle":"pokemon/ivysaur","main":"pokemon/ivysaur"},"elements":[{"from":[6.01,4,0],"to":[13.01,11,7],"faces":{"north":{"uv":[0,0,1.75,1.75],"texture":"#main"},"east":{"uv":[4,0,5.75,1.75],"texture":"#main"},"south":{"uv":[8,0,9.75,1.75],"texture":"#main"},"west":{"uv":[2,0,3.75,1.75],"texture":"#main"},"up":{"uv":[6,0,7.75,1.75],"texture":"#main"},"down":{"uv":[8,0,9.75,1.75],"texture":"#main"}}},{"from":[5,3,7],"to":[14,9,18],"faces":{"north":{"uv":[6,2,8.25,3.5],"texture":"#main"},"east":{"uv":[3,2,5.75,3.5],"texture":"#main"},"south":{"uv":[6,2,8.25,3.5],"texture":"#main"},"west":{"uv":[0,2,2.75,3.5],"texture":"#main"},"up":{"uv":[8.5,2,10.75,4.75],"texture":"#main"},"down":{"uv":[8.5,2,10.75,4.75],"texture":"#main"}}},{"from":[4,-1,6.99],"to":[7,6,9.99],"faces":{"north":{"uv":[1,6.25,1.75,8],"texture":"#main"},"east":{"uv":[0,10.25,0.75,12],"texture":"#main"},"south":{"uv":[2,8.25,2.75,10],"texture":"#main"},"west":{"uv":[0,8.25,0.75,10],"texture":"#main"},"up":{"uv":[1,8.25,1.75,9],"texture":"#main"},"down":{"uv":[1,8.25,1.75,9],"texture":"#main"}}},{"from":[6.5,9,9],"to":[12.5,15,15],"faces":{"north":{"uv":[3.75,4.5,5.25,6],"texture":"#main"},"east":{"uv":[3.75,4.5,5.25,6],"texture":"#main"},"south":{"uv":[3.75,4.5,5.25,6],"texture":"#main"},"west":{"uv":[3.75,4.5,5.25,6],"texture":"#main"},"up":{"uv":[5.75,5.75,7.25,7.25],"texture":"#main"}}},{"from":[7.5,15,10],"to":[11.5,17,14],"faces":{"north":{"uv":[4.25,4.5,4.75,5.25],"texture":"#main"},"east":{"uv":[4.25,4.5,4.75,5.25],"rotation":180,"texture":"#main"},"south":{"uv":[4.25,4.5,4.75,5.25],"rotation":180,"texture":"#main"},"west":{"uv":[4.25,4.5,4.75,5.25],"texture":"#main"},"up":{"uv":[4.25,4.5,4.75,5.25],"rotation":180,"texture":"#main"},"down":{"uv":[4.25,4.5,4.75,5.25],"texture":"#main"}}},{"from":[10,9,4],"to":[12,10,4.1],"faces":{"north":{"uv":[4.5,3.5,5,3.75],"texture":"#main"},"south":{"uv":[4.5,3.5,5,3.75],"texture":"#main"}}},{"from":[6,9,4],"to":[8,10,4.1],"faces":{"north":{"uv":[4.5,3.5,5,3.75],"rotation":180,"texture":"#main"},"south":{"uv":[4.5,3.5,5,3.75],"texture":"#main"}}},{"from":[11.5,14,10],"to":[11.6,18,14],"faces":{"east":{"uv":[5.75,4.5,6.75,5.5],"texture":"#main"},"west":{"uv":[5.75,4.5,6.75,5.5],"texture":"#main"}}},{"from":[7.4998,14.0002,9.9],"to":[11.4998,18.0002,10],"faces":{"north":{"uv":[5.75,4.5,6.75,5.5],"texture":"#main"},"south":{"uv":[5.75,4.5,6.75,5.5],"texture":"#main"}}},{"from":[7.4,13.9998,10.0002],"to":[7.5,17.9998,14.0002],"faces":{"east":{"uv":[5.75,4.5,6.75,5.5],"texture":"#main"},"west":{"uv":[5.75,4.5,6.75,5.5],"texture":"#main"}}},{"from":[7.5,14,14],"to":[11.5,18,14.1],"faces":{"north":{"uv":[5.75,4.5,6.75,5.5],"texture":"#main"},"south":{"uv":[5.75,4.5,6.75,5.5],"texture":"#main"}}},{"from":[20.7044,2.5594,8.9888],"to":[28.7044,2.6594,14.9888],"rotation":{"angle":45,"axis":"z","origin":[8.83526,-4.1095,-0.00933]},"faces":{"up":{"uv":[1.75,4,3.25,6],"rotation":90,"texture":"#main"},"down":{"uv":[1.75,4,3.25,6],"rotation":90,"texture":"#main"}}},{"from":[-4.9991,15.5589,9.0016],"to":[3.0009,15.6589,15.0016],"rotation":{"angle":-45,"axis":"z","origin":[-3.2831,8.12012,0.00445]},"faces":{"up":{"uv":[1.75,4,3.25,6],"rotation":270,"texture":"#main"},"down":{"uv":[1.75,4,3.25,6],"rotation":270,"texture":"#main"}}},{"from":[6.5234,0.5208,24.3701],"to":[12.5234,0.6208,31.99997],"rotation":{"angle":-45,"axis":"x","origin":[0.52793,-6.52462,9.56846]},"faces":{"up":{"uv":[1.75,4,3.25,6],"rotation":180,"texture":"#main"},"down":{"uv":[1.75,4,3.25,6],"texture":"#main"}}},{"from":[6.5107,17.9167,-1.1855],"to":[12.5107,18.0167,6.8145],"rotation":{"angle":45,"axis":"x","origin":[0.51522,10.87124,-2.98715]},"faces":{"up":{"uv":[1.75,4,3.25,6],"texture":"#main"},"down":{"uv":[1.75,4,3.25,6],"rotation":180,"texture":"#main"}}},{"from":[4,-1,14],"to":[7,6,17],"faces":{"north":{"uv":[2.25,6.25,3,8],"texture":"#main"},"east":{"uv":[0,10.25,0.75,12],"texture":"#main"},"south":{"uv":[2,8.25,2.75,10],"texture":"#main"},"west":{"uv":[0,8.25,0.75,10],"texture":"#main"},"up":{"uv":[1,8.25,1.75,9],"texture":"#main"},"down":{"uv":[1,8.25,1.75,9],"texture":"#main"}}},{"from":[12,-1,6.99],"to":[15,6,9.99],"faces":{"north":{"uv":[0,6.25,0.75,8],"texture":"#main"},"east":{"uv":[0,10.25,0.75,12],"texture":"#main"},"south":{"uv":[2,8.25,2.75,10],"texture":"#main"},"west":{"uv":[0,8.25,0.75,10],"texture":"#main"},"up":{"uv":[1,8.25,1.75,9],"texture":"#main"},"down":{"uv":[1,8.25,1.75,9],"texture":"#main"}}},{"from":[12,-1,14],"to":[15,6,17],"faces":{"north":{"uv":[2.25,6.25,3,8],"texture":"#main"},"east":{"uv":[0,10.25,0.75,12],"texture":"#main"},"south":{"uv":[2,8.25,2.75,10],"texture":"#main"},"west":{"uv":[0,8.25,0.75,10],"texture":"#main"},"up":{"uv":[1,8.25,1.75,9],"texture":"#main"},"down":{"uv":[1,8.25,1.75,9],"texture":"#main"}}},{"from":[6.01,11,3],"to":[9.01,13,3.1],"faces":{"north":{"uv":[5.75,8.75,6.5,9.25],"texture":"#main"},"south":{"uv":[4.75,8.75,5.5,9.25],"texture":"#main"}}},{"from":[10.01,11,3],"to":[13.01,13,3.1],"faces":{"north":{"uv":[4.75,8.75,5.5,9.25],"texture":"#main"},"south":{"uv":[5.75,8.75,6.5,9.25],"texture":"#main"}}}],"display":{"head":{"translation":[-2.5,-27,-7.5],"scale":[1.8,1.8,1.8]}}}