{"parent":"physical_parent","textures":{"main":"pokemon/kabutops"},"elements":[{"from":[6,7,7],"to":[11,15,10],"faces":{"east":{"uv":[1.5,0,2.25,2],"texture":"#main"},"south":{"uv":[2.5,0,3.75,2],"texture":"#main"},"north":{"uv":[0,0,1.25,2],"texture":"#main"},"west":{"uv":[1.5,0,2.25,2],"texture":"#main"},"down":{"uv":[2.5,0,3.75,2],"texture":"#main"}}},{"from":[6,15,6],"to":[11,20,12],"faces":{"east":{"uv":[5.75,6.25,7.25,7.5],"texture":"#main"},"south":{"uv":[7.5,6.25,8.75,7.5],"texture":"#main"},"north":{"uv":[7.5,6.25,8.75,7.5],"texture":"#main"},"west":{"uv":[9,6.25,10.5,7.5],"texture":"#main"},"up":{"uv":[7.5,7.75,8.75,9.25],"texture":"#main"},"down":{"uv":[7.5,7.75,8.75,9.25],"texture":"#main"}}},{"from":[11.0035,16.9983,5.9982],"to":[16.0035,17.0983,13.9982],"faces":{"up":{"uv":[10.5,8,11.75,10],"texture":"#main","rotation":180},"down":{"uv":[9,8,10.25,10],"texture":"#main","rotation":180}}},{"from":[1.0035,16.9983,5.9982],"to":[6.0035,17.0983,13.9982],"faces":{"up":{"uv":[9,8,10.25,10],"texture":"#main","rotation":180},"down":{"uv":[10.5,8,11.75,10],"texture":"#main","rotation":180}}},{"from":[8.5,7,10],"to":[8.6,15,15],"faces":{"east":{"uv":[5,3.25,6.25,5.25],"texture":"#main"},"west":{"uv":[3.5,3.25,4.75,5.25],"texture":"#main"}}},{"rotation":{"origin":[8.5,7,12],"angle":22.5,"axis":"x"},"from":[7.5,6,8],"to":[9.5,8,18],"faces":{"east":{"uv":[2.25,6,4.75,6.5],"texture":"#main"},"south":{"uv":[2.25,6,4.75,6.5],"texture":"#main"},"west":{"uv":[2.25,6,4.75,6.5],"texture":"#main"},"up":{"uv":[2.25,6,4.75,6.5],"texture":"#main","rotation":90},"down":{"uv":[2.25,6,4.75,6.5],"texture":"#main","rotation":90}}},{"from":[10,4,7.5],"to":[13,9,9.5],"faces":{"east":{"uv":[1,3.75,1.5,5],"texture":"#main"},"south":{"uv":[2,3.75,2.75,5],"texture":"#main"},"north":{"uv":[0,2.25,0.75,3.5],"texture":"#main"},"west":{"uv":[0,3.75,0.5,5],"texture":"#main"},"up":{"uv":[1,2.25,1.75,2.75],"texture":"#main"},"down":{"uv":[1,2.25,1.75,2.75],"texture":"#main"}}},{"from":[4,4,7.5],"to":[7,9,9.5],"faces":{"east":{"uv":[1,3.75,1.5,5],"texture":"#main"},"south":{"uv":[1,3.75,1.75,5],"texture":"#main"},"north":{"uv":[1,2.25,1.75,3.5],"texture":"#main"},"west":{"uv":[0,3.75,0.5,5],"texture":"#main"},"up":{"uv":[1,2.25,1.75,2.75],"texture":"#main"},"down":{"uv":[1,2.25,1.75,2.75],"texture":"#main"}}},{"from":[10,-1,7.5],"to":[12,4,9.5],"faces":{"east":{"uv":[1,5.25,1.5,6.5],"texture":"#main"},"south":{"uv":[1,5.25,1.5,6.5],"texture":"#main"},"north":{"uv":[1,5.25,1.5,6.5],"texture":"#main"},"west":{"uv":[1,5.25,1.5,6.5],"texture":"#main"},"up":{"uv":[1,5.25,1.5,6.5],"texture":"#main"},"down":{"uv":[1,5.25,1.5,6.5],"texture":"#main"}}},{"from":[5,-1,7.5],"to":[7,4,9.5],"faces":{"east":{"uv":[1,5.25,1.5,6.5],"texture":"#main","rotation":180},"south":{"uv":[1,5.25,1.5,6.5],"texture":"#main","rotation":180},"north":{"uv":[1,5.25,1.5,6.5],"texture":"#main","rotation":180},"west":{"uv":[1,5.25,1.5,6.5],"texture":"#main","rotation":180},"up":{"uv":[1,5.25,1.5,6.5],"texture":"#main","rotation":180},"down":{"uv":[1,5.25,1.5,6.5],"texture":"#main","rotation":180}}},{"from":[9.5,-1,4.5],"to":[12.5,-0.9,7.5],"faces":{"up":{"uv":[0.75,6.75,1.5,7.5],"texture":"#main"},"down":{"uv":[0.75,6.75,1.5,7.5],"texture":"#main"}}},{"from":[4.5,-1,4.5],"to":[7.5,-0.9,7.5],"faces":{"up":{"uv":[0.75,6.75,1.5,7.5],"texture":"#main"},"down":{"uv":[0.75,6.75,1.5,7.5],"texture":"#main"}}},{"rotation":{"origin":[5,12.5,8.5],"angle":-45,"axis":"z"},"from":[4,10,7.5],"to":[6,15,9.5],"faces":{"east":{"uv":[1,5.25,1.5,6.5],"texture":"#main","rotation":180},"south":{"uv":[1,5.25,1.5,6.5],"texture":"#main","rotation":180},"north":{"uv":[1,5.25,1.5,6.5],"texture":"#main","rotation":180},"west":{"uv":[1,5.25,1.5,6.5],"texture":"#main","rotation":180},"up":{"uv":[1,5.25,1.5,6.5],"texture":"#main","rotation":180},"down":{"uv":[1,5.25,1.5,6.5],"texture":"#main","rotation":180}}},{"rotation":{"origin":[12,12.5,8.5],"angle":45,"axis":"z"},"from":[11,10,7.5],"to":[13,15,9.5],"faces":{"east":{"uv":[1,5.25,1.5,6.5],"texture":"#main"},"south":{"uv":[1,5.25,1.5,6.5],"texture":"#main"},"north":{"uv":[1,5.25,1.5,6.5],"texture":"#main"},"west":{"uv":[1,5.25,1.5,6.5],"texture":"#main"},"up":{"uv":[1,5.25,1.5,6.5],"texture":"#main"},"down":{"uv":[1,5.25,1.5,6.5],"texture":"#main"}}},{"rotation":{"origin":[1.463645,8.970522,7.494776],"angle":-45,"axis":"z"},"from":[-2.5364,3.4705,8.4948],"to":[5.4636,11.4705,8.5948],"faces":{"south":{"uv":[9.25,3.25,11.25,5.25],"texture":"#main","rotation":270},"north":{"uv":[7,3.25,9,5.25],"texture":"#main","rotation":90}}},{"rotation":{"origin":[16.24743,6.13233,7.398914],"angle":-45,"axis":"z"},"from":[11.2474,3.6323,8.3989],"to":[19.2474,11.6323,8.498899],"faces":{"south":{"uv":[7,3.25,9,5.25],"texture":"#main"},"north":{"uv":[9.25,3.25,11.25,5.25],"texture":"#main"}}}],"display":{"head":{"translation":[0,-24.5,0],"scale":[2,2,2]}}}