{"parent":"physical_parent","textures":{"main":"pokemon/kecleon"},"texture_size":[32,32],"elements":[{"rotation":{"origin":[17,13,13],"angle":0,"axis":"y"},"from":[6,5,5],"to":[10,11,8],"faces":{"east":{"uv":[0,3,1.5,6],"texture":"#main"},"south":{"uv":[2,2,4,5],"texture":"#main"},"north":{"uv":[0,0,2,3],"texture":"#main"},"west":{"uv":[4,4,5.5,7],"texture":"#main"},"up":{"uv":[6,3.5,4,2],"texture":"#main"},"down":{"uv":[3.5,5,1.5,6.5],"texture":"#main"}}},{"rotation":{"origin":[17,13,13],"angle":0,"axis":"y"},"from":[6,5,5],"to":[10,11,8],"faces":{"east":{"uv":[0,3,1.5,6],"texture":"#main"},"south":{"uv":[2,2,4,5],"texture":"#main"},"north":{"uv":[0,0,2,3],"texture":"#main"},"west":{"uv":[4,4,5.5,7],"texture":"#main"},"up":{"uv":[6,3.5,4,2],"texture":"#main"},"down":{"uv":[3.5,5,1.5,6.5],"texture":"#main"}}},{"rotation":{"origin":[6.75,9.75,9],"angle":-45,"axis":"y"},"from":[6.75,8.75,7.5],"to":[6.75,10.75,10.5],"faces":{"east":{"uv":[5.5,5.5,7,6.5],"texture":"#main"},"south":{"uv":[0,0,0,1],"texture":"#main"},"north":{"uv":[0,0,0,1],"texture":"#main"},"west":{"uv":[5.5,3.5,7,4.5],"texture":"#main"},"up":{"uv":[0,1.5,0,0],"texture":"#main"},"down":{"uv":[0,0,0,1.5],"texture":"#main"}}},{"rotation":{"origin":[9.25,9.75,9],"angle":45,"axis":"y"},"from":[9.25,8.75,7.5],"to":[9.25,10.75,10.5],"faces":{"east":{"uv":[7,3.5,5.5,4.5],"texture":"#main"},"south":{"uv":[0,0,0,1],"texture":"#main"},"north":{"uv":[0,0,0,1],"texture":"#main"},"west":{"uv":[7,5.5,5.5,6.5],"texture":"#main"},"up":{"uv":[0,1.5,0,0],"texture":"#main"},"down":{"uv":[0,0,0,1.5],"texture":"#main"}}},{"rotation":{"origin":[18.5,12,16],"angle":0,"axis":"y"},"from":[7.5,4,8],"to":[8.5,8,12],"faces":{"east":{"uv":[2,0,4,2],"texture":"#main"},"south":{"uv":[3.5,5,4,7],"texture":"#main"},"north":{"uv":[1.5,3,2,5],"texture":"#main"},"west":{"uv":[4,0,6,2],"texture":"#main"},"up":{"uv":[1.5,8,1,6],"texture":"#main"},"down":{"uv":[2,6.5,1.5,8.5],"texture":"#main"}}},{"rotation":{"origin":[17.25,11.5,14],"angle":0,"axis":"y"},"from":[6.25,3.5,6],"to":[7.25,5.5,7],"faces":{"east":{"uv":[0,7,0.5,8],"texture":"#main"},"south":{"uv":[0.5,7,1,8],"texture":"#main"},"north":{"uv":[6.5,4.5,7,5.5],"texture":"#main"},"west":{"uv":[3.5,7,4,8],"texture":"#main"},"up":{"uv":[5.5,4,5,3.5],"texture":"#main"},"down":{"uv":[8,7,7.5,7.5],"texture":"#main"}}},{"rotation":{"origin":[17.75,10.5,13.85],"angle":0,"axis":"y"},"from":[5.75,3.5,4.85],"to":[7.75,3.5,6.85],"faces":{"east":{"uv":[7,0,8,0],"texture":"#main"},"south":{"uv":[7,0.5,8,0.5],"texture":"#main"},"north":{"uv":[4,3.5,5,3.5],"texture":"#main"},"west":{"uv":[7,1,8,1],"texture":"#main"},"up":{"uv":[6.5,5.5,5.5,4.5],"texture":"#main"},"down":{"uv":[1,6,0,7],"texture":"#main"}}},{"rotation":{"origin":[-1.75,10.5,14.1],"angle":0,"axis":"y"},"from":[8.25,3.5,5.1],"to":[10.25,3.5,7.1],"faces":{"east":{"uv":[8,1,7,1],"texture":"#main"},"south":{"uv":[8,0.5,7,0.5],"texture":"#main"},"north":{"uv":[5,3.5,4,3.5],"texture":"#main"},"west":{"uv":[8,0,7,0],"texture":"#main"},"up":{"uv":[5.5,5.5,6.5,4.5],"texture":"#main"},"down":{"uv":[0,6,1,7],"texture":"#main"}}},{"rotation":{"origin":[-1.25,11.5,14],"angle":0,"axis":"y"},"from":[8.75,3.5,6],"to":[9.75,5.5,7],"faces":{"east":{"uv":[4.5,7,5,8],"texture":"#main"},"south":{"uv":[5,7,5.5,8],"texture":"#main"},"north":{"uv":[4,7,4.5,8],"texture":"#main"},"west":{"uv":[7,7,7.5,8],"texture":"#main"},"up":{"uv":[0.5,8.5,0,8],"texture":"#main"},"down":{"uv":[1,8,0.5,8.5],"texture":"#main"}}},{"rotation":{"origin":[5.5,9.75,6.5],"angle":22.5,"axis":"x"},"from":[5,7.5,6],"to":[6,10.5,7],"faces":{"east":{"uv":[2,6.5,2.5,8],"texture":"#main"},"south":{"uv":[2.5,6.5,3,8],"texture":"#main"},"north":{"uv":[6,2,6.5,3.5],"texture":"#main"},"west":{"uv":[3,6.5,3.5,8],"texture":"#main"},"up":{"uv":[1.5,8.5,1,8],"texture":"#main"},"down":{"uv":[2.5,8,2,8.5],"texture":"#main"}}},{"rotation":{"origin":[5.5,7.6,5.55],"angle":-45,"axis":"x"},"from":[5.001,7.15913,3.84324],"to":[5.999,8.15713,5.84124],"faces":{"east":{"uv":[7,3.5,8,4],"texture":"#main"},"south":{"uv":[3,8,3.5,8.5],"texture":"#main"},"north":{"uv":[2.5,8,3,8.5],"texture":"#main"},"west":{"uv":[7,4,8,4.5],"texture":"#main"},"up":{"uv":[7.5,5.5,7,4.5],"texture":"#main"},"down":{"uv":[7.5,5.5,7,6.5],"texture":"#main"}}},{"rotation":{"origin":[10.5,8.09887,5.61071],"angle":-45,"axis":"x"},"from":[10.001,7.34818,3.50827],"to":[10.999,8.34618,5.50627],"faces":{"east":{"uv":[8,4,7,4.5],"texture":"#main"},"south":{"uv":[3.5,8,3,8.5],"texture":"#main"},"north":{"uv":[3,8,2.5,8.5],"texture":"#main"},"west":{"uv":[8,3.5,7,4],"texture":"#main"},"up":{"uv":[7,5.5,7.5,4.5],"texture":"#main"},"down":{"uv":[7,5.5,7.5,6.5],"texture":"#main"}}},{"rotation":{"origin":[10.5,8.09887,5.61071],"angle":22.5,"axis":"x"},"from":[10,7.71463,5.30045],"to":[11,10.71463,6.30045],"faces":{"east":{"uv":[3.5,6.5,3,8],"texture":"#main"},"south":{"uv":[3,6.5,2.5,8],"texture":"#main"},"north":{"uv":[6.5,2,6,3.5],"texture":"#main"},"west":{"uv":[2.5,6.5,2,8],"texture":"#main"},"up":{"uv":[1,8.5,1.5,8],"texture":"#main"},"down":{"uv":[2,8,2.5,8.5],"texture":"#main"}}},{"rotation":{"origin":[16,19,14],"angle":0,"axis":"y"},"from":[6,11,4.5],"to":[10,15,8.5],"faces":{"east":{"uv":[10,0,12,2],"texture":"#main"},"south":{"uv":[8,2,10,4],"texture":"#main"},"north":{"uv":[8,0,10,2],"texture":"#main"},"west":{"uv":[8,4,10,6],"texture":"#main"},"up":{"uv":[12,0,14,2],"texture":"#main"},"down":{"uv":[10,2,12,4],"texture":"#main"}}},{"rotation":{"origin":[-1,22,14],"angle":0,"axis":"y"},"from":[6,11,4],"to":[6,19,10],"faces":{"east":{"uv":[3,8.5,0,12.5],"texture":"#main"},"south":{"uv":[0,0,0,4],"texture":"#main"},"north":{"uv":[0,0,0,4],"texture":"#main"},"west":{"uv":[8.5,8,5.5,12],"texture":"#main"},"up":{"uv":[0,0,0,3],"texture":"#main"},"down":{"uv":[0,0,0,3],"texture":"#main"}}},{"rotation":{"origin":[17,22,14],"angle":0,"axis":"y"},"from":[10,11,4],"to":[10,19,10],"faces":{"east":{"uv":[5.5,8,8.5,12],"texture":"#main"},"south":{"uv":[0,0,0,4],"texture":"#main"},"north":{"uv":[0,0,0,4],"texture":"#main"},"west":{"uv":[0,8.5,3,12.5],"texture":"#main"},"up":{"uv":[0,0,0,3],"texture":"#main"},"down":{"uv":[0,0,0,3],"texture":"#main"}}}],"display":{"head":{"translation":[0,-35,1.25],"scale":[1.8,1.8,1.8]}},"groups":[0,1,2,3,4,5,6,7,8,{"children":[9,10,11,12],"origin":[10.5,8.44887,4.96071],"name":"arms"},{"children":[13,14,15],"origin":[8,8,8],"name":"group"}]}