{"parent":"physical_parent","textures":{"main":"pokemon/kingler"},"elements":[{"from":[4,2,3],"to":[10,5,13],"faces":{"east":{"uv":[0,0,2.5,0.75],"texture":"#main"},"south":{"uv":[2.75,0,4.25,0.75],"texture":"#main"},"north":{"uv":[2.75,0,4.25,0.75],"texture":"#main"},"west":{"uv":[0,2.75,2.5,3.5],"texture":"#main"},"up":{"uv":[0,1,2.5,2.5],"texture":"#main"},"down":{"uv":[0,1,2.5,2.5],"texture":"#main"}}},{"from":[10,5,3],"to":[10.1,8,13],"faces":{"east":{"uv":[0,3.75,2.5,4.5],"texture":"#main"},"west":{"uv":[0,3.75,2.5,4.5],"texture":"#main"}}},{"from":[4,5,3],"to":[9,10,13],"faces":{"east":{"uv":[5.5,2.25,8,3.5],"texture":"#main"},"south":{"uv":[8.25,2.25,9.5,3.5],"texture":"#main"},"north":{"uv":[9.75,2.25,11,3.5],"texture":"#main"},"west":{"uv":[2.75,2.25,5.25,3.5],"texture":"#main"},"up":{"uv":[2.75,2.25,5.25,3.5],"texture":"#main","rotation":90}}},{"from":[6,10,3],"to":[6.1,14,13],"faces":{"east":{"uv":[0,4.75,2.5,5.75],"texture":"#main"},"west":{"uv":[0,4.75,2.5,5.75],"texture":"#main"}}},{"rotation":{"origin":[5.5,4.25,0.125],"angle":22.5,"axis":"x"},"from":[4.5,3.25,-3.375],"to":[6.5,5.25,3.625],"faces":{"east":{"uv":[3,4,3.5,4.5],"texture":"#main"},"south":{"uv":[3,4,3.5,4.5],"texture":"#main"},"north":{"uv":[3,4,3.5,4.5],"texture":"#main"},"west":{"uv":[3,4,3.5,4.5],"texture":"#main"},"up":{"uv":[3,4,3.5,4.5],"texture":"#main"},"down":{"uv":[3,4,3.5,4.5],"texture":"#main"}}},{"rotation":{"origin":[8,4.25,0.125],"angle":22.5,"axis":"x"},"from":[7,3.25,-3.375],"to":[9,5.25,3.625],"faces":{"east":{"uv":[3,4,3.5,4.5],"texture":"#main"},"south":{"uv":[3,4,3.5,4.5],"texture":"#main"},"north":{"uv":[3,4,3.5,4.5],"texture":"#main"},"west":{"uv":[3,4,3.5,4.5],"texture":"#main"},"up":{"uv":[3,4,3.5,4.5],"texture":"#main"},"down":{"uv":[3,4,3.5,4.5],"texture":"#main"}}},{"rotation":{"origin":[8.00015,4.266155,15.84787],"angle":-22.5,"axis":"x"},"from":[7.0002,3.2662,12.3479],"to":[9.0002,5.2662,19.3479],"faces":{"east":{"uv":[3,4,3.5,4.5],"texture":"#main"},"south":{"uv":[3,4,3.5,4.5],"texture":"#main"},"north":{"uv":[3,4,3.5,4.5],"texture":"#main"},"west":{"uv":[3,4,3.5,4.5],"texture":"#main"},"up":{"uv":[3,4,3.5,4.5],"texture":"#main"},"down":{"uv":[3,4,3.5,4.5],"texture":"#main"}}},{"rotation":{"origin":[5.5,4.266155,15.84787],"angle":-22.5,"axis":"x"},"from":[4.5,3.2662,12.3479],"to":[6.5,5.2662,19.3479],"faces":{"east":{"uv":[3,4,3.5,4.5],"texture":"#main"},"south":{"uv":[3,4,3.5,4.5],"texture":"#main"},"north":{"uv":[3,4,3.5,4.5],"texture":"#main"},"west":{"uv":[3,4,3.5,4.5],"texture":"#main"},"up":{"uv":[3,4,3.5,4.5],"texture":"#main"},"down":{"uv":[3,4,3.5,4.5],"texture":"#main"}}},{"from":[7.0148,-2.3474,-3.4932],"to":[9.014799,4.6526,-1.4932],"faces":{"east":{"uv":[6.75,3.75,7.25,5.5],"texture":"#main"},"south":{"uv":[6.75,3.75,7.25,5.5],"texture":"#main"},"north":{"uv":[6.75,3.75,7.25,5.5],"texture":"#main"},"west":{"uv":[6.75,3.75,7.25,5.5],"texture":"#main"},"up":{"uv":[6.75,5,7.25,5.5],"texture":"#main"},"down":{"uv":[6.75,5,7.25,5.5],"texture":"#main"}}},{"from":[4.51,-2.3474,-3.4932],"to":[6.51,4.6526,-1.4932],"faces":{"east":{"uv":[6.75,3.75,7.25,5.5],"texture":"#main"},"south":{"uv":[6.75,3.75,7.25,5.5],"texture":"#main"},"north":{"uv":[6.75,3.75,7.25,5.5],"texture":"#main"},"west":{"uv":[6.75,3.75,7.25,5.5],"texture":"#main"},"up":{"uv":[6.75,3.75,7.25,4.25],"texture":"#main"},"down":{"uv":[6.75,5,7.25,5.5],"texture":"#main"}}},{"from":[4.4859,-2.3176,17.4629],"to":[6.4859,4.6824,19.4629],"faces":{"east":{"uv":[6.75,3.75,7.25,5.5],"texture":"#main"},"south":{"uv":[6.75,3.75,7.25,5.5],"texture":"#main"},"north":{"uv":[6.75,3.75,7.25,5.5],"texture":"#main"},"west":{"uv":[6.75,3.75,7.25,5.5],"texture":"#main"},"up":{"uv":[6.75,5,7.25,5.5],"texture":"#main"},"down":{"uv":[6.75,5,7.25,5.5],"texture":"#main"}}},{"from":[7.0007,-2.3176,17.4629],"to":[9.0007,4.6824,19.4629],"faces":{"east":{"uv":[6.75,3.75,7.25,5.5],"texture":"#main"},"south":{"uv":[6.75,3.75,7.25,5.5],"texture":"#main"},"north":{"uv":[6.75,3.75,7.25,5.5],"texture":"#main"},"west":{"uv":[6.75,3.75,7.25,5.5],"texture":"#main"},"up":{"uv":[6.75,5,7.25,5.5],"texture":"#main"},"down":{"uv":[6.75,5,7.25,5.5],"texture":"#main"}}},{"rotation":{"origin":[11.00015,6.266155,13.84787],"angle":-45,"axis":"x"},"from":[10.0002,5.2662,10.3479],"to":[12.0002,7.2662,17.3479],"faces":{"east":{"uv":[3,4,3.5,4.5],"texture":"#main"},"south":{"uv":[3,4,3.5,4.5],"texture":"#main"},"north":{"uv":[3,4,3.5,4.5],"texture":"#main"},"west":{"uv":[3,4,3.5,4.5],"texture":"#main"},"up":{"uv":[3,4,3.5,4.5],"texture":"#main"},"down":{"uv":[3,4,3.5,4.5],"texture":"#main"}}},{"rotation":{"origin":[11.00015,6.266155,1.847866],"angle":45,"axis":"x"},"from":[10.0002,5.2662,-1.6521],"to":[12.0002,7.2662,5.3479],"faces":{"east":{"uv":[3,4,3.5,4.5],"texture":"#main"},"south":{"uv":[3,4,3.5,4.5],"texture":"#main"},"north":{"uv":[3,4,3.5,4.5],"texture":"#main"},"west":{"uv":[3,4,3.5,4.5],"texture":"#main"},"up":{"uv":[3,4,3.5,4.5],"texture":"#main"},"down":{"uv":[3,4,3.5,4.5],"texture":"#main"}}},{"from":[9.9983,8.0371,15.0286],"to":[11.9983,15.0371,19.0286],"faces":{"east":{"uv":[4,3.75,5,5.5],"texture":"#main"},"south":{"uv":[6,3.75,6.5,5.5],"texture":"#main"},"north":{"uv":[5.25,3.75,5.75,5.5],"texture":"#main"},"west":{"uv":[4,3.75,5,5.5],"texture":"#main"},"up":{"uv":[4,6.5,5,7],"texture":"#main"},"down":{"uv":[4,5.75,5,6.25],"texture":"#main","rotation":90}}},{"from":[9.9983,8.0371,-2.9714],"to":[11.9983,15.0371,1.0286],"faces":{"east":{"uv":[11.25,2.25,12.25,4],"texture":"#main"},"south":{"uv":[12.5,2.25,13,4],"texture":"#main"},"north":{"uv":[12.5,2.25,13,4],"texture":"#main"},"west":{"uv":[12.5,2.25,13.5,4],"texture":"#main"},"down":{"uv":[12.5,2.25,13,3.25],"texture":"#main"}}},{"rotation":{"origin":[13.99825,8.537097,-1.971428],"angle":22.5,"axis":"z"},"from":[10.4983,7.5371,-2.98],"to":[15.4983,9.5371,1.02],"faces":{"east":{"uv":[12.5,2.25,13,3.25],"texture":"#main","rotation":90},"south":{"uv":[12.5,2.25,13,3.5],"texture":"#main","rotation":90},"north":{"uv":[12.5,2.25,13,3.5],"texture":"#main","rotation":90},"west":{"uv":[12.5,3.5,13.5,4],"texture":"#main"},"up":{"uv":[11.25,2.25,12.25,3.5],"texture":"#main","rotation":180},"down":{"uv":[12.5,3,13.5,4],"texture":"#main","rotation":90}}},{"rotation":{"origin":[13.17628,16.80518,-1.96778],"angle":45,"axis":"z"},"from":[9.6763,15.8052,-2.9678],"to":[14.6763,17.8052,1.0322],"faces":{"east":{"uv":[12.5,2.25,13,3.5],"texture":"#main","rotation":90},"south":{"uv":[12.5,2.25,13,3.25],"texture":"#main","rotation":90},"north":{"uv":[12.5,2.25,13,3.25],"texture":"#main","rotation":90},"up":{"uv":[12.5,2.75,13.5,4],"texture":"#main","rotation":90},"down":{"uv":[11.25,2.25,12.25,3.5],"texture":"#main"}}},{"rotation":{"origin":[14.30499,16.7957,-1.959076],"angle":22.5,"axis":"z"},"from":[13.305,13.2957,-2.9591],"to":[15.305,18.2957,1.0409],"faces":{"east":{"uv":[12.5,2.25,13.5,3.25],"texture":"#main"},"south":{"uv":[12.5,2.25,13,3.5],"texture":"#main","rotation":180},"north":{"uv":[12.5,2.25,13,3.5],"texture":"#main"},"west":{"uv":[11.25,2.25,12.25,3.5],"texture":"#main","rotation":180},"up":{"uv":[12.5,2.25,13,3.5],"texture":"#main","rotation":180},"down":{"uv":[12.5,2.25,13,3.5],"texture":"#main"}}},{"from":[15.0018,10.0347,-2.9716],"to":[15.1018,12.0347,1.0284],"faces":{"east":{"uv":[12.5,5,13.5,5.5],"texture":"#main"},"west":{"uv":[12.5,5,13.5,5.5],"texture":"#main"}}},{"from":[9.9983,15.0371,14.0286],"to":[11.9983,17.0371,18.0286],"faces":{"east":{"uv":[4,3.75,5,4.25],"texture":"#main"},"south":{"uv":[6,3.75,6.5,4.25],"texture":"#main"},"north":{"uv":[5.25,4,5.75,4.5],"texture":"#main","rotation":180},"west":{"uv":[4,7.25,5,7.75],"texture":"#main"},"up":{"uv":[4,6.5,5,7],"texture":"#main","rotation":90},"down":{"uv":[4,6.5,5,7],"texture":"#main","rotation":90}}}],"display":{"head":{"rotation":[0,90,0],"translation":[0,-29.21,0],"scale":[1.3,1.3,1.3]},"firstperson_righthand":{"scale":[0.0001,0.0001,0.0001]},"thirdperson_lefthand":{"scale":[0.0001,0.0001,0.0001]},"firstperson_lefthand":{"scale":[0.0001,0.0001,0.0001]}}}