{"parent":"physical_parent","textures":{"main":"pokemon/koffing"},"elements":[{"from":[5,4,5],"to":[11,10,11],"faces":{"east":{"uv":[1.75,0,3.25,1.5],"texture":"#main"},"south":{"uv":[3.5,0,5,1.5],"texture":"#main"},"north":{"uv":[0,0,1.5,1.5],"texture":"#main"},"west":{"uv":[1.75,0,3.25,1.5],"texture":"#main"},"up":{"uv":[3.5,0,5,1.5],"texture":"#main"},"down":{"uv":[1.75,1.75,3.25,3.25],"texture":"#main"}}},{"from":[1,0,8],"to":[15,14,8.1],"faces":{"south":{"uv":[4,3.5,7.5,6.75],"texture":"#main"},"north":{"uv":[0,3.5,3.5,6.75],"texture":"#main"}}}],"display":{"head":{"translation":[0,-18.08,0],"scale":[2,2,2]},"firstperson_righthand":{"scale":[0.0001,0.0001,0.0001]},"thirdperson_lefthand":{"scale":[0.0001,0.0001,0.0001]},"firstperson_lefthand":{"scale":[0.0001,0.0001,0.0001]}}}