{"parent":"physical_parent","textures":{"main":"pokemon/krabby"},"elements":[{"from":[4,2,6],"to":[12,5,12],"faces":{"east":{"uv":[2.25,0,3.75,0.75],"texture":"#main"},"south":{"uv":[4,0,6,0.75],"texture":"#main"},"north":{"uv":[0,0,2,0.75],"texture":"#main"},"west":{"uv":[2.25,0,3.75,0.75],"texture":"#main"},"up":{"uv":[4,1,6,2.5],"texture":"#main"},"down":{"uv":[4,1,6,2.5],"texture":"#main","rotation":180}}},{"from":[4,5,7],"to":[12,8,12],"faces":{"east":{"uv":[0,2.75,1,3.5],"texture":"#main"},"south":{"uv":[0,4.25,2,5],"texture":"#main"},"north":{"uv":[0,1.75,2,2.25],"texture":"#main"},"west":{"uv":[0,2.75,1,3.5],"texture":"#main"},"up":{"uv":[1.25,2.75,3.25,4],"texture":"#main"}}},{"from":[6,8,9],"to":[10,11,9.1],"faces":{"south":{"uv":[0.25,5.25,1.25,6],"texture":"#main"},"north":{"uv":[0.25,5.25,1.25,6],"texture":"#main"}}},{"from":[4,5,6],"to":[12,6,6.1],"faces":{"south":{"uv":[0,1,2,1.5],"texture":"#main"},"north":{"uv":[0,1,2,1.25],"texture":"#main"}}},{"rotation":{"origin":[1.688628,2.960535,7.497854],"angle":-22.5,"axis":"z"},"from":[-0.8114,2.9605,6.9979],"to":[4.1886,3.9605,7.9979],"faces":{"east":{"uv":[6.5,1.75,7,2.25],"texture":"#main"},"south":{"uv":[6.5,1.75,7,2.25],"texture":"#main"},"north":{"uv":[6.5,1.75,7,2.25],"texture":"#main"},"west":{"uv":[6.5,1.75,7,2.25],"texture":"#main"},"up":{"uv":[6.5,1.75,7,2.25],"texture":"#main"},"down":{"uv":[6.5,1.75,7,2.25],"texture":"#main"}}},{"rotation":{"origin":[1.688628,2.960535,9.497853],"angle":-22.5,"axis":"z"},"from":[-0.8114,2.9605,8.9979],"to":[4.1886,3.9605,9.9979],"faces":{"east":{"uv":[6.5,1.75,7,2.25],"texture":"#main"},"south":{"uv":[6.5,1.75,7,2.25],"texture":"#main"},"north":{"uv":[6.5,1.75,7,2.25],"texture":"#main"},"west":{"uv":[6.5,1.75,7,2.25],"texture":"#main"},"up":{"uv":[6.5,1.75,7,2.25],"texture":"#main"},"down":{"uv":[6.5,1.75,7,2.25],"texture":"#main"}}},{"rotation":{"origin":[1.688628,2.960535,11.49785],"angle":-22.5,"axis":"z"},"from":[-0.8114,2.9605,10.9979],"to":[4.1886,3.9605,11.9979],"faces":{"east":{"uv":[6.5,1.75,7,2.25],"texture":"#main"},"south":{"uv":[6.5,1.75,7,2.25],"texture":"#main"},"north":{"uv":[6.5,1.75,7,2.25],"texture":"#main"},"west":{"uv":[6.5,1.75,7,2.25],"texture":"#main"},"up":{"uv":[6.5,1.75,7,2.25],"texture":"#main"},"down":{"uv":[6.5,1.75,7,2.25],"texture":"#main"}}},{"rotation":{"origin":[14.30797,2.957788,7.500657],"angle":22.5,"axis":"z"},"from":[11.808,2.9578,7.0007],"to":[16.808,3.9578,8.0007],"faces":{"east":{"uv":[6.5,1.75,7,2.25],"texture":"#main"},"south":{"uv":[6.5,1.75,7,2.25],"texture":"#main"},"north":{"uv":[6.5,1.75,7,2.25],"texture":"#main"},"west":{"uv":[6.5,1.75,7,2.25],"texture":"#main"},"up":{"uv":[6.5,1.75,7,2.25],"texture":"#main"},"down":{"uv":[6.5,1.75,7,2.25],"texture":"#main"}}},{"rotation":{"origin":[14.30797,2.957788,9.500656],"angle":22.5,"axis":"z"},"from":[11.808,2.9578,9.0007],"to":[16.808,3.9578,10.0007],"faces":{"east":{"uv":[6.5,1.75,7,2.25],"texture":"#main"},"south":{"uv":[6.5,1.75,7,2.25],"texture":"#main"},"north":{"uv":[6.5,1.75,7,2.25],"texture":"#main"},"west":{"uv":[6.5,1.75,7,2.25],"texture":"#main"},"up":{"uv":[6.5,1.75,7,2.25],"texture":"#main"},"down":{"uv":[6.5,1.75,7,2.25],"texture":"#main"}}},{"rotation":{"origin":[14.30797,2.957788,11.50066],"angle":22.5,"axis":"z"},"from":[11.808,2.9578,11.0007],"to":[16.808,3.9578,12.0007],"faces":{"east":{"uv":[6.5,1.75,7,2.25],"texture":"#main"},"south":{"uv":[6.5,1.75,7,2.25],"texture":"#main"},"north":{"uv":[6.5,1.75,7,2.25],"texture":"#main"},"west":{"uv":[6.5,1.75,7,2.25],"texture":"#main"},"up":{"uv":[6.5,1.75,7,2.25],"texture":"#main"},"down":{"uv":[6.5,1.75,7,2.25],"texture":"#main"}}},{"from":[-1.239,-0.1605,7.0001],"to":[-0.239,4.8395,8.000099],"faces":{"east":{"uv":[7.75,1.25,8,2.5],"texture":"#main"},"south":{"uv":[7.75,1.25,8,2.5],"texture":"#main"},"north":{"uv":[7.75,1.25,8,2.5],"texture":"#main"},"west":{"uv":[7.75,1.25,8,2.5],"texture":"#main"},"up":{"uv":[6.5,1.75,7,2.25],"texture":"#main"},"down":{"uv":[6.5,1.75,7,2.25],"texture":"#main"}}},{"from":[-1.239,-0.1605,9.0001],"to":[-0.239,4.8395,10.0001],"faces":{"east":{"uv":[7.75,1.25,8,2.5],"texture":"#main"},"south":{"uv":[7.75,1.25,8,2.5],"texture":"#main"},"north":{"uv":[7.75,1.25,8,2.5],"texture":"#main"},"west":{"uv":[7.75,1.25,8,2.5],"texture":"#main"},"up":{"uv":[6.5,1.75,7,2.25],"texture":"#main"},"down":{"uv":[6.5,1.75,7,2.25],"texture":"#main"}}},{"from":[-1.239,-0.1605,11.0001],"to":[-0.239,4.8395,12.0001],"faces":{"east":{"uv":[7.75,1.25,8,2.5],"texture":"#main"},"south":{"uv":[7.75,1.25,8,2.5],"texture":"#main"},"north":{"uv":[7.75,1.25,8,2.5],"texture":"#main"},"west":{"uv":[7.75,1.25,8,2.5],"texture":"#main"},"up":{"uv":[6.5,1.75,7,2.25],"texture":"#main"},"down":{"uv":[6.5,1.75,7,2.25],"texture":"#main"}}},{"from":[16.261,-0.1605,11.0001],"to":[17.261,4.8395,12.0001],"faces":{"east":{"uv":[7.75,1.25,8,2.5],"texture":"#main"},"south":{"uv":[7.75,1.25,8,2.5],"texture":"#main"},"north":{"uv":[7.75,1.25,8,2.5],"texture":"#main"},"west":{"uv":[7.75,1.25,8,2.5],"texture":"#main"},"up":{"uv":[6.5,1.75,7,2.25],"texture":"#main"},"down":{"uv":[6.5,1.75,7,2.25],"texture":"#main"}}},{"from":[16.261,-0.1605,9.0001],"to":[17.261,4.8395,10.0001],"faces":{"east":{"uv":[7.75,1.25,8,2.5],"texture":"#main"},"south":{"uv":[7.75,1.25,8,2.5],"texture":"#main"},"north":{"uv":[7.75,1.25,8,2.5],"texture":"#main"},"west":{"uv":[7.75,1.25,8,2.5],"texture":"#main"},"up":{"uv":[6.5,1.75,7,2.25],"texture":"#main"},"down":{"uv":[6.5,1.75,7,2.25],"texture":"#main"}}},{"from":[16.261,-0.1605,7.0001],"to":[17.261,4.8395,8.000099],"faces":{"east":{"uv":[7.75,1.25,8,2.5],"texture":"#main"},"south":{"uv":[7.75,1.25,8,2.5],"texture":"#main"},"north":{"uv":[7.75,1.25,8,2.5],"texture":"#main"},"west":{"uv":[7.75,1.25,8,2.5],"texture":"#main"},"up":{"uv":[6.5,1.75,7,2.25],"texture":"#main"},"down":{"uv":[6.5,1.75,7,2.25],"texture":"#main"}}},{"rotation":{"origin":[3.688628,3.960535,5.497854],"angle":-22.5,"axis":"z"},"from":[1.1886,3.9605,4.9979],"to":[6.1886,4.9605,5.9979],"faces":{"east":{"uv":[6.5,1.75,7,2.25],"texture":"#main"},"south":{"uv":[6.5,1.75,7,2.25],"texture":"#main"},"north":{"uv":[6.5,1.75,7,2.25],"texture":"#main"},"west":{"uv":[6.5,1.75,7,2.25],"texture":"#main"},"up":{"uv":[6.5,1.75,7,2.25],"texture":"#main"},"down":{"uv":[6.5,1.75,7,2.25],"texture":"#main"}}},{"rotation":{"origin":[0.3731695,6.416021,5.499606],"angle":-22.5,"axis":"z"},"from":[1.8732,6.416,4.9996],"to":[2.8732,9.415999,5.9996],"faces":{"east":{"uv":[8.25,1.25,8.75,1.75],"texture":"#main"},"south":{"uv":[8.25,1.25,8.75,1.75],"texture":"#main"},"north":{"uv":[8.25,1.25,8.75,1.75],"texture":"#main"},"west":{"uv":[8.25,1.25,8.75,1.75],"texture":"#main"},"up":{"uv":[8.25,1.25,8.75,1.75],"texture":"#main"}}},{"from":[-0.6228,4.9172,4.9996],"to":[1.3772,9.9172,5.9996],"faces":{"east":{"uv":[8.25,1.25,8.75,1.75],"texture":"#main"},"south":{"uv":[10,0.75,10.5,2],"texture":"#main"},"north":{"uv":[10,0.75,10.5,2],"texture":"#main"},"west":{"uv":[8.25,1.25,8.75,1.75],"texture":"#main"},"down":{"uv":[8.25,1.25,8.75,1.75],"texture":"#main"}}},{"rotation":{"origin":[-0.3158407,7.879559,5.494637],"angle":22.5,"axis":"z"},"from":[0.1842,7.8796,4.9946],"to":[4.1842,9.879601,5.9946],"faces":{"east":{"uv":[8.25,1.25,8.75,1.75],"texture":"#main"},"south":{"uv":[10,0.75,10.5,1.75],"texture":"#main","rotation":270},"north":{"uv":[10,0.75,10.5,1.75],"texture":"#main","rotation":270},"up":{"uv":[8.25,1.25,8.75,1.75],"texture":"#main"},"down":{"uv":[8.25,1.25,8.75,1.75],"texture":"#main"}}},{"rotation":{"origin":[12.68863,3.960535,5.497854],"angle":22.5,"axis":"z"},"from":[10.1886,3.9605,4.9979],"to":[15.1886,4.9605,5.9979],"faces":{"east":{"uv":[6.5,1.75,7,2.25],"texture":"#main"},"south":{"uv":[6.5,1.75,7,2.25],"texture":"#main"},"north":{"uv":[6.5,1.75,7,2.25],"texture":"#main"},"west":{"uv":[6.5,1.75,7,2.25],"texture":"#main"},"up":{"uv":[6.5,1.75,7,2.25],"texture":"#main"},"down":{"uv":[6.5,1.75,7,2.25],"texture":"#main"}}},{"from":[14.9983,4.9183,4.9968],"to":[16.9983,9.918301,5.9968],"faces":{"east":{"uv":[8.25,1.25,8.75,1.75],"texture":"#main"},"south":{"uv":[9.25,0.75,9.75,2],"texture":"#main"},"north":{"uv":[9.25,0.75,9.75,2],"texture":"#main"},"west":{"uv":[8.25,1.25,8.75,1.75],"texture":"#main"},"down":{"uv":[8.25,1.25,8.75,1.75],"texture":"#main"}}},{"rotation":{"origin":[12.30861,4.88955,5.490066],"angle":22.5,"axis":"z"},"from":[13.8086,4.8896,4.9901],"to":[14.8086,7.8896,5.9901],"faces":{"east":{"uv":[8.25,1.25,8.75,1.75],"texture":"#main"},"south":{"uv":[8.25,1.25,8.75,1.75],"texture":"#main"},"north":{"uv":[8.25,1.25,8.75,1.75],"texture":"#main"},"west":{"uv":[8.25,1.25,8.75,1.75],"texture":"#main"},"up":{"uv":[8.25,1.25,8.75,1.75],"texture":"#main"}}},{"rotation":{"origin":[12.0787,9.794839,5.491381],"angle":-22.5,"axis":"z"},"from":[12.5787,9.7948,4.9914],"to":[16.5787,11.7948,5.9914],"faces":{"south":{"uv":[9.25,0.75,9.75,2],"texture":"#main","rotation":90},"north":{"uv":[9.25,0.75,9.75,1.75],"texture":"#main","rotation":90},"west":{"uv":[8.25,1.25,8.75,1.75],"texture":"#main"},"up":{"uv":[8.25,1.25,8.75,1.75],"texture":"#main"},"down":{"uv":[8.25,1.25,8.75,1.75],"texture":"#main"}}}],"display":{"head":{"rotation":[0,0,0],"translation":[0,-32.5,0],"scale":[1.3,1.3,1.3]},"firstperson_righthand":{"scale":[0.0001,0.0001,0.0001]},"thirdperson_lefthand":{"scale":[0.0001,0.0001,0.0001]},"firstperson_lefthand":{"scale":[0.0001,0.0001,0.0001]}}}