{"credit":"Made with Blockbench","texture_size":[64,64],"textures":{"particle":"pokemon/kricketot","main":"pokemon/kricketot"},"elements":[{"from":[9,0,5],"to":[11,2,9],"rotation":{"angle":0,"axis":"y","origin":[8,0,9]},"faces":{"north":{"uv":[6,7,6.5,7.5],"texture":"#main"},"east":{"uv":[5,7,6,7.5],"texture":"#main"},"south":{"uv":[7.5,7,8,7.5],"texture":"#main"},"west":{"uv":[6.5,7,7.5,7.5],"texture":"#main"},"up":{"uv":[6.5,7,6,6],"texture":"#main"},"down":{"uv":[7,6,6.5,7],"texture":"#main"}}},{"from":[5,0,5],"to":[7,2,9],"rotation":{"angle":0,"axis":"y","origin":[8,0,9]},"faces":{"north":{"uv":[7,5,7.5,5.5],"texture":"#main"},"east":{"uv":[6,5,7,5.5],"texture":"#main"},"south":{"uv":[8.5,5,9,5.5],"texture":"#main"},"west":{"uv":[7.5,5,8.5,5.5],"texture":"#main"},"up":{"uv":[7.5,5,7,4],"texture":"#main"},"down":{"uv":[8,4,7.5,5],"texture":"#main"}}},{"from":[10,5,5],"to":[12,7,7],"rotation":{"angle":0,"axis":"y","origin":[8,0,9]},"faces":{"north":{"uv":[0.5,7.5,1,8],"texture":"#main"},"east":{"uv":[0,7.5,0.5,8],"texture":"#main"},"south":{"uv":[1.5,7.5,2,8],"texture":"#main"},"west":{"uv":[1,7.5,1.5,8],"texture":"#main"},"up":{"uv":[1,7.5,0.5,7],"texture":"#main"},"down":{"uv":[1.5,7,1,7.5],"texture":"#main"}}},{"from":[4,5,5],"to":[6,7,7],"rotation":{"angle":0,"axis":"y","origin":[8,0,9]},"faces":{"north":{"uv":[0.5,1.5,1,2],"texture":"#main"},"east":{"uv":[0,1.5,0.5,2],"texture":"#main"},"south":{"uv":[1.5,1.5,2,2],"texture":"#main"},"west":{"uv":[1,1.5,1.5,2],"texture":"#main"},"up":{"uv":[1,1.5,0.5,1],"texture":"#main"},"down":{"uv":[1.5,1,1,1.5],"texture":"#main"}}},{"from":[7,10,5],"to":[9,11,6],"rotation":{"angle":0,"axis":"y","origin":[8,0,9]},"faces":{"north":{"uv":[0.25,2.25,0.75,2.5],"texture":"#main"},"east":{"uv":[0,2.25,0.25,2.5],"texture":"#main"},"south":{"uv":[1,2.25,1.5,2.5],"texture":"#main"},"west":{"uv":[0.75,2.25,1,2.5],"texture":"#main"},"up":{"uv":[0.75,2.25,0.25,2],"texture":"#main"},"down":{"uv":[1.25,2,0.75,2.25],"texture":"#main"}}},{"from":[7,13,5],"to":[9,15,7],"rotation":{"angle":0,"axis":"y","origin":[8,0,9]},"faces":{"north":{"uv":[0.5,0.5,1,1],"texture":"#main"},"east":{"uv":[0,0.5,0.5,1],"texture":"#main"},"south":{"uv":[1.5,0.5,2,1],"texture":"#main"},"west":{"uv":[1,0.5,1.5,1],"texture":"#main"},"up":{"uv":[1,0.5,0.5,0],"texture":"#main"},"down":{"uv":[1.5,0,1,0.5],"texture":"#main"}}},{"from":[3,14,6],"to":[13,20,6],"rotation":{"angle":0,"axis":"y","origin":[8,0,9]},"faces":{"north":{"uv":[4.5,2.5,7,4],"texture":"#main"},"east":{"uv":[4.5,2.5,4.5,4],"texture":"#main"},"south":{"uv":[7,2.5,9.5,4],"texture":"#main"},"west":{"uv":[7,2.5,7,4],"texture":"#main"},"up":{"uv":[7,2.5,4.5,2.5],"texture":"#main"},"down":{"uv":[9.5,2.5,7,2.5],"texture":"#main"}}},{"from":[5,2,6],"to":[11,14,12],"rotation":{"angle":0,"axis":"y","origin":[8,0,9]},"faces":{"north":{"uv":[1.5,4,3,7],"texture":"#main"},"east":{"uv":[0,4,1.5,7],"texture":"#main"},"south":{"uv":[4.5,4,6,7],"texture":"#main"},"west":{"uv":[3,4,4.5,7],"texture":"#main"},"up":{"uv":[3,4,1.5,2.5],"texture":"#main"},"down":{"uv":[4.5,2.5,3,4],"texture":"#main"}}},{"from":[3,11,4],"to":[13,11,14],"rotation":{"angle":-22.5,"axis":"x","origin":[8,9,9]},"faces":{"north":{"uv":[2.5,2.5,5,2.5],"texture":"#main"},"east":{"uv":[0,2.5,2.5,2.5],"texture":"#main"},"south":{"uv":[7.5,2.5,10,2.5],"texture":"#main"},"west":{"uv":[5,2.5,7.5,2.5],"texture":"#main"},"up":{"uv":[5,2.5,2.5,0],"texture":"#main"},"down":{"uv":[7.5,0,5,2.5],"texture":"#main"}}}],"display":{"head":{"translation":[0,-37.5,-0.75],"scale":[0.7,0.7,0.7]}}}