{"credit":"Made with Blockbench","texture_size":[64,64],"textures":{"main":"pokemon/krookodile"},"elements":[{"from":[-3.13326,2.61183,-1.15755],"to":[3.02674,8.07883,5.42595],"rotation":{"angle":0,"axis":"y","origin":[-2.77576,9.35483,3.66647]},"faces":{"north":{"uv":[4.75,5.5,6.125,6.75],"texture":"#main"},"east":{"uv":[3.25,5.5,4.75,6.75],"texture":"#main"},"south":{"uv":[6,1.25,7.375,2.5],"texture":"#main"},"west":{"uv":[5.5,4,7,5.25],"texture":"#main"},"up":{"uv":[3.875,5.5,2.5,4],"texture":"#main"},"down":{"uv":[5.375,4,4,5.5],"texture":"#main"}}},{"from":[-3.57326,4.99514,-3.36945],"to":[3.38424,15.39014,2.02055],"rotation":{"angle":-22.5,"axis":"x","origin":[-2.77576,9.35483,3.66647]},"faces":{"north":{"uv":[0,0,1.625,2.375],"texture":"#main"},"east":{"uv":[0,2.5,1.25,4.875],"texture":"#main"},"south":{"uv":[1.75,0,3.375,2.375],"texture":"#main"},"west":{"uv":[1.25,2.5,2.5,4.875],"texture":"#main"},"up":{"uv":[5.875,2.75,4.25,1.5],"texture":"#main"},"down":{"uv":[5.875,2.75,4.25,4],"texture":"#main"}}},{"from":[-2.58326,10.14133,0.09095],"to":[-2.58326,15.14633,4.71095],"rotation":{"angle":-22.5,"axis":"x","origin":[-0.10826,12.64383,2.42845]},"faces":{"north":{"uv":[0,0,0,1.125],"texture":"#main"},"east":{"uv":[6.5,8,5.5,9.125],"texture":"#main"},"south":{"uv":[0,0,0,1.125],"texture":"#main"},"west":{"uv":[5.5,8,6.5,9.125],"texture":"#main"},"up":{"uv":[0,1,0,0],"texture":"#main"},"down":{"uv":[0,0,0,1],"texture":"#main"}}},{"from":[-2.30826,7.66633,0.09095],"to":[-2.30826,12.67133,4.71095],"rotation":{"angle":-22.5,"axis":"x","origin":[-0.10826,12.64383,2.42845]},"faces":{"north":{"uv":[0,0,0,1.125],"texture":"#main"},"east":{"uv":[3.25,8.25,2.25,9.375],"texture":"#main"},"south":{"uv":[0,0,0,1.125],"texture":"#main"},"west":{"uv":[2.25,8.25,3.25,9.375],"texture":"#main"},"up":{"uv":[0,1,0,0],"texture":"#main"},"down":{"uv":[0,0,0,1],"texture":"#main"}}},{"from":[2.58674,10.14133,0.09095],"to":[2.58674,15.14633,4.71095],"rotation":{"angle":-22.5,"axis":"x","origin":[0.11174,12.64383,2.42845]},"faces":{"north":{"uv":[0,0,0,1.125],"texture":"#main"},"east":{"uv":[9.25,6.75,8.25,7.875],"texture":"#main"},"south":{"uv":[0,0,0,1.125],"texture":"#main"},"west":{"uv":[8.25,6.75,9.25,7.875],"texture":"#main"},"up":{"uv":[0,1,0,0],"texture":"#main"},"down":{"uv":[0,0,0,1],"texture":"#main"}}},{"from":[2.31174,7.66633,0.09095],"to":[2.31174,12.67133,4.71095],"rotation":{"angle":-22.5,"axis":"x","origin":[0.11174,12.64383,2.42845]},"faces":{"north":{"uv":[0,0,0,1.125],"texture":"#main"},"east":{"uv":[1,8.5,0,9.625],"texture":"#main"},"south":{"uv":[0,0,0,1.125],"texture":"#main"},"west":{"uv":[0,8.5,1,9.625],"texture":"#main"},"up":{"uv":[0,1,0,0],"texture":"#main"},"down":{"uv":[0,0,0,1],"texture":"#main"}}},{"from":[-2.36326,2.68883,5.42595],"to":[2.25674,7.30883,10.43095],"rotation":{"angle":0,"axis":"y","origin":[-0.05326,4.99883,7.92845]},"faces":{"north":{"uv":[9.25,6,10.25,7],"texture":"#main"},"east":{"uv":[0,7.5,1.125,8.5],"texture":"#main"},"south":{"uv":[9.25,7,10.25,8],"texture":"#main"},"west":{"uv":[7.5,1.25,8.625,2.25],"texture":"#main"},"up":{"uv":[8.5,3.375,7.5,2.25],"texture":"#main"},"down":{"uv":[2.25,7.75,1.25,8.875],"texture":"#main"}}},{"from":[-0.10826,7.03383,5.42595],"to":[-0.10826,11.65383,10.43095],"rotation":{"angle":0,"axis":"y","origin":[-0.05326,4.99883,7.92845]},"faces":{"north":{"uv":[0,0,0,1],"texture":"#main"},"east":{"uv":[7,7.75,8.125,8.75],"texture":"#main"},"south":{"uv":[0,0,0,1],"texture":"#main"},"west":{"uv":[3.25,8,4.375,9],"texture":"#main"},"up":{"uv":[0,1.125,0,0],"texture":"#main"},"down":{"uv":[0,0,0,1.125],"texture":"#main"}}},{"from":[-1.97826,0.75478,7.26637],"to":[1.87174,4.21978,12.27137],"rotation":{"angle":-22.5,"axis":"x","origin":[-2.77576,9.35483,3.66647]},"faces":{"north":{"uv":[4,10.5,4.875,11.25],"texture":"#main"},"east":{"uv":[9.75,2.5,10.875,3.25],"texture":"#main"},"south":{"uv":[5,10.5,5.875,11.25],"texture":"#main"},"west":{"uv":[2.75,10.25,3.875,11],"texture":"#main"},"up":{"uv":[8.375,10.375,7.5,9.25],"texture":"#main"},"down":{"uv":[10.125,8,9.25,9.125],"texture":"#main"}}},{"from":[-1.20826,-1.65353,8.40386],"to":[1.10174,1.04147,13.02386],"rotation":{"angle":-45,"axis":"x","origin":[-2.77576,9.35483,3.66647]},"faces":{"north":{"uv":[6.5,8,7,8.625],"texture":"#main"},"east":{"uv":[7,10.5,8,11.125],"texture":"#main"},"south":{"uv":[2.75,9.5,3.25,10.125],"texture":"#main"},"west":{"uv":[8,10.5,9,11.125],"texture":"#main"},"up":{"uv":[3.25,12,2.75,11],"texture":"#main"},"down":{"uv":[3.75,11,3.25,12],"texture":"#main"}}},{"from":[-0.65826,-1.10353,12.80386],"to":[0.55174,0.49147,17.42386],"rotation":{"angle":-45,"axis":"x","origin":[-2.77576,9.35483,3.66647]},"faces":{"north":{"uv":[1.5,7.25,1.75,7.625],"texture":"#main"},"east":{"uv":[7,4.75,8,5.125],"texture":"#main"},"south":{"uv":[2.25,7.75,2.5,8.125],"texture":"#main"},"west":{"uv":[8,4.75,9,5.125],"texture":"#main"},"up":{"uv":[1.75,7.25,1.5,6.25],"texture":"#main"},"down":{"uv":[1.75,11.25,1.5,12.25],"texture":"#main"}}},{"from":[-5.44326,4.97042,-4.24174],"to":[-3.51826,9.92042,-1.93174],"rotation":{"angle":22.5,"axis":"x","origin":[-2.50076,9.35483,3.66647]},"faces":{"north":{"uv":[9.75,10.5,10.25,11.625],"texture":"#main"},"east":{"uv":[10.25,10.5,10.75,11.625],"texture":"#main"},"south":{"uv":[10.75,1,11.25,2.125],"texture":"#main"},"west":{"uv":[1.75,10.75,2.25,11.875],"texture":"#main"},"up":{"uv":[7.5,10.5,7,10],"texture":"#main"},"down":{"uv":[10.75,8.75,10.25,9.25],"texture":"#main"}}},{"from":[-5.33326,7.42224,-6.59647],"to":[-3.62826,9.07224,-3.18647],"rotation":{"angle":0,"axis":"y","origin":[-2.50076,9.35483,3.66647]},"faces":{"north":{"uv":[6.75,11.25,7.125,11.625],"texture":"#main"},"east":{"uv":[7.5,8.75,8.25,9.125],"texture":"#main"},"south":{"uv":[11.25,6.75,11.625,7.125],"texture":"#main"},"west":{"uv":[11.25,3.75,12,4.125],"texture":"#main"},"up":{"uv":[11.625,5,11.25,4.25],"texture":"#main"},"down":{"uv":[4.875,11.25,4.5,12],"texture":"#main"}}},{"from":[-4.75576,11.29271,-7.58416],"to":[-4.15076,11.95271,-6.20916],"rotation":{"angle":-22.5,"axis":"x","origin":[-2.50076,9.35483,3.66647]},"faces":{"north":{"uv":[6,5.25,6.125,5.375],"texture":"#main"},"east":{"uv":[3.5,2.25,3.875,2.375],"texture":"#main"},"south":{"uv":[6.5,3.75,6.625,3.875],"texture":"#main"},"west":{"uv":[5.25,1.25,5.625,1.375],"texture":"#main"},"up":{"uv":[9.375,11.625,9.25,11.25],"texture":"#main"},"down":{"uv":[11.375,9.25,11.25,9.625],"texture":"#main"}}},{"from":[-4.45326,7.02651,-8.26764],"to":[-4.45326,8.67651,-7.05764],"rotation":{"angle":22.5,"axis":"x","origin":[-4.45326,8.12651,-7.38764]},"faces":{"north":{"uv":[0,0,0,0.375],"texture":"#main"},"east":{"uv":[0.75,9.75,1,10.125],"texture":"#main"},"south":{"uv":[0,0,0,0.375],"texture":"#main"},"west":{"uv":[1.75,10.25,2,10.625],"texture":"#main"},"up":{"uv":[0,0.25,0,0],"texture":"#main"},"down":{"uv":[0,0,0,0.25],"texture":"#main"}}},{"from":[-5.19576,15.87144,-5.44978],"to":[-5.19576,17.52144,-4.23978],"rotation":{"angle":-45,"axis":"x","origin":[-2.50076,9.35483,3.66647]},"faces":{"north":{"uv":[0,0,0,0.375],"texture":"#main"},"east":{"uv":[1,8.5,1.25,8.875],"texture":"#main"},"south":{"uv":[0,0,0,0.375],"texture":"#main"},"west":{"uv":[2,9,2.25,9.375],"texture":"#main"},"up":{"uv":[0,0.25,0,0],"texture":"#main"},"down":{"uv":[0,0,0,0.25],"texture":"#main"}}},{"from":[-5.52576,15.98144,-4.23978],"to":[-4.92076,17.63144,-3.57978],"rotation":{"angle":-45,"axis":"x","origin":[-2.50076,9.35483,3.66647]},"faces":{"north":{"uv":[9.5,11.25,9.625,11.625],"texture":"#main"},"east":{"uv":[11.25,9.75,11.375,10.125],"texture":"#main"},"south":{"uv":[11.25,10.25,11.375,10.625],"texture":"#main"},"west":{"uv":[10.75,11.25,10.875,11.625],"texture":"#main"},"up":{"uv":[6.875,3.875,6.75,3.75],"texture":"#main"},"down":{"uv":[1.375,7.5,1.25,7.625],"texture":"#main"}}},{"from":[-3.71076,15.87144,-5.44978],"to":[-3.71076,17.52144,-4.23978],"rotation":{"angle":-45,"axis":"x","origin":[-2.50076,9.35483,3.66647]},"faces":{"north":{"uv":[0,0,0,0.375],"texture":"#main"},"east":{"uv":[9,6,9.25,6.375],"texture":"#main"},"south":{"uv":[0,0,0,0.375],"texture":"#main"},"west":{"uv":[6.25,9.25,6.5,9.625],"texture":"#main"},"up":{"uv":[0,0.25,0,0],"texture":"#main"},"down":{"uv":[0,0,0,0.25],"texture":"#main"}}},{"from":[-4.04076,15.98144,-4.23978],"to":[-3.43576,17.63144,-3.57978],"rotation":{"angle":-45,"axis":"x","origin":[-2.50076,9.35483,3.66647]},"faces":{"north":{"uv":[8.5,11.25,8.625,11.625],"texture":"#main"},"east":{"uv":[8.75,11.25,8.875,11.625],"texture":"#main"},"south":{"uv":[11.25,8.75,11.375,9.125],"texture":"#main"},"west":{"uv":[9,11.25,9.125,11.625],"texture":"#main"},"up":{"uv":[4.125,2.375,4,2.25],"texture":"#main"},"down":{"uv":[5.875,1.25,5.75,1.375],"texture":"#main"}}},{"from":[3.42174,4.97042,-4.24174],"to":[5.34674,9.92042,-1.93174],"rotation":{"angle":22.5,"axis":"x","origin":[2.40424,9.35483,3.66647]},"faces":{"north":{"uv":[2.25,10.75,2.75,11.875],"texture":"#main"},"east":{"uv":[10.75,4.25,11.25,5.375],"texture":"#main"},"south":{"uv":[10.75,8.75,11.25,9.875],"texture":"#main"},"west":{"uv":[10.75,10,11.25,11.125],"texture":"#main"},"up":{"uv":[6.75,11.75,6.25,11.25],"texture":"#main"},"down":{"uv":[11.75,6.25,11.25,6.75],"texture":"#main"}}},{"from":[3.53174,7.42224,-6.59647],"to":[5.23674,9.07224,-3.18647],"rotation":{"angle":0,"axis":"y","origin":[2.40424,9.35483,3.66647]},"faces":{"north":{"uv":[7.25,11.25,7.625,11.625],"texture":"#main"},"east":{"uv":[5,11.25,5.75,11.625],"texture":"#main"},"south":{"uv":[11.25,7.25,11.625,7.625],"texture":"#main"},"west":{"uv":[11.25,5,12,5.375],"texture":"#main"},"up":{"uv":[11.625,6.25,11.25,5.5],"texture":"#main"},"down":{"uv":[6.125,11.25,5.75,12],"texture":"#main"}}},{"from":[3.33924,15.98144,-4.23978],"to":[3.94424,17.63144,-3.57978],"rotation":{"angle":-45,"axis":"x","origin":[2.40424,9.35483,3.66647]},"faces":{"north":{"uv":[11.5,8.25,11.625,8.625],"texture":"#main"},"east":{"uv":[11.5,8.75,11.625,9.125],"texture":"#main"},"south":{"uv":[11.5,9.25,11.625,9.625],"texture":"#main"},"west":{"uv":[11.5,9.75,11.625,10.125],"texture":"#main"},"up":{"uv":[8.125,3.625,8,3.5],"texture":"#main"},"down":{"uv":[8.625,3.25,8.5,3.375],"texture":"#main"}}},{"from":[4.82424,15.98144,-4.23978],"to":[5.42924,17.63144,-3.57978],"rotation":{"angle":-45,"axis":"x","origin":[2.40424,9.35483,3.66647]},"faces":{"north":{"uv":[11.25,10.75,11.375,11.125],"texture":"#main"},"east":{"uv":[11,11.25,11.125,11.625],"texture":"#main"},"south":{"uv":[11.25,11.25,11.375,11.625],"texture":"#main"},"west":{"uv":[11.5,7.75,11.625,8.125],"texture":"#main"},"up":{"uv":[7.625,3.625,7.5,3.5],"texture":"#main"},"down":{"uv":[7.875,3.5,7.75,3.625],"texture":"#main"}}},{"from":[4.05424,11.29271,-7.58416],"to":[4.65924,11.95271,-6.20916],"rotation":{"angle":-22.5,"axis":"x","origin":[2.40424,9.35483,3.66647]},"faces":{"north":{"uv":[8.75,3.25,8.875,3.375],"texture":"#main"},"east":{"uv":[5.5,5.25,5.875,5.375],"texture":"#main"},"south":{"uv":[9,3.25,9.125,3.375],"texture":"#main"},"west":{"uv":[6,3.75,6.375,3.875],"texture":"#main"},"up":{"uv":[11.625,10.625,11.5,10.25],"texture":"#main"},"down":{"uv":[11.625,10.75,11.5,11.125],"texture":"#main"}}},{"from":[5.09924,15.87144,-5.44978],"to":[5.09924,17.52144,-4.23978],"rotation":{"angle":-45,"axis":"x","origin":[2.40424,9.35483,3.66647]},"faces":{"north":{"uv":[0,0,0,0.375],"texture":"#main"},"east":{"uv":[11.25,7.75,11.5,8.125],"texture":"#main"},"south":{"uv":[0,0,0,0.375],"texture":"#main"},"west":{"uv":[8,11.25,8.25,11.625],"texture":"#main"},"up":{"uv":[0,0.25,0,0],"texture":"#main"},"down":{"uv":[0,0,0,0.25],"texture":"#main"}}},{"from":[4.35674,7.02651,-8.26764],"to":[4.35674,8.67651,-7.05764],"rotation":{"angle":22.5,"axis":"x","origin":[4.35674,8.12651,-7.38764]},"faces":{"north":{"uv":[0,0,0,0.375],"texture":"#main"},"east":{"uv":[8.25,11.25,8.5,11.625],"texture":"#main"},"south":{"uv":[0,0,0,0.375],"texture":"#main"},"west":{"uv":[11.25,8.25,11.5,8.625],"texture":"#main"},"up":{"uv":[0,0.25,0,0],"texture":"#main"},"down":{"uv":[0,0,0,0.25],"texture":"#main"}}},{"from":[3.61424,15.87144,-5.44978],"to":[3.61424,17.52144,-4.23978],"rotation":{"angle":-45,"axis":"x","origin":[2.40424,9.35483,3.66647]},"faces":{"north":{"uv":[0,0,0,0.375],"texture":"#main"},"east":{"uv":[6,10.5,6.25,10.875],"texture":"#main"},"south":{"uv":[0,0,0,0.375],"texture":"#main"},"west":{"uv":[7.75,11.25,8,11.625],"texture":"#main"},"up":{"uv":[0,0.25,0,0],"texture":"#main"},"down":{"uv":[0,0,0,0.25],"texture":"#main"}}},{"from":[-2.74826,12.23683,-5.12305],"to":[2.64174,15.93283,-0.50305],"rotation":{"angle":0,"axis":"y","origin":[-2.77576,9.35483,3.66647]},"faces":{"north":{"uv":[8.5,2.25,9.75,3.125],"texture":"#main"},"east":{"uv":[10.25,0,11.25,0.875],"texture":"#main"},"south":{"uv":[8.75,1.25,10,2.125],"texture":"#main"},"west":{"uv":[0.75,10.25,1.75,11.125],"texture":"#main"},"up":{"uv":[8.25,4.75,7,3.75],"texture":"#main"},"down":{"uv":[8.25,6.75,7,7.75],"texture":"#main"}}},{"from":[-1.60995,15.93283,-3.94095],"to":[3.63705,21.49883,-3.94095],"rotation":{"angle":45,"axis":"y","origin":[-2.77576,9.35483,3.66647]},"faces":{"north":{"uv":[3.25,6.75,4.5,8],"texture":"#main"},"east":{"uv":[0,0,0,1.25],"texture":"#main"},"south":{"uv":[4.5,6.75,5.75,8],"texture":"#main"},"west":{"uv":[0,0,0,1.25],"texture":"#main"},"up":{"uv":[1.25,0,0,0],"texture":"#main"},"down":{"uv":[1.25,0,0,0],"texture":"#main"}}},{"from":[-1.59326,15.97133,-13.86805],"to":[1.48674,18.85883,-2.42805],"rotation":{"angle":0,"axis":"y","origin":[-2.77576,9.35483,3.66647]},"faces":{"north":{"uv":[11.25,0,12,0.625],"texture":"#main"},"east":{"uv":[6.25,5.25,8.875,5.875],"texture":"#main"},"south":{"uv":[0.75,11.25,1.5,11.875],"texture":"#main"},"west":{"uv":[6.25,6,8.875,6.625],"texture":"#main"},"up":{"uv":[2.5,7.625,1.75,5],"texture":"#main"},"down":{"uv":[3.25,5.5,2.5,8.125],"texture":"#main"}}},{"from":[-3.63926,15.93283,-6.23955],"to":[3.53274,21.49883,-0.11805],"rotation":{"angle":0,"axis":"y","origin":[-2.77576,9.35483,3.66647]},"faces":{"north":{"uv":[0,5,1.625,6.25],"texture":"#main"},"east":{"uv":[6,2.5,7.375,3.75],"texture":"#main"},"south":{"uv":[5.25,0,6.875,1.25],"texture":"#main"},"west":{"uv":[0,6.25,1.375,7.5],"texture":"#main"},"up":{"uv":[4.125,3.875,2.5,2.5],"texture":"#main"},"down":{"uv":[5.125,0,3.5,1.375],"texture":"#main"}}},{"from":[-3.71606,15.93283,-3.94095],"to":[1.53094,21.49883,-3.94095],"rotation":{"angle":-45,"axis":"y","origin":[2.69674,9.35483,3.66647]},"faces":{"north":{"uv":[5.75,6.75,7,8],"texture":"#main"},"east":{"uv":[0,0,0,1.25],"texture":"#main"},"south":{"uv":[7,0,8.25,1.25],"texture":"#main"},"west":{"uv":[0,0,0,1.25],"texture":"#main"},"up":{"uv":[1.25,0,0,0],"texture":"#main"},"down":{"uv":[1.25,0,0,0],"texture":"#main"}}},{"from":[-6.43326,1.83943,-0.44875],"to":[-2.80326,7.22943,3.40125],"rotation":{"angle":22.5,"axis":"x","origin":[-3.60076,9.35483,3.66647]},"faces":{"north":{"uv":[6.5,8.75,7.375,10],"texture":"#main"},"east":{"uv":[1,9,1.875,10.25],"texture":"#main"},"south":{"uv":[3.25,9,4.125,10.25],"texture":"#main"},"west":{"uv":[9,4.75,9.875,6],"texture":"#main"},"up":{"uv":[11.125,4.125,10.25,3.25],"texture":"#main"},"down":{"uv":[11.125,5.75,10.25,6.625],"texture":"#main"}}},{"from":[-6.04826,-0.00617,-1.44905],"to":[-2.84176,5.43883,1.68595],"rotation":{"angle":0,"axis":"y","origin":[-3.60076,9.35483,3.66647]},"faces":{"north":{"uv":[8.5,9.25,9.25,10.5],"texture":"#main"},"east":{"uv":[9.25,9.25,10,10.5],"texture":"#main"},"south":{"uv":[2,9.5,2.75,10.75],"texture":"#main"},"west":{"uv":[0,9.75,0.75,11],"texture":"#main"},"up":{"uv":[4.25,2.25,3.5,1.5],"texture":"#main"},"down":{"uv":[9.75,10.5,9,11.25],"texture":"#main"}}},{"from":[-6.48826,-0.00617,-3.04405],"to":[-3.02326,-0.00617,-0.34905],"rotation":{"angle":0,"axis":"y","origin":[-3.60076,9.35483,3.66647]},"faces":{"north":{"uv":[0,0,0.75,0],"texture":"#main"},"east":{"uv":[0,0,0.625,0],"texture":"#main"},"south":{"uv":[0,0,0.75,0],"texture":"#main"},"west":{"uv":[0,0,0.625,0],"texture":"#main"},"up":{"uv":[12,1.375,11.25,0.75],"texture":"#main"},"down":{"uv":[12,1.5,11.25,2.125],"texture":"#main"}}},{"from":[2.80674,1.83943,-0.44875],"to":[6.43674,7.22943,3.40125],"rotation":{"angle":22.5,"axis":"x","origin":[3.60424,9.35483,3.66647]},"faces":{"north":{"uv":[9.25,0,10.125,1.25],"texture":"#main"},"east":{"uv":[9.25,3.25,10.125,4.5],"texture":"#main"},"south":{"uv":[4.25,9.25,5.125,10.5],"texture":"#main"},"west":{"uv":[5.25,9.25,6.125,10.5],"texture":"#main"},"up":{"uv":[11.125,7.625,10.25,6.75],"texture":"#main"},"down":{"uv":[11.125,7.75,10.25,8.625],"texture":"#main"}}},{"from":[2.84524,-0.00617,-1.44905],"to":[6.05174,5.43883,1.68595],"rotation":{"angle":0,"axis":"y","origin":[3.60424,9.35483,3.66647]},"faces":{"north":{"uv":[10,1.25,10.75,2.5],"texture":"#main"},"east":{"uv":[10,4.5,10.75,5.75],"texture":"#main"},"south":{"uv":[6.25,10,7,11.25],"texture":"#main"},"west":{"uv":[10,9.25,10.75,10.5],"texture":"#main"},"up":{"uv":[0.75,11.75,0,11],"texture":"#main"},"down":{"uv":[11.75,2.25,11,3],"texture":"#main"}}},{"from":[3.02674,-0.00617,-3.04405],"to":[6.49174,-0.00617,-0.34905],"rotation":{"angle":0,"axis":"y","origin":[3.60424,9.35483,3.66647]},"faces":{"north":{"uv":[0,0,0.75,0],"texture":"#main"},"east":{"uv":[0,0,0.625,0],"texture":"#main"},"south":{"uv":[0,0,0.75,0],"texture":"#main"},"west":{"uv":[0,0,0.625,0],"texture":"#main"},"up":{"uv":[12,3.625,11.25,3],"texture":"#main"},"down":{"uv":[4.5,11.25,3.75,11.875],"texture":"#main"}}}],"display":{"head":{"translation":[12.5,-31,9.75],"scale":[1.5,1.5,1.5]}},"groups":[{"name":"krookodile","origin":[-0.01743,0.06174,-1.45953],"color":0,"children":[{"name":"body","origin":[-0.02346,5.96217,1.16267],"color":0,"children":[0,1,2,3,4,5,{"name":"tail","origin":[-0.06426,4.81258,5.37252],"color":0,"children":[6,7,{"name":"tail2","origin":[-0.05326,4.82341,10.33523],"color":0,"children":[8,{"name":"tail3","origin":[-0.05326,6.31246,14.03662],"color":0,"children":[9,{"name":"tail4","origin":[-0.05326,9.11809,17.09226],"color":0,"children":[10]}]}]}]},{"name":"arm_l","origin":[-3.71701,11.67458,-2.73854],"color":0,"children":[11,12,13,14,15,16,17,18]},{"name":"arm_r","origin":[3.62049,11.92458,-2.98854],"color":0,"children":[19,20,21,22,23,24,25,26]},{"name":"neck","origin":[-0.05326,12.83483,-2.56305],"color":0,"children":[27,{"name":"head","origin":[-0.04638,16.14064,-2.52783],"color":0,"children":[28,29,30,31]}]}]},{"name":"leg_l","origin":[-3.35634,7.31656,0.15673],"color":0,"children":[32,33,34]},{"name":"leg_r","origin":[3.35983,7.56656,-0.09327],"color":0,"children":[35,36,37]}]}]}