{"credit":"Made with Blockbench","texture_size":[32,32],"textures":{"main":"pokemon/larvesta"},"elements":[{"from":[-1.5,-0.00606,7.68426],"to":[1.5,4.99394,11.68426],"rotation":{"angle":0,"axis":"y","origin":[-16,-0.00606,-12.31574]},"faces":{"north":{"uv":[7.5,9.5,8.25,10.75],"texture":"#main"},"east":{"uv":[9.5,1,10.5,2.25],"texture":"#main"},"south":{"uv":[0,10,0.75,11.25],"texture":"#main"},"west":{"uv":[9.5,6,10.5,7.25],"texture":"#main"},"up":{"uv":[3.75,6,3,5],"texture":"#main"},"down":{"uv":[6.75,3,6,4],"texture":"#main"}}},{"from":[-2.5,-0.00606,1.68426],"to":[2.5,6.49394,7.68426],"rotation":{"angle":0,"axis":"y","origin":[-16,-0.00606,-12.31574]},"faces":{"north":{"uv":[1.5,5,2.75,6.75],"texture":"#main"},"east":{"uv":[4,4,5.5,5.75],"texture":"#main"},"south":{"uv":[5.5,4,6.75,5.75],"texture":"#main"},"west":{"uv":[0,5,1.5,6.75],"texture":"#main"},"up":{"uv":[4.25,7.5,3,6],"texture":"#main"},"down":{"uv":[5.75,6,4.5,7.5],"texture":"#main"}}},{"from":[-3,2.49394,1.68426],"to":[3,6.99394,6.18426],"rotation":{"angle":0,"axis":"y","origin":[-16,-1.50606,-3.81574]},"faces":{"north":{"uv":[6,6,7.5,7.25],"texture":"#main"},"east":{"uv":[8,0,9.25,1.25],"texture":"#main"},"south":{"uv":[0,7,1.5,8.25],"texture":"#main"},"west":{"uv":[8,1.5,9.25,2.75],"texture":"#main"},"up":{"uv":[3,8.25,1.5,7],"texture":"#main"},"down":{"uv":[8.5,3,7,4.25],"texture":"#main"}}},{"from":[-3.5,-0.00606,-5.81574],"to":[3.5,8.49394,1.68426],"rotation":{"angle":0,"axis":"y","origin":[-16,-0.00606,-11.31574]},"faces":{"north":{"uv":[0,2.5,1.75,4.75],"texture":"#main"},"east":{"uv":[0,0,2,2.25],"texture":"#main"},"south":{"uv":[2,2.5,3.75,4.75],"texture":"#main"},"west":{"uv":[2,0,4,2.25],"texture":"#main"},"up":{"uv":[5.75,2,4,0],"texture":"#main"},"down":{"uv":[5.75,2,4,4],"texture":"#main"}}},{"from":[-10.5,0.99394,-2.81574],"to":[-3.5,3.99394,-2.81574],"rotation":{"angle":0,"axis":"y","origin":[-23,0.99394,-8.31574]},"faces":{"north":{"uv":[8.5,3,10.25,3.75],"texture":"#main"},"east":{"uv":[0,0,0,0.75],"texture":"#main"},"south":{"uv":[8.5,4,10.25,4.75],"texture":"#main"},"west":{"uv":[0,0,0,0.75],"texture":"#main"},"up":{"uv":[1.75,0,0,0],"texture":"#main"},"down":{"uv":[1.75,0,0,0],"texture":"#main"}}},{"from":[-8.6,5.99394,-2.81574],"to":[-1.6,8.99394,-2.81574],"rotation":{"angle":-45,"axis":"z","origin":[-3.5,7.99394,-2.81574]},"faces":{"north":{"uv":[8.5,5,10.25,5.75],"texture":"#main"},"east":{"uv":[0,0,0,0.75],"texture":"#main"},"south":{"uv":[1.5,9,3.25,9.75],"texture":"#main"},"west":{"uv":[0,0,0,0.75],"texture":"#main"},"up":{"uv":[1.75,0,0,0],"texture":"#main"},"down":{"uv":[1.75,0,0,0],"texture":"#main"}}},{"from":[-1.5,7.99394,-2.81574],"to":[1.5,14.99394,-2.81574],"rotation":{"angle":0,"axis":"y","origin":[-3.5,7.99394,-2.81574]},"faces":{"north":{"uv":[3.5,9,4.25,10.75],"texture":"#main"},"east":{"uv":[0,0,0,1.75],"texture":"#main"},"south":{"uv":[4.25,9,3.5,10.75],"texture":"#main"},"west":{"uv":[0,0,0,1.75],"texture":"#main"},"up":{"uv":[0.75,0,0,0],"texture":"#main"},"down":{"uv":[0.75,0,0,0],"texture":"#main"}}},{"from":[1.6,5.99394,-2.81574],"to":[8.6,8.99394,-2.81574],"rotation":{"angle":45,"axis":"z","origin":[3.5,7.99394,-2.81574]},"faces":{"north":{"uv":[9,9,10.75,9.75],"texture":"#main"},"east":{"uv":[0,0,0,0.75],"texture":"#main"},"south":{"uv":[9.5,0,11.25,0.75],"texture":"#main"},"west":{"uv":[0,0,0,0.75],"texture":"#main"},"up":{"uv":[1.75,0,0,0],"texture":"#main"},"down":{"uv":[1.75,0,0,0],"texture":"#main"}}},{"from":[3.5,0.99394,-2.81574],"to":[10.5,3.99394,-2.81574],"rotation":{"angle":0,"axis":"y","origin":[23,0.99394,-8.31574]},"faces":{"north":{"uv":[5.5,9,7.25,9.75],"texture":"#main"},"east":{"uv":[0,0,0,0.75],"texture":"#main"},"south":{"uv":[9,8,10.75,8.75],"texture":"#main"},"west":{"uv":[0,0,0,0.75],"texture":"#main"},"up":{"uv":[1.75,0,0,0],"texture":"#main"},"down":{"uv":[1.75,0,0,0],"texture":"#main"}}},{"from":[-3.55,1.49394,-7.81574],"to":[-3.55,3.49394,-3.81574],"rotation":{"angle":-22.5,"axis":"x","origin":[-3.55,2.49394,-4.56574]},"faces":{"north":{"uv":[0,0,0,0.5],"texture":"#main"},"east":{"uv":[1.5,8.5,2.5,9],"texture":"#main"},"south":{"uv":[0,0,0,0.5],"texture":"#main"},"west":{"uv":[1,10,2,10.5],"texture":"#main"},"up":{"uv":[0,1,0,0],"texture":"#main"},"down":{"uv":[0,0,0,1],"texture":"#main"}}},{"from":[-3.3,6.44394,-9.51574],"to":[3.3,8.44394,-5.51574],"rotation":{"angle":-22.5,"axis":"x","origin":[0,7.74394,-5.81574]},"faces":{"north":{"uv":[9.5,2.5,11.25,3],"texture":"#main"},"east":{"uv":[6.5,10,7.5,10.5],"texture":"#main"},"south":{"uv":[9.5,7.5,11.25,8],"texture":"#main"},"west":{"uv":[8.5,10,9.5,10.5],"texture":"#main"},"up":{"uv":[9.25,7,7.5,6],"texture":"#main"},"down":{"uv":[9.25,7,7.5,8],"texture":"#main"}}},{"from":[-3.3,1.94087,-9.5023],"to":[3.3,6.94087,-9.5023],"rotation":{"angle":22.5,"axis":"x","origin":[0,6.93549,-9.46705]},"faces":{"north":{"uv":[6,0,7.75,1.25],"texture":"#main"},"east":{"uv":[0,0,0,1.25],"texture":"#main"},"south":{"uv":[6,1.5,7.75,2.75],"texture":"#main"},"west":{"uv":[0,0,0,1.25],"texture":"#main"},"up":{"uv":[1.75,0,0,0],"texture":"#main"},"down":{"uv":[1.75,0,0,0],"texture":"#main"}}},{"from":[3.55,1.49394,-7.81574],"to":[3.55,3.49394,-3.81574],"rotation":{"angle":-22.5,"axis":"x","origin":[3.55,2.49394,-4.56574]},"faces":{"north":{"uv":[0,0,0,0.5],"texture":"#main"},"east":{"uv":[2,10,3,10.5],"texture":"#main"},"south":{"uv":[0,0,0,0.5],"texture":"#main"},"west":{"uv":[5.5,10,6.5,10.5],"texture":"#main"},"up":{"uv":[0,1,0,0],"texture":"#main"},"down":{"uv":[0,0,0,1],"texture":"#main"}}},{"from":[-3,0.99394,-8.31574],"to":[3,5.99394,-3.81574],"rotation":{"angle":-22.5,"axis":"x","origin":[0,4.24394,-9.56574]},"faces":{"north":{"uv":[7,4.5,8.5,5.75],"texture":"#main"},"east":{"uv":[7.5,8,8.75,9.25],"texture":"#main"},"south":{"uv":[3,7.5,4.5,8.75],"texture":"#main"},"west":{"uv":[0,8.5,1.25,9.75],"texture":"#main"},"up":{"uv":[6,8.75,4.5,7.5],"texture":"#main"},"down":{"uv":[7.5,7.5,6,8.75],"texture":"#main"}}},{"from":[2.5,-0.00606,6.68426],"to":[4.5,1.49394,6.68426],"rotation":{"angle":0,"axis":"y","origin":[21,-0.00606,-17.31574]},"faces":{"north":{"uv":[10.5,1,11,1.5],"texture":"#main"},"east":{"uv":[0,0,0,0.5],"texture":"#main"},"south":{"uv":[1.5,10.5,2,11],"texture":"#main"},"west":{"uv":[0,0,0,0.5],"texture":"#main"},"up":{"uv":[0.5,0,0,0],"texture":"#main"},"down":{"uv":[0.5,0,0,0],"texture":"#main"}}},{"from":[2.5,-0.00606,3.68426],"to":[4.5,1.49394,3.68426],"rotation":{"angle":0,"axis":"y","origin":[21,-0.00606,-17.31574]},"faces":{"north":{"uv":[10,10,10.5,10.5],"texture":"#main"},"east":{"uv":[0,0,0,0.5],"texture":"#main"},"south":{"uv":[1,10.5,1.5,11],"texture":"#main"},"west":{"uv":[0,0,0,0.5],"texture":"#main"},"up":{"uv":[0.5,0,0,0],"texture":"#main"},"down":{"uv":[0.5,0,0,0],"texture":"#main"}}},{"from":[-4.5,-0.00606,6.68426],"to":[-2.5,1.49394,6.68426],"rotation":{"angle":0,"axis":"y","origin":[-21,-0.00606,-17.31574]},"faces":{"north":{"uv":[3,10,3.5,10.5],"texture":"#main"},"east":{"uv":[0,0,0,0.5],"texture":"#main"},"south":{"uv":[9.5,10,10,10.5],"texture":"#main"},"west":{"uv":[0,0,0,0.5],"texture":"#main"},"up":{"uv":[0.5,0,0,0],"texture":"#main"},"down":{"uv":[0.5,0,0,0],"texture":"#main"}}},{"from":[-4.5,-0.00606,3.68426],"to":[-2.5,1.49394,3.68426],"rotation":{"angle":0,"axis":"y","origin":[-21,-0.00606,-17.31574]},"faces":{"north":{"uv":[2.5,8.5,3,9],"texture":"#main"},"east":{"uv":[0,0,0,0.5],"texture":"#main"},"south":{"uv":[8.5,9.5,9,10],"texture":"#main"},"west":{"uv":[0,0,0,0.5],"texture":"#main"},"up":{"uv":[0.5,0,0,0],"texture":"#main"},"down":{"uv":[0.5,0,0,0],"texture":"#main"}}}],"display":{"head":{"translation":[16.25,-27,14.5],"scale":[2,2,2]}},"groups":[{"name":"Larvesta","origin":[0,0.00606,-0.68426],"color":0,"children":[{"name":"body","origin":[0,-0.05825,-0.07759],"color":0,"children":[0,1,2,3,4,5,6,7,8,9,10,11,12,13,{"name":"leg_r","origin":[2.5,0.74394,5.18426],"color":0,"children":[14,15]},{"name":"leg_l","origin":[-2.5,0.74394,5.18426],"color":0,"children":[16,17]}]}]}]}