{"parent":"physical_parent","textures":{"main":"pokemon/ledian"},"elements":[{"from":[5,0,4],"to":[12,11,11],"faces":{"east":{"uv":[0,7.375,0.875,8.75],"texture":"#main"},"south":{"uv":[2.625,7.375,3.5,8.75],"texture":"#main"},"north":{"uv":[0.875,7.375,1.75,8.75],"texture":"#main"},"west":{"uv":[1.75,7.375,2.625,8.75],"texture":"#main"},"up":{"uv":[1.75,7.375,0.875,6.5],"texture":"#main"},"down":{"uv":[2.625,6.5,1.75,7.375],"texture":"#main"}}},{"rotation":{"origin":[8,8,0],"angle":-45,"axis":"y"},"from":[11,10,9],"to":[18,12,10],"faces":{"east":{"uv":[7.75,2,7.875,2.25],"texture":"#main"},"south":{"uv":[8.875,2,9.75,2.25],"texture":"#main"},"north":{"uv":[7.875,2,8.75,2.25],"texture":"#main"},"west":{"uv":[8.75,2,8.875,2.25],"texture":"#main"},"up":{"uv":[8.75,2,7.875,1.875],"texture":"#main"},"down":{"uv":[9.625,1.875,8.75,2],"texture":"#main"}}},{"rotation":{"origin":[8,8,0],"angle":45,"axis":"y"},"from":[-1,10,10],"to":[6,12,11],"faces":{"east":{"uv":[3.5,7.875,3.625,8.125],"texture":"#main"},"south":{"uv":[4.625,7.875,5.5,8.125],"texture":"#main"},"north":{"uv":[3.625,7.875,4.5,8.125],"texture":"#main"},"west":{"uv":[4.5,7.875,4.625,8.125],"texture":"#main"},"up":{"uv":[4.5,7.875,3.625,7.75],"texture":"#main"},"down":{"uv":[5.375,7.75,4.5,7.875],"texture":"#main"}}},{"rotation":{"origin":[8,8,0],"angle":-45,"axis":"y"},"from":[11,10,20],"to":[18,12,21],"faces":{"east":{"uv":[7.5,7.875,7.625,8.125],"texture":"#main"},"south":{"uv":[8.625,7.875,9.5,8.125],"texture":"#main"},"north":{"uv":[7.625,7.875,8.5,8.125],"texture":"#main"},"west":{"uv":[8.5,7.875,8.625,8.125],"texture":"#main"},"up":{"uv":[8.5,7.875,7.625,7.75],"texture":"#main"},"down":{"uv":[9.375,7.75,8.5,7.875],"texture":"#main"}}},{"rotation":{"origin":[8,8,0],"angle":45,"axis":"y"},"from":[-1,10,21],"to":[6,12,22],"faces":{"east":{"uv":[5.5,7.875,5.625,8.125],"texture":"#main"},"south":{"uv":[6.625,7.875,7.5,8.125],"texture":"#main"},"north":{"uv":[5.625,7.875,6.5,8.125],"texture":"#main"},"west":{"uv":[6.5,7.875,6.625,8.125],"texture":"#main"},"up":{"uv":[6.5,7.875,5.625,7.75],"texture":"#main"},"down":{"uv":[7.375,7.75,6.5,7.875],"texture":"#main"}}},{"rotation":{"origin":[8,8,0],"angle":-45,"axis":"y"},"from":[11,12,10],"to":[18,13,20],"faces":{"east":{"uv":[7.125,5.5,8.375,5.625],"texture":"#main"},"south":{"uv":[10.5,5.5,11.375,5.625],"texture":"#main"},"north":{"uv":[8.375,5.5,9.25,5.625],"texture":"#main"},"west":{"uv":[9.25,5.5,10.5,5.625],"texture":"#main"},"up":{"uv":[9.25,5.5,8.375,4.25],"texture":"#main"},"down":{"uv":[10.125,4.25,9.25,5.5],"texture":"#main"}}},{"rotation":{"origin":[8,8,0],"angle":45,"axis":"y"},"from":[-1,12,11],"to":[6,13,21],"faces":{"east":{"uv":[5.125,1.25,6.375,1.375],"texture":"#main"},"south":{"uv":[8.5,1.25,9.375,1.375],"texture":"#main"},"north":{"uv":[6.375,1.25,7.25,1.375],"texture":"#main"},"west":{"uv":[7.25,1.25,8.5,1.375],"texture":"#main"},"up":{"uv":[7.25,1.25,6.375,0],"texture":"#main"},"down":{"uv":[8.125,0,7.25,1.25],"texture":"#main"}}},{"from":[5,-7,10],"to":[8,-1,13],"faces":{"east":{"uv":[0,3.625,0.375,4.375],"texture":"#main"},"south":{"uv":[1.125,3.625,1.5,4.375],"texture":"#main"},"north":{"uv":[0.375,3.625,0.75,4.375],"texture":"#main"},"west":{"uv":[0.75,3.625,1.125,4.375],"texture":"#main"},"up":{"uv":[0.75,3.625,0.375,3.25],"texture":"#main"},"down":{"uv":[1.125,3.25,0.75,3.625],"texture":"#main"}}},{"from":[9,-7,10],"to":[12,-1,13],"faces":{"east":{"uv":[2.375,0.375,2.75,1.125],"texture":"#main"},"south":{"uv":[3.5,0.375,3.875,1.125],"texture":"#main"},"north":{"uv":[2.75,0.375,3.125,1.125],"texture":"#main"},"west":{"uv":[3.125,0.375,3.5,1.125],"texture":"#main"},"up":{"uv":[3.125,0.375,2.75,0],"texture":"#main"},"down":{"uv":[3.5,0,3.125,0.375],"texture":"#main"}}},{"from":[5,13,2],"to":[12,20,12],"faces":{"east":{"uv":[4.75,3.375,6,4.25],"texture":"#main"},"south":{"uv":[8.125,3.375,9,4.25],"texture":"#main"},"north":{"uv":[6,3.375,6.875,4.25],"texture":"#main"},"west":{"uv":[6.875,3.375,8.125,4.25],"texture":"#main"},"up":{"uv":[6.875,3.375,6,2.125],"texture":"#main"},"down":{"uv":[7.75,2.125,6.875,3.375],"texture":"#main"}}},{"from":[6,20,2],"to":[6,27,16],"faces":{"east":{"uv":[0,5.625,1.75,6.5],"texture":"#main"},"south":{"uv":[8.75,6.875,8.875,7.75],"texture":"#main"},"north":{"uv":[6.875,6.875,7,7.75],"texture":"#main"},"west":{"uv":[7,6.875,8.75,7.75],"texture":"#main"},"up":{"uv":[7,6.875,6.875,5.125],"texture":"#main"},"down":{"uv":[7.125,5.125,7,6.875],"texture":"#main"}}},{"rotation":{"origin":[8,8,8],"angle":-45,"axis":"y"},"from":[9,3,9],"to":[9,12,26],"faces":{"east":{"uv":[4.625,4.5,6.75,5.625],"texture":"#main","rotation":180},"south":{"uv":[6.75,4.5,6.875,5.625],"texture":"#main"},"north":{"uv":[4.5,4.5,4.625,5.625],"texture":"#main"},"west":{"uv":[4.625,4.5,6.75,5.625],"texture":"#main"},"up":{"uv":[4.625,4.5,4.5,2.375],"texture":"#main"},"down":{"uv":[4.75,2.375,4.625,4.5],"texture":"#main"}}},{"rotation":{"origin":[8,8,8],"angle":45,"axis":"y"},"from":[7,3,9],"to":[7,12,26],"faces":{"east":{"uv":[4.625,4.5,6.75,5.625],"texture":"#main","rotation":180},"south":{"uv":[4.375,2.125,4.5,3.25],"texture":"#main"},"north":{"uv":[2.125,2.125,2.25,3.25],"texture":"#main"},"west":{"uv":[4.625,4.5,6.75,5.625],"texture":"#main"},"up":{"uv":[2.25,2.125,2.125,0],"texture":"#main"},"down":{"uv":[2.375,0,2.25,2.125],"texture":"#main"}}},{"from":[11,20,2],"to":[11,27,16],"faces":{"east":{"uv":[0,5.625,1.75,6.5],"texture":"#main"},"south":{"uv":[3.625,5.625,3.75,6.5],"texture":"#main"},"north":{"uv":[1.75,5.625,1.875,6.5],"texture":"#main"},"west":{"uv":[7,6.875,8.75,7.75],"texture":"#main"},"up":{"uv":[1.875,5.625,1.75,3.875],"texture":"#main"},"down":{"uv":[2,3.875,1.875,5.625],"texture":"#main"}}},{"from":[6,14,1],"to":[11,19,13],"faces":{"east":{"uv":[2.375,1.5,3.875,2.125],"texture":"#main"},"south":{"uv":[6,1.5,6.625,2.125],"texture":"#main"},"north":{"uv":[3.875,1.5,4.5,2.125],"texture":"#main"},"west":{"uv":[4.5,1.5,6,2.125],"texture":"#main"},"up":{"uv":[4.5,1.5,3.875,0],"texture":"#main"},"down":{"uv":[5.125,0,4.5,1.5],"texture":"#main"}}},{"from":[7.5,11,6.5],"to":[9.5,13,8.5],"faces":{"east":{"uv":[1.5,3.5,1.75,3.75],"texture":"#main"},"south":{"uv":[2.25,3.5,2.5,3.75],"texture":"#main"},"north":{"uv":[1.75,3.5,2,3.75],"texture":"#main"},"west":{"uv":[2,3.5,2.25,3.75],"texture":"#main"},"up":{"uv":[2,3.5,1.75,3.25],"texture":"#main"},"down":{"uv":[2.25,3.25,2,3.5],"texture":"#main"}}},{"rotation":{"origin":[8,8,8],"angle":-45,"axis":"x"},"from":[9.5,-2,1.5],"to":[11.5,4,3.5],"faces":{"east":{"uv":[4.75,2.375,5,3.125],"texture":"#main"},"south":{"uv":[5.5,2.375,5.75,3.125],"texture":"#main"},"north":{"uv":[5,2.375,5.25,3.125],"texture":"#main"},"west":{"uv":[5.25,2.375,5.5,3.125],"texture":"#main"},"up":{"uv":[5.25,2.375,5,2.125],"texture":"#main"},"down":{"uv":[5.5,2.125,5.25,2.375],"texture":"#main"}}},{"rotation":{"origin":[8,8,8],"angle":-45,"axis":"x"},"from":[5.5,-2,1.5],"to":[7.5,4,3.5],"faces":{"east":{"uv":[0,4.625,0.25,5.375],"texture":"#main"},"south":{"uv":[0.75,4.625,1,5.375],"texture":"#main"},"north":{"uv":[0.25,4.625,0.5,5.375],"texture":"#main"},"west":{"uv":[0.5,4.625,0.75,5.375],"texture":"#main"},"up":{"uv":[0.5,4.625,0.25,4.375],"texture":"#main"},"down":{"uv":[0.75,4.375,0.5,4.625],"texture":"#main"}}},{"rotation":{"origin":[8,8,8],"angle":22.5,"axis":"z"},"from":[1,8.5,6.5],"to":[7,10.5,8.5],"faces":{"east":{"uv":[7.125,6.375,7.375,6.625],"texture":"#main"},"south":{"uv":[8.375,6.375,9.125,6.625],"texture":"#main"},"north":{"uv":[7.375,6.375,8.125,6.625],"texture":"#main"},"west":{"uv":[8.125,6.375,8.375,6.625],"texture":"#main"},"up":{"uv":[8.125,6.375,7.375,6.125],"texture":"#main"},"down":{"uv":[8.875,6.125,8.125,6.375],"texture":"#main"}}},{"rotation":{"origin":[8,8,8],"angle":-22.5,"axis":"z"},"from":[10,8.5,6.5],"to":[16,10.5,8.5],"faces":{"east":{"uv":[7.125,5.875,7.375,6.125],"texture":"#main"},"south":{"uv":[8.375,5.875,9.125,6.125],"texture":"#main"},"north":{"uv":[7.375,5.875,8.125,6.125],"texture":"#main"},"west":{"uv":[8.125,5.875,8.375,6.125],"texture":"#main"},"up":{"uv":[8.125,5.875,7.375,5.625],"texture":"#main"},"down":{"uv":[8.875,5.625,8.125,5.875],"texture":"#main"}}},{"rotation":{"origin":[8,8,8],"angle":-22.5,"axis":"z"},"from":[11,3.5,6.5],"to":[17,5.5,8.5],"faces":{"east":{"uv":[6.625,1.625,6.875,1.875],"texture":"#main"},"south":{"uv":[7.875,1.625,8.625,1.875],"texture":"#main"},"north":{"uv":[6.875,1.625,7.625,1.875],"texture":"#main"},"west":{"uv":[7.625,1.625,7.875,1.875],"texture":"#main"},"up":{"uv":[7.625,1.625,6.875,1.375],"texture":"#main"},"down":{"uv":[8.375,1.375,7.625,1.625],"texture":"#main"}}},{"rotation":{"origin":[8,8,8],"angle":22.5,"axis":"z"},"from":[-1,3.5,6.5],"to":[5,5.5,8.5],"faces":{"east":{"uv":[2.625,6.875,2.875,7.125],"texture":"#main"},"south":{"uv":[3.875,6.875,4.625,7.125],"texture":"#main"},"north":{"uv":[2.875,6.875,3.625,7.125],"texture":"#main"},"west":{"uv":[3.625,6.875,3.875,7.125],"texture":"#main"},"up":{"uv":[3.625,6.875,2.875,6.625],"texture":"#main"},"down":{"uv":[4.375,6.625,3.625,6.875],"texture":"#main"}}},{"rotation":{"origin":[8,8,8],"angle":22.5,"axis":"z"},"from":[-2,7.5,5.5],"to":[2,11.5,9.5],"faces":{"east":{"uv":[3.75,6.125,4.25,6.625],"texture":"#main"},"south":{"uv":[5.25,6.125,5.75,6.625],"texture":"#main"},"north":{"uv":[4.25,6.125,4.75,6.625],"texture":"#main"},"west":{"uv":[4.75,6.125,5.25,6.625],"texture":"#main"},"up":{"uv":[4.75,6.125,4.25,5.625],"texture":"#main"},"down":{"uv":[5.25,5.625,4.75,6.125],"texture":"#main"}}},{"rotation":{"origin":[8,8,8],"angle":-22.5,"axis":"z"},"from":[15,7.5,5.5],"to":[19,11.5,9.5],"faces":{"east":{"uv":[2,3.75,2.5,4.25],"texture":"#main"},"south":{"uv":[3.5,3.75,4,4.25],"texture":"#main"},"north":{"uv":[2.5,3.75,3,4.25],"texture":"#main"},"west":{"uv":[3,3.75,3.5,4.25],"texture":"#main"},"up":{"uv":[3,3.75,2.5,3.25],"texture":"#main"},"down":{"uv":[3.5,3.25,3,3.75],"texture":"#main"}}},{"rotation":{"origin":[8,8,8],"angle":-22.5,"axis":"z"},"from":[16,2.5,5.5],"to":[20,6.5,9.5],"faces":{"east":{"uv":[0,1.5,0.5,2],"texture":"#main"},"south":{"uv":[1.5,1.5,2,2],"texture":"#main"},"north":{"uv":[0.5,1.5,1,2],"texture":"#main"},"west":{"uv":[1,1.5,1.5,2],"texture":"#main"},"up":{"uv":[1,1.5,0.5,1],"texture":"#main"},"down":{"uv":[1.5,1,1,1.5],"texture":"#main"}}},{"rotation":{"origin":[8,8,8],"angle":22.5,"axis":"z"},"from":[-4,2.5,5.5],"to":[0,6.5,9.5],"faces":{"east":{"uv":[0,0.5,0.5,1],"texture":"#main"},"south":{"uv":[1.5,0.5,2,1],"texture":"#main"},"north":{"uv":[0.5,0.5,1,1],"texture":"#main"},"west":{"uv":[1,0.5,1.5,1],"texture":"#main"},"up":{"uv":[1,0.5,0.5,0],"texture":"#main"},"down":{"uv":[1.5,0,1,0.5],"texture":"#main"}}}],"display":{"head":{"translation":[0,-7.5,0]}},"credit":"Made with Blockbench"}