{"credit":"Made with Blockbench","texture_size":[128,128],"textures":{"particle":"pokemon/licklicky","main":"pokemon/licklicky"},"elements":[{"from":[1,3,3],"to":[15,20,13],"faces":{"north":{"uv":[1.25,1.25,3,3.375],"texture":"#main"},"east":{"uv":[0,1.25,1.25,3.375],"texture":"#main"},"south":{"uv":[4.25,1.25,6,3.375],"texture":"#main"},"west":{"uv":[3,1.25,4.25,3.375],"texture":"#main"},"up":{"uv":[3,1.25,1.25,0],"texture":"#main"},"down":{"uv":[4.75,0,3,1.25],"texture":"#main"}}},{"from":[4,20,4],"to":[12,26,12],"rotation":{"angle":0,"axis":"y","origin":[-1,0,0]},"faces":{"north":{"uv":[1,4.375,2,5.125],"texture":"#main"},"east":{"uv":[0,4.375,1,5.125],"texture":"#main"},"south":{"uv":[3,4.375,4,5.125],"texture":"#main"},"west":{"uv":[2,4.375,3,5.125],"texture":"#main"},"up":{"uv":[2,4.375,1,3.375],"texture":"#main"},"down":{"uv":[3,3.375,2,4.375],"texture":"#main"}}},{"from":[6.5,24,6],"to":[9.5,28,10],"rotation":{"angle":45,"axis":"x","origin":[6.5,29,8]},"faces":{"north":{"uv":[6.5,1.5,6.875,2],"texture":"#main"},"east":{"uv":[6,1.5,6.5,2],"texture":"#main"},"south":{"uv":[7.375,1.5,7.75,2],"texture":"#main"},"west":{"uv":[6.875,1.5,7.375,2],"texture":"#main"},"up":{"uv":[6.875,1.5,6.5,1],"texture":"#main"},"down":{"uv":[7.25,1,6.875,1.5],"texture":"#main"}}},{"from":[5,-2,13],"to":[11,1,23],"rotation":{"angle":-22.5,"axis":"x","origin":[-1,0,0]},"faces":{"north":{"uv":[4,5.125,4.75,5.5],"texture":"#main"},"east":{"uv":[2.75,5.125,4,5.5],"texture":"#main"},"south":{"uv":[6,5.125,6.75,5.5],"texture":"#main"},"west":{"uv":[4.75,5.125,6,5.5],"texture":"#main"},"up":{"uv":[4.75,5.125,4,3.875],"texture":"#main"},"down":{"uv":[5.5,3.875,4.75,5.125],"texture":"#main"}}},{"from":[5.5,22.5,4],"to":[10.5,24.5,14],"rotation":{"angle":-22.5,"axis":"x","origin":[16.5,0,16]},"faces":{"north":{"uv":[6,3.375,6.625,3.625],"texture":"#main"},"east":{"uv":[4.75,3.375,6,3.625],"texture":"#main"},"south":{"uv":[7.875,3.375,8.5,3.625],"texture":"#main"},"west":{"uv":[6.625,3.375,7.875,3.625],"texture":"#main"},"up":{"uv":[6.625,3.375,6,2.125],"texture":"#main"},"down":{"uv":[7.25,2.125,6.625,3.375],"texture":"#main"}}},{"from":[5.5,11.7766,21.47343],"to":[10.5,14.7766,26.47343],"rotation":{"angle":22.5,"axis":"x","origin":[-1.5,13.7766,8.47343]},"faces":{"north":{"uv":[5.375,0.625,6,1],"texture":"#main"},"east":{"uv":[4.75,0.625,5.375,1],"texture":"#main"},"south":{"uv":[6.625,0.625,7.25,1],"texture":"#main"},"west":{"uv":[6,0.625,6.625,1],"texture":"#main"},"up":{"uv":[6,0.625,5.375,0],"texture":"#main"},"down":{"uv":[6.625,0,6,0.625],"texture":"#main"}}},{"from":[15.5,10,6],"to":[19.5,19,10],"rotation":{"angle":22.5,"axis":"z","origin":[17,11.5,9]},"faces":{"north":{"uv":[3,6,3.5,7.125],"texture":"#main"},"east":{"uv":[2.5,6,3,7.125],"texture":"#main"},"south":{"uv":[4,6,4.5,7.125],"texture":"#main"},"west":{"uv":[3.5,6,4,7.125],"texture":"#main"},"up":{"uv":[3.5,6,3,5.5],"texture":"#main"},"down":{"uv":[4,5.5,3.5,6],"texture":"#main"}}},{"from":[-3.5,10,6],"to":[0.5,19,10],"rotation":{"angle":-22.5,"axis":"z","origin":[-1,11.5,9]},"faces":{"north":{"uv":[1,5.625,1.5,6.75],"texture":"#main"},"east":{"uv":[0.5,5.625,1,6.75],"texture":"#main"},"south":{"uv":[2,5.625,2.5,6.75],"texture":"#main"},"west":{"uv":[1.5,5.625,2,6.75],"texture":"#main"},"up":{"uv":[1.5,5.625,1,5.125],"texture":"#main"},"down":{"uv":[2,5.125,1.5,5.625],"texture":"#main"}}},{"from":[10,0,6],"to":[14,3,10],"faces":{"north":{"uv":[5,6,5.5,6.375],"texture":"#main"},"east":{"uv":[4.5,6,5,6.375],"texture":"#main"},"south":{"uv":[6,6,6.5,6.375],"texture":"#main"},"west":{"uv":[5.5,6,6,6.375],"texture":"#main"},"up":{"uv":[5.5,6,5,5.5],"texture":"#main"},"down":{"uv":[6,5.5,5.5,6],"texture":"#main"}}},{"from":[2,0,6],"to":[6,3,10],"rotation":{"angle":0,"axis":"y","origin":[16,0,0]},"faces":{"north":{"uv":[6,4.125,6.5,4.5],"texture":"#main"},"east":{"uv":[5.5,4.125,6,4.5],"texture":"#main"},"south":{"uv":[7,4.125,7.5,4.5],"texture":"#main"},"west":{"uv":[6.5,4.125,7,4.5],"texture":"#main"},"up":{"uv":[6.5,4.125,6,3.625],"texture":"#main"},"down":{"uv":[7,3.625,6.5,4.125],"texture":"#main"}}}],"display":{"head":{"translation":[0,-32.25,0],"scale":[1.35,1.35,1.35]}},"groups":[{"name":"root","origin":[8,8,8],"color":0,"children":[0,1,2,3,4,5,6,7,8,9]}]}