{"parent":"physical_parent","textures":{"main":"pokemon/lileep"},"texture_size":[64,64],"elements":[{"rotation":{"origin":[0,8,1],"angle":0,"axis":"y"},"from":[5,0,5],"to":[11,4,11],"faces":{"east":{"uv":[1.5,8,3,9],"texture":"#main"},"south":{"uv":[5.5,7.75,7,8.75],"texture":"#main"},"north":{"uv":[0,8,1.5,9],"texture":"#main"},"west":{"uv":[7,7.75,8.5,8.75],"texture":"#main"},"up":{"uv":[9,3.25,7.5,1.75],"texture":"#main","rotation":180},"down":{"uv":[5.5,7.75,4,9.25],"texture":"#main","rotation":180}}},{"rotation":{"origin":[0,17,1],"angle":0,"axis":"y"},"from":[4,9,4],"to":[12,16,12],"faces":{"east":{"uv":[6,4,8,5.75],"texture":"#main"},"south":{"uv":[4,6,6,7.75],"texture":"#main"},"north":{"uv":[6,0,8,1.75],"texture":"#main"},"west":{"uv":[6,6,8,7.75],"texture":"#main"},"up":{"uv":[6,6,4,4],"texture":"#main","rotation":180},"down":{"uv":[6,0,4,2],"texture":"#main","rotation":180}}},{"rotation":{"origin":[0,17,1],"angle":0,"axis":"y"},"from":[0,16.1,0],"to":[16,16.1,16],"faces":{"east":{"uv":[0,0,4,0],"texture":"#main"},"south":{"uv":[0,0,4,0],"texture":"#main"},"north":{"uv":[0,0,4,0],"texture":"#main"},"west":{"uv":[0,0,4,0],"texture":"#main"},"up":{"uv":[4,4,0,0],"texture":"#main","rotation":180},"down":{"uv":[4,4,0,8],"texture":"#main","rotation":180}}},{"rotation":{"origin":[0,12,1],"angle":0,"axis":"y"},"from":[7,4,7],"to":[9,9,9],"faces":{"east":{"uv":[8,3.25,8.5,4.5],"texture":"#main"},"south":{"uv":[3,8,3.5,9.25],"texture":"#main"},"north":{"uv":[8,0,8.5,1.25],"texture":"#main"},"west":{"uv":[3.5,8,4,9.25],"texture":"#main"},"up":{"uv":[8,3.75,7.5,3.25],"texture":"#main","rotation":180},"down":{"uv":[8.5,1.25,8,1.75],"texture":"#main","rotation":180}}},{"rotation":{"origin":[8,1.5,8],"angle":-45,"axis":"y"},"from":[1,0,8],"to":[15,4,8],"faces":{"east":{"uv":[0,0,0,1],"texture":"#main"},"south":{"uv":[4,2,7.5,3],"texture":"#main"},"north":{"uv":[4,3,7.5,4],"texture":"#main"},"west":{"uv":[0,0,0,1],"texture":"#main"},"up":{"uv":[3.5,0,0,0],"texture":"#main","rotation":180},"down":{"uv":[3.5,0,0,0],"texture":"#main","rotation":180}}},{"rotation":{"origin":[8,1.5,8],"angle":45,"axis":"y"},"from":[1,0,8],"to":[15,4,8],"faces":{"east":{"uv":[0,0,0,1],"texture":"#main"},"south":{"uv":[7.5,2,4,3],"texture":"#main"},"north":{"uv":[7.5,3,4,4],"texture":"#main"},"west":{"uv":[0,0,0,1],"texture":"#main"},"up":{"uv":[0,0,3.5,0],"texture":"#main","rotation":180},"down":{"uv":[0,0,3.5,0],"texture":"#main","rotation":180}}}],"display":{"head":{"translation":[0,-28.5,0],"scale":[1.8,1.8,1.8]}}}