{"credit":"Made with Blockbench","texture_size":[64,64],"textures":{"main":"pokemon/lilligant"},"elements":[{"from":[-3.7106,1.22744,-3.68259],"to":[3.4894,7.22744,3.51741],"rotation":{"angle":0,"axis":"y","origin":[-9.7106,0.02744,-9.68259]},"faces":{"north":{"uv":[4.5,1.75,6,3],"texture":"#main"},"east":{"uv":[1.25,5.25,2.75,6.5],"texture":"#main"},"south":{"uv":[5.5,4.25,7,5.5],"texture":"#main"},"west":{"uv":[5.5,5.5,7,6.75],"texture":"#main"},"up":{"uv":[4.5,1.5,3,0],"texture":"#main"},"down":{"uv":[4.5,1.5,3,3],"texture":"#main"}}},{"from":[-2.5106,0.02744,-2.48259],"to":[2.5894,1.22744,2.31741],"rotation":{"angle":0,"axis":"y","origin":[-9.7106,0.02744,-9.68259]},"faces":{"north":{"uv":[7,6.5,8.125,6.75],"texture":"#main"},"east":{"uv":[6,4,7,4.25],"texture":"#main"},"south":{"uv":[8.25,5.75,9.375,6],"texture":"#main"},"west":{"uv":[8.25,6,9.25,6.25],"texture":"#main"},"up":{"uv":[6.875,1,5.75,0],"texture":"#main"},"down":{"uv":[7.125,1,6,2],"texture":"#main"}}},{"from":[-1.6106,7.22744,-1.58259],"to":[1.3894,10.52744,1.41741],"rotation":{"angle":0,"axis":"y","origin":[-9.7106,0.02744,-9.68259]},"faces":{"north":{"uv":[7.75,3.5,8.375,4.25],"texture":"#main"},"east":{"uv":[7.75,4.25,8.375,5],"texture":"#main"},"south":{"uv":[0.75,8,1.375,8.75],"texture":"#main"},"west":{"uv":[1.5,8,2.125,8.75],"texture":"#main"},"up":{"uv":[5.625,8.625,5,8],"texture":"#main"},"down":{"uv":[6.375,8,5.75,8.625],"texture":"#main"}}},{"from":[-2.8106,7.22744,-1.58259],"to":[2.5894,10.52744,-1.58259],"rotation":{"angle":22.5,"axis":"x","origin":[-0.1106,10.52744,-1.58259]},"faces":{"north":{"uv":[7,5.75,8.125,6.5],"texture":"#main"},"east":{"uv":[0,0,0,0.75],"texture":"#main"},"south":{"uv":[7.25,0.75,8.375,1.5],"texture":"#main"},"west":{"uv":[0,0,0,0.75],"texture":"#main"},"up":{"uv":[1.125,0,0,0],"texture":"#main"},"down":{"uv":[1.125,0,0,0],"texture":"#main"}}},{"from":[-8.2106,9.62744,-1.58259],"to":[-1.6106,9.62744,1.41741],"rotation":{"angle":45,"axis":"z","origin":[-1.6106,9.62744,-0.08259]},"faces":{"north":{"uv":[0,0,1.375,0],"texture":"#main"},"east":{"uv":[0,0,0.625,0],"texture":"#main"},"south":{"uv":[0,0,1.375,0],"texture":"#main"},"west":{"uv":[0,0,0.625,0],"texture":"#main"},"up":{"uv":[6.625,7.375,5.25,6.75],"texture":"#main"},"down":{"uv":[8.125,6.75,6.75,7.375],"texture":"#main"}}},{"from":[1.3894,9.62744,-1.58259],"to":[7.9894,9.62744,1.41741],"rotation":{"angle":-45,"axis":"z","origin":[1.3894,9.62744,-0.08259]},"faces":{"north":{"uv":[0,0,1.375,0],"texture":"#main"},"east":{"uv":[0,0,0.625,0],"texture":"#main"},"south":{"uv":[0,0,1.375,0],"texture":"#main"},"west":{"uv":[0,0,0.625,0],"texture":"#main"},"up":{"uv":[8.375,0.625,7,0],"texture":"#main"},"down":{"uv":[8.375,5,7,5.625],"texture":"#main"}}},{"from":[-2.8106,0.62744,3.51741],"to":[3.1894,9.02744,3.51741],"rotation":{"angle":-45,"axis":"z","origin":[-2.5106,8.42744,3.51741]},"faces":{"north":{"uv":[3,3,4.25,4.75],"texture":"#main"},"east":{"uv":[0,0,0,1.75],"texture":"#main"},"south":{"uv":[0,3.5,1.25,5.25],"texture":"#main"},"west":{"uv":[0,0,0,1.75],"texture":"#main"},"up":{"uv":[1.25,0,0,0],"texture":"#main"},"down":{"uv":[1.25,0,0,0],"texture":"#main"}}},{"from":[-3.4106,0.62744,3.51741],"to":[2.5894,9.02744,3.51741],"rotation":{"angle":45,"axis":"z","origin":[2.2894,8.42744,3.51741]},"faces":{"north":{"uv":[3,4.75,4.25,6.5],"texture":"#main"},"east":{"uv":[0,0,0,1.75],"texture":"#main"},"south":{"uv":[0,5.25,1.25,7],"texture":"#main"},"west":{"uv":[0,0,0,1.75],"texture":"#main"},"up":{"uv":[1.25,0,0,0],"texture":"#main"},"down":{"uv":[1.25,0,0,0],"texture":"#main"}}},{"from":[-2.3006,8.69744,-2.48259],"to":[-2.3006,15.29744,0.51741],"rotation":{"angle":-22.5,"axis":"z","origin":[-2.3006,15.29744,-0.98259]},"faces":{"north":{"uv":[0,0,0,1.375],"texture":"#main"},"east":{"uv":[0,7,0.625,8.375],"texture":"#main"},"south":{"uv":[0,0,0,1.375],"texture":"#main"},"west":{"uv":[7,2,7.625,3.375],"texture":"#main"},"up":{"uv":[0,0.625,0,0],"texture":"#main"},"down":{"uv":[0,0,0,0.625],"texture":"#main"}}},{"from":[-2.5106,8.72744,-2.48259],"to":[-2.5106,17.12744,3.51741],"rotation":{"angle":-22.5,"axis":"z","origin":[-2.5106,15.32744,-0.08259]},"faces":{"north":{"uv":[0,0,0,1.75],"texture":"#main"},"east":{"uv":[4.25,4.25,5.5,6],"texture":"#main"},"south":{"uv":[0,0,0,1.75],"texture":"#main"},"west":{"uv":[4.5,0,5.75,1.75],"texture":"#main"},"up":{"uv":[0,1.25,0,0],"texture":"#main"},"down":{"uv":[0,0,0,1.25],"texture":"#main"}}},{"from":[-2.5106,10.52744,-2.48259],"to":[2.2894,15.32744,2.31741],"rotation":{"angle":0,"axis":"y","origin":[-9.7106,0.02744,-9.68259]},"faces":{"north":{"uv":[6,2,7,3],"texture":"#main"},"east":{"uv":[6,3,7,4],"texture":"#main"},"south":{"uv":[4.25,6,5.25,7],"texture":"#main"},"west":{"uv":[1.25,6.5,2.25,7.5],"texture":"#main"},"up":{"uv":[3.25,7.5,2.25,6.5],"texture":"#main"},"down":{"uv":[4.25,6.5,3.25,7.5],"texture":"#main"}}},{"from":[2.0794,8.69744,-2.48259],"to":[2.0794,15.29744,0.51741],"rotation":{"angle":22.5,"axis":"z","origin":[2.0794,15.29744,-0.98259]},"faces":{"north":{"uv":[0,0,0,1.375],"texture":"#main"},"east":{"uv":[7,3.5,7.625,4.875],"texture":"#main"},"south":{"uv":[0,0,0,1.375],"texture":"#main"},"west":{"uv":[4.25,7,4.875,8.375],"texture":"#main"},"up":{"uv":[0,0.625,0,0],"texture":"#main"},"down":{"uv":[0,0,0,0.625],"texture":"#main"}}},{"from":[-2.2106,15.35744,-3.08259],"to":[6.1894,15.35744,2.91741],"rotation":{"angle":22.5,"axis":"y","origin":[2.2894,15.32744,-1.28259]},"faces":{"north":{"uv":[0,0,1.75,0],"texture":"#main"},"east":{"uv":[0,0,1.25,0],"texture":"#main"},"south":{"uv":[0,0,1.75,0],"texture":"#main"},"west":{"uv":[0,0,1.25,0],"texture":"#main"},"up":{"uv":[3,5.25,1.25,4],"texture":"#main"},"down":{"uv":[6,3,4.25,4.25],"texture":"#main"}}},{"from":[-5.80803,13.59349,-3.98259],"to":[1.99197,15.69349,3.81741],"rotation":{"angle":22.5,"axis":"z","origin":[-1.90932,16.36547,-0.08259]},"faces":{"north":{"uv":[7.25,1.5,8.875,2],"texture":"#main"},"east":{"uv":[0.75,7.5,2.375,8],"texture":"#main"},"south":{"uv":[2.5,7.5,4.125,8],"texture":"#main"},"west":{"uv":[5,7.5,6.625,8],"texture":"#main"},"up":{"uv":[1.625,1.625,0,0],"texture":"#main"},"down":{"uv":[1.625,1.75,0,3.375],"texture":"#main"}}},{"from":[-3.4106,15.23744,-1.58259],"to":[-0.4106,18.83744,1.41741],"rotation":{"angle":22.5,"axis":"z","origin":[-1.90932,16.36547,-0.08259]},"faces":{"north":{"uv":[6.75,7.5,7.375,8.25],"texture":"#main"},"east":{"uv":[7.5,7.5,8.125,8.25],"texture":"#main"},"south":{"uv":[7.75,2,8.375,2.75],"texture":"#main"},"west":{"uv":[7.75,2.75,8.375,3.5],"texture":"#main"},"up":{"uv":[2.875,8.625,2.25,8],"texture":"#main"},"down":{"uv":[3.625,8,3,8.625],"texture":"#main"}}},{"from":[-3.1106,3.44361,2.74887],"to":[2.8894,13.04361,2.74887],"rotation":{"angle":-22.5,"axis":"x","origin":[-0.1106,11.39361,2.74887]},"faces":{"north":{"uv":[1.75,0,3,2],"texture":"#main"},"east":{"uv":[0,0,0,2],"texture":"#main"},"south":{"uv":[1.75,2,3,4],"texture":"#main"},"west":{"uv":[0,0,0,2],"texture":"#main"},"up":{"uv":[1.25,0,0,0],"texture":"#main"},"down":{"uv":[1.25,0,0,0],"texture":"#main"}}}],"display":{"thirdperson_righthand":{"translation":[8,-35,8]},"head":{"translation":[11,-33.25,10],"scale":[1.25,1.25,1.25]}},"groups":[{"name":"lilligant","origin":[-0.34698,-0.13718,0.41297],"color":0,"children":[{"name":"body","origin":[-0.0356,2.42744,-0.08259],"color":0,"children":[0,1,{"name":"neck","origin":[-0.1106,7.19024,0.10169],"color":0,"children":[2,3,{"name":"arm_l","origin":[-1.6106,9.62744,-0.08259],"color":0,"children":[4]},{"name":"arm_r","origin":[1.3894,9.62744,-0.08259],"color":0,"children":[5]}]},6,7,{"name":"head","origin":[-0.147,10.63117,0.0421],"color":0,"children":[{"name":"ear_l","origin":[-2.3006,15.29744,-0.98259],"color":0,"children":[8]},9,10,{"name":"ear_r","origin":[2.0794,15.29744,-0.98259],"color":0,"children":[11]},12,13,14,{"name":"hair","origin":[-0.1106,12.39361,2.24887],"color":0,"children":[15]}]}]}]}]}