{"parent":"physical_parent","textures":{"main":"pokemon/linoone"},"texture_size":[64,64],"elements":[{"rotation":{"origin":[9,4.97997,0.68764],"angle":-22.5,"axis":"x"},"from":[6,5.51803,-1.12102],"to":[10,11.51803,2.87898],"faces":{"east":{"uv":[4.25,1.5,5.25,3],"texture":"#main"},"south":{"uv":[2.5,4.25,3.5,5.75],"texture":"#main"},"north":{"uv":[4.25,0,5.25,1.5],"texture":"#main"},"west":{"uv":[3.5,4.25,4.5,5.75],"texture":"#main"},"up":{"uv":[7,6.5,6,5.5],"texture":"#main"},"down":{"uv":[5.5,6.25,4.5,7.25],"texture":"#main"}}},{"rotation":{"origin":[9.5,6.39342,2.57666],"angle":-45,"axis":"x"},"from":[5.5,11.93148,-1.232],"to":[10.5,14.93148,4.768],"faces":{"east":{"uv":[6,4,7.5,4.75],"texture":"#main"},"south":{"uv":[6.75,0.75,8,1.5],"texture":"#main"},"north":{"uv":[6.75,0,8,0.75],"texture":"#main"},"west":{"uv":[6,4.75,7.5,5.5],"texture":"#main"},"up":{"uv":[1.25,4.5,0,3],"texture":"#main"},"down":{"uv":[4.25,0,3,1.5],"texture":"#main"}}},{"rotation":{"origin":[9.5,6.39342,2.57666],"angle":-45,"axis":"x"},"from":[10.525,10.93148,4.268],"to":[10.525,15.93148,8.268],"faces":{"east":{"uv":[1.5,4.5,2.5,5.75],"texture":"#main"},"south":{"uv":[0,0,0,1.25],"texture":"#main"},"north":{"uv":[0,0,0,1.25],"texture":"#main"},"west":{"uv":[1.5,5.75,2.5,7],"texture":"#main"},"up":{"uv":[0,1,0,0],"texture":"#main"},"down":{"uv":[0,0,0,1],"texture":"#main"}}},{"rotation":{"origin":[6.5,6.39342,2.57666],"angle":-45,"axis":"x"},"from":[5.475,10.93148,4.268],"to":[5.475,15.93148,8.268],"faces":{"east":{"uv":[2.5,5.75,3.5,7],"texture":"#main"},"south":{"uv":[0,0,0,1.25],"texture":"#main"},"north":{"uv":[0,0,0,1.25],"texture":"#main"},"west":{"uv":[3.5,5.75,4.5,7],"texture":"#main"},"up":{"uv":[0,1,0,0],"texture":"#main"},"down":{"uv":[0,0,0,1],"texture":"#main"}}},{"rotation":{"origin":[8,6.25,0.5],"angle":22.5,"axis":"x"},"from":[5,4.25,-0.5],"to":[11,8.25,5.5],"faces":{"east":{"uv":[4.5,4.25,6,5.25],"texture":"#main"},"south":{"uv":[5,3,6.5,4],"texture":"#main"},"north":{"uv":[0,4.5,1.5,5.5],"texture":"#main"},"west":{"uv":[5.25,0,6.75,1],"texture":"#main"},"up":{"uv":[1.5,1.5,0,0],"texture":"#main"},"down":{"uv":[1.5,1.5,0,3],"texture":"#main"}}},{"rotation":{"origin":[8,4.48882,0.35403],"angle":0,"axis":"y"},"from":[5,2.48882,4.35403],"to":[11,6.48882,10.35403],"faces":{"east":{"uv":[5.25,2,6.75,3],"texture":"#main"},"south":{"uv":[4.5,5.25,6,6.25],"texture":"#main"},"north":{"uv":[5.25,1,6.75,2],"texture":"#main"},"west":{"uv":[0,5.5,1.5,6.5],"texture":"#main"},"up":{"uv":[3,1.5,1.5,0],"texture":"#main"},"down":{"uv":[3,1.5,1.5,3],"texture":"#main"}}},{"rotation":{"origin":[7.5,5.38882,9.10403],"angle":45,"axis":"x"},"from":[5.5,4.88882,9.35403],"to":[10.5,6.88882,15.35403],"faces":{"east":{"uv":[6.75,1.5,8.25,2],"texture":"#main"},"south":{"uv":[1,7,2.25,7.5],"texture":"#main"},"north":{"uv":[6.75,2.5,8,3],"texture":"#main"},"west":{"uv":[6.75,2,8.25,2.5],"texture":"#main"},"up":{"uv":[2.5,4.5,1.25,3],"texture":"#main"},"down":{"uv":[4.25,1.5,3,3],"texture":"#main"}}},{"rotation":{"origin":[8,1.52906,18.58411],"angle":0,"axis":"y"},"from":[5.5,2.02906,14.58411],"to":[10.5,2.02906,19.58411],"faces":{"east":{"uv":[0,0,1.25,0],"texture":"#main"},"south":{"uv":[0,0,1.25,0],"texture":"#main"},"north":{"uv":[0,0,1.25,0],"texture":"#main"},"west":{"uv":[0,0,1.25,0],"texture":"#main"},"up":{"uv":[3.75,4.25,2.5,3],"texture":"#main"},"down":{"uv":[5,3,3.75,4.25],"texture":"#main"}}},{"rotation":{"origin":[5.95,0.525,5.525],"angle":-22.5,"axis":"x"},"from":[5.2,0.2,4.475],"to":[5.8,0.8,6.075],"faces":{"east":{"uv":[16,0,15,0.25],"texture":"#main"},"south":{"uv":[16,0,15.5,0.25],"texture":"#main"},"north":{"uv":[16,0,15.5,0.25],"texture":"#main"},"west":{"uv":[16,0,15,0.25],"texture":"#main"},"up":{"uv":[15.5,1,16,0],"texture":"#main"},"down":{"uv":[15.5,0,16,1],"texture":"#main"}}},{"rotation":{"origin":[5.95,0.525,5.525],"angle":-22.5,"axis":"x"},"from":[6.1,0.2,4.475],"to":[6.7,0.8,6.075],"faces":{"east":{"uv":[16,0,15,0.25],"texture":"#main"},"south":{"uv":[16,0,15.5,0.25],"texture":"#main"},"north":{"uv":[16,0,15.5,0.25],"texture":"#main"},"west":{"uv":[16,0,15,0.25],"texture":"#main"},"up":{"uv":[15.5,1,16,0],"texture":"#main"},"down":{"uv":[15.5,0,16,1],"texture":"#main"}}},{"rotation":{"origin":[0.5,0,0],"angle":0,"axis":"y"},"from":[4.6,1,7],"to":[6.6,5,11],"faces":{"east":{"uv":[7.5,6.5,6.5,7.5],"texture":"#main"},"south":{"uv":[6.25,7.5,5.75,8.5],"texture":"#main"},"north":{"uv":[5.75,7.5,5.25,8.5],"texture":"#main"},"west":{"uv":[6.5,6.5,5.5,7.5],"texture":"#main"},"up":{"uv":[6.25,8.5,6.75,7.5],"texture":"#main"},"down":{"uv":[7.5,6.5,8,7.5],"texture":"#main"}}},{"rotation":{"origin":[0.5,0,0],"angle":0,"axis":"y"},"from":[4.95,0,5.5],"to":[6.95,1,9.5],"faces":{"east":{"uv":[9,1.25,8,1.5],"texture":"#main"},"south":{"uv":[8.75,6,8.25,6.25],"texture":"#main"},"north":{"uv":[8.75,5.75,8.25,6],"texture":"#main"},"west":{"uv":[9,1,8,1.25],"texture":"#main"},"up":{"uv":[6.75,8.5,7.25,7.5],"texture":"#main"},"down":{"uv":[7.25,7.5,7.75,8.5],"texture":"#main"}}},{"rotation":{"origin":[15.5,0,0],"angle":0,"axis":"y"},"from":[9.4,1,7],"to":[11.4,5,11],"faces":{"east":{"uv":[5.5,6.5,6.5,7.5],"texture":"#main"},"south":{"uv":[5.75,7.5,6.25,8.5],"texture":"#main"},"north":{"uv":[5.25,7.5,5.75,8.5],"texture":"#main"},"west":{"uv":[6.5,6.5,7.5,7.5],"texture":"#main"},"up":{"uv":[6.75,8.5,6.25,7.5],"texture":"#main"},"down":{"uv":[8,6.5,7.5,7.5],"texture":"#main"}}},{"rotation":{"origin":[15.5,0,0],"angle":0,"axis":"y"},"from":[9.05,0,5.5],"to":[11.05,1,9.5],"faces":{"east":{"uv":[8,1,9,1.25],"texture":"#main"},"south":{"uv":[8.25,6,8.75,6.25],"texture":"#main"},"north":{"uv":[8.25,5.75,8.75,6],"texture":"#main"},"west":{"uv":[8,1.25,9,1.5],"texture":"#main"},"up":{"uv":[7.25,8.5,6.75,7.5],"texture":"#main"},"down":{"uv":[7.75,7.5,7.25,8.5],"texture":"#main"}}},{"rotation":{"origin":[10.05,0.525,5.525],"angle":-22.5,"axis":"x"},"from":[10.2,0.2,4.475],"to":[10.8,0.8,6.075],"faces":{"east":{"uv":[15,0,16,0.25],"texture":"#main"},"south":{"uv":[15.5,0,16,0.25],"texture":"#main"},"north":{"uv":[15.5,0,16,0.25],"texture":"#main"},"west":{"uv":[15,0,16,0.25],"texture":"#main"},"up":{"uv":[16,1,15.5,0],"texture":"#main"},"down":{"uv":[16,0,15.5,1],"texture":"#main"}}},{"rotation":{"origin":[10.05,0.525,5.525],"angle":-22.5,"axis":"x"},"from":[9.3,0.2,4.475],"to":[9.9,0.8,6.075],"faces":{"east":{"uv":[15,0,16,0.25],"texture":"#main"},"south":{"uv":[15.5,0,16,0.25],"texture":"#main"},"north":{"uv":[15.5,0,16,0.25],"texture":"#main"},"west":{"uv":[15,0,16,0.25],"texture":"#main"},"up":{"uv":[16,1,15.5,0],"texture":"#main"},"down":{"uv":[16,0,15.5,1],"texture":"#main"}}},{"rotation":{"origin":[5.725,0.77322,-2.27437],"angle":22.5,"axis":"x"},"from":[5.2,0.69822,-2.17437],"to":[7.25,5.74822,-0.12437],"faces":{"east":{"uv":[0,7.5,0.5,8.75],"texture":"#main"},"south":{"uv":[0.5,7.5,1,8.75],"texture":"#main"},"north":{"uv":[4.75,7.25,5.25,8.5],"texture":"#main"},"west":{"uv":[1,7.5,1.5,8.75],"texture":"#main"},"up":{"uv":[1.5,7,1,6.5],"texture":"#main"},"down":{"uv":[8,5,7.5,5.5],"texture":"#main"}}},{"rotation":{"origin":[5.725,0.73523,-2.18589],"angle":0,"axis":"y"},"from":[5.225,-0.06477,-3.28589],"to":[7.225,0.93523,-0.28589],"faces":{"east":{"uv":[8.25,1.5,9,1.75],"texture":"#main"},"south":{"uv":[8.25,7.5,8.75,7.75],"texture":"#main"},"north":{"uv":[8.25,6.25,8.75,6.5],"texture":"#main"},"west":{"uv":[8.25,1.75,9,2],"texture":"#main"},"up":{"uv":[8.5,3.25,8,2.5],"texture":"#main"},"down":{"uv":[8.5,3.25,8,4],"texture":"#main"}}},{"rotation":{"origin":[6.2,0.425,-3.45],"angle":-22.5,"axis":"x"},"from":[6.35,0.1,-4.5],"to":[6.95,0.7,-2.9],"faces":{"east":{"uv":[16,0,15,0.25],"texture":"#main"},"south":{"uv":[16,0,15.5,0.25],"texture":"#main"},"north":{"uv":[16,0,15.5,0.25],"texture":"#main"},"west":{"uv":[16,0,15,0.25],"texture":"#main"},"up":{"uv":[15.5,1,16,0],"texture":"#main"},"down":{"uv":[15.5,0,16,1],"texture":"#main"}}},{"rotation":{"origin":[6.2,0.425,-3.45],"angle":-22.5,"axis":"x"},"from":[5.45,0.1,-4.5],"to":[6.05,0.7,-2.9],"faces":{"east":{"uv":[16,0,15,0.25],"texture":"#main"},"south":{"uv":[16,0,15.5,0.25],"texture":"#main"},"north":{"uv":[16,0,15.5,0.25],"texture":"#main"},"west":{"uv":[16,0,15,0.25],"texture":"#main"},"up":{"uv":[15.5,1,16,0],"texture":"#main"},"down":{"uv":[15.5,0,16,1],"texture":"#main"}}},{"rotation":{"origin":[10.275,0.97322,-1.02437],"angle":0,"axis":"y"},"from":[8.75,0.89822,-0.92437],"to":[10.8,4.94822,1.12563],"faces":{"east":{"uv":[4,7.75,4.5,8.75],"texture":"#main"},"south":{"uv":[7.75,7.5,8.25,8.5],"texture":"#main"},"north":{"uv":[3.5,7.75,4,8.75],"texture":"#main"},"west":{"uv":[8,0,8.5,1],"texture":"#main"},"up":{"uv":[8.5,7,8,6.5],"texture":"#main"},"down":{"uv":[8.5,7,8,7.5],"texture":"#main"}}},{"rotation":{"origin":[10.275,0.93523,-0.93589],"angle":-22.5,"axis":"x"},"from":[8.775,0.13523,-2.03589],"to":[10.775,1.13523,0.96411],"faces":{"east":{"uv":[8.25,2,9,2.25],"texture":"#main"},"south":{"uv":[8.25,8,8.75,8.25],"texture":"#main"},"north":{"uv":[8.25,7.75,8.75,8],"texture":"#main"},"west":{"uv":[8.25,2.25,9,2.5],"texture":"#main"},"up":{"uv":[8.5,4.75,8,4],"texture":"#main"},"down":{"uv":[8.5,4.75,8,5.5],"texture":"#main"}}},{"rotation":{"origin":[9.8,0.175,-2.125],"angle":0,"axis":"y"},"from":[9.95,-0.15,-3.175],"to":[10.55,0.45,-1.575],"faces":{"east":{"uv":[15,0,16,0.25],"texture":"#main"},"south":{"uv":[15.5,0,16,0.25],"texture":"#main"},"north":{"uv":[15.5,0,16,0.25],"texture":"#main"},"west":{"uv":[15,0,16,0.25],"texture":"#main"},"up":{"uv":[16,1,15.5,0],"texture":"#main"},"down":{"uv":[16,0,15.5,1],"texture":"#main"}}},{"rotation":{"origin":[9.8,0.175,-2.125],"angle":0,"axis":"y"},"from":[9.05,-0.15,-3.175],"to":[9.65,0.45,-1.575],"faces":{"east":{"uv":[15,0,16,0.25],"texture":"#main"},"south":{"uv":[15.5,0,16,0.25],"texture":"#main"},"north":{"uv":[15.5,0,16,0.25],"texture":"#main"},"west":{"uv":[15,0,16,0.25],"texture":"#main"},"up":{"uv":[16,1,15.5,0],"texture":"#main"},"down":{"uv":[16,0,15.5,1],"texture":"#main"}}}],"display":{"head":{"translation":[0,-30.5,4.25],"scale":[1.5,1.5,1.5]}},"groups":[{"children":[0,1,2,3,4,5,{"children":[6,7],"origin":[8,1.61585,17.16989],"name":"tail"},{"children":[8,9,10,11],"origin":[8,8,8],"name":"leg1back"},{"children":[12,13,14,15],"origin":[8,8,8],"name":"leg2back"},{"children":[16,17,18,19],"origin":[0.975,0.68523,3.06411],"name":"leg1front"},{"children":[20,21,22,23],"origin":[0.975,0.68523,3.06411],"name":"leg2front"}],"origin":[8,8,8],"name":"body"}]}