{"credit":"Made with Blockbench","texture_size":[64,64],"textures":{"main":"pokemon/lopunny"},"elements":[{"from":[6.60085,6.40817,3.776],"to":[11.68085,14.16817,8.656],"rotation":{"angle":0,"axis":"y","origin":[13.42681,25.14424,6.26559]},"faces":{"north":{"uv":[7.5,8,9,10.25],"texture":"#main"},"east":{"uv":[6,8,7.5,10.25],"texture":"#main"},"south":{"uv":[10.5,8,12,10.25],"texture":"#main"},"west":{"uv":[9,8,10.5,10.25],"texture":"#main"},"up":{"uv":[9,8,7.5,6.5],"texture":"#main"},"down":{"uv":[10.5,6.5,9,8],"texture":"#main"}}},{"from":[7.44956,13.45518,4.87614],"to":[10.58956,17.65518,8.13614],"rotation":{"angle":0,"axis":"y","origin":[5.28681,36.80424,9.48559]},"faces":{"north":{"uv":[12.5,5.75,13.25,7],"texture":"#main"},"east":{"uv":[11.5,5.75,12.5,7],"texture":"#main"},"south":{"uv":[14.25,5.75,15,7],"texture":"#main"},"west":{"uv":[13.25,5.75,14.25,7],"texture":"#main"},"up":{"uv":[13.25,5.75,12.5,4.75],"texture":"#main"},"down":{"uv":[14,4.75,13.25,5.75],"texture":"#main"}}},{"from":[6.36956,16.57518,3.19614],"to":[11.58956,21.89518,9.61614],"rotation":{"angle":0,"axis":"y","origin":[8.97956,19.67518,7.68614]},"faces":{"north":{"uv":[2,3.75,3.5,5.25],"texture":"#main"},"east":{"uv":[0,3.75,2,5.25],"texture":"#main"},"south":{"uv":[5.5,3.75,7,5.25],"texture":"#main"},"west":{"uv":[3.5,3.75,5.5,5.25],"texture":"#main"},"up":{"uv":[3.5,3.75,2,1.75],"texture":"#main"},"down":{"uv":[5,1.75,3.5,3.75],"texture":"#main"}}},{"from":[-0.21593,21.29518,4.21614],"to":[7.56407,29.33518,4.21614],"rotation":{"angle":0,"axis":"y","origin":[8.64681,42.88424,9.22559]},"faces":{"north":{"uv":[11,0,13.25,2.5],"texture":"#main"},"east":{"uv":[11,0,11,2.5],"texture":"#main"},"south":{"uv":[13.25,0,15.5,2.5],"texture":"#main"},"west":{"uv":[13.25,0,13.25,2.5],"texture":"#main"},"up":{"uv":[13.25,0,11,0],"texture":"#main"},"down":{"uv":[15.5,0,13.25,0],"texture":"#main"}}},{"from":[6.62407,21.05518,6.23614],"to":[8.78407,29.69518,9.03614],"rotation":{"angle":0,"axis":"y","origin":[13.68681,39.92424,9.48559]},"faces":{"north":{"uv":[3.75,12.25,4.25,14.75],"texture":"#main"},"east":{"uv":[3,12.25,3.75,14.75],"texture":"#main"},"south":{"uv":[5,12.25,5.5,14.75],"texture":"#main"},"west":{"uv":[4.25,12.25,5,14.75],"texture":"#main"},"up":{"uv":[4.25,12.25,3.75,11.5],"texture":"#main"},"down":{"uv":[4.75,11.5,4.25,12.25],"texture":"#main"}}},{"from":[-9.8,25.39518,7.67614],"to":[7.08,31.55518,7.67614],"rotation":{"angle":45,"axis":"z","origin":[6.58407,28.37518,7.67614]},"faces":{"north":{"uv":[0,0,5.25,1.75],"texture":"#main"},"east":{"uv":[0,0,0,1.75],"texture":"#main"},"south":{"uv":[5.25,0,10.5,1.75],"texture":"#main"},"west":{"uv":[5.25,0,5.25,1.75],"texture":"#main"},"up":{"uv":[5.25,0,0,0],"texture":"#main"},"down":{"uv":[10.5,0,5.25,0],"texture":"#main"}}},{"from":[7.14956,1.77518,8.93614],"to":[11.26956,6.15518,13.03614],"rotation":{"angle":22.5,"axis":"x","origin":[9.20956,3.96518,10.98614]},"faces":{"north":{"uv":[11.25,12,12.5,13.25],"texture":"#main"},"east":{"uv":[10,12,11.25,13.25],"texture":"#main"},"south":{"uv":[13.75,12,15,13.25],"texture":"#main"},"west":{"uv":[12.5,12,13.75,13.25],"texture":"#main"},"up":{"uv":[12.5,12,11.25,10.75],"texture":"#main"},"down":{"uv":[13.75,10.75,12.5,12],"texture":"#main"}}},{"from":[10.96956,25.29518,7.67614],"to":[27.84956,31.45518,7.67614],"shade":false,"rotation":{"angle":-45,"axis":"z","origin":[11.56956,28.37518,7.67614]},"faces":{"north":{"uv":[5.25,0,0,1.75],"texture":"#main"},"east":{"uv":[5.25,0,5.25,1.75],"texture":"#main"},"south":{"uv":[10.5,0,5.25,1.75],"texture":"#main"},"west":{"uv":[0,0,0,1.75],"texture":"#main"},"up":{"uv":[0,0,5.25,0],"texture":"#main"},"down":{"uv":[5.25,0,10.5,0],"texture":"#main"}}},{"from":[10.58956,21.29518,4.21614],"to":[18.36956,29.33518,4.21614],"shade":false,"rotation":{"angle":0,"axis":"y","origin":[9.50681,42.88424,9.22559]},"faces":{"north":{"uv":[13.25,0,11,2.5],"texture":"#main"},"east":{"uv":[13.25,0,13.25,2.5],"texture":"#main"},"south":{"uv":[15.5,0,13.25,2.5],"texture":"#main"},"west":{"uv":[11,0,11,2.5],"texture":"#main"},"up":{"uv":[11,0,13.25,0],"texture":"#main"},"down":{"uv":[13.25,0,15.5,0],"texture":"#main"}}},{"from":[9.36956,21.05518,6.23614],"to":[11.52956,29.69518,9.03614],"shade":false,"rotation":{"angle":0,"axis":"y","origin":[4.46681,39.92424,9.48559]},"faces":{"north":{"uv":[4.25,12.25,3.75,14.75],"texture":"#main"},"east":{"uv":[5,12.25,4.25,14.75],"texture":"#main"},"south":{"uv":[5.5,12.25,5,14.75],"texture":"#main"},"west":{"uv":[3.75,12.25,3,14.75],"texture":"#main"},"up":{"uv":[3.75,12.25,4.25,11.5],"texture":"#main"},"down":{"uv":[4.25,11.5,4.75,12.25],"texture":"#main"}}},{"from":[5.78085,3.28817,3.356],"to":[12.48085,7.12817,9.336],"rotation":{"angle":0,"axis":"y","origin":[13.42681,25.14424,6.26559]},"faces":{"north":{"uv":[1.75,7,3.75,8],"texture":"#main"},"east":{"uv":[0,7,1.75,8],"texture":"#main"},"south":{"uv":[5.5,7,7.5,8],"texture":"#main"},"west":{"uv":[3.75,7,5.5,8],"texture":"#main"},"up":{"uv":[3.75,7,1.75,5.25],"texture":"#main"},"down":{"uv":[5.75,5.25,3.75,7],"texture":"#main"}}},{"from":[9.90341,15.50797,-1.464],"to":[11.34341,17.40797,0.516],"shade":false,"rotation":{"angle":22.5,"axis":"z","origin":[9.62341,15.97797,0.166]},"faces":{"north":{"uv":[0.75,3,0.5,3.5],"texture":"#main"},"east":{"uv":[1.25,3,0.75,3.5],"texture":"#main"},"south":{"uv":[1.5,3,1.25,3.5],"texture":"#main"},"west":{"uv":[0.5,3,0,3.5],"texture":"#main"},"up":{"uv":[0.5,3,0.75,2.5],"texture":"#main"},"down":{"uv":[0.75,2.5,1,3],"texture":"#main"}}},{"from":[6.81022,15.50797,-1.464],"to":[8.25022,17.40797,0.516],"rotation":{"angle":-22.5,"axis":"z","origin":[8.53022,15.97797,0.166]},"faces":{"north":{"uv":[0.5,3,0.75,3.5],"texture":"#main"},"east":{"uv":[0,3,0.5,3.5],"texture":"#main"},"south":{"uv":[1.25,3,1.5,3.5],"texture":"#main"},"west":{"uv":[0.75,3,1.25,3.5],"texture":"#main"},"up":{"uv":[0.75,3,0.5,2.5],"texture":"#main"},"down":{"uv":[1,2.5,0.75,3],"texture":"#main"}}},{"from":[2.45022,10.52797,-3.244],"to":[6.67022,16.92797,2.176],"rotation":{"angle":-22.5,"axis":"z","origin":[5.36022,9.18797,-0.534]},"faces":{"north":{"uv":[1.5,9.5,2.75,11.5],"texture":"#main"},"east":{"uv":[0,9.5,1.5,11.5],"texture":"#main"},"south":{"uv":[4.25,9.5,5.5,11.5],"texture":"#main"},"west":{"uv":[2.75,9.5,4.25,11.5],"texture":"#main"},"up":{"uv":[2.75,9.5,1.5,8],"texture":"#main"},"down":{"uv":[4,8,2.75,9.5],"texture":"#main"}}},{"from":[4.67022,11.6177,-1.7821],"to":[6.65022,13.5177,6.9379],"rotation":{"angle":-22.5,"axis":"x","origin":[5.66022,12.45741,5.91544]},"faces":{"north":{"uv":[12,10.25,12.5,10.75],"texture":"#main"},"east":{"uv":[9.5,10.25,12,10.75],"texture":"#main"},"south":{"uv":[15,10.25,15.5,10.75],"texture":"#main"},"west":{"uv":[12.5,10.25,15,10.75],"texture":"#main"},"up":{"uv":[12.5,10.25,12,7.75],"texture":"#main"},"down":{"uv":[13,7.75,12.5,10.25],"texture":"#main"}}},{"from":[11.50341,11.6177,-1.7821],"to":[13.48341,13.5177,6.9379],"shade":false,"rotation":{"angle":-22.5,"axis":"x","origin":[12.49341,12.45741,5.91544]},"faces":{"north":{"uv":[12.5,10.25,12,10.75],"texture":"#main"},"east":{"uv":[15,10.25,12.5,10.75],"texture":"#main"},"south":{"uv":[15.5,10.25,15,10.75],"texture":"#main"},"west":{"uv":[12,10.25,9.5,10.75],"texture":"#main"},"up":{"uv":[12,10.25,12.5,7.75],"texture":"#main"},"down":{"uv":[12.5,7.75,13,10.25],"texture":"#main"}}},{"from":[11.48341,10.52797,-3.224],"to":[15.70341,16.92797,2.196],"shade":false,"rotation":{"angle":22.5,"axis":"z","origin":[12.79341,9.18797,-0.534]},"faces":{"north":{"uv":[2.75,9.5,1.5,11.5],"texture":"#main"},"east":{"uv":[4.25,9.5,2.75,11.5],"texture":"#main"},"south":{"uv":[5.5,9.5,4.25,11.5],"texture":"#main"},"west":{"uv":[1.5,9.5,0,11.5],"texture":"#main"},"up":{"uv":[1.5,9.5,2.75,8],"texture":"#main"},"down":{"uv":[2.75,8,4,9.5],"texture":"#main"}}},{"from":[9.14407,-2.20996,3.97768],"to":[13.64407,5.97004,9.09768],"shade":false,"rotation":{"angle":0,"axis":"y","origin":[16.40681,24.58424,7.90559]},"faces":{"north":{"uv":[9.75,3.25,8.5,5.75],"texture":"#main"},"east":{"uv":[11.25,3.25,9.75,5.75],"texture":"#main"},"south":{"uv":[12.5,3.25,11.25,5.75],"texture":"#main"},"west":{"uv":[8.5,3.25,7,5.75],"texture":"#main"},"up":{"uv":[8.5,3.25,9.75,1.75],"texture":"#main"},"down":{"uv":[9.75,1.75,11,3.25],"texture":"#main"}}},{"from":[4.56956,-2.20996,3.97768],"to":[9.06956,5.97004,9.09768],"rotation":{"angle":0,"axis":"y","origin":[1.56681,24.58424,7.90559]},"faces":{"north":{"uv":[8.5,3.25,9.75,5.75],"texture":"#main"},"east":{"uv":[7,3.25,8.5,5.75],"texture":"#main"},"south":{"uv":[11.25,3.25,12.5,5.75],"texture":"#main"},"west":{"uv":[9.75,3.25,11.25,5.75],"texture":"#main"},"up":{"uv":[9.75,3.25,8.5,1.75],"texture":"#main"},"down":{"uv":[11,1.75,9.75,3.25],"texture":"#main"}}},{"from":[3.76757,-2.35225,4.69768],"to":[3.76757,0.30775,8.13768],"rotation":{"angle":22.5,"axis":"z","origin":[3.58757,-0.72225,6.41768]},"faces":{"north":{"uv":[1,1.75,1,2.5],"texture":"#main"},"east":{"uv":[0,1.75,1,2.5],"texture":"#main"},"south":{"uv":[2,1.75,2,2.5],"texture":"#main"},"west":{"uv":[1,1.75,2,2.5],"texture":"#main"},"up":{"uv":[1,1.75,1,0.75],"texture":"#main"},"down":{"uv":[1,0.75,1,1.75],"texture":"#main"}}},{"from":[5.36956,-12.5588,5.05793],"to":[8.18956,-1.9588,7.79793],"rotation":{"angle":0,"axis":"y","origin":[6.53956,-2.6788,6.42793]},"faces":{"north":{"uv":[0.75,12.25,1.5,15.5],"texture":"#main"},"east":{"uv":[0,12.25,0.75,15.5],"texture":"#main"},"south":{"uv":[2.25,12.25,3,15.5],"texture":"#main"},"west":{"uv":[1.5,12.25,2.25,15.5],"texture":"#main"},"up":{"uv":[1.5,12.25,0.75,11.5],"texture":"#main"},"down":{"uv":[2.25,11.5,1.5,12.25],"texture":"#main"}}},{"from":[10.02407,-12.5588,5.05793],"to":[12.84407,-1.9588,7.79793],"shade":false,"rotation":{"angle":0,"axis":"y","origin":[11.43407,-2.6788,6.42793]},"faces":{"north":{"uv":[1.5,12.25,0.75,15.5],"texture":"#main"},"east":{"uv":[2.25,12.25,1.5,15.5],"texture":"#main"},"south":{"uv":[3,12.25,2.25,15.5],"texture":"#main"},"west":{"uv":[0.75,12.25,0,15.5],"texture":"#main"},"up":{"uv":[0.75,12.25,1.5,11.5],"texture":"#main"},"down":{"uv":[1.5,11.5,2.25,12.25],"texture":"#main"}}},{"from":[14.20606,-2.35225,4.69768],"to":[14.20606,0.30775,8.13768],"shade":false,"rotation":{"angle":-22.5,"axis":"z","origin":[14.38606,-0.72225,6.41768]},"faces":{"north":{"uv":[1,1.75,1,2.5],"texture":"#main"},"east":{"uv":[2,1.75,1,2.5],"texture":"#main"},"south":{"uv":[2,1.75,2,2.5],"texture":"#main"},"west":{"uv":[1,1.75,0,2.5],"texture":"#main"},"up":{"uv":[1,1.75,1,0.75],"texture":"#main"},"down":{"uv":[1,0.75,1,1.75],"texture":"#main"}}},{"from":[6.58956,3.92455,8.40873],"to":[11.70956,13.42455,11.02873],"rotation":{"angle":-22.5,"axis":"x","origin":[8.96956,6.55455,9.89873]},"faces":{"north":{"uv":[6.25,11,7.75,13.75],"texture":"#main"},"east":{"uv":[5.5,11,6.25,13.75],"texture":"#main"},"south":{"uv":[8.5,11,10,13.75],"texture":"#main"},"west":{"uv":[7.75,11,8.5,13.75],"texture":"#main"},"up":{"uv":[7.75,11,6.25,10.25],"texture":"#main"},"down":{"uv":[9.25,10.25,7.75,11],"texture":"#main"}}}],"display":{"head":{"translation":[-0.5,-30.75,0],"scale":[0.6,0.6,0.6]}},"groups":[{"name":"lopunny","origin":[2.43407,-2.6788,1.32793],"color":0,"children":[0,1,2,3,4,5,6,7,8,9,10,11,12,13,14,15,16,17,18,19,20,21,22,23]}]}