{"parent":"physical_parent","textures":{"main":"pokemon/machamp"},"elements":[{"from":[0,13,4],"to":[15,22,12],"faces":{"east":{"uv":[4,0,6,2.25],"texture":"#main"},"south":{"uv":[0,2.5,3.75,4.75],"texture":"#main"},"north":{"uv":[0,0,3.75,2.25],"texture":"#main"},"west":{"uv":[4,0,6,2.25],"texture":"#main"},"up":{"uv":[4,2.5,7.75,4.5],"texture":"#main"},"down":{"uv":[4,2.5,7.75,4.5],"texture":"#main"}}},{"from":[1,8,4],"to":[14,13,12],"faces":{"east":{"uv":[3.5,5.25,5.5,6.5],"texture":"#main"},"south":{"uv":[0,6.75,3.25,8],"texture":"#main"},"north":{"uv":[0,5.25,3.25,6.5],"texture":"#main"},"west":{"uv":[3.5,5.25,5.5,6.5],"texture":"#main"},"down":{"uv":[5.75,5.5,6.5,6],"texture":"#main"}}},{"from":[4,1,5],"to":[11,8,12],"faces":{"east":{"uv":[2,8.75,3.75,10.5],"texture":"#main"},"south":{"uv":[2,8.75,3.75,10.5],"texture":"#main"},"north":{"uv":[0,8.75,1.75,10.5],"texture":"#main"},"west":{"uv":[2,8.75,3.75,10.5],"texture":"#main"},"down":{"uv":[2,10.75,3.75,12.5],"texture":"#main"}}},{"from":[-1,-7,4],"to":[4,6,9],"faces":{"east":{"uv":[7.5,8,8.75,11.25],"texture":"#main"},"south":{"uv":[9,8,10.25,11.25],"texture":"#main"},"north":{"uv":[6,8,7.25,11.25],"texture":"#main"},"west":{"uv":[4.5,8,5.75,11.25],"texture":"#main"},"up":{"uv":[7.5,11.5,8.75,12.75],"texture":"#main"},"down":{"uv":[6,11.5,7.25,12.75],"texture":"#main"}}},{"from":[11,-7,4],"to":[16,6,9],"faces":{"east":{"uv":[7.5,8,8.75,11.25],"texture":"#main"},"south":{"uv":[9,8,10.25,11.25],"texture":"#main"},"north":{"uv":[6,8,7.25,11.25],"texture":"#main"},"west":{"uv":[4.5,8,5.75,11.25],"texture":"#main"},"up":{"uv":[7.5,11.5,8.75,12.75],"texture":"#main"},"down":{"uv":[6,11.5,7.25,12.75],"texture":"#main"}}},{"from":[4,20,2],"to":[11,27,9],"faces":{"east":{"uv":[1.75,13,3.5,14.75],"texture":"#main"},"south":{"uv":[7.75,13,9.5,14.75],"texture":"#main","rotation":90},"north":{"uv":[3.75,13,5.5,14.75],"texture":"#main"},"west":{"uv":[5.75,13,7.5,14.75],"texture":"#main"},"up":{"uv":[7.75,13,9.5,14.75],"texture":"#main"},"down":{"uv":[7.75,13,9.5,14.75],"texture":"#main"}}},{"rotation":{"origin":[-2.5,13.5,8.5],"angle":-45,"axis":"z"},"from":[-5,7,6],"to":[0,20,11],"faces":{"east":{"uv":[13.75,1.75,15,5],"texture":"#main"},"south":{"uv":[13.75,1.75,15,5],"texture":"#main"},"north":{"uv":[9.25,1.75,10.5,5],"texture":"#main"},"west":{"uv":[9.25,1.75,10.5,5],"texture":"#main"}}},{"rotation":{"origin":[17.5,13.5,8.5],"angle":45,"axis":"z"},"from":[15,7,6],"to":[20,20,11],"faces":{"east":{"uv":[10.75,1.75,12,5],"texture":"#main","rotation":180},"south":{"uv":[12.25,1.75,13.5,5],"texture":"#main"},"north":{"uv":[10.75,1.75,12,5],"texture":"#main"},"west":{"uv":[12.25,1.75,13.5,5],"texture":"#main"}}},{"rotation":{"origin":[18.5,21.5,12.5],"angle":22.5,"axis":"z"},"from":[12,19,10],"to":[25,24,15],"faces":{"south":{"uv":[12.25,1.75,13.5,5],"texture":"#main","rotation":90},"north":{"uv":[9.25,1.75,10.5,5],"texture":"#main","rotation":90},"west":{"uv":[9.25,5.25,10.5,6.5],"texture":"#main"},"up":{"uv":[10.75,1.75,12,5],"texture":"#main","rotation":90},"down":{"uv":[12.25,1.75,13.5,5],"texture":"#main","rotation":90}}},{"rotation":{"origin":[-3.5,22.5,12.5],"angle":-22.5,"axis":"z"},"from":[-10,20,10],"to":[3,25,15],"faces":{"east":{"uv":[9.25,5.25,10.75,6.5],"texture":"#main"},"south":{"uv":[13.75,1.75,15,5],"texture":"#main","rotation":90},"north":{"uv":[10.75,1.75,12,5],"texture":"#main","rotation":90},"up":{"uv":[9.25,1.75,10.5,5],"texture":"#main","rotation":90},"down":{"uv":[13.75,1.75,15,5],"texture":"#main","rotation":90}}},{"from":[20,5,5.5],"to":[26,11,11.5],"faces":{"east":{"uv":[10,14,11.5,15.5],"texture":"#main"},"south":{"uv":[13.75,10.25,15.25,11.75],"texture":"#main","rotation":90},"north":{"uv":[12,10.25,13.5,11.75],"texture":"#main"},"west":{"uv":[10,12.25,11.5,13.75],"texture":"#main"},"up":{"uv":[12,12.25,13.5,13.75],"texture":"#main","rotation":180},"down":{"uv":[13.75,10.25,15.25,11.75],"texture":"#main"}}},{"from":[-9,5,5.5],"to":[-3,11,11.5],"faces":{"east":{"uv":[10,14,11.5,15.5],"texture":"#main"},"south":{"uv":[13.75,10.25,15.25,11.75],"texture":"#main"},"north":{"uv":[12,8.5,13.5,10],"texture":"#main"},"west":{"uv":[10,12.25,11.5,13.75],"texture":"#main"},"up":{"uv":[12,12.25,13.5,13.75],"texture":"#main","rotation":180},"down":{"uv":[13.75,10.25,15.25,11.75],"texture":"#main"}}},{"from":[-11,22,9.5],"to":[-5,28,15.5],"faces":{"east":{"uv":[10,14,11.5,15.5],"texture":"#main"},"south":{"uv":[13.75,10.25,15.25,11.75],"texture":"#main"},"north":{"uv":[12,8.5,13.5,10],"texture":"#main"},"west":{"uv":[10,12.25,11.5,13.75],"texture":"#main"},"up":{"uv":[12,12.25,13.5,13.75],"texture":"#main","rotation":180},"down":{"uv":[13.75,10.25,15.25,11.75],"texture":"#main"}}},{"from":[21,22,9.5],"to":[27,28,15.5],"faces":{"east":{"uv":[10,14,11.5,15.5],"texture":"#main"},"south":{"uv":[13.75,10.25,15.25,11.75],"texture":"#main","rotation":180},"north":{"uv":[12,10.25,13.5,11.75],"texture":"#main"},"west":{"uv":[10,12.25,11.5,13.75],"texture":"#main"},"up":{"uv":[12,12.25,13.5,13.75],"texture":"#main","rotation":180},"down":{"uv":[13.75,10.25,15.25,11.75],"texture":"#main"}}},{"from":[5,26,1],"to":[5.1,30,9],"faces":{"east":{"uv":[13,5.75,15,6.75],"texture":"#main"},"west":{"uv":[10.75,5.75,12.75,6.75],"texture":"#main"}}},{"from":[7.5,26,1],"to":[7.6,30,9],"faces":{"east":{"uv":[13,5.75,15,6.75],"texture":"#main"},"west":{"uv":[10.75,5.75,12.75,6.75],"texture":"#main"}}},{"from":[10,26,1],"to":[10.1,30,9],"faces":{"east":{"uv":[13,5.75,15,6.75],"texture":"#main"},"west":{"uv":[10.75,5.75,12.75,6.75],"texture":"#main"}}}],"display":{"head":{"translation":[0.6956,-20.85,0],"scale":[1.6,1.6,1.8]},"firstperson_righthand":{"scale":[0.0001,0.0001,0.0001]},"thirdperson_lefthand":{"scale":[0.0001,0.0001,0.0001]},"firstperson_lefthand":{"scale":[0.0001,0.0001,0.0001]}}}