{"parent":"physical_parent","textures":{"main":"pokemon/machop"},"elements":[{"from":[4,2,6],"to":[11,12,12],"faces":{"east":{"uv":[4,2,5.5,4.5],"texture":"#main"},"south":{"uv":[2,2,3.75,4.5],"texture":"#main"},"north":{"uv":[0,2,1.75,4.5],"texture":"#main"},"west":{"uv":[4,2,5.5,4.5],"texture":"#main"},"down":{"uv":[0,4.75,1.75,6.25],"texture":"#main"}}},{"from":[4,12,5],"to":[11,19,12],"faces":{"east":{"uv":[4,0,5.75,1.75],"texture":"#main"},"south":{"uv":[6,0,7.75,1.75],"texture":"#main"},"north":{"uv":[0,0,1.75,1.75],"texture":"#main"},"west":{"uv":[2,0,3.75,1.75],"texture":"#main"},"up":{"uv":[6,0,7.75,1.75],"texture":"#main"},"down":{"uv":[6,0,7.75,1.75],"texture":"#main"}}},{"from":[10,18,5],"to":[10.1,23,12],"faces":{"east":{"uv":[3.5,9.5,5.25,10.75],"texture":"#main"},"west":{"uv":[3.5,9.5,5.25,10.75],"texture":"#main"}}},{"from":[7.5,18,5],"to":[7.6,23,12],"faces":{"east":{"uv":[3.5,9.5,5.25,10.75],"texture":"#main"},"west":{"uv":[3.5,9.5,5.25,10.75],"texture":"#main"}}},{"from":[5,18,5],"to":[5.1,23,12],"faces":{"east":{"uv":[3.5,9.5,5.25,10.75],"texture":"#main"},"west":{"uv":[3.5,9.5,5.25,10.75],"texture":"#main"}}},{"from":[8,-4,8],"to":[11,2,11],"faces":{"east":{"uv":[2,6.5,2.75,8],"texture":"#main"},"south":{"uv":[3,6.5,3.75,8],"texture":"#main"},"north":{"uv":[0,6.5,0.75,8],"texture":"#main"},"west":{"uv":[1,6.5,1.75,8],"texture":"#main"},"down":{"uv":[0,8.25,0.75,9],"texture":"#main","rotation":180}}},{"from":[4,-4,8],"to":[7,2,11],"faces":{"east":{"uv":[2,6.5,2.75,8],"texture":"#main"},"south":{"uv":[3,6.5,3.75,8],"texture":"#main"},"north":{"uv":[0,6.5,0.75,8],"texture":"#main"},"west":{"uv":[1,6.5,1.75,8],"texture":"#main"},"down":{"uv":[0,8.25,0.75,9],"texture":"#main","rotation":180}}},{"rotation":{"origin":[12.5,9,8.5],"angle":22.5,"axis":"x"},"from":[11,3,7],"to":[14,12,10],"faces":{"east":{"uv":[0,9.5,0.75,11.75],"texture":"#main"},"south":{"uv":[1,9.5,1.75,11.75],"texture":"#main"},"north":{"uv":[1.75,11.75,1,9.5],"texture":"#main"},"west":{"uv":[0,9.5,0.75,11.75],"texture":"#main","rotation":180},"up":{"uv":[2,9.5,2.75,10.25],"texture":"#main"},"down":{"uv":[2.75,11.25,2,10.5],"texture":"#main"}}},{"rotation":{"origin":[2.5,9,8.5],"angle":22.5,"axis":"x"},"from":[1,3,7],"to":[4,12,10],"faces":{"east":{"uv":[0,9.5,0.75,11.75],"texture":"#main"},"south":{"uv":[1,9.5,1.75,11.75],"texture":"#main"},"north":{"uv":[1,9.5,1.75,11.75],"texture":"#main"},"west":{"uv":[0,9.5,0.75,11.75],"texture":"#main"},"up":{"uv":[2,9.5,2.75,10.25],"texture":"#main"},"down":{"uv":[2,10.5,2.75,11.25],"texture":"#main"}}}],"display":{"head":{"translation":[0,-30,-1.391]},"firstperson_righthand":{"scale":[0.0001,0.0001,0.0001]},"thirdperson_lefthand":{"scale":[0.0001,0.0001,0.0001]},"firstperson_lefthand":{"scale":[0.0001,0.0001,0.0001]}}}