{"parent":"physical_parent","textures":{"main":"pokemon/makuhita"},"texture_size":[64,64],"elements":[{"rotation":{"origin":[15.80591,8,11.87707],"angle":22.5,"axis":"y"},"from":[6.80591,0,1.87707],"to":[8.80591,1,5.87707],"faces":{"east":{"uv":[4.5,6.75,5.5,7],"texture":"#main"},"south":{"uv":[7,6.75,7.5,7],"texture":"#main"},"north":{"uv":[5.5,6.75,6,7],"texture":"#main"},"west":{"uv":[6,6.75,7,7],"texture":"#main"},"up":{"uv":[6,6.75,5.5,5.75],"texture":"#main"},"down":{"uv":[6.5,5.75,6,6.75],"texture":"#main"}}},{"rotation":{"origin":[14,8,18],"angle":-22.5,"axis":"y"},"from":[5,0,8],"to":[7,1,12],"faces":{"east":{"uv":[6,4.25,7,4.5],"texture":"#main"},"south":{"uv":[8.5,4.25,9,4.5],"texture":"#main"},"north":{"uv":[7,4.25,7.5,4.5],"texture":"#main"},"west":{"uv":[7.5,4.25,8.5,4.5],"texture":"#main"},"up":{"uv":[7.5,4.25,7,3.25],"texture":"#main"},"down":{"uv":[8,3.25,7.5,4.25],"texture":"#main"}}},{"rotation":{"origin":[15,9,15],"angle":0,"axis":"y"},"from":[3,1,7],"to":[12,8,11],"faces":{"east":{"uv":[0,1,1,2.75],"texture":"#main"},"south":{"uv":[4.25,1,6.5,2.75],"texture":"#main"},"north":{"uv":[1,1,3.25,2.75],"texture":"#main"},"west":{"uv":[3.25,1,4.25,2.75],"texture":"#main"},"up":{"uv":[3.25,1,1,0],"texture":"#main"},"down":{"uv":[5.5,0,3.25,1],"texture":"#main"}}},{"rotation":{"origin":[15,16,15],"angle":0,"axis":"y"},"from":[4,8,6.5],"to":[11,13,11.5],"faces":{"east":{"uv":[0,3.75,1.25,5.25],"texture":"#main"},"south":{"uv":[3.75,3.75,5,5.25],"texture":"#main"},"north":{"uv":[1.75,8,4,9.5],"texture":"#main"},"west":{"uv":[2.5,3.75,3.75,5.25],"texture":"#main"},"up":{"uv":[2.5,4,1.25,2.75],"texture":"#main"},"down":{"uv":[3.75,2.75,2.5,4],"texture":"#main"}}},{"rotation":{"origin":[15,21,15],"angle":0,"axis":"y"},"from":[4.5,12,9],"to":[10.5,16,9],"faces":{"east":{"uv":[0,5.75,0,7.5],"texture":"#main"},"south":{"uv":[0.5,6,1.75,7],"texture":"#main"},"north":{"uv":[0.5,6,1.75,7],"texture":"#main"},"west":{"uv":[2.25,5.75,2.25,7.5],"texture":"#main"},"up":{"uv":[2.25,5.75,0,5.75],"texture":"#main"},"down":{"uv":[4.5,5.75,2.25,5.75],"texture":"#main"}}},{"rotation":{"origin":[11,18,9],"angle":-45,"axis":"x"},"from":[2,9,-5],"to":[4,11,2],"faces":{"east":{"uv":[4.75,2.75,6.5,3.25],"texture":"#main"},"south":{"uv":[8.75,2.75,9.25,3.25],"texture":"#main"},"north":{"uv":[6.5,2.75,7,3.25],"texture":"#main"},"west":{"uv":[7,2.75,8.75,3.25],"texture":"#main"},"up":{"uv":[7,2.75,6.5,1],"texture":"#main"},"down":{"uv":[7.5,1,7,2.75],"texture":"#main"}}},{"rotation":{"origin":[13,18,9],"angle":-45,"axis":"x"},"from":[4,9,-5],"to":[5,11,-3],"faces":{"east":{"uv":[6.5,6.25,7,6.75],"texture":"#main"},"south":{"uv":[7.75,6.25,8,6.75],"texture":"#main"},"north":{"uv":[7,6.25,7.25,6.75],"texture":"#main"},"west":{"uv":[7.25,6.25,7.75,6.75],"texture":"#main"},"up":{"uv":[7.25,6.25,7,5.75],"texture":"#main"},"down":{"uv":[7.5,5.75,7.25,6.25],"texture":"#main"}}},{"rotation":{"origin":[4,18,9],"angle":-45,"axis":"x"},"from":[11,9,-5],"to":[13,11,2],"faces":{"east":{"uv":[3.25,5.25,5,5.75],"texture":"#main"},"south":{"uv":[7.25,5.25,7.75,5.75],"texture":"#main"},"north":{"uv":[5,5.25,5.5,5.75],"texture":"#main"},"west":{"uv":[5.5,5.25,7.25,5.75],"texture":"#main"},"up":{"uv":[5.5,5.25,5,3.5],"texture":"#main"},"down":{"uv":[6,3.5,5.5,5.25],"texture":"#main"}}},{"rotation":{"origin":[2,18,9],"angle":-45,"axis":"x"},"from":[10,9,-5],"to":[11,11,-3],"faces":{"east":{"uv":[5.5,0.5,6,1],"texture":"#main"},"south":{"uv":[6.75,0.5,7,1],"texture":"#main"},"north":{"uv":[6,0.5,6.25,1],"texture":"#main"},"west":{"uv":[6.25,0.5,6.75,1],"texture":"#main"},"up":{"uv":[6.25,0.5,6,0],"texture":"#main"},"down":{"uv":[6.5,0,6.25,0.5],"texture":"#main"}}}],"display":{"head":{"translation":[0.75,-31.5,-1.25],"scale":[1.43,1.43,1.43]}},"groups":[{"children":[0,1],"origin":[8,8,8],"name":"group"},{"children":[2,3],"origin":[8,8,8],"name":"group"},{"children":[4],"origin":[8,8,8],"name":"group"},{"children":[5,6],"origin":[8,8,8],"name":"group"},{"children":[7,8],"origin":[8,8,8],"name":"group"}]}