{"parent":"physical_parent","textures":{"main":"pokemon/mankey"},"elements":[{"from":[4,8,4],"to":[12,16,12],"faces":{"north":{"uv":[4.5,0,6.5,2],"texture":"#main"},"east":{"uv":[9,0,11,2],"texture":"#main"},"south":{"uv":[2.25,0,4.25,2],"texture":"#main"},"west":{"uv":[0,0,2,2],"texture":"#main"},"up":{"uv":[6.75,0,8.75,2],"texture":"#main"},"down":{"uv":[2.25,0,4.25,2],"texture":"#main"}}},{"from":[7,11,0],"to":[9,13,4],"faces":{"north":{"uv":[1.5,2.75,2,3.25],"texture":"#main"},"east":{"uv":[1.5,2.75,2.5,3.25],"texture":"#main"},"west":{"uv":[1.5,2.75,2.5,3.25],"texture":"#main"},"up":{"uv":[1.5,2.75,2.5,3.25],"rotation":90,"texture":"#main"},"down":{"uv":[1.5,2.75,2.5,3.25],"rotation":90,"texture":"#main"}}},{"from":[7,11,12],"to":[9,13,16],"faces":{"east":{"uv":[1.5,2.75,2.5,3.25],"texture":"#main"},"south":{"uv":[1.5,2.75,2,3.25],"texture":"#main"},"west":{"uv":[0,2.75,1,3.25],"texture":"#main"},"up":{"uv":[1.5,2.75,2.5,3.25],"rotation":90,"texture":"#main"},"down":{"uv":[1.5,2.75,2.5,3.25],"rotation":90,"texture":"#main"}}},{"from":[7,13,0],"to":[9,17,2],"faces":{"north":{"uv":[1.5,3.5,2,4.5],"rotation":180,"texture":"#main"},"east":{"uv":[1.5,3.5,2,4.5],"texture":"#main"},"south":{"uv":[1.5,3.5,2,4.5],"rotation":180,"texture":"#main"},"west":{"uv":[1.5,3.5,2,4.5],"texture":"#main"},"up":{"uv":[1.5,3.5,2,4.5],"rotation":270,"texture":"#main"}}},{"from":[7,13,14],"to":[9,17,16],"faces":{"north":{"uv":[1.5,3.5,2,4.5],"texture":"#main"},"east":{"uv":[1.5,3.5,2,4.5],"rotation":180,"texture":"#main"},"south":{"uv":[1.5,3.5,2,4.5],"texture":"#main"},"west":{"uv":[1.5,3.5,2,4.5],"rotation":180,"texture":"#main"},"up":{"uv":[1.5,3.5,2,4.5],"rotation":90,"texture":"#main"}}},{"from":[5,6,4],"to":[9,8,6],"faces":{"north":{"uv":[1.5,2.75,2.5,3.25],"texture":"#main"},"east":{"uv":[1.5,2.75,2,3.25],"texture":"#main"},"south":{"uv":[0,2.75,1,3.25],"texture":"#main"},"west":{"uv":[1.5,2.75,2,3.25],"rotation":180,"texture":"#main"},"down":{"uv":[0,2.75,1,3.25],"texture":"#main"}}},{"from":[5,6,10],"to":[9,8,12],"faces":{"north":{"uv":[1.5,2.75,2.5,3.25],"texture":"#main"},"east":{"uv":[1.5,2.75,2,3.25],"texture":"#main"},"south":{"uv":[0,2.75,1,3.25],"texture":"#main"},"west":{"uv":[1.5,2.75,2,3.25],"rotation":180,"texture":"#main"},"down":{"uv":[0,2.75,1,3.25],"texture":"#main"}}},{"from":[5,2,10],"to":[7,6,12],"faces":{"north":{"uv":[0,3.5,0.5,4.5],"texture":"#main"},"east":{"uv":[0,3.5,0.5,4.5],"texture":"#main"},"south":{"uv":[0,3.5,0.5,4.5],"texture":"#main"},"west":{"uv":[0,3.5,0.5,4.5],"texture":"#main"},"up":{"uv":[3,4,3.5,4.5],"texture":"#main"},"down":{"uv":[3,4,3.5,4.5],"texture":"#main"}}},{"from":[5,2,4],"to":[7,6,6],"faces":{"north":{"uv":[0,3.5,0.5,4.5],"texture":"#main"},"east":{"uv":[0,3.5,0.5,4.5],"texture":"#main"},"south":{"uv":[0,3.5,0.5,4.5],"texture":"#main"},"west":{"uv":[0,3.5,0.5,4.5],"texture":"#main"},"up":{"uv":[3,4,3.5,4.5],"texture":"#main"},"down":{"uv":[5,4,7,6],"texture":"#main"}}},{"from":[2,2,3],"to":[8,2.1,7],"faces":{"up":{"uv":[3.5,5.75,4.5,7.25],"rotation":90,"texture":"#main"},"down":{"uv":[3.5,5.75,4.5,7.25],"rotation":90,"texture":"#main"}}},{"from":[2,2,9],"to":[8,2.1,13],"faces":{"up":{"uv":[2.25,5.75,3.25,7.25],"rotation":90,"texture":"#main"},"down":{"uv":[2.25,5.75,3.25,7.25],"rotation":90,"texture":"#main"}}},{"from":[12,8,8],"to":[20,15,8.1],"faces":{"north":{"uv":[2.25,7.75,4.25,9.25],"texture":"#main"},"south":{"uv":[0,7.75,2,9.25],"texture":"#main"}}},{"from":[7,16,9],"to":[7.1,19,12],"faces":{"east":{"uv":[1,5.25,1.75,6],"texture":"#main"},"west":{"uv":[0,5.25,0.75,6],"texture":"#main"}}},{"from":[7,16,4],"to":[7.1,19,7],"faces":{"east":{"uv":[1,5.25,1.75,6],"texture":"#main"},"west":{"uv":[0,5.25,0.75,6],"texture":"#main"}}},{"from":[5,15,14],"to":[7,17,16],"faces":{"north":{"uv":[1.5,3.5,2,4],"texture":"#main"},"east":{"uv":[1.5,3.5,2,4],"rotation":180,"texture":"#main"},"south":{"uv":[1.5,3.5,2,4],"texture":"#main"},"west":{"uv":[3.75,4,4.25,4.5],"rotation":180,"texture":"#main"},"up":{"uv":[1.5,3.5,2,4],"rotation":90,"texture":"#main"}}},{"from":[5,15,0],"to":[7,17,2],"faces":{"north":{"uv":[1.5,3.5,2,4],"texture":"#main"},"east":{"uv":[1.5,3.5,2,4],"rotation":180,"texture":"#main"},"south":{"uv":[1.5,3.5,2,4],"texture":"#main"},"west":{"uv":[3,4,3.5,4.5],"rotation":180,"texture":"#main"},"up":{"uv":[1.5,3.5,2,4],"rotation":270,"texture":"#main"}}}],"display":{"thirdperson_lefthand":{"scale":[0.0001,0.0001,0.0001]},"firstperson_righthand":{"scale":[0.0001,0.0001,0.0001]},"firstperson_lefthand":{"scale":[0.0001,0.0001,0.0001]},"head":{"rotation":[0,-90,0],"translation":[0,-36,0],"scale":[1.2,1.2,1.2]}}}