{"parent":"physical_parent","textures":{"main":"pokemon/mareep"},"elements":[{"rotation":{"origin":[8,-1,0],"angle":0,"axis":"y"},"from":[0,-2,-8],"to":[5,3,-3],"faces":{"east":{"uv":[10.375,2.125,11,2.75],"texture":"#main"},"south":{"uv":[12.25,2.125,12.875,2.75],"texture":"#main"},"north":{"uv":[11,2.125,11.625,2.75],"texture":"#main"},"west":{"uv":[11.625,2.125,12.25,2.75],"texture":"#main"},"up":{"uv":[11.625,2.125,11,1.5],"texture":"#main"},"down":{"uv":[12.25,1.5,11.625,2.125],"texture":"#main"}}},{"rotation":{"origin":[22,-1,0],"angle":0,"axis":"y"},"from":[14,-2,-8],"to":[19,3,-3],"faces":{"east":{"uv":[9.5,5.25,10.125,5.875],"texture":"#main"},"south":{"uv":[11.375,5.25,12,5.875],"texture":"#main"},"north":{"uv":[10.125,5.25,10.75,5.875],"texture":"#main"},"west":{"uv":[10.75,5.25,11.375,5.875],"texture":"#main"},"up":{"uv":[10.75,5.25,10.125,4.625],"texture":"#main"},"down":{"uv":[11.375,4.625,10.75,5.25],"texture":"#main"}}},{"rotation":{"origin":[22,-1,0],"angle":0,"axis":"y"},"from":[15,-10,-7],"to":[18,-2,-4],"faces":{"east":{"uv":[0,11.125,0.375,12.125],"texture":"#main"},"south":{"uv":[1.125,11.125,1.5,12.125],"texture":"#main"},"north":{"uv":[0.375,11.125,0.75,12.125],"texture":"#main"},"west":{"uv":[0.75,11.125,1.125,12.125],"texture":"#main"},"up":{"uv":[0.75,11.125,0.375,10.75],"texture":"#main"},"down":{"uv":[1.125,10.75,0.75,11.125],"texture":"#main"}}},{"rotation":{"origin":[22,-1,19],"angle":0,"axis":"y"},"from":[15,-10,12],"to":[18,-2,15],"faces":{"east":{"uv":[6.375,10.875,6.75,11.875],"texture":"#main"},"south":{"uv":[7.5,10.875,7.875,11.875],"texture":"#main"},"north":{"uv":[6.75,10.875,7.125,11.875],"texture":"#main"},"west":{"uv":[7.125,10.875,7.5,11.875],"texture":"#main"},"up":{"uv":[7.125,10.875,6.75,10.5],"texture":"#main"},"down":{"uv":[7.5,10.5,7.125,10.875],"texture":"#main"}}},{"rotation":{"origin":[22,-1,0],"angle":0,"axis":"y"},"from":[1,-10,-7],"to":[4,-2,-4],"faces":{"east":{"uv":[9.375,11,9.75,12],"texture":"#main"},"south":{"uv":[10.5,11,10.875,12],"texture":"#main"},"north":{"uv":[9.75,11,10.125,12],"texture":"#main"},"west":{"uv":[10.125,11,10.5,12],"texture":"#main"},"up":{"uv":[10.125,11,9.75,10.625],"texture":"#main"},"down":{"uv":[10.5,10.625,10.125,11],"texture":"#main"}}},{"rotation":{"origin":[22,-1,19],"angle":0,"axis":"y"},"from":[1,-10,12],"to":[4,-2,15],"faces":{"east":{"uv":[7.875,10.875,8.25,11.875],"texture":"#main"},"south":{"uv":[9,10.875,9.375,11.875],"texture":"#main"},"north":{"uv":[8.25,10.875,8.625,11.875],"texture":"#main"},"west":{"uv":[8.625,10.875,9,11.875],"texture":"#main"},"up":{"uv":[8.625,10.875,8.25,10.5],"texture":"#main"},"down":{"uv":[9,10.5,8.625,10.875],"texture":"#main"}}},{"rotation":{"origin":[22,-1,0],"angle":0,"axis":"y"},"from":[1,4.01,-7],"to":[6,9.01,-2],"faces":{"east":{"uv":[4.25,10.125,4.875,10.75],"texture":"#main"},"south":{"uv":[6.125,10.125,6.75,10.75],"texture":"#main"},"north":{"uv":[4.875,10.125,5.5,10.75],"texture":"#main"},"west":{"uv":[5.5,10.125,6.125,10.75],"texture":"#main"},"up":{"uv":[5.5,10.125,4.875,9.5],"texture":"#main"},"down":{"uv":[6.125,9.5,5.5,10.125],"texture":"#main"}}},{"rotation":{"origin":[-3,-1,0],"angle":0,"axis":"y"},"from":[13,4,-7],"to":[18,9,-2],"faces":{"east":{"uv":[6.875,9.875,7.5,10.5],"texture":"#main"},"south":{"uv":[8.75,9.875,9.375,10.5],"texture":"#main"},"north":{"uv":[7.5,9.875,8.125,10.5],"texture":"#main"},"west":{"uv":[8.125,9.875,8.75,10.5],"texture":"#main"},"up":{"uv":[8.125,9.875,7.5,9.25],"texture":"#main"},"down":{"uv":[8.75,9.25,8.125,9.875],"texture":"#main"}}},{"rotation":{"origin":[22,-1,0],"angle":0,"axis":"y"},"from":[1,-1,-2],"to":[6,4,3],"faces":{"east":{"uv":[9.375,8,10,8.625],"texture":"#main"},"south":{"uv":[11.25,8,11.875,8.625],"texture":"#main"},"north":{"uv":[10,8,10.625,8.625],"texture":"#main"},"west":{"uv":[10.625,8,11.25,8.625],"texture":"#main"},"up":{"uv":[10.625,8,10,7.375],"texture":"#main"},"down":{"uv":[11.25,7.375,10.625,8],"texture":"#main"}}},{"rotation":{"origin":[-3,-1,0],"angle":0,"axis":"y"},"from":[13,-1,-2],"to":[18,4,3],"faces":{"east":{"uv":[9.375,10,10,10.625],"texture":"#main"},"south":{"uv":[11.25,10,11.875,10.625],"texture":"#main"},"north":{"uv":[10,10,10.625,10.625],"texture":"#main"},"west":{"uv":[10.625,10,11.25,10.625],"texture":"#main"},"up":{"uv":[10.625,10,10,9.375],"texture":"#main"},"down":{"uv":[11.25,9.375,10.625,10],"texture":"#main"}}},{"rotation":{"origin":[22,-1,0],"angle":0,"axis":"y"},"from":[0,5,-1],"to":[6,11,5],"faces":{"east":{"uv":[4.5,8.75,5.25,9.5],"texture":"#main"},"south":{"uv":[6.75,8.75,7.5,9.5],"texture":"#main"},"north":{"uv":[5.25,8.75,6,9.5],"texture":"#main"},"west":{"uv":[6,8.75,6.75,9.5],"texture":"#main"},"up":{"uv":[6,8.75,5.25,8],"texture":"#main"},"down":{"uv":[6.75,8,6,8.75],"texture":"#main"}}},{"rotation":{"origin":[-3,-1,0],"angle":0,"axis":"y"},"from":[13,5,-1],"to":[19,11,5],"faces":{"east":{"uv":[6.5,7.25,7.25,8],"texture":"#main"},"south":{"uv":[8.75,7.25,9.5,8],"texture":"#main"},"north":{"uv":[7.25,7.25,8,8],"texture":"#main"},"west":{"uv":[8,7.25,8.75,8],"texture":"#main"},"up":{"uv":[8,7.25,7.25,6.5],"texture":"#main"},"down":{"uv":[8.75,6.5,8,7.25],"texture":"#main"}}},{"rotation":{"origin":[-3,-11,-1],"angle":0,"axis":"y"},"from":[13,-5,-2],"to":[19,1,4],"faces":{"east":{"uv":[6.5,7.25,7.25,8],"texture":"#main"},"south":{"uv":[8.75,7.25,9.5,8],"texture":"#main"},"north":{"uv":[7.25,7.25,8,8],"texture":"#main"},"west":{"uv":[8,7.25,8.75,8],"texture":"#main"},"up":{"uv":[8,7.25,7.25,6.5],"texture":"#main"},"down":{"uv":[8.75,6.5,8,7.25],"texture":"#main"}}},{"rotation":{"origin":[22,-11,-1],"angle":0,"axis":"y"},"from":[0,-5,-2],"to":[6,1,4],"faces":{"east":{"uv":[8.75,7.25,8,8],"texture":"#main"},"south":{"uv":[9.5,7.25,8.75,8],"texture":"#main"},"north":{"uv":[8,7.25,7.25,8],"texture":"#main"},"west":{"uv":[7.25,7.25,6.5,8],"texture":"#main"},"up":{"uv":[7.25,7.25,8,6.5],"texture":"#main"},"down":{"uv":[8,6.5,8.75,7.25],"texture":"#main"}}},{"rotation":{"origin":[-3,-1,0],"angle":0,"axis":"y"},"from":[5,8,0],"to":[11,14,6],"faces":{"east":{"uv":[0,7,0.75,7.75],"texture":"#main"},"south":{"uv":[2.25,7,3,7.75],"texture":"#main"},"north":{"uv":[0.75,7,1.5,7.75],"texture":"#main"},"west":{"uv":[1.5,7,2.25,7.75],"texture":"#main"},"up":{"uv":[1.5,7,0.75,6.25],"texture":"#main"},"down":{"uv":[2.25,6.25,1.5,7],"texture":"#main"}}},{"rotation":{"origin":[22,-1,0],"angle":0,"axis":"y"},"from":[0,-1,4],"to":[6,5,10],"faces":{"east":{"uv":[0,8.75,0.75,9.5],"texture":"#main"},"south":{"uv":[2.25,8.75,3,9.5],"texture":"#main"},"north":{"uv":[0.75,8.75,1.5,9.5],"texture":"#main"},"west":{"uv":[1.5,8.75,2.25,9.5],"texture":"#main"},"up":{"uv":[1.5,8.75,0.75,8],"texture":"#main"},"down":{"uv":[2.25,8,1.5,8.75],"texture":"#main"}}},{"rotation":{"origin":[-3,-1,0],"angle":0,"axis":"y"},"from":[13,-1,4],"to":[19,5,10],"faces":{"east":{"uv":[2.25,8,3,8.75],"texture":"#main"},"south":{"uv":[4.5,8,5.25,8.75],"texture":"#main"},"north":{"uv":[3,8,3.75,8.75],"texture":"#main"},"west":{"uv":[3.75,8,4.5,8.75],"texture":"#main"},"up":{"uv":[3.75,8,3,7.25],"texture":"#main"},"down":{"uv":[4.5,7.25,3.75,8],"texture":"#main"}}},{"rotation":{"origin":[22,-1,16],"angle":0,"axis":"y"},"from":[1,4,9],"to":[6,9,14],"faces":{"east":{"uv":[0,10.125,0.625,10.75],"texture":"#main"},"south":{"uv":[1.875,10.125,2.5,10.75],"texture":"#main"},"north":{"uv":[0.625,10.125,1.25,10.75],"texture":"#main"},"west":{"uv":[1.25,10.125,1.875,10.75],"texture":"#main"},"up":{"uv":[1.25,10.125,0.625,9.5],"texture":"#main"},"down":{"uv":[1.875,9.5,1.25,10.125],"texture":"#main"}}},{"rotation":{"origin":[22,-11,12],"angle":0,"axis":"y"},"from":[1,-6,5],"to":[6,-1,10],"faces":{"east":{"uv":[0,10.125,0.625,10.75],"texture":"#main"},"south":{"uv":[1.875,10.125,2.5,10.75],"texture":"#main"},"north":{"uv":[0.625,10.125,1.25,10.75],"texture":"#main"},"west":{"uv":[1.25,10.125,1.875,10.75],"texture":"#main"},"up":{"uv":[1.25,10.125,0.625,9.5],"texture":"#main"},"down":{"uv":[1.875,9.5,1.25,10.125],"texture":"#main"}}},{"rotation":{"origin":[-3,-11,12],"angle":0,"axis":"y"},"from":[13,-6,5],"to":[18,-1,10],"faces":{"east":{"uv":[1.875,10.125,1.25,10.75],"texture":"#main"},"south":{"uv":[2.5,10.125,1.875,10.75],"texture":"#main"},"north":{"uv":[1.25,10.125,0.625,10.75],"texture":"#main"},"west":{"uv":[0.625,10.125,0,10.75],"texture":"#main"},"up":{"uv":[0.625,10.125,1.25,9.5],"texture":"#main"},"down":{"uv":[1.25,9.5,1.875,10.125],"texture":"#main"}}},{"rotation":{"origin":[-3,-1,16],"angle":0,"axis":"y"},"from":[13,4,9],"to":[18,9,14],"faces":{"east":{"uv":[2.375,9.5,3,10.125],"texture":"#main"},"south":{"uv":[4.25,9.5,4.875,10.125],"texture":"#main"},"north":{"uv":[3,9.5,3.625,10.125],"texture":"#main"},"west":{"uv":[3.625,9.5,4.25,10.125],"texture":"#main"},"up":{"uv":[3.625,9.5,3,8.875],"texture":"#main"},"down":{"uv":[4.25,8.875,3.625,9.5],"texture":"#main"}}},{"rotation":{"origin":[-3,-1,16],"angle":0,"axis":"y"},"from":[11,8,7],"to":[16,13,12],"faces":{"east":{"uv":[8.75,6.5,9.375,7.125],"texture":"#main"},"south":{"uv":[10.625,6.5,11.25,7.125],"texture":"#main"},"north":{"uv":[9.375,6.5,10,7.125],"texture":"#main"},"west":{"uv":[10,6.5,10.625,7.125],"texture":"#main"},"up":{"uv":[10,6.5,9.375,5.875],"texture":"#main"},"down":{"uv":[10.625,5.875,10,6.5],"texture":"#main"}}},{"rotation":{"origin":[-3,-1,16],"angle":0,"axis":"y"},"from":[11,8,-1],"to":[16,13,4],"faces":{"east":{"uv":[8.75,4,9.375,4.625],"texture":"#main"},"south":{"uv":[10.625,4,11.25,4.625],"texture":"#main"},"north":{"uv":[9.375,4,10,4.625],"texture":"#main"},"west":{"uv":[10,4,10.625,4.625],"texture":"#main"},"up":{"uv":[10,4,9.375,3.375],"texture":"#main"},"down":{"uv":[10.625,3.375,10,4],"texture":"#main"}}},{"rotation":{"origin":[-3,-1,16],"angle":0,"axis":"y"},"from":[5,8,-5],"to":[10,13,0],"faces":{"east":{"uv":[8.5,2.75,9.125,3.375],"texture":"#main"},"south":{"uv":[10.375,2.75,11,3.375],"texture":"#main"},"north":{"uv":[9.125,2.75,9.75,3.375],"texture":"#main"},"west":{"uv":[9.75,2.75,10.375,3.375],"texture":"#main"},"up":{"uv":[9.75,2.75,9.125,2.125],"texture":"#main"},"down":{"uv":[10.375,2.125,9.75,2.75],"texture":"#main"}}},{"rotation":{"origin":[-3,-4,16],"angle":0,"axis":"y"},"from":[5.5,3,-15],"to":[13.5,12,-5],"faces":{"east":{"uv":[0,5.125,1.25,6.25],"texture":"#main"},"south":{"uv":[3.5,5.125,4.5,6.25],"texture":"#main"},"north":{"uv":[1.25,5.125,2.25,6.25],"texture":"#main"},"west":{"uv":[2.25,5.125,3.5,6.25],"texture":"#main"},"up":{"uv":[2.25,5.125,1.25,3.875],"texture":"#main"},"down":{"uv":[3.25,3.875,2.25,5.125],"texture":"#main"}}},{"rotation":{"origin":[-3,-4,16],"angle":0,"axis":"y"},"from":[5.5,12,-11],"to":[13.5,17,-5],"faces":{"east":{"uv":[3.75,6.625,4.5,7.25],"texture":"#main"},"south":{"uv":[6.25,6.625,7.25,7.25],"texture":"#main"},"north":{"uv":[4.5,6.625,5.5,7.25],"texture":"#main"},"west":{"uv":[5.5,6.625,6.25,7.25],"texture":"#main"},"up":{"uv":[5.5,6.625,4.5,5.875],"texture":"#main"},"down":{"uv":[6.5,5.875,5.5,6.625],"texture":"#main"}}},{"rotation":{"origin":[-3,-4,17],"angle":0,"axis":"y"},"from":[2,5,-10],"to":[17,10,-5],"faces":{"east":{"uv":[4.5,5.25,5.125,5.875],"texture":"#main"},"south":{"uv":[7.625,5.25,9.5,5.875],"texture":"#main"},"north":{"uv":[5.125,5.25,7,5.875],"texture":"#main"},"west":{"uv":[7,5.25,7.625,5.875],"texture":"#main"},"up":{"uv":[7,5.25,5.125,4.625],"texture":"#main"},"down":{"uv":[8.875,4.625,7,5.25],"texture":"#main"}}},{"rotation":{"origin":[-3,-4,17],"angle":0,"axis":"y"},"from":[0,6,-9],"to":[19,9,-6],"faces":{"east":{"uv":[3.25,4.25,3.625,4.625],"texture":"#main"},"south":{"uv":[6.375,4.25,8.75,4.625],"texture":"#main"},"north":{"uv":[3.625,4.25,6,4.625],"texture":"#main"},"west":{"uv":[6,4.25,6.375,4.625],"texture":"#main"},"up":{"uv":[6,4.25,3.625,3.875],"texture":"#main"},"down":{"uv":[8.375,3.875,6,4.25],"texture":"#main"}}},{"rotation":{"origin":[-3,-1,16],"angle":0,"axis":"y"},"from":[5,8,9],"to":[10,13,14],"faces":{"east":{"uv":[8.5,1.5,9.125,2.125],"texture":"#main"},"south":{"uv":[10.375,1.5,11,2.125],"texture":"#main"},"north":{"uv":[9.125,1.5,9.75,2.125],"texture":"#main"},"west":{"uv":[9.75,1.5,10.375,2.125],"texture":"#main"},"up":{"uv":[9.75,1.5,9.125,0.875],"texture":"#main"},"down":{"uv":[10.375,0.875,9.75,1.5],"texture":"#main"}}},{"rotation":{"origin":[22,-1,0],"angle":0,"axis":"y"},"from":[2.01,0,-6],"to":[17.01,12,13],"faces":{"east":{"uv":[0,2.375,2.375,3.875],"texture":"#main"},"south":{"uv":[6.625,2.375,8.5,3.875],"texture":"#main"},"north":{"uv":[2.375,2.375,4.25,3.875],"texture":"#main"},"west":{"uv":[4.25,2.375,6.625,3.875],"texture":"#main"},"up":{"uv":[4.25,2.375,2.375,0],"texture":"#main"},"down":{"uv":[6.125,0,4.25,2.375],"texture":"#main"}}},{"rotation":{"origin":[22,-6,0],"angle":0,"axis":"y"},"from":[2.02,-5,-6.01],"to":[17.02,7,12.99],"faces":{"east":{"uv":[0,2.375,2.375,3.875],"texture":"#main"},"south":{"uv":[6.625,2.375,8.5,3.875],"texture":"#main"},"north":{"uv":[2.375,2.375,4.25,3.875],"texture":"#main"},"west":{"uv":[4.25,2.375,6.625,3.875],"texture":"#main"},"up":{"uv":[4.25,2.375,2.375,0],"texture":"#main"},"down":{"uv":[6.125,0,4.25,2.375],"texture":"#main"}}},{"rotation":{"origin":[8,-1,0],"angle":0,"axis":"y"},"from":[0,-2,11],"to":[5,3,16],"faces":{"east":{"uv":[10.375,0.625,11,1.25],"texture":"#main"},"south":{"uv":[12.25,0.625,12.875,1.25],"texture":"#main"},"north":{"uv":[11,0.625,11.625,1.25],"texture":"#main"},"west":{"uv":[11.625,0.625,12.25,1.25],"texture":"#main"},"up":{"uv":[11.625,0.625,11,0],"texture":"#main"},"down":{"uv":[12.25,0,11.625,0.625],"texture":"#main"}}},{"rotation":{"origin":[8,-1,0],"angle":-22.5,"axis":"x"},"from":[7,-2,13],"to":[12,3,20],"faces":{"east":{"uv":[6.125,0.875,7,1.5],"texture":"#main"},"south":{"uv":[8.5,0.875,9.125,1.5],"texture":"#main"},"north":{"uv":[7,0.875,7.625,1.5],"texture":"#main"},"west":{"uv":[7.625,0.875,8.5,1.5],"texture":"#main"},"up":{"uv":[7.625,0.875,7,0],"texture":"#main"},"down":{"uv":[8.25,0,7.625,0.875],"texture":"#main"}}},{"rotation":{"origin":[8,-1,0],"angle":22.5,"axis":"x"},"from":[8,12,11],"to":[11,20,14],"faces":{"east":{"uv":[0,0.375,0.375,1.375],"texture":"#main"},"south":{"uv":[1.125,0.375,1.5,1.375],"texture":"#main"},"north":{"uv":[0.375,0.375,0.75,1.375],"texture":"#main"},"west":{"uv":[0.75,0.375,1.125,1.375],"texture":"#main"},"up":{"uv":[0.75,0.375,0.375,0],"texture":"#main"},"down":{"uv":[1.125,0,0.75,0.375],"texture":"#main"}}},{"rotation":{"origin":[8,-1,0],"angle":22.5,"axis":"x"},"from":[7,19,10],"to":[12,24,15],"faces":{"east":{"uv":[7.5,8.625,8.125,9.25],"texture":"#main"},"south":{"uv":[9.375,8.625,10,9.25],"texture":"#main"},"north":{"uv":[8.125,8.625,8.75,9.25],"texture":"#main"},"west":{"uv":[8.75,8.625,9.375,9.25],"texture":"#main"},"up":{"uv":[8.75,8.625,8.125,8],"texture":"#main"},"down":{"uv":[9.375,8,8.75,8.625],"texture":"#main"}}},{"rotation":{"origin":[22,-1,0],"angle":0,"axis":"y"},"from":[14,-2,11],"to":[19,3,16],"faces":{"east":{"uv":[1.875,10.75,2.5,11.375],"texture":"#main"},"south":{"uv":[3.75,10.75,4.375,11.375],"texture":"#main"},"north":{"uv":[2.5,10.75,3.125,11.375],"texture":"#main"},"west":{"uv":[3.125,10.75,3.75,11.375],"texture":"#main"},"up":{"uv":[3.125,10.75,2.5,10.125],"texture":"#main"},"down":{"uv":[3.75,10.125,3.125,10.75],"texture":"#main"}}}],"display":{"head":{"translation":[-1.5,-30,3.5],"scale":[0.72461,0.72461,0.72461]}},"credit":"Made with Blockbench"}