{"parent":"physical_parent","textures":{"main":"pokemon/marill"},"ambientocclusion":false,"texture_size":[80,80],"elements":[{"rotation":{"origin":[8,9,8],"angle":0,"axis":"y"},"from":[3,3,3],"to":[13,12,13],"faces":{"east":{"uv":[0,2,2,3.8],"texture":"#main"},"south":{"uv":[6,2,8,3.8],"texture":"#main"},"north":{"uv":[2,2,4,3.8],"texture":"#main"},"west":{"uv":[0.1996,10.1996,4.1996,13.999],"texture":"#main"},"up":{"uv":[4,2,2,0],"texture":"#main"},"down":{"uv":[6,0,4,2],"texture":"#main"}}},{"rotation":{"origin":[7.98953,7.51135,1.49915],"angle":-22.5,"axis":"x"},"from":[7,5,0],"to":[10,7,4],"faces":{"east":{"uv":[2.8,9.6,3.6,10],"texture":"#main"},"south":{"uv":[5,9.6,5.6,10],"texture":"#main"},"north":{"uv":[3.6,9.6,4.2,10],"texture":"#main"},"west":{"uv":[4.2,9.6,5,10],"texture":"#main"},"up":{"uv":[4.2,9.6,3.6,8.8],"texture":"#main"},"down":{"uv":[4.8,8.8,4.2,9.6],"texture":"#main"}}},{"rotation":{"origin":[7.98953,7.51135,14.50085],"angle":22.5,"axis":"x"},"from":[7,5,12],"to":[10,7,16],"faces":{"east":{"uv":[0,9.6,0.8,10],"texture":"#main"},"south":{"uv":[2.2,9.6,2.8,10],"texture":"#main"},"north":{"uv":[0.8,9.6,1.4,10],"texture":"#main"},"west":{"uv":[1.4,9.6,2.2,10],"texture":"#main"},"up":{"uv":[1.4,9.6,0.8,8.8],"texture":"#main"},"down":{"uv":[2,8.8,1.4,9.6],"texture":"#main"}}},{"rotation":{"origin":[8,9,8],"angle":0,"axis":"y"},"from":[4,2,4],"to":[12,13,12],"faces":{"east":{"uv":[8,1.6,9.6,3.8],"texture":"#main"},"south":{"uv":[12.8,1.6,14.4,3.8],"texture":"#main"},"north":{"uv":[9.6,1.6,11.2,3.8],"texture":"#main"},"west":{"uv":[11.2,1.6,12.8,3.8],"texture":"#main"},"up":{"uv":[11.2,1.6,9.6,0],"texture":"#main"},"down":{"uv":[12.8,0,11.2,1.6],"texture":"#main"}}},{"rotation":{"origin":[6.15704,1.0025,4.71672],"angle":-45,"axis":"y"},"from":[3.15447,0,2.22753],"to":[9.15447,2,5.22753],"faces":{"east":{"uv":[3.2,8.2,3.8,8.6],"texture":"#main"},"south":{"uv":[5.6,8.2,6.8,8.6],"texture":"#main"},"north":{"uv":[3.8,8.2,5,8.6],"texture":"#main"},"west":{"uv":[5,8.2,5.6,8.6],"texture":"#main"},"up":{"uv":[5,8.2,3.8,7.6],"texture":"#main"},"down":{"uv":[6.2,7.6,5,8.2],"texture":"#main"}}},{"rotation":{"origin":[6.15704,1.0025,11.28328],"angle":45,"axis":"y"},"from":[3.15447,0,10.77247],"to":[9.15447,2,13.77247],"faces":{"east":{"uv":[3.2,7.2,3.8,7.6],"texture":"#main"},"south":{"uv":[5.6,7.2,6.8,7.6],"texture":"#main"},"north":{"uv":[3.8,7.2,5,7.6],"texture":"#main"},"west":{"uv":[5,7.2,5.6,7.6],"texture":"#main"},"up":{"uv":[5,7.2,3.8,6.6],"texture":"#main"},"down":{"uv":[6.2,6.6,5,7.2],"texture":"#main"}}},{"rotation":{"origin":[8.48429,12.00959,3.00614],"angle":-45,"axis":"x"},"from":[7,11.00345,1.01573],"to":[9,16.00345,7.01573],"faces":{"east":{"uv":[0,7.8,1.2,8.8],"texture":"#main"},"south":{"uv":[2.8,7.8,3.2,8.8],"texture":"#main"},"north":{"uv":[1.2,7.8,1.6,8.8],"texture":"#main"},"west":{"uv":[1.6,7.8,2.8,8.8],"texture":"#main"},"up":{"uv":[1.6,7.8,1.2,6.6],"texture":"#main"},"down":{"uv":[2,6.6,1.6,7.8],"texture":"#main"}}},{"rotation":{"origin":[8.48429,12.00959,12.99386],"angle":45,"axis":"x"},"from":[7,11.00345,8.98427],"to":[9,16.00345,14.98427],"faces":{"east":{"uv":[8.8,5,10,6],"texture":"#main"},"south":{"uv":[11.6,5,12,6],"texture":"#main"},"north":{"uv":[10,5,10.4,6],"texture":"#main"},"west":{"uv":[10.4,5,11.6,6],"texture":"#main"},"up":{"uv":[10.4,5,10,3.8],"texture":"#main"},"down":{"uv":[10.8,3.8,10.4,5],"texture":"#main"}}},{"from":[12,2,8],"to":[23,15,8],"faces":{"east":{"uv":[7,6.2,7,8.8],"texture":"#main"},"south":{"uv":[9.2,6.2,11.4,8.8],"texture":"#main"},"north":{"uv":[7,6.2,9.2,8.8],"texture":"#main"},"west":{"uv":[9.2,6.2,9.2,8.8],"texture":"#main"},"up":{"uv":[9.2,6.2,7,6.2],"texture":"#main"},"down":{"uv":[11.4,6.2,9.2,6.2],"texture":"#main"}}},{"rotation":{"origin":[21.98949,14.02446,7.9861],"angle":0,"axis":"x"},"from":[18,12,5.5],"to":[23,17,10.5],"faces":{"east":{"uv":[4.8,4.8,5.8,5.8],"texture":"#main"},"south":{"uv":[7.8,4.8,8.8,5.8],"texture":"#main"},"north":{"uv":[5.8,4.8,6.8,5.8],"texture":"#main"},"west":{"uv":[6.8,4.8,7.8,5.8],"texture":"#main"},"up":{"uv":[6.8,4.8,5.8,3.8],"texture":"#main"},"down":{"uv":[7.8,3.8,6.8,4.8],"texture":"#main"}}}],"display":{"head":{"rotation":[0,-90,0],"translation":[0,-32.25,0],"scale":[1.3457,1.3457,1.3457]}},"credit":"Made with Blockbench"}