{"parent":"physical_parent","textures":{"main":"pokemon/marshtomp"},"texture_size":[64,64],"elements":[{"rotation":{"origin":[8,12.57873,6.77375],"angle":0,"axis":"y"},"name":"head","from":[4,14.5,4],"to":[12,21.5,10],"faces":{"east":{"uv":[5,1.5,6.5,3.25],"texture":"#main"},"south":{"uv":[10,1.5,12,3.25],"texture":"#main"},"north":{"uv":[6.5,1.5,8.5,3.25],"texture":"#main"},"west":{"uv":[8.5,1.5,10,3.25],"texture":"#main"},"up":{"uv":[8.5,1.5,6.5,0],"texture":"#main"},"down":{"uv":[10.5,0,8.5,1.5],"texture":"#main"}}},{"rotation":{"origin":[8,13.57873,5.77375],"angle":0,"axis":"y"},"name":"head","from":[8,15.5,3],"to":[8,29.5,13],"faces":{"east":{"uv":[0,2.5,2.5,6],"texture":"#main"},"south":{"uv":[5,2.5,5,6],"texture":"#main"},"north":{"uv":[2.5,2.5,2.5,6],"texture":"#main"},"west":{"uv":[2.5,2.5,5,6],"texture":"#main"},"up":{"uv":[2.5,2.5,2.5,0],"texture":"#main"},"down":{"uv":[2.5,0,2.5,2.5],"texture":"#main"}}},{"rotation":{"origin":[8,12.57873,6.77375],"angle":0,"axis":"z"},"name":"head","from":[1.74225,16.06493,4.995],"to":[4.74225,17.06493,5.995],"faces":{"east":{"uv":[0,2,0.25,2.25],"texture":"#main"},"south":{"uv":[1.25,2,2,2.25],"texture":"#main"},"north":{"uv":[0.25,2,1,2.25],"texture":"#main"},"west":{"uv":[1,2,1.25,2.25],"texture":"#main"},"up":{"uv":[1,2,0.25,1.75],"texture":"#main"},"down":{"uv":[1.75,1.75,1,2],"texture":"#main"}}},{"rotation":{"origin":[8,12.57873,6.77375],"angle":0,"axis":"z"},"name":"head","from":[11.25775,16.06493,4.995],"to":[14.25775,17.06493,5.995],"faces":{"east":{"uv":[0,1.5,0.25,1.75],"texture":"#main"},"south":{"uv":[1.25,1.5,2,1.75],"texture":"#main"},"north":{"uv":[0.25,1.5,1,1.75],"texture":"#main"},"west":{"uv":[1,1.5,1.25,1.75],"texture":"#main"},"up":{"uv":[1,1.5,0.25,1.25],"texture":"#main"},"down":{"uv":[1.75,1.25,1,1.5],"texture":"#main"}}},{"rotation":{"origin":[8,12.57873,6.77375],"angle":0,"axis":"y"},"name":"head","from":[5,13.5,5],"to":[11,14.5,9],"faces":{"east":{"uv":[0,1,1,1.25],"texture":"#main"},"south":{"uv":[3.5,1,5,1.25],"texture":"#main"},"north":{"uv":[1,1,2.5,1.25],"texture":"#main"},"west":{"uv":[2.5,1,3.5,1.25],"texture":"#main"},"up":{"uv":[2.5,1,1,0],"texture":"#main"},"down":{"uv":[4,0,2.5,1],"texture":"#main"}}},{"rotation":{"origin":[8,12.57873,6.77375],"angle":0,"axis":"y"},"name":"head","from":[4,4.5,4],"to":[12,13.5,10],"faces":{"east":{"uv":[3.5,6,5,8.25],"texture":"#main"},"south":{"uv":[8.5,6,10.5,8.25],"texture":"#main"},"north":{"uv":[5,6,7,8.25],"texture":"#main"},"west":{"uv":[7,6,8.5,8.25],"texture":"#main"},"up":{"uv":[7,6,5,4.5],"texture":"#main"},"down":{"uv":[9,4.5,7,6],"texture":"#main"}}},{"rotation":{"origin":[4.25,6,9.25],"angle":-22.5,"axis":"y"},"name":"head","from":[4.25,2.5,6.25],"to":[4.25,9.5,14.25],"faces":{"east":{"uv":[4,8.25,6,10],"texture":"#main"},"south":{"uv":[8,8.25,8,10],"texture":"#main"},"north":{"uv":[6,8.25,6,10],"texture":"#main"},"west":{"uv":[6,8.25,8,10],"texture":"#main"},"up":{"uv":[6,8.25,6,6.25],"texture":"#main"},"down":{"uv":[6,6.25,6,8.25],"texture":"#main"}}},{"rotation":{"origin":[11.75,6,9.25],"angle":22.5,"axis":"y"},"name":"head","from":[11.75,2.5,6.25],"to":[11.75,9.5,14.25],"faces":{"east":{"uv":[0,8.25,2,10],"texture":"#main"},"south":{"uv":[4,8.25,4,10],"texture":"#main"},"north":{"uv":[2,8.25,2,10],"texture":"#main"},"west":{"uv":[2,8.25,4,10],"texture":"#main"},"up":{"uv":[2,8.25,2,6.25],"texture":"#main"},"down":{"uv":[2,6.25,2,8.25],"texture":"#main"}}},{"rotation":{"origin":[9.78127,2.6,7.04786],"angle":0,"axis":"x"},"name":"head","from":[9.03127,0.1,5.29786],"to":[12.03127,5.1,8.29786],"faces":{"east":{"uv":[9,3.75,9.5,5],"texture":"#main"},"south":{"uv":[10.75,3.75,11.5,5],"texture":"#main"},"north":{"uv":[9.5,3.75,10.25,5],"texture":"#main"},"west":{"uv":[10.25,3.75,10.75,5],"texture":"#main"},"up":{"uv":[10.25,3.75,9.5,3.25],"texture":"#main"},"down":{"uv":[11,3.25,10.25,3.75],"texture":"#main"}}},{"rotation":{"origin":[5.53127,2.6,6.79786],"angle":0,"axis":"x"},"name":"head","from":[4.03127,0.1,5.29786],"to":[7.03127,5.1,8.29786],"faces":{"east":{"uv":[9,3.75,9.5,5],"texture":"#main","rotation":180},"south":{"uv":[11.75,3.75,12.5,5],"texture":"#main"},"north":{"uv":[13,3.75,13.75,5],"texture":"#main"},"west":{"uv":[9,3.75,9.5,5],"texture":"#main"},"up":{"uv":[11,3.25,10.25,3.75],"texture":"#main"},"down":{"uv":[10.25,3.75,9.5,3.25],"texture":"#main"}}},{"rotation":{"origin":[11.5,12.75,7],"angle":22.5,"axis":"z"},"name":"head","from":[11,3.25,5.5],"to":[12,13.25,8.5],"faces":{"east":{"uv":[0,10.75,0.75,13.25],"texture":"#main"},"south":{"uv":[1.75,10.75,2,13.25],"texture":"#main"},"north":{"uv":[0.75,10.75,1,13.25],"texture":"#main"},"west":{"uv":[1,10.75,1.75,13.25],"texture":"#main"},"up":{"uv":[1,10.75,0.75,10],"texture":"#main"},"down":{"uv":[1.25,10,1,10.75],"texture":"#main"}}},{"rotation":{"origin":[4.5,12.75,7],"angle":-22.5,"axis":"z"},"name":"head","from":[4,3.25,5.5],"to":[5,13.25,8.5],"faces":{"east":{"uv":[8,9,8.75,11.5],"texture":"#main"},"south":{"uv":[9.75,9,10,11.5],"texture":"#main"},"north":{"uv":[8.75,9,9,11.5],"texture":"#main"},"west":{"uv":[9,9,9.75,11.5],"texture":"#main"},"up":{"uv":[9,9,8.75,8.25],"texture":"#main"},"down":{"uv":[9.25,8.25,9,9],"texture":"#main"}}}],"display":{"head":{"translation":[0,-32,0],"scale":[1.4,1.4,1.4]}},"groups":[{"children":[{"children":[0,1,2,3],"origin":[8,8,8],"name":"head"},{"children":[4,5,6,7,{"children":[8,9],"origin":[8,8,8],"name":"leg1"},{"children":[],"origin":[8,8,8],"name":"leg0"},{"children":[10],"origin":[8,8,8],"name":"arm0"},{"children":[11],"origin":[8,8,8],"name":"arm1"}],"origin":[8,8,8],"name":"body"}],"origin":[8,8,8],"name":"marshtomp"}]}