{"parent":"physical_parent","textures":{"main":"pokemon/meditite"},"texture_size":[32,32],"elements":[{"rotation":{"origin":[14.5,8,14.75],"angle":0,"axis":"y"},"from":[6.5,0,6.75],"to":[7.5,3,7.75],"faces":{"east":{"uv":[7,7.5,7.5,9],"texture":"#main"},"south":{"uv":[7.5,7.5,8,9],"texture":"#main"},"north":{"uv":[6.5,7.5,7,9],"texture":"#main"},"west":{"uv":[7.5,1.5,8,3],"texture":"#main"},"up":{"uv":[4,6.5,3.5,6],"texture":"#main"},"down":{"uv":[4.5,6,4,6.5],"texture":"#main"}}},{"rotation":{"origin":[1.5,8,14.75],"angle":0,"axis":"y"},"from":[8.5,0,6.75],"to":[9.5,3,7.75],"faces":{"east":{"uv":[8,1.5,7.5,3],"texture":"#main"},"south":{"uv":[8,7.5,7.5,9],"texture":"#main"},"north":{"uv":[7,7.5,6.5,9],"texture":"#main"},"west":{"uv":[7.5,7.5,7,9],"texture":"#main"},"up":{"uv":[3.5,6.5,4,6],"texture":"#main"},"down":{"uv":[4,6,4.5,6.5],"texture":"#main"}}},{"rotation":{"origin":[6.5,5.5,7.25],"angle":-45,"axis":"z"},"from":[6,1.5,6.75],"to":[7,5.5,7.75],"faces":{"east":{"uv":[5,7.5,5.5,9.5],"texture":"#main"},"south":{"uv":[5.5,7.5,6,9.5],"texture":"#main"},"north":{"uv":[4.5,7.5,5,9.5],"texture":"#main"},"west":{"uv":[6,7.5,6.5,9.5],"texture":"#main"},"up":{"uv":[2,7,1.5,6.5],"texture":"#main"},"down":{"uv":[2,7,1.5,7.5],"texture":"#main"}}},{"rotation":{"origin":[9.5,5.5,7.25],"angle":45,"axis":"z"},"from":[9,1.5,6.75],"to":[10,5.5,7.75],"faces":{"east":{"uv":[6.5,7.5,6,9.5],"texture":"#main"},"south":{"uv":[6,7.5,5.5,9.5],"texture":"#main"},"north":{"uv":[5,7.5,4.5,9.5],"texture":"#main"},"west":{"uv":[5.5,7.5,5,9.5],"texture":"#main"},"up":{"uv":[1.5,7,2,6.5],"texture":"#main"},"down":{"uv":[1.5,7,2,7.5],"texture":"#main"}}},{"rotation":{"origin":[2,11,14.75],"angle":0,"axis":"y"},"from":[6,3,6.25],"to":[10,6,8.25],"faces":{"east":{"uv":[6.5,2,7.5,3.5],"texture":"#main"},"south":{"uv":[0,5,2,6.5],"texture":"#main"},"north":{"uv":[4.5,2,6.5,3.5],"texture":"#main"},"west":{"uv":[7,0,8,1.5],"texture":"#main"},"up":{"uv":[5.5,7.5,3.5,6.5],"texture":"#main"},"down":{"uv":[7.5,6.5,5.5,7.5],"texture":"#main"}}},{"rotation":{"origin":[2.5,13.5,13.25],"angle":0,"axis":"y"},"from":[3.5,5.5,5.75],"to":[6.5,8.5,7.75],"faces":{"east":{"uv":[7,3.5,8,5],"texture":"#main"},"south":{"uv":[0,6.5,1.5,8],"texture":"#main"},"north":{"uv":[2,6,3.5,7.5],"texture":"#main"},"west":{"uv":[7,5,8,6.5],"texture":"#main"},"up":{"uv":[3,8.5,1.5,7.5],"texture":"#main"},"down":{"uv":[4.5,7.5,3,8.5],"texture":"#main"}}},{"rotation":{"origin":[13.5,13.5,13.25],"angle":0,"axis":"y"},"from":[9.5,5.5,5.75],"to":[12.5,8.5,7.75],"faces":{"east":{"uv":[8,5,7,6.5],"texture":"#main"},"south":{"uv":[1.5,6.5,0,8],"texture":"#main"},"north":{"uv":[3.5,6,2,7.5],"texture":"#main"},"west":{"uv":[8,3.5,7,5],"texture":"#main"},"up":{"uv":[1.5,8.5,3,7.5],"texture":"#main"},"down":{"uv":[3,7.5,4.5,8.5],"texture":"#main"}}},{"rotation":{"origin":[2.5,14,14.75],"angle":0,"axis":"y"},"from":[5.5,6,5.25],"to":[10.5,11,9.25],"faces":{"east":{"uv":[2.5,2.5,4.5,5],"texture":"#main"},"south":{"uv":[0,2.5,2.5,5],"texture":"#main"},"north":{"uv":[0,0,2.5,2.5],"texture":"#main"},"west":{"uv":[2.5,0,4.5,2.5],"texture":"#main"},"up":{"uv":[7,6.5,4.5,4.5],"texture":"#main"},"down":{"uv":[7,0,4.5,2],"texture":"#main"}}},{"rotation":{"origin":[2.5,19,14.75],"angle":0,"axis":"y"},"from":[5.5,11,7.25],"to":[10.5,13,7.25],"faces":{"east":{"uv":[0,0,0,1],"texture":"#main"},"south":{"uv":[2,5,4.5,6],"texture":"#main"},"north":{"uv":[4.5,3.5,7,4.5],"texture":"#main"},"west":{"uv":[0,0,0,1],"texture":"#main"},"up":{"uv":[2.5,0,0,0],"texture":"#main"},"down":{"uv":[2.5,0,0,0],"texture":"#main"}}}],"display":{"head":{"translation":[0,-28.5,0.5],"scale":[1.8,1.8,1.8]}}}