{"parent":"physical_parent","textures":{"main":"pokemon/meltan"},"__comment":"Model animated using Fizzy's model animator - http://fizzy81.github.io/animated-models/","elements":[{"from":[6,0,6],"to":[12,6,11],"faces":{"east":{"uv":[0,1.2500025,1.2500025,2.7500025],"texture":"#main"},"south":{"uv":[3.9999975,1.2500025,5.4999975,2.7500025],"texture":"#main"},"north":{"uv":[1.2500025,1.2500025,2.7500025,2.7500025],"texture":"#main"},"west":{"uv":[2.7500025,1.2500025,3.9999975,2.7500025],"texture":"#main"},"up":{"uv":[2.7500025,1.2500025,1.2500025,0],"texture":"#main"},"down":{"uv":[4.2500025,0,2.7500025,1.2500025],"texture":"#main"}}},{"rotation":{"origin":[8,8,8],"angle":22.5,"axis":"z"},"from":[7,2,7],"to":[12,4,9],"faces":{"east":{"uv":[3,3.2499975,3.5000025,3.75],"texture":"#main"},"south":{"uv":[5.25,3.2499975,6.5000025,3.75],"texture":"#main"},"north":{"uv":[3.5000025,3.2499975,4.7499975,3.75],"texture":"#main"},"west":{"uv":[4.7499975,3.2499975,5.25,3.75],"texture":"#main"},"up":{"uv":[4.7499975,3.2499975,3.5000025,2.7500025],"texture":"#main"},"down":{"uv":[6,2.7500025,4.7499975,3.2499975],"texture":"#main"}}},{"rotation":{"origin":[8,8,8],"angle":45,"axis":"z"},"from":[3,4,7],"to":[5,10,9],"faces":{"east":{"uv":[0,4.7499975,0.5000025,6.2499975],"texture":"#main","rotation":270},"south":{"uv":[1.5,4.7499975,2.0000025,6.2499975],"texture":"#main","rotation":270},"north":{"uv":[0.5000025,4.7499975,0.9999975,6.2499975],"texture":"#main","rotation":90},"west":{"uv":[0.9999975,4.7499975,1.5,6.2499975],"texture":"#main","rotation":90},"up":{"uv":[0.9999975,4.7499975,0.5000025,4.2500025],"texture":"#main","rotation":270},"down":{"uv":[1.5,4.2500025,0.9999975,4.7499975],"texture":"#main","rotation":270}}},{"rotation":{"origin":[8,8,8],"angle":45,"axis":"z"},"from":[3,-1,7],"to":[6,2,10],"faces":{"east":{"uv":[6.5000025,3.5000025,7.2500025,4.2500025],"texture":"#main"},"south":{"uv":[8.7500025,3.5000025,9.5000025,4.2500025],"texture":"#main"},"north":{"uv":[7.2500025,3.5000025,8.0000025,4.2500025],"texture":"#main"},"west":{"uv":[8.0000025,3.5000025,8.7500025,4.2500025],"texture":"#main"},"up":{"uv":[8.0000025,3.5000025,7.2500025,2.7500025],"texture":"#main"},"down":{"uv":[8.7500025,2.7500025,8.0000025,3.5000025],"texture":"#main"}}},{"rotation":{"origin":[8,8,8],"angle":-45,"axis":"z"},"from":[11,0,7],"to":[14,3,10],"faces":{"east":{"uv":[0,3.5000025,0.75,4.2500025],"texture":"#main"},"south":{"uv":[2.25,3.5000025,3,4.2500025],"texture":"#main"},"north":{"uv":[0.75,3.5000025,1.5,4.2500025],"texture":"#main"},"west":{"uv":[1.5,3.5000025,2.25,4.2500025],"texture":"#main"},"up":{"uv":[1.5,3.5000025,0.75,2.7500025],"texture":"#main"},"down":{"uv":[2.25,2.7500025,1.5,3.5000025],"texture":"#main"}}},{"from":[6.5,5.5,7.2507],"to":[11,7,9.5007],"faces":{"east":{"uv":[0,6.75,0.5000025,6.9999975],"texture":"#main"},"south":{"uv":[2.0000025,6.75,3,6.9999975],"texture":"#main"},"north":{"uv":[0.5000025,6.75,1.5,6.9999975],"texture":"#main"},"west":{"uv":[1.5,6.75,2.0000025,6.9999975],"texture":"#main"},"up":{"uv":[1.5,6.75,0.5000025,6.2499975],"texture":"#main"},"down":{"uv":[2.4999975,6.2499975,1.5,6.75],"texture":"#main"}}},{"rotation":{"origin":[14.71231,3.90901,8],"angle":45,"axis":"z"},"from":[13.2123,7.659,7.2507],"to":[17.7123,9.159,9.5007],"faces":{"east":{"uv":[2.0000025,4.7499975,2.4999975,5.0000025],"texture":"#main"},"south":{"uv":[3.9999975,4.7499975,5.0000025,5.0000025],"texture":"#main"},"north":{"uv":[2.4999975,4.7499975,3.5000025,5.0000025],"texture":"#main"},"west":{"uv":[3.5000025,4.7499975,3.9999975,5.0000025],"texture":"#main"},"up":{"uv":[3.5000025,4.7499975,2.4999975,4.2500025],"texture":"#main"},"down":{"uv":[4.5,4.2500025,3.5000025,4.7499975],"texture":"#main"}}},{"from":[12.682,8.682,7.2506],"to":[14.182,13.182,9.5006],"faces":{"east":{"uv":[3.5000025,7.5,3.9999975,8.4999975],"texture":"#main","rotation":270},"south":{"uv":[4.7499975,7.5,5.0000025,8.4999975],"texture":"#main","rotation":270},"north":{"uv":[3.9999975,7.5,4.2500025,8.4999975],"texture":"#main","rotation":90},"west":{"uv":[4.2500025,7.5,4.7499975,8.4999975],"texture":"#main","rotation":90},"up":{"uv":[4.2500025,7.5,3.9999975,6.9999975],"texture":"#main","rotation":270},"down":{"uv":[4.5,6.9999975,4.2500025,7.5],"texture":"#main","rotation":270}}},{"rotation":{"origin":[2.78769,3.90901,8],"angle":-45,"axis":"z"},"from":[-0.2123,7.659,7.2501],"to":[4.2877,9.159,9.500099],"faces":{"east":{"uv":[2.0000025,5.4999975,2.4999975,5.7500025],"texture":"#main"},"south":{"uv":[3.9999975,5.4999975,5.0000025,5.7500025],"texture":"#main"},"north":{"uv":[2.4999975,5.4999975,3.5000025,5.7500025],"texture":"#main"},"west":{"uv":[3.5000025,5.4999975,3.9999975,5.7500025],"texture":"#main"},"up":{"uv":[3.5000025,5.4999975,2.4999975,5.0000025],"texture":"#main"},"down":{"uv":[4.5,5.0000025,3.5000025,5.4999975],"texture":"#main"}}},{"from":[3.318,8.682,7.2502],"to":[4.818,13.182,9.5002],"faces":{"east":{"uv":[0,7.5,0.5000025,8.4999975],"texture":"#main","rotation":90},"south":{"uv":[1.2500025,7.5,1.5,8.4999975],"texture":"#main","rotation":270},"north":{"uv":[0.5000025,7.5,0.75,8.4999975],"texture":"#main","rotation":90},"west":{"uv":[0.75,7.5,1.2500025,8.4999975],"texture":"#main","rotation":270},"up":{"uv":[0.75,7.5,0.5000025,6.9999975],"texture":"#main","rotation":270},"down":{"uv":[0.9999975,6.9999975,0.75,7.5],"texture":"#main","rotation":270}}},{"rotation":{"origin":[14.71231,17.95495,8],"angle":-45,"axis":"z"},"from":[13.2123,12.705,7.2505],"to":[17.7123,14.205,9.5005],"faces":{"east":{"uv":[6,6.75,6.5000025,6.9999975],"texture":"#main"},"south":{"uv":[8.0000025,6.75,9,6.9999975],"texture":"#main"},"north":{"uv":[6.5000025,6.75,7.5,6.9999975],"texture":"#main"},"west":{"uv":[7.5,6.75,8.0000025,6.9999975],"texture":"#main"},"up":{"uv":[7.5,6.75,6.5000025,6.2499975],"texture":"#main"},"down":{"uv":[8.4999975,6.2499975,7.5,6.75],"texture":"#main"}}},{"from":[6.5,14.864,7.2504],"to":[11,16.364,9.500399],"faces":{"east":{"uv":[9,6.75,9.5000025,6.9999975],"texture":"#main"},"south":{"uv":[11.0000025,6.75,12,6.9999975],"texture":"#main"},"north":{"uv":[9.5000025,6.75,10.5,6.9999975],"texture":"#main"},"west":{"uv":[10.5,6.75,11.0000025,6.9999975],"texture":"#main"},"up":{"uv":[10.5,6.75,9.5000025,6.2499975],"texture":"#main"},"down":{"uv":[11.4999975,6.2499975,10.5,6.75],"texture":"#main"}}},{"rotation":{"origin":[2.78769,17.95495,8],"angle":45,"axis":"z"},"from":[-0.2123,12.705,7.2503],"to":[4.2877,14.205,9.5003],"faces":{"east":{"uv":[3,6.75,3.5000025,6.9999975],"texture":"#main"},"south":{"uv":[5.0000025,6.75,6,6.9999975],"texture":"#main"},"north":{"uv":[3.5000025,6.75,4.5,6.9999975],"texture":"#main"},"west":{"uv":[4.5,6.75,5.0000025,6.9999975],"texture":"#main"},"up":{"uv":[4.5,6.75,3.5000025,6.2499975],"texture":"#main"},"down":{"uv":[5.4999975,6.2499975,4.5,6.75],"texture":"#main"}}},{"rotation":{"origin":[8,8,8],"angle":22.5,"axis":"z"},"from":[6.5,11,7],"to":[8.5,13,9],"faces":{"east":{"uv":[1.5,7.5,2.0000025,8.0000025],"texture":"#main"},"south":{"uv":[3,7.5,3.5000025,8.0000025],"texture":"#main"},"north":{"uv":[2.0000025,7.5,2.4999975,8.0000025],"texture":"#main"},"west":{"uv":[2.4999975,7.5,3,8.0000025],"texture":"#main"},"up":{"uv":[2.4999975,7.5,2.0000025,6.9999975],"texture":"#main"},"down":{"uv":[3,6.9999975,2.4999975,7.5],"texture":"#main"}}},{"rotation":{"origin":[8,8,8],"angle":22.5,"axis":"x"},"from":[8,4,11],"to":[10,4.01,17],"faces":{"east":{"uv":[5.4999975,1.5,6.9999975,1.5],"texture":"#main"},"south":{"uv":[9,1.5,9.5000025,1.5],"texture":"#main"},"north":{"uv":[6.9999975,1.5,7.5,1.5],"texture":"#main"},"west":{"uv":[7.5,1.5,9,1.5],"texture":"#main"},"up":{"uv":[7.5,1.5,6.9999975,0],"texture":"#main"},"down":{"uv":[8.0000025,0,7.5,1.5],"texture":"#main"}}}],"display":{"head":{"translation":[-0.695,-9.736,-3.477],"scale":[1.3,1.3,1.3]},"firstperson_righthand":{"scale":[0.0001,0.0001,0.0001]},"thirdperson_lefthand":{"scale":[0.0001,0.0001,0.0001]},"firstperson_lefthand":{"scale":[0.0001,0.0001,0.0001]},"thirdperson_righthand":{"scale":[0.0001,0.0001,0.0001]}}}