{"credit":"Made with Blockbench","texture_size":[64,64],"textures":{"particle":"pokemon/mesprit","main":"pokemon/mesprit"},"elements":[{"from":[8.2,1.1,7.1],"to":[10.5,13.1,7.1],"shade":false,"rotation":{"angle":0,"axis":"y","origin":[7.9,7.1,5.6]},"faces":{"north":{"uv":[5.5,7.25,5,10.25],"texture":"#main"},"east":{"uv":[5.5,7.25,5.5,10.25],"texture":"#main"},"south":{"uv":[6,7.25,5.5,10.25],"texture":"#main"},"west":{"uv":[5,7.25,5,10.25],"texture":"#main"},"up":{"uv":[5,7.25,5.5,7.25],"texture":"#main"},"down":{"uv":[5.5,7.25,6,7.25],"texture":"#main"}}},{"from":[5.3,1.1,7.1],"to":[7.6,13.1,7.1],"rotation":{"angle":0,"axis":"y","origin":[7.9,7.1,5.6]},"faces":{"north":{"uv":[5,7.25,5.5,10.25],"texture":"#main"},"east":{"uv":[5,7.25,5,10.25],"texture":"#main"},"south":{"uv":[5.5,7.25,6,10.25],"texture":"#main"},"west":{"uv":[5.5,7.25,5.5,10.25],"texture":"#main"},"up":{"uv":[5.5,7.25,5,7.25],"texture":"#main"},"down":{"uv":[6,7.25,5.5,7.25],"texture":"#main"}}},{"from":[7.2,1.1,7.1],"to":[10.5,1.1,15.1],"shade":false,"rotation":{"angle":-45,"axis":"x","origin":[9.35,1.1,7.1]},"faces":{"north":{"uv":[6.25,5.5,5.5,5.5],"texture":"#main"},"east":{"uv":[8.25,5.5,6.25,5.5],"texture":"#main"},"south":{"uv":[9,5.5,8.25,5.5],"texture":"#main"},"west":{"uv":[5.5,5.5,3.5,5.5],"texture":"#main"},"up":{"uv":[5.5,5.5,6.25,3.5],"texture":"#main"},"down":{"uv":[6.25,3.5,7,5.5],"texture":"#main"}}},{"from":[5.3,1.1,7.1],"to":[8.6,1.1,15.1],"rotation":{"angle":-45,"axis":"x","origin":[6.45,1.1,7.1]},"faces":{"north":{"uv":[5.5,5.5,6.25,5.5],"texture":"#main"},"east":{"uv":[3.5,5.5,5.5,5.5],"texture":"#main"},"south":{"uv":[8.25,5.5,9,5.5],"texture":"#main"},"west":{"uv":[6.25,5.5,8.25,5.5],"texture":"#main"},"up":{"uv":[6.25,5.5,5.5,3.5],"texture":"#main"},"down":{"uv":[7,3.5,6.25,5.5],"texture":"#main"}}},{"from":[6.175,1.1,15.1],"to":[12.475,1.1,19.1],"shade":false,"rotation":{"angle":-45,"axis":"x","origin":[9.35,1.1,7.1]},"faces":{"north":{"uv":[7.5,1.75,6,1.75],"texture":"#main"},"east":{"uv":[8.5,1.75,7.5,1.75],"texture":"#main"},"south":{"uv":[10,1.75,8.5,1.75],"texture":"#main"},"west":{"uv":[6,1.75,5,1.75],"texture":"#main"},"up":{"uv":[6,1.75,7.5,0.75],"texture":"#main"},"down":{"uv":[7.5,0.75,9,1.75],"texture":"#main"}}},{"from":[3.325,1.1,15.1],"to":[9.625,1.1,19.1],"rotation":{"angle":-45,"axis":"x","origin":[6.45,1.1,7.1]},"faces":{"north":{"uv":[6,1.75,7.5,1.75],"texture":"#main"},"east":{"uv":[5,1.75,6,1.75],"texture":"#main"},"south":{"uv":[8.5,1.75,10,1.75],"texture":"#main"},"west":{"uv":[7.5,1.75,8.5,1.75],"texture":"#main"},"up":{"uv":[7.5,1.75,6,0.75],"texture":"#main"},"down":{"uv":[9,0.75,7.5,1.75],"texture":"#main"}}},{"from":[-5.6,30.1,3.6],"to":[5.4,30.1,6.6],"rotation":{"angle":22.5,"axis":"z","origin":[4.9,30.5,5.1]},"faces":{"north":{"uv":[4.25,3.5,7,3.5],"texture":"#main"},"east":{"uv":[3.5,3.5,4.25,3.5],"texture":"#main"},"south":{"uv":[7.75,3.5,10.5,3.5],"texture":"#main"},"west":{"uv":[7,3.5,7.75,3.5],"texture":"#main"},"up":{"uv":[7,3.5,4.25,2.75],"texture":"#main"},"down":{"uv":[9.75,2.75,7,3.5],"texture":"#main"}}},{"from":[-5.6,30.1,6.5],"to":[5.4,30.1,9.5],"rotation":{"angle":22.5,"axis":"z","origin":[4.9,30.5,6.1]},"faces":{"north":{"uv":[4.25,3.5,7,3.5],"texture":"#main"},"east":{"uv":[3.5,3.5,4.25,3.5],"texture":"#main"},"south":{"uv":[7.75,3.5,10.5,3.5],"texture":"#main"},"west":{"uv":[7,3.5,7.75,3.5],"texture":"#main"},"up":{"uv":[7,3.5,4.25,2.75],"texture":"#main"},"down":{"uv":[9.75,2.75,7,3.5],"texture":"#main"}}},{"from":[4.9,25.1,3.6],"to":[10.9,30.1,9.6],"rotation":{"angle":0,"axis":"y","origin":[7.9,7.1,5.6]},"faces":{"north":{"uv":[1.5,1.5,3,2.75],"texture":"#main"},"east":{"uv":[0,1.5,1.5,2.75],"texture":"#main"},"south":{"uv":[4.5,1.5,6,2.75],"texture":"#main"},"west":{"uv":[3,1.5,4.5,2.75],"texture":"#main"},"up":{"uv":[3,1.5,1.5,0],"texture":"#main"},"down":{"uv":[4.5,0,3,1.5],"texture":"#main"}}},{"from":[7.3,28.7,3.4],"to":[8.6,30.4,5],"rotation":{"angle":0,"axis":"y","origin":[7.9,7.1,5.6]},"faces":{"north":{"uv":[0.25,1.25,0.5,1.5],"texture":"#main"},"east":{"uv":[0,1.25,0.25,1.5],"texture":"#main"},"south":{"uv":[0.75,1.25,1,1.5],"texture":"#main"},"west":{"uv":[0.5,1.25,0.75,1.5],"texture":"#main"},"up":{"uv":[0.5,1.25,0.25,1],"texture":"#main"},"down":{"uv":[0.75,1,0.5,1.25],"texture":"#main"}}},{"from":[10.3,30.1,6.5],"to":[21.3,30.1,9.5],"shade":false,"rotation":{"angle":-22.5,"axis":"z","origin":[10.9,30.5,6.1]},"faces":{"north":{"uv":[7,3.5,4.25,3.5],"texture":"#main"},"east":{"uv":[7.75,3.5,7,3.5],"texture":"#main"},"south":{"uv":[10.5,3.5,7.75,3.5],"texture":"#main"},"west":{"uv":[4.25,3.5,3.5,3.5],"texture":"#main"},"up":{"uv":[4.25,3.5,7,2.75],"texture":"#main"},"down":{"uv":[7,2.75,9.75,3.5],"texture":"#main"}}},{"from":[10.4,30.1,3.6],"to":[21.4,30.1,6.6],"shade":false,"rotation":{"angle":-22.5,"axis":"z","origin":[10.9,30.5,5.1]},"faces":{"north":{"uv":[7,3.5,4.25,3.5],"texture":"#main"},"east":{"uv":[7.75,3.5,7,3.5],"texture":"#main"},"south":{"uv":[10.5,3.5,7.75,3.5],"texture":"#main"},"west":{"uv":[4.25,3.5,3.5,3.5],"texture":"#main"},"up":{"uv":[4.25,3.5,7,2.75],"texture":"#main"},"down":{"uv":[7,2.75,9.75,3.5],"texture":"#main"}}},{"from":[9.5,23.3,5.1],"to":[18.5,23.3,8.4],"shade":false,"rotation":{"angle":-22.5,"axis":"z","origin":[9,23.1,6.75]},"faces":{"north":{"uv":[6.75,0.75,4.5,0.75],"texture":"#main"},"east":{"uv":[7.5,0.75,6.75,0.75],"texture":"#main"},"south":{"uv":[9.75,0.75,7.5,0.75],"texture":"#main"},"west":{"uv":[4.5,0.75,3.75,0.75],"texture":"#main"},"up":{"uv":[4.5,0.75,6.75,0],"texture":"#main"},"down":{"uv":[6.75,0,9,0.75],"texture":"#main"}}},{"from":[-2.7,23.3,5.1],"to":[6.3,23.3,8.4],"rotation":{"angle":22.5,"axis":"z","origin":[6.8,23.1,6.75]},"faces":{"north":{"uv":[4.5,0.75,6.75,0.75],"texture":"#main"},"east":{"uv":[3.75,0.75,4.5,0.75],"texture":"#main"},"south":{"uv":[7.5,0.75,9.75,0.75],"texture":"#main"},"west":{"uv":[6.75,0.75,7.5,0.75],"texture":"#main"},"up":{"uv":[6.75,0.75,4.5,0],"texture":"#main"},"down":{"uv":[9,0,6.75,0.75],"texture":"#main"}}},{"from":[4.9,13.1,3.9],"to":[10.9,17.8,9.5],"rotation":{"angle":0,"axis":"y","origin":[7.9,7.1,5.6]},"faces":{"north":{"uv":[1.25,4,2.75,5],"texture":"#main"},"east":{"uv":[0,4,1.25,5],"texture":"#main"},"south":{"uv":[4,4,5.5,5],"texture":"#main"},"west":{"uv":[2.75,4,4,5],"texture":"#main"},"up":{"uv":[2.75,4,1.25,2.75],"texture":"#main"},"down":{"uv":[4.25,2.75,2.75,4],"texture":"#main"}}},{"from":[5.3,17.1,4.1],"to":[10.6,22.1,9.2],"rotation":{"angle":0,"axis":"y","origin":[7.9,7.1,5.6]},"faces":{"north":{"uv":[1.25,6.25,2.5,7.5],"texture":"#main"},"east":{"uv":[0,6.25,1.25,7.5],"texture":"#main"},"south":{"uv":[3.75,6.25,5,7.5],"texture":"#main"},"west":{"uv":[2.5,6.25,3.75,7.5],"texture":"#main"},"up":{"uv":[2.5,6.25,1.25,5],"texture":"#main"},"down":{"uv":[3.75,5,2.5,6.25],"texture":"#main"}}},{"from":[6.3,21.1,5.1],"to":[9.6,25.1,8.4],"rotation":{"angle":0,"axis":"y","origin":[7.9,7.1,5.6]},"faces":{"north":{"uv":[5.75,6.25,6.5,7.25],"texture":"#main"},"east":{"uv":[5,6.25,5.75,7.25],"texture":"#main"},"south":{"uv":[7.25,6.25,8,7.25],"texture":"#main"},"west":{"uv":[6.5,6.25,7.25,7.25],"texture":"#main"},"up":{"uv":[6.5,6.25,5.75,5.5],"texture":"#main"},"down":{"uv":[7.25,5.5,6.5,6.25],"texture":"#main"}}},{"from":[8.8,13.5,3.2],"to":[11.8,17.5,3.2],"rotation":{"angle":-22.5,"axis":"x","origin":[10.3,15.5,3.15]},"faces":{"north":{"uv":[0,0,0.75,1],"texture":"#main"},"east":{"uv":[0,0,0,1],"texture":"#main"},"south":{"uv":[0.75,0,1.5,1],"texture":"#main"},"west":{"uv":[0.75,0,0.75,1],"texture":"#main"},"up":{"uv":[0.75,0,0,0],"texture":"#main"},"down":{"uv":[1.5,0,0.75,0],"texture":"#main"}}},{"from":[4,13.5,3.2],"to":[7,17.5,3.2],"shade":false,"rotation":{"angle":-22.5,"axis":"x","origin":[5.5,15.5,3.15]},"faces":{"north":{"uv":[0.75,0,0,1],"texture":"#main"},"east":{"uv":[0.75,0,0.75,1],"texture":"#main"},"south":{"uv":[1.5,0,0.75,1],"texture":"#main"},"west":{"uv":[0,0,0,1],"texture":"#main"},"up":{"uv":[0,0,0.75,0],"texture":"#main"},"down":{"uv":[0.75,0,1.5,0],"texture":"#main"}}}],"display":{"head":{"translation":[0,-30,0],"scale":[0.6,0.6,0.6]}},"groups":[{"name":"mesprit","origin":[0,0,0],"color":0,"children":[{"name":"tail","origin":[-1.45,2,1.5],"color":0,"children":[0,1,2,3,4,5]},{"name":"head","origin":[3,31.4,-0.5],"color":0,"children":[6,7,8,9,10,11]},{"name":"arms","origin":[-1.1,24,1.15],"color":0,"children":[12,13]},{"name":"body","origin":[0,8,0],"color":0,"children":[14,15,16]},{"name":"legs","origin":[-2.4,16.4,-2.45],"color":0,"children":[17,18]}]}]}