{"parent":"physical_parent","textures":{"main":"pokemon/mewtwo-mega-y"},"elements":[{"from":[2,0,5],"to":[8,5,11],"faces":{"east":{"uv":[0,2.25,0.75,2.875],"texture":"#main"},"south":{"uv":[2.25,2.25,3,2.875],"texture":"#main"},"north":{"uv":[0.75,2.25,1.5,2.875],"texture":"#main"},"west":{"uv":[1.5,2.25,2.25,2.875],"texture":"#main"},"up":{"uv":[1.5,2.25,0.75,1.5],"texture":"#main"},"down":{"uv":[2.25,1.5,1.5,2.25],"texture":"#main"}}},{"from":[2,5,6],"to":[8,13,10],"faces":{"east":{"uv":[3,2,3.5,3],"texture":"#main"},"south":{"uv":[4.75,2,5.5,3],"texture":"#main"},"north":{"uv":[3.5,2,4.25,3],"texture":"#main"},"west":{"uv":[4.25,2,4.75,3],"texture":"#main"},"up":{"uv":[4.25,2,3.5,1.5],"texture":"#main"},"down":{"uv":[5,1.5,4.25,2],"texture":"#main"}}},{"from":[0,-1,6],"to":[2,5,10],"faces":{"east":{"uv":[0,5.75,0.5,6.5],"texture":"#main"},"south":{"uv":[1.25,5.75,1.5,6.5],"texture":"#main"},"north":{"uv":[0.5,5.75,0.75,6.5],"texture":"#main"},"west":{"uv":[0.75,5.75,1.25,6.5],"texture":"#main"},"up":{"uv":[0.75,5.75,0.5,5.25],"texture":"#main"},"down":{"uv":[1,5.25,0.75,5.75],"texture":"#main"}}},{"from":[8,-1,6],"to":[10,5,10],"faces":{"east":{"uv":[1.5,5.75,2,6.5],"texture":"#main"},"south":{"uv":[2.75,5.75,3,6.5],"texture":"#main"},"north":{"uv":[2,5.75,2.25,6.5],"texture":"#main"},"west":{"uv":[2.25,5.75,2.75,6.5],"texture":"#main"},"up":{"uv":[2.25,5.75,2,5.25],"texture":"#main"},"down":{"uv":[2.5,5.25,2.25,5.75],"texture":"#main"}}},{"rotation":{"origin":[5,-2,8],"angle":-22.5,"axis":"x"},"from":[8.01,-8,7],"to":[10.01,0,10],"faces":{"east":{"uv":[0,6.875,0.375,7.875],"texture":"#main"},"south":{"uv":[1,6.875,1.25,7.875],"texture":"#main"},"north":{"uv":[0.375,6.875,0.625,7.875],"texture":"#main"},"west":{"uv":[0.625,6.875,1,7.875],"texture":"#main"},"up":{"uv":[0.625,6.875,0.375,6.5],"texture":"#main"},"down":{"uv":[0.875,6.5,0.625,6.875],"texture":"#main"}}},{"rotation":{"origin":[5,-2,8],"angle":-22.5,"axis":"x"},"from":[0.01,-8,7],"to":[2.01,0,10],"faces":{"east":{"uv":[1.25,6.875,1.625,7.875],"texture":"#main"},"south":{"uv":[2.25,6.875,2.5,7.875],"texture":"#main"},"north":{"uv":[1.625,6.875,1.875,7.875],"texture":"#main"},"west":{"uv":[1.875,6.875,2.25,7.875],"texture":"#main"},"up":{"uv":[1.875,6.875,1.625,6.5],"texture":"#main"},"down":{"uv":[2.125,6.5,1.875,6.875],"texture":"#main"}}},{"rotation":{"origin":[5,-2,8],"angle":-22.5,"axis":"x"},"from":[0.5,-9,6],"to":[1.5,-6,7],"faces":{"east":{"uv":[1.5,9,1.625,9.375],"texture":"#main"},"south":{"uv":[1.875,9,2,9.375],"texture":"#main"},"north":{"uv":[1.625,9,1.75,9.375],"texture":"#main"},"west":{"uv":[1.75,9,1.875,9.375],"texture":"#main"},"up":{"uv":[1.75,9,1.625,8.875],"texture":"#main"},"down":{"uv":[1.875,8.875,1.75,9],"texture":"#main"}}},{"rotation":{"origin":[5,-2,8],"angle":-22.5,"axis":"x"},"from":[8.5,-9,6],"to":[9.5,-6,7],"faces":{"east":{"uv":[2,9,2.125,9.375],"texture":"#main"},"south":{"uv":[2.375,9,2.5,9.375],"texture":"#main"},"north":{"uv":[2.125,9,2.25,9.375],"texture":"#main"},"west":{"uv":[2.25,9,2.375,9.375],"texture":"#main"},"up":{"uv":[2.25,9,2.125,8.875],"texture":"#main"},"down":{"uv":[2.375,8.875,2.25,9],"texture":"#main"}}},{"rotation":{"origin":[5.51,-1.4588,6.69344],"angle":-22.5,"axis":"x"},"from":[-0.99,-7.4588,6.6934],"to":[0.01,-6.4588,7.6934],"faces":{"east":{"uv":[4.5,9,4.625,9.125],"texture":"#main"},"south":{"uv":[4.875,9,5,9.125],"texture":"#main"},"north":{"uv":[4.625,9,4.75,9.125],"texture":"#main"},"west":{"uv":[4.75,9,4.875,9.125],"texture":"#main"},"up":{"uv":[4.75,9,4.625,8.875],"texture":"#main"},"down":{"uv":[4.875,8.875,4.75,9],"texture":"#main"}}},{"rotation":{"origin":[5.51,-1.4588,6.69344],"angle":-22.5,"axis":"x"},"from":[2.01,-7.4588,6.6934],"to":[3.01,-6.4588,7.6934],"faces":{"east":{"uv":[0,9.5,0.125,9.625],"texture":"#main"},"south":{"uv":[0.375,9.5,0.5,9.625],"texture":"#main"},"north":{"uv":[0.125,9.5,0.25,9.625],"texture":"#main"},"west":{"uv":[0.25,9.5,0.375,9.625],"texture":"#main"},"up":{"uv":[0.25,9.5,0.125,9.375],"texture":"#main"},"down":{"uv":[0.375,9.375,0.25,9.5],"texture":"#main"}}},{"rotation":{"origin":[5.51,-1.4588,6.69344],"angle":-22.5,"axis":"x"},"from":[10.01,-7.4588,6.6934],"to":[11.01,-6.4588,7.6934],"faces":{"east":{"uv":[4,9.25,4.125,9.375],"texture":"#main"},"south":{"uv":[4.375,9.25,4.5,9.375],"texture":"#main"},"north":{"uv":[4.125,9.25,4.25,9.375],"texture":"#main"},"west":{"uv":[4.25,9.25,4.375,9.375],"texture":"#main"},"up":{"uv":[4.25,9.25,4.125,9.125],"texture":"#main"},"down":{"uv":[4.375,9.125,4.25,9.25],"texture":"#main"}}},{"rotation":{"origin":[5.51,-1.4588,6.69344],"angle":-22.5,"axis":"x"},"from":[7.01,-7.4588,6.6934],"to":[8.01,-6.4588,7.6934],"faces":{"east":{"uv":[0.5,9.5,0.625,9.625],"texture":"#main"},"south":{"uv":[0.875,9.5,1,9.625],"texture":"#main"},"north":{"uv":[0.625,9.5,0.75,9.625],"texture":"#main"},"west":{"uv":[0.75,9.5,0.875,9.625],"texture":"#main"},"up":{"uv":[0.75,9.5,0.625,9.375],"texture":"#main"},"down":{"uv":[0.875,9.375,0.75,9.5],"texture":"#main"}}},{"from":[4,13,7],"to":[6,15,9],"faces":{"east":{"uv":[3.25,8.125,3.5,8.375],"texture":"#main"},"south":{"uv":[4,8.125,4.25,8.375],"texture":"#main"},"north":{"uv":[3.5,8.125,3.75,8.375],"texture":"#main"},"west":{"uv":[3.75,8.125,4,8.375],"texture":"#main"},"up":{"uv":[3.75,8.125,3.5,7.875],"texture":"#main"},"down":{"uv":[4,7.875,3.75,8.125],"texture":"#main"}}},{"rotation":{"origin":[5,4,8],"angle":-45,"axis":"z"},"from":[-3,2,7],"to":[-1,8,9],"faces":{"east":{"uv":[5.75,6.75,6,7.5],"texture":"#main"},"south":{"uv":[6.5,6.75,6.75,7.5],"texture":"#main"},"north":{"uv":[6,6.75,6.25,7.5],"texture":"#main"},"west":{"uv":[6.25,6.75,6.5,7.5],"texture":"#main"},"up":{"uv":[6.25,6.75,6,6.5],"texture":"#main"},"down":{"uv":[6.5,6.5,6.25,6.75],"texture":"#main"}}},{"rotation":{"origin":[5,4,8],"angle":45,"axis":"z"},"from":[11,2,7],"to":[13,8,9],"faces":{"east":{"uv":[0,8.125,0.25,8.875],"texture":"#main"},"south":{"uv":[0.75,8.125,1,8.875],"texture":"#main"},"north":{"uv":[0.25,8.125,0.5,8.875],"texture":"#main"},"west":{"uv":[0.5,8.125,0.75,8.875],"texture":"#main"},"up":{"uv":[0.5,8.125,0.25,7.875],"texture":"#main"},"down":{"uv":[0.75,7.875,0.5,8.125],"texture":"#main"}}},{"rotation":{"origin":[5,4,8],"angle":45,"axis":"z"},"from":[11,1,0],"to":[13,4,7],"faces":{"east":{"uv":[2.25,3.875,3.125,4.25],"texture":"#main"},"south":{"uv":[4.25,3.875,4.5,4.25],"texture":"#main"},"north":{"uv":[3.125,3.875,3.375,4.25],"texture":"#main"},"west":{"uv":[3.375,3.875,4.25,4.25],"texture":"#main"},"up":{"uv":[3.375,3.875,3.125,3],"texture":"#main"},"down":{"uv":[3.625,3,3.375,3.875],"texture":"#main"}}},{"rotation":{"origin":[5,4,8],"angle":-45,"axis":"z"},"from":[-3,1,0],"to":[-1,4,7],"faces":{"east":{"uv":[0,3.875,0.875,4.25],"texture":"#main"},"south":{"uv":[2,3.875,2.25,4.25],"texture":"#main"},"north":{"uv":[0.875,3.875,1.125,4.25],"texture":"#main"},"west":{"uv":[1.125,3.875,2,4.25],"texture":"#main"},"up":{"uv":[1.125,3.875,0.875,3],"texture":"#main"},"down":{"uv":[1.375,3,1.125,3.875],"texture":"#main"}}},{"rotation":{"origin":[5,4,8],"angle":-45,"axis":"z"},"from":[-2,3,-1],"to":[0,4,0],"faces":{"east":{"uv":[0,9.25,0.125,9.375],"texture":"#main"},"south":{"uv":[0.5,9.25,0.75,9.375],"texture":"#main"},"north":{"uv":[0.125,9.25,0.375,9.375],"texture":"#main"},"west":{"uv":[0.375,9.25,0.5,9.375],"texture":"#main"},"up":{"uv":[0.375,9.25,0.125,9.125],"texture":"#main"},"down":{"uv":[0.625,9.125,0.375,9.25],"texture":"#main"}}},{"rotation":{"origin":[5,4,8],"angle":-45,"axis":"z"},"from":[-2,1,-1],"to":[0,2,0],"faces":{"east":{"uv":[0,9,0.125,9.125],"texture":"#main"},"south":{"uv":[0.5,9,0.75,9.125],"texture":"#main"},"north":{"uv":[0.125,9,0.375,9.125],"texture":"#main"},"west":{"uv":[0.375,9,0.5,9.125],"texture":"#main"},"up":{"uv":[0.375,9,0.125,8.875],"texture":"#main"},"down":{"uv":[0.625,8.875,0.375,9],"texture":"#main"}}},{"rotation":{"origin":[5,4,8],"angle":-45,"axis":"z"},"from":[-2,4,1],"to":[0,5,2],"faces":{"east":{"uv":[2.5,9.25,2.625,9.375],"texture":"#main"},"south":{"uv":[3,9.25,3.25,9.375],"texture":"#main"},"north":{"uv":[2.625,9.25,2.875,9.375],"texture":"#main"},"west":{"uv":[2.875,9.25,3,9.375],"texture":"#main"},"up":{"uv":[2.875,9.25,2.625,9.125],"texture":"#main"},"down":{"uv":[3.125,9.125,2.875,9.25],"texture":"#main"}}},{"rotation":{"origin":[5,4,8],"angle":45,"axis":"z"},"from":[10,4,1],"to":[12,5,2],"faces":{"east":{"uv":[2.5,9,2.625,9.125],"texture":"#main"},"south":{"uv":[3,9,3.25,9.125],"texture":"#main"},"north":{"uv":[2.625,9,2.875,9.125],"texture":"#main"},"west":{"uv":[2.875,9,3,9.125],"texture":"#main"},"up":{"uv":[2.875,9,2.625,8.875],"texture":"#main"},"down":{"uv":[3.125,8.875,2.875,9],"texture":"#main"}}},{"rotation":{"origin":[5,4,8],"angle":45,"axis":"z"},"from":[10,3,-1],"to":[12,4,0],"faces":{"east":{"uv":[0.75,9,0.875,9.125],"texture":"#main"},"south":{"uv":[1.25,9,1.5,9.125],"texture":"#main"},"north":{"uv":[0.875,9,1.125,9.125],"texture":"#main"},"west":{"uv":[1.125,9,1.25,9.125],"texture":"#main"},"up":{"uv":[1.125,9,0.875,8.875],"texture":"#main"},"down":{"uv":[1.375,8.875,1.125,9],"texture":"#main"}}},{"rotation":{"origin":[5,4,8],"angle":45,"axis":"z"},"from":[10,1,-1],"to":[12,2,0],"faces":{"east":{"uv":[3.25,9,3.375,9.125],"texture":"#main"},"south":{"uv":[3.75,9,4,9.125],"texture":"#main"},"north":{"uv":[3.375,9,3.625,9.125],"texture":"#main"},"west":{"uv":[3.625,9,3.75,9.125],"texture":"#main"},"up":{"uv":[3.625,9,3.375,8.875],"texture":"#main"},"down":{"uv":[3.875,8.875,3.625,9],"texture":"#main"}}},{"from":[2,15,5],"to":[8,21,11],"faces":{"east":{"uv":[6,0.75,6.75,1.5],"texture":"#main"},"south":{"uv":[8.25,0.75,9,1.5],"texture":"#main"},"north":{"uv":[6.75,0.75,7.5,1.5],"texture":"#main"},"west":{"uv":[7.5,0.75,8.25,1.5],"texture":"#main"},"up":{"uv":[7.5,0.75,6.75,0],"texture":"#main"},"down":{"uv":[8.25,0,7.5,0.75],"texture":"#main"}}},{"rotation":{"origin":[5,4,8],"angle":-22.5,"axis":"x"},"from":[3,15,9],"to":[7,17,11],"faces":{"east":{"uv":[1,8.125,1.25,8.375],"texture":"#main"},"south":{"uv":[2,8.125,2.5,8.375],"texture":"#main"},"north":{"uv":[1.25,8.125,1.75,8.375],"texture":"#main"},"west":{"uv":[1.75,8.125,2,8.375],"texture":"#main"},"up":{"uv":[1.75,8.125,1.25,7.875],"texture":"#main"},"down":{"uv":[2.25,7.875,1.75,8.125],"texture":"#main"}}},{"rotation":{"origin":[5,4,8],"angle":-22.5,"axis":"x"},"from":[1,17,12],"to":[2,21,14],"faces":{"east":{"uv":[4.25,8.125,4.5,8.625],"texture":"#main"},"south":{"uv":[4.875,8.125,5,8.625],"texture":"#main"},"north":{"uv":[4.5,8.125,4.625,8.625],"texture":"#main"},"west":{"uv":[4.625,8.125,4.875,8.625],"texture":"#main"},"up":{"uv":[4.625,8.125,4.5,7.875],"texture":"#main"},"down":{"uv":[4.75,7.875,4.625,8.125],"texture":"#main"}}},{"rotation":{"origin":[5,4,8],"angle":-22.5,"axis":"x"},"from":[1,21,13],"to":[2,22,14],"faces":{"east":{"uv":[4,9,4.125,9.125],"texture":"#main"},"south":{"uv":[4.375,9,4.5,9.125],"texture":"#main"},"north":{"uv":[4.125,9,4.25,9.125],"texture":"#main"},"west":{"uv":[4.25,9,4.375,9.125],"texture":"#main"},"up":{"uv":[4.25,9,4.125,8.875],"texture":"#main"},"down":{"uv":[4.375,8.875,4.25,9],"texture":"#main"}}},{"rotation":{"origin":[5,4,8],"angle":-22.5,"axis":"x"},"from":[8,21,13],"to":[9,22,14],"faces":{"east":{"uv":[3.25,9.25,3.375,9.375],"texture":"#main"},"south":{"uv":[3.625,9.25,3.75,9.375],"texture":"#main"},"north":{"uv":[3.375,9.25,3.5,9.375],"texture":"#main"},"west":{"uv":[3.5,9.25,3.625,9.375],"texture":"#main"},"up":{"uv":[3.5,9.25,3.375,9.125],"texture":"#main"},"down":{"uv":[3.625,9.125,3.5,9.25],"texture":"#main"}}},{"rotation":{"origin":[5,4,8],"angle":-22.5,"axis":"x"},"from":[8,17,12],"to":[9,21,14],"faces":{"east":{"uv":[2.5,8.125,2.75,8.625],"texture":"#main"},"south":{"uv":[3.125,8.125,3.25,8.625],"texture":"#main"},"north":{"uv":[2.75,8.125,2.875,8.625],"texture":"#main"},"west":{"uv":[2.875,8.125,3.125,8.625],"texture":"#main"},"up":{"uv":[2.875,8.125,2.75,7.875],"texture":"#main"},"down":{"uv":[3,7.875,2.875,8.125],"texture":"#main"}}},{"rotation":{"origin":[5,6,2],"angle":22.5,"axis":"x"},"from":[8,21,3],"to":[9,25,5],"faces":{"east":{"uv":[5.75,8.125,6,8.625],"texture":"#main"},"south":{"uv":[6.375,8.125,6.5,8.625],"texture":"#main"},"north":{"uv":[6,8.125,6.125,8.625],"texture":"#main"},"west":{"uv":[6.125,8.125,6.375,8.625],"texture":"#main"},"up":{"uv":[6.125,8.125,6,7.875],"texture":"#main"},"down":{"uv":[6.25,7.875,6.125,8.125],"texture":"#main"}}},{"rotation":{"origin":[5,6,2],"angle":22.5,"axis":"x"},"from":[1,21,3],"to":[2,25,5],"faces":{"east":{"uv":[5,8.125,5.25,8.625],"texture":"#main"},"south":{"uv":[5.625,8.125,5.75,8.625],"texture":"#main"},"north":{"uv":[5.25,8.125,5.375,8.625],"texture":"#main"},"west":{"uv":[5.375,8.125,5.625,8.625],"texture":"#main"},"up":{"uv":[5.375,8.125,5.25,7.875],"texture":"#main"},"down":{"uv":[5.5,7.875,5.375,8.125],"texture":"#main"}}},{"rotation":{"origin":[5,6,2],"angle":22.5,"axis":"x"},"from":[1,25,3],"to":[9,26,5],"faces":{"east":{"uv":[4,4.5,4.25,4.625],"texture":"#main"},"south":{"uv":[5.5,4.5,6.5,4.625],"texture":"#main"},"north":{"uv":[4.25,4.5,5.25,4.625],"texture":"#main"},"west":{"uv":[5.25,4.5,5.5,4.625],"texture":"#main"},"up":{"uv":[5.25,4.5,4.25,4.25],"texture":"#main"},"down":{"uv":[6.25,4.25,5.25,4.5],"texture":"#main"}}},{"rotation":{"origin":[5,4.52868,6.34214],"angle":22.5,"axis":"x"},"from":[2.01,15.5287,4.3421],"to":[8.01,21.5287,10.3421],"faces":{"east":{"uv":[3,0.75,3.75,1.5],"texture":"#main"},"south":{"uv":[5.25,0.75,6,1.5],"texture":"#main"},"north":{"uv":[3.75,0.75,4.5,1.5],"texture":"#main"},"west":{"uv":[4.5,0.75,5.25,1.5],"texture":"#main"},"up":{"uv":[4.5,0.75,3.75,0],"texture":"#main"},"down":{"uv":[5.25,0,4.5,0.75],"texture":"#main"}}},{"rotation":{"origin":[5,15.8938,-0.69341],"angle":-22.5,"axis":"x"},"from":[2.02,5.8938,10.3066],"to":[8.02,11.8938,16.3066],"faces":{"east":{"uv":[0,0.75,0.75,1.5],"texture":"#main","rotation":270},"south":{"uv":[2.25,0.75,3,1.5],"texture":"#main"},"north":{"uv":[0.75,0.75,1.5,1.5],"texture":"#main","rotation":180},"west":{"uv":[1.5,0.75,2.25,1.5],"texture":"#main","rotation":90},"up":{"uv":[1.5,0.75,0.75,0],"texture":"#main","rotation":180},"down":{"uv":[2.25,0,1.5,0.75],"texture":"#main"}}},{"rotation":{"origin":[5,15.8938,-0.69341],"angle":-22.5,"axis":"x"},"from":[2.5,-0.1062,10.5],"to":[7.5,5.8938,15.5],"faces":{"east":{"uv":[5.5,2.125,6.125,2.875],"texture":"#main"},"south":{"uv":[7.375,2.125,8,2.875],"texture":"#main"},"north":{"uv":[6.125,2.125,6.75,2.875],"texture":"#main","rotation":180},"west":{"uv":[6.75,2.125,7.375,2.875],"texture":"#main","rotation":90},"up":{"uv":[6.75,2.125,6.125,1.5],"texture":"#main","rotation":180},"down":{"uv":[7.375,1.5,6.75,2.125],"texture":"#main"}}},{"rotation":{"origin":[-0.89021,18.84674,4.2116],"angle":22.5,"axis":"z"},"from":[-2.8602,-2.1533,16.01],"to":[1.1398,3.8467,20.01],"faces":{"east":{"uv":[4.5,3.5,5,4.25],"texture":"#main","rotation":270},"south":{"uv":[6,3.5,6.5,4.25],"texture":"#main"},"north":{"uv":[5,3.5,5.5,4.25],"texture":"#main","rotation":180},"west":{"uv":[5.5,3.5,6,4.25],"texture":"#main","rotation":90},"up":{"uv":[5.5,3.5,5,3],"texture":"#main","rotation":180},"down":{"uv":[6,3,5.5,3.5],"texture":"#main"}}},{"from":[3.03,4.2347,16.2116],"to":[7.03,7.2347,20.2116],"faces":{"east":{"uv":[6.5,4.75,7,5.125],"texture":"#main","rotation":270},"south":{"uv":[8,4.75,8.5,5.125],"texture":"#main"},"north":{"uv":[7,4.75,7.5,5.125],"texture":"#main","rotation":180},"west":{"uv":[7.5,4.75,8,5.125],"texture":"#main","rotation":90},"up":{"uv":[7.5,4.75,7,4.25],"texture":"#main","rotation":180},"down":{"uv":[8,4.25,7.5,4.75],"texture":"#main"}}},{"rotation":{"origin":[-2.47329,20.59048,4.2116],"angle":45,"axis":"z"},"from":[-11.5,-6.4095,16.5],"to":[-8.5,-0.4095,19.5],"faces":{"east":{"uv":[4.75,5.625,5.125,6.375],"texture":"#main","rotation":270},"south":{"uv":[5.875,5.625,6.25,6.375],"texture":"#main"},"north":{"uv":[5.125,5.625,5.5,6.375],"texture":"#main","rotation":180},"west":{"uv":[5.5,5.625,5.875,6.375],"texture":"#main","rotation":90},"up":{"uv":[5.5,5.625,5.125,5.25],"texture":"#main","rotation":180},"down":{"uv":[5.875,5.25,5.5,5.625],"texture":"#main"}}},{"rotation":{"origin":[-11.25463,13.7878,4.2116],"angle":-22.5,"axis":"z"},"from":[15.7454,4.7611,16.501],"to":[19.7454,7.7611,19.501],"faces":{"east":{"uv":[2.5,6.875,2.875,7.25],"texture":"#main","rotation":270},"south":{"uv":[3.75,6.875,4.25,7.25],"texture":"#main"},"north":{"uv":[2.875,6.875,3.375,7.25],"texture":"#main","rotation":270},"west":{"uv":[3.375,6.875,3.75,7.25],"texture":"#main","rotation":270},"up":{"uv":[3.375,6.875,2.875,6.5],"texture":"#main","rotation":180},"down":{"uv":[3.875,6.5,3.375,6.875],"texture":"#main"}}},{"from":[14.9003,-6.01,13.2316],"to":[17.9003,-3.01,16.2316],"faces":{"east":{"uv":[4.25,6.875,4.625,7.25],"texture":"#main"},"south":{"uv":[5.375,6.875,5.75,7.25],"texture":"#main","rotation":270},"north":{"uv":[4.625,6.875,5,7.25],"texture":"#main","rotation":270},"west":{"uv":[5,6.875,5.375,7.25],"texture":"#main","rotation":270},"up":{"uv":[5,6.875,4.625,6.5],"texture":"#main","rotation":90},"down":{"uv":[5.375,6.5,5,6.875],"texture":"#main","rotation":90}}},{"rotation":{"origin":[2.61094,17.84469,47.88902],"angle":-22.5,"axis":"x"},"from":[14.9,8.8403,2.889],"to":[17.9,11.8403,7.889],"faces":{"east":{"uv":[2,4.875,2.625,5.25],"texture":"#main"},"south":{"uv":[3.625,4.875,4,5.25],"texture":"#main","rotation":270},"north":{"uv":[2.625,4.875,3,5.25],"texture":"#main","rotation":270},"west":{"uv":[3,4.875,3.625,5.25],"texture":"#main"},"up":{"uv":[3,4.875,2.625,4.25],"texture":"#main","rotation":90},"down":{"uv":[3.375,4.25,3,4.875],"texture":"#main","rotation":90}}},{"rotation":{"origin":[2.61094,17.84469,47.88902],"angle":-22.5,"axis":"x"},"from":[15.5,9.5,-2.111],"to":[17.5,11.5,2.889],"faces":{"east":{"uv":[3,5.875,3.625,6.125],"texture":"#main"},"south":{"uv":[4.5,5.875,4.75,6.125],"texture":"#main","rotation":270},"north":{"uv":[3.625,5.875,3.875,6.125],"texture":"#main","rotation":270},"west":{"uv":[3.875,5.875,4.5,6.125],"texture":"#main"},"up":{"uv":[3.875,5.875,3.625,5.25],"texture":"#main","rotation":90},"down":{"uv":[4.125,5.25,3.875,5.875],"texture":"#main"}}},{"rotation":{"origin":[2.61094,17.84469,47.88902],"angle":-22.5,"axis":"x"},"from":[15.5,11.5,-4.111],"to":[17.5,16.5,0.889],"faces":{"east":{"uv":[6.5,3.625,7.125,4.25],"texture":"#main","rotation":270},"south":{"uv":[8,3.625,8.25,4.25],"texture":"#main","rotation":270},"north":{"uv":[7.125,3.625,7.375,4.25],"texture":"#main"},"west":{"uv":[7.375,3.625,8,4.25],"texture":"#main","rotation":270},"up":{"uv":[7.375,3.625,7.125,3],"texture":"#main"},"down":{"uv":[7.625,3,7.375,3.625],"texture":"#main","rotation":90}}},{"rotation":{"origin":[-16.24542,-0.00559,34.41177],"angle":-45,"axis":"y"},"from":[-7.956,-6.02,-2.5882],"to":[-4.956,-3.02,2.4118],"faces":{"east":{"uv":[0,4.875,0.625,5.25],"texture":"#main"},"south":{"uv":[1.625,4.875,2,5.25],"texture":"#main","rotation":270},"north":{"uv":[0.625,4.875,1,5.25],"texture":"#main","rotation":270},"west":{"uv":[1,4.875,1.625,5.25],"texture":"#main"},"up":{"uv":[1,4.875,0.625,4.25],"texture":"#main","rotation":90},"down":{"uv":[1.375,4.25,1,4.875],"texture":"#main"}}}],"display":{"head":{"rotation":[-8,0,0],"translation":[4.1739,-13.21,0],"scale":[1.5,1.5,1.5]}}}