{"credit":"Made with Blockbench","texture_size":[32,32],"textures":{"main":"pokemon/mienshao"},"elements":[{"from":[-3.73119,1.80752,-0.65556],"to":[3.54881,6.35752,4.10444],"rotation":{"angle":0,"axis":"y","origin":[-0.09119,8.51877,1.52878]},"faces":{"north":{"uv":[0,0,2.5,1.75],"texture":"#main"},"east":{"uv":[2,6,3.75,7.75],"texture":"#main"},"south":{"uv":[0,2,2.5,3.75],"texture":"#main"},"west":{"uv":[4,6,5.75,7.75],"texture":"#main"},"up":{"uv":[5,1.75,2.5,0],"texture":"#main"},"down":{"uv":[5,2,2.5,3.75],"texture":"#main"}}},{"from":[-2.82119,5.65752,-1.46056],"to":[2.63881,10.20752,2.17944],"rotation":{"angle":-22.5,"axis":"x","origin":[-0.09119,8.63252,1.37444]},"faces":{"north":{"uv":[0,4,2,5.75],"texture":"#main"},"east":{"uv":[8,3.5,9.25,5.25],"texture":"#main"},"south":{"uv":[2,4,4,5.75],"texture":"#main"},"west":{"uv":[5,8,6.25,9.75],"texture":"#main"},"up":{"uv":[9,3.25,7,2],"texture":"#main"},"down":{"uv":[2,8,0,9.25],"texture":"#main"}}},{"from":[-6.06619,7.82752,0.92643],"to":[-2.42619,10.10252,3.20143],"rotation":{"angle":-22.5,"axis":"y","origin":[-0.09119,8.51877,1.52878]},"faces":{"north":{"uv":[12,6.5,13.25,7.25],"texture":"#main"},"east":{"uv":[12.5,2.5,13.25,3.25],"texture":"#main"},"south":{"uv":[12,7.5,13.25,8.25],"texture":"#main"},"west":{"uv":[3,12.5,3.75,13.25],"texture":"#main"},"up":{"uv":[13.25,9.25,12,8.5],"texture":"#main"},"down":{"uv":[13.25,9.5,12,10.25],"texture":"#main"}}},{"from":[-8.07668,6.35752,-3.44109],"to":[-4.89168,10.45252,0.65391],"rotation":{"angle":22.5,"axis":"y","origin":[-6.48418,8.79177,-3.09984]},"faces":{"north":{"uv":[9.5,8,10.75,9.5],"texture":"#main"},"east":{"uv":[2,8,3.5,9.5],"texture":"#main"},"south":{"uv":[9,9.5,10.25,11],"texture":"#main"},"west":{"uv":[3.5,8,5,9.5],"texture":"#main"},"up":{"uv":[11.25,1.5,10,0],"texture":"#main"},"down":{"uv":[5.75,10,4.5,11.5],"texture":"#main"}}},{"from":[-8.07668,9.15752,-6.24109],"to":[-4.89168,10.45252,-3.40609],"rotation":{"angle":22.5,"axis":"y","origin":[-6.48418,11.59177,-3.09984]},"faces":{"north":{"uv":[12,10.5,13.25,11],"texture":"#main"},"east":{"uv":[11,9,12,9.5],"texture":"#main"},"south":{"uv":[12.5,2,13.75,2.5],"texture":"#main"},"west":{"uv":[11.5,1,12.5,1.5],"texture":"#main"},"up":{"uv":[4.25,12.5,3,11.5],"texture":"#main"},"down":{"uv":[5.75,11.5,4.5,12.5],"texture":"#main"}}},{"from":[-7.62168,6.42052,-4.39659],"to":[-5.34668,9.15052,-2.57659],"rotation":{"angle":22.5,"axis":"x","origin":[-6.48418,9.49177,-3.09984]},"faces":{"north":{"uv":[11,12,11.75,13],"texture":"#main"},"east":{"uv":[12,12,12.75,13],"texture":"#main"},"south":{"uv":[0,12.5,0.75,13.5],"texture":"#main"},"west":{"uv":[1,12.5,1.75,13.5],"texture":"#main"},"up":{"uv":[13.25,4.25,12.5,3.5],"texture":"#main"},"down":{"uv":[4.75,12.5,4,13.25],"texture":"#main"}}},{"from":[-8.67168,5.72052,-5.79659],"to":[-6.04668,9.85052,-4.67659],"rotation":{"angle":22.5,"axis":"x","origin":[-6.48418,8.79177,-4.49984]},"faces":{"north":{"uv":[9,11,10,12.5],"texture":"#main"},"east":{"uv":[9,2,9.5,3.5],"texture":"#main"},"south":{"uv":[10,11,11,12.5],"texture":"#main"},"west":{"uv":[7,12,7.5,13.5],"texture":"#main"},"up":{"uv":[8,4,7,3.5],"texture":"#main"},"down":{"uv":[11,1.5,10,2],"texture":"#main"}}},{"from":[-8.66619,1.94752,-6.74556],"to":[-6.04119,6.49752,-6.74556],"rotation":{"angle":0,"axis":"y","origin":[-0.09119,8.51877,1.52878]},"faces":{"north":{"uv":[6,10,7,11.75],"texture":"#main"},"east":{"uv":[0,0,0,1.75],"texture":"#main"},"south":{"uv":[7,10,8,11.75],"texture":"#main"},"west":{"uv":[0,0,0,1.75],"texture":"#main"},"up":{"uv":[1,0,0,0],"texture":"#main"},"down":{"uv":[1,0,0,0],"texture":"#main"}}},{"from":[2.52382,7.82752,0.92643],"to":[6.16382,10.10252,3.20143],"rotation":{"angle":22.5,"axis":"y","origin":[0.18881,8.51877,1.52878]},"faces":{"north":{"uv":[13.25,6.5,12,7.25],"texture":"#main"},"east":{"uv":[3.75,12.5,3,13.25],"texture":"#main"},"south":{"uv":[13.25,7.5,12,8.25],"texture":"#main"},"west":{"uv":[13.25,2.5,12.5,3.25],"texture":"#main"},"up":{"uv":[12,9.25,13.25,8.5],"texture":"#main"},"down":{"uv":[12,9.5,13.25,10.25],"texture":"#main"}}},{"from":[4.98931,6.35752,-3.44109],"to":[8.17431,10.45252,0.65391],"rotation":{"angle":-22.5,"axis":"y","origin":[6.58181,8.79177,-3.09984]},"faces":{"north":{"uv":[10.75,8,9.5,9.5],"texture":"#main"},"east":{"uv":[5,8,3.5,9.5],"texture":"#main"},"south":{"uv":[10.25,9.5,9,11],"texture":"#main"},"west":{"uv":[3.5,8,2,9.5],"texture":"#main"},"up":{"uv":[10,1.5,11.25,0],"texture":"#main"},"down":{"uv":[4.5,10,5.75,11.5],"texture":"#main"}}},{"from":[4.98931,9.15752,-6.24109],"to":[8.17431,10.45252,-3.40609],"rotation":{"angle":-22.5,"axis":"y","origin":[6.58181,11.59177,-3.09984]},"faces":{"north":{"uv":[13.25,10.5,12,11],"texture":"#main"},"east":{"uv":[12.5,1,11.5,1.5],"texture":"#main"},"south":{"uv":[13.75,2,12.5,2.5],"texture":"#main"},"west":{"uv":[12,9,11,9.5],"texture":"#main"},"up":{"uv":[3,12.5,4.25,11.5],"texture":"#main"},"down":{"uv":[4.5,11.5,5.75,12.5],"texture":"#main"}}},{"from":[5.44431,6.42052,-4.39659],"to":[7.71931,9.15052,-2.57659],"rotation":{"angle":22.5,"axis":"x","origin":[6.58181,9.49177,-3.09984]},"faces":{"north":{"uv":[11.75,12,11,13],"texture":"#main"},"east":{"uv":[1.75,12.5,1,13.5],"texture":"#main"},"south":{"uv":[0.75,12.5,0,13.5],"texture":"#main"},"west":{"uv":[12.75,12,12,13],"texture":"#main"},"up":{"uv":[12.5,4.25,13.25,3.5],"texture":"#main"},"down":{"uv":[4,12.5,4.75,13.25],"texture":"#main"}}},{"from":[6.14431,5.72052,-5.79659],"to":[8.76931,9.85052,-4.67659],"rotation":{"angle":22.5,"axis":"x","origin":[6.58181,8.79177,-4.49984]},"faces":{"north":{"uv":[10,11,9,12.5],"texture":"#main"},"east":{"uv":[7.5,12,7,13.5],"texture":"#main"},"south":{"uv":[11,11,10,12.5],"texture":"#main"},"west":{"uv":[9.5,2,9,3.5],"texture":"#main"},"up":{"uv":[7,4,8,3.5],"texture":"#main"},"down":{"uv":[10,1.5,11,2],"texture":"#main"}}},{"from":[6.13881,1.94752,-6.74556],"to":[8.76381,6.49752,-6.74556],"rotation":{"angle":0,"axis":"y","origin":[0.18881,8.51877,1.52878]},"faces":{"north":{"uv":[7,10,6,11.75],"texture":"#main"},"east":{"uv":[0,0,0,1.75],"texture":"#main"},"south":{"uv":[8,10,7,11.75],"texture":"#main"},"west":{"uv":[0,0,0,1.75],"texture":"#main"},"up":{"uv":[0,0,1,0],"texture":"#main"},"down":{"uv":[0,0,1,0],"texture":"#main"}}},{"from":[-1.91119,8.87752,-1.77556],"to":[1.72881,13.91752,1.40944],"rotation":{"angle":0,"axis":"y","origin":[-0.09119,8.51877,1.52878]},"faces":{"north":{"uv":[1.5,9.5,2.75,11.25],"texture":"#main"},"east":{"uv":[9.5,2,10.75,3.75],"texture":"#main"},"south":{"uv":[3,9.5,4.25,11.25],"texture":"#main"},"west":{"uv":[9.5,4,10.75,5.75],"texture":"#main"},"up":{"uv":[12.25,2.75,11,1.5],"texture":"#main"},"down":{"uv":[12.25,3,11,4.25],"texture":"#main"}}},{"from":[-3.6048,13.53252,-3.18466],"to":[-3.6048,16.23452,4.97034],"rotation":{"angle":-22.5,"axis":"y","origin":[-3.6048,14.88352,0.39284]},"faces":{"north":{"uv":[0,0,0,1],"texture":"#main"},"east":{"uv":[10,1,7,2],"texture":"#main"},"south":{"uv":[0,0,0,1],"texture":"#main"},"west":{"uv":[7,1,10,2],"texture":"#main"},"up":{"uv":[0,3,0,0],"texture":"#main"},"down":{"uv":[0,0,0,3],"texture":"#main"}}},{"from":[-2.25769,13.23152,-3.71876],"to":[2.74731,18.23652,1.63624],"rotation":{"angle":0,"axis":"y","origin":[0.24481,8.60189,0.00421]},"faces":{"north":{"uv":[6,4,7.75,5.75],"texture":"#main"},"east":{"uv":[7,0,5,1.75],"texture":"#main"},"south":{"uv":[6,6,7.75,7.75],"texture":"#main"},"west":{"uv":[5,0,7,1.75],"texture":"#main"},"up":{"uv":[6.75,4,5,2],"texture":"#main"},"down":{"uv":[1.75,6,0,8],"texture":"#main"}}},{"from":[2.3805,13.53252,-2.91613],"to":[2.3805,16.23452,5.23887],"rotation":{"angle":22.5,"axis":"y","origin":[-0.14719,8.60189,-2.79579]},"faces":{"north":{"uv":[0,0,0,1],"texture":"#main"},"east":{"uv":[10,1,7,2],"texture":"#main"},"south":{"uv":[0,0,0,1],"texture":"#main"},"west":{"uv":[7,1,10,2],"texture":"#main"},"up":{"uv":[0,3,0,0],"texture":"#main"},"down":{"uv":[0,0,0,3],"texture":"#main"}}},{"from":[-2.29269,15.22652,1.56624],"to":[-2.29269,18.23652,5.17124],"rotation":{"angle":0,"axis":"y","origin":[0.24481,8.60189,0.00421]},"faces":{"north":{"uv":[0,0,0,1],"texture":"#main"},"east":{"uv":[13.25,5.5,12,6.5],"texture":"#main"},"south":{"uv":[0,0,0,1],"texture":"#main"},"west":{"uv":[12,5.5,13.25,6.5],"texture":"#main"},"up":{"uv":[0,1.25,0,0],"texture":"#main"},"down":{"uv":[0,0,0,1.25],"texture":"#main"}}},{"from":[2.81031,15.22652,1.56624],"to":[2.81031,18.23652,5.17124],"rotation":{"angle":0,"axis":"y","origin":[-7.14719,8.60189,0.00421]},"faces":{"north":{"uv":[0,0,0,1],"texture":"#main"},"east":{"uv":[13.25,5.5,12,6.5],"texture":"#main"},"south":{"uv":[0,0,0,1],"texture":"#main"},"west":{"uv":[12,5.5,13.25,6.5],"texture":"#main"},"up":{"uv":[0,1.25,0,0],"texture":"#main"},"down":{"uv":[0,0,0,1.25],"texture":"#main"}}},{"from":[-1.75719,11.58885,-7.73357],"to":[2.24681,14.09135,-4.88107],"rotation":{"angle":22.5,"axis":"x","origin":[0.24481,8.60189,0.00421]},"faces":{"north":{"uv":[11,11,12.5,12],"texture":"#main"},"east":{"uv":[8,11.5,9,12.5],"texture":"#main"},"south":{"uv":[0,11.5,1.5,12.5],"texture":"#main"},"west":{"uv":[6,12,7,13],"texture":"#main"},"up":{"uv":[13,1,11.5,0],"texture":"#main"},"down":{"uv":[3,11.5,1.5,12.5],"texture":"#main"}}},{"from":[-1.45619,3.1339,4.10303],"to":[1.27381,7.5089,4.10303],"rotation":{"angle":45,"axis":"x","origin":[-0.09119,3.14351,4.10303]},"faces":{"north":{"uv":[11,4.5,12,6],"texture":"#main"},"east":{"uv":[0,0,0,1.5],"texture":"#main"},"south":{"uv":[11,7.5,12,9],"texture":"#main"},"west":{"uv":[0,0,0,1.5],"texture":"#main"},"up":{"uv":[1,0,0,0],"texture":"#main"},"down":{"uv":[1,0,0,0],"texture":"#main"}}},{"from":[-1.45619,6.21395,7.18152],"to":[1.27381,6.21395,12.95652],"rotation":{"angle":-22.5,"axis":"x","origin":[-0.09119,6.22351,7.16803]},"faces":{"north":{"uv":[0,0,1,0],"texture":"#main"},"east":{"uv":[0,0,2,0],"texture":"#main"},"south":{"uv":[0,0,1,0],"texture":"#main"},"west":{"uv":[0,0,2,0],"texture":"#main"},"up":{"uv":[10.5,8,9.5,6],"texture":"#main"},"down":{"uv":[9,9.5,8,11.5],"texture":"#main"}}},{"from":[-5.09619,0.89752,-0.44556],"to":[-1.45619,5.44752,3.19444],"rotation":{"angle":0,"axis":"y","origin":[-0.09119,8.51877,1.52878]},"faces":{"north":{"uv":[8,5.5,9.25,7.25],"texture":"#main"},"east":{"uv":[6.5,8,7.75,9.75],"texture":"#main"},"south":{"uv":[8,7.5,9.25,9.25],"texture":"#main"},"west":{"uv":[0,9.5,1.25,11.25],"texture":"#main"},"up":{"uv":[11.75,7.25,10.5,6],"texture":"#main"},"down":{"uv":[11.75,9.5,10.5,10.75],"texture":"#main"}}},{"from":[-6.28619,-0.01248,-1.81056],"to":[-4.01119,0.89752,0.91944],"rotation":{"angle":22.5,"axis":"y","origin":[-3.04869,0.44252,-0.44556]},"faces":{"north":{"uv":[8.5,12.5,9.25,12.75],"texture":"#main"},"east":{"uv":[5,12.5,6,12.75],"texture":"#main"},"south":{"uv":[9.5,12.5,10.25,12.75],"texture":"#main"},"west":{"uv":[7.5,12.5,8.5,12.75],"texture":"#main"},"up":{"uv":[13.25,2,12.5,1],"texture":"#main"},"down":{"uv":[2.75,12.5,2,13.5],"texture":"#main"}}},{"from":[1.55381,0.89752,-0.44556],"to":[5.19381,5.44752,3.19444],"rotation":{"angle":0,"axis":"y","origin":[0.18881,8.51877,1.52878]},"faces":{"north":{"uv":[9.25,5.5,8,7.25],"texture":"#main"},"east":{"uv":[1.25,9.5,0,11.25],"texture":"#main"},"south":{"uv":[9.25,7.5,8,9.25],"texture":"#main"},"west":{"uv":[7.75,8,6.5,9.75],"texture":"#main"},"up":{"uv":[10.5,7.25,11.75,6],"texture":"#main"},"down":{"uv":[10.5,9.5,11.75,10.75],"texture":"#main"}}},{"from":[4.10881,-0.01248,-1.81056],"to":[6.38381,0.89752,0.91944],"rotation":{"angle":-22.5,"axis":"y","origin":[3.14631,0.44252,-0.44556]},"faces":{"north":{"uv":[9.25,12.5,8.5,12.75],"texture":"#main"},"east":{"uv":[8.5,12.5,7.5,12.75],"texture":"#main"},"south":{"uv":[10.25,12.5,9.5,12.75],"texture":"#main"},"west":{"uv":[6,12.5,5,12.75],"texture":"#main"},"up":{"uv":[12.5,2,13.25,1],"texture":"#main"},"down":{"uv":[2,12.5,2.75,13.5],"texture":"#main"}}}],"groups":[{"name":"Mienshao","origin":[0.05296,0.03121,-0.81111],"color":0,"nbt":"{}","armAnimationEnabled":false,"children":[{"name":"body","origin":[-0.09119,2.08995,1.21452],"color":0,"nbt":"{}","armAnimationEnabled":false,"children":[0,1,{"name":"arm_l","origin":[-2.63447,9.18417,0.29934],"color":0,"nbt":"{}","armAnimationEnabled":false,"children":[2,3,4,5,6,7]},{"name":"arm_r","origin":[2.4821,7.93417,1.04934],"color":0,"nbt":"{}","armAnimationEnabled":false,"children":[8,9,10,11,12,13]},{"name":"neck","origin":[0.24481,9.60189,0.00421],"color":0,"nbt":"{}","armAnimationEnabled":false,"children":[14,{"name":"head","origin":[0.15226,13.39948,0.37315],"color":0,"nbt":"{}","armAnimationEnabled":false,"children":[15,16,17,18,19,20]}]},{"name":"tail","origin":[-0.09119,3.10417,4.05994],"color":0,"nbt":"{}","armAnimationEnabled":false,"children":[21,22]}]},{"name":"leg_l","origin":[-2.88251,4.80752,0.86626],"color":0,"nbt":"{}","armAnimationEnabled":false,"children":[23,24]},{"name":"leg_r","origin":[2.73014,4.80752,0.86626],"color":0,"nbt":"{}","armAnimationEnabled":false,"children":[25,26]}]}]}