{"credit":"Made with Blockbench","texture_size":[64,64],"textures":{"main":"pokemon/mime-jr"},"elements":[{"from":[3,9.2,7],"to":[12,15.6,12],"rotation":{"angle":0,"axis":"y","origin":[7,-9,10]},"faces":{"north":{"uv":[0,3.25,2.25,4.875],"texture":"#main"},"east":{"uv":[5.5,0,6.75,1.625],"texture":"#main"},"south":{"uv":[2.25,3.25,4.5,4.875],"texture":"#main"},"west":{"uv":[4.5,5.75,5.75,7.375],"texture":"#main"},"up":{"uv":[6.75,4.5,4.5,3.25],"texture":"#main"},"down":{"uv":[6.75,4.5,4.5,5.75],"texture":"#main"}}},{"from":[1,12.3,6.9],"to":[3,16.9,12.1],"rotation":{"angle":0,"axis":"y","origin":[7,-9,10]},"faces":{"north":{"uv":[9,7,9.5,8.125],"texture":"#main"},"east":{"uv":[3,6.25,4.25,7.375],"texture":"#main"},"south":{"uv":[9.5,0,10,1.125],"texture":"#main"},"west":{"uv":[6.75,0,8,1.125],"texture":"#main"},"up":{"uv":[9.5,3.75,9,2.5],"texture":"#main"},"down":{"uv":[6.25,9,5.75,10.25],"texture":"#main"}}},{"from":[3,15.6,7.3],"to":[12,18.1,12.1],"rotation":{"angle":0,"axis":"y","origin":[7,-9,10]},"faces":{"north":{"uv":[6.75,2.75,9,3.375],"texture":"#main"},"east":{"uv":[8.75,4.25,10,4.875],"texture":"#main"},"south":{"uv":[6.75,3.5,9,4.125],"texture":"#main"},"west":{"uv":[4.5,8.75,5.75,9.375],"texture":"#main"},"up":{"uv":[2.25,6.25,0,5],"texture":"#main"},"down":{"uv":[4.5,5,2.25,6.25],"texture":"#main"}}},{"from":[6.3,11.4,6],"to":[8.5,13.2,7],"rotation":{"angle":0,"axis":"y","origin":[7,-9,10]},"faces":{"north":{"uv":[9.5,1.25,10,1.75],"texture":"#main"},"east":{"uv":[6.5,2.75,6.75,3.25],"texture":"#main"},"south":{"uv":[9.5,3.25,10,3.75],"texture":"#main"},"west":{"uv":[4.25,7,4.5,7.5],"texture":"#main"},"up":{"uv":[9,2.75,8.5,2.5],"texture":"#main"},"down":{"uv":[10,6.5,9.5,6.75],"texture":"#main"}}},{"from":[2,16.6,9.6],"to":[13,29.6,9.6],"rotation":{"angle":0,"axis":"y","origin":[7,-9,10]},"faces":{"north":{"uv":[0,0,2.75,3.25],"texture":"#main"},"east":{"uv":[0,0,0,3.25],"texture":"#main"},"south":{"uv":[2.75,0,5.5,3.25],"texture":"#main"},"west":{"uv":[0,0,0,3.25],"texture":"#main"},"up":{"uv":[2.75,0,0,0],"texture":"#main"},"down":{"uv":[2.75,0,0,0],"texture":"#main"}}},{"from":[6.8,2.7,7.825],"to":[9.9,10.2,11.25],"rotation":{"angle":22.5,"axis":"z","origin":[7.6,7.65,9.55]},"faces":{"north":{"uv":[6.75,4.25,7.5,6.125],"texture":"#main"},"east":{"uv":[5.75,5.75,6.625,7.625],"texture":"#main"},"south":{"uv":[6.75,6.25,7.5,8.125],"texture":"#main"},"west":{"uv":[0,6.25,0.875,8.125],"texture":"#main"},"up":{"uv":[8,9.625,7.25,8.75],"texture":"#main"},"down":{"uv":[8.75,8.75,8,9.625],"texture":"#main"}}},{"from":[5.4,2.7,7.8],"to":[8.5,10.2,11.2],"rotation":{"angle":-22.5,"axis":"z","origin":[7.6,7.65,9.55]},"faces":{"north":{"uv":[3,7.5,3.75,9.375],"texture":"#main"},"east":{"uv":[1,6.25,1.875,8.125],"texture":"#main"},"south":{"uv":[3.75,7.5,4.5,9.375],"texture":"#main"},"west":{"uv":[2,6.25,2.875,8.125],"texture":"#main"},"up":{"uv":[9.5,9.625,8.75,8.75],"texture":"#main"},"down":{"uv":[0.75,9,0,9.875],"texture":"#main"}}},{"from":[3.61416,1.898,7.26613],"to":[11.81416,4.148,7.26613],"rotation":{"angle":22.5,"axis":"x","origin":[6.91416,2.448,7.56613]},"faces":{"north":{"uv":[7.5,5.5,9.5,6.125],"texture":"#main"},"east":{"uv":[0,0,0,0.625],"texture":"#main"},"south":{"uv":[7.5,6.25,9.5,6.875],"texture":"#main"},"west":{"uv":[0,0,0,0.625],"texture":"#main"},"up":{"uv":[2,0,0,0],"texture":"#main"},"down":{"uv":[2,0,0,0],"texture":"#main"}}},{"from":[3.51416,1.898,11.85887],"to":[11.71416,4.148,11.85887],"rotation":{"angle":-22.5,"axis":"x","origin":[6.91416,2.448,11.45887]},"faces":{"north":{"uv":[9.5,6.25,7.5,6.875],"texture":"#main"},"east":{"uv":[0,0,0,0.625],"texture":"#main"},"south":{"uv":[9.5,5.5,7.5,6.125],"texture":"#main"},"west":{"uv":[0,0,0,0.625],"texture":"#main"},"up":{"uv":[2,0,0,0],"texture":"#main"},"down":{"uv":[2,0,0,0],"texture":"#main"}}},{"from":[6.49722,4.96395,7.175],"to":[8.49722,6.76395,7.975],"rotation":{"angle":0,"axis":"y","origin":[7.49722,7.21395,9.65]},"faces":{"north":{"uv":[4.5,9.5,5,10],"texture":"#main"},"east":{"uv":[7.75,1.25,8,1.75],"texture":"#main"},"south":{"uv":[5,9.5,5.5,10],"texture":"#main"},"west":{"uv":[6.5,7.75,6.75,8.25],"texture":"#main"},"up":{"uv":[10,7,9.5,6.75],"texture":"#main"},"down":{"uv":[10,7,9.5,7.25],"texture":"#main"}}},{"from":[3.37058,1.90295,7.8],"to":[3.37058,4.10295,11.2],"rotation":{"angle":-22.5,"axis":"z","origin":[3.37058,3.00295,10.1]},"faces":{"north":{"uv":[0,0,0,0.5],"texture":"#main"},"east":{"uv":[5.5,2.75,6.375,3.25],"texture":"#main"},"south":{"uv":[0,0,0,0.5],"texture":"#main"},"west":{"uv":[6.75,1.25,7.625,1.75],"texture":"#main"},"up":{"uv":[0,0.875,0,0],"texture":"#main"},"down":{"uv":[0,0,0,0.875],"texture":"#main"}}},{"from":[11.82942,1.90295,7.8],"to":[11.82942,4.10295,11.2],"rotation":{"angle":22.5,"axis":"z","origin":[11.82942,3.00295,10.1]},"faces":{"north":{"uv":[0,0,0,0.5],"texture":"#main"},"east":{"uv":[7.625,1.25,6.75,1.75],"texture":"#main"},"south":{"uv":[0,0,0,0.5],"texture":"#main"},"west":{"uv":[6.375,2.75,5.5,3.25],"texture":"#main"},"up":{"uv":[0,0.875,0,0],"texture":"#main"},"down":{"uv":[0,0,0,0.875],"texture":"#main"}}},{"from":[4.3,0.5,8],"to":[10.5,3.7,11.1],"rotation":{"angle":0,"axis":"y","origin":[7.6,7.65,9.55]},"faces":{"north":{"uv":[8,1,9.5,1.75],"texture":"#main"},"east":{"uv":[9.5,2.5,10.25,3.25],"texture":"#main"},"south":{"uv":[7.5,8,9,8.75],"texture":"#main"},"west":{"uv":[2.75,9.5,3.5,10.25],"texture":"#main"},"up":{"uv":[1.5,9,0,8.25],"texture":"#main"},"down":{"uv":[3,8.25,1.5,9],"texture":"#main"}}},{"from":[4.4,-0.5,8.8],"to":[5.6,1.4,11.1],"rotation":{"angle":-45,"axis":"x","origin":[8.9,0,9.55]},"faces":{"north":{"uv":[7.25,8.25,7.5,8.75],"texture":"#main"},"east":{"uv":[5.75,7.75,6.375,8.25],"texture":"#main"},"south":{"uv":[2.75,9,3,9.5],"texture":"#main"},"west":{"uv":[8.75,5,9.375,5.5],"texture":"#main"},"up":{"uv":[4.5,6.875,4.25,6.25],"texture":"#main"},"down":{"uv":[9.75,5,9.5,5.625],"texture":"#main"}}},{"from":[9.2,-0.5,8.8],"to":[10.4,1.4,11.1],"rotation":{"angle":-45,"axis":"x","origin":[5.9,0,9.55]},"faces":{"north":{"uv":[9.5,7.25,9.75,7.75],"texture":"#main"},"east":{"uv":[9,3.75,9.625,4.25],"texture":"#main"},"south":{"uv":[9.5,7.75,9.75,8.25],"texture":"#main"},"west":{"uv":[9,8.25,9.625,8.75],"texture":"#main"},"up":{"uv":[5.75,10.125,5.5,9.5],"texture":"#main"},"down":{"uv":[9.75,5.75,9.5,6.375],"texture":"#main"}}},{"from":[9.2,6.7,9.2],"to":[20.5,8.6,9.2],"rotation":{"angle":0,"axis":"y","origin":[7.2,7.65,9.55]},"faces":{"north":{"uv":[5.5,1.75,8.375,2.25],"texture":"#main"},"east":{"uv":[0,0,0,0.5],"texture":"#main"},"south":{"uv":[5.5,2.25,8.375,2.75],"texture":"#main"},"west":{"uv":[0,0,0,0.5],"texture":"#main"},"up":{"uv":[2.875,0,0,0],"texture":"#main"},"down":{"uv":[2.875,0,0,0],"texture":"#main"}}},{"from":[-5.175,6.775,9.2],"to":[6.125,8.675,9.2],"rotation":{"angle":0,"axis":"y","origin":[7.5,7.65,9.55]},"faces":{"north":{"uv":[8.375,1.75,5.5,2.25],"texture":"#main"},"east":{"uv":[0,0,0,0.5],"texture":"#main"},"south":{"uv":[8.375,2.25,5.5,2.75],"texture":"#main"},"west":{"uv":[0,0,0,0.5],"texture":"#main"},"up":{"uv":[0,0,2.875,0],"texture":"#main"},"down":{"uv":[0,0,2.875,0],"texture":"#main"}}},{"from":[12.025,12.3,6.9],"to":[14.025,16.9,12.1],"rotation":{"angle":0,"axis":"y","origin":[7.8,-9,10]},"faces":{"north":{"uv":[3.5,9.5,4,10.625],"texture":"#main"},"east":{"uv":[7.5,4.25,8.75,5.375],"texture":"#main"},"south":{"uv":[4,9.5,4.5,10.625],"texture":"#main"},"west":{"uv":[4.5,7.5,5.75,8.625],"texture":"#main"},"up":{"uv":[6.75,10.25,6.25,9],"texture":"#main"},"down":{"uv":[7.25,9,6.75,10.25],"texture":"#main"}}},{"from":[5.1,2.7,7.85],"to":[10.7,5.7,11.15],"rotation":{"angle":0,"axis":"y","origin":[7.6,7.65,9.55]},"faces":{"north":{"uv":[5.75,8.25,7.125,9],"texture":"#main"},"east":{"uv":[0.75,9,1.625,9.75],"texture":"#main"},"south":{"uv":[8.5,1.75,9.875,2.5],"texture":"#main"},"west":{"uv":[1.75,9,2.625,9.75],"texture":"#main"},"up":{"uv":[8.875,7.875,7.5,7],"texture":"#main"},"down":{"uv":[9.375,0,8,0.875],"texture":"#main"}}}],"display":{"head":{"translation":[0.25,-38.75,0],"scale":[0.5,0.5,0.5]}},"groups":[{"name":"mime_jr","origin":[0.6,16.65,-0.45],"color":0,"children":[0,1,2,3,4,5,6,7,8,9,10,11,12,13,14,15,16,17,18]}]}