{"parent":"physical_parent","textures":{"main":"pokemon/moltres"},"elements":[{"rotation":{"origin":[7,12,10.5],"angle":45,"axis":"x"},"from":[4,9,5],"to":[10,15,16],"faces":{"east":{"uv":[0,0,1.375,0.75],"texture":"#main"},"south":{"uv":[3,0,3.75,0.75],"texture":"#main"},"north":{"uv":[3.875,0,4.625,0.75],"texture":"#main"},"west":{"uv":[1.5,0,2.875,0.75],"texture":"#main"},"up":{"uv":[1.5,0.875,2.875,1.625],"texture":"#main","rotation":270},"down":{"uv":[0,0.875,1.375,1.625],"texture":"#main","rotation":270}}},{"from":[5.5,14,5],"to":[8.5,22,8],"faces":{"east":{"uv":[0,1.75,1,2.125],"texture":"#main","rotation":270},"south":{"uv":[0,1.75,1,2.125],"texture":"#main","rotation":90},"north":{"uv":[0,1.75,1,2.125],"texture":"#main","rotation":270},"west":{"uv":[0,1.75,1,2.125],"texture":"#main","rotation":90}}},{"from":[5,21,3],"to":[9,26,9],"faces":{"east":{"uv":[0.875,2.25,1.625,2.875],"texture":"#main"},"south":{"uv":[1.75,2.25,2.25,2.875],"texture":"#main"},"north":{"uv":[1.75,2.25,2.25,2.875],"texture":"#main"},"west":{"uv":[0,2.25,0.75,2.875],"texture":"#main"},"up":{"uv":[1.75,3,2.25,3.875],"texture":"#main","rotation":180},"down":{"uv":[1.75,3,2.25,3.875],"texture":"#main","rotation":180}}},{"from":[6,22,-1],"to":[8,24,6],"faces":{"east":{"uv":[2.75,2.625,3.625,2.875],"texture":"#main"},"north":{"uv":[2.75,2.625,3.625,2.875],"texture":"#main","rotation":90},"west":{"uv":[2.75,2.625,3.625,2.875],"texture":"#main"},"up":{"uv":[2.75,2.625,3.625,2.875],"texture":"#main","rotation":90},"down":{"uv":[2.75,2.625,3.625,2.875],"texture":"#main","rotation":90}}},{"from":[7,26,3],"to":[7.1,32,18],"faces":{"east":{"uv":[2,4,3.875,4.75],"texture":"#main"},"west":{"uv":[0,4,1.875,4.75],"texture":"#main"}}},{"from":[7,12,11],"to":[7.1,21,27],"faces":{"east":{"uv":[0,6.375,1.875,7.5],"texture":"#main"},"west":{"uv":[0,5.125,1.875,6.25],"texture":"#main"}}},{"rotation":{"origin":[-7.825,20,13.5],"angle":-22.5,"axis":"z"},"from":[-10.825,19.95,6],"to":[5.175,20.05,22],"faces":{"up":{"uv":[4.75,0.125,6.625,2.125],"texture":"#main","rotation":180},"down":{"uv":[5.25,5.125,7.125,7.125],"texture":"#main","rotation":180}}},{"rotation":{"origin":[12.55,16,13.5],"angle":22.5,"axis":"z"},"from":[9.55,15.95,6],"to":[25.55,16.05,22],"faces":{"up":{"uv":[4.75,2.25,6.625,4.25],"texture":"#main","rotation":180},"down":{"uv":[3.125,5.125,5,7.125],"texture":"#main","rotation":180}}},{"from":[4.49,3,11],"to":[5.49,8,12],"faces":{"east":{"uv":[4.125,1.625,4.375,1.875],"texture":"#main"},"south":{"uv":[4.125,1.625,4.375,1.875],"texture":"#main"},"north":{"uv":[4.125,1.625,4.375,1.875],"texture":"#main"},"west":{"uv":[4.125,1.625,4.375,1.875],"texture":"#main"}}},{"from":[4.5,3,8],"to":[5.5,4,11],"faces":{"east":{"uv":[3.75,1.625,3.875,2],"texture":"#main","rotation":270},"north":{"uv":[4.125,1.125,4.375,1.375],"texture":"#main"},"west":{"uv":[3.75,1.625,3.875,2],"texture":"#main","rotation":90},"up":{"uv":[3.75,1.625,3.875,2],"texture":"#main","rotation":180},"down":{"uv":[3.75,1.625,3.875,2],"texture":"#main"}}},{"rotation":{"origin":[4,3.51,10],"angle":22.5,"axis":"y"},"from":[3.5,3.01,9],"to":[4.5,4.01,12],"faces":{"east":{"uv":[3.75,1.625,3.875,2],"texture":"#main","rotation":270},"south":{"uv":[4.125,1.625,4.375,1.875],"texture":"#main"},"north":{"uv":[4.125,1.125,4.375,1.375],"texture":"#main"},"west":{"uv":[3.75,1.625,3.875,2],"texture":"#main","rotation":90},"up":{"uv":[3.75,1.625,3.875,2],"texture":"#main","rotation":180},"down":{"uv":[3.75,1.625,3.875,2],"texture":"#main"}}},{"rotation":{"origin":[6,3.51,10],"angle":-22.5,"axis":"y"},"from":[5.5,3.01,9],"to":[6.5,4.01,12],"faces":{"east":{"uv":[3.75,1.625,3.875,2],"texture":"#main","rotation":270},"south":{"uv":[4.125,1.625,4.375,1.875],"texture":"#main"},"north":{"uv":[4.125,1.125,4.375,1.375],"texture":"#main"},"west":{"uv":[3.75,1.625,3.875,2],"texture":"#main","rotation":90},"up":{"uv":[3.75,1.625,3.875,2],"texture":"#main","rotation":180},"down":{"uv":[3.75,1.625,3.875,2],"texture":"#main"}}},{"from":[8.49,3,11],"to":[9.49,8,12],"faces":{"east":{"uv":[4.125,1.625,4.375,1.875],"texture":"#main"},"south":{"uv":[4.125,1.625,4.375,1.875],"texture":"#main"},"north":{"uv":[4.125,1.625,4.375,1.875],"texture":"#main"},"west":{"uv":[4.125,1.625,4.375,1.875],"texture":"#main"}}},{"rotation":{"origin":[10,3.51,10],"angle":-22.5,"axis":"y"},"from":[9.5,3.01,9],"to":[10.5,4.01,12],"faces":{"east":{"uv":[3.75,1.625,3.875,2],"texture":"#main","rotation":270},"south":{"uv":[4.125,1.625,4.375,1.875],"texture":"#main"},"north":{"uv":[4.125,1.125,4.375,1.375],"texture":"#main"},"west":{"uv":[3.75,1.625,3.875,2],"texture":"#main","rotation":90},"up":{"uv":[3.75,1.625,3.875,2],"texture":"#main","rotation":180},"down":{"uv":[3.75,1.625,3.875,2],"texture":"#main"}}},{"from":[8.5,3,8],"to":[9.5,4,11],"faces":{"east":{"uv":[3.75,1.625,3.875,2],"texture":"#main","rotation":270},"north":{"uv":[4.125,1.125,4.375,1.375],"texture":"#main"},"west":{"uv":[3.75,1.625,3.875,2],"texture":"#main","rotation":90},"up":{"uv":[3.75,1.625,3.875,2],"texture":"#main","rotation":180},"down":{"uv":[3.75,1.625,3.875,2],"texture":"#main"}}},{"rotation":{"origin":[8,3.51,10],"angle":22.5,"axis":"y"},"from":[7.5,3.01,9],"to":[8.5,4.01,12],"faces":{"east":{"uv":[3.75,1.625,3.875,2],"texture":"#main","rotation":270},"south":{"uv":[4.125,1.625,4.375,1.875],"texture":"#main"},"north":{"uv":[4.125,1.125,4.375,1.375],"texture":"#main"},"west":{"uv":[3.75,1.625,3.875,2],"texture":"#main","rotation":90},"up":{"uv":[3.75,1.625,3.875,2],"texture":"#main","rotation":180},"down":{"uv":[3.75,1.625,3.875,2],"texture":"#main"}}},{"rotation":{"origin":[7,12,10.5],"angle":45,"axis":"x"},"from":[4,9,5],"to":[10,15,16],"faces":{"east":{"uv":[8,0,9.375,0.75],"texture":"#main"},"south":{"uv":[11,0,11.75,0.75],"texture":"#main"},"north":{"uv":[11.875,0,12.625,0.75],"texture":"#main"},"west":{"uv":[9.5,0,10.875,0.75],"texture":"#main"},"up":{"uv":[9.5,0.875,10.875,1.625],"texture":"#main","rotation":270},"down":{"uv":[8,0.875,9.375,1.625],"texture":"#main","rotation":270}}},{"from":[5.5,14,5],"to":[8.5,22,8],"faces":{"east":{"uv":[8,1.75,9,2.125],"texture":"#main","rotation":270},"south":{"uv":[8,1.75,9,2.125],"texture":"#main","rotation":90},"north":{"uv":[8,1.75,9,2.125],"texture":"#main","rotation":270},"west":{"uv":[8,1.75,9,2.125],"texture":"#main","rotation":90}}},{"from":[5,21,3],"to":[9,26,9],"faces":{"east":{"uv":[8.875,2.25,9.625,2.875],"texture":"#main"},"south":{"uv":[9.75,2.25,10.25,2.875],"texture":"#main"},"north":{"uv":[9.75,2.25,10.25,2.875],"texture":"#main"},"west":{"uv":[8,2.25,8.75,2.875],"texture":"#main"},"up":{"uv":[9.75,3,10.25,3.875],"texture":"#main","rotation":180},"down":{"uv":[9.75,3,10.25,3.875],"texture":"#main","rotation":180}}},{"from":[6,22,-1],"to":[8,24,6],"faces":{"east":{"uv":[10.75,2.625,11.625,2.875],"texture":"#main"},"north":{"uv":[10.75,2.625,11.625,2.875],"texture":"#main","rotation":90},"west":{"uv":[10.75,2.625,11.625,2.875],"texture":"#main"},"up":{"uv":[10.75,2.625,11.625,2.875],"texture":"#main","rotation":90},"down":{"uv":[10.75,2.625,11.625,2.875],"texture":"#main","rotation":90}}},{"from":[7,26,3],"to":[7.1,32,18],"faces":{"east":{"uv":[10,4,11.875,4.75],"texture":"#main"},"west":{"uv":[8,4,9.875,4.75],"texture":"#main"}}},{"from":[7,12,11],"to":[7.1,21,27],"faces":{"east":{"uv":[8,6.375,9.875,7.5],"texture":"#main"},"west":{"uv":[8,5.125,9.875,6.25],"texture":"#main"}}},{"rotation":{"origin":[-7.825,15,13.5],"angle":0,"axis":"z"},"from":[-10.825,14.95,6],"to":[5.175,15.05,22],"faces":{"up":{"uv":[12.75,0.125,14.625,2.125],"texture":"#main","rotation":180},"down":{"uv":[13.25,5.125,15.125,7.125],"texture":"#main","rotation":180}}},{"rotation":{"origin":[12.55,15,13.5],"angle":0,"axis":"z"},"from":[9.55,14.95,6],"to":[25.55,15.05,22],"faces":{"up":{"uv":[12.75,2.25,14.625,4.25],"texture":"#main","rotation":180},"down":{"uv":[11.125,5.125,13,7.125],"texture":"#main","rotation":180}}},{"from":[4.49,3,11],"to":[5.49,8,12],"faces":{"east":{"uv":[12.125,1.625,12.375,1.875],"texture":"#main"},"south":{"uv":[12.125,1.625,12.375,1.875],"texture":"#main"},"north":{"uv":[12.125,1.625,12.375,1.875],"texture":"#main"},"west":{"uv":[12.125,1.625,12.375,1.875],"texture":"#main"}}},{"from":[4.5,3,8],"to":[5.5,4,11],"faces":{"east":{"uv":[11.75,1.625,11.875,2],"texture":"#main","rotation":270},"north":{"uv":[12.125,1.125,12.375,1.375],"texture":"#main"},"west":{"uv":[11.75,1.625,11.875,2],"texture":"#main","rotation":90},"up":{"uv":[11.75,1.625,11.875,2],"texture":"#main","rotation":180},"down":{"uv":[11.75,1.625,11.875,2],"texture":"#main"}}},{"rotation":{"origin":[4,3.51,10],"angle":22.5,"axis":"y"},"from":[3.5,3.01,9],"to":[4.5,4.01,12],"faces":{"east":{"uv":[11.75,1.625,11.875,2],"texture":"#main","rotation":270},"south":{"uv":[12.125,1.625,12.375,1.875],"texture":"#main"},"north":{"uv":[12.125,1.125,12.375,1.375],"texture":"#main"},"west":{"uv":[11.75,1.625,11.875,2],"texture":"#main","rotation":90},"up":{"uv":[11.75,1.625,11.875,2],"texture":"#main","rotation":180},"down":{"uv":[11.75,1.625,11.875,2],"texture":"#main"}}},{"rotation":{"origin":[6,3.51,10],"angle":-22.5,"axis":"y"},"from":[5.5,3.01,9],"to":[6.5,4.01,12],"faces":{"east":{"uv":[11.75,1.625,11.875,2],"texture":"#main","rotation":270},"south":{"uv":[12.125,1.625,12.375,1.875],"texture":"#main"},"north":{"uv":[12.125,1.125,12.375,1.375],"texture":"#main"},"west":{"uv":[11.75,1.625,11.875,2],"texture":"#main","rotation":90},"up":{"uv":[11.75,1.625,11.875,2],"texture":"#main","rotation":180},"down":{"uv":[11.75,1.625,11.875,2],"texture":"#main"}}},{"from":[8.49,3,11],"to":[9.49,8,12],"faces":{"east":{"uv":[12.125,1.625,12.375,1.875],"texture":"#main"},"south":{"uv":[12.125,1.625,12.375,1.875],"texture":"#main"},"north":{"uv":[12.125,1.625,12.375,1.875],"texture":"#main"},"west":{"uv":[12.125,1.625,12.375,1.875],"texture":"#main"}}},{"rotation":{"origin":[10,3.51,10],"angle":-22.5,"axis":"y"},"from":[9.5,3.01,9],"to":[10.5,4.01,12],"faces":{"east":{"uv":[11.75,1.625,11.875,2],"texture":"#main","rotation":270},"south":{"uv":[12.125,1.625,12.375,1.875],"texture":"#main"},"north":{"uv":[12.125,1.125,12.375,1.375],"texture":"#main"},"west":{"uv":[11.75,1.625,11.875,2],"texture":"#main","rotation":90},"up":{"uv":[11.75,1.625,11.875,2],"texture":"#main","rotation":180},"down":{"uv":[11.75,1.625,11.875,2],"texture":"#main"}}},{"from":[8.5,3,8],"to":[9.5,4,11],"faces":{"east":{"uv":[11.75,1.625,11.875,2],"texture":"#main","rotation":270},"north":{"uv":[12.125,1.125,12.375,1.375],"texture":"#main"},"west":{"uv":[11.75,1.625,11.875,2],"texture":"#main","rotation":90},"up":{"uv":[11.75,1.625,11.875,2],"texture":"#main","rotation":180},"down":{"uv":[11.75,1.625,11.875,2],"texture":"#main"}}},{"rotation":{"origin":[8,3.51,10],"angle":22.5,"axis":"y"},"from":[7.5,3.01,9],"to":[8.5,4.01,12],"faces":{"east":{"uv":[11.75,1.625,11.875,2],"texture":"#main","rotation":270},"south":{"uv":[12.125,1.625,12.375,1.875],"texture":"#main"},"north":{"uv":[12.125,1.125,12.375,1.375],"texture":"#main"},"west":{"uv":[11.75,1.625,11.875,2],"texture":"#main","rotation":90},"up":{"uv":[11.75,1.625,11.875,2],"texture":"#main","rotation":180},"down":{"uv":[11.75,1.625,11.875,2],"texture":"#main"}}},{"rotation":{"origin":[7,12,10.5],"angle":45,"axis":"x"},"from":[4,9,5],"to":[10,15,16],"faces":{"east":{"uv":[0,8,1.375,8.75],"texture":"#main"},"south":{"uv":[3,8,3.75,8.75],"texture":"#main"},"north":{"uv":[3.875,8,4.625,8.75],"texture":"#main"},"west":{"uv":[1.5,8,2.875,8.75],"texture":"#main"},"up":{"uv":[1.5,8.875,2.875,9.625],"texture":"#main","rotation":270},"down":{"uv":[0,8.875,1.375,9.625],"texture":"#main","rotation":270}}},{"from":[5.5,14,5],"to":[8.5,22,8],"faces":{"east":{"uv":[0,9.75,1,10.125],"texture":"#main","rotation":270},"south":{"uv":[0,9.75,1,10.125],"texture":"#main","rotation":90},"north":{"uv":[0,9.75,1,10.125],"texture":"#main","rotation":270},"west":{"uv":[0,9.75,1,10.125],"texture":"#main","rotation":90}}},{"from":[5,21,3],"to":[9,26,9],"faces":{"east":{"uv":[0.875,10.25,1.625,10.875],"texture":"#main"},"south":{"uv":[1.75,10.25,2.25,10.875],"texture":"#main"},"north":{"uv":[1.75,10.25,2.25,10.875],"texture":"#main"},"west":{"uv":[0,10.25,0.75,10.875],"texture":"#main"},"up":{"uv":[1.75,11,2.25,11.875],"texture":"#main","rotation":180},"down":{"uv":[1.75,11,2.25,11.875],"texture":"#main","rotation":180}}},{"from":[6,22,-1],"to":[8,24,6],"faces":{"east":{"uv":[2.75,10.625,3.625,10.875],"texture":"#main"},"north":{"uv":[2.75,10.625,3.625,10.875],"texture":"#main","rotation":90},"west":{"uv":[2.75,10.625,3.625,10.875],"texture":"#main"},"up":{"uv":[2.75,10.625,3.625,10.875],"texture":"#main","rotation":90},"down":{"uv":[2.75,10.625,3.625,10.875],"texture":"#main","rotation":90}}},{"from":[7,26,3],"to":[7.1,32,18],"faces":{"east":{"uv":[2,12,3.875,12.75],"texture":"#main"},"west":{"uv":[0,12,1.875,12.75],"texture":"#main"}}},{"from":[7,12,11],"to":[7.1,21,27],"faces":{"east":{"uv":[0,14.375,1.875,15.5],"texture":"#main"},"west":{"uv":[0,13.125,1.875,14.25],"texture":"#main"}}},{"rotation":{"origin":[-7.825,10,13.5],"angle":22.5,"axis":"z"},"from":[-10.825,9.95,6],"to":[5.175,10.05,22],"faces":{"up":{"uv":[4.75,8.125,6.625,10.125],"texture":"#main","rotation":180},"down":{"uv":[5.25,13.125,7.125,15.125],"texture":"#main","rotation":180}}},{"rotation":{"origin":[12.55,13.875,13.5],"angle":-22.5,"axis":"z"},"from":[9.55,13.825,6],"to":[25.55,13.925,22],"faces":{"up":{"uv":[4.75,10.25,6.625,12.25],"texture":"#main","rotation":180},"down":{"uv":[3.125,13.125,5,15.125],"texture":"#main","rotation":180}}},{"from":[4.49,3,11],"to":[5.49,8,12],"faces":{"east":{"uv":[4.125,9.625,4.375,9.875],"texture":"#main"},"south":{"uv":[4.125,9.625,4.375,9.875],"texture":"#main"},"north":{"uv":[4.125,9.625,4.375,9.875],"texture":"#main"},"west":{"uv":[4.125,9.625,4.375,9.875],"texture":"#main"}}},{"from":[4.5,3,8],"to":[5.5,4,11],"faces":{"east":{"uv":[3.75,9.625,3.875,10],"texture":"#main","rotation":270},"north":{"uv":[4.125,9.125,4.375,9.375],"texture":"#main"},"west":{"uv":[3.75,9.625,3.875,10],"texture":"#main","rotation":90},"up":{"uv":[3.75,9.625,3.875,10],"texture":"#main","rotation":180},"down":{"uv":[3.75,9.625,3.875,10],"texture":"#main"}}},{"rotation":{"origin":[4,3.51,10],"angle":22.5,"axis":"y"},"from":[3.5,3.01,9],"to":[4.5,4.01,12],"faces":{"east":{"uv":[3.75,9.625,3.875,10],"texture":"#main","rotation":270},"south":{"uv":[4.125,9.625,4.375,9.875],"texture":"#main"},"north":{"uv":[4.125,9.125,4.375,9.375],"texture":"#main"},"west":{"uv":[3.75,9.625,3.875,10],"texture":"#main","rotation":90},"up":{"uv":[3.75,9.625,3.875,10],"texture":"#main","rotation":180},"down":{"uv":[3.75,9.625,3.875,10],"texture":"#main"}}},{"rotation":{"origin":[6,3.51,10],"angle":-22.5,"axis":"y"},"from":[5.5,3.01,9],"to":[6.5,4.01,12],"faces":{"east":{"uv":[3.75,9.625,3.875,10],"texture":"#main","rotation":270},"south":{"uv":[4.125,9.625,4.375,9.875],"texture":"#main"},"north":{"uv":[4.125,9.125,4.375,9.375],"texture":"#main"},"west":{"uv":[3.75,9.625,3.875,10],"texture":"#main","rotation":90},"up":{"uv":[3.75,9.625,3.875,10],"texture":"#main","rotation":180},"down":{"uv":[3.75,9.625,3.875,10],"texture":"#main"}}},{"from":[8.49,3,11],"to":[9.49,8,12],"faces":{"east":{"uv":[4.125,9.625,4.375,9.875],"texture":"#main"},"south":{"uv":[4.125,9.625,4.375,9.875],"texture":"#main"},"north":{"uv":[4.125,9.625,4.375,9.875],"texture":"#main"},"west":{"uv":[4.125,9.625,4.375,9.875],"texture":"#main"}}},{"rotation":{"origin":[10,3.51,10],"angle":-22.5,"axis":"y"},"from":[9.5,3.01,9],"to":[10.5,4.01,12],"faces":{"east":{"uv":[3.75,9.625,3.875,10],"texture":"#main","rotation":270},"south":{"uv":[4.125,9.625,4.375,9.875],"texture":"#main"},"north":{"uv":[4.125,9.125,4.375,9.375],"texture":"#main"},"west":{"uv":[3.75,9.625,3.875,10],"texture":"#main","rotation":90},"up":{"uv":[3.75,9.625,3.875,10],"texture":"#main","rotation":180},"down":{"uv":[3.75,9.625,3.875,10],"texture":"#main"}}},{"from":[8.5,3,8],"to":[9.5,4,11],"faces":{"east":{"uv":[3.75,9.625,3.875,10],"texture":"#main","rotation":270},"north":{"uv":[4.125,9.125,4.375,9.375],"texture":"#main"},"west":{"uv":[3.75,9.625,3.875,10],"texture":"#main","rotation":90},"up":{"uv":[3.75,9.625,3.875,10],"texture":"#main","rotation":180},"down":{"uv":[3.75,9.625,3.875,10],"texture":"#main"}}},{"rotation":{"origin":[8,3.51,10],"angle":22.5,"axis":"y"},"from":[7.5,3.01,9],"to":[8.5,4.01,12],"faces":{"east":{"uv":[3.75,9.625,3.875,10],"texture":"#main","rotation":270},"south":{"uv":[4.125,9.625,4.375,9.875],"texture":"#main"},"north":{"uv":[4.125,9.125,4.375,9.375],"texture":"#main"},"west":{"uv":[3.75,9.625,3.875,10],"texture":"#main","rotation":90},"up":{"uv":[3.75,9.625,3.875,10],"texture":"#main","rotation":180},"down":{"uv":[3.75,9.625,3.875,10],"texture":"#main"}}},{"rotation":{"origin":[7,12,10.5],"angle":45,"axis":"x"},"from":[4,9,5],"to":[10,15,16],"faces":{"east":{"uv":[8,8,9.375,8.75],"texture":"#main"},"south":{"uv":[11,8,11.75,8.75],"texture":"#main"},"north":{"uv":[11.875,8,12.625,8.75],"texture":"#main"},"west":{"uv":[9.5,8,10.875,8.75],"texture":"#main"},"up":{"uv":[9.5,8.875,10.875,9.625],"texture":"#main","rotation":270},"down":{"uv":[8,8.875,9.375,9.625],"texture":"#main","rotation":270}}},{"from":[5.5,14,5],"to":[8.5,22,8],"faces":{"east":{"uv":[8,9.75,9,10.125],"texture":"#main","rotation":270},"south":{"uv":[8,9.75,9,10.125],"texture":"#main","rotation":90},"north":{"uv":[8,9.75,9,10.125],"texture":"#main","rotation":270},"west":{"uv":[8,9.75,9,10.125],"texture":"#main","rotation":90}}},{"from":[5,21,3],"to":[9,26,9],"faces":{"east":{"uv":[8.875,10.25,9.625,10.875],"texture":"#main"},"south":{"uv":[9.75,10.25,10.25,10.875],"texture":"#main"},"north":{"uv":[9.75,10.25,10.25,10.875],"texture":"#main"},"west":{"uv":[8,10.25,8.75,10.875],"texture":"#main"},"up":{"uv":[9.75,11,10.25,11.875],"texture":"#main","rotation":180},"down":{"uv":[9.75,11,10.25,11.875],"texture":"#main","rotation":180}}},{"from":[6,22,-1],"to":[8,24,6],"faces":{"east":{"uv":[10.75,10.625,11.625,10.875],"texture":"#main"},"north":{"uv":[10.75,10.625,11.625,10.875],"texture":"#main","rotation":90},"west":{"uv":[10.75,10.625,11.625,10.875],"texture":"#main"},"up":{"uv":[10.75,10.625,11.625,10.875],"texture":"#main","rotation":90},"down":{"uv":[10.75,10.625,11.625,10.875],"texture":"#main","rotation":90}}},{"from":[7,26,3],"to":[7.1,32,18],"faces":{"east":{"uv":[10,12,11.875,12.75],"texture":"#main"},"west":{"uv":[8,12,9.875,12.75],"texture":"#main"}}},{"from":[7,12,11],"to":[7.1,21,27],"faces":{"east":{"uv":[8,14.375,9.875,15.5],"texture":"#main"},"west":{"uv":[8,13.125,9.875,14.25],"texture":"#main"}}},{"rotation":{"origin":[-5.075,5.875,13.5],"angle":45,"axis":"z"},"from":[-8.075,5.825,6],"to":[7.925,5.925,22],"faces":{"up":{"uv":[12.75,8.125,14.625,10.125],"texture":"#main","rotation":180},"down":{"uv":[13.25,13.125,15.125,15.125],"texture":"#main","rotation":180}}},{"rotation":{"origin":[12.05,13,13.5],"angle":-45,"axis":"z"},"from":[9.05,12.95,6],"to":[25.05,13.05,22],"faces":{"up":{"uv":[12.75,10.25,14.625,12.25],"texture":"#main","rotation":180},"down":{"uv":[11.125,13.125,13,15.125],"texture":"#main","rotation":180}}},{"from":[4.49,3,11],"to":[5.49,8,12],"faces":{"east":{"uv":[12.125,9.625,12.375,9.875],"texture":"#main"},"south":{"uv":[12.125,9.625,12.375,9.875],"texture":"#main"},"north":{"uv":[12.125,9.625,12.375,9.875],"texture":"#main"},"west":{"uv":[12.125,9.625,12.375,9.875],"texture":"#main"}}},{"from":[4.5,3,8],"to":[5.5,4,11],"faces":{"east":{"uv":[11.75,9.625,11.875,10],"texture":"#main","rotation":270},"north":{"uv":[12.125,9.125,12.375,9.375],"texture":"#main"},"west":{"uv":[11.75,9.625,11.875,10],"texture":"#main","rotation":90},"up":{"uv":[11.75,9.625,11.875,10],"texture":"#main","rotation":180},"down":{"uv":[11.75,9.625,11.875,10],"texture":"#main"}}},{"rotation":{"origin":[4,3.51,10],"angle":22.5,"axis":"y"},"from":[3.5,3.01,9],"to":[4.5,4.01,12],"faces":{"east":{"uv":[11.75,9.625,11.875,10],"texture":"#main","rotation":270},"south":{"uv":[12.125,9.625,12.375,9.875],"texture":"#main"},"north":{"uv":[12.125,9.125,12.375,9.375],"texture":"#main"},"west":{"uv":[11.75,9.625,11.875,10],"texture":"#main","rotation":90},"up":{"uv":[11.75,9.625,11.875,10],"texture":"#main","rotation":180},"down":{"uv":[11.75,9.625,11.875,10],"texture":"#main"}}},{"rotation":{"origin":[6,3.51,10],"angle":-22.5,"axis":"y"},"from":[5.5,3.01,9],"to":[6.5,4.01,12],"faces":{"east":{"uv":[11.75,9.625,11.875,10],"texture":"#main","rotation":270},"south":{"uv":[12.125,9.625,12.375,9.875],"texture":"#main"},"north":{"uv":[12.125,9.125,12.375,9.375],"texture":"#main"},"west":{"uv":[11.75,9.625,11.875,10],"texture":"#main","rotation":90},"up":{"uv":[11.75,9.625,11.875,10],"texture":"#main","rotation":180},"down":{"uv":[11.75,9.625,11.875,10],"texture":"#main"}}},{"from":[8.49,3,11],"to":[9.49,8,12],"faces":{"east":{"uv":[12.125,9.625,12.375,9.875],"texture":"#main"},"south":{"uv":[12.125,9.625,12.375,9.875],"texture":"#main"},"north":{"uv":[12.125,9.625,12.375,9.875],"texture":"#main"},"west":{"uv":[12.125,9.625,12.375,9.875],"texture":"#main"}}},{"rotation":{"origin":[10,3.51,10],"angle":-22.5,"axis":"y"},"from":[9.5,3.01,9],"to":[10.5,4.01,12],"faces":{"east":{"uv":[11.75,9.625,11.875,10],"texture":"#main","rotation":270},"south":{"uv":[12.125,9.625,12.375,9.875],"texture":"#main"},"north":{"uv":[12.125,9.125,12.375,9.375],"texture":"#main"},"west":{"uv":[11.75,9.625,11.875,10],"texture":"#main","rotation":90},"up":{"uv":[11.75,9.625,11.875,10],"texture":"#main","rotation":180},"down":{"uv":[11.75,9.625,11.875,10],"texture":"#main"}}},{"from":[8.5,3,8],"to":[9.5,4,11],"faces":{"east":{"uv":[11.75,9.625,11.875,10],"texture":"#main","rotation":270},"north":{"uv":[12.125,9.125,12.375,9.375],"texture":"#main"},"west":{"uv":[11.75,9.625,11.875,10],"texture":"#main","rotation":90},"up":{"uv":[11.75,9.625,11.875,10],"texture":"#main","rotation":180},"down":{"uv":[11.75,9.625,11.875,10],"texture":"#main"}}},{"rotation":{"origin":[8,3.51,10],"angle":22.5,"axis":"y"},"from":[7.5,3.01,9],"to":[8.5,4.01,12],"faces":{"east":{"uv":[11.75,9.625,11.875,10],"texture":"#main","rotation":270},"south":{"uv":[12.125,9.625,12.375,9.875],"texture":"#main"},"north":{"uv":[12.125,9.125,12.375,9.375],"texture":"#main"},"west":{"uv":[11.75,9.625,11.875,10],"texture":"#main","rotation":90},"up":{"uv":[11.75,9.625,11.875,10],"texture":"#main","rotation":180},"down":{"uv":[11.75,9.625,11.875,10],"texture":"#main"}}}],"display":{"head":{"translation":[2.7826,-24.34,0],"scale":[3,3,3]}}}