{"credit":"Made with Blockbench","texture_size":[128,128],"textures":{"main":"pokemon/monferno"},"elements":[{"from":[7.8625,4.2415,8.7495],"to":[10.8595,9.7915,12.2275],"shade":false,"rotation":{"angle":45,"axis":"x","origin":[11.3775,6.19325,10.1185]},"faces":{"north":{"uv":[1,1.375,0.5,2.25],"texture":"#main"},"east":{"uv":[1.5,1.375,1,2.25],"texture":"#main"},"south":{"uv":[2,1.375,1.5,2.25],"texture":"#main"},"west":{"uv":[0.5,1.375,0,2.25],"texture":"#main"},"up":{"uv":[0.5,1.375,1,0.875],"texture":"#main"},"down":{"uv":[1,0.875,1.5,1.375],"texture":"#main"}}},{"from":[8.1585,1.09121,8.65517],"to":[10.4525,5.64221,11.61517],"shade":false,"rotation":{"angle":-22.5,"axis":"x","origin":[11.3775,3.21475,10.1185]},"faces":{"north":{"uv":[7.375,6.75,7,7.5],"texture":"#main"},"east":{"uv":[7.875,6.75,7.375,7.5],"texture":"#main"},"south":{"uv":[8.25,6.75,7.875,7.5],"texture":"#main"},"west":{"uv":[7,6.75,6.5,7.5],"texture":"#main"},"up":{"uv":[7,6.75,7.375,6.25],"texture":"#main"},"down":{"uv":[7.375,6.25,7.75,6.75],"texture":"#main"}}},{"from":[7.8255,0.18213,9.52556],"to":[10.7115,1.68063,12.80006],"shade":false,"rotation":{"angle":0,"axis":"y","origin":[6.586,0.93138,11.16281]},"faces":{"north":{"uv":[7.875,5.75,7.5,6],"texture":"#main"},"east":{"uv":[8.375,5.75,7.875,6],"texture":"#main"},"south":{"uv":[8.75,5.75,8.375,6],"texture":"#main"},"west":{"uv":[7.5,5.75,7,6],"texture":"#main"},"up":{"uv":[7.5,5.75,7.875,5.25],"texture":"#main"},"down":{"uv":[7.875,5.25,8.25,5.75],"texture":"#main"}}},{"from":[10.1195,-0.3095,8.1205],"to":[11.248,1.189,10.1925],"shade":false,"rotation":{"angle":0,"axis":"y","origin":[11.3775,9.52325,10.1185]},"faces":{"north":{"uv":[2.375,1.5,2.25,1.75],"texture":"#main"},"east":{"uv":[2.625,1.5,2.375,1.75],"texture":"#main"},"south":{"uv":[2.75,1.5,2.625,1.75],"texture":"#main"},"west":{"uv":[2.25,1.5,2,1.75],"texture":"#main"},"up":{"uv":[2.25,1.5,2.375,1.25],"texture":"#main"},"down":{"uv":[2.375,1.25,2.5,1.5],"texture":"#main"}}},{"from":[8.7875,-0.3095,8.1205],"to":[9.916,1.189,10.1925],"shade":false,"rotation":{"angle":0,"axis":"y","origin":[11.3775,9.52325,10.1185]},"faces":{"north":{"uv":[2.125,2.25,2,2.5],"texture":"#main"},"east":{"uv":[2.375,2.25,2.125,2.5],"texture":"#main"},"south":{"uv":[2.5,2.25,2.375,2.5],"texture":"#main"},"west":{"uv":[2,2.25,1.75,2.5],"texture":"#main"},"up":{"uv":[2,2.25,2.125,2],"texture":"#main"},"down":{"uv":[2.125,2,2.25,2.25],"texture":"#main"}}},{"from":[7.4555,-0.3095,8.1205],"to":[8.584,1.189,10.1925],"shade":false,"rotation":{"angle":0,"axis":"y","origin":[11.3775,9.52325,10.1185]},"faces":{"north":{"uv":[1.375,2.5,1.25,2.75],"texture":"#main"},"east":{"uv":[1.625,2.5,1.375,2.75],"texture":"#main"},"south":{"uv":[1.75,2.5,1.625,2.75],"texture":"#main"},"west":{"uv":[1.25,2.5,1,2.75],"texture":"#main"},"up":{"uv":[1.25,2.5,1.375,2.25],"texture":"#main"},"down":{"uv":[1.375,2.25,1.5,2.5],"texture":"#main"}}},{"from":[3.108,16.4145,1.738],"to":[10.1195,19.245,6.918],"rotation":{"angle":0,"axis":"y","origin":[5.74116,21.44508,4.23859]},"faces":{"north":{"uv":[5.875,2.875,7,3.25],"texture":"#main"},"east":{"uv":[5,2.875,5.875,3.25],"texture":"#main"},"south":{"uv":[7.875,2.875,9,3.25],"texture":"#main"},"west":{"uv":[7,2.875,7.875,3.25],"texture":"#main"},"up":{"uv":[7,2.875,5.875,2],"texture":"#main"},"down":{"uv":[8.125,2,7,2.875],"texture":"#main"}}},{"from":[3.145,16.581,2.256],"to":[10.027,23.167,7.436],"rotation":{"angle":0,"axis":"y","origin":[5.74116,21.44508,4.23859]},"faces":{"north":{"uv":[0.875,5.75,2,6.75],"texture":"#main"},"east":{"uv":[0,5.75,0.875,6.75],"texture":"#main"},"south":{"uv":[2.875,5.75,4,6.75],"texture":"#main"},"west":{"uv":[2,5.75,2.875,6.75],"texture":"#main"},"up":{"uv":[2,5.75,0.875,4.875],"texture":"#main"},"down":{"uv":[3.125,4.875,2,5.75],"texture":"#main"}}},{"from":[2.70532,20.67231,1.738],"to":[6.09082,23.04031,4.8275],"rotation":{"angle":-22.5,"axis":"z","origin":[5.74116,21.00108,4.23859]},"faces":{"north":{"uv":[2.5,7.25,3,7.625],"texture":"#main"},"east":{"uv":[2,7.25,2.5,7.625],"texture":"#main"},"south":{"uv":[3.5,7.25,4,7.625],"texture":"#main"},"west":{"uv":[3,7.25,3.5,7.625],"texture":"#main"},"up":{"uv":[3,7.25,2.5,6.75],"texture":"#main"},"down":{"uv":[3.5,6.75,3,7.25],"texture":"#main"}}},{"from":[7.04112,20.1216,1.738],"to":[10.42662,22.4896,4.8275],"rotation":{"angle":22.5,"axis":"z","origin":[5.74116,21.00108,4.23859]},"faces":{"north":{"uv":[0.5,7.25,1,7.625],"texture":"#main"},"east":{"uv":[0,7.25,0.5,7.625],"texture":"#main"},"south":{"uv":[1.5,7.25,2,7.625],"texture":"#main"},"west":{"uv":[1,7.25,1.5,7.625],"texture":"#main"},"up":{"uv":[1,7.25,0.5,6.75],"texture":"#main"},"down":{"uv":[1.5,6.75,1,7.25],"texture":"#main"}}},{"from":[3.182,22.5935,4.476],"to":[9.9345,27.977,4.476],"rotation":{"angle":0,"axis":"y","origin":[5.74116,21.44508,4.23859]},"faces":{"north":{"uv":[5.875,0,7,0.875],"texture":"#main"},"east":{"uv":[5.875,0,5.875,0.875],"texture":"#main"},"south":{"uv":[7,0,5.875,0.875],"texture":"#main"},"west":{"uv":[7,0,7,0.875],"texture":"#main"},"up":{"uv":[7,0,5.875,0],"texture":"#main"},"down":{"uv":[8.125,0,7,0],"texture":"#main"}}},{"from":[0.222,17.173,5.216],"to":[3.182,22.834,5.216],"rotation":{"angle":0,"axis":"y","origin":[5.74116,21.44508,4.23859]},"faces":{"north":{"uv":[0,2.25,0.5,3.125],"texture":"#main"},"east":{"uv":[0,2.25,0,3.125],"texture":"#main"},"south":{"uv":[0.5,2.25,0,3.125],"texture":"#main"},"west":{"uv":[0.5,2.25,0.5,3.125],"texture":"#main"},"up":{"uv":[0.5,2.25,0,2.25],"texture":"#main"},"down":{"uv":[1,2.25,0.5,2.25],"texture":"#main"}}},{"from":[9.99,17.173,5.216],"to":[12.95,22.834,5.216],"shade":false,"rotation":{"angle":0,"axis":"y","origin":[7.43084,21.44508,4.23859]},"faces":{"north":{"uv":[0.5,2.25,0,3.125],"texture":"#main"},"east":{"uv":[0.5,2.25,0.5,3.125],"texture":"#main"},"south":{"uv":[0,2.25,0.5,3.125],"texture":"#main"},"west":{"uv":[0,2.25,0,3.125],"texture":"#main"},"up":{"uv":[0,2.25,0.5,2.25],"texture":"#main"},"down":{"uv":[0.5,2.25,1,2.25],"texture":"#main"}}},{"from":[2.3125,4.2415,8.7495],"to":[5.3095,9.7915,12.2275],"rotation":{"angle":45,"axis":"x","origin":[1.7945,6.19325,10.1185]},"faces":{"north":{"uv":[0.5,1.375,1,2.25],"texture":"#main"},"east":{"uv":[0,1.375,0.5,2.25],"texture":"#main"},"south":{"uv":[1.5,1.375,2,2.25],"texture":"#main"},"west":{"uv":[1,1.375,1.5,2.25],"texture":"#main"},"up":{"uv":[1,1.375,0.5,0.875],"texture":"#main"},"down":{"uv":[1.5,0.875,1,1.375],"texture":"#main"}}},{"from":[2.7195,1.09121,8.65517],"to":[5.0135,5.64221,11.61517],"rotation":{"angle":-22.5,"axis":"x","origin":[1.7945,3.21475,10.1185]},"faces":{"north":{"uv":[7,6.75,7.375,7.5],"texture":"#main"},"east":{"uv":[6.5,6.75,7,7.5],"texture":"#main"},"south":{"uv":[7.875,6.75,8.25,7.5],"texture":"#main"},"west":{"uv":[7.375,6.75,7.875,7.5],"texture":"#main"},"up":{"uv":[7.375,6.75,7,6.25],"texture":"#main"},"down":{"uv":[7.75,6.25,7.375,6.75],"texture":"#main"}}},{"from":[2.4605,0.18213,9.52556],"to":[5.3465,1.68063,12.80006],"rotation":{"angle":0,"axis":"y","origin":[6.586,0.93138,11.16281]},"faces":{"north":{"uv":[7.5,5.75,7.875,6],"texture":"#main"},"east":{"uv":[7,5.75,7.5,6],"texture":"#main"},"south":{"uv":[8.375,5.75,8.75,6],"texture":"#main"},"west":{"uv":[7.875,5.75,8.375,6],"texture":"#main"},"up":{"uv":[7.875,5.75,7.5,5.25],"texture":"#main"},"down":{"uv":[8.25,5.25,7.875,5.75],"texture":"#main"}}},{"from":[1.924,-0.3095,8.1205],"to":[3.0525,1.189,10.1925],"rotation":{"angle":0,"axis":"y","origin":[1.7945,9.52325,10.1185]},"faces":{"north":{"uv":[2.25,1.5,2.375,1.75],"texture":"#main"},"east":{"uv":[2,1.5,2.25,1.75],"texture":"#main"},"south":{"uv":[2.625,1.5,2.75,1.75],"texture":"#main"},"west":{"uv":[2.375,1.5,2.625,1.75],"texture":"#main"},"up":{"uv":[2.375,1.5,2.25,1.25],"texture":"#main"},"down":{"uv":[2.5,1.25,2.375,1.5],"texture":"#main"}}},{"from":[3.256,-0.3095,8.1205],"to":[4.3845,1.189,10.1925],"rotation":{"angle":0,"axis":"y","origin":[1.7945,9.52325,10.1185]},"faces":{"north":{"uv":[2,2.25,2.125,2.5],"texture":"#main"},"east":{"uv":[1.75,2.25,2,2.5],"texture":"#main"},"south":{"uv":[2.375,2.25,2.5,2.5],"texture":"#main"},"west":{"uv":[2.125,2.25,2.375,2.5],"texture":"#main"},"up":{"uv":[2.125,2.25,2,2],"texture":"#main"},"down":{"uv":[2.25,2,2.125,2.25],"texture":"#main"}}},{"from":[4.588,-0.3095,8.1205],"to":[5.7165,1.189,10.1925],"rotation":{"angle":0,"axis":"y","origin":[1.7945,9.52325,10.1185]},"faces":{"north":{"uv":[1.25,2.5,1.375,2.75],"texture":"#main"},"east":{"uv":[1,2.5,1.25,2.75],"texture":"#main"},"south":{"uv":[1.625,2.5,1.75,2.75],"texture":"#main"},"west":{"uv":[1.375,2.5,1.625,2.75],"texture":"#main"},"up":{"uv":[1.375,2.5,1.25,2.25],"texture":"#main"},"down":{"uv":[1.5,2.25,1.375,2.5],"texture":"#main"}}},{"from":[2.9045,7.6825,5.9375],"to":[10.212,17.4505,10.8955],"rotation":{"angle":-45,"axis":"x","origin":[6.55825,12.07625,9.2305]},"faces":{"north":{"uv":[4.5,4.125,5.625,5.75],"texture":"#main"},"east":{"uv":[3.75,4.125,4.5,5.75],"texture":"#main"},"south":{"uv":[6.375,4.125,7.5,5.75],"texture":"#main"},"west":{"uv":[5.625,4.125,6.375,5.75],"texture":"#main"},"up":{"uv":[5.625,4.125,4.5,3.375],"texture":"#main"},"down":{"uv":[6.75,3.375,5.625,4.125],"texture":"#main"}}},{"from":[3.885,13.6395,3.6805],"to":[9.3425,16.5625,7.3065],"rotation":{"angle":0,"axis":"y","origin":[6.61375,16.3775,9.36]},"faces":{"north":{"uv":[0.5,0.5,1.375,0.875],"texture":"#main"},"east":{"uv":[0,0.5,0.5,0.875],"texture":"#main"},"south":{"uv":[1.875,0.5,2.75,0.875],"texture":"#main"},"west":{"uv":[1.375,0.5,1.875,0.875],"texture":"#main"},"up":{"uv":[1.375,0.5,0.5,0],"texture":"#main"},"down":{"uv":[2.25,0,1.375,0.5],"texture":"#main"}}},{"from":[1.6095,18.0055,1.072],"to":[11.7475,18.0055,8.7865],"rotation":{"angle":-22.5,"axis":"x","origin":[6.61375,16.3775,9.36]},"faces":{"north":{"uv":[1.25,4.125,2.875,4.125],"texture":"#main"},"east":{"uv":[0,4.125,1.25,4.125],"texture":"#main"},"south":{"uv":[4.125,4.125,5.75,4.125],"texture":"#main"},"west":{"uv":[2.875,4.125,4.125,4.125],"texture":"#main"},"up":{"uv":[2.875,4.125,1.25,2.875],"texture":"#main"},"down":{"uv":[1.25,2.875,2.875,4.125],"texture":"#main"}}},{"from":[1.4245,10.74373,21.08775],"to":[10.952,28.22623,21.08775],"rotation":{"angle":22.5,"axis":"x","origin":[6.18825,6.95998,27.79525]},"faces":{"north":{"uv":[4.375,2.875,2.875,0],"rotation":180,"texture":"#main"},"east":{"uv":[0,2.875,2.875,2.875],"rotation":90,"texture":"#main"},"south":{"uv":[2.75,0,4.25,2.875],"texture":"#main"},"west":{"uv":[4.375,2.875,7.25,2.875],"rotation":270,"texture":"#main"},"up":{"uv":[7.25,2.875,8.75,2.875],"texture":"#main"},"down":{"uv":[2.875,2.875,4.375,2.875],"rotation":180,"texture":"#main"}}},{"from":[5.846,11.8181,21.91137],"to":[7.289,13.4461,26.92487],"rotation":{"angle":-45,"axis":"x","origin":[6.5675,9.2071,23.41812]},"faces":{"north":{"uv":[4.75,7.5,4.875,7.75],"texture":"#main"},"east":{"uv":[4,7.5,4.75,7.75],"texture":"#main"},"south":{"uv":[5.625,7.5,5.75,7.75],"texture":"#main"},"west":{"uv":[4.875,7.5,5.625,7.75],"texture":"#main"},"up":{"uv":[4.875,7.5,4.75,6.75],"texture":"#main"},"down":{"uv":[5,6.75,4.875,7.5],"texture":"#main"}}},{"from":[5.7535,9.1875,16.1865],"to":[7.363,10.8155,21.126],"rotation":{"angle":-22.5,"axis":"x","origin":[6.55825,8.3365,18.91525]},"faces":{"north":{"uv":[6.625,1.625,6.875,1.875],"texture":"#main"},"east":{"uv":[5.875,1.625,6.625,1.875],"texture":"#main"},"south":{"uv":[7.625,1.625,7.875,1.875],"texture":"#main"},"west":{"uv":[6.875,1.625,7.625,1.875],"texture":"#main"},"up":{"uv":[6.875,1.625,6.625,0.875],"texture":"#main"},"down":{"uv":[7.125,0.875,6.875,1.625],"texture":"#main"}}},{"from":[-0.42213,1.4164,3.33134],"to":[2.98187,7.9839,6.80934],"rotation":{"angle":22.5,"axis":"x","origin":[1.27987,4.88515,6.05084]},"faces":{"north":{"uv":[6.625,8,7.125,9],"texture":"#main"},"east":{"uv":[6.125,8,6.625,9],"texture":"#main"},"south":{"uv":[7.625,8,8.125,9],"texture":"#main"},"west":{"uv":[7.125,8,7.625,9],"texture":"#main"},"up":{"uv":[7.125,8,6.625,7.5],"texture":"#main"},"down":{"uv":[7.625,7.5,7.125,8],"texture":"#main"}}},{"from":[2.24107,0.29062,3.91172],"to":[4.27607,1.56712,5.39172],"rotation":{"angle":-45,"axis":"y","origin":[3.81357,0.48487,3.96722]},"faces":{"north":{"uv":[1.75,1.125,2,1.25],"texture":"#main"},"east":{"uv":[1.5,1.125,1.75,1.25],"texture":"#main"},"south":{"uv":[2.25,1.125,2.5,1.25],"texture":"#main"},"west":{"uv":[2,1.125,2.25,1.25],"texture":"#main"},"up":{"uv":[2,1.125,1.75,0.875],"texture":"#main"},"down":{"uv":[2.25,0.875,2,1.125],"texture":"#main"}}},{"from":[-0.40443,0.22554,2.48034],"to":[2.90707,2.98204,4.70034],"rotation":{"angle":0,"axis":"y","origin":[0.54832,3.47229,1.66634]},"faces":{"north":{"uv":[7.125,3.75,7.625,4.125],"texture":"#main"},"east":{"uv":[6.75,3.75,7.125,4.125],"texture":"#main"},"south":{"uv":[8,3.75,8.5,4.125],"texture":"#main"},"west":{"uv":[7.625,3.75,8,4.125],"texture":"#main"},"up":{"uv":[7.625,3.75,7.125,3.375],"texture":"#main"},"down":{"uv":[8.125,3.375,7.625,3.75],"texture":"#main"}}},{"from":[1.82199,-0.3933,2.18434],"to":[2.91349,0.8832,4.40434],"rotation":{"angle":22.5,"axis":"x","origin":[1.14674,0.24495,3.29434]},"faces":{"north":{"uv":[0.375,4,0.5,4.125],"texture":"#main"},"east":{"uv":[0,4,0.375,4.125],"texture":"#main"},"south":{"uv":[0.875,4,1,4.125],"texture":"#main"},"west":{"uv":[0.5,4,0.875,4.125],"texture":"#main"},"up":{"uv":[0.5,4,0.375,3.625],"texture":"#main"},"down":{"uv":[0.625,3.625,0.5,4],"texture":"#main"}}},{"from":[-0.62001,-0.3933,2.18434],"to":[0.47149,0.8832,4.40434],"rotation":{"angle":22.5,"axis":"x","origin":[1.14674,0.24495,3.29434]},"faces":{"north":{"uv":[0.375,4,0.5,4.125],"texture":"#main"},"east":{"uv":[0,4,0.375,4.125],"texture":"#main"},"south":{"uv":[0.875,4,1,4.125],"texture":"#main"},"west":{"uv":[0.5,4,0.875,4.125],"texture":"#main"},"up":{"uv":[0.5,4,0.375,3.625],"texture":"#main"},"down":{"uv":[0.625,3.625,0.5,4],"texture":"#main"}}},{"from":[0.56399,-0.3933,2.18434],"to":[1.65549,0.8832,4.40434],"rotation":{"angle":22.5,"axis":"x","origin":[1.14674,0.24495,3.29434]},"faces":{"north":{"uv":[0.375,4,0.5,4.125],"texture":"#main"},"east":{"uv":[0,4,0.375,4.125],"texture":"#main"},"south":{"uv":[0.875,4,1,4.125],"texture":"#main"},"west":{"uv":[0.5,4,0.875,4.125],"texture":"#main"},"up":{"uv":[0.5,4,0.375,3.625],"texture":"#main"},"down":{"uv":[0.625,3.625,0.5,4],"texture":"#main"}}},{"from":[-0.1951,7.6509,4.85038],"to":[2.6724,13.4784,7.69938],"rotation":{"angle":0,"axis":"y","origin":[5.6425,7.146,3.6435]},"faces":{"north":{"uv":[0.375,8,0.75,8.875],"texture":"#main"},"east":{"uv":[0,8,0.375,8.875],"texture":"#main"},"south":{"uv":[1.125,8,1.5,8.875],"texture":"#main"},"west":{"uv":[0.75,8,1.125,8.875],"texture":"#main"},"up":{"uv":[0.75,8,0.375,7.625],"texture":"#main"},"down":{"uv":[1.125,7.625,0.75,8],"texture":"#main"}}},{"from":[8.45193,0.29062,3.91172],"to":[10.48693,1.56712,5.39172],"shade":false,"rotation":{"angle":45,"axis":"y","origin":[8.91443,0.48487,3.96722]},"faces":{"north":{"uv":[2,1.125,1.75,1.25],"texture":"#main"},"east":{"uv":[2.25,1.125,2,1.25],"texture":"#main"},"south":{"uv":[2.5,1.125,2.25,1.25],"texture":"#main"},"west":{"uv":[1.75,1.125,1.5,1.25],"texture":"#main"},"up":{"uv":[1.75,1.125,2,0.875],"texture":"#main"},"down":{"uv":[2,0.875,2.25,1.125],"texture":"#main"}}},{"from":[9.82093,0.22554,2.48034],"to":[13.13243,2.98204,4.70034],"shade":false,"rotation":{"angle":0,"axis":"y","origin":[12.17968,3.47229,1.66634]},"faces":{"north":{"uv":[7.625,3.75,7.125,4.125],"texture":"#main"},"east":{"uv":[8,3.75,7.625,4.125],"texture":"#main"},"south":{"uv":[8.5,3.75,8,4.125],"texture":"#main"},"west":{"uv":[7.125,3.75,6.75,4.125],"texture":"#main"},"up":{"uv":[7.125,3.75,7.625,3.375],"texture":"#main"},"down":{"uv":[7.625,3.375,8.125,3.75],"texture":"#main"}}},{"from":[9.81451,-0.3933,2.18434],"to":[10.90601,0.8832,4.40434],"shade":false,"rotation":{"angle":22.5,"axis":"x","origin":[11.58126,0.24495,3.29434]},"faces":{"north":{"uv":[0.5,4,0.375,4.125],"texture":"#main"},"east":{"uv":[0.875,4,0.5,4.125],"texture":"#main"},"south":{"uv":[1,4,0.875,4.125],"texture":"#main"},"west":{"uv":[0.375,4,0,4.125],"texture":"#main"},"up":{"uv":[0.375,4,0.5,3.625],"texture":"#main"},"down":{"uv":[0.5,3.625,0.625,4],"texture":"#main"}}},{"from":[12.25651,-0.3933,2.18434],"to":[13.34801,0.8832,4.40434],"shade":false,"rotation":{"angle":22.5,"axis":"x","origin":[11.58126,0.24495,3.29434]},"faces":{"north":{"uv":[0.5,4,0.375,4.125],"texture":"#main"},"east":{"uv":[0.875,4,0.5,4.125],"texture":"#main"},"south":{"uv":[1,4,0.875,4.125],"texture":"#main"},"west":{"uv":[0.375,4,0,4.125],"texture":"#main"},"up":{"uv":[0.375,4,0.5,3.625],"texture":"#main"},"down":{"uv":[0.5,3.625,0.625,4],"texture":"#main"}}},{"from":[11.07251,-0.3933,2.18434],"to":[12.16401,0.8832,4.40434],"shade":false,"rotation":{"angle":22.5,"axis":"x","origin":[11.58126,0.24495,3.29434]},"faces":{"north":{"uv":[0.5,4,0.375,4.125],"texture":"#main"},"east":{"uv":[0.875,4,0.5,4.125],"texture":"#main"},"south":{"uv":[1,4,0.875,4.125],"texture":"#main"},"west":{"uv":[0.375,4,0,4.125],"texture":"#main"},"up":{"uv":[0.375,4,0.5,3.625],"texture":"#main"},"down":{"uv":[0.5,3.625,0.625,4],"texture":"#main"}}},{"from":[10.0556,7.6509,4.85038],"to":[12.9231,13.4784,7.69938],"shade":false,"rotation":{"angle":0,"axis":"y","origin":[7.0855,7.146,3.6435]},"faces":{"north":{"uv":[0.75,8,0.375,8.875],"texture":"#main"},"east":{"uv":[1.125,8,0.75,8.875],"texture":"#main"},"south":{"uv":[1.5,8,1.125,8.875],"texture":"#main"},"west":{"uv":[0.375,8,0,8.875],"texture":"#main"},"up":{"uv":[0.375,8,0.75,7.625],"texture":"#main"},"down":{"uv":[0.75,7.625,1.125,8],"texture":"#main"}}},{"from":[9.74613,1.4164,3.33134],"to":[13.15013,7.9839,6.80934],"shade":false,"rotation":{"angle":22.5,"axis":"x","origin":[11.44813,4.88515,6.05084]},"faces":{"north":{"uv":[7.125,8,6.625,9],"texture":"#main"},"east":{"uv":[7.625,8,7.125,9],"texture":"#main"},"south":{"uv":[8.125,8,7.625,9],"texture":"#main"},"west":{"uv":[6.625,8,6.125,9],"texture":"#main"},"up":{"uv":[6.625,8,7.125,7.5],"texture":"#main"},"down":{"uv":[7.125,7.5,7.625,8],"texture":"#main"}}},{"from":[5.7905,8.1885,11.8575],"to":[7.3445,9.8165,16.6675],"rotation":{"angle":0,"axis":"y","origin":[6.5675,8.3365,14.2625]},"faces":{"north":{"uv":[6.625,1.625,6.875,1.875],"texture":"#main"},"east":{"uv":[5.875,1.625,6.625,1.875],"texture":"#main"},"south":{"uv":[7.625,1.625,7.875,1.875],"texture":"#main"},"west":{"uv":[6.875,1.625,7.625,1.875],"texture":"#main"},"up":{"uv":[6.875,1.625,6.625,0.875],"texture":"#main"},"down":{"uv":[7.125,0.875,6.875,1.625],"texture":"#main"}}}],"display":{"head":{"translation":[0,-34.75,0]}},"groups":[{"name":"monferno","origin":[0,0,0],"color":0,"children":[0,1,2,3,4,5,6,7,8,9,10,11,12,13,14,15,16,17,18,19,20,21,22,23,24,25,26,27,28,29,30,31,32,33,34,35,36,37,38,39]}]}