{"parent":"physical_parent","textures":{"main":"pokemon/natu"},"texture_size":[32,32],"elements":[{"from":[4,2,4],"to":[12,10,12],"faces":{"east":{"uv":[0,4,4,8],"texture":"#main"},"south":{"uv":[4,4,8,8],"texture":"#main"},"north":{"uv":[0,0,4,4],"texture":"#main"},"west":{"uv":[4,0,8,4],"texture":"#main"},"up":{"uv":[0,8,4,12],"texture":"#main"},"down":{"uv":[4,8,8,12],"texture":"#main"}}},{"rotation":{"origin":[8,2.5,14],"angle":22.5,"axis":"x"},"from":[7,2,12],"to":[9,3,16],"faces":{"east":{"uv":[8,7.5,10,8],"texture":"#main"},"south":{"uv":[13,3,14,3.5],"texture":"#main"},"north":{"uv":[13,2.5,14,3],"texture":"#main"},"west":{"uv":[4,12,6,12.5],"texture":"#main"},"up":{"uv":[11,3.5,12,5.5],"texture":"#main"},"down":{"uv":[11,7.5,12,9.5],"texture":"#main"}}},{"rotation":{"origin":[8,2.5,14],"angle":22.5,"axis":"x"},"from":[6.25,1.75,11.75],"to":[9.75,2.75,14.75],"faces":{"east":{"uv":[12.5,10,14,10.5],"texture":"#main"},"south":{"uv":[12,3.5,14,4],"texture":"#main"},"north":{"uv":[6,12,8,12.5],"texture":"#main"},"west":{"uv":[12.5,10.5,14,11],"texture":"#main"},"up":{"uv":[10,6,12,7.5],"texture":"#main"},"down":{"uv":[11,0,13,1.5],"texture":"#main"}}},{"rotation":{"origin":[3.5,3.46247,10.44553],"angle":22.5,"axis":"x"},"from":[3,2.21247,7.94553],"to":[4,6.21247,13.94553],"faces":{"east":{"uv":[8,8,11,10],"texture":"#main"},"south":{"uv":[2.5,12,3,14],"texture":"#main"},"north":{"uv":[2,12,2.5,14],"texture":"#main"},"west":{"uv":[8,0,11,2],"texture":"#main"},"up":{"uv":[0,12,0.5,15],"texture":"#main"},"down":{"uv":[0.5,12,1,15],"texture":"#main"}}},{"rotation":{"origin":[12.5,3.46247,10.44553],"angle":22.5,"axis":"x"},"from":[12,2.21247,7.94553],"to":[13,6.21247,13.94553],"faces":{"east":{"uv":[11,0,8,2],"texture":"#main"},"south":{"uv":[3,12,2.5,14],"texture":"#main"},"north":{"uv":[2.5,12,2,14],"texture":"#main"},"west":{"uv":[11,8,8,10],"texture":"#main"},"up":{"uv":[0.5,12,0,15],"texture":"#main"},"down":{"uv":[1,12,0.5,15],"texture":"#main"}}},{"rotation":{"origin":[8.25,8,8],"angle":0,"axis":"y"},"from":[9.25,0,7.5],"to":[10.25,2,8.5],"faces":{"east":{"uv":[5,13,5.5,14],"texture":"#main"},"south":{"uv":[5.5,13,6,14],"texture":"#main"},"north":{"uv":[4.5,13,5,14],"texture":"#main"},"west":{"uv":[6,13,6.5,14],"texture":"#main"},"up":{"uv":[13,7,13.5,7.5],"texture":"#main"},"down":{"uv":[13,7.5,13.5,8],"texture":"#main"}}},{"rotation":{"origin":[4.75,8,8],"angle":0,"axis":"y"},"from":[5.75,0,7.5],"to":[6.75,2,8.5],"faces":{"east":{"uv":[11,13,11.5,14],"texture":"#main"},"south":{"uv":[11.5,13,12,14],"texture":"#main"},"north":{"uv":[10.5,13,11,14],"texture":"#main"},"west":{"uv":[12,13,12.5,14],"texture":"#main"},"up":{"uv":[9,13.5,9.5,14],"texture":"#main"},"down":{"uv":[9.5,13.5,10,14],"texture":"#main"}}},{"rotation":{"origin":[8.25,8,8],"angle":0,"axis":"y"},"from":[9.25,0,8.5],"to":[10.25,1,10.5],"faces":{"east":{"uv":[10,7.5,11,8],"texture":"#main"},"south":{"uv":[8.5,13.5,9,14],"texture":"#main"},"north":{"uv":[8,13.5,8.5,14],"texture":"#main"},"west":{"uv":[12.5,11,13.5,11.5],"texture":"#main"},"up":{"uv":[6.5,13,7,14],"texture":"#main"},"down":{"uv":[7,13,7.5,14],"texture":"#main"}}},{"rotation":{"origin":[4.75,8,8],"angle":0,"axis":"y"},"from":[5.75,0,8.5],"to":[6.75,1,10.5],"faces":{"east":{"uv":[12.5,13,13.5,13.5],"texture":"#main"},"south":{"uv":[13.5,1.5,14,2],"texture":"#main"},"north":{"uv":[13.5,1,14,1.5],"texture":"#main"},"west":{"uv":[13,0,14,0.5],"texture":"#main"},"up":{"uv":[13,0.5,13.5,1.5],"texture":"#main"},"down":{"uv":[13,1.5,13.5,2.5],"texture":"#main"}}},{"rotation":{"origin":[8.25,8,8],"angle":0,"axis":"y"},"from":[8.5,0,5.5],"to":[9.5,1,8.75],"faces":{"east":{"uv":[12,4,13.5,4.5],"texture":"#main"},"south":{"uv":[13,8.5,13.5,9],"texture":"#main"},"north":{"uv":[13,8,13.5,8.5],"texture":"#main"},"west":{"uv":[12,4.5,13.5,5],"texture":"#main"},"up":{"uv":[12,6,12.5,7.5],"texture":"#main"},"down":{"uv":[12,7.5,12.5,9],"texture":"#main"}}},{"rotation":{"origin":[4.75,8,8],"angle":0,"axis":"y"},"from":[5,0,5.5],"to":[6,1,8.75],"faces":{"east":{"uv":[10.5,12.5,12,13],"texture":"#main"},"south":{"uv":[13.5,0.5,14,1],"texture":"#main"},"north":{"uv":[13.5,13.5,14,14],"texture":"#main"},"west":{"uv":[12,12.5,13.5,13],"texture":"#main"},"up":{"uv":[12.5,6,13,7.5],"texture":"#main"},"down":{"uv":[12.5,7.5,13,9],"texture":"#main"}}},{"rotation":{"origin":[8.25,8,8],"angle":0,"axis":"y"},"from":[10,0,5.5],"to":[11,1,8.75],"faces":{"east":{"uv":[12,5,13.5,5.5],"texture":"#main"},"south":{"uv":[13,12,13.5,12.5],"texture":"#main"},"north":{"uv":[13,11.5,13.5,12],"texture":"#main"},"west":{"uv":[12,9,13.5,9.5],"texture":"#main"},"up":{"uv":[12,10,12.5,11.5],"texture":"#main"},"down":{"uv":[4,12.5,4.5,14],"texture":"#main"}}},{"rotation":{"origin":[4.75,8,8],"angle":0,"axis":"y"},"from":[6.5,0,5.5],"to":[7.5,1,8.75],"faces":{"east":{"uv":[4.5,12.5,6,13],"texture":"#main"},"south":{"uv":[13,13.5,13.5,14],"texture":"#main"},"north":{"uv":[12.5,13.5,13,14],"texture":"#main"},"west":{"uv":[6,12.5,7.5,13],"texture":"#main"},"up":{"uv":[7.5,12.5,8,14],"texture":"#main"},"down":{"uv":[10,12.5,10.5,14],"texture":"#main"}}},{"from":[6,5,1],"to":[10,7,4],"faces":{"east":{"uv":[10,11.5,11.5,12.5],"texture":"#main"},"south":{"uv":[11,2.5,13,3.5],"texture":"#main"},"north":{"uv":[11,1.5,13,2.5],"texture":"#main"},"west":{"uv":[11.5,11.5,13,12.5],"texture":"#main"},"up":{"uv":[8,6,10,7.5],"texture":"#main"},"down":{"uv":[10,10,12,11.5],"texture":"#main"}}},{"rotation":{"origin":[8,11.5,9.5],"angle":-22.5,"axis":"x"},"from":[7,9,9],"to":[9,10,16],"faces":{"east":{"uv":[11,5.5,14.5,6],"texture":"#main"},"south":{"uv":[13,6.5,14,7],"texture":"#main"},"north":{"uv":[13,6,14,6.5],"texture":"#main"},"west":{"uv":[11,9.5,14.5,10],"texture":"#main"},"up":{"uv":[8,10,9,13.5],"texture":"#main"},"down":{"uv":[9,10,10,13.5],"texture":"#main"}}}],"display":{"head":{"translation":[0,-36,0],"scale":[1.1,1.1,1.1]}},"credit":"Made with Blockbench"}