{"parent":"physical_parent","textures":{"main":"pokemon/nidoqueen"},"elements":[{"from":[5,24,-2],"to":[14,28,7],"faces":{"east":{"uv":[10.75,7.5,13,8.5],"texture":"#main"},"south":{"uv":[10.75,11.5,13,12.25],"texture":"#main"},"north":{"uv":[10.75,10.25,13,11.25],"texture":"#main"},"west":{"uv":[10.75,8.75,13,9.75],"texture":"#main"},"up":{"uv":[13.25,7.5,15.5,9.75],"texture":"#main","rotation":90},"down":{"uv":[8,10,10.25,12.25],"texture":"#main"}}},{"from":[5.4,2,2],"to":[13.6,10,11],"faces":{"east":{"uv":[2.25,0,4.5,2],"texture":"#main"},"south":{"uv":[4.5,0,6.5,2],"texture":"#main"},"north":{"uv":[0,0,2,2],"texture":"#main"},"west":{"uv":[2.25,0,4.5,2],"texture":"#main"},"up":{"uv":[2.5,2.25,4.75,4.25],"texture":"#main"},"down":{"uv":[0,2.25,2.25,4.25],"texture":"#main","rotation":90}}},{"from":[13.5,12,2],"to":[16.5,18,9],"faces":{"east":{"uv":[8.5,5.5,10.25,7],"texture":"#main","rotation":180},"south":{"uv":[13.5,5.5,14.25,7],"texture":"#main","rotation":180},"north":{"uv":[12.5,5.5,13.25,7],"texture":"#main","rotation":180},"west":{"uv":[8.5,5.5,10.25,7],"texture":"#main","rotation":180},"up":{"uv":[14.5,5.5,15.25,7],"texture":"#main","rotation":180},"down":{"uv":[14.5,5.5,15.25,7],"texture":"#main","rotation":180}}},{"from":[1.5,2,7],"to":[5.5,8,11],"faces":{"south":{"uv":[7.5,2.25,8.5,3.75],"texture":"#main"},"north":{"uv":[6.25,2.25,7.25,3.75],"texture":"#main"},"west":{"uv":[7.5,2.25,8.5,3.75],"texture":"#main"},"up":{"uv":[7.5,2.25,8.5,3.25],"texture":"#main"},"down":{"uv":[7.5,2.25,8.5,3.25],"texture":"#main"}}},{"from":[13.5,2,7],"to":[17.5,8,11],"faces":{"east":{"uv":[5,2.25,6,3.75],"texture":"#main"},"south":{"uv":[8.75,2.25,9.75,3.75],"texture":"#main"},"north":{"uv":[5,2.25,6,3.75],"texture":"#main"},"up":{"uv":[7.5,2.25,8.5,3.25],"texture":"#main","rotation":90},"down":{"uv":[7.5,2.25,8.5,3.25],"texture":"#main"}}},{"rotation":{"origin":[8,5,5],"angle":-22.5,"axis":"x"},"from":[7.4,1,9],"to":[11.41,6,21],"faces":{"east":{"uv":[10.5,0,11.75,3],"texture":"#main","rotation":90},"south":{"uv":[13.25,8.75,14,9.75],"texture":"#main","rotation":270},"west":{"uv":[10.5,0,11.75,3],"texture":"#main","rotation":270},"up":{"uv":[10.75,0,11.75,3],"texture":"#main"},"down":{"uv":[12,0,13,3],"texture":"#main","rotation":180}}},{"rotation":{"origin":[8,8.06147,12.39104],"angle":-22.5,"axis":"x"},"from":[8.4,5.0615,20.391],"to":[10.6,8.0615,24.391],"faces":{"east":{"uv":[10.5,0,11.25,1],"texture":"#main","rotation":270},"south":{"uv":[13.25,9.25,14,9.75],"texture":"#main","rotation":270},"west":{"uv":[10.5,0,11.25,1],"texture":"#main","rotation":270},"up":{"uv":[10.5,0,11,1],"texture":"#main","rotation":180},"down":{"uv":[10.5,0,11,1],"texture":"#main"}}},{"from":[5.4,10,3],"to":[13.41,19,11],"faces":{"east":{"uv":[4.25,4.75,6,7],"texture":"#main"},"south":{"uv":[6.25,4.75,8.25,7],"texture":"#main"},"north":{"uv":[0,4.75,2,7],"texture":"#main"},"west":{"uv":[2.25,4.75,4,7],"texture":"#main"},"up":{"uv":[2.75,2.5,4.5,4],"texture":"#main"}}},{"rotation":{"origin":[4,14,11],"angle":-22.5,"axis":"x"},"from":[9.5,8,9],"to":[9.6,26,16],"faces":{"east":{"uv":[14.25,11.25,16,15.75],"texture":"#main","rotation":180},"west":{"uv":[14.25,11.25,16,15.75],"texture":"#main"}}},{"rotation":{"origin":[20.5,20,4],"angle":-45,"axis":"y"},"from":[14.5,22,9.5],"to":[23.5,31,9.6],"faces":{"south":{"uv":[2.75,13.5,5,16],"texture":"#main"},"north":{"uv":[13.5,2.75,15.75,5.25],"texture":"#main"}}},{"from":[13.5,-1,6],"to":[17.5,2,10],"faces":{"east":{"uv":[8.75,2.25,9.75,3],"texture":"#main"},"south":{"uv":[8.75,2.25,9.75,3],"texture":"#main"},"north":{"uv":[8.75,2.25,9.75,3],"texture":"#main"},"west":{"uv":[7.5,2.25,8.5,3],"texture":"#main"},"up":{"uv":[8.75,2.25,9.75,3],"texture":"#main","rotation":180},"down":{"uv":[8.75,2.25,9.75,3],"texture":"#main","rotation":180}}},{"from":[1.5,-1,6],"to":[5.5,2,10],"faces":{"east":{"uv":[7.5,2.25,8.5,3],"texture":"#main"},"south":{"uv":[8.75,2.25,9.75,3],"texture":"#main"},"north":{"uv":[8.75,2.25,9.75,3],"texture":"#main"},"west":{"uv":[7.5,2.25,8.5,3],"texture":"#main"},"up":{"uv":[8.75,2.25,9.75,3],"texture":"#main","rotation":180},"down":{"uv":[8.75,2.25,9.75,3],"texture":"#main","rotation":180}}},{"from":[1.5,-1,3],"to":[2.5,0,6],"faces":{"east":{"uv":[5.5,9.25,5.75,9.75],"texture":"#main","rotation":180},"south":{"uv":[5.5,9.25,5.75,9.5],"texture":"#main","rotation":180},"north":{"uv":[5.5,9.25,5.75,9.5],"texture":"#main","rotation":180},"west":{"uv":[5.5,9.25,5.75,9.75],"texture":"#main","rotation":180},"up":{"uv":[5.5,9.25,5.75,9.75],"texture":"#main","rotation":180},"down":{"uv":[5.5,9.25,5.75,9.75],"texture":"#main","rotation":180}}},{"from":[2.5,12,2],"to":[5.5,18,9],"faces":{"east":{"uv":[10.5,5.5,12.25,7],"texture":"#main","rotation":180},"south":{"uv":[14.5,5.5,15.25,7],"texture":"#main","rotation":180},"north":{"uv":[13.5,5.5,14.25,7],"texture":"#main","rotation":180},"west":{"uv":[10.5,5.5,12.25,7],"texture":"#main","rotation":180},"up":{"uv":[14.5,5.5,15.25,7],"texture":"#main","rotation":180},"down":{"uv":[14.5,5.5,15.25,7],"texture":"#main"}}},{"rotation":{"origin":[-1.5,9.00419,6.99373],"angle":22.5,"axis":"x"},"from":[3,5.0042,0.9937],"to":[6.01,12.0042,4.9937],"faces":{"east":{"uv":[1,11.25,2,13],"texture":"#main"},"south":{"uv":[0,9.25,0.75,11],"texture":"#main"},"north":{"uv":[0,9.25,0.75,11],"texture":"#main"},"west":{"uv":[1,11.25,2,13],"texture":"#main"}}},{"rotation":{"origin":[8.5,9.00419,6.99373],"angle":22.5,"axis":"x"},"from":[13,5.0042,0.9937],"to":[16.01,12.0042,4.9937],"faces":{"east":{"uv":[1,11.25,2,13],"texture":"#main"},"south":{"uv":[0,11.5,0.75,13.25],"texture":"#main"},"north":{"uv":[0,7.25,0.75,9],"texture":"#main"},"west":{"uv":[1,11.25,2,13],"texture":"#main"}}},{"rotation":{"origin":[8.5,4.00419,2.99373],"angle":-22.5,"axis":"x"},"from":[12,5.0042,-1.0063],"to":[17.01,10.0042,5.9937],"faces":{"east":{"uv":[2.25,7.25,3.5,9],"texture":"#main","rotation":270},"south":{"uv":[7,7.25,8.5,8.75],"texture":"#main","rotation":180},"north":{"uv":[7,7.25,8.5,8.75],"texture":"#main","rotation":180},"west":{"uv":[3.75,9.25,5,11],"texture":"#main","rotation":270},"up":{"uv":[3.75,7.25,5,9],"texture":"#main"},"down":{"uv":[3.75,9.25,5,11],"texture":"#main"}}},{"rotation":{"origin":[-1.5,4.00419,2.99373],"angle":-22.5,"axis":"x"},"from":[2,5.0042,-1.0063],"to":[7.01,10.0042,5.9937],"faces":{"east":{"uv":[2.25,7.25,3.5,9],"texture":"#main","rotation":270},"south":{"uv":[5.25,7.25,6.75,8.75],"texture":"#main","rotation":180},"north":{"uv":[5.25,7.25,6.75,8.75],"texture":"#main","rotation":180},"west":{"uv":[2.25,7.25,3.5,9],"texture":"#main","rotation":270},"up":{"uv":[2.25,7.25,3.5,9],"texture":"#main","rotation":180},"down":{"uv":[2.25,7.25,3.5,9],"texture":"#main","rotation":180}}},{"rotation":{"origin":[-0.5,-2.37011,-1.94269],"angle":-22.5,"axis":"x"},"from":[3,2.6299,-0.9427],"to":[4.1,3.6299,1.0573],"faces":{"east":{"uv":[5.5,9.25,5.75,9.75],"texture":"#main","rotation":180},"south":{"uv":[5.5,9.25,5.75,9.75],"texture":"#main","rotation":180},"north":{"uv":[5.5,9.25,5.75,9.75],"texture":"#main","rotation":180},"west":{"uv":[5.5,9.25,5.75,9.75],"texture":"#main","rotation":180},"up":{"uv":[5.5,9.25,5.75,9.75],"texture":"#main","rotation":180},"down":{"uv":[5.5,9.25,5.75,9.75],"texture":"#main","rotation":180}}},{"rotation":{"origin":[-1.5,-0.37011,-2.8],"angle":-22.5,"axis":"x"},"from":[2,4.6299,-1.8],"to":[3.1,5.6299,0.2],"faces":{"east":{"uv":[5.5,9.25,5.75,9.75],"texture":"#main","rotation":180},"south":{"uv":[5.5,9.25,5.75,9.75],"texture":"#main","rotation":180},"north":{"uv":[5.5,9.25,5.75,9.75],"texture":"#main","rotation":180},"west":{"uv":[5.5,9.25,5.75,9.75],"texture":"#main","rotation":180},"up":{"uv":[5.5,9.25,5.75,9.75],"texture":"#main","rotation":180},"down":{"uv":[5.5,9.25,5.75,9.75],"texture":"#main","rotation":180}}},{"rotation":{"origin":[-0.5,1.32541,-3.47343],"angle":-22.5,"axis":"x"},"from":[3,6.3254,-2.4734],"to":[4.1,7.3254,-0.4734],"faces":{"east":{"uv":[5.5,9.25,5.75,9.75],"texture":"#main","rotation":180},"south":{"uv":[5.5,9.25,5.75,9.75],"texture":"#main","rotation":180},"north":{"uv":[5.5,9.25,5.75,9.75],"texture":"#main","rotation":180},"west":{"uv":[5.5,9.25,5.75,9.75],"texture":"#main","rotation":180},"up":{"uv":[5.5,9.25,5.75,9.75],"texture":"#main","rotation":180},"down":{"uv":[5.5,9.25,5.75,9.75],"texture":"#main","rotation":180}}},{"rotation":{"origin":[11.5,1.32541,-3.47343],"angle":-22.5,"axis":"x"},"from":[15,6.3254,-2.4734],"to":[16.1,7.3254,-0.4734],"faces":{"east":{"uv":[5.5,9.25,5.75,9.75],"texture":"#main","rotation":180},"south":{"uv":[5.5,9.25,5.75,9.75],"texture":"#main","rotation":180},"north":{"uv":[5.5,9.25,5.75,9.75],"texture":"#main","rotation":180},"west":{"uv":[5.5,9.25,5.75,9.75],"texture":"#main","rotation":180},"up":{"uv":[5.5,9.25,5.75,9.75],"texture":"#main","rotation":180},"down":{"uv":[5.5,9.25,5.75,9.75],"texture":"#main","rotation":180}}},{"rotation":{"origin":[12.5,-0.37011,-2.8],"angle":-22.5,"axis":"x"},"from":[16,4.6299,-1.8],"to":[17.1,5.6299,0.2],"faces":{"east":{"uv":[5.5,9.25,5.75,9.75],"texture":"#main","rotation":180},"south":{"uv":[5.5,9.25,5.75,9.75],"texture":"#main","rotation":180},"north":{"uv":[5.5,9.25,5.75,9.75],"texture":"#main","rotation":180},"west":{"uv":[5.5,9.25,5.75,9.75],"texture":"#main","rotation":180},"up":{"uv":[5.5,9.25,5.75,9.75],"texture":"#main","rotation":180},"down":{"uv":[5.5,9.25,5.75,9.75],"texture":"#main","rotation":180}}},{"rotation":{"origin":[11.5,-2.37011,-1.94269],"angle":-22.5,"axis":"x"},"from":[15,2.6299,-0.9427],"to":[16.1,3.6299,1.0573],"faces":{"east":{"uv":[5.5,9.25,5.75,9.75],"texture":"#main","rotation":180},"south":{"uv":[5.5,9.25,5.75,9.75],"texture":"#main","rotation":180},"north":{"uv":[5.5,9.25,5.75,9.75],"texture":"#main","rotation":180},"west":{"uv":[5.5,9.25,5.75,9.75],"texture":"#main","rotation":180},"up":{"uv":[5.5,9.25,5.75,9.75],"texture":"#main","rotation":180},"down":{"uv":[5.5,9.25,5.75,9.75],"texture":"#main","rotation":180}}},{"from":[9.5,28,-2],"to":[9.6,32,7],"faces":{"east":{"uv":[13.25,9.75,15.75,11],"texture":"#main"},"west":{"uv":[10,3.5,12.5,4.75],"texture":"#main"}}},{"rotation":{"origin":[7.9,11,12],"angle":-22.5,"axis":"x"},"from":[4.9,21,2],"to":[13.91,24,11],"faces":{"east":{"uv":[8,14.5,10.25,15.25],"texture":"#main","rotation":180},"south":{"uv":[10.75,13.5,13,14.25],"texture":"#main"},"north":{"uv":[8,12.5,10.25,13.25],"texture":"#main"},"west":{"uv":[8,14.5,10.25,15.25],"texture":"#main","rotation":180},"up":{"uv":[5.5,9.75,7.75,12.25],"texture":"#main","rotation":180},"down":{"uv":[13.25,7.5,15.5,9.75],"texture":"#main","rotation":90}}},{"from":[5,21,3],"to":[14,24,7],"faces":{"east":{"uv":[12,12.5,13,13.25],"texture":"#main"},"south":{"uv":[10.75,14.5,13,15.25],"texture":"#main"},"north":{"uv":[8,10.25,10.25,11],"texture":"#main"},"west":{"uv":[10.75,12.5,11.75,13.25],"texture":"#main"}}},{"from":[3.5,-1,3],"to":[4.5,0,6],"faces":{"east":{"uv":[5.5,9.25,5.75,9.75],"texture":"#main","rotation":180},"south":{"uv":[5.5,9.25,5.75,9.5],"texture":"#main","rotation":180},"north":{"uv":[5.5,9.25,5.75,9.5],"texture":"#main","rotation":180},"west":{"uv":[5.5,9.25,5.75,9.75],"texture":"#main","rotation":180},"up":{"uv":[5.5,9.25,5.75,9.75],"texture":"#main","rotation":180},"down":{"uv":[5.5,9.25,5.75,9.75],"texture":"#main","rotation":180}}},{"from":[16.5,-1,3],"to":[17.5,0,6],"faces":{"east":{"uv":[5.5,9.25,5.75,9.75],"texture":"#main","rotation":180},"south":{"uv":[5.5,9.25,5.75,9.5],"texture":"#main","rotation":180},"north":{"uv":[5.5,9.25,5.75,9.5],"texture":"#main","rotation":180},"west":{"uv":[5.5,9.25,5.75,9.75],"texture":"#main","rotation":180},"up":{"uv":[5.5,9.25,5.75,9.75],"texture":"#main","rotation":180},"down":{"uv":[5.5,9.25,5.75,9.75],"texture":"#main","rotation":180}}},{"from":[14.5,-1,3],"to":[15.5,0,6],"faces":{"east":{"uv":[5.5,9.25,5.75,9.75],"texture":"#main","rotation":180},"south":{"uv":[5.5,9.25,5.75,9.5],"texture":"#main","rotation":180},"north":{"uv":[5.5,9.25,5.75,9.5],"texture":"#main","rotation":180},"west":{"uv":[5.5,9.25,5.75,9.75],"texture":"#main","rotation":180},"up":{"uv":[5.5,9.25,5.75,9.75],"texture":"#main","rotation":180},"down":{"uv":[5.5,9.25,5.75,9.75],"texture":"#main","rotation":180}}},{"rotation":{"origin":[0.5,20,2],"angle":45,"axis":"y"},"from":[-5.5,22,7.5],"to":[3.5,31,7.6],"faces":{"south":{"uv":[0.25,13.5,2.5,16],"texture":"#main"},"north":{"uv":[13.5,0,16,2.75],"texture":"#main"}}}],"display":{"head":{"translation":[-2.25,-29.01,2.25],"scale":[1.42,1.42,1.42]},"firstperson_righthand":{"scale":[0.0001,0.0001,0.0001]},"thirdperson_lefthand":{"scale":[0.0001,0.0001,0.0001]},"firstperson_lefthand":{"scale":[0.0001,0.0001,0.0001]}}}