{"parent":"physical_parent","textures":{"main":"pokemon/nincada"},"texture_size":[64,64],"elements":[{"rotation":{"origin":[15,9,17],"angle":0,"axis":"y"},"from":[5,1,3],"to":[11,5,11],"faces":{"east":{"uv":[0,2,2,3],"texture":"#main"},"south":{"uv":[5.5,2,7,3],"texture":"#main"},"north":{"uv":[2,2,3.5,3],"texture":"#main"},"west":{"uv":[3.5,2,5.5,3],"texture":"#main"},"up":{"uv":[3.5,2,2,0],"texture":"#main"},"down":{"uv":[5,0,3.5,2],"texture":"#main"}}},{"rotation":{"origin":[5,17,18],"angle":45,"axis":"z"},"from":[-5,8.5,4],"to":[-2,8.5,9],"faces":{"east":{"uv":[5.25,6.5,6.5,6.5],"texture":"#main"},"south":{"uv":[8.5,6.5,9.25,6.5],"texture":"#main"},"north":{"uv":[6.5,6.5,7.25,6.5],"texture":"#main"},"west":{"uv":[7.25,6.5,8.5,6.5],"texture":"#main"},"up":{"uv":[7.25,6.5,6.5,5.25],"texture":"#main"},"down":{"uv":[8,5.25,7.25,6.5],"texture":"#main"}}},{"rotation":{"origin":[11,17,18],"angle":-45,"axis":"z"},"from":[18,8.5,4],"to":[21,8.5,9],"faces":{"east":{"uv":[3.75,1.25,5,1.25],"texture":"#main"},"south":{"uv":[7,1.25,7.75,1.25],"texture":"#main"},"north":{"uv":[5,1.25,5.75,1.25],"texture":"#main"},"west":{"uv":[5.75,1.25,7,1.25],"texture":"#main"},"up":{"uv":[5.75,1.25,5,0],"texture":"#main"},"down":{"uv":[6.5,0,5.75,1.25],"texture":"#main"}}},{"rotation":{"origin":[15,-6.56209,22.28353],"angle":-22.5,"axis":"x"},"from":[5.1,4.6,14.38353],"to":[10.9,8.4,16.18353],"faces":{"east":{"uv":[3,3.5,3.5,4.5],"texture":"#main"},"south":{"uv":[5.5,3.5,7,4.5],"texture":"#main"},"north":{"uv":[3.5,3.5,5,4.5],"texture":"#main"},"west":{"uv":[5,3.5,5.5,4.5],"texture":"#main"},"up":{"uv":[5,3.5,3.5,3],"texture":"#main"},"down":{"uv":[6.5,3,5,3.5],"texture":"#main"}}},{"rotation":{"origin":[10,11,9],"angle":0,"axis":"y"},"from":[6,2,1],"to":[10,6,4],"faces":{"east":{"uv":[3,5.25,3.75,6.25],"texture":"#main"},"south":{"uv":[3.75,4.5,4.75,5],"texture":"#main"},"north":{"uv":[3.75,5.25,4.75,6.25],"texture":"#main"},"west":{"uv":[4.75,5.25,5.5,6.25],"texture":"#main"},"up":{"uv":[4.75,5.25,3.75,4.5],"texture":"#main"},"down":{"uv":[5.75,4.5,4.75,5.25],"texture":"#main"}}},{"rotation":{"origin":[9,13,5],"angle":-22.5,"axis":"x"},"from":[9,1,-6],"to":[9,6,0],"faces":{"east":{"uv":[0,4.25,1.5,5.5],"texture":"#main"},"south":{"uv":[3,4.25,3,5.5],"texture":"#main"},"north":{"uv":[1.5,4.25,1.5,5.5],"texture":"#main"},"west":{"uv":[1.5,4.25,3,5.5],"texture":"#main"},"up":{"uv":[1.5,4.25,1.5,2.75],"texture":"#main"},"down":{"uv":[1.5,2.75,1.5,4.25],"texture":"#main"}}},{"rotation":{"origin":[7,13,5],"angle":-22.5,"axis":"x"},"from":[7,1,-6],"to":[7,6,0],"faces":{"east":{"uv":[0,3,1.5,4.25],"texture":"#main"},"south":{"uv":[3,3,3,4.25],"texture":"#main"},"north":{"uv":[1.5,3,1.5,4.25],"texture":"#main"},"west":{"uv":[1.5,3,3,4.25],"texture":"#main"},"up":{"uv":[1.5,3,1.5,1.5],"texture":"#main"},"down":{"uv":[1.5,1.5,1.5,3],"texture":"#main"}}},{"rotation":{"origin":[16,9.84565,17],"angle":0,"axis":"y"},"from":[11.7,0.1,3],"to":[12.7,4.1,5],"faces":{"east":{"uv":[0,6,0.5,7],"texture":"#main"},"south":{"uv":[1.25,6,1.5,7],"texture":"#main"},"north":{"uv":[0.5,6,0.75,7],"texture":"#main"},"west":{"uv":[0.75,6,1.25,7],"texture":"#main"},"up":{"uv":[0.75,6,0.5,5.5],"texture":"#main"},"down":{"uv":[1,5.5,0.75,6],"texture":"#main"}}},{"rotation":{"origin":[16.18021,5.95479,17],"angle":0,"axis":"y"},"from":[11.28021,0.2,3.1],"to":[12.08021,1,4.9],"faces":{"east":{"uv":[1.5,6.75,2,7],"texture":"#main"},"south":{"uv":[2.75,6.75,3,7],"texture":"#main"},"north":{"uv":[2,6.75,2.25,7],"texture":"#main"},"west":{"uv":[2.25,6.75,2.75,7],"texture":"#main"},"up":{"uv":[2.25,6.75,2,6.25],"texture":"#main"},"down":{"uv":[2.5,6.25,2.25,6.75],"texture":"#main"}}},{"rotation":{"origin":[21,2.84565,16],"angle":22.5,"axis":"z"},"from":[11.1,6.5,3.6],"to":[12.9,7.3,4.4],"faces":{"east":{"uv":[5.25,6.75,5.5,7],"texture":"#main"},"south":{"uv":[6.25,6.75,6.75,7],"texture":"#main"},"north":{"uv":[5.5,6.75,6,7],"texture":"#main"},"west":{"uv":[6,6.75,6.25,7],"texture":"#main"},"up":{"uv":[6,6.75,5.5,6.5],"texture":"#main"},"down":{"uv":[6.5,6.5,6,6.75],"texture":"#main"}}},{"rotation":{"origin":[21,2.84565,22],"angle":22.5,"axis":"z"},"from":[12.1,6.94565,9.1],"to":[13.9,7.74565,9.9],"faces":{"east":{"uv":[4,6.5,4.25,6.75],"texture":"#main"},"south":{"uv":[5,6.5,5.5,6.75],"texture":"#main"},"north":{"uv":[4.25,6.5,4.75,6.75],"texture":"#main"},"west":{"uv":[4.75,6.5,5,6.75],"texture":"#main"},"up":{"uv":[4.75,6.5,4.25,6.25],"texture":"#main"},"down":{"uv":[5.25,6.25,4.75,6.5],"texture":"#main"}}},{"rotation":{"origin":[15.44785,-5.11323,22],"angle":-45,"axis":"z"},"from":[6.44785,-1.11323,9],"to":[12.44785,-0.11323,10],"faces":{"east":{"uv":[5,1.5,5.25,1.75],"texture":"#main"},"south":{"uv":[7,1.5,8.5,1.75],"texture":"#main"},"north":{"uv":[5.25,1.5,6.75,1.75],"texture":"#main"},"west":{"uv":[6.75,1.5,7,1.75],"texture":"#main"},"up":{"uv":[6.75,1.5,5.25,1.25],"texture":"#main"},"down":{"uv":[8.25,1.25,6.75,1.5],"texture":"#main"}}},{"rotation":{"origin":[11.15496,-3.16348,22],"angle":0,"axis":"y"},"from":[15.25496,-0.06348,9.1],"to":[16.05496,0.73652,9.9],"faces":{"east":{"uv":[1,5.75,1.25,6],"texture":"#main"},"south":{"uv":[1.75,5.75,2,6],"texture":"#main"},"north":{"uv":[1.25,5.75,1.5,6],"texture":"#main"},"west":{"uv":[1.5,5.75,1.75,6],"texture":"#main"},"up":{"uv":[1.5,5.75,1.25,5.5],"texture":"#main"},"down":{"uv":[1.75,5.5,1.5,5.75],"texture":"#main"}}},{"rotation":{"origin":[-5,2.84565,22],"angle":-22.5,"axis":"z"},"from":[2.1,6.94565,9.1],"to":[3.9,7.74565,9.9],"faces":{"east":{"uv":[2.5,6.5,2.75,6.75],"texture":"#main"},"south":{"uv":[3.5,6.5,4,6.75],"texture":"#main"},"north":{"uv":[2.75,6.5,3.25,6.75],"texture":"#main"},"west":{"uv":[3.25,6.5,3.5,6.75],"texture":"#main"},"up":{"uv":[3.25,6.5,2.75,6.25],"texture":"#main"},"down":{"uv":[3.75,6.25,3.25,6.5],"texture":"#main"}}},{"rotation":{"origin":[0.55215,-5.11323,22],"angle":45,"axis":"z"},"from":[3.55215,-1.11323,9],"to":[9.55215,-0.11323,10],"faces":{"east":{"uv":[5.75,4.75,6,5],"texture":"#main"},"south":{"uv":[7.75,4.75,9.25,5],"texture":"#main"},"north":{"uv":[6,4.75,7.5,5],"texture":"#main"},"west":{"uv":[7.5,4.75,7.75,5],"texture":"#main"},"up":{"uv":[7.5,4.75,6,4.5],"texture":"#main"},"down":{"uv":[9,4.5,7.5,4.75],"texture":"#main"}}},{"rotation":{"origin":[4.84504,-3.16348,22],"angle":0,"axis":"y"},"from":[-0.05496,-0.06348,9.1],"to":[0.74504,0.73652,9.9],"faces":{"east":{"uv":[1,0.25,1.25,0.5],"texture":"#main"},"south":{"uv":[1.75,0.25,2,0.5],"texture":"#main"},"north":{"uv":[1.25,0.25,1.5,0.5],"texture":"#main"},"west":{"uv":[1.5,0.25,1.75,0.5],"texture":"#main"},"up":{"uv":[1.5,0.25,1.25,0],"texture":"#main"},"down":{"uv":[1.75,0,1.5,0.25],"texture":"#main"}}},{"rotation":{"origin":[0,9.84565,17],"angle":0,"axis":"y"},"from":[3.3,0.1,3],"to":[4.3,4.1,5],"faces":{"east":{"uv":[0,0.5,0.5,1.5],"texture":"#main"},"south":{"uv":[1.25,0.5,1.5,1.5],"texture":"#main"},"north":{"uv":[0.5,0.5,0.75,1.5],"texture":"#main"},"west":{"uv":[0.75,0.5,1.25,1.5],"texture":"#main"},"up":{"uv":[0.75,0.5,0.5,0],"texture":"#main"},"down":{"uv":[1,0,0.75,0.5],"texture":"#main"}}},{"rotation":{"origin":[-0.18021,5.95479,17],"angle":0,"axis":"y"},"from":[3.91979,0.2,3.1],"to":[4.71979,1,4.9],"faces":{"east":{"uv":[1.5,6,2,6.25],"texture":"#main"},"south":{"uv":[2.75,6,3,6.25],"texture":"#main"},"north":{"uv":[2,6,2.25,6.25],"texture":"#main"},"west":{"uv":[2.25,6,2.75,6.25],"texture":"#main"},"up":{"uv":[2.25,6,2,5.5],"texture":"#main"},"down":{"uv":[2.5,5.5,2.25,6],"texture":"#main"}}},{"rotation":{"origin":[-5,2.84565,16],"angle":-22.5,"axis":"z"},"from":[3.1,6.5,3.6],"to":[4.9,7.3,4.4],"faces":{"east":{"uv":[0,1.75,0.25,2],"texture":"#main"},"south":{"uv":[1,1.75,1.5,2],"texture":"#main"},"north":{"uv":[0.25,1.75,0.75,2],"texture":"#main"},"west":{"uv":[0.75,1.75,1,2],"texture":"#main"},"up":{"uv":[0.75,1.75,0.25,1.5],"texture":"#main"},"down":{"uv":[1.25,1.5,0.75,1.75],"texture":"#main"}}}],"display":{"head":{"translation":[0,-29.5,0],"scale":[1.7,1.7,1.7]}},"groups":[{"children":[0,1,2,3],"origin":[8,8,8],"name":"Body"},{"children":[4,5,6],"origin":[8,8,8],"name":"Head"},{"children":[7,8,9],"origin":[7,11,8],"name":"Arm"},{"children":[10,11,12],"origin":[8,8,8],"name":"Leg"},{"children":[13,14,15],"origin":[8,8,8],"name":"Leg"},{"children":[16,17,18],"origin":[7,11,8],"name":"Arm"}]}