{"parent":"physical_parent","textures":{"main":"pokemon/oddish","particle":"pokemon/oddish"},"elements":[{"from":[5,2,5],"to":[11,8,11],"faces":{"east":{"uv":[1.75,0,3.25,1.5],"texture":"#main"},"south":{"uv":[1.75,0,3.25,1.5],"texture":"#main"},"north":{"uv":[0,0,1.5,1.5],"texture":"#main"},"west":{"uv":[1.75,0,3.25,1.5],"texture":"#main"},"up":{"uv":[3.5,0,5,1.5],"texture":"#main"},"down":{"uv":[5.25,0,6.75,1.5],"texture":"#main"}}},{"from":[9,0,4],"to":[11,2,8],"faces":{"east":{"uv":[1,1.75,1.5,2.75],"texture":"#main","rotation":90},"south":{"uv":[1,3,1.5,3.5],"texture":"#main","rotation":180},"north":{"uv":[1.75,3,2.25,3.5],"texture":"#main","rotation":180},"west":{"uv":[1,1.75,1.5,2.75],"texture":"#main","rotation":270},"up":{"uv":[0.25,1.75,0.75,2.75],"texture":"#main"},"down":{"uv":[1,1.75,1.5,2.75],"texture":"#main","rotation":90}}},{"from":[5,0,4],"to":[7,2,8],"faces":{"east":{"uv":[0.25,1.75,0.75,2.75],"texture":"#main","rotation":90},"south":{"uv":[1,3,1.5,3.5],"texture":"#main","rotation":180},"north":{"uv":[1.75,3,2.25,3.5],"texture":"#main","rotation":180},"west":{"uv":[0.25,1.75,0.75,2.75],"texture":"#main","rotation":270},"up":{"uv":[1,1.75,1.5,2.75],"texture":"#main"},"down":{"uv":[1,1.75,1.5,2.75],"texture":"#main","rotation":180}}},{"from":[3,8,8],"to":[13,15,8.1],"faces":{"south":{"uv":[3.5,1.75,6,3.5],"texture":"#main"},"north":{"uv":[3.5,1.75,6,3.5],"texture":"#main"}}}],"display":{"head":{"translation":[0,-31.29,0],"scale":[1.6,1.6,1.6]},"firstperson_righthand":{"scale":[0.0001,0.0001,0.0001]},"thirdperson_lefthand":{"scale":[0.0001,0.0001,0.0001]},"firstperson_lefthand":{"scale":[0.0001,0.0001,0.0001]}}}