{"credit":"Made with Blockbench","texture_size":[32,32],"textures":{"main":"pokemon/pachirisu"},"elements":[{"from":[5.2,6.4,5],"to":[10.4,11.1,9],"rotation":{"angle":0,"axis":"y","origin":[7.8,8.75,7]},"faces":{"north":{"uv":[0,10,2.5,12.25],"texture":"#main"},"east":{"uv":[10,10,12,12.25],"texture":"#main"},"south":{"uv":[2.5,10,5,12.25],"texture":"#main"},"west":{"uv":[12,0,14,2.25],"texture":"#main"},"up":{"uv":[7.5,12,5,10],"texture":"#main"},"down":{"uv":[10,10,7.5,12],"texture":"#main"}}},{"from":[4.2,10.8,7],"to":[7.9,14.8,7],"rotation":{"angle":0,"axis":"y","origin":[6.15,13.6,7]},"faces":{"north":{"uv":[12,5,13.75,7],"texture":"#main"},"east":{"uv":[0,0,0,2],"texture":"#main"},"south":{"uv":[7,12,8.75,14],"texture":"#main"},"west":{"uv":[0,0,0,2],"texture":"#main"},"up":{"uv":[1.75,0,0,0],"texture":"#main"},"down":{"uv":[1.75,0,0,0],"texture":"#main"}}},{"from":[8,10.8,7],"to":[11.7,14.8,7],"rotation":{"angle":0,"axis":"y","origin":[9.85,13.6,7]},"faces":{"north":{"uv":[12,7,13.75,9],"texture":"#main"},"east":{"uv":[0,0,0,2],"texture":"#main"},"south":{"uv":[12,9,13.75,11],"texture":"#main"},"west":{"uv":[0,0,0,2],"texture":"#main"},"up":{"uv":[1.75,0,0,0],"texture":"#main"},"down":{"uv":[1.75,0,0,0],"texture":"#main"}}},{"from":[8.9,8.35,4.95],"to":[9.8,9.525,5.95],"rotation":{"angle":0,"axis":"y","origin":[8.5,-6.6,8]},"faces":{"north":{"uv":[14,1,14.5,1.75],"texture":"#main"},"east":{"uv":[1.5,14,2,14.75],"texture":"#main"},"south":{"uv":[2,14,2.5,14.75],"texture":"#main"},"west":{"uv":[14,2,14.5,2.75],"texture":"#main"},"up":{"uv":[8.5,14.5,8,14],"texture":"#main"},"down":{"uv":[14.5,8,14,8.5],"texture":"#main"}}},{"from":[5.7,8.35,4.95],"to":[6.6,9.525,5.95],"rotation":{"angle":0,"axis":"y","origin":[8.5,-6.6,8]},"faces":{"north":{"uv":[4.5,12.5,5,13.25],"texture":"#main"},"east":{"uv":[4.5,13.5,5,14.25],"texture":"#main"},"south":{"uv":[13,13.5,13.5,14.25],"texture":"#main"},"west":{"uv":[13.5,13,14,13.75],"texture":"#main"},"up":{"uv":[14.5,5.5,14,5],"texture":"#main"},"down":{"uv":[14.5,5.5,14,6],"texture":"#main"}}},{"name":"tail","from":[7.9,1.4,8.175],"to":[7.9,21.1,20.375],"rotation":{"angle":0,"axis":"y","origin":[8.1,3.25,8.6]},"faces":{"north":{"uv":[0,0,0,9.75],"texture":"#main"},"east":{"uv":[0,0,6,9.75],"texture":"#main"},"south":{"uv":[0,0,0,9.75],"texture":"#main"},"west":{"uv":[6,0,12,9.75],"texture":"#main"},"up":{"uv":[0,6,0,0],"texture":"#main"},"down":{"uv":[0,0,0,6],"texture":"#main"}}},{"from":[5.9,2,5.8],"to":[9.7,6.4,8.5],"rotation":{"angle":0,"axis":"y","origin":[8.9,-6.6,8]},"faces":{"north":{"uv":[12,2.5,14,4.75],"texture":"#main"},"east":{"uv":[12,11,13.25,13.25],"texture":"#main"},"south":{"uv":[5,12,7,14.25],"texture":"#main"},"west":{"uv":[0,12.5,1.25,14.75],"texture":"#main"},"up":{"uv":[3.5,13.75,1.5,12.5],"texture":"#main"},"down":{"uv":[11,12.5,9,13.75],"texture":"#main"}}},{"from":[5.65,4,5.3],"to":[6.85,5.1,6.3],"rotation":{"angle":-22.5,"axis":"z","origin":[6.9,4.45,5.8]},"faces":{"north":{"uv":[2.5,14,3,14.5],"texture":"#main"},"east":{"uv":[3,14,3.5,14.5],"texture":"#main"},"south":{"uv":[14,3,14.5,3.5],"texture":"#main"},"west":{"uv":[14,3.5,14.5,4],"texture":"#main"},"up":{"uv":[14.5,4.5,14,4],"texture":"#main"},"down":{"uv":[14.5,4.5,14,5],"texture":"#main"}}},{"from":[5.075,1.525,5.18579],"to":[6.475,2.525,7.08579],"rotation":{"angle":-45,"axis":"x","origin":[6.2,2.4,7.15]},"faces":{"north":{"uv":[13.5,12,14.25,12.5],"texture":"#main"},"east":{"uv":[9,12,10,12.5],"texture":"#main"},"south":{"uv":[13.5,12.5,14.25,13],"texture":"#main"},"west":{"uv":[13.5,11,14.5,11.5],"texture":"#main"},"up":{"uv":[4.25,13.5,3.5,12.5],"texture":"#main"},"down":{"uv":[11.75,12.5,11,13.5],"texture":"#main"}}},{"from":[9.125,0.525,5.6],"to":[10.525,1.525,7.5],"rotation":{"angle":-45,"axis":"x","origin":[9.4,1.4,6.15]},"faces":{"north":{"uv":[14.25,12,13.5,12.5],"texture":"#main"},"east":{"uv":[14.5,11,13.5,11.5],"texture":"#main"},"south":{"uv":[14.25,12.5,13.5,13],"texture":"#main"},"west":{"uv":[10,12,9,12.5],"texture":"#main"},"up":{"uv":[3.5,13.5,4.25,12.5],"texture":"#main"},"down":{"uv":[11,12.5,11.75,13.5],"texture":"#main"}}},{"from":[8.725,4,5.3],"to":[9.925,5.1,6.3],"rotation":{"angle":22.5,"axis":"z","origin":[8.7,4.45,5.8]},"faces":{"north":{"uv":[3,14,2.5,14.5],"texture":"#main"},"east":{"uv":[14.5,3.5,14,4],"texture":"#main"},"south":{"uv":[14.5,3,14,3.5],"texture":"#main"},"west":{"uv":[3.5,14,3,14.5],"texture":"#main"},"up":{"uv":[14,4.5,14.5,4],"texture":"#main"},"down":{"uv":[14,4.5,14.5,5],"texture":"#main"}}}],"display":{"head":{"translation":[0,-35.5,0]}},"groups":[{"name":"pachirisu","origin":[-0.812,5.10633,0.12608],"color":0,"children":[{"name":"head","origin":[0.5,-6.6,0],"color":0,"children":[0,1,2,3,4]},{"name":"tail","origin":[0.1,3.25,0.6],"color":0,"children":[5]},{"name":"body","origin":[-1.8,1.4,-1.85],"color":0,"children":[6,7,8,9,10]}]}]}