{"credit":"Made with Blockbench","texture_size":[32,32],"textures":{"main":"pokemon/pansear"},"elements":[{"from":[-2.68029,-0.01877,-0.77487],"to":[-0.58029,2.98123,1.02513],"rotation":{"angle":0,"axis":"y","origin":[-1.63029,0.95623,-0.47487]},"faces":{"north":{"uv":[2,9.5,3,10.75],"texture":"#main"},"east":{"uv":[10,1.5,10.75,2.75],"texture":"#main"},"south":{"uv":[3,9.5,4,10.75],"texture":"#main"},"west":{"uv":[10,9,10.75,10.25],"texture":"#main"},"up":{"uv":[9.5,6.25,8.5,5.5],"texture":"#main"},"down":{"uv":[11.5,4.5,10.5,5.25],"texture":"#main"}}},{"from":[-2.38029,-0.01877,-1.37487],"to":[-0.88029,0.88123,-0.77487],"rotation":{"angle":0,"axis":"y","origin":[-1.63029,0.95623,-0.47487]},"faces":{"north":{"uv":[6,11,6.75,11.5],"texture":"#main"},"east":{"uv":[9,3.5,9.25,4],"texture":"#main"},"south":{"uv":[7,11,7.75,11.5],"texture":"#main"},"west":{"uv":[9.5,9,9.75,9.5],"texture":"#main"},"up":{"uv":[11.75,9.25,11,9],"texture":"#main"},"down":{"uv":[11.75,9.5,11,9.75],"texture":"#main"}}},{"from":[0.61971,-0.01877,-0.77487],"to":[2.71971,2.98123,1.02513],"rotation":{"angle":0,"axis":"y","origin":[9.61971,-0.01877,-8.57487]},"faces":{"north":{"uv":[9.5,3,10.5,4.25],"texture":"#main"},"east":{"uv":[10.5,0,11.25,1.25],"texture":"#main"},"south":{"uv":[4,9.5,5,10.75],"texture":"#main"},"west":{"uv":[10.5,3,11.25,4.25],"texture":"#main"},"up":{"uv":[11.5,6.25,10.5,5.5],"texture":"#main"},"down":{"uv":[11.5,6.5,10.5,7.25],"texture":"#main"}}},{"from":[0.91971,-0.01877,-1.37487],"to":[2.41971,0.88123,-0.77487],"rotation":{"angle":0,"axis":"y","origin":[9.61971,-0.01877,-8.57487]},"faces":{"north":{"uv":[8,11,8.75,11.5],"texture":"#main"},"east":{"uv":[11,11,11.25,11.5],"texture":"#main"},"south":{"uv":[9,11,9.75,11.5],"texture":"#main"},"west":{"uv":[0,11.5,0.25,12],"texture":"#main"},"up":{"uv":[10.75,11.25,10,11],"texture":"#main"},"down":{"uv":[11.75,10,11,10.25],"texture":"#main"}}},{"from":[-1.48029,1.48123,-1.37487],"to":[1.51971,6.88123,1.62513],"rotation":{"angle":0,"axis":"y","origin":[-9.58029,-0.01877,-8.57487]},"faces":{"north":{"uv":[2,7,3.25,9.25],"texture":"#main"},"east":{"uv":[3.5,7,4.75,9.25],"texture":"#main"},"south":{"uv":[5,7,6.25,9.25],"texture":"#main"},"west":{"uv":[6.5,7,7.75,9.25],"texture":"#main"},"up":{"uv":[9.25,7.75,8,6.5],"texture":"#main"},"down":{"uv":[9.25,8,8,9.25],"texture":"#main"}}},{"from":[-2.68029,6.88123,-2.57487],"to":[2.71971,11.68123,2.82513],"rotation":{"angle":0,"axis":"y","origin":[-9.58029,-0.01877,-8.57487]},"faces":{"north":{"uv":[0,5,2.25,7],"texture":"#main"},"east":{"uv":[2.5,5,4.75,7],"texture":"#main"},"south":{"uv":[5,5,7.25,7],"texture":"#main"},"west":{"uv":[6,0,8.25,2],"texture":"#main"},"up":{"uv":[5.75,2.25,3.5,0],"texture":"#main"},"down":{"uv":[5.75,2.5,3.5,4.75],"texture":"#main"}}},{"from":[1.99971,6.28123,1.02513],"to":[6.31971,12.04123,1.02513],"rotation":{"angle":0,"axis":"y","origin":[7.69971,-0.01877,-6.65487]},"faces":{"north":{"uv":[7.75,2,6,4.5],"texture":"#main"},"east":{"uv":[0,0,0,2.5],"texture":"#main"},"south":{"uv":[1.75,7,0,9.5],"texture":"#main"},"west":{"uv":[0,0,0,2.5],"texture":"#main"},"up":{"uv":[0,0,1.75,0],"texture":"#main"},"down":{"uv":[0,0,1.75,0],"texture":"#main"}}},{"from":[-3.88029,11.68123,0.12513],"to":[3.91971,17.68123,0.12513],"rotation":{"angle":0,"axis":"y","origin":[-9.58029,-0.01877,-8.57487]},"faces":{"north":{"uv":[0,0,3.25,2.5],"texture":"#main"},"east":{"uv":[0,0,0,2.5],"texture":"#main"},"south":{"uv":[3.25,0,0,2.5],"texture":"#main"},"west":{"uv":[0,0,0,2.5],"texture":"#main"},"up":{"uv":[3.25,0,0,0],"texture":"#main"},"down":{"uv":[3.25,0,0,0],"texture":"#main"}}},{"from":[-6.28029,6.28123,1.02513],"to":[-1.96029,12.04123,1.02513],"rotation":{"angle":0,"axis":"y","origin":[-7.66029,-0.01877,-6.65487]},"faces":{"north":{"uv":[6,2,7.75,4.5],"texture":"#main"},"east":{"uv":[0,0,0,2.5],"texture":"#main"},"south":{"uv":[0,7,1.75,9.5],"texture":"#main"},"west":{"uv":[0,0,0,2.5],"texture":"#main"},"up":{"uv":[1.75,0,0,0],"texture":"#main"},"down":{"uv":[1.75,0,0,0],"texture":"#main"}}},{"from":[1.21971,5.38123,-0.29487],"to":[3.91971,6.28123,0.60513],"rotation":{"angle":-22.5,"axis":"z","origin":[1.36971,5.53123,0.15513]},"faces":{"north":{"uv":[10,10.5,11.25,11],"texture":"#main"},"east":{"uv":[8.5,1.5,9,2],"texture":"#main"},"south":{"uv":[0,11,1.25,11.5],"texture":"#main"},"west":{"uv":[9,3,9.5,3.5],"texture":"#main"},"up":{"uv":[2.75,11.5,1.5,11],"texture":"#main"},"down":{"uv":[12.25,1.5,11,2],"texture":"#main"}}},{"from":[2.79564,2.08877,-0.59487],"to":[4.29564,5.38877,0.90513],"rotation":{"angle":22.5,"axis":"z","origin":[3.37774,5.07703,0.15513]},"faces":{"north":{"uv":[8,9.5,8.75,11],"rotation":180,"texture":"#main"},"east":{"uv":[9.5,7.5,10.25,9],"rotation":180,"texture":"#main"},"south":{"uv":[7,9.5,7.75,11],"rotation":180,"texture":"#main"},"west":{"uv":[9,9.5,9.75,11],"rotation":180,"texture":"#main"},"up":{"uv":[5.75,11,5,11.75],"texture":"#main"},"down":{"uv":[4.75,11.75,4,11],"texture":"#main"}}},{"from":[2.19564,2.98877,0.00513],"to":[2.79564,3.58877,0.60513],"rotation":{"angle":22.5,"axis":"z","origin":[3.37774,5.07703,0.15513]},"faces":{"north":{"uv":[11.5,3,11.75,3.25],"rotation":180,"texture":"#main"},"east":{"uv":[2.5,11.5,2.75,11.75],"rotation":180,"texture":"#main"},"south":{"uv":[2,11.5,2.25,11.75],"rotation":180,"texture":"#main"},"west":{"uv":[11.5,3.5,11.75,3.75],"rotation":180,"texture":"#main"},"up":{"uv":[11.75,4.5,11.5,4.75],"texture":"#main"},"down":{"uv":[11.75,4.25,11.5,4],"texture":"#main"}}},{"from":[-3.88029,5.38123,-0.29487],"to":[-1.18029,6.28123,0.60513],"rotation":{"angle":22.5,"axis":"z","origin":[-1.33029,5.53123,0.15513]},"faces":{"north":{"uv":[6,4.5,7.25,5],"texture":"#main"},"east":{"uv":[7.5,6.5,8,7],"texture":"#main"},"south":{"uv":[10.5,7.5,11.75,8],"texture":"#main"},"west":{"uv":[8,4,8.5,4.5],"texture":"#main"},"up":{"uv":[11.75,8.5,10.5,8],"texture":"#main"},"down":{"uv":[11.75,8.5,10.5,9],"texture":"#main"}}},{"from":[-3.88342,3.8653,-0.59487],"to":[-2.38342,7.1653,0.90513],"rotation":{"angle":45,"axis":"z","origin":[-4.23831,4.17703,0.15513]},"faces":{"north":{"uv":[9.5,4.5,10.25,6],"texture":"#main"},"east":{"uv":[5,9.5,5.75,11],"texture":"#main"},"south":{"uv":[6,9.5,6.75,11],"texture":"#main"},"west":{"uv":[9.5,6,10.25,7.5],"texture":"#main"},"up":{"uv":[11.75,2.75,11,2],"texture":"#main"},"down":{"uv":[3.75,11,3,11.75],"texture":"#main"}}},{"from":[-2.38342,5.6653,-0.29487],"to":[-1.78342,6.2653,0.30513],"rotation":{"angle":45,"axis":"z","origin":[-4.23831,4.17703,0.15513]},"faces":{"north":{"uv":[11.5,0,11.75,0.25],"texture":"#main"},"east":{"uv":[0.5,11.5,0.75,11.75],"texture":"#main"},"south":{"uv":[11.5,0.5,11.75,0.75],"texture":"#main"},"west":{"uv":[1,11.5,1.25,11.75],"texture":"#main"},"up":{"uv":[11.75,1.25,11.5,1],"texture":"#main"},"down":{"uv":[1.75,11.5,1.5,11.75],"texture":"#main"}}},{"from":[-0.28029,1.48123,1.62513],"to":[-0.28029,4.48123,4.02513],"rotation":{"angle":0,"axis":"y","origin":[-9.58029,-0.01877,-8.57487]},"faces":{"north":{"uv":[0,0,0,1.25],"texture":"#main"},"east":{"uv":[8.5,0,9.5,1.25],"texture":"#main"},"south":{"uv":[0,0,0,1.25],"texture":"#main"},"west":{"uv":[8.5,4,9.5,5.25],"texture":"#main"},"up":{"uv":[0,1,0,0],"texture":"#main"},"down":{"uv":[0,0,0,1],"texture":"#main"}}},{"from":[-0.28029,1.48123,4.02513],"to":[-0.28029,5.68123,6.42513],"rotation":{"angle":0,"axis":"y","origin":[-0.31029,4.82816,5.72832]},"faces":{"north":{"uv":[0,0,0,1.75],"texture":"#main"},"east":{"uv":[7.5,4.5,8.5,6.25],"texture":"#main"},"south":{"uv":[0,0,0,1.75],"texture":"#main"},"west":{"uv":[8,2,9,3.75],"texture":"#main"},"up":{"uv":[0,1,0,0],"texture":"#main"},"down":{"uv":[0,0,0,1],"texture":"#main"}}},{"from":[-0.34029,4.67273,4.51603],"to":[-0.34029,7.67273,6.91603],"rotation":{"angle":22.5,"axis":"x","origin":[-0.31029,4.82816,5.72832]},"faces":{"north":{"uv":[0,0,0,1.25],"texture":"#main"},"east":{"uv":[9,1.5,10,2.75],"texture":"#main"},"south":{"uv":[0,0,0,1.25],"texture":"#main"},"west":{"uv":[0,9.5,1,10.75],"texture":"#main"},"up":{"uv":[0,1,0,0],"texture":"#main"},"down":{"uv":[0,0,0,1],"texture":"#main"}}}],"display":{"head":{"translation":[8.25,-35,8]}},"groups":[{"name":"Pansear","origin":[-0.09857,5.19384,0.87437],"color":0,"children":[{"name":"leg_l","origin":[-1.13029,2.45623,-0.47487],"color":0,"children":[0,1]},{"name":"leg_r","origin":[1.16971,2.45623,-0.47487],"color":0,"children":[2,3]},{"name":"body","origin":[0.01971,2.29323,0.23513],"color":0,"children":[4,{"name":"head","origin":[0.01971,7.32123,0.07513],"color":0,"children":[5,{"name":"ear_r","origin":[2.65971,9.16123,1.02513],"color":0,"children":[6]},7,{"name":"ear_l","origin":[-2.62029,9.16123,1.02513],"color":0,"children":[8]}]},{"name":"arm_r","origin":[1.49317,5.84918,0.15513],"color":0,"children":[9,{"name":"hand_r","origin":[3.37774,5.07703,0.15513],"color":0,"children":[10,11]}]},{"name":"arm_l","origin":[-1.39538,5.82302,0.10513],"color":0,"children":[12,{"name":"hand_l","origin":[-3.4412,5.08494,0.08013],"color":0,"children":[13,14]}]},{"name":"tail","origin":[-0.30029,2.71252,1.66059],"color":0,"children":[15,{"name":"tail2","origin":[-0.31029,2.70316,4.02832],"color":0,"children":[16,17]}]}]}]}]}