{"parent":"physical_parent","textures":{"main":"pokemon/paras"},"elements":[{"from":[1,2,4],"to":[7,6,12],"faces":{"east":{"uv":[5.25,0.5,7.25,1.5],"texture":"#main","rotation":180},"south":{"uv":[5.75,1.75,6.75,3.25],"texture":"#main","rotation":90},"north":{"uv":[5.75,1.75,6.75,3.25],"texture":"#main","rotation":90},"west":{"uv":[5.25,0.5,7.25,1.5],"texture":"#main","rotation":180},"up":{"uv":[5.25,0,7.25,1.5],"texture":"#main","rotation":270},"down":{"uv":[5.25,0,7.25,1.5],"texture":"#main","rotation":270}}},{"from":[7,3,5],"to":[12,8,11],"faces":{"east":{"uv":[0,0,1.5,1.25],"texture":"#main"},"south":{"uv":[2,0,3.25,1.25],"texture":"#main"},"north":{"uv":[2,0,3.25,1.25],"texture":"#main"},"west":{"uv":[1.75,0,3.25,1.25],"texture":"#main"},"up":{"uv":[3.5,0,5,1.25],"texture":"#main"},"down":{"uv":[1.75,0,3.25,1.25],"texture":"#main"}}},{"rotation":{"origin":[11,3.5,12.5],"angle":-22.5,"axis":"y"},"from":[7,2,11],"to":[15,5,14],"faces":{"east":{"uv":[2.25,2.5,3,3.25],"texture":"#main"},"south":{"uv":[0,2.5,2,3.25],"texture":"#main"},"north":{"uv":[0,2.5,2,3.25],"texture":"#main"},"west":{"uv":[2.25,2.5,3,3.25],"texture":"#main"},"up":{"uv":[0,2.5,2,3.25],"texture":"#main"},"down":{"uv":[0,2.5,2,3.25],"texture":"#main"}}},{"rotation":{"origin":[11,3.5,3.5],"angle":22.5,"axis":"y"},"from":[7,2,2],"to":[15,5,5],"faces":{"east":{"uv":[2.25,2.5,3,3.25],"texture":"#main"},"south":{"uv":[0,2.5,2,3.25],"texture":"#main"},"north":{"uv":[0,2.5,2,3.25],"texture":"#main"},"west":{"uv":[2.25,2.5,3,3.25],"texture":"#main"},"up":{"uv":[0,2.5,2,3.25],"texture":"#main"},"down":{"uv":[0,2.5,2,3.25],"texture":"#main"}}},{"from":[2,6,4],"to":[5,9,7],"faces":{"east":{"uv":[7.5,0,8.25,0.75],"texture":"#main"},"south":{"uv":[7.5,0,8.25,0.75],"texture":"#main"},"north":{"uv":[8.5,0,9.25,0.75],"texture":"#main"},"west":{"uv":[8.5,1,9.25,1.75],"texture":"#main"},"up":{"uv":[7.5,1,8.25,1.75],"texture":"#main"}}},{"from":[2,6,9],"to":[5,9,12],"faces":{"east":{"uv":[8.5,0,9.25,0.75],"texture":"#main"},"south":{"uv":[7.5,1,8.25,1.75],"texture":"#main"},"north":{"uv":[7.5,0,8.25,0.75],"texture":"#main"},"west":{"uv":[7.5,1,8.25,1.75],"texture":"#main"},"up":{"uv":[7.5,1,8.25,1.75],"texture":"#main"}}},{"rotation":{"origin":[4,2.05,2.5],"angle":-45,"axis":"x"},"from":[1,2,0],"to":[7,2.1,5],"faces":{"up":{"uv":[7.5,2.5,9,3.75],"texture":"#main"},"down":{"uv":[7.25,2.5,8.75,3.75],"texture":"#main"}}},{"rotation":{"origin":[4,2.05,13.5],"angle":45,"axis":"x"},"from":[1,2,11],"to":[7,2.1,16],"faces":{"up":{"uv":[7.5,2.5,9,3.75],"texture":"#main"},"down":{"uv":[7.25,2.5,8.75,3.75],"texture":"#main"}}}],"display":{"head":{"rotation":[0,90,0],"translation":[0,-31.25,0],"scale":[1.45,1.45,1.45]},"firstperson_righthand":{"scale":[0.0001,0.0001,0.0001]},"thirdperson_lefthand":{"scale":[0.0001,0.0001,0.0001]},"firstperson_lefthand":{"scale":[0.0001,0.0001,0.0001]}}}