{"credit":"Made with Blockbench","texture_size":[32,32],"textures":{"particle":"pokemon/pawniard","main":"pokemon/pawniard"},"elements":[{"from":[-2.125,3.44315,-1.27267],"to":[2.125,9.39315,2.97733],"rotation":{"angle":0,"axis":"y","origin":[0.85,2.59315,-1.69767]},"faces":{"north":{"uv":[2,4.5,3.25,6.25],"texture":"#main"},"east":{"uv":[6,0,7.25,1.75],"texture":"#main"},"south":{"uv":[6,2,7.25,3.75],"texture":"#main"},"west":{"uv":[3.5,6,4.75,7.75],"texture":"#main"},"up":{"uv":[7.25,5.25,6,4],"texture":"#main"},"down":{"uv":[6.25,6,5,7.25],"texture":"#main"}}},{"from":[-2.125,7.26815,-4.24767],"to":[2.125,7.26815,0.00233],"rotation":{"angle":0,"axis":"y","origin":[0.85,2.59315,-1.69767]},"faces":{"north":{"uv":[0,0,1.25,0],"texture":"#main"},"east":{"uv":[0,0,1.25,0],"texture":"#main"},"south":{"uv":[0,0,1.25,0],"texture":"#main"},"west":{"uv":[0,0,1.25,0],"texture":"#main"},"up":{"uv":[1.25,7.75,0,6.5],"texture":"#main"},"down":{"uv":[0,6.5,1.25,7.75],"texture":"#main"}}},{"from":[-2.125,5.56815,-4.24767],"to":[2.125,5.56815,0.00233],"rotation":{"angle":0,"axis":"y","origin":[0.85,2.59315,-1.69767]},"faces":{"north":{"uv":[0,0,1.25,0],"texture":"#main"},"east":{"uv":[0,0,1.25,0],"texture":"#main"},"south":{"uv":[0,0,1.25,0],"texture":"#main"},"west":{"uv":[0,0,1.25,0],"texture":"#main"},"up":{"uv":[1.25,7.75,0,6.5],"texture":"#main"},"down":{"uv":[0,6.5,1.25,7.75],"texture":"#main"}}},{"from":[1.7,7.26815,0.00233],"to":[4.25,8.54315,1.27733],"rotation":{"angle":-45,"axis":"z","origin":[2.55,7.90565,0.63983]},"faces":{"north":{"uv":[5.75,7.5,5,8],"texture":"#main"},"east":{"uv":[0.5,8,0,8.5],"texture":"#main"},"south":{"uv":[8.25,5,7.5,5.5],"texture":"#main"},"west":{"uv":[3.5,7.5,3,8],"texture":"#main"},"up":{"uv":[7.5,6,8.25,5.5],"texture":"#main"},"down":{"uv":[6,7.5,6.75,8],"texture":"#main"}}},{"from":[4.25,7.09815,-0.16767],"to":[6.8,8.71315,1.44733],"rotation":{"angle":-45,"axis":"z","origin":[2.55,7.90565,0.63983]},"faces":{"north":{"uv":[8.25,6,7.5,6.5],"texture":"#main"},"east":{"uv":[1.5,8,1,8.5],"texture":"#main"},"south":{"uv":[8.25,6.5,7.5,7],"texture":"#main"},"west":{"uv":[1,8,0.5,8.5],"texture":"#main"},"up":{"uv":[7,8,7.75,7.5],"texture":"#main"},"down":{"uv":[7.5,7,8.25,7.5],"texture":"#main"}}},{"from":[6.8,7.09815,0.59733],"to":[9.35,8.71315,0.59733],"rotation":{"angle":-45,"axis":"z","origin":[2.55,7.90565,0.63983]},"faces":{"north":{"uv":[8.25,3,7.5,3.5],"texture":"#main"},"east":{"uv":[0,0,0,0.5],"texture":"#main"},"south":{"uv":[8.25,3.5,7.5,4],"texture":"#main"},"west":{"uv":[0,0,0,0.5],"texture":"#main"},"up":{"uv":[0,0,0.75,0],"texture":"#main"},"down":{"uv":[0,0,0.75,0],"texture":"#main"}}},{"from":[-4.25,7.26815,0.00233],"to":[-1.7,8.54315,1.27733],"rotation":{"angle":45,"axis":"z","origin":[-2.55,7.90565,0.63983]},"faces":{"north":{"uv":[5,7.5,5.75,8],"texture":"#main"},"east":{"uv":[3,7.5,3.5,8],"texture":"#main"},"south":{"uv":[7.5,5,8.25,5.5],"texture":"#main"},"west":{"uv":[0,8,0.5,8.5],"texture":"#main"},"up":{"uv":[8.25,6,7.5,5.5],"texture":"#main"},"down":{"uv":[6.75,7.5,6,8],"texture":"#main"}}},{"from":[-6.8,7.09815,-0.16767],"to":[-4.25,8.71315,1.44733],"rotation":{"angle":45,"axis":"z","origin":[-2.55,7.90565,0.63983]},"faces":{"north":{"uv":[7.5,6,8.25,6.5],"texture":"#main"},"east":{"uv":[0.5,8,1,8.5],"texture":"#main"},"south":{"uv":[7.5,6.5,8.25,7],"texture":"#main"},"west":{"uv":[1,8,1.5,8.5],"texture":"#main"},"up":{"uv":[7.75,8,7,7.5],"texture":"#main"},"down":{"uv":[8.25,7,7.5,7.5],"texture":"#main"}}},{"from":[-9.35,7.09815,0.59733],"to":[-6.8,8.71315,0.59733],"rotation":{"angle":45,"axis":"z","origin":[-2.55,7.90565,0.63983]},"faces":{"north":{"uv":[7.5,3,8.25,3.5],"texture":"#main"},"east":{"uv":[0,0,0,0.5],"texture":"#main"},"south":{"uv":[7.5,3.5,8.25,4],"texture":"#main"},"west":{"uv":[0,0,0,0.5],"texture":"#main"},"up":{"uv":[0.75,0,0,0],"texture":"#main"},"down":{"uv":[0.75,0,0,0],"texture":"#main"}}},{"from":[-2.975,9.39315,-2.12267],"to":[2.975,14.91815,3.82733],"rotation":{"angle":0,"axis":"y","origin":[0.85,9.39315,-1.69767]},"faces":{"north":{"uv":[0,2.5,1.75,4.25],"texture":"#main"},"east":{"uv":[2,2.5,3.75,4.25],"texture":"#main"},"south":{"uv":[4,0,5.75,1.75],"texture":"#main"},"west":{"uv":[4,2,5.75,3.75],"texture":"#main"},"up":{"uv":[5.75,5.75,4,4],"texture":"#main"},"down":{"uv":[1.75,4.5,0,6.25],"texture":"#main"}}},{"from":[0,11.51815,-5.52267],"to":[0,18.74315,1.27733],"rotation":{"angle":0,"axis":"y","origin":[0.85,9.39315,-1.69767]},"faces":{"north":{"uv":[0,0,0,2.25],"texture":"#main"},"east":{"uv":[0,0,2,2.25],"texture":"#main"},"south":{"uv":[0,0,0,2.25],"texture":"#main"},"west":{"uv":[2,0,4,2.25],"texture":"#main"},"up":{"uv":[0,2,0,0],"texture":"#main"},"down":{"uv":[0,0,0,2],"texture":"#main"}}},{"from":[-2.975,1.31815,0.00233],"to":[-1.275,4.29315,1.27733],"rotation":{"angle":0,"axis":"y","origin":[-3.825,1.31815,0.00233]},"faces":{"north":{"uv":[3.5,4.5,4,5.5],"texture":"#main"},"east":{"uv":[3,6.5,3.5,7.5],"texture":"#main"},"south":{"uv":[7.5,1,8,2],"texture":"#main"},"west":{"uv":[7.5,2,8,3],"texture":"#main"},"up":{"uv":[4,6,3.5,5.5],"texture":"#main"},"down":{"uv":[6.5,5.5,6,6],"texture":"#main"}}},{"from":[-3.4,0.04315,-1.69767],"to":[-0.85,1.31815,1.27733],"rotation":{"angle":0,"axis":"y","origin":[-3.4,0.04315,-1.69767]},"faces":{"north":{"uv":[7.5,4,8.25,4.5],"texture":"#main"},"east":{"uv":[7.5,0,8.5,0.5],"texture":"#main"},"south":{"uv":[7.5,4.5,8.25,5],"texture":"#main"},"west":{"uv":[7.5,0.5,8.5,1],"texture":"#main"},"up":{"uv":[7.25,6.5,6.5,5.5],"texture":"#main"},"down":{"uv":[7.25,6.5,6.5,7.5],"texture":"#main"}}},{"from":[1.275,1.31815,0.00233],"to":[2.975,4.29315,1.27733],"rotation":{"angle":0,"axis":"y","origin":[3.825,1.31815,0.00233]},"faces":{"north":{"uv":[4,4.5,3.5,5.5],"texture":"#main"},"east":{"uv":[8,2,7.5,3],"texture":"#main"},"south":{"uv":[8,1,7.5,2],"texture":"#main"},"west":{"uv":[3.5,6.5,3,7.5],"texture":"#main"},"up":{"uv":[3.5,6,4,5.5],"texture":"#main"},"down":{"uv":[6,5.5,6.5,6],"texture":"#main"}}},{"from":[0.85,0.04315,-1.69767],"to":[3.4,1.31815,1.27733],"rotation":{"angle":0,"axis":"y","origin":[3.4,0.04315,-1.69767]},"faces":{"north":{"uv":[8.25,4,7.5,4.5],"texture":"#main"},"east":{"uv":[8.5,0.5,7.5,1],"texture":"#main"},"south":{"uv":[8.25,4.5,7.5,5],"texture":"#main"},"west":{"uv":[8.5,0,7.5,0.5],"texture":"#main"},"up":{"uv":[6.5,6.5,7.25,5.5],"texture":"#main"},"down":{"uv":[6.5,6.5,7.25,7.5],"texture":"#main"}}}],"display":{"head":{"translation":[8,-35,8]}},"groups":[{"name":"Pawniard","origin":[0,-0.06164,-0.00333],"color":0,"children":[{"name":"body","origin":[0,3.41815,0.869],"color":0,"children":[0,1,2,{"name":"arm_r","origin":[2.05,8.15565,0.63983],"color":0,"children":[3,4,5]},{"name":"arm_l","origin":[-2.15364,8.30201,0.62567],"color":0,"children":[6,7,8]},{"name":"head","origin":[0,9.64315,1.36483],"color":0,"children":[9,10]}]},{"name":"leg_l","origin":[-2.125,3.74315,0.21483],"color":0,"children":[11,12]},{"name":"leg_r","origin":[2.125,3.74315,0.21483],"color":0,"children":[13,14]}]}]}