{"parent":"physical_parent","textures":{"main":"pokemon/persian-alola"},"elements":[{"from":[5,8,0],"to":[12,15,7],"faces":{"east":{"uv":[3.5,0,5.25,1.75],"texture":"#main"},"south":{"uv":[7.5,0,9.25,1.75],"texture":"#main"},"north":{"uv":[7.5,0,9.25,1.75],"texture":"#main"},"west":{"uv":[9.5,0,11.25,1.75],"texture":"#main"},"up":{"uv":[9.5,0,11.25,1.75],"texture":"#main"},"down":{"uv":[9.5,0,11.25,1.75],"texture":"#main","rotation":90}}},{"from":[5,7,13],"to":[12,14,20],"faces":{"east":{"uv":[7.5,0,9.25,1.75],"texture":"#main"},"south":{"uv":[7.5,0,9.25,1.75],"texture":"#main"},"north":{"uv":[7.5,0,9.25,1.75],"texture":"#main"},"west":{"uv":[5.5,0,7.25,1.75],"texture":"#main"},"up":{"uv":[9.5,0,11.25,1.75],"texture":"#main","rotation":90},"down":{"uv":[9.5,0,11.25,1.75],"texture":"#main","rotation":90}}},{"from":[6,8,7],"to":[11,14,13],"faces":{"east":{"uv":[1.75,0,3.25,1.5],"texture":"#main"},"south":{"uv":[0,0,0,0],"texture":"#main"},"north":{"uv":[0,0,0,0],"texture":"#main"},"west":{"uv":[0,0,1.5,1.5],"texture":"#main"},"up":{"uv":[0,1.75,1.5,3],"texture":"#main","rotation":90},"down":{"uv":[1.75,1.75,3.25,3],"texture":"#main","rotation":90}}},{"rotation":{"origin":[10.9,6.5,19],"angle":-22.5,"axis":"x"},"from":[9.9,3,17],"to":[11.9,10,21],"faces":{"east":{"uv":[4.75,2,5.75,3.75],"texture":"#main"},"south":{"uv":[3.5,2,4,3.75],"texture":"#main"},"north":{"uv":[3.5,2,4,3.75],"texture":"#main"},"west":{"uv":[4.75,2,5.75,3.75],"texture":"#main"},"up":{"uv":[0,0,0,0],"texture":"#main"},"down":{"uv":[3.5,4.25,3.75,4.5],"texture":"#main"}}},{"rotation":{"origin":[6.1,6.5,19],"angle":-22.5,"axis":"x"},"from":[5.1,3,17],"to":[7.1,10,21],"faces":{"east":{"uv":[4.75,2,5.75,3.75],"texture":"#main"},"south":{"uv":[3.5,2,4,3.75],"texture":"#main"},"north":{"uv":[3.5,2,4,3.75],"texture":"#main"},"west":{"uv":[4.75,2,5.75,3.75],"texture":"#main"},"up":{"uv":[0,0,0,0],"texture":"#main"},"down":{"uv":[3.5,4.25,3.75,4.5],"texture":"#main"}}},{"from":[5.2,-2.9682,19.1872],"to":[7.2,4.0318,22.1872],"faces":{"east":{"uv":[4.75,2,5.5,3.75],"texture":"#main"},"south":{"uv":[3.5,2,4,3.75],"texture":"#main"},"north":{"uv":[3.5,2,4,3.75],"texture":"#main"},"west":{"uv":[4.75,2,5.5,3.75],"texture":"#main"},"up":{"uv":[0,0,0,0],"texture":"#main"},"down":{"uv":[3.5,4.25,3.75,4.5],"texture":"#main"}}},{"from":[9.8,-2.9682,19.1872],"to":[11.8,4.0318,22.1872],"faces":{"east":{"uv":[4.75,2,5.5,3.75],"texture":"#main"},"south":{"uv":[3.5,2,4,3.75],"texture":"#main"},"north":{"uv":[3.5,2,4,3.75],"texture":"#main"},"west":{"uv":[4.75,2,5.5,3.75],"texture":"#main"},"up":{"uv":[0,0,0,0],"texture":"#main"},"down":{"uv":[3.5,4.25,3.75,4.5],"texture":"#main"}}},{"from":[5.2,-2.9682,4.1872],"to":[7.2,4.0318,7.1872],"faces":{"east":{"uv":[4.75,2,5.5,3.75],"texture":"#main"},"south":{"uv":[3.5,2,4,3.75],"texture":"#main"},"north":{"uv":[3.5,2,4,3.75],"texture":"#main"},"west":{"uv":[4.75,2,5.5,3.75],"texture":"#main"},"up":{"uv":[0,0,0,0],"texture":"#main"},"down":{"uv":[3.5,4.25,3.75,4.5],"texture":"#main"}}},{"from":[9.8,-2.9682,4.1872],"to":[11.8,4.0318,7.1872],"faces":{"east":{"uv":[4.75,2,5.5,3.75],"texture":"#main"},"south":{"uv":[3.5,2,4,3.75],"texture":"#main"},"north":{"uv":[3.5,2,4,3.75],"texture":"#main"},"west":{"uv":[4.75,2,5.5,3.75],"texture":"#main"},"up":{"uv":[0,0,0,0],"texture":"#main"},"down":{"uv":[3.5,4.25,3.75,4.5],"texture":"#main"}}},{"rotation":{"origin":[10.9,6.5,4],"angle":-22.5,"axis":"x"},"from":[9.9,3,2],"to":[11.9,10,6],"faces":{"east":{"uv":[3.5,2,4.5,3.75],"texture":"#main"},"south":{"uv":[3.5,2,4,3.75],"texture":"#main"},"north":{"uv":[3.5,2,4,3.75],"texture":"#main"},"west":{"uv":[4.75,2,5.75,3.75],"texture":"#main"},"up":{"uv":[0,0,0,0],"texture":"#main"},"down":{"uv":[3.5,4.25,3.75,4.5],"texture":"#main"}}},{"rotation":{"origin":[6.1,6.5,4],"angle":-22.5,"axis":"x"},"from":[5.1,3,2],"to":[7.1,10,6],"faces":{"east":{"uv":[3.5,2,4.5,3.75],"texture":"#main"},"south":{"uv":[3.5,2,4,3.75],"texture":"#main"},"north":{"uv":[3.5,2,4,3.75],"texture":"#main"},"west":{"uv":[3.5,2,4.5,3.75],"texture":"#main"},"up":{"uv":[0,0,0,0],"texture":"#main"},"down":{"uv":[3.5,4.25,3.75,4.5],"texture":"#main"}}},{"from":[9.8,-2.9682,17.1872],"to":[11.8,-0.9682,19.1872],"faces":{"east":{"uv":[3.5,4.25,4,4.75],"texture":"#main"},"south":{"uv":[0,0,0,0],"texture":"#main"},"north":{"uv":[3.5,4.25,4,4.75],"texture":"#main"},"west":{"uv":[3.5,4.25,4,4.75],"texture":"#main"},"up":{"uv":[3.5,4.25,3.75,4.5],"texture":"#main"},"down":{"uv":[3.5,4.25,3.75,4.5],"texture":"#main"}}},{"from":[5.2,-2.9682,17.1872],"to":[7.2,-0.9682,19.1872],"faces":{"east":{"uv":[3.5,4.25,4,4.75],"texture":"#main"},"south":{"uv":[0,0,0,0],"texture":"#main"},"north":{"uv":[3.5,4.25,4,4.75],"texture":"#main"},"west":{"uv":[3.5,4.25,4,4.75],"texture":"#main"},"up":{"uv":[3.5,4.25,3.75,4.5],"texture":"#main"},"down":{"uv":[3.5,4.25,3.75,4.5],"texture":"#main"}}},{"from":[5.2,-2.9682,2.1872],"to":[7.2,-0.9682,4.1872],"faces":{"east":{"uv":[3.5,4.25,4,4.75],"texture":"#main"},"south":{"uv":[0,0,0,0],"texture":"#main"},"north":{"uv":[3.5,4.25,4,4.75],"texture":"#main"},"west":{"uv":[3.5,4.25,4,4.75],"texture":"#main"},"up":{"uv":[3.5,4.25,3.75,4.5],"texture":"#main"},"down":{"uv":[3.5,4.25,3.75,4.5],"texture":"#main"}}},{"from":[9.8,-2.9682,2.1872],"to":[11.8,-0.9682,4.1872],"faces":{"east":{"uv":[3.5,4.25,4,4.75],"texture":"#main"},"south":{"uv":[0,0,0,0],"texture":"#main"},"north":{"uv":[3.5,4.25,4,4.75],"texture":"#main"},"west":{"uv":[3.5,4.25,4,4.75],"texture":"#main"},"up":{"uv":[3.5,4.25,3.75,4.5],"texture":"#main"},"down":{"uv":[3.5,4.25,3.75,4.5],"texture":"#main"}}},{"rotation":{"origin":[6.1,15.5,1],"angle":-45,"axis":"x"},"from":[6.1,10,-1],"to":[11.1,19,4],"faces":{"east":{"uv":[6,2,7.25,4.25],"texture":"#main"},"south":{"uv":[10.5,2,11.75,4.25],"texture":"#main"},"north":{"uv":[7.5,2,8.75,4.25],"texture":"#main"},"west":{"uv":[9,2,10.25,4.25],"texture":"#main"},"up":{"uv":[0,0,0,0],"texture":"#main"},"down":{"uv":[0,0,0,0],"texture":"#main"}}},{"from":[3.625,16,-6],"to":[13.625,24,2],"faces":{"east":{"uv":[2.25,6,4.25,8],"texture":"#main"},"south":{"uv":[4.5,6.25,6.5,8],"texture":"#main"},"north":{"uv":[0,3.5,2.5,5.5],"texture":"#main"},"west":{"uv":[0,6,2,8],"texture":"#main"},"up":{"uv":[2.25,6,4.25,8],"texture":"#main"},"down":{"uv":[4.5,6,6.5,8],"texture":"#main"}}},{"from":[2.625,17,-5.5],"to":[12.625,23,2.5],"faces":{"east":{"uv":[2.25,6,4.25,8],"texture":"#main"},"south":{"uv":[4.5,6.25,6.5,8],"texture":"#main"},"north":{"uv":[2.75,3.5,3,5.5],"texture":"#main"},"west":{"uv":[0,6,2,8],"texture":"#main"},"up":{"uv":[2.25,6,4.25,8],"texture":"#main"},"down":{"uv":[4.5,6,6.5,8],"texture":"#main"}}},{"from":[4.625,19,-5.5],"to":[12.625,25,2.5],"faces":{"east":{"uv":[2.25,6,4.25,8],"texture":"#main"},"south":{"uv":[4.5,6.25,6.5,8],"texture":"#main"},"north":{"uv":[2.25,3.5,2.5,5.5],"texture":"#main"},"west":{"uv":[0,6,2,8],"texture":"#main"},"up":{"uv":[2.25,6,4.25,8],"texture":"#main"},"down":{"uv":[4.5,6,6.5,8],"texture":"#main"}}},{"from":[3.625,15,-5.5],"to":[13.625,21,2.5],"faces":{"east":{"uv":[2.25,6,4.25,8],"texture":"#main"},"south":{"uv":[4.5,6.25,6.5,8],"texture":"#main"},"north":{"uv":[2.25,3.5,2.5,5.5],"texture":"#main"},"west":{"uv":[0,6,2,8],"texture":"#main"},"up":{"uv":[2.25,6,4.25,8],"texture":"#main"},"down":{"uv":[4.5,6,6.5,8],"texture":"#main"}}},{"from":[4.625,17,-5.5],"to":[14.625,23,2.5],"faces":{"east":{"uv":[2.25,6,4.25,8],"texture":"#main"},"south":{"uv":[4.5,6.25,6.5,8],"texture":"#main"},"north":{"uv":[2.75,3.5,3,5.5],"texture":"#main"},"west":{"uv":[0,6,2,8],"texture":"#main"},"up":{"uv":[2.25,6,4.25,8],"texture":"#main"},"down":{"uv":[4.5,6,6.5,8],"texture":"#main"}}},{"rotation":{"origin":[12.125,25.5,-1.95],"angle":-45,"axis":"z"},"from":[11.125,24,-2],"to":[16.125,29,-1.9],"faces":{"east":{"uv":[7.75,4.5,7.75,4.5],"texture":"#main"},"south":{"uv":[0,12,1.25,13.25],"texture":"#main"},"north":{"uv":[0,8.5,1.25,9.75],"texture":"#main"},"west":{"uv":[11.25,8.25,11.25,8.25],"texture":"#main"},"up":{"uv":[7.5,6.25,7.5,6.25],"texture":"#main"},"down":{"uv":[12.25,8,12.25,8],"texture":"#main"}}},{"rotation":{"origin":[5.125,25.5,-1.95],"angle":45,"axis":"z"},"from":[1.125,24,-2],"to":[6.125,29,-1.9],"faces":{"east":{"uv":[9.25,6,9.25,6],"texture":"#main"},"south":{"uv":[0,12,1.25,13.25],"texture":"#main"},"north":{"uv":[0,8.5,1.25,9.75],"texture":"#main"},"west":{"uv":[8,8,8,8],"texture":"#main"},"up":{"uv":[8.25,6.25,8.25,6.25],"texture":"#main"},"down":{"uv":[8.25,7,8.25,7],"texture":"#main"}}},{"rotation":{"origin":[2.08234,19.5123,-4.91962],"angle":22.5,"axis":"z"},"from":[-0.625,15.25,-5],"to":[3.375,19.25,-4.9],"faces":{"east":{"uv":[0,0,0,0],"texture":"#main"},"south":{"uv":[0,10.5,1,11.75],"texture":"#main"},"north":{"uv":[0,10.5,1,11.75],"texture":"#main"},"west":{"uv":[0,0,0,0],"texture":"#main"},"up":{"uv":[0,0,0,0],"texture":"#main"},"down":{"uv":[0,0,0,0],"texture":"#main"}}},{"rotation":{"origin":[13.91766,19.5123,-4.91962],"angle":-22.5,"axis":"z"},"from":[13.875,15.75,-5],"to":[17.875,19.75,-4.9],"faces":{"east":{"uv":[0,0,0,0],"texture":"#main"},"south":{"uv":[1,10.5,0,11.75],"texture":"#main"},"north":{"uv":[1,10.5,0,11.75],"texture":"#main"},"west":{"uv":[0,0,0,0],"texture":"#main"},"up":{"uv":[0,0,0,0],"texture":"#main"},"down":{"uv":[0,0,0,0],"texture":"#main"}}},{"from":[8.45,11,16.55],"to":[8.55,22,31.55],"faces":{"east":{"uv":[6.25,9.5,10,12.25],"texture":"#main"},"south":{"uv":[7.25,7,7.25,7],"texture":"#main"},"north":{"uv":[9,6.75,9,6.75],"texture":"#main"},"west":{"uv":[2.25,9.5,6,12.25],"texture":"#main"},"up":{"uv":[8,6,8,6],"texture":"#main"},"down":{"uv":[8.25,5.25,8.25,5.25],"texture":"#main"}}},{"from":[5.625,16,-8],"to":[11.625,20,-6],"faces":{"east":{"uv":[0.5,4.5,0.75,5.5],"texture":"#main"},"south":{"uv":[4.5,6,6,7],"texture":"#main"},"north":{"uv":[0.5,4.5,2,5.5],"texture":"#main"},"west":{"uv":[2,4.5,1.75,5.5],"texture":"#main"},"up":{"uv":[4.5,6,6,6.5],"texture":"#main"},"down":{"uv":[4.5,5.25,6,5.75],"texture":"#main"}}}],"display":{"head":{"translation":[0,-31.75,0]}}}