{"parent":"physical_parent","textures":{"main":"pokemon/pidgeotto_animated"},"elements":[{"from":[5,2,6],"to":[11,12,7],"faces":{"east":{"uv":[0.0625,0.0625,0.125,0.8125],"texture":"#main"},"north":{"uv":[0.0625,0.0625,0.5,0.6875],"texture":"#main"},"west":{"uv":[0.4375,0.0625,0.5,0.8125],"texture":"#main"},"up":{"uv":[0.0625,0,0.4375,0.0625],"texture":"#main"},"down":{"uv":[0.0625,1.0625,0.4375,1.125],"texture":"#main"}}},{"from":[5,-3,15],"to":[11,7,16],"faces":{"east":{"uv":[2.25,0.375,2.3125,1.125],"texture":"#main"},"south":{"uv":[1.9375,0.375,2.375,1.125],"texture":"#main"},"west":{"uv":[1.9375,0.375,2,1.125],"texture":"#main"},"up":{"uv":[1.9375,0.375,2.375,0.4375],"texture":"#main"},"down":{"uv":[1.9375,1.0625,2.375,1.125],"texture":"#main"}}},{"from":[12,2,8],"to":[13,12,13.99],"faces":{"east":{"uv":[1.3125,0.0625,1.686875,0.6875],"texture":"#main"},"south":{"uv":[1.875,0.1875,1.9375,0.8125],"texture":"#main"},"north":{"uv":[0.0625,0.0625,0.125,0.6875],"texture":"#main"},"up":{"uv":[0.0625,0,0.4375,0.0625],"texture":"#main"},"down":{"uv":[0.0625,0,0.4375,0.0625],"texture":"#main"}}},{"from":[3,2,8],"to":[4,12,14],"faces":{"south":{"uv":[1.875,0.1875,1.9375,0.8125],"texture":"#main"},"north":{"uv":[0.0625,0.0625,0.125,0.8125],"texture":"#main"},"west":{"uv":[0.6875,0.0625,1.125,0.75],"texture":"#main"},"up":{"uv":[0.0625,0,0.4375,0.0625],"texture":"#main"},"down":{"uv":[0.0625,0,0.4375,0.0625],"texture":"#main"}}},{"from":[10.9999,0,10],"to":[31.76945,13,10.1],"faces":{"south":{"uv":[3.25,3.6875,2.25,2.125],"texture":"#main","rotation":270},"north":{"uv":[2.25,3.6875,1.25,2.125],"texture":"#main","rotation":90}}},{"rotation":{"origin":[-1.849869,-8,11],"angle":-22.5,"axis":"x"},"from":[3.1501,-13,18],"to":[13.1501,-3,18.1],"faces":{"south":{"uv":[0,1.8125,0.6875,2.5625],"texture":"#main"},"north":{"uv":[0,1.8125,0.6875,2.5625],"texture":"#main"}}},{"from":[-15.7696,0,10],"to":[4.999956,13,10.1],"faces":{"south":{"uv":[2.25,3.6875,1.25,2.125],"texture":"#main","rotation":90},"north":{"uv":[3.25,3.6875,2.25,2.125],"texture":"#main","rotation":270}}},{"from":[10,-2,8],"to":[14,2,12],"faces":{"east":{"uv":[0.3125,0.6875,0.5625,0.9375],"texture":"#main"},"south":{"uv":[0.3125,0.6875,0.5625,0.9375],"texture":"#main"},"north":{"uv":[0.3125,0.6875,0.5625,0.9375],"texture":"#main"},"up":{"uv":[0.3125,0.6875,0.5625,0.9375],"texture":"#main"},"down":{"uv":[0.3125,0.6875,0.5625,0.9375],"texture":"#main"}}},{"from":[2,-2,8],"to":[6,2,12],"faces":{"south":{"uv":[0.3125,0.6875,0.5625,0.9375],"texture":"#main"},"north":{"uv":[0.3125,0.6875,0.5625,0.9375],"texture":"#main"},"west":{"uv":[0.3125,0.6875,0.5625,0.9375],"texture":"#main"},"up":{"uv":[0.3125,0.6875,0.5625,0.9375],"texture":"#main"},"down":{"uv":[0.3125,0.6875,0.5625,0.9375],"texture":"#main"}}},{"rotation":{"origin":[15,8,5],"angle":-45,"axis":"x"},"from":[11,-1,-3],"to":[13,1,2],"faces":{"east":{"uv":[0.5625,2.8125,0.6875,3.375],"texture":"#main","rotation":90},"west":{"uv":[0.5625,2.8125,0.6875,3.375],"texture":"#main","rotation":90},"up":{"uv":[0.5625,2.8125,0.6875,3.375],"texture":"#main","rotation":180},"down":{"uv":[0.5625,2.8125,0.6875,3.375],"texture":"#main"}}},{"rotation":{"origin":[7,8,5],"angle":-45,"axis":"x"},"from":[3,-1,-3],"to":[5,1,2],"faces":{"east":{"uv":[0.5625,2.8125,0.6875,3.375],"texture":"#main","rotation":90},"west":{"uv":[0.5625,2.8125,0.6875,3.375],"texture":"#main","rotation":90},"up":{"uv":[0.5625,2.8125,0.6875,3.375],"texture":"#main"},"down":{"uv":[0.5625,2.8125,0.6875,3.375],"texture":"#main"}}},{"from":[7,16,2],"to":[9,17,4],"faces":{"east":{"uv":[1.5625,1.3125,1.6875,1.5],"texture":"#main","rotation":180},"north":{"uv":[1.5625,1.3125,1.6875,1.5],"texture":"#main","rotation":180},"west":{"uv":[1.5625,1.3125,1.6875,1.5],"texture":"#main","rotation":180},"up":{"uv":[1.375,1.3125,1.5,1.4375],"texture":"#main"}}},{"from":[7,15,1],"to":[9,16,4],"faces":{"east":{"uv":[1.5625,1.3125,1.625,1.5],"texture":"#main"},"north":{"uv":[1.1875,1.3125,1.3125,1.375],"texture":"#main","rotation":180},"west":{"uv":[1.5625,1.3125,1.625,1.5],"texture":"#main","rotation":180},"up":{"uv":[1.5625,1.3125,1.6875,1.5],"texture":"#main"},"down":{"uv":[1.5625,1.3125,1.6875,1.5],"texture":"#main"}}},{"from":[5,13,4],"to":[11,19,11],"faces":{"east":{"uv":[0,1.1875,0.5,1.6875],"texture":"#main"},"south":{"uv":[0,1.1875,0.5,1.6875],"texture":"#main","rotation":180},"north":{"uv":[0.5625,1.1875,1.0625,1.6875],"texture":"#main"},"west":{"uv":[0,1.1875,0.5,1.6875],"texture":"#main","rotation":90},"up":{"uv":[0,1.1875,0.5,1.6875],"texture":"#main"},"down":{"uv":[0,1.1875,0.5,1.6875],"texture":"#main"}}},{"from":[4,-4,7],"to":[12,13,15],"faces":{"east":{"uv":[1.25,0,1.8125,1.125],"texture":"#main"},"south":{"uv":[1.875,0,2.4375,1.125],"texture":"#main"},"north":{"uv":[0,0,0.5625,1.125],"texture":"#main"},"west":{"uv":[0.625,0,1.1875,1.125],"texture":"#main"},"up":{"uv":[0,1.1875,0.5,1.6875],"texture":"#main"},"down":{"uv":[0.1875,0.875,0.4375,1.0625],"texture":"#main"}}},{"rotation":{"origin":[15,4.464466,1.464466],"angle":-45,"axis":"x"},"from":[10,-4.5355,-3.5355],"to":[14,-2.5355,-1.5355],"faces":{"east":{"uv":[0.8125,3.4375,0.9375,3.5625],"texture":"#main"},"south":{"uv":[0.5,3.4375,0.75,3.5625],"texture":"#main","rotation":180},"north":{"uv":[0.5,3.4375,0.75,3.5625],"texture":"#main"},"west":{"uv":[0.8125,3.4375,0.9375,3.5625],"texture":"#main"},"up":{"uv":[0.5,3.4375,0.75,3.5625],"texture":"#main"},"down":{"uv":[0.5,3.4375,0.75,3.5625],"texture":"#main","rotation":180}}},{"rotation":{"origin":[7,4.464466,1.464466],"angle":-45,"axis":"x"},"from":[2,-4.5355,-3.5355],"to":[6,-2.5355,-1.5355],"faces":{"east":{"uv":[0.8125,3.4375,0.9375,3.5625],"texture":"#main"},"south":{"uv":[0.5,3.4375,0.75,3.5625],"texture":"#main"},"north":{"uv":[0.5,3.4375,0.75,3.5625],"texture":"#main"},"west":{"uv":[0.8125,3.4375,0.9375,3.5625],"texture":"#main"},"up":{"uv":[0.5,3.4375,0.75,3.5625],"texture":"#main","rotation":180},"down":{"uv":[0.5,3.4375,0.75,3.5625],"texture":"#main"}}},{"rotation":{"origin":[9,3.050252,0.05025253],"angle":-45,"axis":"x"},"from":[5,-5.9497,-5.9497],"to":[6,-4.9497,-2.9497],"faces":{"east":{"uv":[0.9375,3.125,1,3.375],"texture":"#main","rotation":270},"north":{"uv":[0.9375,3.3125,1,3.375],"texture":"#main","rotation":90},"west":{"uv":[0.9375,3.125,1,3.375],"texture":"#main","rotation":90},"up":{"uv":[0.9375,3.125,1,3.375],"texture":"#main","rotation":180},"down":{"uv":[0.9375,3.125,1,3.375],"texture":"#main"}}},{"rotation":{"origin":[6,3.050252,0.05025253],"angle":-45,"axis":"x"},"from":[2,-5.9497,-5.9497],"to":[3,-4.9497,-2.9497],"faces":{"east":{"uv":[0.9375,3.125,1,3.375],"texture":"#main","rotation":270},"north":{"uv":[0.9375,3.3125,1,3.375],"texture":"#main","rotation":90},"west":{"uv":[0.9375,3.125,1,3.375],"texture":"#main","rotation":90},"up":{"uv":[0.9375,3.125,1,3.375],"texture":"#main","rotation":180},"down":{"uv":[0.9375,3.125,1,3.375],"texture":"#main"}}},{"rotation":{"origin":[7.5,4.464466,-1.363961],"angle":-45,"axis":"x"},"from":[3.5,-4.5355,-7.364],"to":[4.5,-3.5355,-3.364],"faces":{"east":{"uv":[0.9375,3.125,1,3.375],"texture":"#main","rotation":270},"north":{"uv":[0.9375,3.3125,1,3.375],"texture":"#main","rotation":90},"west":{"uv":[0.9375,3.125,1,3.375],"texture":"#main","rotation":90},"up":{"uv":[0.9375,3.125,1,3.375],"texture":"#main","rotation":180},"down":{"uv":[0.9375,3.125,1,3.375],"texture":"#main"}}},{"rotation":{"origin":[14,3.050252,0.05025253],"angle":-45,"axis":"x"},"from":[10,-5.9497,-5.9497],"to":[11,-4.9497,-2.9497],"faces":{"east":{"uv":[0.9375,3.125,1,3.375],"texture":"#main","rotation":270},"north":{"uv":[0.9375,3.3125,1,3.375],"texture":"#main","rotation":90},"west":{"uv":[0.9375,3.125,1,3.375],"texture":"#main","rotation":90},"up":{"uv":[0.9375,3.125,1,3.375],"texture":"#main","rotation":180},"down":{"uv":[0.9375,3.125,1,3.375],"texture":"#main"}}},{"rotation":{"origin":[15.5,4.464466,-1.363961],"angle":-45,"axis":"x"},"from":[11.5,-4.5355,-7.364],"to":[12.5,-3.5355,-3.364],"faces":{"east":{"uv":[0.9375,3.125,1,3.375],"texture":"#main","rotation":270},"north":{"uv":[0.9375,3.3125,1,3.375],"texture":"#main","rotation":90},"west":{"uv":[0.9375,3.125,1,3.375],"texture":"#main","rotation":90},"up":{"uv":[0.9375,3.125,1,3.375],"texture":"#main","rotation":180},"down":{"uv":[0.9375,3.125,1,3.375],"texture":"#main"}}},{"rotation":{"origin":[17,3.050252,0.05025253],"angle":-45,"axis":"x"},"from":[13,-5.9497,-5.9497],"to":[14,-4.9497,-2.9497],"faces":{"east":{"uv":[0.9375,3.125,1,3.375],"texture":"#main","rotation":270},"north":{"uv":[0.9375,3.3125,1,3.375],"texture":"#main","rotation":90},"west":{"uv":[0.9375,3.125,1,3.375],"texture":"#main","rotation":90},"up":{"uv":[0.9375,3.125,1,3.375],"texture":"#main","rotation":180},"down":{"uv":[0.9375,3.125,1,3.375],"texture":"#main"}}},{"rotation":{"origin":[7,6,3],"angle":22.5,"axis":"x"},"from":[6,17,-1],"to":[10,18,-0.9],"faces":{"south":{"uv":[1.375,2,1.625,2.0625],"texture":"#main"},"north":{"uv":[1.375,2,1.625,2.0625],"texture":"#main"}}},{"rotation":{"origin":[7,9.858445,-0.2876976],"angle":45,"axis":"x"},"from":[5,20.8584,-4.2877],"to":[11,22.8584,-4.1877],"faces":{"south":{"uv":[1.6875,1.8125,2.0625,1.9375],"texture":"#main"},"north":{"uv":[1.6875,1.8125,2.0625,1.9375],"texture":"#main"}}},{"rotation":{"origin":[7,6.92388,3.382684],"angle":22.5,"axis":"x"},"from":[5,17.9239,-0.6173],"to":[11,19.9239,-0.5173],"faces":{"south":{"uv":[1.6875,1.9375,2.0625,2.0625],"texture":"#main"},"north":{"uv":[1.6875,1.9375,2.0625,2.0625],"texture":"#main"}}},{"rotation":{"origin":[7,14.06661,-2.593946],"angle":-22.5,"axis":"x"},"from":[5,17.9666,8.406099],"to":[11,18.0666,9.406099],"faces":{"up":{"uv":[1.6875,1.8125,2.0625,1.875],"texture":"#main"},"down":{"uv":[1.6875,1.8125,2.0625,1.875],"texture":"#main"}}},{"from":[5,22.2619,7.0001],"to":[11,22.3619,10.0001],"faces":{"up":{"uv":[1.6875,1.625,2.0625,1.75],"texture":"#main"},"down":{"uv":[1.6875,1.625,2.0625,1.75],"texture":"#main"}}},{"rotation":{"origin":[7,22.87594,-1.693266],"angle":22.5,"axis":"x"},"from":[5,26.7759,9.3067],"to":[11,26.8759,12.3067],"faces":{"up":{"uv":[1.6875,1.5625,2.0625,1.6875],"texture":"#main"},"down":{"uv":[1.6875,1.5625,2.0625,1.6875],"texture":"#main"}}},{"rotation":{"origin":[7,26.16364,2.16518],"angle":45,"axis":"x"},"from":[6,30.0636,13.1652],"to":[10,30.1636,16.1652],"faces":{"up":{"uv":[1.75,1.9375,2,2.0625],"texture":"#main"},"down":{"uv":[1.75,1.9375,2,2.0625],"texture":"#main"}}},{"rotation":{"origin":[7,5.07612,2.4],"angle":22.5,"axis":"x"},"from":[7,16.0761,-1.6],"to":[9,24.0761,-1.5],"faces":{"south":{"uv":[1.1875,1.625,1.3125,2.125],"texture":"#main"},"north":{"uv":[1.1875,1.625,1.3125,2.125],"texture":"#main"}}},{"from":[5,2,6],"to":[11,12,7],"faces":{"east":{"uv":[4.0625,0.0625,4.125,0.8125],"texture":"#main"},"north":{"uv":[4.0625,0.0625,4.5,0.6875],"texture":"#main"},"west":{"uv":[4.4375,0.0625,4.5,0.8125],"texture":"#main"},"up":{"uv":[4.0625,0,4.4375,0.0625],"texture":"#main"},"down":{"uv":[4.0625,1.0625,4.4375,1.125],"texture":"#main"}}},{"from":[5,-3,15],"to":[11,7,16],"faces":{"east":{"uv":[6.25,0.375,6.3125,1.125],"texture":"#main"},"south":{"uv":[5.9375,0.375,6.375,1.125],"texture":"#main"},"west":{"uv":[5.9375,0.375,6,1.125],"texture":"#main"},"up":{"uv":[5.9375,0.375,6.375,0.4375],"texture":"#main"},"down":{"uv":[5.9375,1.0625,6.375,1.125],"texture":"#main"}}},{"from":[12,2,8],"to":[13,12,13.99],"faces":{"east":{"uv":[5.3125,0.0625,5.686875,0.6875],"texture":"#main"},"south":{"uv":[5.875,0.1875,5.9375,0.8125],"texture":"#main"},"north":{"uv":[4.0625,0.0625,4.125,0.6875],"texture":"#main"},"up":{"uv":[4.0625,0,4.4375,0.0625],"texture":"#main"},"down":{"uv":[4.0625,0,4.4375,0.0625],"texture":"#main"}}},{"from":[3,2,8],"to":[4,12,14],"faces":{"south":{"uv":[5.875,0.1875,5.9375,0.8125],"texture":"#main"},"north":{"uv":[4.0625,0.0625,4.125,0.8125],"texture":"#main"},"west":{"uv":[4.6875,0.0625,5.125,0.75],"texture":"#main"},"up":{"uv":[4.0625,0,4.4375,0.0625],"texture":"#main"},"down":{"uv":[4.0625,0,4.4375,0.0625],"texture":"#main"}}},{"rotation":{"origin":[10.9999,0,10],"angle":-22.5,"axis":"y"},"from":[10.9999,0,10],"to":[31.76945,13,10.1],"faces":{"south":{"uv":[7.25,3.6875,6.25,2.125],"texture":"#main","rotation":270},"north":{"uv":[6.25,3.6875,5.25,2.125],"texture":"#main","rotation":90}}},{"rotation":{"origin":[-1.849869,-8,11],"angle":-22.5,"axis":"x"},"from":[3.1501,-13,18],"to":[13.1501,-3,18.1],"faces":{"south":{"uv":[4,1.8125,4.6875,2.5625],"texture":"#main"},"north":{"uv":[4,1.8125,4.6875,2.5625],"texture":"#main"}}},{"rotation":{"origin":[-15,0,17.75],"angle":22.5,"axis":"y"},"from":[-15,0,17.75],"to":[5.769556,13,17.85],"faces":{"south":{"uv":[6.25,3.6875,5.25,2.125],"texture":"#main","rotation":90},"north":{"uv":[7.25,3.6875,6.25,2.125],"texture":"#main","rotation":270}}},{"from":[10,-2,8],"to":[14,2,12],"faces":{"east":{"uv":[4.3125,0.6875,4.5625,0.9375],"texture":"#main"},"south":{"uv":[4.3125,0.6875,4.5625,0.9375],"texture":"#main"},"north":{"uv":[4.3125,0.6875,4.5625,0.9375],"texture":"#main"},"up":{"uv":[4.3125,0.6875,4.5625,0.9375],"texture":"#main"},"down":{"uv":[4.3125,0.6875,4.5625,0.9375],"texture":"#main"}}},{"from":[2,-2,8],"to":[6,2,12],"faces":{"south":{"uv":[4.3125,0.6875,4.5625,0.9375],"texture":"#main"},"north":{"uv":[4.3125,0.6875,4.5625,0.9375],"texture":"#main"},"west":{"uv":[4.3125,0.6875,4.5625,0.9375],"texture":"#main"},"up":{"uv":[4.3125,0.6875,4.5625,0.9375],"texture":"#main"},"down":{"uv":[4.3125,0.6875,4.5625,0.9375],"texture":"#main"}}},{"rotation":{"origin":[15,8,5],"angle":-45,"axis":"x"},"from":[11,-1,-3],"to":[13,1,2],"faces":{"east":{"uv":[4.5625,2.8125,4.6875,3.375],"texture":"#main","rotation":90},"west":{"uv":[4.5625,2.8125,4.6875,3.375],"texture":"#main","rotation":90},"up":{"uv":[4.5625,2.8125,4.6875,3.375],"texture":"#main","rotation":180},"down":{"uv":[4.5625,2.8125,4.6875,3.375],"texture":"#main"}}},{"rotation":{"origin":[7,8,5],"angle":-45,"axis":"x"},"from":[3,-1,-3],"to":[5,1,2],"faces":{"east":{"uv":[4.5625,2.8125,4.6875,3.375],"texture":"#main","rotation":90},"west":{"uv":[4.5625,2.8125,4.6875,3.375],"texture":"#main","rotation":90},"up":{"uv":[4.5625,2.8125,4.6875,3.375],"texture":"#main"},"down":{"uv":[4.5625,2.8125,4.6875,3.375],"texture":"#main"}}},{"from":[7,16,2],"to":[9,17,4],"faces":{"east":{"uv":[5.5625,1.3125,5.6875,1.5],"texture":"#main","rotation":180},"north":{"uv":[5.5625,1.3125,5.6875,1.5],"texture":"#main","rotation":180},"west":{"uv":[5.5625,1.3125,5.6875,1.5],"texture":"#main","rotation":180},"up":{"uv":[5.375,1.3125,5.5,1.4375],"texture":"#main"}}},{"from":[7,15,1],"to":[9,16,4],"faces":{"east":{"uv":[5.5625,1.3125,5.625,1.5],"texture":"#main"},"north":{"uv":[5.1875,1.3125,5.3125,1.375],"texture":"#main","rotation":180},"west":{"uv":[5.5625,1.3125,5.625,1.5],"texture":"#main","rotation":180},"up":{"uv":[5.5625,1.3125,5.6875,1.5],"texture":"#main"},"down":{"uv":[5.5625,1.3125,5.6875,1.5],"texture":"#main"}}},{"from":[5,13,4],"to":[11,19,11],"faces":{"east":{"uv":[4,1.1875,4.5,1.6875],"texture":"#main"},"south":{"uv":[4,1.1875,4.5,1.6875],"texture":"#main","rotation":180},"north":{"uv":[4.5625,1.1875,5.0625,1.6875],"texture":"#main"},"west":{"uv":[4,1.1875,4.5,1.6875],"texture":"#main","rotation":90},"up":{"uv":[4,1.1875,4.5,1.6875],"texture":"#main"},"down":{"uv":[4,1.1875,4.5,1.6875],"texture":"#main"}}},{"from":[4,-4,7],"to":[12,13,15],"faces":{"east":{"uv":[5.25,0,5.8125,1.125],"texture":"#main"},"south":{"uv":[5.875,0,6.4375,1.125],"texture":"#main"},"north":{"uv":[4,0,4.5625,1.125],"texture":"#main"},"west":{"uv":[4.625,0,5.1875,1.125],"texture":"#main"},"up":{"uv":[4,1.1875,4.5,1.6875],"texture":"#main"},"down":{"uv":[4.1875,0.875,4.4375,1.0625],"texture":"#main"}}},{"rotation":{"origin":[15,4.464466,1.464466],"angle":-45,"axis":"x"},"from":[10,-4.5355,-3.5355],"to":[14,-2.5355,-1.5355],"faces":{"east":{"uv":[4.8125,3.4375,4.9375,3.5625],"texture":"#main"},"south":{"uv":[4.5,3.4375,4.75,3.5625],"texture":"#main","rotation":180},"north":{"uv":[4.5,3.4375,4.75,3.5625],"texture":"#main"},"west":{"uv":[4.8125,3.4375,4.9375,3.5625],"texture":"#main"},"up":{"uv":[4.5,3.4375,4.75,3.5625],"texture":"#main"},"down":{"uv":[4.5,3.4375,4.75,3.5625],"texture":"#main","rotation":180}}},{"rotation":{"origin":[7,4.464466,1.464466],"angle":-45,"axis":"x"},"from":[2,-4.5355,-3.5355],"to":[6,-2.5355,-1.5355],"faces":{"east":{"uv":[4.8125,3.4375,4.9375,3.5625],"texture":"#main"},"south":{"uv":[4.5,3.4375,4.75,3.5625],"texture":"#main"},"north":{"uv":[4.5,3.4375,4.75,3.5625],"texture":"#main"},"west":{"uv":[4.8125,3.4375,4.9375,3.5625],"texture":"#main"},"up":{"uv":[4.5,3.4375,4.75,3.5625],"texture":"#main","rotation":180},"down":{"uv":[4.5,3.4375,4.75,3.5625],"texture":"#main"}}},{"rotation":{"origin":[9,3.050252,0.05025253],"angle":-45,"axis":"x"},"from":[5,-5.9497,-5.9497],"to":[6,-4.9497,-2.9497],"faces":{"east":{"uv":[4.9375,3.125,5,3.375],"texture":"#main","rotation":270},"north":{"uv":[4.9375,3.3125,5,3.375],"texture":"#main","rotation":90},"west":{"uv":[4.9375,3.125,5,3.375],"texture":"#main","rotation":90},"up":{"uv":[4.9375,3.125,5,3.375],"texture":"#main","rotation":180},"down":{"uv":[4.9375,3.125,5,3.375],"texture":"#main"}}},{"rotation":{"origin":[6,3.050252,0.05025253],"angle":-45,"axis":"x"},"from":[2,-5.9497,-5.9497],"to":[3,-4.9497,-2.9497],"faces":{"east":{"uv":[4.9375,3.125,5,3.375],"texture":"#main","rotation":270},"north":{"uv":[4.9375,3.3125,5,3.375],"texture":"#main","rotation":90},"west":{"uv":[4.9375,3.125,5,3.375],"texture":"#main","rotation":90},"up":{"uv":[4.9375,3.125,5,3.375],"texture":"#main","rotation":180},"down":{"uv":[4.9375,3.125,5,3.375],"texture":"#main"}}},{"rotation":{"origin":[7.5,4.464466,-1.363961],"angle":-45,"axis":"x"},"from":[3.5,-4.5355,-7.364],"to":[4.5,-3.5355,-3.364],"faces":{"east":{"uv":[4.9375,3.125,5,3.375],"texture":"#main","rotation":270},"north":{"uv":[4.9375,3.3125,5,3.375],"texture":"#main","rotation":90},"west":{"uv":[4.9375,3.125,5,3.375],"texture":"#main","rotation":90},"up":{"uv":[4.9375,3.125,5,3.375],"texture":"#main","rotation":180},"down":{"uv":[4.9375,3.125,5,3.375],"texture":"#main"}}},{"rotation":{"origin":[14,3.050252,0.05025253],"angle":-45,"axis":"x"},"from":[10,-5.9497,-5.9497],"to":[11,-4.9497,-2.9497],"faces":{"east":{"uv":[4.9375,3.125,5,3.375],"texture":"#main","rotation":270},"north":{"uv":[4.9375,3.3125,5,3.375],"texture":"#main","rotation":90},"west":{"uv":[4.9375,3.125,5,3.375],"texture":"#main","rotation":90},"up":{"uv":[4.9375,3.125,5,3.375],"texture":"#main","rotation":180},"down":{"uv":[4.9375,3.125,5,3.375],"texture":"#main"}}},{"rotation":{"origin":[15.5,4.464466,-1.363961],"angle":-45,"axis":"x"},"from":[11.5,-4.5355,-7.364],"to":[12.5,-3.5355,-3.364],"faces":{"east":{"uv":[4.9375,3.125,5,3.375],"texture":"#main","rotation":270},"north":{"uv":[4.9375,3.3125,5,3.375],"texture":"#main","rotation":90},"west":{"uv":[4.9375,3.125,5,3.375],"texture":"#main","rotation":90},"up":{"uv":[4.9375,3.125,5,3.375],"texture":"#main","rotation":180},"down":{"uv":[4.9375,3.125,5,3.375],"texture":"#main"}}},{"rotation":{"origin":[17,3.050252,0.05025253],"angle":-45,"axis":"x"},"from":[13,-5.9497,-5.9497],"to":[14,-4.9497,-2.9497],"faces":{"east":{"uv":[4.9375,3.125,5,3.375],"texture":"#main","rotation":270},"north":{"uv":[4.9375,3.3125,5,3.375],"texture":"#main","rotation":90},"west":{"uv":[4.9375,3.125,5,3.375],"texture":"#main","rotation":90},"up":{"uv":[4.9375,3.125,5,3.375],"texture":"#main","rotation":180},"down":{"uv":[4.9375,3.125,5,3.375],"texture":"#main"}}},{"rotation":{"origin":[7,6,3],"angle":22.5,"axis":"x"},"from":[6,17,-1],"to":[10,18,-0.9],"faces":{"south":{"uv":[5.375,2,5.625,2.0625],"texture":"#main"},"north":{"uv":[5.375,2,5.625,2.0625],"texture":"#main"}}},{"rotation":{"origin":[7,9.858445,-0.2876976],"angle":45,"axis":"x"},"from":[5,20.8584,-4.2877],"to":[11,22.8584,-4.187699],"faces":{"south":{"uv":[5.6875,1.8125,6.0625,1.9375],"texture":"#main"},"north":{"uv":[5.6875,1.8125,6.0625,1.9375],"texture":"#main"}}},{"rotation":{"origin":[7,6.92388,3.382684],"angle":22.5,"axis":"x"},"from":[5,17.9239,-0.6173],"to":[11,19.9239,-0.5173],"faces":{"south":{"uv":[5.6875,1.9375,6.0625,2.0625],"texture":"#main"},"north":{"uv":[5.6875,1.9375,6.0625,2.0625],"texture":"#main"}}},{"rotation":{"origin":[7,14.06661,-2.593946],"angle":-22.5,"axis":"x"},"from":[5,17.9666,8.406099],"to":[11,18.0666,9.406099],"faces":{"up":{"uv":[5.6875,1.8125,6.0625,1.875],"texture":"#main"},"down":{"uv":[5.6875,1.8125,6.0625,1.875],"texture":"#main"}}},{"from":[5,22.2619,7.0001],"to":[11,22.3619,10.0001],"faces":{"up":{"uv":[5.6875,1.625,6.0625,1.75],"texture":"#main"},"down":{"uv":[5.6875,1.625,6.0625,1.75],"texture":"#main"}}},{"rotation":{"origin":[7,22.87594,-1.693266],"angle":22.5,"axis":"x"},"from":[5,26.7759,9.3067],"to":[11,26.8759,12.3067],"faces":{"up":{"uv":[5.6875,1.5625,6.0625,1.6875],"texture":"#main"},"down":{"uv":[5.6875,1.5625,6.0625,1.6875],"texture":"#main"}}},{"rotation":{"origin":[7,26.16364,2.16518],"angle":45,"axis":"x"},"from":[6,30.0636,13.1652],"to":[10,30.1636,16.1652],"faces":{"up":{"uv":[5.75,1.9375,6,2.0625],"texture":"#main"},"down":{"uv":[5.75,1.9375,6,2.0625],"texture":"#main"}}},{"rotation":{"origin":[7,5.07612,2.4],"angle":22.5,"axis":"x"},"from":[7,16.0761,-1.6],"to":[9,24.0761,-1.5],"faces":{"south":{"uv":[5.1875,1.625,5.3125,2.125],"texture":"#main"},"north":{"uv":[5.1875,1.625,5.3125,2.125],"texture":"#main"}}},{"from":[5,2,6],"to":[11,12,7],"faces":{"east":{"uv":[8.0625,0.0625,8.125,0.8125],"texture":"#main"},"north":{"uv":[8.0625,0.0625,8.5,0.6875],"texture":"#main"},"west":{"uv":[8.4375,0.0625,8.5,0.8125],"texture":"#main"},"up":{"uv":[8.0625,0,8.4375,0.0625],"texture":"#main"},"down":{"uv":[8.0625,1.0625,8.4375,1.125],"texture":"#main"}}},{"from":[5,-3,15],"to":[11,7,16],"faces":{"east":{"uv":[10.25,0.375,10.3125,1.125],"texture":"#main"},"south":{"uv":[9.9375,0.375,10.375,1.125],"texture":"#main"},"west":{"uv":[9.9375,0.375,10,1.125],"texture":"#main"},"up":{"uv":[9.9375,0.375,10.375,0.4375],"texture":"#main"},"down":{"uv":[9.9375,1.0625,10.375,1.125],"texture":"#main"}}},{"from":[12,2,8],"to":[13,12,13.99],"faces":{"east":{"uv":[9.3125,0.0625,9.686875,0.6875],"texture":"#main"},"south":{"uv":[9.875,0.1875,9.9375,0.8125],"texture":"#main"},"north":{"uv":[8.0625,0.0625,8.125,0.6875],"texture":"#main"},"up":{"uv":[8.0625,0,8.4375,0.0625],"texture":"#main"},"down":{"uv":[8.0625,0,8.4375,0.0625],"texture":"#main"}}},{"from":[3,2,8],"to":[4,12,14],"faces":{"south":{"uv":[9.875,0.1875,9.9375,0.8125],"texture":"#main"},"north":{"uv":[8.0625,0.0625,8.125,0.8125],"texture":"#main"},"west":{"uv":[8.6875,0.0625,9.125,0.75],"texture":"#main"},"up":{"uv":[8.0625,0,8.4375,0.0625],"texture":"#main"},"down":{"uv":[8.0625,0,8.4375,0.0625],"texture":"#main"}}},{"rotation":{"origin":[10.9999,0,10],"angle":-45,"axis":"y"},"from":[10.9999,0,10],"to":[31.76945,13,10.1],"faces":{"south":{"uv":[11.25,3.6875,10.25,2.125],"texture":"#main","rotation":270},"north":{"uv":[10.25,3.6875,9.25,2.125],"texture":"#main","rotation":90}}},{"rotation":{"origin":[-1.849869,-8,11],"angle":-22.5,"axis":"x"},"from":[3.1501,-13,18],"to":[13.1501,-3,18.1],"faces":{"south":{"uv":[8,1.8125,8.6875,2.5625],"texture":"#main"},"north":{"uv":[8,1.8125,8.6875,2.5625],"texture":"#main"}}},{"rotation":{"origin":[-9.5,0,24.5],"angle":45,"axis":"y"},"from":[-9.5,0,24.5],"to":[11.26956,13,24.6],"faces":{"south":{"uv":[10.25,3.6875,9.25,2.125],"texture":"#main","rotation":90},"north":{"uv":[11.25,3.6875,10.25,2.125],"texture":"#main","rotation":270}}},{"from":[10,-2,8],"to":[14,2,12],"faces":{"east":{"uv":[8.3125,0.6875,8.5625,0.9375],"texture":"#main"},"south":{"uv":[8.3125,0.6875,8.5625,0.9375],"texture":"#main"},"north":{"uv":[8.3125,0.6875,8.5625,0.9375],"texture":"#main"},"up":{"uv":[8.3125,0.6875,8.5625,0.9375],"texture":"#main"},"down":{"uv":[8.3125,0.6875,8.5625,0.9375],"texture":"#main"}}},{"from":[2,-2,8],"to":[6,2,12],"faces":{"south":{"uv":[8.3125,0.6875,8.5625,0.9375],"texture":"#main"},"north":{"uv":[8.3125,0.6875,8.5625,0.9375],"texture":"#main"},"west":{"uv":[8.3125,0.6875,8.5625,0.9375],"texture":"#main"},"up":{"uv":[8.3125,0.6875,8.5625,0.9375],"texture":"#main"},"down":{"uv":[8.3125,0.6875,8.5625,0.9375],"texture":"#main"}}},{"rotation":{"origin":[15,8,5],"angle":-45,"axis":"x"},"from":[11,-1,-3],"to":[13,1,2],"faces":{"east":{"uv":[8.5625,2.8125,8.6875,3.375],"texture":"#main","rotation":90},"west":{"uv":[8.5625,2.8125,8.6875,3.375],"texture":"#main","rotation":90},"up":{"uv":[8.5625,2.8125,8.6875,3.375],"texture":"#main","rotation":180},"down":{"uv":[8.5625,2.8125,8.6875,3.375],"texture":"#main"}}},{"rotation":{"origin":[7,8,5],"angle":-45,"axis":"x"},"from":[3,-1,-3],"to":[5,1,2],"faces":{"east":{"uv":[8.5625,2.8125,8.6875,3.375],"texture":"#main","rotation":90},"west":{"uv":[8.5625,2.8125,8.6875,3.375],"texture":"#main","rotation":90},"up":{"uv":[8.5625,2.8125,8.6875,3.375],"texture":"#main"},"down":{"uv":[8.5625,2.8125,8.6875,3.375],"texture":"#main"}}},{"from":[7,16,2],"to":[9,17,4],"faces":{"east":{"uv":[9.5625,1.3125,9.6875,1.5],"texture":"#main","rotation":180},"north":{"uv":[9.5625,1.3125,9.6875,1.5],"texture":"#main","rotation":180},"west":{"uv":[9.5625,1.3125,9.6875,1.5],"texture":"#main","rotation":180},"up":{"uv":[9.375,1.3125,9.5,1.4375],"texture":"#main"}}},{"from":[7,15,1],"to":[9,16,4],"faces":{"east":{"uv":[9.5625,1.3125,9.625,1.5],"texture":"#main"},"north":{"uv":[9.1875,1.3125,9.3125,1.375],"texture":"#main","rotation":180},"west":{"uv":[9.5625,1.3125,9.625,1.5],"texture":"#main","rotation":180},"up":{"uv":[9.5625,1.3125,9.6875,1.5],"texture":"#main"},"down":{"uv":[9.5625,1.3125,9.6875,1.5],"texture":"#main"}}},{"from":[5,13,4],"to":[11,19,11],"faces":{"east":{"uv":[8,1.1875,8.5,1.6875],"texture":"#main"},"south":{"uv":[8,1.1875,8.5,1.6875],"texture":"#main","rotation":180},"north":{"uv":[8.5625,1.1875,9.0625,1.6875],"texture":"#main"},"west":{"uv":[8,1.1875,8.5,1.6875],"texture":"#main","rotation":90},"up":{"uv":[8,1.1875,8.5,1.6875],"texture":"#main"},"down":{"uv":[8,1.1875,8.5,1.6875],"texture":"#main"}}},{"from":[4,-4,7],"to":[12,13,15],"faces":{"east":{"uv":[9.25,0,9.8125,1.125],"texture":"#main"},"south":{"uv":[9.875,0,10.4375,1.125],"texture":"#main"},"north":{"uv":[8,0,8.5625,1.125],"texture":"#main"},"west":{"uv":[8.625,0,9.1875,1.125],"texture":"#main"},"up":{"uv":[8,1.1875,8.5,1.6875],"texture":"#main"},"down":{"uv":[8.1875,0.875,8.4375,1.0625],"texture":"#main"}}},{"rotation":{"origin":[15,4.464466,1.464466],"angle":-45,"axis":"x"},"from":[10,-4.5355,-3.5355],"to":[14,-2.5355,-1.5355],"faces":{"east":{"uv":[8.8125,3.4375,8.9375,3.5625],"texture":"#main"},"south":{"uv":[8.5,3.4375,8.75,3.5625],"texture":"#main","rotation":180},"north":{"uv":[8.5,3.4375,8.75,3.5625],"texture":"#main"},"west":{"uv":[8.8125,3.4375,8.9375,3.5625],"texture":"#main"},"up":{"uv":[8.5,3.4375,8.75,3.5625],"texture":"#main"},"down":{"uv":[8.5,3.4375,8.75,3.5625],"texture":"#main","rotation":180}}},{"rotation":{"origin":[7,4.464466,1.464466],"angle":-45,"axis":"x"},"from":[2,-4.5355,-3.5355],"to":[6,-2.5355,-1.5355],"faces":{"east":{"uv":[8.8125,3.4375,8.9375,3.5625],"texture":"#main"},"south":{"uv":[8.5,3.4375,8.75,3.5625],"texture":"#main"},"north":{"uv":[8.5,3.4375,8.75,3.5625],"texture":"#main"},"west":{"uv":[8.8125,3.4375,8.9375,3.5625],"texture":"#main"},"up":{"uv":[8.5,3.4375,8.75,3.5625],"texture":"#main","rotation":180},"down":{"uv":[8.5,3.4375,8.75,3.5625],"texture":"#main"}}},{"rotation":{"origin":[9,3.050252,0.05025253],"angle":-45,"axis":"x"},"from":[5,-5.9497,-5.9497],"to":[6,-4.9497,-2.9497],"faces":{"east":{"uv":[8.9375,3.125,9,3.375],"texture":"#main","rotation":270},"north":{"uv":[8.9375,3.3125,9,3.375],"texture":"#main","rotation":90},"west":{"uv":[8.9375,3.125,9,3.375],"texture":"#main","rotation":90},"up":{"uv":[8.9375,3.125,9,3.375],"texture":"#main","rotation":180},"down":{"uv":[8.9375,3.125,9,3.375],"texture":"#main"}}},{"rotation":{"origin":[6,3.050252,0.05025253],"angle":-45,"axis":"x"},"from":[2,-5.9497,-5.9497],"to":[3,-4.9497,-2.9497],"faces":{"east":{"uv":[8.9375,3.125,9,3.375],"texture":"#main","rotation":270},"north":{"uv":[8.9375,3.3125,9,3.375],"texture":"#main","rotation":90},"west":{"uv":[8.9375,3.125,9,3.375],"texture":"#main","rotation":90},"up":{"uv":[8.9375,3.125,9,3.375],"texture":"#main","rotation":180},"down":{"uv":[8.9375,3.125,9,3.375],"texture":"#main"}}},{"rotation":{"origin":[7.5,4.464466,-1.363961],"angle":-45,"axis":"x"},"from":[3.5,-4.5355,-7.364],"to":[4.5,-3.5355,-3.364],"faces":{"east":{"uv":[8.9375,3.125,9,3.375],"texture":"#main","rotation":270},"north":{"uv":[8.9375,3.3125,9,3.375],"texture":"#main","rotation":90},"west":{"uv":[8.9375,3.125,9,3.375],"texture":"#main","rotation":90},"up":{"uv":[8.9375,3.125,9,3.375],"texture":"#main","rotation":180},"down":{"uv":[8.9375,3.125,9,3.375],"texture":"#main"}}},{"rotation":{"origin":[14,3.050252,0.05025253],"angle":-45,"axis":"x"},"from":[10,-5.9497,-5.9497],"to":[11,-4.9497,-2.9497],"faces":{"east":{"uv":[8.9375,3.125,9,3.375],"texture":"#main","rotation":270},"north":{"uv":[8.9375,3.3125,9,3.375],"texture":"#main","rotation":90},"west":{"uv":[8.9375,3.125,9,3.375],"texture":"#main","rotation":90},"up":{"uv":[8.9375,3.125,9,3.375],"texture":"#main","rotation":180},"down":{"uv":[8.9375,3.125,9,3.375],"texture":"#main"}}},{"rotation":{"origin":[15.5,4.464466,-1.363961],"angle":-45,"axis":"x"},"from":[11.5,-4.5355,-7.364],"to":[12.5,-3.5355,-3.364],"faces":{"east":{"uv":[8.9375,3.125,9,3.375],"texture":"#main","rotation":270},"north":{"uv":[8.9375,3.3125,9,3.375],"texture":"#main","rotation":90},"west":{"uv":[8.9375,3.125,9,3.375],"texture":"#main","rotation":90},"up":{"uv":[8.9375,3.125,9,3.375],"texture":"#main","rotation":180},"down":{"uv":[8.9375,3.125,9,3.375],"texture":"#main"}}},{"rotation":{"origin":[17,3.050252,0.05025253],"angle":-45,"axis":"x"},"from":[13,-5.9497,-5.9497],"to":[14,-4.9497,-2.9497],"faces":{"east":{"uv":[8.9375,3.125,9,3.375],"texture":"#main","rotation":270},"north":{"uv":[8.9375,3.3125,9,3.375],"texture":"#main","rotation":90},"west":{"uv":[8.9375,3.125,9,3.375],"texture":"#main","rotation":90},"up":{"uv":[8.9375,3.125,9,3.375],"texture":"#main","rotation":180},"down":{"uv":[8.9375,3.125,9,3.375],"texture":"#main"}}},{"rotation":{"origin":[7,6,3],"angle":22.5,"axis":"x"},"from":[6,17,-1],"to":[10,18,-0.9],"faces":{"south":{"uv":[9.375,2,9.625,2.0625],"texture":"#main"},"north":{"uv":[9.375,2,9.625,2.0625],"texture":"#main"}}},{"rotation":{"origin":[7,9.858445,-0.2876976],"angle":45,"axis":"x"},"from":[5,20.8584,-4.2877],"to":[11,22.8584,-4.187698],"faces":{"south":{"uv":[9.6875,1.8125,10.0625,1.9375],"texture":"#main"},"north":{"uv":[9.6875,1.8125,10.0625,1.9375],"texture":"#main"}}},{"rotation":{"origin":[7,6.92388,3.382684],"angle":22.5,"axis":"x"},"from":[5,17.9239,-0.6173],"to":[11,19.9239,-0.5173],"faces":{"south":{"uv":[9.6875,1.9375,10.0625,2.0625],"texture":"#main"},"north":{"uv":[9.6875,1.9375,10.0625,2.0625],"texture":"#main"}}},{"rotation":{"origin":[7,14.06661,-2.593946],"angle":-22.5,"axis":"x"},"from":[5,17.9666,8.406099],"to":[11,18.0666,9.406099],"faces":{"up":{"uv":[9.6875,1.8125,10.0625,1.875],"texture":"#main"},"down":{"uv":[9.6875,1.8125,10.0625,1.875],"texture":"#main"}}},{"from":[5,22.2619,7.0001],"to":[11,22.3619,10.0001],"faces":{"up":{"uv":[9.6875,1.625,10.0625,1.75],"texture":"#main"},"down":{"uv":[9.6875,1.625,10.0625,1.75],"texture":"#main"}}},{"rotation":{"origin":[7,22.87594,-1.693266],"angle":22.5,"axis":"x"},"from":[5,26.7759,9.3067],"to":[11,26.8759,12.3067],"faces":{"up":{"uv":[9.6875,1.5625,10.0625,1.6875],"texture":"#main"},"down":{"uv":[9.6875,1.5625,10.0625,1.6875],"texture":"#main"}}},{"rotation":{"origin":[7,26.16364,2.16518],"angle":45,"axis":"x"},"from":[6,30.0636,13.1652],"to":[10,30.1636,16.1652],"faces":{"up":{"uv":[9.75,1.9375,10,2.0625],"texture":"#main"},"down":{"uv":[9.75,1.9375,10,2.0625],"texture":"#main"}}},{"rotation":{"origin":[7,5.07612,2.4],"angle":22.5,"axis":"x"},"from":[7,16.0761,-1.6],"to":[9,24.0761,-1.5],"faces":{"south":{"uv":[9.1875,1.625,9.3125,2.125],"texture":"#main"},"north":{"uv":[9.1875,1.625,9.3125,2.125],"texture":"#main"}}},{"from":[5,2,6],"to":[11,12,7],"faces":{"east":{"uv":[12.0625,0.0625,12.125,0.8125],"texture":"#main"},"north":{"uv":[12.0625,0.0625,12.5,0.6875],"texture":"#main"},"west":{"uv":[12.4375,0.0625,12.5,0.8125],"texture":"#main"},"up":{"uv":[12.0625,0,12.4375,0.0625],"texture":"#main"},"down":{"uv":[12.0625,1.0625,12.4375,1.125],"texture":"#main"}}},{"from":[5,-3,15],"to":[11,7,16],"faces":{"east":{"uv":[14.25,0.375,14.3125,1.125],"texture":"#main"},"south":{"uv":[13.9375,0.375,14.375,1.125],"texture":"#main"},"west":{"uv":[13.9375,0.375,14,1.125],"texture":"#main"},"up":{"uv":[13.9375,0.375,14.375,0.4375],"texture":"#main"},"down":{"uv":[13.9375,1.0625,14.375,1.125],"texture":"#main"}}},{"from":[12,2,8],"to":[13,12,13.99],"faces":{"east":{"uv":[13.3125,0.0625,13.686875,0.6875],"texture":"#main"},"south":{"uv":[13.875,0.1875,13.9375,0.8125],"texture":"#main"},"north":{"uv":[12.0625,0.0625,12.125,0.6875],"texture":"#main"},"up":{"uv":[12.0625,0,12.4375,0.0625],"texture":"#main"},"down":{"uv":[12.0625,0,12.4375,0.0625],"texture":"#main"}}},{"from":[3,2,8],"to":[4,12,14],"faces":{"south":{"uv":[13.875,0.1875,13.9375,0.8125],"texture":"#main"},"north":{"uv":[12.0625,0.0625,12.125,0.8125],"texture":"#main"},"west":{"uv":[12.6875,0.0625,13.125,0.75],"texture":"#main"},"up":{"uv":[12.0625,0,12.4375,0.0625],"texture":"#main"},"down":{"uv":[12.0625,0,12.4375,0.0625],"texture":"#main"}}},{"rotation":{"origin":[10.9999,0,10],"angle":22.5,"axis":"y"},"from":[10.9999,0,10],"to":[31.76945,13,10.1],"faces":{"south":{"uv":[15.25,3.6875,14.25,2.125],"texture":"#main","rotation":270},"north":{"uv":[14.25,3.6875,13.25,2.125],"texture":"#main","rotation":90}}},{"rotation":{"origin":[-1.849869,-8,11],"angle":-22.5,"axis":"x"},"from":[3.1501,-13,18],"to":[13.1501,-3,18.1],"faces":{"south":{"uv":[12,1.8125,12.6875,2.5625],"texture":"#main"},"north":{"uv":[12,1.8125,12.6875,2.5625],"texture":"#main"}}},{"rotation":{"origin":[-14,0,2],"angle":-22.5,"axis":"y"},"from":[-14,0,2],"to":[6.769556,13,2.1],"faces":{"south":{"uv":[14.25,3.6875,13.25,2.125],"texture":"#main","rotation":90},"north":{"uv":[15.25,3.6875,14.25,2.125],"texture":"#main","rotation":270}}},{"from":[10,-2,8],"to":[14,2,12],"faces":{"east":{"uv":[12.3125,0.6875,12.5625,0.9375],"texture":"#main"},"south":{"uv":[12.3125,0.6875,12.5625,0.9375],"texture":"#main"},"north":{"uv":[12.3125,0.6875,12.5625,0.9375],"texture":"#main"},"up":{"uv":[12.3125,0.6875,12.5625,0.9375],"texture":"#main"},"down":{"uv":[12.3125,0.6875,12.5625,0.9375],"texture":"#main"}}},{"from":[2,-2,8],"to":[6,2,12],"faces":{"south":{"uv":[12.3125,0.6875,12.5625,0.9375],"texture":"#main"},"north":{"uv":[12.3125,0.6875,12.5625,0.9375],"texture":"#main"},"west":{"uv":[12.3125,0.6875,12.5625,0.9375],"texture":"#main"},"up":{"uv":[12.3125,0.6875,12.5625,0.9375],"texture":"#main"},"down":{"uv":[12.3125,0.6875,12.5625,0.9375],"texture":"#main"}}},{"rotation":{"origin":[15,8,5],"angle":-45,"axis":"x"},"from":[11,-1,-3],"to":[13,1,2],"faces":{"east":{"uv":[12.5625,2.8125,12.6875,3.375],"texture":"#main","rotation":90},"west":{"uv":[12.5625,2.8125,12.6875,3.375],"texture":"#main","rotation":90},"up":{"uv":[12.5625,2.8125,12.6875,3.375],"texture":"#main","rotation":180},"down":{"uv":[12.5625,2.8125,12.6875,3.375],"texture":"#main"}}},{"rotation":{"origin":[7,8,5],"angle":-45,"axis":"x"},"from":[3,-1,-3],"to":[5,1,2],"faces":{"east":{"uv":[12.5625,2.8125,12.6875,3.375],"texture":"#main","rotation":90},"west":{"uv":[12.5625,2.8125,12.6875,3.375],"texture":"#main","rotation":90},"up":{"uv":[12.5625,2.8125,12.6875,3.375],"texture":"#main"},"down":{"uv":[12.5625,2.8125,12.6875,3.375],"texture":"#main"}}},{"from":[7,16,2],"to":[9,17,4],"faces":{"east":{"uv":[13.5625,1.3125,13.6875,1.5],"texture":"#main","rotation":180},"north":{"uv":[13.5625,1.3125,13.6875,1.5],"texture":"#main","rotation":180},"west":{"uv":[13.5625,1.3125,13.6875,1.5],"texture":"#main","rotation":180},"up":{"uv":[13.375,1.3125,13.5,1.4375],"texture":"#main"}}},{"from":[7,15,1],"to":[9,16,4],"faces":{"east":{"uv":[13.5625,1.3125,13.625,1.5],"texture":"#main"},"north":{"uv":[13.1875,1.3125,13.3125,1.375],"texture":"#main","rotation":180},"west":{"uv":[13.5625,1.3125,13.625,1.5],"texture":"#main","rotation":180},"up":{"uv":[13.5625,1.3125,13.6875,1.5],"texture":"#main"},"down":{"uv":[13.5625,1.3125,13.6875,1.5],"texture":"#main"}}},{"from":[5,13,4],"to":[11,19,11],"faces":{"east":{"uv":[12,1.1875,12.5,1.6875],"texture":"#main"},"south":{"uv":[12,1.1875,12.5,1.6875],"texture":"#main","rotation":180},"north":{"uv":[12.5625,1.1875,13.0625,1.6875],"texture":"#main"},"west":{"uv":[12,1.1875,12.5,1.6875],"texture":"#main","rotation":90},"up":{"uv":[12,1.1875,12.5,1.6875],"texture":"#main"},"down":{"uv":[12,1.1875,12.5,1.6875],"texture":"#main"}}},{"from":[4,-4,7],"to":[12,13,15],"faces":{"east":{"uv":[13.25,0,13.8125,1.125],"texture":"#main"},"south":{"uv":[13.875,0,14.4375,1.125],"texture":"#main"},"north":{"uv":[12,0,12.5625,1.125],"texture":"#main"},"west":{"uv":[12.625,0,13.1875,1.125],"texture":"#main"},"up":{"uv":[12,1.1875,12.5,1.6875],"texture":"#main"},"down":{"uv":[12.1875,0.875,12.4375,1.0625],"texture":"#main"}}},{"rotation":{"origin":[15,4.464466,1.464466],"angle":-45,"axis":"x"},"from":[10,-4.5355,-3.5355],"to":[14,-2.5355,-1.5355],"faces":{"east":{"uv":[12.8125,3.4375,12.9375,3.5625],"texture":"#main"},"south":{"uv":[12.5,3.4375,12.75,3.5625],"texture":"#main","rotation":180},"north":{"uv":[12.5,3.4375,12.75,3.5625],"texture":"#main"},"west":{"uv":[12.8125,3.4375,12.9375,3.5625],"texture":"#main"},"up":{"uv":[12.5,3.4375,12.75,3.5625],"texture":"#main"},"down":{"uv":[12.5,3.4375,12.75,3.5625],"texture":"#main","rotation":180}}},{"rotation":{"origin":[7,4.464466,1.464466],"angle":-45,"axis":"x"},"from":[2,-4.5355,-3.5355],"to":[6,-2.5355,-1.5355],"faces":{"east":{"uv":[12.8125,3.4375,12.9375,3.5625],"texture":"#main"},"south":{"uv":[12.5,3.4375,12.75,3.5625],"texture":"#main"},"north":{"uv":[12.5,3.4375,12.75,3.5625],"texture":"#main"},"west":{"uv":[12.8125,3.4375,12.9375,3.5625],"texture":"#main"},"up":{"uv":[12.5,3.4375,12.75,3.5625],"texture":"#main","rotation":180},"down":{"uv":[12.5,3.4375,12.75,3.5625],"texture":"#main"}}},{"rotation":{"origin":[9,3.050252,0.05025253],"angle":-45,"axis":"x"},"from":[5,-5.9497,-5.9497],"to":[6,-4.9497,-2.9497],"faces":{"east":{"uv":[12.9375,3.125,13,3.375],"texture":"#main","rotation":270},"north":{"uv":[12.9375,3.3125,13,3.375],"texture":"#main","rotation":90},"west":{"uv":[12.9375,3.125,13,3.375],"texture":"#main","rotation":90},"up":{"uv":[12.9375,3.125,13,3.375],"texture":"#main","rotation":180},"down":{"uv":[12.9375,3.125,13,3.375],"texture":"#main"}}},{"rotation":{"origin":[6,3.050252,0.05025253],"angle":-45,"axis":"x"},"from":[2,-5.9497,-5.9497],"to":[3,-4.9497,-2.9497],"faces":{"east":{"uv":[12.9375,3.125,13,3.375],"texture":"#main","rotation":270},"north":{"uv":[12.9375,3.3125,13,3.375],"texture":"#main","rotation":90},"west":{"uv":[12.9375,3.125,13,3.375],"texture":"#main","rotation":90},"up":{"uv":[12.9375,3.125,13,3.375],"texture":"#main","rotation":180},"down":{"uv":[12.9375,3.125,13,3.375],"texture":"#main"}}},{"rotation":{"origin":[7.5,4.464466,-1.363961],"angle":-45,"axis":"x"},"from":[3.5,-4.5355,-7.364],"to":[4.5,-3.5355,-3.364],"faces":{"east":{"uv":[12.9375,3.125,13,3.375],"texture":"#main","rotation":270},"north":{"uv":[12.9375,3.3125,13,3.375],"texture":"#main","rotation":90},"west":{"uv":[12.9375,3.125,13,3.375],"texture":"#main","rotation":90},"up":{"uv":[12.9375,3.125,13,3.375],"texture":"#main","rotation":180},"down":{"uv":[12.9375,3.125,13,3.375],"texture":"#main"}}},{"rotation":{"origin":[14,3.050252,0.05025253],"angle":-45,"axis":"x"},"from":[10,-5.9497,-5.9497],"to":[11,-4.9497,-2.9497],"faces":{"east":{"uv":[12.9375,3.125,13,3.375],"texture":"#main","rotation":270},"north":{"uv":[12.9375,3.3125,13,3.375],"texture":"#main","rotation":90},"west":{"uv":[12.9375,3.125,13,3.375],"texture":"#main","rotation":90},"up":{"uv":[12.9375,3.125,13,3.375],"texture":"#main","rotation":180},"down":{"uv":[12.9375,3.125,13,3.375],"texture":"#main"}}},{"rotation":{"origin":[15.5,4.464466,-1.363961],"angle":-45,"axis":"x"},"from":[11.5,-4.5355,-7.364],"to":[12.5,-3.5355,-3.364],"faces":{"east":{"uv":[12.9375,3.125,13,3.375],"texture":"#main","rotation":270},"north":{"uv":[12.9375,3.3125,13,3.375],"texture":"#main","rotation":90},"west":{"uv":[12.9375,3.125,13,3.375],"texture":"#main","rotation":90},"up":{"uv":[12.9375,3.125,13,3.375],"texture":"#main","rotation":180},"down":{"uv":[12.9375,3.125,13,3.375],"texture":"#main"}}},{"rotation":{"origin":[17,3.050252,0.05025253],"angle":-45,"axis":"x"},"from":[13,-5.9497,-5.9497],"to":[14,-4.9497,-2.9497],"faces":{"east":{"uv":[12.9375,3.125,13,3.375],"texture":"#main","rotation":270},"north":{"uv":[12.9375,3.3125,13,3.375],"texture":"#main","rotation":90},"west":{"uv":[12.9375,3.125,13,3.375],"texture":"#main","rotation":90},"up":{"uv":[12.9375,3.125,13,3.375],"texture":"#main","rotation":180},"down":{"uv":[12.9375,3.125,13,3.375],"texture":"#main"}}},{"rotation":{"origin":[7,6,3],"angle":22.5,"axis":"x"},"from":[6,17,-1],"to":[10,18,-0.9],"faces":{"south":{"uv":[13.375,2,13.625,2.0625],"texture":"#main"},"north":{"uv":[13.375,2,13.625,2.0625],"texture":"#main"}}},{"rotation":{"origin":[7,9.858445,-0.2876976],"angle":45,"axis":"x"},"from":[5,20.8584,-4.2877],"to":[11,22.8584,-4.187699],"faces":{"south":{"uv":[13.6875,1.8125,14.0625,1.9375],"texture":"#main"},"north":{"uv":[13.6875,1.8125,14.0625,1.9375],"texture":"#main"}}},{"rotation":{"origin":[7,6.92388,3.382684],"angle":22.5,"axis":"x"},"from":[5,17.9239,-0.6173],"to":[11,19.9239,-0.5173],"faces":{"south":{"uv":[13.6875,1.9375,14.0625,2.0625],"texture":"#main"},"north":{"uv":[13.6875,1.9375,14.0625,2.0625],"texture":"#main"}}},{"rotation":{"origin":[7,14.06661,-2.593946],"angle":-22.5,"axis":"x"},"from":[5,17.9666,8.406099],"to":[11,18.0666,9.406099],"faces":{"up":{"uv":[13.6875,1.8125,14.0625,1.875],"texture":"#main"},"down":{"uv":[13.6875,1.8125,14.0625,1.875],"texture":"#main"}}},{"from":[5,22.2619,7.0001],"to":[11,22.3619,10.0001],"faces":{"up":{"uv":[13.6875,1.625,14.0625,1.75],"texture":"#main"},"down":{"uv":[13.6875,1.625,14.0625,1.75],"texture":"#main"}}},{"rotation":{"origin":[7,22.87594,-1.693266],"angle":22.5,"axis":"x"},"from":[5,26.7759,9.3067],"to":[11,26.8759,12.3067],"faces":{"up":{"uv":[13.6875,1.5625,14.0625,1.6875],"texture":"#main"},"down":{"uv":[13.6875,1.5625,14.0625,1.6875],"texture":"#main"}}},{"rotation":{"origin":[7,26.16364,2.16518],"angle":45,"axis":"x"},"from":[6,30.0636,13.1652],"to":[10,30.1636,16.1652],"faces":{"up":{"uv":[13.75,1.9375,14,2.0625],"texture":"#main"},"down":{"uv":[13.75,1.9375,14,2.0625],"texture":"#main"}}},{"rotation":{"origin":[7,5.07612,2.4],"angle":22.5,"axis":"x"},"from":[7,16.0761,-1.6],"to":[9,24.0761,-1.5],"faces":{"south":{"uv":[13.1875,1.625,13.3125,2.125],"texture":"#main"},"north":{"uv":[13.1875,1.625,13.3125,2.125],"texture":"#main"}}},{"from":[5,2,6],"to":[11,12,7],"faces":{"east":{"uv":[0.0625,4.0625,0.125,4.8125],"texture":"#main"},"north":{"uv":[0.0625,4.0625,0.5,4.6875],"texture":"#main"},"west":{"uv":[0.4375,4.0625,0.5,4.8125],"texture":"#main"},"up":{"uv":[0.0625,4,0.4375,4.0625],"texture":"#main"},"down":{"uv":[0.0625,5.0625,0.4375,5.125],"texture":"#main"}}},{"from":[5,-3,15],"to":[11,7,16],"faces":{"east":{"uv":[2.25,4.375,2.3125,5.125],"texture":"#main"},"south":{"uv":[1.9375,4.375,2.375,5.125],"texture":"#main"},"west":{"uv":[1.9375,4.375,2,5.125],"texture":"#main"},"up":{"uv":[1.9375,4.375,2.375,4.4375],"texture":"#main"},"down":{"uv":[1.9375,5.0625,2.375,5.125],"texture":"#main"}}},{"from":[12,2,8],"to":[13,12,13.99],"faces":{"east":{"uv":[1.3125,4.0625,1.686875,4.6875],"texture":"#main"},"south":{"uv":[1.875,4.1875,1.9375,4.8125],"texture":"#main"},"north":{"uv":[0.0625,4.0625,0.125,4.6875],"texture":"#main"},"up":{"uv":[0.0625,4,0.4375,4.0625],"texture":"#main"},"down":{"uv":[0.0625,4,0.4375,4.0625],"texture":"#main"}}},{"from":[3,2,8],"to":[4,12,14],"faces":{"south":{"uv":[1.875,4.1875,1.9375,4.8125],"texture":"#main"},"north":{"uv":[0.0625,4.0625,0.125,4.8125],"texture":"#main"},"west":{"uv":[0.6875,4.0625,1.125,4.75],"texture":"#main"},"up":{"uv":[0.0625,4,0.4375,4.0625],"texture":"#main"},"down":{"uv":[0.0625,4,0.4375,4.0625],"texture":"#main"}}},{"rotation":{"origin":[10.8749,0,10],"angle":45,"axis":"y"},"from":[10.8749,0,10],"to":[31.64445,13,10.1],"faces":{"south":{"uv":[3.25,7.6875,2.25,6.125],"texture":"#main","rotation":270},"north":{"uv":[2.25,7.6875,1.25,6.125],"texture":"#main","rotation":90}}},{"rotation":{"origin":[-1.849869,-8,11],"angle":-22.5,"axis":"x"},"from":[3.1501,-13,18],"to":[13.1501,-3,18.1],"faces":{"south":{"uv":[0,5.8125,0.6875,6.5625],"texture":"#main"},"north":{"uv":[0,5.8125,0.6875,6.5625],"texture":"#main"}}},{"rotation":{"origin":[-9.5,0,-4.625],"angle":-45,"axis":"y"},"from":[-9.5,0,-4.625],"to":[11.26956,13,-4.525],"faces":{"south":{"uv":[2.25,7.6875,1.25,6.125],"texture":"#main","rotation":90},"north":{"uv":[3.25,7.6875,2.25,6.125],"texture":"#main","rotation":270}}},{"from":[10,-2,8],"to":[14,2,12],"faces":{"east":{"uv":[0.3125,4.6875,0.5625,4.9375],"texture":"#main"},"south":{"uv":[0.3125,4.6875,0.5625,4.9375],"texture":"#main"},"north":{"uv":[0.3125,4.6875,0.5625,4.9375],"texture":"#main"},"up":{"uv":[0.3125,4.6875,0.5625,4.9375],"texture":"#main"},"down":{"uv":[0.3125,4.6875,0.5625,4.9375],"texture":"#main"}}},{"from":[2,-2,8],"to":[6,2,12],"faces":{"south":{"uv":[0.3125,4.6875,0.5625,4.9375],"texture":"#main"},"north":{"uv":[0.3125,4.6875,0.5625,4.9375],"texture":"#main"},"west":{"uv":[0.3125,4.6875,0.5625,4.9375],"texture":"#main"},"up":{"uv":[0.3125,4.6875,0.5625,4.9375],"texture":"#main"},"down":{"uv":[0.3125,4.6875,0.5625,4.9375],"texture":"#main"}}},{"rotation":{"origin":[15,8,5],"angle":-45,"axis":"x"},"from":[11,-1,-3],"to":[13,1,2],"faces":{"east":{"uv":[0.5625,6.8125,0.6875,7.375],"texture":"#main","rotation":90},"west":{"uv":[0.5625,6.8125,0.6875,7.375],"texture":"#main","rotation":90},"up":{"uv":[0.5625,6.8125,0.6875,7.375],"texture":"#main","rotation":180},"down":{"uv":[0.5625,6.8125,0.6875,7.375],"texture":"#main"}}},{"rotation":{"origin":[7,8,5],"angle":-45,"axis":"x"},"from":[3,-1,-3],"to":[5,1,2],"faces":{"east":{"uv":[0.5625,6.8125,0.6875,7.375],"texture":"#main","rotation":90},"west":{"uv":[0.5625,6.8125,0.6875,7.375],"texture":"#main","rotation":90},"up":{"uv":[0.5625,6.8125,0.6875,7.375],"texture":"#main"},"down":{"uv":[0.5625,6.8125,0.6875,7.375],"texture":"#main"}}},{"from":[7,16,2],"to":[9,17,4],"faces":{"east":{"uv":[1.5625,5.3125,1.6875,5.5],"texture":"#main","rotation":180},"north":{"uv":[1.5625,5.3125,1.6875,5.5],"texture":"#main","rotation":180},"west":{"uv":[1.5625,5.3125,1.6875,5.5],"texture":"#main","rotation":180},"up":{"uv":[1.375,5.3125,1.5,5.4375],"texture":"#main"}}},{"from":[7,15,1],"to":[9,16,4],"faces":{"east":{"uv":[1.5625,5.3125,1.625,5.5],"texture":"#main"},"north":{"uv":[1.1875,5.3125,1.3125,5.375],"texture":"#main","rotation":180},"west":{"uv":[1.5625,5.3125,1.625,5.5],"texture":"#main","rotation":180},"up":{"uv":[1.5625,5.3125,1.6875,5.5],"texture":"#main"},"down":{"uv":[1.5625,5.3125,1.6875,5.5],"texture":"#main"}}},{"from":[5,13,4],"to":[11,19,11],"faces":{"east":{"uv":[0,5.1875,0.5,5.6875],"texture":"#main"},"south":{"uv":[0,5.1875,0.5,5.6875],"texture":"#main","rotation":180},"north":{"uv":[0.5625,5.1875,1.0625,5.6875],"texture":"#main"},"west":{"uv":[0,5.1875,0.5,5.6875],"texture":"#main","rotation":90},"up":{"uv":[0,5.1875,0.5,5.6875],"texture":"#main"},"down":{"uv":[0,5.1875,0.5,5.6875],"texture":"#main"}}},{"from":[4,-4,7],"to":[12,13,15],"faces":{"east":{"uv":[1.25,4,1.8125,5.125],"texture":"#main"},"south":{"uv":[1.875,4,2.4375,5.125],"texture":"#main"},"north":{"uv":[0,4,0.5625,5.125],"texture":"#main"},"west":{"uv":[0.625,4,1.1875,5.125],"texture":"#main"},"up":{"uv":[0,5.1875,0.5,5.6875],"texture":"#main"},"down":{"uv":[0.1875,4.875,0.4375,5.0625],"texture":"#main"}}},{"rotation":{"origin":[15,4.464466,1.464466],"angle":-45,"axis":"x"},"from":[10,-4.5355,-3.5355],"to":[14,-2.5355,-1.5355],"faces":{"east":{"uv":[0.8125,7.4375,0.9375,7.5625],"texture":"#main"},"south":{"uv":[0.5,7.4375,0.75,7.5625],"texture":"#main","rotation":180},"north":{"uv":[0.5,7.4375,0.75,7.5625],"texture":"#main"},"west":{"uv":[0.8125,7.4375,0.9375,7.5625],"texture":"#main"},"up":{"uv":[0.5,7.4375,0.75,7.5625],"texture":"#main"},"down":{"uv":[0.5,7.4375,0.75,7.5625],"texture":"#main","rotation":180}}},{"rotation":{"origin":[7,4.464466,1.464466],"angle":-45,"axis":"x"},"from":[2,-4.5355,-3.5355],"to":[6,-2.5355,-1.5355],"faces":{"east":{"uv":[0.8125,7.4375,0.9375,7.5625],"texture":"#main"},"south":{"uv":[0.5,7.4375,0.75,7.5625],"texture":"#main"},"north":{"uv":[0.5,7.4375,0.75,7.5625],"texture":"#main"},"west":{"uv":[0.8125,7.4375,0.9375,7.5625],"texture":"#main"},"up":{"uv":[0.5,7.4375,0.75,7.5625],"texture":"#main","rotation":180},"down":{"uv":[0.5,7.4375,0.75,7.5625],"texture":"#main"}}},{"rotation":{"origin":[9,3.050252,0.05025253],"angle":-45,"axis":"x"},"from":[5,-5.9497,-5.9497],"to":[6,-4.9497,-2.9497],"faces":{"east":{"uv":[0.9375,7.125,1,7.375],"texture":"#main","rotation":270},"north":{"uv":[0.9375,7.3125,1,7.375],"texture":"#main","rotation":90},"west":{"uv":[0.9375,7.125,1,7.375],"texture":"#main","rotation":90},"up":{"uv":[0.9375,7.125,1,7.375],"texture":"#main","rotation":180},"down":{"uv":[0.9375,7.125,1,7.375],"texture":"#main"}}},{"rotation":{"origin":[6,3.050252,0.05025253],"angle":-45,"axis":"x"},"from":[2,-5.9497,-5.9497],"to":[3,-4.9497,-2.9497],"faces":{"east":{"uv":[0.9375,7.125,1,7.375],"texture":"#main","rotation":270},"north":{"uv":[0.9375,7.3125,1,7.375],"texture":"#main","rotation":90},"west":{"uv":[0.9375,7.125,1,7.375],"texture":"#main","rotation":90},"up":{"uv":[0.9375,7.125,1,7.375],"texture":"#main","rotation":180},"down":{"uv":[0.9375,7.125,1,7.375],"texture":"#main"}}},{"rotation":{"origin":[7.5,4.464466,-1.363961],"angle":-45,"axis":"x"},"from":[3.5,-4.5355,-7.364],"to":[4.5,-3.5355,-3.364],"faces":{"east":{"uv":[0.9375,7.125,1,7.375],"texture":"#main","rotation":270},"north":{"uv":[0.9375,7.3125,1,7.375],"texture":"#main","rotation":90},"west":{"uv":[0.9375,7.125,1,7.375],"texture":"#main","rotation":90},"up":{"uv":[0.9375,7.125,1,7.375],"texture":"#main","rotation":180},"down":{"uv":[0.9375,7.125,1,7.375],"texture":"#main"}}},{"rotation":{"origin":[14,3.050252,0.05025253],"angle":-45,"axis":"x"},"from":[10,-5.9497,-5.9497],"to":[11,-4.9497,-2.9497],"faces":{"east":{"uv":[0.9375,7.125,1,7.375],"texture":"#main","rotation":270},"north":{"uv":[0.9375,7.3125,1,7.375],"texture":"#main","rotation":90},"west":{"uv":[0.9375,7.125,1,7.375],"texture":"#main","rotation":90},"up":{"uv":[0.9375,7.125,1,7.375],"texture":"#main","rotation":180},"down":{"uv":[0.9375,7.125,1,7.375],"texture":"#main"}}},{"rotation":{"origin":[15.5,4.464466,-1.363961],"angle":-45,"axis":"x"},"from":[11.5,-4.5355,-7.364],"to":[12.5,-3.5355,-3.364],"faces":{"east":{"uv":[0.9375,7.125,1,7.375],"texture":"#main","rotation":270},"north":{"uv":[0.9375,7.3125,1,7.375],"texture":"#main","rotation":90},"west":{"uv":[0.9375,7.125,1,7.375],"texture":"#main","rotation":90},"up":{"uv":[0.9375,7.125,1,7.375],"texture":"#main","rotation":180},"down":{"uv":[0.9375,7.125,1,7.375],"texture":"#main"}}},{"rotation":{"origin":[17,3.050252,0.05025253],"angle":-45,"axis":"x"},"from":[13,-5.9497,-5.9497],"to":[14,-4.9497,-2.9497],"faces":{"east":{"uv":[0.9375,7.125,1,7.375],"texture":"#main","rotation":270},"north":{"uv":[0.9375,7.3125,1,7.375],"texture":"#main","rotation":90},"west":{"uv":[0.9375,7.125,1,7.375],"texture":"#main","rotation":90},"up":{"uv":[0.9375,7.125,1,7.375],"texture":"#main","rotation":180},"down":{"uv":[0.9375,7.125,1,7.375],"texture":"#main"}}},{"rotation":{"origin":[7,6,3],"angle":22.5,"axis":"x"},"from":[6,17,-1],"to":[10,18,-0.9],"faces":{"south":{"uv":[1.375,6,1.625,6.0625],"texture":"#main"},"north":{"uv":[1.375,6,1.625,6.0625],"texture":"#main"}}},{"rotation":{"origin":[7,9.858445,-0.2876976],"angle":45,"axis":"x"},"from":[5,20.8584,-4.2877],"to":[11,22.8584,-4.187698],"faces":{"south":{"uv":[1.6875,5.8125,2.0625,5.9375],"texture":"#main"},"north":{"uv":[1.6875,5.8125,2.0625,5.9375],"texture":"#main"}}},{"rotation":{"origin":[7,6.92388,3.382684],"angle":22.5,"axis":"x"},"from":[5,17.9239,-0.6173],"to":[11,19.9239,-0.5173],"faces":{"south":{"uv":[1.6875,5.9375,2.0625,6.0625],"texture":"#main"},"north":{"uv":[1.6875,5.9375,2.0625,6.0625],"texture":"#main"}}},{"rotation":{"origin":[7,14.06661,-2.593946],"angle":-22.5,"axis":"x"},"from":[5,17.9666,8.406099],"to":[11,18.0666,9.406099],"faces":{"up":{"uv":[1.6875,5.8125,2.0625,5.875],"texture":"#main"},"down":{"uv":[1.6875,5.8125,2.0625,5.875],"texture":"#main"}}},{"from":[5,22.2619,7.0001],"to":[11,22.3619,10.0001],"faces":{"up":{"uv":[1.6875,5.625,2.0625,5.75],"texture":"#main"},"down":{"uv":[1.6875,5.625,2.0625,5.75],"texture":"#main"}}},{"rotation":{"origin":[7,22.87594,-1.693266],"angle":22.5,"axis":"x"},"from":[5,26.7759,9.3067],"to":[11,26.8759,12.3067],"faces":{"up":{"uv":[1.6875,5.5625,2.0625,5.6875],"texture":"#main"},"down":{"uv":[1.6875,5.5625,2.0625,5.6875],"texture":"#main"}}},{"rotation":{"origin":[7,26.16364,2.16518],"angle":45,"axis":"x"},"from":[6,30.0636,13.1652],"to":[10,30.1636,16.1652],"faces":{"up":{"uv":[1.75,5.9375,2,6.0625],"texture":"#main"},"down":{"uv":[1.75,5.9375,2,6.0625],"texture":"#main"}}},{"rotation":{"origin":[7,5.07612,2.4],"angle":22.5,"axis":"x"},"from":[7,16.0761,-1.6],"to":[9,24.0761,-1.5],"faces":{"south":{"uv":[1.1875,5.625,1.3125,6.125],"texture":"#main"},"north":{"uv":[1.1875,5.625,1.3125,6.125],"texture":"#main"}}}],"display":{"head":{"rotation":[-19,0,0],"translation":[0.0006,-10.43,-4.173]},"firstperson_righthand":{"scale":[0.0001,0.0001,0.0001]},"thirdperson_lefthand":{"scale":[0.0001,0.0001,0.0001]},"firstperson_lefthand":{"scale":[0.0001,0.0001,0.0001]},"gui":{"rotation":[0,-180,0],"scale":[0.4086,0.3738,0.3739]}}}