{"parent":"physical_parent","textures":{"main":"pokemon/pidgeot-mega"},"elements":[{"from":[6,8,13],"to":[10,11,17],"faces":{"east":{"uv":[2.25,9.75,2.75,10.125],"texture":"#main"},"south":{"uv":[3.75,9.75,4.25,10.125],"texture":"#main"},"north":{"uv":[2.75,9.75,3.25,10.125],"texture":"#main"},"west":{"uv":[3.25,9.75,3.75,10.125],"texture":"#main"},"up":{"uv":[3.25,9.75,2.75,9.25],"texture":"#main"},"down":{"uv":[3.75,9.25,3.25,9.75],"texture":"#main"}}},{"from":[5,6,2],"to":[11,11,13],"faces":{"east":{"uv":[0,8.625,1.375,9.25],"texture":"#main"},"south":{"uv":[3.5,8.625,4.25,9.25],"texture":"#main"},"north":{"uv":[1.375,8.625,2.125,9.25],"texture":"#main"},"west":{"uv":[2.125,8.625,3.5,9.25],"texture":"#main"},"up":{"uv":[2.125,8.625,1.375,7.25],"texture":"#main"},"down":{"uv":[2.875,7.25,2.125,8.625],"texture":"#main"}}},{"from":[3,11,17],"to":[13,11.1,27],"faces":{"up":{"uv":[6.75,8.5,5.5,7.25],"texture":"#main"},"down":{"uv":[6.75,7.25,5.5,8.5],"texture":"#main"}}},{"rotation":{"origin":[5.5,7.5,14],"angle":-45,"axis":"x"},"from":[3,6.5,11.5],"to":[6,10.5,14.5],"faces":{"east":{"uv":[4.25,9.625,4.625,10.125],"texture":"#main"},"south":{"uv":[5.375,9.625,5.75,10.125],"texture":"#main"},"north":{"uv":[4.625,9.625,5,10.125],"texture":"#main"},"west":{"uv":[5,9.625,5.375,10.125],"texture":"#main"},"up":{"uv":[5,9.625,4.625,9.25],"texture":"#main"},"down":{"uv":[5.375,9.25,5,9.625],"texture":"#main"}}},{"rotation":{"origin":[5.5,7.5,14],"angle":-45,"axis":"x"},"from":[10,6.5,11.5],"to":[13,10.5,14.5],"faces":{"east":{"uv":[5.75,9.625,6.125,10.125],"texture":"#main"},"south":{"uv":[6.875,9.625,7.25,10.125],"texture":"#main"},"north":{"uv":[6.125,9.625,6.5,10.125],"texture":"#main"},"west":{"uv":[6.5,9.625,6.875,10.125],"texture":"#main"},"up":{"uv":[6.5,9.625,6.125,9.25],"texture":"#main"},"down":{"uv":[6.875,9.25,6.5,9.625],"texture":"#main"}}},{"rotation":{"origin":[5.5,7.5,14],"angle":-45,"axis":"x"},"from":[10,3.5,12.5],"to":[13,5.5,13.5],"faces":{"east":{"uv":[7.25,9.375,7.375,9.625],"texture":"#main"},"south":{"uv":[7.875,9.375,8.25,9.625],"texture":"#main"},"north":{"uv":[7.375,9.375,7.75,9.625],"texture":"#main"},"west":{"uv":[7.75,9.375,7.875,9.625],"texture":"#main"},"up":{"uv":[7.75,9.375,7.375,9.25],"texture":"#main"},"down":{"uv":[8.125,9.25,7.75,9.375],"texture":"#main"}}},{"rotation":{"origin":[5.5,7.5,14],"angle":-45,"axis":"x"},"from":[11,5.5,12.5],"to":[12,6.5,13.5],"faces":{"east":{"uv":[4.75,10.75,4.875,10.875],"texture":"#main"},"south":{"uv":[5.125,10.75,5.25,10.875],"texture":"#main"},"north":{"uv":[4.875,10.75,5,10.875],"texture":"#main"},"west":{"uv":[5,10.75,5.125,10.875],"texture":"#main"},"up":{"uv":[5,10.75,4.875,10.625],"texture":"#main"},"down":{"uv":[5.125,10.625,5,10.75],"texture":"#main"}}},{"rotation":{"origin":[5.5,7.5,14],"angle":-45,"axis":"x"},"from":[10,3.5,13.5],"to":[13,4.5,14.5],"faces":{"east":{"uv":[2,10.75,2.125,10.875],"texture":"#main"},"south":{"uv":[2.625,10.75,3,10.875],"texture":"#main"},"north":{"uv":[2.125,10.75,2.5,10.875],"texture":"#main"},"west":{"uv":[2.5,10.75,2.625,10.875],"texture":"#main"},"up":{"uv":[2.5,10.75,2.125,10.625],"texture":"#main"},"down":{"uv":[2.875,10.625,2.5,10.75],"texture":"#main"}}},{"rotation":{"origin":[5.5,7.5,14],"angle":-45,"axis":"x"},"from":[3,3.5,13.5],"to":[6,4.5,14.5],"faces":{"east":{"uv":[3,10.75,3.125,10.875],"texture":"#main"},"south":{"uv":[3.625,10.75,4,10.875],"texture":"#main"},"north":{"uv":[3.125,10.75,3.5,10.875],"texture":"#main"},"west":{"uv":[3.5,10.75,3.625,10.875],"texture":"#main"},"up":{"uv":[3.5,10.75,3.125,10.625],"texture":"#main"},"down":{"uv":[3.875,10.625,3.5,10.75],"texture":"#main"}}},{"rotation":{"origin":[5.5,7.5,14],"angle":-45,"axis":"x"},"from":[3,3.5,12.5],"to":[6,5.5,13.5],"faces":{"east":{"uv":[1,10.75,1.125,11],"texture":"#main"},"south":{"uv":[1.625,10.75,2,11],"texture":"#main"},"north":{"uv":[1.125,10.75,1.5,11],"texture":"#main"},"west":{"uv":[1.5,10.75,1.625,11],"texture":"#main"},"up":{"uv":[1.5,10.75,1.125,10.625],"texture":"#main"},"down":{"uv":[1.875,10.625,1.5,10.75],"texture":"#main"}}},{"rotation":{"origin":[5.5,7.5,14],"angle":-45,"axis":"x"},"from":[4,5.5,12.5],"to":[5,6.5,13.5],"faces":{"east":{"uv":[5.25,10.75,5.375,10.875],"texture":"#main"},"south":{"uv":[5.625,10.75,5.75,10.875],"texture":"#main"},"north":{"uv":[5.375,10.75,5.5,10.875],"texture":"#main"},"west":{"uv":[5.5,10.75,5.625,10.875],"texture":"#main"},"up":{"uv":[5.5,10.75,5.375,10.625],"texture":"#main"},"down":{"uv":[5.625,10.625,5.5,10.75],"texture":"#main"}}},{"from":[7,9,-5],"to":[9,10,-3],"faces":{"east":{"uv":[0,10.875,0.25,11],"texture":"#main"},"south":{"uv":[0.75,10.875,1,11],"texture":"#main"},"north":{"uv":[0.25,10.875,0.5,11],"texture":"#main"},"west":{"uv":[0.5,10.875,0.75,11],"texture":"#main"},"up":{"uv":[0.5,10.875,0.25,10.625],"texture":"#main"},"down":{"uv":[0.75,10.625,0.5,10.875],"texture":"#main"}}},{"rotation":{"origin":[8,11.5,-4],"angle":22.5,"axis":"x"},"from":[7,11,-5],"to":[9,12,-2],"faces":{"east":{"uv":[5.75,10.5,6.125,10.625],"texture":"#main"},"south":{"uv":[6.75,10.5,7,10.625],"texture":"#main"},"north":{"uv":[6.125,10.5,6.375,10.625],"texture":"#main"},"west":{"uv":[6.375,10.5,6.75,10.625],"texture":"#main"},"up":{"uv":[6.375,10.5,6.125,10.125],"texture":"#main"},"down":{"uv":[6.625,10.125,6.375,10.5],"texture":"#main"}}},{"rotation":{"origin":[8,11.5,-4],"angle":22.5,"axis":"x"},"from":[7.01,10,-5.01],"to":[9.01,12,-4.01],"faces":{"east":{"uv":[4,10.75,4.125,11],"texture":"#main"},"south":{"uv":[4.5,10.75,4.75,11],"texture":"#main"},"north":{"uv":[4.125,10.75,4.375,11],"texture":"#main"},"west":{"uv":[4.375,10.75,4.5,11],"texture":"#main"},"up":{"uv":[4.375,10.75,4.125,10.625],"texture":"#main"},"down":{"uv":[4.625,10.625,4.375,10.75],"texture":"#main"}}},{"from":[6,8,-3],"to":[10,13,3],"faces":{"east":{"uv":[9.25,8,10,8.625],"texture":"#main"},"south":{"uv":[11.25,8,11.75,8.625],"texture":"#main"},"north":{"uv":[10,8,10.5,8.625],"texture":"#main"},"west":{"uv":[10.5,8,11.25,8.625],"texture":"#main"},"up":{"uv":[10.5,8,10,7.25],"texture":"#main"},"down":{"uv":[11,7.25,10.5,8],"texture":"#main"}}},{"rotation":{"origin":[11,14.41421,2.65685],"angle":45,"axis":"x"},"from":[4,9.4142,-0.4432],"to":[12,19.4142,-0.3432],"faces":{"south":{"uv":[0,9.25,1,10.5],"texture":"#main"},"north":{"uv":[0,9.25,1,10.5],"texture":"#main"}}},{"from":[8,12.0494,1.8057],"to":[8.1,20.0494,17.8057],"faces":{"east":{"uv":[4,6.25,2,7.25],"texture":"#main"},"west":{"uv":[2,6.25,4,7.25],"texture":"#main"}}},{"from":[8,12.0494,17.8057],"to":[8.1,20.0494,31.8057],"faces":{"east":{"uv":[7.75,6,6,7],"texture":"#main"},"west":{"uv":[6,6,7.75,7],"texture":"#main"}}},{"rotation":{"origin":[-2.4293,13.96908,10],"angle":-22.5,"axis":"z"},"from":[-10.4293,13.9691,2],"to":[5.570701,14.0691,18],"faces":{"up":{"uv":[12,2,10,0],"texture":"#main"},"down":{"uv":[14,0,12,2],"texture":"#main"}}},{"from":[-15.75,16.9306,2],"to":[-9.57034,17.0306,18],"faces":{"up":{"uv":[2.75,4.125,2,2.125],"texture":"#main"},"down":{"uv":[3.5,2.125,2.75,4.125],"texture":"#main"}}},{"from":[25.5703,16.9306,2],"to":[31.74996,17.0306,18],"faces":{"up":{"uv":[8.25,4.125,7.5,2.125],"texture":"#main"},"down":{"uv":[9,2.125,8.25,4.125],"texture":"#main"}}},{"rotation":{"origin":[18.4293,13.96908,10],"angle":22.5,"axis":"z"},"from":[10.4293,13.9691,2],"to":[26.4293,14.0691,18],"faces":{"up":{"uv":[4,2,2,0],"texture":"#main"},"down":{"uv":[6,0,4,2],"texture":"#main"}}}],"display":{"head":{"translation":[0,-17.39,0],"scale":[3,3,3]},"firstperson_righthand":{"scale":[0.0001,0.0001,0.0001]},"thirdperson_lefthand":{"scale":[0.0001,0.0001,0.0001]},"firstperson_lefthand":{"scale":[0.0001,0.0001,0.0001]}}}