{"credit":"Made with Blockbench","texture_size":[32,32],"textures":{"main":"pokemon/pidove"},"elements":[{"from":[-1.82,0.29036,-3.53463],"to":[1.82,3.41036,-0.41463],"rotation":{"angle":-45,"axis":"x","origin":[0,2.86436,-3.89863]},"faces":{"north":{"uv":[8,0,9.75,1.5],"texture":"#main"},"east":{"uv":[3.5,8.5,5,10],"texture":"#main"},"south":{"uv":[1.5,8,3.25,9.5],"texture":"#main"},"west":{"uv":[8.5,4.5,10,6],"texture":"#main"},"up":{"uv":[9.75,3,8,1.5],"texture":"#main"},"down":{"uv":[10.25,3,8.5,4.5],"texture":"#main"}}},{"from":[-2.08,1.30436,-1.81863],"to":[2.08,4.42436,3.38137],"rotation":{"angle":0,"axis":"y","origin":[-8.32,-0.77564,-8.05863]},"faces":{"north":{"uv":[4,7,6,8.5],"texture":"#main"},"east":{"uv":[6,3,8.5,4.5],"texture":"#main"},"south":{"uv":[7.5,6,9.5,7.5],"texture":"#main"},"west":{"uv":[6,4.5,8.5,6],"texture":"#main"},"up":{"uv":[2,5.5,0,3],"texture":"#main"},"down":{"uv":[4,3,2,5.5],"texture":"#main"}}},{"from":[-2.106,1.56436,-2.33863],"to":[-2.106,4.68436,4.94137],"rotation":{"angle":0,"axis":"y","origin":[-8.32,-0.77564,-8.05863]},"faces":{"north":{"uv":[0,0,0,1.5],"texture":"#main"},"east":{"uv":[0,0,3.5,1.5],"texture":"#main"},"south":{"uv":[0,0,0,1.5],"texture":"#main"},"west":{"uv":[0,1.5,3.5,3],"texture":"#main"},"up":{"uv":[0,3.5,0,0],"texture":"#main"},"down":{"uv":[0,0,0,3.5],"texture":"#main"}}},{"from":[2.106,1.56436,-2.33863],"to":[2.106,4.68436,4.94137],"rotation":{"angle":0,"axis":"y","origin":[8.32,-0.77564,-8.05863]},"faces":{"north":{"uv":[0,0,0,1.5],"texture":"#main"},"east":{"uv":[3.5,1.5,0,3],"texture":"#main"},"south":{"uv":[0,0,0,1.5],"texture":"#main"},"west":{"uv":[3.5,0,0,1.5],"texture":"#main"},"up":{"uv":[0,3.5,0,0],"texture":"#main"},"down":{"uv":[0,0,0,3.5],"texture":"#main"}}},{"from":[-2.08,3.90436,3.38137],"to":[2.08,3.90436,7.54137],"rotation":{"angle":-45,"axis":"x","origin":[0,3.90436,3.38137]},"faces":{"north":{"uv":[0,0,2,0],"texture":"#main"},"east":{"uv":[0,0,2,0],"texture":"#main"},"south":{"uv":[0,0,2,0],"texture":"#main"},"west":{"uv":[0,0,2,0],"texture":"#main"},"up":{"uv":[6,5,4,3],"texture":"#main"},"down":{"uv":[6,5,4,7],"texture":"#main"}}},{"from":[-1.56,3.38436,-3.89863],"to":[1.56,7.80436,-0.51863],"rotation":{"angle":0,"axis":"y","origin":[-8.32,-0.77564,-8.05863]},"faces":{"north":{"uv":[6,6,7.5,8.25],"texture":"#main"},"east":{"uv":[0,5.5,1.75,7.75],"texture":"#main"},"south":{"uv":[6.5,0,8,2.25],"texture":"#main"},"west":{"uv":[2,5.5,3.75,7.75],"texture":"#main"},"up":{"uv":[9,9.25,7.5,7.5],"texture":"#main"},"down":{"uv":[1.5,8,0,9.75],"texture":"#main"}}},{"from":[0,6.97236,-1.48063],"to":[0,9.31236,1.89937],"rotation":{"angle":22.5,"axis":"x","origin":[0,8.89636,0.28737]},"faces":{"north":{"uv":[0,0,0,1],"texture":"#main"},"east":{"uv":[9,9,10.75,10],"texture":"#main"},"south":{"uv":[0,0,0,1],"texture":"#main"},"west":{"uv":[1.5,9.5,3.25,10.5],"texture":"#main"},"up":{"uv":[0,1.75,0,0],"texture":"#main"},"down":{"uv":[0,0,0,1.75],"texture":"#main"}}},{"from":[0,4.94436,-6.23863],"to":[0,7.28436,-3.89863],"rotation":{"angle":0,"axis":"y","origin":[-8.32,-0.77564,-8.05863]},"faces":{"north":{"uv":[0,0,0,1.25],"texture":"#main"},"east":{"uv":[6.5,8.5,7.5,9.75],"texture":"#main"},"south":{"uv":[0,0,0,1.25],"texture":"#main"},"west":{"uv":[9.5,6,10.5,7.25],"texture":"#main"},"up":{"uv":[0,1,0,0],"texture":"#main"},"down":{"uv":[0,0,0,1],"texture":"#main"}}},{"from":[-1.664,0.00436,0.00137],"to":[-1.17,1.30436,0.52137],"rotation":{"angle":0,"axis":"y","origin":[-8.58,-0.77564,-8.05863]},"faces":{"north":{"uv":[7.5,9.5,8,10.25],"texture":"#main"},"east":{"uv":[8,9.5,8.5,10.25],"texture":"#main"},"south":{"uv":[8.5,9.5,9,10.25],"texture":"#main"},"west":{"uv":[0,10,0.5,10.75],"texture":"#main"},"up":{"uv":[7,3,6.5,2.5],"texture":"#main"},"down":{"uv":[7.5,2.5,7,3],"texture":"#main"}}},{"from":[-2.6,0.00436,-1.29863],"to":[0.26,0.00436,1.30137],"rotation":{"angle":0,"axis":"y","origin":[-8.32,-0.77564,-9.87863]},"faces":{"north":{"uv":[0,0,1.5,0],"texture":"#main"},"east":{"uv":[0,0,1.25,0],"texture":"#main"},"south":{"uv":[0,0,1.5,0],"texture":"#main"},"west":{"uv":[0,0,1.25,0],"texture":"#main"},"up":{"uv":[6.5,9.75,5,8.5],"texture":"#main"},"down":{"uv":[6.5,8.5,5,9.75],"texture":"#main"}}},{"from":[1.17,0.00436,0.00137],"to":[1.664,1.30436,0.52137],"rotation":{"angle":0,"axis":"y","origin":[8.58,-0.77564,-8.05863]},"faces":{"north":{"uv":[8,9.5,7.5,10.25],"texture":"#main"},"east":{"uv":[0.5,10,0,10.75],"texture":"#main"},"south":{"uv":[9,9.5,8.5,10.25],"texture":"#main"},"west":{"uv":[8.5,9.5,8,10.25],"texture":"#main"},"up":{"uv":[6.5,3,7,2.5],"texture":"#main"},"down":{"uv":[7,2.5,7.5,3],"texture":"#main"}}},{"from":[-0.26,0.00436,-1.29863],"to":[2.6,0.00436,1.30137],"rotation":{"angle":0,"axis":"y","origin":[8.32,-0.77564,-9.87863]},"faces":{"north":{"uv":[1.5,0,0,0],"texture":"#main"},"east":{"uv":[1.25,0,0,0],"texture":"#main"},"south":{"uv":[1.5,0,0,0],"texture":"#main"},"west":{"uv":[1.25,0,0,0],"texture":"#main"},"up":{"uv":[5,9.75,6.5,8.5],"texture":"#main"},"down":{"uv":[5,8.5,6.5,9.75],"texture":"#main"}}}],"display":{"head":{"translation":[7.75,-35,6.5]}},"groups":[{"name":"pidove","origin":[0,-0.10901,-0.03416],"color":0,"children":[{"name":"body","origin":[0,1.61065,0.52403],"color":0,"children":[0,1,{"name":"wing_l","origin":[-2.106,3.14616,-2.3318],"color":0,"children":[2]},{"name":"wing_r","origin":[2.106,3.14616,-2.3318],"color":0,"children":[3]},{"name":"tail","origin":[0,3.92616,3.3882],"color":0,"children":[4]},{"name":"head","origin":[0,3.51791,-1.84334],"color":0,"children":[5,6,7]}]},{"name":"leg_l","origin":[-1.3735,1.31116,0.1382],"color":0,"children":[8,9]},{"name":"leg_r","origin":[1.4935,1.35116,0.1382],"color":0,"children":[10,11]}]}]}