{"credit":"Made with Blockbench","parent":"physical_parent","textures":{"main":"pokemon/pinsir-mega"},"elements":[{"from":[1.99997,3.99957,6.99978],"to":[12.99997,18.99957,10.99978],"faces":{"north":{"uv":[4.75,0.5,6.125,2.375],"texture":"#main"},"east":{"uv":[4.25,0.5,4.75,2.375],"texture":"#main"},"south":{"uv":[6.625,0.5,8,2.375],"texture":"#main"},"west":{"uv":[6.125,0.5,6.625,2.375],"texture":"#main"},"up":{"uv":[6.125,0.5,4.75,0],"rotation":180,"texture":"#main"},"down":{"uv":[7.5,0,6.125,0.5],"rotation":180,"texture":"#main"}}},{"from":[5.99984,19.00038,7.49968],"to":[8.99984,25.00038,10.49968],"rotation":{"angle":-22.5,"axis":"z","origin":[8,8,8]},"faces":{"north":{"uv":[4.625,5.625,5,6.375],"texture":"#main"},"east":{"uv":[4.25,5.625,4.625,6.375],"texture":"#main"},"south":{"uv":[5.375,5.625,5.75,6.375],"texture":"#main"},"west":{"uv":[5,5.625,5.375,6.375],"texture":"#main"},"up":{"uv":[5,5.625,4.625,5.25],"texture":"#main"},"down":{"uv":[5.375,5.25,5,5.625],"rotation":180,"texture":"#main"}}},{"from":[13,12.00026,7.501],"to":[15,15.00026,10.501],"faces":{"north":{"uv":[0.375,9.5,0.625,9.875],"texture":"#main"},"east":{"uv":[0,9.5,0.375,9.875],"texture":"#main"},"south":{"uv":[1,9.5,1.25,9.875],"texture":"#main"},"west":{"uv":[0.625,9.5,1,9.875],"texture":"#main"},"up":{"uv":[0.625,9.5,0.375,9.125],"texture":"#main"},"down":{"uv":[0.875,9.125,0.625,9.5],"texture":"#main"}}},{"from":[2.99977,-2.00012,7.00949],"to":[6.99977,3.99988,11.00949],"rotation":{"angle":-22.5,"axis":"z","origin":[8,8,8]},"faces":{"north":{"uv":[9.75,4.5,10.25,5.25],"texture":"#main"},"east":{"uv":[9.25,4.5,9.75,5.25],"texture":"#main"},"south":{"uv":[10.75,4.5,11.25,5.25],"texture":"#main"},"west":{"uv":[10.25,4.5,10.75,5.25],"texture":"#main"},"up":{"uv":[10.25,4.5,9.75,4],"rotation":180,"texture":"#main"},"down":{"uv":[10.75,4,10.25,4.5],"rotation":180,"texture":"#main"}}},{"from":[8.00088,-2.0008,7.01018],"to":[12.00088,3.9992,11.01018],"rotation":{"angle":22.5,"axis":"z","origin":[8,8,8]},"faces":{"north":{"uv":[5,4.5,5.5,5.25],"texture":"#main"},"east":{"uv":[4.5,4.5,5,5.25],"texture":"#main"},"south":{"uv":[6,4.5,6.5,5.25],"texture":"#main"},"west":{"uv":[5.5,4.5,6,5.25],"texture":"#main"},"up":{"uv":[5.5,4.5,5,4],"texture":"#main"},"down":{"uv":[6,4,5.5,4.5],"rotation":180,"texture":"#main"}}},{"from":[8.30482,-3.5308,5.01031],"to":[12.30482,-3.4308,7.01031],"rotation":{"angle":22.5,"axis":"z","origin":[4.30448,6.46927,8.01]},"faces":{"up":{"uv":[8.25,9.375,7.75,9.125],"rotation":180,"texture":"#main"},"down":{"uv":[0.75,10.125,0.25,9.875],"rotation":180,"texture":"#main"}}},{"from":[2.69467,-3.53151,5.0093],"to":[6.69467,-3.43151,7.0093],"rotation":{"angle":-22.5,"axis":"z","origin":[11.69552,6.46927,8.01]},"faces":{"up":{"uv":[0.75,10.125,0.25,9.875],"rotation":180,"texture":"#main"},"down":{"uv":[0.75,10.125,0.25,9.875],"rotation":180,"texture":"#main"}}},{"from":[11.6068,10.91731,7.99988],"to":[20.6068,12.91731,9.99988],"rotation":{"angle":-22.5,"axis":"z","origin":[16.606,6.91779,9]},"faces":{"north":{"uv":[6.75,4.25,7.875,4.5],"texture":"#main"},"east":{"uv":[6.5,4.25,6.75,4.5],"rotation":90,"texture":"#main"},"south":{"uv":[8.125,4.25,9.25,4.5],"rotation":270,"texture":"#main"},"west":{"uv":[7.875,4.25,8.125,4.5],"texture":"#main"},"up":{"uv":[7.875,4.25,6.75,4],"texture":"#main"},"down":{"uv":[9,4,7.875,4.25],"texture":"#main"}}},{"from":[2.99929,4.99916,4.99944],"to":[11.99929,17.99916,12.99944],"faces":{"north":{"uv":[1,1,2.125,2.625],"texture":"#main"},"east":{"uv":[0,1,1,2.625],"texture":"#main"},"south":{"uv":[3.125,1,4.25,2.625],"texture":"#main"},"west":{"uv":[2.125,1,3.125,2.625],"texture":"#main"},"up":{"uv":[2.125,1,1,0],"rotation":180,"texture":"#main"},"down":{"uv":[3.25,0,2.125,1],"rotation":180,"texture":"#main"}}},{"from":[12.43043,23.32232,7.50022],"to":[14.43043,29.32232,10.50022],"faces":{"north":{"uv":[3.625,6.75,3.875,7.5],"texture":"#main"},"east":{"uv":[3.25,6.75,3.625,7.5],"texture":"#main"},"south":{"uv":[4.25,6.75,4.5,7.5],"texture":"#main"},"west":{"uv":[3.875,6.75,4.25,7.5],"texture":"#main"},"up":{"uv":[3.875,6.75,3.625,6.375],"texture":"#main"},"down":{"uv":[4.125,6.375,3.875,6.75],"rotation":180,"texture":"#main"}}},{"from":[16.00031,19.00055,8.5009],"to":[17.00031,23.00055,9.5009],"rotation":{"angle":22.5,"axis":"z","origin":[8,8,8]},"faces":{"north":{"uv":[6.125,13.125,6.25,13.625],"texture":"#main"},"east":{"uv":[6,13.125,6.125,13.625],"texture":"#main"},"south":{"uv":[6.375,13.125,6.5,13.625],"texture":"#main"},"west":{"uv":[6.25,13.125,6.375,13.625],"texture":"#main"},"up":{"uv":[6.25,13.125,6.125,13],"texture":"#main"},"down":{"uv":[6.375,13,6.25,13.125],"rotation":180,"texture":"#main"}}},{"from":[19.00011,21.00002,8.50011],"to":[22.00011,22.00002,9.50011],"rotation":{"angle":22.5,"axis":"z","origin":[8,8,8]},"faces":{"north":{"uv":[3.125,12.875,3.5,13],"texture":"#main"},"east":{"uv":[3,12.875,3.125,13],"rotation":270,"texture":"#main"},"south":{"uv":[3.625,12.875,4,13],"rotation":90,"texture":"#main"},"west":{"uv":[3.5,12.875,3.625,13],"rotation":90,"texture":"#main"},"up":{"uv":[3.5,12.875,3.125,12.75],"rotation":90,"texture":"#main"},"down":{"uv":[3.875,12.75,3.5,12.875],"rotation":270,"texture":"#main"}}},{"from":[25.00034,16.99975,8.49943],"to":[28.00034,17.99975,9.49943],"rotation":{"angle":45,"axis":"z","origin":[8,8,8]},"faces":{"north":{"uv":[4.125,12.375,4.5,12.5],"texture":"#main"},"east":{"uv":[4,12.375,4.125,12.5],"rotation":270,"texture":"#main"},"south":{"uv":[4.625,12.375,5,12.5],"rotation":90,"texture":"#main"},"west":{"uv":[4.5,12.375,4.625,12.5],"rotation":90,"texture":"#main"},"up":{"uv":[4.5,12.375,4.125,12.25],"rotation":90,"texture":"#main"},"down":{"uv":[4.875,12.25,4.5,12.375],"rotation":270,"texture":"#main"}}},{"from":[-3.99998,24.00032,8.50093],"to":[-0.99998,25.00032,9.50093],"rotation":{"angle":-45,"axis":"z","origin":[8,8,8]},"faces":{"north":{"uv":[4.125,12.875,4.5,13],"texture":"#main"},"east":{"uv":[4,12.875,4.125,13],"rotation":270,"texture":"#main"},"south":{"uv":[4.625,12.875,5,13],"rotation":90,"texture":"#main"},"west":{"uv":[4.5,12.875,4.625,13],"rotation":90,"texture":"#main"},"up":{"uv":[4.5,12.875,4.125,12.75],"rotation":90,"texture":"#main"},"down":{"uv":[4.875,12.75,4.5,12.875],"rotation":270,"texture":"#main"}}},{"from":[5.99906,18.99918,7.50099],"to":[8.99906,24.99918,10.50099],"rotation":{"angle":22.5,"axis":"z","origin":[7,8,8]},"faces":{"north":{"uv":[3.125,5.625,3.5,6.375],"texture":"#main"},"east":{"uv":[2.75,5.625,3.125,6.375],"texture":"#main"},"south":{"uv":[3.875,5.625,4.25,6.375],"texture":"#main"},"west":{"uv":[3.5,5.625,3.875,6.375],"texture":"#main"},"up":{"uv":[3.5,5.625,3.125,5.25],"texture":"#main"},"down":{"uv":[3.875,5.25,3.5,5.625],"rotation":180,"texture":"#main"}}},{"from":[-6.00086,16.99923,8.49922],"to":[-2.00086,17.99923,9.49922],"rotation":{"angle":-22.5,"axis":"z","origin":[7,8,8]},"faces":{"north":{"uv":[1.125,11.25,1.625,11.375],"texture":"#main"},"east":{"uv":[1,11.25,1.125,11.375],"rotation":90,"texture":"#main"},"south":{"uv":[1.75,11.25,2.25,11.375],"rotation":90,"texture":"#main"},"west":{"uv":[1.625,11.25,1.75,11.375],"rotation":270,"texture":"#main"},"up":{"uv":[1.625,11.25,1.125,11.125],"rotation":90,"texture":"#main"},"down":{"uv":[2.125,11.125,1.625,11.25],"rotation":270,"texture":"#main"}}},{"from":[-1.99914,18.99916,8.4992],"to":[-0.99914,22.99916,9.4992],"rotation":{"angle":-22.5,"axis":"z","origin":[7,8,8]},"faces":{"north":{"uv":[5.625,13.125,5.75,13.625],"texture":"#main"},"east":{"uv":[5.5,13.125,5.625,13.625],"texture":"#main"},"south":{"uv":[5.875,13.125,6,13.625],"texture":"#main"},"west":{"uv":[5.75,13.125,5.875,13.625],"texture":"#main"},"up":{"uv":[5.75,13.125,5.625,13],"texture":"#main"},"down":{"uv":[5.875,13,5.75,13.125],"rotation":180,"texture":"#main"}}},{"from":[0.57134,23.32379,7.50062],"to":[2.57134,29.32379,10.50062],"faces":{"north":{"uv":[2.375,6.75,2.625,7.5],"texture":"#main"},"east":{"uv":[2,6.75,2.375,7.5],"texture":"#main"},"south":{"uv":[3,6.75,3.25,7.5],"texture":"#main"},"west":{"uv":[2.625,6.75,3,7.5],"texture":"#main"},"up":{"uv":[2.625,6.75,2.375,6.375],"texture":"#main"},"down":{"uv":[2.875,6.375,2.625,6.75],"rotation":180,"texture":"#main"}}},{"from":[-13.00039,17.00003,8.50094],"to":[-10.00039,18.00003,9.50094],"rotation":{"angle":-45,"axis":"z","origin":[7,8,8]},"faces":{"north":{"uv":[4.125,12.625,4.5,12.75],"texture":"#main"},"east":{"uv":[4,12.625,4.125,12.75],"rotation":90,"texture":"#main"},"south":{"uv":[4.625,12.625,5,12.75],"rotation":90,"texture":"#main"},"west":{"uv":[4.5,12.625,4.625,12.75],"rotation":270,"texture":"#main"},"up":{"uv":[4.5,12.625,4.125,12.5],"rotation":90,"texture":"#main"},"down":{"uv":[4.875,12.5,4.5,12.625],"rotation":270,"texture":"#main"}}},{"from":[-6.99926,21.00039,8.49969],"to":[-3.99926,22.00039,9.49969],"rotation":{"angle":-22.5,"axis":"z","origin":[7,8,8]},"faces":{"north":{"uv":[3.125,12.375,3.5,12.5],"texture":"#main"},"east":{"uv":[3,12.375,3.125,12.5],"rotation":90,"texture":"#main"},"south":{"uv":[3.625,12.375,4,12.5],"rotation":90,"texture":"#main"},"west":{"uv":[3.5,12.375,3.625,12.5],"rotation":270,"texture":"#main"},"up":{"uv":[3.5,12.375,3.125,12.25],"rotation":90,"texture":"#main"},"down":{"uv":[3.875,12.25,3.5,12.375],"rotation":270,"texture":"#main"}}},{"from":[15.99916,23.99957,8.49919],"to":[18.99916,24.99957,9.49919],"rotation":{"angle":45,"axis":"z","origin":[7,8,8]},"faces":{"north":{"uv":[3.125,12.625,3.5,12.75],"rotation":270,"texture":"#main"},"east":{"uv":[3,12.625,3.125,12.75],"rotation":90,"texture":"#main"},"south":{"uv":[3.625,12.625,4,12.75],"rotation":90,"texture":"#main"},"west":{"uv":[3.5,12.625,3.625,12.75],"rotation":270,"texture":"#main"},"up":{"uv":[3.5,12.625,3.125,12.5],"rotation":90,"texture":"#main"},"down":{"uv":[3.875,12.5,3.5,12.625],"rotation":270,"texture":"#main"}}},{"from":[12.99994,27.99972,8.50005],"to":[13.99994,30.99972,9.50005],"faces":{"north":{"uv":[5.875,14.5,6,14.875],"texture":"#main"},"east":{"uv":[5.75,14.5,5.875,14.875],"rotation":180,"texture":"#main"},"south":{"uv":[6.125,14.5,6.25,14.875],"texture":"#main"},"west":{"uv":[6,14.5,6.125,14.875],"rotation":180,"texture":"#main"},"up":{"uv":[6,14.5,5.875,14.375],"rotation":180,"texture":"#main"},"down":{"uv":[6.125,14.375,6,14.5],"texture":"#main"}}},{"from":[0.99959,28.00047,8.50069],"to":[1.99959,31.00047,9.50069],"faces":{"north":{"uv":[6.375,14.5,6.5,14.875],"texture":"#main"},"east":{"uv":[6.25,14.5,6.375,14.875],"rotation":180,"texture":"#main"},"south":{"uv":[6.625,14.5,6.75,14.875],"texture":"#main"},"west":{"uv":[6.5,14.5,6.625,14.875],"rotation":180,"texture":"#main"},"up":{"uv":[6.5,14.5,6.375,14.375],"rotation":180,"texture":"#main"},"down":{"uv":[6.625,14.375,6.5,14.5],"texture":"#main"}}},{"from":[12.6064,15.91709,8.00002],"to":[17.6064,17.91709,10.00002],"rotation":{"angle":-22.5,"axis":"z","origin":[16.606,6.91779,9]},"faces":{"north":{"uv":[4.75,6.625,5.375,6.875],"texture":"#main"},"east":{"uv":[4.5,6.625,4.75,6.875],"rotation":90,"texture":"#main"},"south":{"uv":[5.625,6.625,6.25,6.875],"rotation":270,"texture":"#main"},"west":{"uv":[5.375,6.625,5.625,6.875],"texture":"#main"},"up":{"uv":[5.375,6.625,4.75,6.375],"rotation":270,"texture":"#main"},"down":{"uv":[6,6.375,5.375,6.625],"rotation":270,"texture":"#main"}}},{"from":[15.88815,9.31897,8.99919],"to":[19.88815,13.31897,9.99919],"rotation":{"angle":22.5,"axis":"z","origin":[9.88748,13.31929,8]},"faces":{"north":{"uv":[5.125,9.25,5.625,9.75],"texture":"#main"},"east":{"uv":[5,9.25,5.125,9.75],"rotation":180,"texture":"#main"},"south":{"uv":[5.75,9.25,6.25,9.75],"texture":"#main"},"west":{"uv":[5.625,9.25,5.75,9.75],"rotation":180,"texture":"#main"},"up":{"uv":[5.625,9.25,5.125,9.125],"rotation":90,"texture":"#main"},"down":{"uv":[6.125,9.125,5.625,9.25],"texture":"#main"}}},{"from":[15.88766,8.31918,9.00063],"to":[19.88766,9.31918,10.00062],"rotation":{"angle":22.5,"axis":"z","origin":[9.88748,13.31929,8]},"faces":{"north":{"uv":[1.125,11.75,1.625,11.875],"texture":"#main"},"east":{"uv":[1,11.75,1.125,11.875],"rotation":180,"texture":"#main"},"south":{"uv":[1.75,11.75,2.25,11.875],"texture":"#main"},"west":{"uv":[1.625,11.75,1.75,11.875],"rotation":180,"texture":"#main"},"up":{"uv":[1.625,11.75,1.125,11.625],"rotation":90,"texture":"#main"},"down":{"uv":[2.125,11.625,1.625,11.75],"texture":"#main"}}},{"from":[13.88662,10.31944,9.00056],"to":[15.88662,13.31944,10.00056],"rotation":{"angle":22.5,"axis":"z","origin":[9.88748,13.31929,8]},"faces":{"north":{"uv":[1.875,12.375,2.125,12.75],"texture":"#main"},"east":{"uv":[1.75,12.375,1.875,12.75],"rotation":180,"texture":"#main"},"south":{"uv":[2.25,12.375,2.5,12.75],"texture":"#main"},"west":{"uv":[2.125,12.375,2.25,12.75],"rotation":180,"texture":"#main"},"up":{"uv":[2.125,12.375,1.875,12.25],"rotation":90,"texture":"#main"},"down":{"uv":[2.375,12.25,2.125,12.375],"texture":"#main"}}},{"from":[17.88849,6.31947,8.99943],"to":[19.88849,8.31947,9.99943],"rotation":{"angle":22.5,"axis":"z","origin":[9.88748,13.31929,8]},"faces":{"north":{"uv":[3.875,13.125,4.125,13.375],"texture":"#main"},"east":{"uv":[3.75,13.125,3.875,13.375],"rotation":180,"texture":"#main"},"south":{"uv":[4.25,13.125,4.5,13.375],"texture":"#main"},"west":{"uv":[4.125,13.125,4.25,13.375],"rotation":180,"texture":"#main"},"up":{"uv":[4.125,13.125,3.875,13],"rotation":90,"texture":"#main"},"down":{"uv":[4.375,13,4.125,13.125],"texture":"#main"}}},{"from":[20.60626,10.50033,7.50078],"to":[22.60626,13.50033,10.50078],"rotation":{"angle":-22.5,"axis":"z","origin":[16.606,6.91779,9]},"faces":{"north":{"uv":[4.125,9.5,4.375,9.875],"rotation":90,"texture":"#main"},"east":{"uv":[3.75,9.5,4.125,9.875],"rotation":90,"texture":"#main"},"south":{"uv":[4.75,9.5,5,9.875],"rotation":270,"texture":"#main"},"west":{"uv":[4.375,9.5,4.75,9.875],"texture":"#main"},"up":{"uv":[4.375,9.5,4.125,9.125],"rotation":270,"texture":"#main"},"down":{"uv":[4.625,9.125,4.375,9.5],"rotation":270,"texture":"#main"}}},{"from":[0.00099,12.00018,7.50036],"to":[2.00099,15.00018,10.50036],"faces":{"north":{"uv":[2.875,9.5,3.125,9.875],"texture":"#main"},"east":{"uv":[2.5,9.5,2.875,9.875],"texture":"#main"},"south":{"uv":[3.5,9.5,3.75,9.875],"texture":"#main"},"west":{"uv":[3.125,9.5,3.5,9.875],"texture":"#main"},"up":{"uv":[3.125,9.5,2.875,9.125],"texture":"#main"},"down":{"uv":[3.375,9.125,3.125,9.5],"texture":"#main"}}},{"from":[-5.60633,10.91864,8.00081],"to":[3.39367,12.91864,10.00081],"rotation":{"angle":22.5,"axis":"z","origin":[-1.606,6.91779,9]},"faces":{"north":{"uv":[0.25,5.5,1.375,5.75],"texture":"#main"},"east":{"uv":[0,5.5,0.25,5.75],"texture":"#main"},"south":{"uv":[1.625,5.5,2.75,5.75],"rotation":270,"texture":"#main"},"west":{"uv":[1.375,5.5,1.625,5.75],"rotation":90,"texture":"#main"},"up":{"uv":[1.375,5.5,0.25,5.25],"texture":"#main"},"down":{"uv":[2.5,5.25,1.375,5.5],"texture":"#main"}}},{"from":[-7.60693,10.50043,7.49986],"to":[-5.60693,13.50043,10.49986],"rotation":{"angle":22.5,"axis":"z","origin":[-1.606,6.91779,9]},"faces":{"north":{"uv":[1.625,9.5,1.875,9.875],"rotation":90,"texture":"#main"},"east":{"uv":[1.25,9.5,1.625,9.875],"texture":"#main"},"south":{"uv":[2.25,9.5,2.5,9.875],"rotation":270,"texture":"#main"},"west":{"uv":[1.875,9.5,2.25,9.875],"rotation":90,"texture":"#main"},"up":{"uv":[1.875,9.5,1.625,9.125],"rotation":270,"texture":"#main"},"down":{"uv":[2.125,9.125,1.875,9.5],"rotation":270,"texture":"#main"}}},{"from":[-2.60585,15.91874,7.99998],"to":[2.39415,17.91874,9.99998],"rotation":{"angle":22.5,"axis":"z","origin":[-1.606,6.91779,9]},"faces":{"north":{"uv":[4.75,7.125,5.375,7.375],"texture":"#main"},"east":{"uv":[4.5,7.125,4.75,7.375],"texture":"#main"},"south":{"uv":[5.625,7.125,6.25,7.375],"rotation":270,"texture":"#main"},"west":{"uv":[5.375,7.125,5.625,7.375],"rotation":90,"texture":"#main"},"up":{"uv":[5.375,7.125,4.75,6.875],"rotation":270,"texture":"#main"},"down":{"uv":[6,6.875,5.375,7.125],"rotation":270,"texture":"#main"}}},{"from":[-4.8869,9.31949,9.00009],"to":[-0.8869,13.31949,10.00009],"rotation":{"angle":-22.5,"axis":"z","origin":[5.11252,13.31929,8]},"faces":{"north":{"uv":[6.375,9.25,6.875,9.75],"texture":"#main"},"east":{"uv":[6.25,9.25,6.375,9.75],"rotation":180,"texture":"#main"},"south":{"uv":[7,9.25,7.5,9.75],"texture":"#main"},"west":{"uv":[6.875,9.25,7,9.75],"rotation":180,"texture":"#main"},"up":{"uv":[6.875,9.25,6.375,9.125],"rotation":90,"texture":"#main"},"down":{"uv":[7.375,9.125,6.875,9.25],"texture":"#main"}}},{"from":[-0.88743,10.31843,9.00056],"to":[1.11257,13.31843,10.00056],"rotation":{"angle":-22.5,"axis":"z","origin":[5.11252,13.31929,8]},"faces":{"north":{"uv":[0.625,12.375,0.875,12.75],"texture":"#main"},"east":{"uv":[0.5,12.375,0.625,12.75],"rotation":180,"texture":"#main"},"south":{"uv":[1,12.375,1.25,12.75],"texture":"#main"},"west":{"uv":[0.875,12.375,1,12.75],"rotation":180,"texture":"#main"},"up":{"uv":[0.875,12.375,0.625,12.25],"rotation":90,"texture":"#main"},"down":{"uv":[1.125,12.25,0.875,12.375],"texture":"#main"}}},{"from":[-4.88813,8.31987,8.99998],"to":[-0.88813,9.31987,9.99998],"rotation":{"angle":-22.5,"axis":"z","origin":[5.11252,13.31929,8]},"faces":{"north":{"uv":[1.125,11.5,1.625,11.625],"texture":"#main"},"east":{"uv":[1,11.5,1.125,11.625],"rotation":180,"texture":"#main"},"south":{"uv":[1.75,11.5,2.25,11.625],"texture":"#main"},"west":{"uv":[1.625,11.5,1.75,11.625],"rotation":180,"texture":"#main"},"up":{"uv":[1.625,11.5,1.125,11.375],"rotation":90,"texture":"#main"},"down":{"uv":[2.125,11.375,1.625,11.5],"texture":"#main"}}},{"from":[-4.88713,6.31841,9.0009],"to":[-2.88713,8.31841,10.0009],"rotation":{"angle":-22.5,"axis":"z","origin":[5.11252,13.31929,8]},"faces":{"north":{"uv":[2.125,13.125,2.375,13.375],"texture":"#main"},"east":{"uv":[2,13.125,2.125,13.375],"rotation":180,"texture":"#main"},"south":{"uv":[2.5,13.125,2.75,13.375],"texture":"#main"},"west":{"uv":[2.375,13.125,2.5,13.375],"rotation":180,"texture":"#main"},"up":{"uv":[2.375,13.125,2.125,13],"rotation":90,"texture":"#main"},"down":{"uv":[2.625,13,2.375,13.125],"texture":"#main"}}},{"from":[22.6069,12.49941,8.49946],"to":[23.6069,13.49941,9.49946],"rotation":{"angle":-22.5,"axis":"z","origin":[16.606,6.91779,9]},"faces":{"north":{"uv":[3.625,15.125,3.75,15.25],"rotation":90,"texture":"#main"},"east":{"uv":[3.5,15.125,3.625,15.25],"rotation":90,"texture":"#main"},"south":{"uv":[3.875,15.125,4,15.25],"rotation":270,"texture":"#main"},"west":{"uv":[3.75,15.125,3.875,15.25],"texture":"#main"},"up":{"uv":[3.75,15.125,3.625,15],"rotation":270,"texture":"#main"},"down":{"uv":[3.875,15,3.75,15.125],"rotation":270,"texture":"#main"}}},{"from":[22.60601,10.49942,9.50094],"to":[23.60601,11.49942,10.50094],"rotation":{"angle":-22.5,"axis":"z","origin":[16.606,6.91779,9]},"faces":{"north":{"uv":[3.125,15.125,3.25,15.25],"rotation":90,"texture":"#main"},"east":{"uv":[3,15.125,3.125,15.25],"rotation":90,"texture":"#main"},"south":{"uv":[3.375,15.125,3.5,15.25],"rotation":270,"texture":"#main"},"west":{"uv":[3.25,15.125,3.375,15.25],"texture":"#main"},"up":{"uv":[3.25,15.125,3.125,15],"rotation":270,"texture":"#main"},"down":{"uv":[3.375,15,3.25,15.125],"rotation":270,"texture":"#main"}}},{"from":[22.60674,10.50046,7.49961],"to":[23.60674,11.50046,8.49961],"rotation":{"angle":-22.5,"axis":"z","origin":[16.606,6.91779,9]},"faces":{"north":{"uv":[2.625,15.375,2.75,15.5],"rotation":90,"texture":"#main"},"east":{"uv":[2.5,15.375,2.625,15.5],"rotation":90,"texture":"#main"},"south":{"uv":[2.875,15.375,3,15.5],"rotation":270,"texture":"#main"},"west":{"uv":[2.75,15.375,2.875,15.5],"texture":"#main"},"up":{"uv":[2.75,15.375,2.625,15.25],"rotation":270,"texture":"#main"},"down":{"uv":[2.875,15.25,2.75,15.375],"rotation":270,"texture":"#main"}}},{"from":[-8.60669,10.50054,9.49916],"to":[-7.60669,11.50054,10.49916],"rotation":{"angle":22.5,"axis":"z","origin":[-1.606,6.91779,9]},"faces":{"north":{"uv":[2.125,15.375,2.25,15.5],"rotation":90,"texture":"#main"},"east":{"uv":[2,15.375,2.125,15.5],"texture":"#main"},"south":{"uv":[2.375,15.375,2.5,15.5],"rotation":270,"texture":"#main"},"west":{"uv":[2.25,15.375,2.375,15.5],"rotation":90,"texture":"#main"},"up":{"uv":[2.25,15.375,2.125,15.25],"rotation":270,"texture":"#main"},"down":{"uv":[2.375,15.25,2.25,15.375],"rotation":270,"texture":"#main"}}},{"from":[-8.60692,10.49984,7.49958],"to":[-7.60692,11.49984,8.49958],"rotation":{"angle":22.5,"axis":"z","origin":[-1.606,6.91779,9]},"faces":{"north":{"uv":[1.625,15.125,1.75,15.25],"rotation":90,"texture":"#main"},"east":{"uv":[1.5,15.125,1.625,15.25],"texture":"#main"},"south":{"uv":[1.875,15.125,2,15.25],"rotation":270,"texture":"#main"},"west":{"uv":[1.75,15.125,1.875,15.25],"rotation":90,"texture":"#main"},"up":{"uv":[1.75,15.125,1.625,15],"rotation":270,"texture":"#main"},"down":{"uv":[1.875,15,1.75,15.125],"rotation":270,"texture":"#main"}}},{"from":[-8.6057,12.50025,8.49933],"to":[-7.6057,13.50025,9.49933],"rotation":{"angle":22.5,"axis":"z","origin":[-1.606,6.91779,9]},"faces":{"north":{"uv":[3.125,15.375,3.25,15.5],"rotation":90,"texture":"#main"},"east":{"uv":[3,15.375,3.125,15.5],"texture":"#main"},"south":{"uv":[3.375,15.375,3.5,15.5],"rotation":270,"texture":"#main"},"west":{"uv":[3.25,15.375,3.375,15.5],"rotation":90,"texture":"#main"},"up":{"uv":[3.25,15.375,3.125,15.25],"rotation":270,"texture":"#main"},"down":{"uv":[3.375,15.25,3.25,15.375],"rotation":270,"texture":"#main"}}},{"from":[0.0097,17.0462,9.2009],"to":[1.0097,29.0462,10.2009],"rotation":{"angle":22.5,"axis":"x","origin":[12,11.04684,12.20033]},"faces":{"north":{"uv":[5.125,7.625,5.25,9.125],"texture":"#main"},"east":{"uv":[5,7.625,5.125,9.125],"rotation":90,"texture":"#main"},"south":{"uv":[5.375,7.625,5.5,9.125],"rotation":180,"texture":"#main"},"west":{"uv":[5.25,7.625,5.375,9.125],"rotation":270,"texture":"#main"},"up":{"uv":[5.25,7.625,5.125,7.5],"texture":"#main"},"down":{"uv":[5.375,7.5,5.25,7.625],"rotation":180,"texture":"#main"}}},{"from":[-2.99032,18.04588,9.19963],"to":[-1.99032,27.04588,10.19963],"rotation":{"angle":22.5,"axis":"x","origin":[12,11.04684,12.20033]},"faces":{"north":{"uv":[2.125,10,2.25,11.125],"texture":"#main"},"east":{"uv":[2,10,2.125,11.125],"rotation":90,"texture":"#main"},"south":{"uv":[2.375,10,2.5,11.125],"rotation":180,"texture":"#main"},"west":{"uv":[2.25,10,2.375,11.125],"rotation":270,"texture":"#main"},"up":{"uv":[2.25,10,2.125,9.875],"texture":"#main"},"down":{"uv":[2.375,9.875,2.25,10],"rotation":180,"texture":"#main"}}},{"from":[-13.99003,12.0466,11.19982],"to":[3.00997,13.0466,12.19982],"rotation":{"angle":-22.5,"axis":"z","origin":[12,11.04684,12.20033]},"faces":{"north":{"uv":[9.125,2.75,11.25,2.875],"texture":"#main"},"east":{"uv":[9,2.75,9.125,2.875],"rotation":90,"texture":"#main"},"south":{"uv":[11.375,2.75,13.5,2.875],"rotation":180,"texture":"#main"},"west":{"uv":[11.25,2.75,11.375,2.875],"rotation":270,"texture":"#main"},"up":{"uv":[11.25,2.75,9.125,2.625],"texture":"#main"},"down":{"uv":[13.375,2.625,11.25,2.75],"rotation":180,"texture":"#main"}}},{"from":[-13.99003,2.04734,11.19992],"to":[3.00997,12.04734,11.29992],"rotation":{"angle":-22.5,"axis":"z","origin":[12,11.04684,12.20033]},"faces":{"north":{"uv":[4.5,2.625,6.625,3.875],"texture":"#main"},"south":{"uv":[2.125,2.625,4.25,3.875],"texture":"#main"}}},{"from":[-3.00906,24.04756,8.20021],"to":[1.99094,25.04756,11.20021],"rotation":{"angle":22.5,"axis":"x","origin":[5,11.04684,14.20033]},"faces":{"north":{"uv":[6.125,6.125,6.75,6.25],"texture":"#main"},"east":{"uv":[5.75,6.125,6.125,6.25],"rotation":270,"texture":"#main"},"south":{"uv":[7.125,6.125,7.75,6.25],"rotation":180,"texture":"#main"},"west":{"uv":[6.75,6.125,7.125,6.25],"rotation":90,"texture":"#main"},"up":{"uv":[6.75,6.125,6.125,5.75],"texture":"#main"},"down":{"uv":[7.375,5.75,6.75,6.125],"rotation":180,"texture":"#main"}}},{"from":[-2.99947,15.99986,17.99992],"to":[2.00053,19.99986,18.99992],"rotation":{"angle":-22.5,"axis":"x","origin":[5,17,5]},"faces":{"north":{"uv":[6.375,6.5,7,7],"texture":"#main"},"east":{"uv":[6.25,6.5,6.375,7],"texture":"#main"},"south":{"uv":[7.125,6.5,7.75,7],"texture":"#main"},"west":{"uv":[7,6.5,7.125,7],"texture":"#main"},"up":{"uv":[7,6.5,6.375,6.375],"rotation":180,"texture":"#main"},"down":{"uv":[7.625,6.375,7,6.5],"rotation":180,"texture":"#main"}}},{"from":[-3.01019,17.43362,17.31669],"to":[1.98981,21.43362,18.31669],"faces":{"north":{"uv":[3.625,7.625,4.25,8.125],"texture":"#main"},"east":{"uv":[3.5,7.625,3.625,8.125],"texture":"#main"},"south":{"uv":[4.375,7.625,5,8.125],"texture":"#main"},"west":{"uv":[4.25,7.625,4.375,8.125],"texture":"#main"},"up":{"uv":[4.25,7.625,3.625,7.5],"rotation":180,"texture":"#main"},"down":{"uv":[4.875,7.5,4.25,7.625],"rotation":180,"texture":"#main"}}},{"from":[-4.0099,17.43442,16.31604],"to":[-3.0099,21.43442,17.31604],"faces":{"north":{"uv":[5.125,13.125,5.25,13.625],"texture":"#main"},"east":{"uv":[5,13.125,5.125,13.625],"texture":"#main"},"south":{"uv":[5.375,13.125,5.5,13.625],"texture":"#main"},"west":{"uv":[5.25,13.125,5.375,13.625],"texture":"#main"},"up":{"uv":[5.25,13.125,5.125,13],"rotation":180,"texture":"#main"},"down":{"uv":[5.375,13,5.25,13.125],"rotation":180,"texture":"#main"}}},{"from":[-4.00012,16.00086,17.0005],"to":[-3.00012,20.00086,18.0005],"rotation":{"angle":-22.5,"axis":"x","origin":[0,17,4]},"faces":{"north":{"uv":[1.625,13.125,1.75,13.625],"texture":"#main"},"east":{"uv":[1.5,13.125,1.625,13.625],"texture":"#main"},"south":{"uv":[1.875,13.125,2,13.625],"texture":"#main"},"west":{"uv":[1.75,13.125,1.875,13.625],"texture":"#main"},"up":{"uv":[1.75,13.125,1.625,13],"rotation":180,"texture":"#main"},"down":{"uv":[1.875,13,1.75,13.125],"rotation":180,"texture":"#main"}}},{"from":[-4.00923,24.04662,8.19943],"to":[-3.00923,25.04662,10.19943],"rotation":{"angle":22.5,"axis":"x","origin":[0,11.04684,13.20033]},"faces":{"north":{"uv":[1.25,14.625,1.375,14.75],"texture":"#main"},"east":{"uv":[1,14.625,1.25,14.75],"rotation":270,"texture":"#main"},"south":{"uv":[1.625,14.625,1.75,14.75],"rotation":180,"texture":"#main"},"west":{"uv":[1.375,14.625,1.625,14.75],"rotation":90,"texture":"#main"},"up":{"uv":[1.375,14.625,1.25,14.375],"texture":"#main"},"down":{"uv":[1.5,14.375,1.375,14.625],"rotation":180,"texture":"#main"}}},{"from":[-5.01069,24.04622,8.20016],"to":[-4.01069,25.04622,9.20016],"rotation":{"angle":22.5,"axis":"x","origin":[-1,11.04684,12.20033]},"faces":{"north":{"uv":[3.625,15.375,3.75,15.5],"texture":"#main"},"east":{"uv":[3.5,15.375,3.625,15.5],"rotation":270,"texture":"#main"},"south":{"uv":[3.875,15.375,4,15.5],"rotation":180,"texture":"#main"},"west":{"uv":[3.75,15.375,3.875,15.5],"rotation":90,"texture":"#main"},"up":{"uv":[3.75,15.375,3.625,15.25],"texture":"#main"},"down":{"uv":[3.875,15.25,3.75,15.375],"rotation":180,"texture":"#main"}}},{"from":[-4.99925,16.00045,16.00024],"to":[-3.99925,20.00045,17.00024],"rotation":{"angle":-22.5,"axis":"x","origin":[-1,17,3]},"faces":{"north":{"uv":[2.875,13.125,3,13.625],"texture":"#main"},"east":{"uv":[2.75,13.125,2.875,13.625],"texture":"#main"},"south":{"uv":[3.125,13.125,3.25,13.625],"texture":"#main"},"west":{"uv":[3,13.125,3.125,13.625],"texture":"#main"},"up":{"uv":[3,13.125,2.875,13],"rotation":180,"texture":"#main"},"down":{"uv":[3.125,13,3,13.125],"rotation":180,"texture":"#main"}}},{"from":[-5.0095,17.43387,15.31624],"to":[-4.0095,21.43387,16.31624],"faces":{"north":{"uv":[3.375,13.125,3.5,13.625],"texture":"#main"},"east":{"uv":[3.25,13.125,3.375,13.625],"texture":"#main"},"south":{"uv":[3.625,13.125,3.75,13.625],"texture":"#main"},"west":{"uv":[3.5,13.125,3.625,13.625],"texture":"#main"},"up":{"uv":[3.5,13.125,3.375,13],"rotation":180,"texture":"#main"},"down":{"uv":[3.625,13,3.5,13.125],"rotation":180,"texture":"#main"}}},{"from":[-6.01039,17.04729,14.19988],"to":[-5.01039,22.04729,15.19988],"faces":{"north":{"uv":[0.125,12.375,0.25,13],"texture":"#main"},"east":{"uv":[0,12.375,0.125,13],"rotation":270,"texture":"#main"},"south":{"uv":[0.375,12.375,0.5,13],"rotation":180,"texture":"#main"},"west":{"uv":[0.25,12.375,0.375,13],"rotation":90,"texture":"#main"},"up":{"uv":[0.25,12.375,0.125,12.25],"texture":"#main"},"down":{"uv":[0.375,12.25,0.25,12.375],"rotation":180,"texture":"#main"}}},{"from":[-5.99973,16.0003,14.99931],"to":[-4.99973,19.0003,15.99931],"rotation":{"angle":-22.5,"axis":"x","origin":[-1,17,3]},"faces":{"north":{"uv":[0.125,15.125,0.25,15.5],"texture":"#main"},"east":{"uv":[0,15.125,0.125,15.5],"texture":"#main"},"south":{"uv":[0.375,15.125,0.5,15.5],"texture":"#main"},"west":{"uv":[0.25,15.125,0.375,15.5],"texture":"#main"},"up":{"uv":[0.25,15.125,0.125,15],"rotation":180,"texture":"#main"},"down":{"uv":[0.375,15,0.25,15.125],"rotation":180,"texture":"#main"}}},{"from":[-6.00905,17.04739,13.20106],"to":[-5.00905,25.04739,14.20106],"faces":{"north":{"uv":[3.875,10,4,11],"texture":"#main"},"east":{"uv":[3.75,10,3.875,11],"rotation":270,"texture":"#main"},"south":{"uv":[4.125,10,4.25,11],"rotation":180,"texture":"#main"},"west":{"uv":[4,10,4.125,11],"rotation":90,"texture":"#main"},"up":{"uv":[4,10,3.875,9.875],"texture":"#main"},"down":{"uv":[4.125,9.875,4,10],"rotation":180,"texture":"#main"}}},{"from":[1.00988,16.43303,16.31739],"to":[3.00988,20.43303,17.31739],"faces":{"north":{"uv":[4.625,11.25,4.875,11.75],"texture":"#main"},"east":{"uv":[4.5,11.25,4.625,11.75],"texture":"#main"},"south":{"uv":[5,11.25,5.25,11.75],"texture":"#main"},"west":{"uv":[4.875,11.25,5,11.75],"texture":"#main"},"up":{"uv":[4.875,11.25,4.625,11.125],"rotation":180,"texture":"#main"},"down":{"uv":[5.125,11.125,4.875,11.25],"rotation":180,"texture":"#main"}}},{"from":[1.00091,15.00016,17.0005],"to":[3.00091,19.00016,18.0005],"rotation":{"angle":-22.5,"axis":"x","origin":[-5,16,4]},"faces":{"north":{"uv":[3.875,11.25,4.125,11.75],"texture":"#main"},"east":{"uv":[3.75,11.25,3.875,11.75],"texture":"#main"},"south":{"uv":[4.25,11.25,4.5,11.75],"texture":"#main"},"west":{"uv":[4.125,11.25,4.25,11.75],"texture":"#main"},"up":{"uv":[4.125,11.25,3.875,11.125],"rotation":180,"texture":"#main"},"down":{"uv":[4.375,11.125,4.125,11.25],"rotation":180,"texture":"#main"}}},{"from":[1.00982,23.04747,7.20068],"to":[3.00982,24.04747,10.20068],"rotation":{"angle":22.5,"axis":"x","origin":[-5,10.04684,13.20033]},"faces":{"north":{"uv":[2.875,10.75,3.125,10.875],"texture":"#main"},"east":{"uv":[2.5,10.75,2.875,10.875],"rotation":90,"texture":"#main"},"south":{"uv":[3.5,10.75,3.75,10.875],"rotation":180,"texture":"#main"},"west":{"uv":[3.125,10.75,3.5,10.875],"rotation":270,"texture":"#main"},"up":{"uv":[3.125,10.75,2.875,10.375],"texture":"#main"},"down":{"uv":[3.375,10.375,3.125,10.75],"rotation":180,"texture":"#main"}}},{"from":[3.00936,23.04591,7.20105],"to":[4.00936,24.04591,9.20105],"rotation":{"angle":22.5,"axis":"x","origin":[0,10.04684,12.20033]},"faces":{"north":{"uv":[0.75,14,0.875,14.125],"texture":"#main"},"east":{"uv":[0.5,14,0.75,14.125],"rotation":90,"texture":"#main"},"south":{"uv":[1.125,14,1.25,14.125],"rotation":180,"texture":"#main"},"west":{"uv":[0.875,14,1.125,14.125],"rotation":270,"texture":"#main"},"up":{"uv":[0.875,14,0.75,13.75],"texture":"#main"},"down":{"uv":[1,13.75,0.875,14],"rotation":180,"texture":"#main"}}},{"from":[2.99997,14.99941,15.99995],"to":[3.99997,18.99941,16.99995],"rotation":{"angle":-22.5,"axis":"x","origin":[0,16,3]},"faces":{"north":{"uv":[1.375,13.875,1.5,14.375],"texture":"#main"},"east":{"uv":[1.25,13.875,1.375,14.375],"texture":"#main"},"south":{"uv":[1.625,13.875,1.75,14.375],"texture":"#main"},"west":{"uv":[1.5,13.875,1.625,14.375],"texture":"#main"},"up":{"uv":[1.5,13.875,1.375,13.75],"rotation":180,"texture":"#main"},"down":{"uv":[1.625,13.75,1.5,13.875],"rotation":180,"texture":"#main"}}},{"from":[3.0092,16.43437,15.31727],"to":[4.0092,20.43437,16.31727],"faces":{"north":{"uv":[1.875,13.875,2,14.375],"texture":"#main"},"east":{"uv":[1.75,13.875,1.875,14.375],"texture":"#main"},"south":{"uv":[2.125,13.875,2.25,14.375],"texture":"#main"},"west":{"uv":[2,13.875,2.125,14.375],"texture":"#main"},"up":{"uv":[2,13.875,1.875,13.75],"rotation":180,"texture":"#main"},"down":{"uv":[2.125,13.75,2,13.875],"rotation":180,"texture":"#main"}}},{"from":[4.00989,16.4339,14.3179],"to":[5.00989,20.4339,15.3179],"faces":{"north":{"uv":[2.375,13.875,2.5,14.375],"texture":"#main"},"east":{"uv":[2.25,13.875,2.375,14.375],"texture":"#main"},"south":{"uv":[2.625,13.875,2.75,14.375],"texture":"#main"},"west":{"uv":[2.5,13.875,2.625,14.375],"texture":"#main"},"up":{"uv":[2.5,13.875,2.375,13.75],"rotation":180,"texture":"#main"},"down":{"uv":[2.625,13.75,2.5,13.875],"rotation":180,"texture":"#main"}}},{"from":[4.00095,14.99996,15.00008],"to":[5.00095,18.99997,16.00008],"rotation":{"angle":-22.5,"axis":"x","origin":[1,16,2]},"faces":{"north":{"uv":[2.875,13.875,3,14.375],"texture":"#main"},"east":{"uv":[2.75,13.875,2.875,14.375],"texture":"#main"},"south":{"uv":[3.125,13.875,3.25,14.375],"texture":"#main"},"west":{"uv":[3,13.875,3.125,14.375],"texture":"#main"},"up":{"uv":[3,13.875,2.875,13.75],"rotation":180,"texture":"#main"},"down":{"uv":[3.125,13.75,3,13.875],"rotation":180,"texture":"#main"}}},{"from":[4.00947,23.04689,7.20062],"to":[5.00947,24.04689,8.20062],"rotation":{"angle":22.5,"axis":"x","origin":[1,10.04684,11.20033]},"faces":{"north":{"uv":[2.125,15.125,2.25,15.25],"texture":"#main"},"east":{"uv":[2,15.125,2.125,15.25],"rotation":90,"texture":"#main"},"south":{"uv":[2.375,15.125,2.5,15.25],"rotation":180,"texture":"#main"},"west":{"uv":[2.25,15.125,2.375,15.25],"rotation":270,"texture":"#main"},"up":{"uv":[2.25,15.125,2.125,15],"texture":"#main"},"down":{"uv":[2.375,15,2.25,15.125],"rotation":180,"texture":"#main"}}},{"from":[5.0105,16.04615,12.19967],"to":[6.0105,24.04615,13.19967],"faces":{"north":{"uv":[0.625,11.25,0.75,12.25],"texture":"#main"},"east":{"uv":[0.5,11.25,0.625,12.25],"rotation":90,"texture":"#main"},"south":{"uv":[0.875,11.25,1,12.25],"rotation":180,"texture":"#main"},"west":{"uv":[0.75,11.25,0.875,12.25],"rotation":270,"texture":"#main"},"up":{"uv":[0.75,11.25,0.625,11.125],"texture":"#main"},"down":{"uv":[0.875,11.125,0.75,11.25],"rotation":180,"texture":"#main"}}},{"from":[4.99932,14.99956,13.99914],"to":[5.99932,17.99956,14.99914],"rotation":{"angle":-22.5,"axis":"x","origin":[1,16,2]},"faces":{"north":{"uv":[5.375,14.5,5.5,14.875],"texture":"#main"},"east":{"uv":[5.25,14.5,5.375,14.875],"texture":"#main"},"south":{"uv":[5.625,14.5,5.75,14.875],"texture":"#main"},"west":{"uv":[5.5,14.5,5.625,14.875],"texture":"#main"},"up":{"uv":[5.5,14.5,5.375,14.375],"rotation":180,"texture":"#main"},"down":{"uv":[5.625,14.375,5.5,14.5],"rotation":180,"texture":"#main"}}},{"from":[5.00912,16.04748,13.19962],"to":[6.00912,21.04748,14.19962],"faces":{"north":{"uv":[0.625,13.125,0.75,13.75],"texture":"#main"},"east":{"uv":[0.5,13.125,0.625,13.75],"rotation":90,"texture":"#main"},"south":{"uv":[0.875,13.125,1,13.75],"rotation":180,"texture":"#main"},"west":{"uv":[0.75,13.125,0.875,13.75],"rotation":270,"texture":"#main"},"up":{"uv":[0.75,13.125,0.625,13],"texture":"#main"},"down":{"uv":[0.875,13,0.75,13.125],"rotation":180,"texture":"#main"}}},{"from":[8.9893,16.04743,13.20027],"to":[9.9893,21.04743,14.20027],"faces":{"north":{"uv":[0.125,13.125,0.25,13.75],"texture":"#main"},"east":{"uv":[0,13.125,0.125,13.75],"rotation":270,"texture":"#main"},"south":{"uv":[0.375,13.125,0.5,13.75],"rotation":180,"texture":"#main"},"west":{"uv":[0.25,13.125,0.375,13.75],"rotation":90,"texture":"#main"},"up":{"uv":[0.25,13.125,0.125,13],"texture":"#main"},"down":{"uv":[0.375,13,0.25,13.125],"rotation":180,"texture":"#main"}}},{"from":[8.98995,16.04693,12.2013],"to":[9.98995,24.04693,13.2013],"faces":{"north":{"uv":[0.125,11.25,0.25,12.25],"texture":"#main"},"east":{"uv":[0,11.25,0.125,12.25],"rotation":270,"texture":"#main"},"south":{"uv":[0.375,11.25,0.5,12.25],"rotation":180,"texture":"#main"},"west":{"uv":[0.25,11.25,0.375,12.25],"rotation":90,"texture":"#main"},"up":{"uv":[0.25,11.25,0.125,11.125],"texture":"#main"},"down":{"uv":[0.375,11.125,0.25,11.25],"rotation":180,"texture":"#main"}}},{"from":[9.00044,15.00085,13.99955],"to":[10.00044,18.00085,14.99955],"rotation":{"angle":-22.5,"axis":"x","origin":[14,16,2]},"faces":{"north":{"uv":[1.125,15.125,1.25,15.5],"texture":"#main"},"east":{"uv":[1,15.125,1.125,15.5],"texture":"#main"},"south":{"uv":[1.375,15.125,1.5,15.5],"texture":"#main"},"west":{"uv":[1.25,15.125,1.375,15.5],"texture":"#main"},"up":{"uv":[1.25,15.125,1.125,15],"rotation":180,"texture":"#main"},"down":{"uv":[1.375,15,1.25,15.125],"rotation":180,"texture":"#main"}}},{"from":[9.9995,15.0003,15.00029],"to":[10.9995,19.0003,16.00029],"rotation":{"angle":-22.5,"axis":"x","origin":[14,16,2]},"faces":{"north":{"uv":[0.625,14.5,0.75,15],"texture":"#main"},"east":{"uv":[0.5,14.5,0.625,15],"texture":"#main"},"south":{"uv":[0.875,14.5,1,15],"texture":"#main"},"west":{"uv":[0.75,14.5,0.875,15],"texture":"#main"},"up":{"uv":[0.75,14.5,0.625,14.375],"rotation":180,"texture":"#main"},"down":{"uv":[0.875,14.375,0.75,14.5],"rotation":180,"texture":"#main"}}},{"from":[9.99038,16.43388,14.31778],"to":[10.99038,20.43388,15.31778],"faces":{"north":{"uv":[1.125,13.125,1.25,13.625],"texture":"#main"},"east":{"uv":[1,13.125,1.125,13.625],"texture":"#main"},"south":{"uv":[1.375,13.125,1.5,13.625],"texture":"#main"},"west":{"uv":[1.25,13.125,1.375,13.625],"texture":"#main"},"up":{"uv":[1.25,13.125,1.125,13],"rotation":180,"texture":"#main"},"down":{"uv":[1.375,13,1.25,13.125],"rotation":180,"texture":"#main"}}},{"from":[9.9907,23.04607,7.20048],"to":[10.9907,24.04607,8.20048],"rotation":{"angle":22.5,"axis":"x","origin":[14,10.04684,11.20033]},"faces":{"north":{"uv":[4.125,15.125,4.25,15.25],"texture":"#main"},"east":{"uv":[4,15.125,4.125,15.25],"rotation":270,"texture":"#main"},"south":{"uv":[4.375,15.125,4.5,15.25],"rotation":180,"texture":"#main"},"west":{"uv":[4.25,15.125,4.375,15.25],"rotation":90,"texture":"#main"},"up":{"uv":[4.25,15.125,4.125,15],"texture":"#main"},"down":{"uv":[4.375,15,4.25,15.125],"rotation":180,"texture":"#main"}}},{"from":[10.99086,23.04583,7.19957],"to":[11.99086,24.04583,9.19957],"rotation":{"angle":22.5,"axis":"x","origin":[15,10.04684,12.20033]},"faces":{"north":{"uv":[2.5,14.625,2.625,14.75],"texture":"#main"},"east":{"uv":[2.25,14.625,2.5,14.75],"rotation":270,"texture":"#main"},"south":{"uv":[2.875,14.625,3,14.75],"rotation":180,"texture":"#main"},"west":{"uv":[2.625,14.625,2.875,14.75],"rotation":90,"texture":"#main"},"up":{"uv":[2.625,14.625,2.5,14.375],"texture":"#main"},"down":{"uv":[2.75,14.375,2.625,14.625],"rotation":180,"texture":"#main"}}},{"from":[11.00002,15.00005,15.99911],"to":[12.00002,19.00005,16.99911],"rotation":{"angle":-22.5,"axis":"x","origin":[15,16,3]},"faces":{"north":{"uv":[3.125,14.5,3.25,15],"texture":"#main"},"east":{"uv":[3,14.5,3.125,15],"texture":"#main"},"south":{"uv":[3.375,14.5,3.5,15],"texture":"#main"},"west":{"uv":[3.25,14.5,3.375,15],"texture":"#main"},"up":{"uv":[3.25,14.5,3.125,14.375],"rotation":180,"texture":"#main"},"down":{"uv":[3.375,14.375,3.25,14.5],"rotation":180,"texture":"#main"}}},{"from":[10.98917,16.43332,15.31627],"to":[11.98917,20.43332,16.31627],"faces":{"north":{"uv":[3.625,14.5,3.75,15],"texture":"#main"},"east":{"uv":[3.5,14.5,3.625,15],"texture":"#main"},"south":{"uv":[3.875,14.5,4,15],"texture":"#main"},"west":{"uv":[3.75,14.5,3.875,15],"texture":"#main"},"up":{"uv":[3.75,14.5,3.625,14.375],"rotation":180,"texture":"#main"},"down":{"uv":[3.875,14.375,3.75,14.5],"rotation":180,"texture":"#main"}}},{"from":[11.98999,16.43334,16.31607],"to":[13.98999,20.43334,17.31607],"faces":{"north":{"uv":[2.375,11.25,2.625,11.75],"texture":"#main"},"east":{"uv":[2.25,11.25,2.375,11.75],"texture":"#main"},"south":{"uv":[2.75,11.25,3,11.75],"texture":"#main"},"west":{"uv":[2.625,11.25,2.75,11.75],"texture":"#main"},"up":{"uv":[2.625,11.25,2.375,11.125],"rotation":180,"texture":"#main"},"down":{"uv":[2.875,11.125,2.625,11.25],"rotation":180,"texture":"#main"}}},{"from":[12.00076,15.00022,16.99973],"to":[14.00076,19.00023,17.99973],"rotation":{"angle":-22.5,"axis":"x","origin":[20,16,4]},"faces":{"north":{"uv":[3.125,11.25,3.375,11.75],"texture":"#main"},"east":{"uv":[3,11.25,3.125,11.75],"texture":"#main"},"south":{"uv":[3.5,11.25,3.75,11.75],"texture":"#main"},"west":{"uv":[3.375,11.25,3.5,11.75],"texture":"#main"},"up":{"uv":[3.375,11.25,3.125,11.125],"rotation":180,"texture":"#main"},"down":{"uv":[3.625,11.125,3.375,11.25],"rotation":180,"texture":"#main"}}},{"from":[11.99049,23.04597,7.1996],"to":[13.99049,24.04597,10.1996],"rotation":{"angle":22.5,"axis":"x","origin":[20,10.04684,13.20033]},"faces":{"north":{"uv":[2.875,10.25,3.125,10.375],"texture":"#main"},"east":{"uv":[2.5,10.25,2.875,10.375],"rotation":270,"texture":"#main"},"south":{"uv":[3.5,10.25,3.75,10.375],"rotation":180,"texture":"#main"},"west":{"uv":[3.125,10.25,3.5,10.375],"rotation":90,"texture":"#main"},"up":{"uv":[3.125,10.25,2.875,9.875],"texture":"#main"},"down":{"uv":[3.375,9.875,3.125,10.25],"rotation":180,"texture":"#main"}}},{"from":[13.99059,17.04595,9.20049],"to":[14.99059,29.04595,10.20049],"rotation":{"angle":22.5,"axis":"x","origin":[3,11.04684,12.20033]},"faces":{"north":{"uv":[3.125,7.625,3.25,9.125],"texture":"#main"},"east":{"uv":[3,7.625,3.125,9.125],"rotation":270,"texture":"#main"},"south":{"uv":[3.375,7.625,3.5,9.125],"rotation":180,"texture":"#main"},"west":{"uv":[3.25,7.625,3.375,9.125],"rotation":90,"texture":"#main"},"up":{"uv":[3.25,7.625,3.125,7.5],"texture":"#main"},"down":{"uv":[3.375,7.5,3.25,7.625],"rotation":180,"texture":"#main"}}},{"from":[16.99017,18.04604,9.20033],"to":[17.99017,27.04604,10.20033],"rotation":{"angle":22.5,"axis":"x","origin":[3,11.04684,12.20033]},"faces":{"north":{"uv":[1.625,10,1.75,11.125],"texture":"#main"},"east":{"uv":[1.5,10,1.625,11.125],"rotation":270,"texture":"#main"},"south":{"uv":[1.875,10,2,11.125],"rotation":180,"texture":"#main"},"west":{"uv":[1.75,10,1.875,11.125],"rotation":90,"texture":"#main"},"up":{"uv":[1.75,10,1.625,9.875],"texture":"#main"},"down":{"uv":[1.875,9.875,1.75,10],"rotation":180,"texture":"#main"}}},{"from":[13.00089,15.99932,17.99965],"to":[18.00089,19.99932,18.99965],"rotation":{"angle":-22.5,"axis":"x","origin":[10,17,5]},"faces":{"north":{"uv":[5.625,7.625,6.25,8.125],"texture":"#main"},"east":{"uv":[5.5,7.625,5.625,8.125],"texture":"#main"},"south":{"uv":[6.375,7.625,7,8.125],"texture":"#main"},"west":{"uv":[6.25,7.625,6.375,8.125],"texture":"#main"},"up":{"uv":[6.25,7.625,5.625,7.5],"rotation":180,"texture":"#main"},"down":{"uv":[6.875,7.5,6.25,7.625],"rotation":180,"texture":"#main"}}},{"from":[13.01024,24.04659,8.20064],"to":[18.01024,25.04659,11.20064],"rotation":{"angle":22.5,"axis":"x","origin":[10,11.04684,14.20033]},"faces":{"north":{"uv":[6.125,5.625,6.75,5.75],"texture":"#main"},"east":{"uv":[5.75,5.625,6.125,5.75],"rotation":90,"texture":"#main"},"south":{"uv":[7.125,5.625,7.75,5.75],"rotation":180,"texture":"#main"},"west":{"uv":[6.75,5.625,7.125,5.75],"rotation":270,"texture":"#main"},"up":{"uv":[6.75,5.625,6.125,5.25],"texture":"#main"},"down":{"uv":[7.375,5.25,6.75,5.625],"rotation":180,"texture":"#main"}}},{"from":[13.0093,17.43419,17.31664],"to":[18.0093,21.43419,18.31664],"faces":{"north":{"uv":[0.125,7.625,0.75,8.125],"texture":"#main"},"east":{"uv":[0,7.625,0.125,8.125],"texture":"#main"},"south":{"uv":[0.875,7.625,1.5,8.125],"texture":"#main"},"west":{"uv":[0.75,7.625,0.875,8.125],"texture":"#main"},"up":{"uv":[0.75,7.625,0.125,7.5],"rotation":180,"texture":"#main"},"down":{"uv":[1.375,7.5,0.75,7.625],"rotation":180,"texture":"#main"}}},{"from":[18.00991,17.43301,16.31697],"to":[19.00991,21.43301,17.31697],"faces":{"north":{"uv":[5.125,13.875,5.25,14.375],"texture":"#main"},"east":{"uv":[5,13.875,5.125,14.375],"texture":"#main"},"south":{"uv":[5.375,13.875,5.5,14.375],"texture":"#main"},"west":{"uv":[5.25,13.875,5.375,14.375],"texture":"#main"},"up":{"uv":[5.25,13.875,5.125,13.75],"rotation":180,"texture":"#main"},"down":{"uv":[5.375,13.75,5.25,13.875],"rotation":180,"texture":"#main"}}},{"from":[17.99973,16.00019,16.99966],"to":[18.99973,20.00019,17.99966],"rotation":{"angle":-22.5,"axis":"x","origin":[15,17,4]},"faces":{"north":{"uv":[4.625,13.875,4.75,14.375],"texture":"#main"},"east":{"uv":[4.5,13.875,4.625,14.375],"texture":"#main"},"south":{"uv":[4.875,13.875,5,14.375],"texture":"#main"},"west":{"uv":[4.75,13.875,4.875,14.375],"texture":"#main"},"up":{"uv":[4.75,13.875,4.625,13.75],"rotation":180,"texture":"#main"},"down":{"uv":[4.875,13.75,4.75,13.875],"rotation":180,"texture":"#main"}}},{"from":[18.00936,24.04733,8.20026],"to":[19.00936,25.04733,10.20026],"rotation":{"angle":22.5,"axis":"x","origin":[15,11.04684,13.20033]},"faces":{"north":{"uv":[3.5,14,3.625,14.125],"texture":"#main"},"east":{"uv":[3.25,14,3.5,14.125],"rotation":90,"texture":"#main"},"south":{"uv":[3.875,14,4,14.125],"rotation":180,"texture":"#main"},"west":{"uv":[3.625,14,3.875,14.125],"rotation":270,"texture":"#main"},"up":{"uv":[3.625,14,3.5,13.75],"texture":"#main"},"down":{"uv":[3.75,13.75,3.625,14],"rotation":180,"texture":"#main"}}},{"from":[18.99922,16.00051,15.99994],"to":[19.99922,20.00051,16.99994],"rotation":{"angle":-22.5,"axis":"x","origin":[16,17,3]},"faces":{"north":{"uv":[0.125,13.875,0.25,14.375],"texture":"#main"},"east":{"uv":[0,13.875,0.125,14.375],"texture":"#main"},"south":{"uv":[0.375,13.875,0.5,14.375],"texture":"#main"},"west":{"uv":[0.25,13.875,0.375,14.375],"texture":"#main"},"up":{"uv":[0.25,13.875,0.125,13.75],"rotation":180,"texture":"#main"},"down":{"uv":[0.375,13.75,0.25,13.875],"rotation":180,"texture":"#main"}}},{"from":[19.00928,24.04775,8.19995],"to":[20.00928,25.04775,9.19995],"rotation":{"angle":22.5,"axis":"x","origin":[16,11.04684,12.20033]},"faces":{"north":{"uv":[2.625,15.125,2.75,15.25],"texture":"#main"},"east":{"uv":[2.5,15.125,2.625,15.25],"rotation":90,"texture":"#main"},"south":{"uv":[2.875,15.125,3,15.25],"rotation":180,"texture":"#main"},"west":{"uv":[2.75,15.125,2.875,15.25],"rotation":270,"texture":"#main"},"up":{"uv":[2.75,15.125,2.625,15],"texture":"#main"},"down":{"uv":[2.875,15,2.75,15.125],"rotation":180,"texture":"#main"}}},{"from":[19.01007,17.43376,15.31677],"to":[20.01007,21.43376,16.31677],"faces":{"north":{"uv":[4.625,13.125,4.75,13.625],"texture":"#main"},"east":{"uv":[4.5,13.125,4.625,13.625],"texture":"#main"},"south":{"uv":[4.875,13.125,5,13.625],"texture":"#main"},"west":{"uv":[4.75,13.125,4.875,13.625],"texture":"#main"},"up":{"uv":[4.75,13.125,4.625,13],"rotation":180,"texture":"#main"},"down":{"uv":[4.875,13,4.75,13.125],"rotation":180,"texture":"#main"}}},{"from":[20.01048,17.04685,14.19956],"to":[21.01048,22.04685,15.19956],"faces":{"north":{"uv":[2.625,12.375,2.75,13],"texture":"#main"},"east":{"uv":[2.5,12.375,2.625,13],"rotation":90,"texture":"#main"},"south":{"uv":[2.875,12.375,3,13],"rotation":180,"texture":"#main"},"west":{"uv":[2.75,12.375,2.875,13],"rotation":270,"texture":"#main"},"up":{"uv":[2.75,12.375,2.625,12.25],"texture":"#main"},"down":{"uv":[2.875,12.25,2.75,12.375],"rotation":180,"texture":"#main"}}},{"from":[20.00013,15.99906,15.00012],"to":[21.00013,18.99906,16.00012],"rotation":{"angle":-22.5,"axis":"x","origin":[16,17,3]},"faces":{"north":{"uv":[6.875,14.5,7,14.875],"texture":"#main"},"east":{"uv":[6.75,14.5,6.875,14.875],"texture":"#main"},"south":{"uv":[7.125,14.5,7.25,14.875],"texture":"#main"},"west":{"uv":[7,14.5,7.125,14.875],"texture":"#main"},"up":{"uv":[7,14.5,6.875,14.375],"rotation":180,"texture":"#main"},"down":{"uv":[7.125,14.375,7,14.5],"rotation":180,"texture":"#main"}}},{"from":[20.00908,17.04766,13.20024],"to":[21.00908,25.04766,14.20024],"faces":{"north":{"uv":[4.875,10,5,11],"texture":"#main"},"east":{"uv":[4.75,10,4.875,11],"rotation":90,"texture":"#main"},"south":{"uv":[5.125,10,5.25,11],"rotation":180,"texture":"#main"},"west":{"uv":[5,10,5.125,11],"rotation":270,"texture":"#main"},"up":{"uv":[5,10,4.875,9.875],"texture":"#main"},"down":{"uv":[5.125,9.875,5,10],"rotation":180,"texture":"#main"}}},{"from":[11.9891,12.04622,11.20034],"to":[28.9891,13.04622,12.20034],"rotation":{"angle":22.5,"axis":"z","origin":[3,11.04684,12.20033]},"faces":{"north":{"uv":[0.125,4.125,2.25,4.25],"texture":"#main"},"east":{"uv":[0,4.125,0.125,4.25],"rotation":270,"texture":"#main"},"south":{"uv":[2.375,4.125,4.5,4.25],"rotation":180,"texture":"#main"},"west":{"uv":[2.25,4.125,2.375,4.25],"rotation":90,"texture":"#main"},"up":{"uv":[2.25,4.125,0.125,4],"texture":"#main"},"down":{"uv":[4.375,4,2.25,4.125],"rotation":180,"texture":"#main"}}},{"from":[11.99078,2.04712,11.20106],"to":[28.99078,12.04712,11.30106],"rotation":{"angle":22.5,"axis":"z","origin":[3,11.04684,12.20033]},"faces":{"north":{"uv":[2.125,2.625,4.25,3.875],"texture":"#main"},"south":{"uv":[4.25,2.625,2.125,3.875],"texture":"#main"}}},{"from":[16.999,16.99927,8.49936],"to":[20.999,17.99927,9.49936],"rotation":{"angle":22.5,"axis":"z","origin":[7,8,8]},"faces":{"north":{"uv":[1.125,11.25,1.625,11.375],"texture":"#main"},"east":{"uv":[1,11.25,1.125,11.375],"rotation":90,"texture":"#main"},"south":{"uv":[1.75,11.25,2.25,11.375],"rotation":90,"texture":"#main"},"west":{"uv":[1.625,11.25,1.75,11.375],"rotation":270,"texture":"#main"},"up":{"uv":[1.625,11.25,1.125,11.125],"rotation":90,"texture":"#main"},"down":{"uv":[2.125,11.125,1.625,11.25],"rotation":270,"texture":"#main"}}}],"display":{"head":{"translation":[1,-16.68,0],"scale":[2,2,2]}}}