{"parent":"physical_parent","textures":{"main":"pokemon/poliwag"},"elements":[{"from":[3,2,4],"to":[11,11,12],"faces":{"east":{"uv":[4.5,0,6.5,2.25],"texture":"#main"},"south":{"uv":[2.25,0,4.25,2.25],"texture":"#main"},"north":{"uv":[0,0,2,2.25],"texture":"#main"},"west":{"uv":[2.25,0,4.25,2.25],"texture":"#main"},"up":{"uv":[6.75,0,8.75,2],"texture":"#main"},"down":{"uv":[6.75,0,8.75,2],"texture":"#main"}}},{"rotation":{"origin":[9.5,1,4.5],"angle":-22.5,"axis":"y"},"from":[8,0,2],"to":[11,2,7],"faces":{"east":{"uv":[3.75,3.75,4.25,5],"texture":"#main","rotation":90},"south":{"uv":[2.75,5.25,3.5,5.75],"texture":"#main","rotation":180},"north":{"uv":[1.75,5.25,2.5,5.75],"texture":"#main"},"west":{"uv":[3.75,3.75,4.25,5],"texture":"#main","rotation":90},"up":{"uv":[1.75,3.75,2.5,5.25],"texture":"#main"},"down":{"uv":[2.75,3.75,3.5,5],"texture":"#main"}}},{"rotation":{"origin":[4.5,1,4.5],"angle":22.5,"axis":"y"},"from":[3,0,2],"to":[6,2,7],"faces":{"east":{"uv":[4.5,3.75,5,5],"texture":"#main","rotation":90},"south":{"uv":[2.75,5.25,3.5,5.75],"texture":"#main"},"north":{"uv":[2.75,5.25,3.5,5.75],"texture":"#main"},"west":{"uv":[3.75,3.75,4.25,5],"texture":"#main","rotation":90},"up":{"uv":[2.75,3.75,3.5,5.25],"texture":"#main"},"down":{"uv":[2.75,3.75,3.5,5],"texture":"#main"}}},{"rotation":{"origin":[7.05,7.5,14.5],"angle":-22.5,"axis":"x"},"from":[7,5,10],"to":[7.1,10,19],"faces":{"east":{"uv":[0,3.5,1.25,5.75],"texture":"#main","rotation":270},"west":{"uv":[0,3.5,1.25,5.75],"texture":"#main","rotation":90}}}],"display":{"head":{"translation":[1.25,-32.25,0],"scale":[1.25,1.25,1.25]},"firstperson_righthand":{"scale":[0.0001,0.0001,0.0001]},"thirdperson_lefthand":{"scale":[0.0001,0.0001,0.0001]},"firstperson_lefthand":{"scale":[0.0001,0.0001,0.0001]}}}