{"parent":"physical_parent","textures":{"main":"pokemon/poochyena"},"texture_size":[128,128],"elements":[{"rotation":{"origin":[12,19,5],"angle":0,"axis":"y"},"from":[4,11,-3],"to":[12,19,4],"faces":{"east":{"uv":[0,4.75,0.875,5.75],"texture":"#main"},"south":{"uv":[2.75,4.75,3.75,5.75],"texture":"#main"},"north":{"uv":[0.875,4.75,1.875,5.75],"texture":"#main"},"west":{"uv":[1.875,4.75,2.75,5.75],"texture":"#main"},"up":{"uv":[1.875,4.75,0.875,3.875],"texture":"#main"},"down":{"uv":[2.875,3.875,1.875,4.75],"texture":"#main"}}},{"rotation":{"origin":[12,14.05025,-0.94975],"angle":-45,"axis":"x"},"from":[4.9,5.95025,-2.04975],"to":[11.1,14.15025,6.15025],"faces":{"east":{"uv":[2.75,5.75,3.75,6.75],"texture":"#main"},"south":{"uv":[5.5,5.75,6.25,6.75],"texture":"#main"},"north":{"uv":[3.75,5.75,4.5,6.75],"texture":"#main"},"west":{"uv":[4.5,5.75,5.5,6.75],"texture":"#main"},"up":{"uv":[4.5,5.75,3.75,4.75],"texture":"#main"},"down":{"uv":[5.25,4.75,4.5,5.75],"texture":"#main"}}},{"rotation":{"origin":[12,15,5],"angle":0,"axis":"y"},"from":[5,5,4],"to":[11,14,11],"faces":{"east":{"uv":[5.25,2.125,6.125,3.25],"texture":"#main"},"south":{"uv":[7.75,2.125,8.5,3.25],"texture":"#main"},"north":{"uv":[6.125,2.125,6.875,3.25],"texture":"#main"},"west":{"uv":[6.875,2.125,7.75,3.25],"texture":"#main"},"up":{"uv":[6.875,2.125,6.125,1.25],"texture":"#main"},"down":{"uv":[7.625,1.25,6.875,2.125],"texture":"#main"}}},{"rotation":{"origin":[12,12.77372,8.86241],"angle":-22.5,"axis":"x"},"from":[4.9,4.67372,7.76241],"to":[11.1,7.87372,14.96241],"faces":{"east":{"uv":[5.375,0.875,6.25,1.25],"texture":"#main"},"south":{"uv":[7.875,0.875,8.625,1.25],"texture":"#main"},"north":{"uv":[6.25,0.875,7,1.25],"texture":"#main"},"west":{"uv":[7,0.875,7.875,1.25],"texture":"#main"},"up":{"uv":[7,0.875,6.25,0],"texture":"#main"},"down":{"uv":[7.75,0,7,0.875],"texture":"#main"}}},{"rotation":{"origin":[12,15,9],"angle":0,"axis":"y"},"from":[5,7,11],"to":[11,14,18],"faces":{"east":{"uv":[5.75,4.75,6.625,5.625],"texture":"#main"},"south":{"uv":[8.25,4.75,9,5.625],"texture":"#main"},"north":{"uv":[6.625,4.75,7.375,5.625],"texture":"#main"},"west":{"uv":[7.375,4.75,8.25,5.625],"texture":"#main"},"up":{"uv":[7.375,4.75,6.625,3.875],"texture":"#main"},"down":{"uv":[8.125,3.875,7.375,4.75],"texture":"#main"}}},{"rotation":{"origin":[12,15,9],"angle":0,"axis":"y"},"from":[3.9,5.9,0.9],"to":[12.1,11.1,5.1],"faces":{"east":{"uv":[5.75,6.75,6.25,7.375],"texture":"#main"},"south":{"uv":[7.75,6.75,8.75,7.375],"texture":"#main"},"north":{"uv":[6.25,6.75,7.25,7.375],"texture":"#main"},"west":{"uv":[7.25,6.75,7.75,7.375],"texture":"#main"},"up":{"uv":[7.25,6.75,6.25,6.25],"texture":"#main"},"down":{"uv":[8.25,6.25,7.25,6.75],"texture":"#main"}}},{"rotation":{"origin":[12,12,10],"angle":45,"axis":"x"},"from":[3.99,2.99,1.99],"to":[12.01,8.01,6.01],"faces":{"east":{"uv":[0,6.75,0.5,7.375],"texture":"#main"},"south":{"uv":[2,6.75,3,7.375],"texture":"#main"},"north":{"uv":[0.5,6.75,1.5,7.375],"texture":"#main"},"west":{"uv":[1.5,6.75,2,7.375],"texture":"#main"},"up":{"uv":[1.5,6.75,0.5,6.25],"texture":"#main"},"down":{"uv":[2.5,6.25,1.5,6.75],"texture":"#main"}}},{"rotation":{"origin":[12,12,7],"angle":-22.5,"axis":"x"},"from":[4,4,0],"to":[7,10,3],"faces":{"east":{"uv":[7.875,8.5,8.25,9.25],"texture":"#main"},"south":{"uv":[9,8.5,9.375,9.25],"texture":"#main"},"north":{"uv":[8.25,8.5,8.625,9.25],"texture":"#main"},"west":{"uv":[8.625,8.5,9,9.25],"texture":"#main"},"up":{"uv":[8.625,8.5,8.25,8.125],"texture":"#main"},"down":{"uv":[9,8.125,8.625,8.5],"texture":"#main"}}},{"rotation":{"origin":[12,3.78534,12.72991],"angle":45,"axis":"x"},"from":[3.9,-5.31466,5.62991],"to":[7.1,-1.11466,8.82991],"faces":{"east":{"uv":[8.25,6,8.625,6.5],"texture":"#main"},"south":{"uv":[9.375,6,9.75,6.5],"texture":"#main"},"north":{"uv":[8.625,6,9,6.5],"texture":"#main"},"west":{"uv":[9,6,9.375,6.5],"texture":"#main"},"up":{"uv":[9,6,8.625,5.625],"texture":"#main"},"down":{"uv":[9.375,5.625,9,6],"texture":"#main"}}},{"rotation":{"origin":[12,-4.21466,8.72991],"angle":0,"axis":"y"},"from":[4,-0.21466,-0.27009],"to":[7,2.78534,3.72991],"faces":{"east":{"uv":[7.75,0.5,8.25,0.875],"texture":"#main","rotation":270},"south":{"uv":[9.125,0.5,9.5,0.875],"texture":"#main"},"north":{"uv":[8.25,0.5,8.625,0.875],"texture":"#main","rotation":180},"west":{"uv":[8.625,0.5,9.125,0.875],"texture":"#main","rotation":90},"up":{"uv":[8.625,0.5,8.25,0],"texture":"#main","rotation":180},"down":{"uv":[9,0,8.625,0.5],"texture":"#main"}}},{"rotation":{"origin":[12,15,21],"angle":0,"axis":"y"},"from":[3.9,5.9,12.9],"to":[5.1,11.1,17.1],"faces":{"east":{"uv":[4.75,8.75,5.25,9.375],"texture":"#main"},"south":{"uv":[5.875,8.75,6,9.375],"texture":"#main"},"north":{"uv":[5.25,8.75,5.375,9.375],"texture":"#main"},"west":{"uv":[5.375,8.75,5.875,9.375],"texture":"#main"},"up":{"uv":[5.375,8.75,5.25,8.25],"texture":"#main"},"down":{"uv":[5.5,8.25,5.375,8.75],"texture":"#main"}}},{"rotation":{"origin":[12,12,19],"angle":-22.5,"axis":"x"},"from":[4,4,12],"to":[7,10,15],"faces":{"east":{"uv":[3.25,8.125,3.625,8.875],"texture":"#main"},"south":{"uv":[4.375,8.125,4.75,8.875],"texture":"#main"},"north":{"uv":[3.625,8.125,4,8.875],"texture":"#main"},"west":{"uv":[4,8.125,4.375,8.875],"texture":"#main"},"up":{"uv":[4,8.125,3.625,7.75],"texture":"#main"},"down":{"uv":[4.375,7.75,4,8.125],"texture":"#main"}}},{"rotation":{"origin":[12,3.78534,24.72991],"angle":45,"axis":"x"},"from":[3.9,-5.31466,17.62991],"to":[7.1,-1.11466,20.82991],"faces":{"east":{"uv":[0,8.625,0.375,9.125],"texture":"#main"},"south":{"uv":[1.125,8.625,1.5,9.125],"texture":"#main"},"north":{"uv":[0.375,8.625,0.75,9.125],"texture":"#main"},"west":{"uv":[0.75,8.625,1.125,9.125],"texture":"#main"},"up":{"uv":[0.75,8.625,0.375,8.25],"texture":"#main"},"down":{"uv":[1.125,8.25,0.75,8.625],"texture":"#main"}}},{"rotation":{"origin":[12,-4.21466,20.72991],"angle":0,"axis":"y"},"from":[4,-0.21466,11.72991],"to":[7,2.78534,15.72991],"faces":{"east":{"uv":[7.625,1.75,8.125,2.125],"texture":"#main","rotation":270},"south":{"uv":[9,1.75,9.375,2.125],"texture":"#main"},"north":{"uv":[8.125,1.75,8.5,2.125],"texture":"#main","rotation":180},"west":{"uv":[8.5,1.75,9,2.125],"texture":"#main","rotation":90},"up":{"uv":[8.5,1.75,8.125,1.25],"texture":"#main","rotation":180},"down":{"uv":[8.875,1.25,8.5,1.75],"texture":"#main"}}},{"rotation":{"origin":[19,15,21],"angle":0,"axis":"y"},"from":[10.9,5.9,11.9],"to":[12.1,12.1,17.1],"faces":{"east":{"uv":[0,0.625,0.625,1.375],"texture":"#main"},"south":{"uv":[1.375,0.625,1.5,1.375],"texture":"#main"},"north":{"uv":[0.625,0.625,0.75,1.375],"texture":"#main"},"west":{"uv":[0.75,0.625,1.375,1.375],"texture":"#main"},"up":{"uv":[0.75,0.625,0.625,0],"texture":"#main"},"down":{"uv":[0.875,0,0.75,0.625],"texture":"#main"}}},{"rotation":{"origin":[17,12,19],"angle":-22.5,"axis":"x"},"from":[9,4,12],"to":[12,10,15],"faces":{"east":{"uv":[6.75,7.75,7.125,8.5],"texture":"#main"},"south":{"uv":[7.875,7.75,8.25,8.5],"texture":"#main"},"north":{"uv":[7.125,7.75,7.5,8.5],"texture":"#main"},"west":{"uv":[7.5,7.75,7.875,8.5],"texture":"#main"},"up":{"uv":[7.5,7.75,7.125,7.375],"texture":"#main"},"down":{"uv":[7.875,7.375,7.5,7.75],"texture":"#main"}}},{"rotation":{"origin":[17,3.78534,24.72991],"angle":45,"axis":"x"},"from":[8.9,-5.31466,17.62991],"to":[12.1,-1.11466,20.82991],"faces":{"east":{"uv":[8.125,4.125,8.5,4.625],"texture":"#main"},"south":{"uv":[9.25,4.125,9.625,4.625],"texture":"#main"},"north":{"uv":[8.5,4.125,8.875,4.625],"texture":"#main"},"west":{"uv":[8.875,4.125,9.25,4.625],"texture":"#main"},"up":{"uv":[8.875,4.125,8.5,3.75],"texture":"#main"},"down":{"uv":[9.25,3.75,8.875,4.125],"texture":"#main"}}},{"rotation":{"origin":[17,-4.21466,20.72991],"angle":0,"axis":"y"},"from":[9,-0.21466,11.72991],"to":[12,2.78534,15.72991],"faces":{"east":{"uv":[5,7.875,5.5,8.25],"texture":"#main","rotation":270},"south":{"uv":[6.375,7.875,6.75,8.25],"texture":"#main"},"north":{"uv":[5.5,7.875,5.875,8.25],"texture":"#main","rotation":180},"west":{"uv":[5.875,7.875,6.375,8.25],"texture":"#main","rotation":90},"up":{"uv":[5.875,7.875,5.5,7.375],"texture":"#main","rotation":180},"down":{"uv":[6.25,7.375,5.875,7.875],"texture":"#main"}}},{"rotation":{"origin":[17,12,7],"angle":-22.5,"axis":"x"},"from":[9,4,0],"to":[12,10,3],"faces":{"east":{"uv":[1.75,7.75,2.125,8.5],"texture":"#main"},"south":{"uv":[2.875,7.75,3.25,8.5],"texture":"#main"},"north":{"uv":[2.125,7.75,2.5,8.5],"texture":"#main"},"west":{"uv":[2.5,7.75,2.875,8.5],"texture":"#main"},"up":{"uv":[2.5,7.75,2.125,7.375],"texture":"#main"},"down":{"uv":[2.875,7.375,2.5,7.75],"texture":"#main"}}},{"rotation":{"origin":[17,3.78534,12.72991],"angle":45,"axis":"x"},"from":[8.9,-5.31466,5.62991],"to":[12.1,-1.11466,8.82991],"faces":{"east":{"uv":[8.125,3.25,8.5,3.75],"texture":"#main"},"south":{"uv":[9.25,3.25,9.625,3.75],"texture":"#main"},"north":{"uv":[8.5,3.25,8.875,3.75],"texture":"#main"},"west":{"uv":[8.875,3.25,9.25,3.75],"texture":"#main"},"up":{"uv":[8.875,3.25,8.5,2.875],"texture":"#main"},"down":{"uv":[9.25,2.875,8.875,3.25],"texture":"#main"}}},{"rotation":{"origin":[17,-4.21466,8.72991],"angle":0,"axis":"y"},"from":[9,-0.21466,-0.27009],"to":[12,2.78534,3.72991],"faces":{"east":{"uv":[0,7.875,0.5,8.25],"texture":"#main","rotation":270},"south":{"uv":[1.375,7.875,1.75,8.25],"texture":"#main"},"north":{"uv":[0.5,7.875,0.875,8.25],"texture":"#main","rotation":180},"west":{"uv":[0.875,7.875,1.375,8.25],"texture":"#main","rotation":90},"up":{"uv":[0.875,7.875,0.5,7.375],"texture":"#main","rotation":180},"down":{"uv":[1.25,7.375,0.875,7.875],"texture":"#main"}}},{"rotation":{"origin":[9.32553,32.8689,4.82087],"angle":-22.5,"axis":"z"},"from":[15.4,23.4386,2.72087],"to":[17.6,24.6386,3.92087],"faces":{"east":{"uv":[9.125,8.125,9.25,8.25],"texture":"#main"},"south":{"uv":[9.625,8.125,9.875,8.25],"texture":"#main"},"north":{"uv":[9.25,8.125,9.5,8.25],"texture":"#main"},"west":{"uv":[9.5,8.125,9.625,8.25],"texture":"#main"},"up":{"uv":[9.5,8.125,9.25,8],"texture":"#main"},"down":{"uv":[9.75,8,9.5,8.125],"texture":"#main"}}},{"rotation":{"origin":[-7.30076,27.48193,4.72087],"angle":22.5,"axis":"z"},"from":[-0.6,18.05163,2.82087],"to":[1.6,19.25163,4.02087],"faces":{"east":{"uv":[3.625,9.125,3.75,9.25],"texture":"#main"},"south":{"uv":[4.125,9.125,4.375,9.25],"texture":"#main"},"north":{"uv":[3.75,9.125,4,9.25],"texture":"#main"},"west":{"uv":[4,9.125,4.125,9.25],"texture":"#main"},"up":{"uv":[4,9.125,3.75,9],"texture":"#main"},"down":{"uv":[4.25,9,4,9.125],"texture":"#main"}}},{"rotation":{"origin":[15.68516,22.6697,11.82087],"angle":-22.5,"axis":"z"},"from":[11.6,14.6697,2.82087],"to":[14.6,20.6697,3.82087],"faces":{"east":{"uv":[3,6.875,3.125,7.625],"texture":"#main"},"south":{"uv":[3.625,6.875,4,7.625],"texture":"#main"},"north":{"uv":[3.125,6.875,3.5,7.625],"texture":"#main"},"west":{"uv":[3.5,6.875,3.625,7.625],"texture":"#main"},"up":{"uv":[3.5,6.875,3.125,6.75],"texture":"#main"},"down":{"uv":[3.875,6.75,3.5,6.875],"texture":"#main"}}},{"rotation":{"origin":[3.96797,25.18953,11.82087],"angle":22.5,"axis":"z"},"from":[0.88281,16.18949,2.82087],"to":[3.88281,22.18949,3.82087],"faces":{"east":{"uv":[9,6.875,9.125,7.625],"texture":"#main"},"south":{"uv":[9.625,6.875,10,7.625],"texture":"#main"},"north":{"uv":[9.125,6.875,9.5,7.625],"texture":"#main"},"west":{"uv":[9.5,6.875,9.625,7.625],"texture":"#main"},"up":{"uv":[9.5,6.875,9.125,6.75],"texture":"#main"},"down":{"uv":[9.875,6.75,9.5,6.875],"texture":"#main"}}},{"rotation":{"origin":[7,8.82503,30.36218],"angle":22.5,"axis":"x"},"from":[4.99,5.69,17.79879],"to":[11.01,5.71,29],"faces":{"east":{"uv":[0.625,14.125,2,14.125],"texture":"#main"},"south":{"uv":[4.125,14.125,4.875,14.125],"texture":"#main"},"north":{"uv":[2,14.125,2.75,14.125],"texture":"#main"},"west":{"uv":[2.75,14.125,4.125,14.125],"texture":"#main"},"up":{"uv":[2.75,14.125,2,12.75],"texture":"#main"},"down":{"uv":[3.5,12.75,2.75,14.125],"texture":"#main"}}},{"rotation":{"origin":[10,6.10865,30.72352],"angle":22.5,"axis":"x"},"from":[6.99,4.1457,25.79879],"to":[10.01,4.1657,29],"faces":{"east":{"uv":[0.625,13.125,1,13.125],"texture":"#main"},"south":{"uv":[1.75,13.125,2.125,13.125],"texture":"#main"},"north":{"uv":[1,13.125,1.375,13.125],"texture":"#main"},"west":{"uv":[1.375,13.125,1.75,13.125],"texture":"#main"},"up":{"uv":[1.375,13.125,1,12.75],"texture":"#main"},"down":{"uv":[1.75,12.75,1.375,13.125],"texture":"#main"}}},{"rotation":{"origin":[4.01241,6.9619,19.09841],"angle":45,"axis":"x"},"from":[4.7,4.4619,13.04502],"to":[5.7,11.4619,22.22623],"faces":{"east":{"uv":[1,13,2,13.75],"texture":"#main"},"south":{"uv":[3,13,3,13.75],"texture":"#main"},"north":{"uv":[2,13,2,13.75],"texture":"#main"},"west":{"uv":[2,13,3,13.75],"texture":"#main"},"up":{"uv":[2,13,2,12],"texture":"#main"},"down":{"uv":[2,12,2,13],"texture":"#main"}}},{"rotation":{"origin":[4.01241,6.9619,25.09841],"angle":45,"axis":"x"},"from":[5.9,3.4619,23.04502],"to":[6.9,7.4619,29],"faces":{"east":{"uv":[4.625,12.625,5.125,13],"texture":"#main"},"south":{"uv":[5.625,12.625,5.625,13],"texture":"#main"},"north":{"uv":[5.125,12.625,5.125,13],"texture":"#main"},"west":{"uv":[5.125,12.625,5.625,13],"texture":"#main"},"up":{"uv":[5.125,12.625,5.125,12.125],"texture":"#main"},"down":{"uv":[5.125,12.125,5.125,12.625],"texture":"#main"}}},{"rotation":{"origin":[7.01241,6.9619,25.09841],"angle":45,"axis":"x"},"from":[9.1,3.4619,23.04502],"to":[10.1,7.4619,29],"faces":{"east":{"uv":[5,12.625,5.5,13],"texture":"#main"},"south":{"uv":[6,12.625,6,13],"texture":"#main"},"north":{"uv":[5.5,12.625,5.5,13],"texture":"#main"},"west":{"uv":[5.5,12.625,6,13],"texture":"#main"},"up":{"uv":[5.5,12.625,5.5,12.125],"texture":"#main"},"down":{"uv":[5.5,12.125,5.5,12.625],"texture":"#main"}}},{"rotation":{"origin":[10.01241,6.9619,19.09841],"angle":45,"axis":"x"},"from":[11,4.7619,13.34502],"to":[11.4,11.1619,21.92623],"faces":{"east":{"uv":[3.375,11,4.375,11.75],"texture":"#main"},"south":{"uv":[5.375,11,5.375,11.75],"texture":"#main"},"north":{"uv":[4.375,11,4.375,11.75],"texture":"#main"},"west":{"uv":[4.375,11,5.375,11.75],"texture":"#main"},"up":{"uv":[4.375,11,4.375,10],"texture":"#main"},"down":{"uv":[4.375,10,4.375,11],"texture":"#main"}}},{"rotation":{"origin":[16,7.93561,19.96389],"angle":22.5,"axis":"x"},"from":[5.5,5.1744,19.54585],"to":[10.5,10.1744,23.54585],"faces":{"east":{"uv":[9.75,0.5,10.25,1.125],"texture":"#main"},"south":{"uv":[11.375,0.5,12,1.125],"texture":"#main"},"north":{"uv":[10.25,0.5,10.875,1.125],"texture":"#main"},"west":{"uv":[10.875,0.5,11.375,1.125],"texture":"#main"},"up":{"uv":[10.875,0.5,10.25,0],"texture":"#main"},"down":{"uv":[11.5,0,10.875,0.5],"texture":"#main"}}},{"rotation":{"origin":[16,12.93561,15.96389],"angle":22.5,"axis":"x"},"from":[5.5,10.1744,15.54585],"to":[10.5,15.1744,19.54585],"faces":{"east":{"uv":[5,10.125,5.5,10.75],"texture":"#main"},"south":{"uv":[6.625,10.125,7.25,10.75],"texture":"#main"},"north":{"uv":[5.5,10.125,6.125,10.75],"texture":"#main"},"west":{"uv":[6.125,10.125,6.625,10.75],"texture":"#main"},"up":{"uv":[6.125,10.125,5.5,9.625],"texture":"#main"},"down":{"uv":[6.75,9.625,6.125,10.125],"texture":"#main"}}},{"rotation":{"origin":[15,11.93561,20.96389],"angle":-22.5,"axis":"y"},"from":[4.5,12.1744,20.54585],"to":[6.5,14.1744,24.54585],"faces":{"east":{"uv":[5,10.125,5.5,10.375],"texture":"#main"},"south":{"uv":[6.25,10.125,6.5,10.375],"texture":"#main"},"north":{"uv":[5.5,10.125,5.75,10.375],"texture":"#main"},"west":{"uv":[5.75,10.125,6.25,10.375],"texture":"#main"},"up":{"uv":[5.75,10.125,5.5,9.625],"texture":"#main"},"down":{"uv":[6,9.625,5.75,10.125],"texture":"#main"}}},{"rotation":{"origin":[2,11.93561,23.96389],"angle":22.5,"axis":"y"},"from":[10.5,12.1744,20.38193],"to":[12.5,14.1744,24.38193],"faces":{"east":{"uv":[5,10.125,5.5,10.375],"texture":"#main"},"south":{"uv":[6.25,10.125,6.5,10.375],"texture":"#main"},"north":{"uv":[5.5,10.125,5.75,10.375],"texture":"#main"},"west":{"uv":[5.75,10.125,6.25,10.375],"texture":"#main"},"up":{"uv":[5.75,10.125,5.5,9.625],"texture":"#main"},"down":{"uv":[6,9.625,5.75,10.125],"texture":"#main"}}},{"rotation":{"origin":[16,5.93561,22.96389],"angle":22.5,"axis":"x"},"from":[5.99,4.1644,22.53585],"to":[10.01,8.1844,26.55585],"faces":{"east":{"uv":[0,11.5,0.5,12],"texture":"#main"},"south":{"uv":[1.5,11.5,2,12],"texture":"#main"},"north":{"uv":[0.5,11.5,1,12],"texture":"#main"},"west":{"uv":[1,11.5,1.5,12],"texture":"#main"},"up":{"uv":[1,11.5,0.5,11],"texture":"#main"},"down":{"uv":[1.5,11,1,11.5],"texture":"#main"}}},{"rotation":{"origin":[7,10.91292,22.76659],"angle":45,"axis":"x"},"from":[4.8,9.5,17.0132],"to":[11.2,9.9,25.59441],"faces":{"east":{"uv":[0.625,13.75,1.625,13.75],"texture":"#main"},"south":{"uv":[3.375,13.75,4.125,13.75],"texture":"#main"},"north":{"uv":[1.625,13.75,2.375,13.75],"texture":"#main"},"west":{"uv":[2.375,13.75,3.375,13.75],"texture":"#main"},"up":{"uv":[2.375,13.75,1.625,12.75],"texture":"#main"},"down":{"uv":[3.125,12.75,2.375,13.75],"texture":"#main"}}},{"rotation":{"origin":[8,3.93561,24.96389],"angle":22.5,"axis":"x"},"from":[6.99,4.1644,24.53585],"to":[9.01,6.1844,28.55585],"faces":{"east":{"uv":[9.75,1.875,10.25,2.125],"texture":"#main"},"south":{"uv":[11,1.875,11.25,2.125],"texture":"#main"},"north":{"uv":[10.25,1.875,10.5,2.125],"texture":"#main"},"west":{"uv":[10.5,1.875,11,2.125],"texture":"#main"},"up":{"uv":[10.5,1.875,10.25,1.375],"texture":"#main"},"down":{"uv":[10.75,1.375,10.5,1.875],"texture":"#main"}}},{"rotation":{"origin":[16,9.19239,23.29289],"angle":-45,"axis":"x"},"from":[4.99,9.32452,16.93975],"to":[11.01,16.34452,22.95975],"faces":{"east":{"uv":[0,10,0.75,10.875],"texture":"#main"},"south":{"uv":[2.25,10,3,10.875],"texture":"#main"},"north":{"uv":[0.75,10,1.5,10.875],"texture":"#main"},"west":{"uv":[1.5,10,2.25,10.875],"texture":"#main"},"up":{"uv":[1.5,10,0.75,9.25],"texture":"#main"},"down":{"uv":[2.25,9.25,1.5,10],"texture":"#main"}}},{"rotation":{"origin":[12,19,5],"angle":0,"axis":"y"},"from":[6,11,-7],"to":[10,15,4],"faces":{"east":{"uv":[2.875,4.25,4.25,4.75],"texture":"#main"},"south":{"uv":[6.125,4.25,6.625,4.75],"texture":"#main"},"north":{"uv":[4.25,4.25,4.75,4.75],"texture":"#main"},"west":{"uv":[4.75,4.25,6.125,4.75],"texture":"#main"},"up":{"uv":[4.75,4.25,4.25,2.875],"texture":"#main"},"down":{"uv":[5.25,2.875,4.75,4.25],"texture":"#main"}}}],"display":{"head":{"translation":[0,-36.75,-1.75],"scale":[0.77,0.77,0.77]}},"groups":[{"children":[{"children":[0,1],"origin":[8,8,8],"name":"Head"},{"children":[{"children":[2,3,4,{"children":[5,6,7,8,9],"origin":[12,17,12],"name":"Front Right Leg"},{"children":[10,11,12,13],"origin":[12,17,12],"name":"Back Right Leg"},{"children":[14,15,16,17],"origin":[12,17,12],"name":"Back Left Leg"},{"children":[18,19,20],"origin":[12,17,12],"name":"Front Left Leg"}],"origin":[12,17,8],"name":"Legs"},21,22,23,24],"origin":[12,16.05025,2.05025],"name":"Ears"},{"children":[25,26,27,28,29,30,31,32,33,34,35,36,37,38],"origin":[12.9,29.30862,18.82087],"name":"Tail"},39],"origin":[8,8,8],"name":"Everything"}]}