{"parent":"physical_parent","textures":{"main":"pokemon/primeape"},"elements":[{"from":[5,6,3],"to":[15,16,13],"faces":{"north":{"uv":[8.25,0,10.75,2.5],"rotation":90,"texture":"#main"},"east":{"uv":[8.25,0,10.75,2.5],"texture":"#main"},"south":{"uv":[2.75,0,5.25,2.5],"texture":"#main"},"west":{"uv":[0,0,2.5,2.5],"texture":"#main"},"up":{"uv":[8.25,0,10.75,2.5],"rotation":180,"texture":"#main"},"down":{"uv":[5.5,0,8,2.5],"texture":"#main"}}},{"from":[8,10,-3],"to":[11,13,3],"faces":{"north":{"uv":[0,5,0.75,5.75],"texture":"#main"},"east":{"uv":[1.75,5,3.25,5.75],"texture":"#main"},"west":{"uv":[0,4,1.5,4.75],"texture":"#main"},"up":{"uv":[0,3,1.5,3.75],"rotation":90,"texture":"#main"},"down":{"uv":[1.75,5,3.25,5.75],"rotation":90,"texture":"#main"}}},{"from":[8,10,13],"to":[11,13,19],"faces":{"east":{"uv":[0,5,1.5,5.75],"texture":"#main"},"south":{"uv":[0,5,0.75,5.75],"texture":"#main"},"west":{"uv":[1.75,4,3.25,4.75],"texture":"#main"},"up":{"uv":[1.75,3,3.25,3.75],"rotation":90,"texture":"#main"},"down":{"uv":[0,5,1.5,5.75],"rotation":90,"texture":"#main"}}},{"from":[8,13,-3],"to":[11,18,0],"faces":{"north":{"uv":[6.25,3,7,4.25],"texture":"#main"},"east":{"uv":[5.25,4.5,6,5.75],"texture":"#main"},"south":{"uv":[7.25,3,8,4.25],"texture":"#main"},"west":{"uv":[4.25,3,5,4.25],"texture":"#main"}}},{"from":[8,13,16],"to":[11,18,19],"faces":{"north":{"uv":[6.25,3,7,4.25],"texture":"#main"},"east":{"uv":[4.25,4.5,5,5.75],"texture":"#main"},"south":{"uv":[7.25,3,8,4.25],"texture":"#main"},"west":{"uv":[5.25,3,6,4.25],"texture":"#main"}}},{"from":[8,18,-3],"to":[11,21,2],"faces":{"north":{"uv":[7.5,6.25,8.25,7],"texture":"#main"},"east":{"uv":[6,6.25,7.25,7],"texture":"#main"},"south":{"uv":[7.5,6.25,8.25,7],"texture":"#main"},"west":{"uv":[4.25,6.25,5.5,7],"texture":"#main"},"up":{"uv":[8.25,5,9.5,5.75],"rotation":270,"texture":"#main"},"down":{"uv":[4.25,7.25,5.5,8],"rotation":270,"texture":"#main"}}},{"from":[8,18,14],"to":[11,21,19],"faces":{"north":{"uv":[7.5,6.25,8.25,7],"texture":"#main"},"east":{"uv":[4.25,6.25,5.5,7],"texture":"#main"},"south":{"uv":[7.5,6.25,8.25,7],"texture":"#main"},"west":{"uv":[6,6.25,7.25,7],"texture":"#main"},"up":{"uv":[6.5,5,7.75,5.75],"rotation":270,"texture":"#main"},"down":{"uv":[4.25,7.25,5.5,8],"rotation":270,"texture":"#main"}}},{"from":[4,0,1],"to":[11,2,6],"faces":{"north":{"uv":[7.25,9,7.75,10.5],"rotation":270,"texture":"#main"},"east":{"uv":[5.75,8.25,7,8.75],"texture":"#main"},"south":{"uv":[7.25,9,7.75,10.5],"rotation":90,"texture":"#main"},"west":{"uv":[4.25,11,5.5,11.5],"texture":"#main"},"up":{"uv":[4.25,9,5.5,10.75],"rotation":90,"texture":"#main"},"down":{"uv":[5.75,9,7,10.75],"rotation":90,"texture":"#main"}}},{"from":[4,0,10],"to":[11,2,15],"faces":{"north":{"uv":[7.25,9,7.75,10.5],"rotation":270,"texture":"#main"},"east":{"uv":[5.75,8.25,7,8.75],"texture":"#main"},"south":{"uv":[7.25,9,7.75,10.5],"rotation":90,"texture":"#main"},"west":{"uv":[5.75,11,7,11.5],"texture":"#main"},"up":{"uv":[5.75,9,7,10.75],"rotation":90,"texture":"#main"},"down":{"uv":[4.25,9,5.5,10.75],"rotation":90,"texture":"#main"}}},{"from":[8,2,2],"to":[11,7,5],"faces":{"north":{"uv":[7.25,3,8,4.25],"rotation":180,"texture":"#main"},"east":{"uv":[5.25,4.5,6,5.75],"rotation":180,"texture":"#main"},"south":{"uv":[6.25,3,7,4.25],"rotation":180,"texture":"#main"},"west":{"uv":[4.25,3,5,4.25],"rotation":180,"texture":"#main"},"up":{"uv":[7.5,6.25,8.25,7],"rotation":180,"texture":"#main"}}},{"from":[8,2,11],"to":[11,7,14],"faces":{"north":{"uv":[7.25,3,8,4.25],"rotation":180,"texture":"#main"},"east":{"uv":[5.25,4.5,6,5.75],"rotation":180,"texture":"#main"},"south":{"uv":[6.25,3,7,4.25],"rotation":180,"texture":"#main"},"west":{"uv":[4.25,3,5,4.25],"rotation":180,"texture":"#main"},"up":{"uv":[7.5,6.25,8.25,7],"texture":"#main"}}},{"from":[8,15,9],"to":[8.1,19,12],"faces":{"east":{"uv":[1.25,8,2,9],"texture":"#main"},"west":{"uv":[0.25,8,1,9],"texture":"#main"}}},{"from":[8,15,4],"to":[8.1,19,7],"faces":{"east":{"uv":[1.25,8,2,9],"texture":"#main"},"west":{"uv":[0.25,8,1,9],"texture":"#main"}}}],"display":{"thirdperson_lefthand":{"scale":[0.0001,0.0001,0.0001]},"firstperson_righthand":{"scale":[0.0001,0.0001,0.0001]},"firstperson_lefthand":{"scale":[0.0001,0.0001,0.0001]},"head":{"rotation":[0,-90,0],"translation":[0,-32,-1.391],"scale":[1.4,1.4,1.4]}}}