{"parent":"physical_parent","textures":{"main":"pokemon/quilava"},"elements":[{"rotation":{"origin":[18,9,19],"angle":0,"axis":"y"},"from":[5,11,5],"to":[11,18,12],"faces":{"east":{"uv":[4.5,3.375,5.375,4.25],"texture":"#main"},"south":{"uv":[7,3.375,7.75,4.25],"texture":"#main"},"north":{"uv":[5.375,3.375,6.125,4.25],"texture":"#main"},"west":{"uv":[6.125,3.375,7,4.25],"texture":"#main"},"up":{"uv":[6.125,3.375,5.375,2.5],"texture":"#main"},"down":{"uv":[6.875,2.5,6.125,3.375],"texture":"#main"}}},{"rotation":{"origin":[18,2,19],"angle":0,"axis":"y"},"from":[4,0,4.01],"to":[12,11,13.01],"faces":{"east":{"uv":[4.5,1.125,5.625,2.5],"texture":"#main"},"south":{"uv":[7.75,1.125,8.75,2.5],"texture":"#main"},"north":{"uv":[5.625,1.125,6.625,2.5],"texture":"#main"},"west":{"uv":[6.625,1.125,7.75,2.5],"texture":"#main"},"up":{"uv":[6.625,1.125,5.625,0],"texture":"#main"},"down":{"uv":[7.625,0,6.625,1.125],"texture":"#main"}}},{"rotation":{"origin":[10,2,19.01],"angle":0,"axis":"y"},"from":[1,-1,4],"to":[5,8,13],"faces":{"east":{"uv":[2.875,7.625,4,8.75],"texture":"#main"},"south":{"uv":[5.625,7.625,6.125,8.75],"texture":"#main"},"north":{"uv":[4,7.625,4.5,8.75],"texture":"#main"},"west":{"uv":[4.5,7.625,5.625,8.75],"texture":"#main"},"up":{"uv":[4.5,7.625,4,6.5],"texture":"#main"},"down":{"uv":[5,6.5,4.5,7.625],"texture":"#main"}}},{"rotation":{"origin":[20,2,19.01],"angle":0,"axis":"y"},"from":[11,-1,4],"to":[15,8,13],"faces":{"east":{"uv":[5.375,6.5,6.5,7.625],"texture":"#main"},"south":{"uv":[8.125,6.5,8.625,7.625],"texture":"#main"},"north":{"uv":[6.5,6.5,7,7.625],"texture":"#main"},"west":{"uv":[7,6.5,8.125,7.625],"texture":"#main"},"up":{"uv":[7,6.5,6.5,5.375],"texture":"#main"},"down":{"uv":[7.5,5.375,7,6.5],"texture":"#main"}}},{"rotation":{"origin":[18,10,25],"angle":0,"axis":"y"},"from":[8,0,11],"to":[8,18,27],"faces":{"east":{"uv":[0,1.875,2,4.125],"texture":"#main"},"south":{"uv":[15.875,2.375,16,4.625],"texture":"#main"},"north":{"uv":[14.375,2.25,14.5,4.5],"texture":"#main"},"west":{"uv":[14,2.25,16,4.5],"texture":"#main"},"up":{"uv":[13.5,2.875,13.375,0.875],"texture":"#main"},"down":{"uv":[16,0.625,15.875,2.625],"texture":"#main"}}},{"rotation":{"origin":[18,26,18],"angle":0,"axis":"y"},"from":[8,22,4],"to":[8,32,20],"faces":{"east":{"uv":[14,2,16,3.25],"texture":"#main"},"south":{"uv":[15.125,3.25,15.25,4.5],"texture":"#main"},"north":{"uv":[12.875,3.625,13,4.875],"texture":"#main"},"west":{"uv":[4.375,4.25,6.375,5.5],"texture":"#main"},"up":{"uv":[14.375,3.625,14.25,1.625],"texture":"#main"},"down":{"uv":[15,1.75,14.875,3.75],"texture":"#main"}}},{"rotation":{"origin":[21,26,14],"angle":0,"axis":"y"},"from":[11,22,8],"to":[11,30,14],"faces":{"east":{"uv":[2.25,0.75,3,1.75],"texture":"#main"},"south":{"uv":[3.875,0.75,4,1.75],"texture":"#main"},"north":{"uv":[3,0.75,3.125,1.75],"texture":"#main"},"west":{"uv":[0.875,0.75,1.625,1.75],"texture":"#main"},"up":{"uv":[3.125,0.75,3,0],"texture":"#main"},"down":{"uv":[3.25,0,3.125,0.75],"texture":"#main"}}},{"rotation":{"origin":[15,26,14],"angle":0,"axis":"y"},"from":[5,22,8],"to":[5,30,14],"faces":{"east":{"uv":[2.25,0.75,3,1.75],"texture":"#main"},"south":{"uv":[1.625,0.75,1.75,1.75],"texture":"#main"},"north":{"uv":[0.75,0.75,0.875,1.75],"texture":"#main"},"west":{"uv":[0.875,0.75,1.625,1.75],"texture":"#main"},"up":{"uv":[0.875,0.75,0.75,0],"texture":"#main"},"down":{"uv":[1,0,0.875,0.75],"texture":"#main"}}},{"rotation":{"origin":[20,9,17],"angle":22.5,"axis":"x"},"from":[11,1,4],"to":[14,12,7],"faces":{"east":{"uv":[7.5,4.25,7.875,5.625],"texture":"#main"},"south":{"uv":[8.625,4.25,9,5.625],"texture":"#main"},"north":{"uv":[7.875,4.25,8.25,5.625],"texture":"#main"},"west":{"uv":[8.25,4.25,8.625,5.625],"texture":"#main"},"up":{"uv":[8.25,4.25,7.875,3.875],"texture":"#main"},"down":{"uv":[8.625,3.875,8.25,4.25],"texture":"#main"}}},{"rotation":{"origin":[11,9,17],"angle":22.5,"axis":"x"},"from":[2,1,4],"to":[5,12,7],"faces":{"east":{"uv":[0,7.875,0.375,9.25],"texture":"#main"},"south":{"uv":[1.125,7.875,1.5,9.25],"texture":"#main"},"north":{"uv":[0.375,7.875,0.75,9.25],"texture":"#main"},"west":{"uv":[0.75,7.875,1.125,9.25],"texture":"#main"},"up":{"uv":[0.75,7.875,0.375,7.5],"texture":"#main"},"down":{"uv":[1.125,7.5,0.75,7.875],"texture":"#main"}}},{"rotation":{"origin":[20,1,19],"angle":0,"axis":"y"},"from":[11,-4,8],"to":[15,-1,11],"faces":{"east":{"uv":[3,5.875,3.375,6.25],"texture":"#main"},"south":{"uv":[4.25,5.875,4.75,6.25],"texture":"#main"},"north":{"uv":[3.375,5.875,3.875,6.25],"texture":"#main"},"west":{"uv":[3.875,5.875,4.25,6.25],"texture":"#main"},"up":{"uv":[3.875,5.875,3.375,5.5],"texture":"#main"},"down":{"uv":[4.375,5.5,3.875,5.875],"texture":"#main"}}},{"rotation":{"origin":[10,1,19],"angle":0,"axis":"y"},"from":[1,-4,8],"to":[5,-1,11],"faces":{"east":{"uv":[3.25,0.375,3.625,0.75],"texture":"#main"},"south":{"uv":[4.5,0.375,5,0.75],"texture":"#main"},"north":{"uv":[3.625,0.375,4.125,0.75],"texture":"#main"},"west":{"uv":[4.125,0.375,4.5,0.75],"texture":"#main"},"up":{"uv":[4.125,0.375,3.625,0],"texture":"#main"},"down":{"uv":[4.625,0,4.125,0.375],"texture":"#main"}}},{"rotation":{"origin":[20,1,14],"angle":0,"axis":"y"},"from":[11,-4,5],"to":[15,-2,8],"faces":{"east":{"uv":[6.875,2.875,7.25,3.125],"texture":"#main"},"south":{"uv":[8.125,2.875,8.625,3.125],"texture":"#main"},"north":{"uv":[7.25,2.875,7.75,3.125],"texture":"#main"},"west":{"uv":[7.75,2.875,8.125,3.125],"texture":"#main"},"up":{"uv":[7.75,2.875,7.25,2.5],"texture":"#main"},"down":{"uv":[8.25,2.5,7.75,2.875],"texture":"#main"}}},{"rotation":{"origin":[10,1,14],"angle":0,"axis":"y"},"from":[1,-4,5],"to":[5,-2,8],"faces":{"east":{"uv":[4.75,5.875,5.125,6.125],"texture":"#main"},"south":{"uv":[6,5.875,6.5,6.125],"texture":"#main"},"north":{"uv":[5.125,5.875,5.625,6.125],"texture":"#main"},"west":{"uv":[5.625,5.875,6,6.125],"texture":"#main"},"up":{"uv":[5.625,5.875,5.125,5.5],"texture":"#main"},"down":{"uv":[6.125,5.5,5.625,5.875],"texture":"#main"}}},{"rotation":{"origin":[18,26,19],"angle":0,"axis":"y"},"from":[4,18,4],"to":[12,26,12],"faces":{"east":{"uv":[0,6.5,1,7.5],"texture":"#main"},"south":{"uv":[3,6.5,4,7.5],"texture":"#main"},"north":{"uv":[1,6.5,2,7.5],"texture":"#main"},"west":{"uv":[2,6.5,3,7.5],"texture":"#main"},"up":{"uv":[2,6.5,1,5.5],"texture":"#main"},"down":{"uv":[3,5.5,2,6.5],"texture":"#main"}}},{"rotation":{"origin":[18,26,11],"angle":0,"axis":"y"},"from":[5,18,1],"to":[11,23,4],"faces":{"east":{"uv":[0,4.625,0.375,5.25],"texture":"#main"},"south":{"uv":[1.5,4.625,2.25,5.25],"texture":"#main"},"north":{"uv":[0.375,4.625,1.125,5.25],"texture":"#main"},"west":{"uv":[1.125,4.625,1.5,5.25],"texture":"#main"},"up":{"uv":[1.125,4.625,0.375,4.25],"texture":"#main"},"down":{"uv":[1.875,4.25,1.125,4.625],"texture":"#main"}}}],"display":{"head":{"translation":[0,-31,0],"scale":[1.00195,1.00195,1.00195]}},"credit":"Made with Blockbench"}