{"credit":"Made with Blockbench","texture_size":[256,256],"textures":{"main":"pokemon/regigigas"},"elements":[{"from":[0.16965,5.45219,1.73961],"to":[18.87981,24.16235,10.47102],"rotation":{"angle":0,"axis":"y","origin":[7.65372,-4.52656,8.6]},"faces":{"north":{"uv":[0.875,0.875,2.75,2.75],"texture":"#main"},"east":{"uv":[0,0.875,0.875,2.75],"texture":"#main"},"south":{"uv":[3.625,0.875,5.5,2.75],"texture":"#main"},"west":{"uv":[2.75,0.875,3.625,2.75],"texture":"#main"},"up":{"uv":[2.75,0.875,0.875,0],"texture":"#main"},"down":{"uv":[4.625,0,2.75,0.875],"texture":"#main"}}},{"from":[2.52402,10.44157,1.11594],"to":[4.67568,12.53087,1.73961],"rotation":{"angle":0,"axis":"y","origin":[7.65372,-4.52656,8.6]},"faces":{"north":{"uv":[0.0625,3.4375,0.25,3.625],"texture":"#main"},"east":{"uv":[0,3.4375,0.0625,3.625],"texture":"#main"},"south":{"uv":[0.3125,3.4375,0.5,3.625],"texture":"#main"},"west":{"uv":[0.25,3.4375,0.3125,3.625],"texture":"#main"},"up":{"uv":[0.25,3.4375,0.0625,3.375],"texture":"#main"},"down":{"uv":[0.4375,3.375,0.25,3.4375],"texture":"#main"}}},{"from":[2.52402,14.1836,1.11594],"to":[4.67568,16.2729,1.73961],"rotation":{"angle":0,"axis":"y","origin":[7.65372,-4.52656,8.6]},"faces":{"north":{"uv":[0.5625,3.1875,0.75,3.375],"texture":"#main"},"east":{"uv":[0.5,3.1875,0.5625,3.375],"texture":"#main"},"south":{"uv":[0.8125,3.1875,1,3.375],"texture":"#main"},"west":{"uv":[0.75,3.1875,0.8125,3.375],"texture":"#main"},"up":{"uv":[0.75,3.1875,0.5625,3.125],"texture":"#main"},"down":{"uv":[0.9375,3.125,0.75,3.1875],"texture":"#main"}}},{"from":[2.52402,17.92563,1.11594],"to":[4.67568,20.01493,1.73961],"rotation":{"angle":0,"axis":"y","origin":[7.65372,-4.52656,8.6]},"faces":{"north":{"uv":[0.0625,3.1875,0.25,3.375],"texture":"#main"},"east":{"uv":[0,3.1875,0.0625,3.375],"texture":"#main"},"south":{"uv":[0.3125,3.1875,0.5,3.375],"texture":"#main"},"west":{"uv":[0.25,3.1875,0.3125,3.375],"texture":"#main"},"up":{"uv":[0.25,3.1875,0.0625,3.125],"texture":"#main"},"down":{"uv":[0.4375,3.125,0.25,3.1875],"texture":"#main"}}},{"from":[2.35251,21.04399,1.05357],"to":[4.53536,24.41182,10.78285],"rotation":{"angle":0,"axis":"y","origin":[7.65372,-4.52656,8.6]},"faces":{"north":{"uv":[6.4375,2.4375,6.625,2.75],"texture":"#main"},"east":{"uv":[5.5,2.4375,6.4375,2.75],"texture":"#main"},"south":{"uv":[7.5625,2.4375,7.75,2.75],"texture":"#main"},"west":{"uv":[6.625,2.4375,7.5625,2.75],"texture":"#main"},"up":{"uv":[6.625,2.4375,6.4375,1.5],"texture":"#main"},"down":{"uv":[6.8125,1.5,6.625,2.4375],"texture":"#main"}}},{"from":[14.31142,17.92563,1.11594],"to":[16.46309,20.01493,1.73961],"shade":false,"rotation":{"angle":0,"axis":"y","origin":[11.14628,-4.52656,8.6]},"faces":{"north":{"uv":[0.25,3.1875,0.0625,3.375],"texture":"#main"},"east":{"uv":[0.3125,3.1875,0.25,3.375],"texture":"#main"},"south":{"uv":[0.5,3.1875,0.3125,3.375],"texture":"#main"},"west":{"uv":[0.0625,3.1875,0,3.375],"texture":"#main"},"up":{"uv":[0.0625,3.1875,0.25,3.125],"texture":"#main"},"down":{"uv":[0.25,3.125,0.4375,3.1875],"texture":"#main"}}},{"from":[14.31142,14.1836,1.11594],"to":[16.46309,16.2729,1.73961],"shade":false,"rotation":{"angle":0,"axis":"y","origin":[11.14628,-4.52656,8.6]},"faces":{"north":{"uv":[0.75,3.1875,0.5625,3.375],"texture":"#main"},"east":{"uv":[0.8125,3.1875,0.75,3.375],"texture":"#main"},"south":{"uv":[1,3.1875,0.8125,3.375],"texture":"#main"},"west":{"uv":[0.5625,3.1875,0.5,3.375],"texture":"#main"},"up":{"uv":[0.5625,3.1875,0.75,3.125],"texture":"#main"},"down":{"uv":[0.75,3.125,0.9375,3.1875],"texture":"#main"}}},{"from":[14.31142,10.44157,1.11594],"to":[16.46309,12.53087,1.73961],"shade":false,"rotation":{"angle":0,"axis":"y","origin":[11.14628,-4.52656,8.6]},"faces":{"north":{"uv":[0.25,3.4375,0.0625,3.625],"texture":"#main"},"east":{"uv":[0.3125,3.4375,0.25,3.625],"texture":"#main"},"south":{"uv":[0.5,3.4375,0.3125,3.625],"texture":"#main"},"west":{"uv":[0.0625,3.4375,0,3.625],"texture":"#main"},"up":{"uv":[0.0625,3.4375,0.25,3.375],"texture":"#main"},"down":{"uv":[0.25,3.375,0.4375,3.4375],"texture":"#main"}}},{"from":[14.45174,21.04399,1.05357],"to":[16.6346,24.41182,10.78285],"shade":false,"rotation":{"angle":0,"axis":"y","origin":[11.14628,-4.52656,8.6]},"faces":{"north":{"uv":[6.625,2.4375,6.4375,2.75],"texture":"#main"},"east":{"uv":[7.5625,2.4375,6.625,2.75],"texture":"#main"},"south":{"uv":[7.75,2.4375,7.5625,2.75],"texture":"#main"},"west":{"uv":[6.4375,2.4375,5.5,2.75],"texture":"#main"},"up":{"uv":[6.4375,2.4375,6.625,1.5],"texture":"#main"},"down":{"uv":[6.625,1.5,6.8125,2.4375],"texture":"#main"}}},{"from":[-2.44977,14.80727,-0.75508],"to":[0.79333,26.03337,11.09469],"rotation":{"angle":0,"axis":"y","origin":[0.79333,20.42032,6.10531]},"faces":{"north":{"uv":[1.1875,5.4375,1.5,6.5625],"texture":"#main"},"east":{"uv":[0,5.4375,1.1875,6.5625],"texture":"#main"},"south":{"uv":[2.6875,5.4375,3,6.5625],"texture":"#main"},"west":{"uv":[1.5,5.4375,2.6875,6.5625],"texture":"#main"},"up":{"uv":[1.5,5.4375,1.1875,4.25],"texture":"#main"},"down":{"uv":[1.8125,4.25,1.5,5.4375],"texture":"#main"}}},{"from":[18.00667,14.80727,-0.75508],"to":[21.24977,26.03337,11.09469],"shade":false,"rotation":{"angle":0,"axis":"y","origin":[18.00667,20.42032,6.10531]},"faces":{"north":{"uv":[1.5,5.4375,1.1875,6.5625],"texture":"#main"},"east":{"uv":[2.6875,5.4375,1.5,6.5625],"texture":"#main"},"south":{"uv":[3,5.4375,2.6875,6.5625],"texture":"#main"},"west":{"uv":[1.1875,5.4375,0,6.5625],"texture":"#main"},"up":{"uv":[1.1875,5.4375,1.5,4.25],"texture":"#main"},"down":{"uv":[1.5,4.25,1.8125,5.4375],"texture":"#main"}}},{"from":[-0.45402,23.91288,6.10531],"to":[7.03005,29.52593,6.10531],"rotation":{"angle":0,"axis":"y","origin":[7.65372,-4.52656,8.6]},"faces":{"north":{"uv":[4.625,0,5.375,0.5625],"texture":"#main"},"east":{"uv":[4.625,0,4.625,0.5625],"texture":"#main"},"south":{"uv":[5.375,0,6.125,0.5625],"texture":"#main"},"west":{"uv":[5.375,0,5.375,0.5625],"texture":"#main"},"up":{"uv":[5.375,0,4.625,0],"texture":"#main"},"down":{"uv":[6.125,0,5.375,0],"texture":"#main"}}},{"from":[11.76995,23.91288,6.10531],"to":[19.25402,29.52593,6.10531],"shade":false,"rotation":{"angle":0,"axis":"y","origin":[11.14628,-4.52656,8.6]},"faces":{"north":{"uv":[5.375,0,4.625,0.5625],"texture":"#main"},"east":{"uv":[5.375,0,5.375,0.5625],"texture":"#main"},"south":{"uv":[6.125,0,5.375,0.5625],"texture":"#main"},"west":{"uv":[4.625,0,4.625,0.5625],"texture":"#main"},"up":{"uv":[4.625,0,5.375,0],"texture":"#main"},"down":{"uv":[5.375,0,6.125,0],"texture":"#main"}}},{"from":[-0.20455,10.25447,3.86009],"to":[19.25402,12.31258,10.90759],"rotation":{"angle":0,"axis":"y","origin":[7.65372,-4.52656,8.6]},"faces":{"north":{"uv":[4.125,3.4375,6.0625,3.625],"texture":"#main"},"east":{"uv":[3.4375,3.4375,4.125,3.625],"texture":"#main"},"south":{"uv":[6.75,3.4375,8.6875,3.625],"texture":"#main"},"west":{"uv":[6.0625,3.4375,6.75,3.625],"texture":"#main"},"up":{"uv":[6.0625,3.4375,4.125,2.75],"texture":"#main"},"down":{"uv":[8,2.75,6.0625,3.4375],"texture":"#main"}}},{"from":[7.65372,10.44157,1.44336],"to":[11.39575,12.93626,2.69071],"rotation":{"angle":0,"axis":"y","origin":[9.52473,14.49544,1.73961]},"faces":{"north":{"uv":[0.125,2.875,0.5,3.125],"texture":"#main"},"east":{"uv":[0,2.875,0.125,3.125],"texture":"#main"},"south":{"uv":[0.625,2.875,1,3.125],"texture":"#main"},"west":{"uv":[0.5,2.875,0.625,3.125],"texture":"#main"},"up":{"uv":[0.5,2.875,0.125,2.75],"texture":"#main"},"down":{"uv":[0.875,2.75,0.5,2.875],"texture":"#main"}}},{"from":[7.03005,12.31258,1.28745],"to":[12.01942,16.67829,2.53479],"rotation":{"angle":0,"axis":"y","origin":[9.52473,14.49544,1.73961]},"faces":{"north":{"uv":[4.5,5.9375,5,6.375],"texture":"#main"},"east":{"uv":[4.375,5.9375,4.5,6.375],"texture":"#main"},"south":{"uv":[5.125,5.9375,5.625,6.375],"texture":"#main"},"west":{"uv":[5,5.9375,5.125,6.375],"texture":"#main"},"up":{"uv":[5,5.9375,4.5,5.8125],"texture":"#main"},"down":{"uv":[5.5,5.8125,5,5.9375],"texture":"#main"}}},{"from":[6.40637,16.67829,1.11594],"to":[12.64309,28.52806,11.09469],"rotation":{"angle":0,"axis":"y","origin":[7.65372,-4.52656,8.6]},"faces":{"north":{"uv":[4.625,4.625,5.25,5.8125],"texture":"#main"},"east":{"uv":[3.625,4.625,4.625,5.8125],"texture":"#main"},"south":{"uv":[6.25,4.625,6.875,5.8125],"texture":"#main"},"west":{"uv":[5.25,4.625,6.25,5.8125],"texture":"#main"},"up":{"uv":[5.25,4.625,4.625,3.625],"texture":"#main"},"down":{"uv":[5.875,3.625,5.25,4.625],"texture":"#main"}}},{"from":[6.79617,28.52806,2.36328],"to":[12.30007,29.7754,9.84734],"rotation":{"angle":0,"axis":"y","origin":[7.65372,-4.52656,8.6]},"faces":{"north":{"uv":[7.5625,2.25,8.0625,2.375],"texture":"#main"},"east":{"uv":[6.8125,2.25,7.5625,2.375],"texture":"#main"},"south":{"uv":[8.8125,2.25,9.3125,2.375],"texture":"#main"},"west":{"uv":[8.0625,2.25,8.8125,2.375],"texture":"#main"},"up":{"uv":[8.0625,2.25,7.5625,1.5],"texture":"#main"},"down":{"uv":[8.5625,1.5,8.0625,2.25],"texture":"#main"}}},{"from":[11.14628,-5.15023,2.36328],"to":[18.00667,7.32321,9.84734],"rotation":{"angle":22.5,"axis":"x","origin":[14.55309,4.64142,4.70205]},"faces":{"north":{"uv":[5.875,6.5625,6.5625,7.8125],"texture":"#main"},"east":{"uv":[5.125,6.5625,5.875,7.8125],"texture":"#main"},"south":{"uv":[7.3125,6.5625,8,7.8125],"texture":"#main"},"west":{"uv":[6.5625,6.5625,7.3125,7.8125],"texture":"#main"},"up":{"uv":[6.5625,6.5625,5.875,5.8125],"texture":"#main"},"down":{"uv":[7.25,5.8125,6.5625,6.5625],"texture":"#main"}}},{"from":[10.80326,-3.90289,1.73961],"to":[18.25614,-1.4082,4.85797],"shade":false,"rotation":{"angle":22.5,"axis":"x","origin":[14.55309,4.64142,4.70205]},"faces":{"north":{"uv":[8.25,5.9375,7.5625,6.1875],"texture":"#main"},"east":{"uv":[8.5625,5.9375,8.25,6.1875],"texture":"#main"},"south":{"uv":[9.25,5.9375,8.5625,6.1875],"texture":"#main"},"west":{"uv":[7.5625,5.9375,7.25,6.1875],"texture":"#main"},"up":{"uv":[7.5625,5.9375,8.25,5.625],"texture":"#main"},"down":{"uv":[8.25,5.625,8.9375,5.9375],"texture":"#main"}}},{"from":[11.05273,-15.81502,-1.44112],"to":[18.05345,-3.34158,6.04294],"shade":false,"rotation":{"angle":0,"axis":"y","origin":[11.14628,-5.15023,8.6]},"faces":{"north":{"uv":[3.6875,6.5625,3,7.8125],"texture":"#main"},"east":{"uv":[4.4375,6.5625,3.6875,7.8125],"texture":"#main"},"south":{"uv":[5.125,6.5625,4.4375,7.8125],"texture":"#main"},"west":{"uv":[3,6.5625,2.25,7.8125],"texture":"#main"},"up":{"uv":[3,6.5625,3.6875,5.8125],"texture":"#main"},"down":{"uv":[3.6875,5.8125,4.375,6.5625],"texture":"#main"}}},{"from":[10.52261,-15.87739,-2.06479],"to":[18.63035,-9.64067,6.66662],"rotation":{"angle":0,"axis":"y","origin":[11.14628,-5.15023,8.6]},"faces":{"north":{"uv":[6.375,0.875,7.1875,1.5],"texture":"#main"},"east":{"uv":[5.5,0.875,6.375,1.5],"texture":"#main"},"south":{"uv":[8.0625,0.875,8.875,1.5],"texture":"#main"},"west":{"uv":[7.1875,0.875,8.0625,1.5],"texture":"#main"},"up":{"uv":[7.1875,0.875,6.375,0],"texture":"#main"},"down":{"uv":[8,0,7.1875,0.875],"texture":"#main"}}},{"from":[0.79333,-2.03187,2.36328],"to":[7.65372,7.94688,9.84734],"rotation":{"angle":-22.5,"axis":"x","origin":[7.65372,6.5748,8.6]},"faces":{"north":{"uv":[0.75,7.8125,1.4375,8.8125],"texture":"#main"},"east":{"uv":[0,7.8125,0.75,8.8125],"texture":"#main"},"south":{"uv":[2.1875,7.8125,2.875,8.8125],"texture":"#main"},"west":{"uv":[1.4375,7.8125,2.1875,8.8125],"texture":"#main"},"up":{"uv":[1.4375,7.8125,0.75,7.0625],"texture":"#main"},"down":{"uv":[2.125,7.0625,1.4375,7.8125],"texture":"#main"}}},{"from":[0.54386,-0.78453,1.73961],"to":[7.99674,1.71016,4.85797],"rotation":{"angle":-22.5,"axis":"x","origin":[7.65372,6.5748,8.6]},"faces":{"north":{"uv":[7.5625,5.9375,8.25,6.1875],"texture":"#main"},"east":{"uv":[7.25,5.9375,7.5625,6.1875],"texture":"#main"},"south":{"uv":[8.5625,5.9375,9.25,6.1875],"texture":"#main"},"west":{"uv":[8.25,5.9375,8.5625,6.1875],"texture":"#main"},"up":{"uv":[8.25,5.9375,7.5625,5.625],"texture":"#main"},"down":{"uv":[8.9375,5.625,8.25,5.9375],"texture":"#main"}}},{"from":[0.74655,-15.00347,6.19742],"to":[7.74727,-2.53003,13.68149],"rotation":{"angle":-45,"axis":"x","origin":[4.11048,-3.12441,7.86136]},"faces":{"north":{"uv":[3,6.5625,3.6875,7.8125],"texture":"#main"},"east":{"uv":[2.25,6.5625,3,7.8125],"texture":"#main"},"south":{"uv":[4.4375,6.5625,5.125,7.8125],"texture":"#main"},"west":{"uv":[3.6875,6.5625,4.4375,7.8125],"texture":"#main"},"up":{"uv":[3.6875,6.5625,3,5.8125],"texture":"#main"},"down":{"uv":[4.375,5.8125,3.6875,6.5625],"texture":"#main"}}},{"from":[-0.07981,-15.06584,5.57375],"to":[8.02792,-8.82912,14.30516],"rotation":{"angle":-45,"axis":"x","origin":[4.11048,-3.12441,7.86136]},"faces":{"north":{"uv":[6.375,0.875,7.1875,1.5],"texture":"#main"},"east":{"uv":[5.5,0.875,6.375,1.5],"texture":"#main"},"south":{"uv":[8.0625,0.875,8.875,1.5],"texture":"#main"},"west":{"uv":[7.1875,0.875,8.0625,1.5],"texture":"#main"},"up":{"uv":[7.1875,0.875,6.375,0],"texture":"#main"},"down":{"uv":[8,0,7.1875,0.875],"texture":"#main"}}},{"name":"arm","from":[18.94218,3.08224,-3.1874],"to":[25.1789,16.61592,3.67299],"shade":false,"rotation":{"angle":-22.5,"axis":"x","origin":[23.19874,29.07377,-15.30223]},"faces":{"north":{"uv":[8.1875,4.3125,7.5625,5.625],"texture":"#main"},"east":{"uv":[8.875,4.3125,8.1875,5.625],"texture":"#main"},"south":{"uv":[9.5,4.3125,8.875,5.625],"texture":"#main"},"west":{"uv":[7.5625,4.3125,6.875,5.625],"texture":"#main"},"up":{"uv":[7.5625,4.3125,8.1875,3.625],"texture":"#main"},"down":{"uv":[8.1875,3.625,8.8125,4.3125],"texture":"#main"}}},{"name":"arm","from":[23.18315,9.47488,-2.96912],"to":[25.49074,12.21903,4.06279],"shade":false,"rotation":{"angle":-22.5,"axis":"x","origin":[23.19874,29.07377,-15.30223]},"faces":{"north":{"uv":[2.6875,4.9375,2.5,5.1875],"texture":"#main"},"east":{"uv":[3.375,4.9375,2.6875,5.1875],"texture":"#main"},"south":{"uv":[3.5625,4.9375,3.375,5.1875],"texture":"#main"},"west":{"uv":[2.5,4.9375,1.8125,5.1875],"texture":"#main"},"up":{"uv":[2.5,4.9375,2.6875,4.25],"texture":"#main"},"down":{"uv":[2.6875,4.25,2.875,4.9375],"texture":"#main"}}},{"name":"arm","from":[19.34757,0.72788,3.11169],"to":[25.49074,13.82499,9.76939],"shade":false,"rotation":{"angle":22.5,"axis":"x","origin":[22.09173,7.27643,7.60992]},"faces":{"north":{"uv":[8.5625,7.8125,8,9.125],"texture":"#main"},"east":{"uv":[9.1875,7.8125,8.5625,9.125],"texture":"#main"},"south":{"uv":[9.75,7.8125,9.1875,9.125],"texture":"#main"},"west":{"uv":[8,7.8125,7.375,9.125],"texture":"#main"},"up":{"uv":[8,7.8125,8.5625,7.1875],"texture":"#main"},"down":{"uv":[8.5625,7.1875,9.125,7.8125],"texture":"#main"}}},{"name":"arm","from":[16.8217,-0.0829,3.92246],"to":[28.20371,3.03546,15.89696],"shade":false,"rotation":{"angle":22.5,"axis":"x","origin":[33.28664,16.47559,7.94514]},"faces":{"north":{"uv":[2.3125,3.9375,1.1875,4.25],"texture":"#main"},"east":{"uv":[3.5,3.9375,2.3125,4.25],"texture":"#main"},"south":{"uv":[4.625,3.9375,3.5,4.25],"texture":"#main"},"west":{"uv":[1.1875,3.9375,0,4.25],"texture":"#main"},"up":{"uv":[1.1875,3.9375,2.3125,2.75],"texture":"#main"},"down":{"uv":[2.3125,2.75,3.4375,3.9375],"texture":"#main"}}},{"name":"finger","from":[20.92234,-0.80012,-0.02227],"to":[23.32348,1.6322,1.98908],"shade":false,"rotation":{"angle":22.5,"axis":"x","origin":[22.16189,0.41604,0.98341]},"faces":{"north":{"uv":[0.375,0.1875,0.1875,0.375],"texture":"#main"},"east":{"uv":[0.5625,0.1875,0.375,0.375],"texture":"#main"},"south":{"uv":[0.75,0.1875,0.5625,0.375],"texture":"#main"},"west":{"uv":[0.1875,0.1875,0,0.375],"texture":"#main"},"up":{"uv":[0.1875,0.1875,0.375,0],"texture":"#main"},"down":{"uv":[0.375,0,0.5625,0.1875],"texture":"#main"}}},{"name":"finger","from":[21.10944,-2.99856,-0.20937],"to":[23.13638,-0.23882,1.49014],"shade":false,"rotation":{"angle":0,"axis":"y","origin":[13.71893,19.01706,2.02026]},"faces":{"north":{"uv":[0.3125,0.5,0.125,0.75],"texture":"#main"},"east":{"uv":[0.4375,0.5,0.3125,0.75],"texture":"#main"},"south":{"uv":[0.625,0.5,0.4375,0.75],"texture":"#main"},"west":{"uv":[0.125,0.5,0,0.75],"texture":"#main"},"up":{"uv":[0.125,0.5,0.3125,0.375],"texture":"#main"},"down":{"uv":[0.3125,0.375,0.5,0.5],"texture":"#main"}}},{"name":"finger","from":[19.05132,-2.04746,2.59716],"to":[21.45246,0.38486,4.6085],"shade":false,"rotation":{"angle":0,"axis":"y","origin":[20.25189,-0.8313,3.60283]},"faces":{"north":{"uv":[0.375,0.1875,0.1875,0.375],"texture":"#main"},"east":{"uv":[0.5625,0.1875,0.375,0.375],"texture":"#main"},"south":{"uv":[0.75,0.1875,0.5625,0.375],"texture":"#main"},"west":{"uv":[0.1875,0.1875,0,0.375],"texture":"#main"},"up":{"uv":[0.1875,0.1875,0.375,0],"texture":"#main"},"down":{"uv":[0.375,0,0.5625,0.1875],"texture":"#main"}}},{"name":"finger","from":[19.48789,-4.43301,2.41006],"to":[21.51483,-1.67326,4.10956],"shade":false,"rotation":{"angle":0,"axis":"y","origin":[20.25189,-2.86603,3.25981]},"faces":{"north":{"uv":[0.3125,0.5,0.125,0.75],"texture":"#main"},"east":{"uv":[0.4375,0.5,0.3125,0.75],"texture":"#main"},"south":{"uv":[0.625,0.5,0.4375,0.75],"texture":"#main"},"west":{"uv":[0.125,0.5,0,0.75],"texture":"#main"},"up":{"uv":[0.125,0.5,0.3125,0.375],"texture":"#main"},"down":{"uv":[0.3125,0.375,0.5,0.5],"texture":"#main"}}},{"name":"finger","from":[24.0407,-2.04746,2.59716],"to":[26.44184,0.38486,4.6085],"shade":false,"rotation":{"angle":0,"axis":"y","origin":[25.24127,-0.8313,3.60283]},"faces":{"north":{"uv":[0.375,0.1875,0.1875,0.375],"texture":"#main"},"east":{"uv":[0.5625,0.1875,0.375,0.375],"texture":"#main"},"south":{"uv":[0.75,0.1875,0.5625,0.375],"texture":"#main"},"west":{"uv":[0.1875,0.1875,0,0.375],"texture":"#main"},"up":{"uv":[0.1875,0.1875,0.375,0],"texture":"#main"},"down":{"uv":[0.375,0,0.5625,0.1875],"texture":"#main"}}},{"name":"finger","from":[23.96274,-4.43301,2.41006],"to":[25.98968,-1.67326,4.10956],"shade":false,"rotation":{"angle":0,"axis":"y","origin":[25.24127,-2.86603,3.25981]},"faces":{"north":{"uv":[0.3125,0.5,0.125,0.75],"texture":"#main"},"east":{"uv":[0.4375,0.5,0.3125,0.75],"texture":"#main"},"south":{"uv":[0.625,0.5,0.4375,0.75],"texture":"#main"},"west":{"uv":[0.125,0.5,0,0.75],"texture":"#main"},"up":{"uv":[0.125,0.5,0.3125,0.375],"texture":"#main"},"down":{"uv":[0.3125,0.375,0.5,0.5],"texture":"#main"}}},{"name":"arm","from":[-6.3789,9.72435,0.11806],"to":[-0.14218,23.25803,6.97845],"rotation":{"angle":22.5,"axis":"x","origin":[-4.39874,16.5846,4.23025]},"faces":{"north":{"uv":[7.5625,4.3125,8.1875,5.625],"texture":"#main"},"east":{"uv":[6.875,4.3125,7.5625,5.625],"texture":"#main"},"south":{"uv":[8.875,4.3125,9.5,5.625],"texture":"#main"},"west":{"uv":[8.1875,4.3125,8.875,5.625],"texture":"#main"},"up":{"uv":[8.1875,4.3125,7.5625,3.625],"texture":"#main"},"down":{"uv":[8.8125,3.625,8.1875,4.3125],"texture":"#main"}}},{"name":"arm","from":[-6.6,15.30594,1.39628],"to":[-4.29241,18.05009,8.42819],"rotation":{"angle":22.5,"axis":"x","origin":[-4.39874,16.5846,4.23025]},"faces":{"north":{"uv":[2.5,4.9375,2.6875,5.1875],"texture":"#main"},"east":{"uv":[1.8125,4.9375,2.5,5.1875],"texture":"#main"},"south":{"uv":[3.375,4.9375,3.5625,5.1875],"texture":"#main"},"west":{"uv":[2.6875,4.9375,3.375,5.1875],"texture":"#main"},"up":{"uv":[2.6875,4.9375,2.5,4.25],"texture":"#main"},"down":{"uv":[2.875,4.25,2.6875,4.9375],"texture":"#main"}}},{"name":"arm","from":[-6.41009,-2.32812,-7.03858],"to":[-0.26692,10.769,-0.38088],"rotation":{"angle":45,"axis":"x","origin":[-3.29173,4.22044,-0.3419]},"faces":{"north":{"uv":[8,7.8125,8.5625,9.125],"texture":"#main"},"east":{"uv":[7.375,7.8125,8,9.125],"texture":"#main"},"south":{"uv":[9.1875,7.8125,9.75,9.125],"texture":"#main"},"west":{"uv":[8.5625,7.8125,9.1875,9.125],"texture":"#main"},"up":{"uv":[8.5625,7.8125,8,7.1875],"texture":"#main"},"down":{"uv":[9.125,7.1875,8.5625,7.8125],"texture":"#main"}}},{"name":"arm","from":[-6.6,-3.13889,-2.59491],"to":[4.78201,-0.02053,9.37959],"rotation":{"angle":45,"axis":"x","origin":[-14.48664,13.4196,-0.00667]},"faces":{"north":{"uv":[1.1875,3.9375,2.3125,4.25],"texture":"#main"},"east":{"uv":[0,3.9375,1.1875,4.25],"texture":"#main"},"south":{"uv":[3.5,3.9375,4.625,4.25],"texture":"#main"},"west":{"uv":[2.3125,3.9375,3.5,4.25],"texture":"#main"},"up":{"uv":[2.3125,3.9375,1.1875,2.75],"texture":"#main"},"down":{"uv":[3.4375,2.75,2.3125,3.9375],"texture":"#main"}}},{"name":"finger","from":[-2.12348,0.1687,-12.1],"to":[0.27766,2.60102,-10.08866],"rotation":{"angle":22.5,"axis":"x","origin":[-0.96189,1.38486,-11.65991]},"faces":{"north":{"uv":[0.1875,0.1875,0.375,0.375],"texture":"#main"},"east":{"uv":[0,0.1875,0.1875,0.375],"texture":"#main"},"south":{"uv":[0.5625,0.1875,0.75,0.375],"texture":"#main"},"west":{"uv":[0.375,0.1875,0.5625,0.375],"texture":"#main"},"up":{"uv":[0.375,0.1875,0.1875,0],"texture":"#main"},"down":{"uv":[0.5625,0,0.375,0.1875],"texture":"#main"}}},{"name":"finger","from":[-1.93638,-2.02975,-12.1],"to":[0.09056,0.73,-10.40049],"rotation":{"angle":0,"axis":"y","origin":[7.48107,19.98587,-10.62306]},"faces":{"north":{"uv":[0.125,0.5,0.3125,0.75],"texture":"#main"},"east":{"uv":[0,0.5,0.125,0.75],"texture":"#main"},"south":{"uv":[0.4375,0.5,0.625,0.75],"texture":"#main"},"west":{"uv":[0.3125,0.5,0.4375,0.75],"texture":"#main"},"up":{"uv":[0.3125,0.5,0.125,0.375],"texture":"#main"},"down":{"uv":[0.5,0.375,0.3125,0.5],"texture":"#main"}}},{"name":"finger","from":[0.14754,-2.07865,-9.34616],"to":[2.54868,0.35367,-7.33482],"rotation":{"angle":0,"axis":"y","origin":[1.34811,-0.86249,-8.34049]},"faces":{"north":{"uv":[0.1875,0.1875,0.375,0.375],"texture":"#main"},"east":{"uv":[0,0.1875,0.1875,0.375],"texture":"#main"},"south":{"uv":[0.5625,0.1875,0.75,0.375],"texture":"#main"},"west":{"uv":[0.375,0.1875,0.5625,0.375],"texture":"#main"},"up":{"uv":[0.375,0.1875,0.1875,0],"texture":"#main"},"down":{"uv":[0.5625,0,0.375,0.1875],"texture":"#main"}}},{"name":"finger","from":[0.08517,-4.46419,-9.53326],"to":[2.11211,-1.70444,-7.83376],"rotation":{"angle":-22.5,"axis":"z","origin":[1.34811,-2.89722,-8.68351]},"faces":{"north":{"uv":[0.125,0.5,0.3125,0.75],"texture":"#main"},"east":{"uv":[0,0.5,0.125,0.75],"texture":"#main"},"south":{"uv":[0.4375,0.5,0.625,0.75],"texture":"#main"},"west":{"uv":[0.3125,0.5,0.4375,0.75],"texture":"#main"},"up":{"uv":[0.3125,0.5,0.125,0.375],"texture":"#main"},"down":{"uv":[0.5,0.375,0.3125,0.5],"texture":"#main"}}},{"name":"finger","from":[-5,-2.07865,-9.34616],"to":[-2.59886,0.35367,-7.33482],"rotation":{"angle":0,"axis":"y","origin":[-4.84127,-0.86249,-8.34049]},"faces":{"north":{"uv":[0.1875,0.1875,0.375,0.375],"texture":"#main"},"east":{"uv":[0,0.1875,0.1875,0.375],"texture":"#main"},"south":{"uv":[0.5625,0.1875,0.75,0.375],"texture":"#main"},"west":{"uv":[0.375,0.1875,0.5625,0.375],"texture":"#main"},"up":{"uv":[0.375,0.1875,0.1875,0],"texture":"#main"},"down":{"uv":[0.5625,0,0.375,0.1875],"texture":"#main"}}},{"name":"finger","from":[-4.4,-4.66419,-9.53326],"to":[-2.37307,-1.90444,-7.83376],"rotation":{"angle":22.5,"axis":"z","origin":[-4.74127,-2.89722,-8.68351]},"faces":{"north":{"uv":[0.125,0.5,0.3125,0.75],"texture":"#main"},"east":{"uv":[0,0.5,0.125,0.75],"texture":"#main"},"south":{"uv":[0.4375,0.5,0.625,0.75],"texture":"#main"},"west":{"uv":[0.3125,0.5,0.4375,0.75],"texture":"#main"},"up":{"uv":[0.3125,0.5,0.125,0.375],"texture":"#main"},"down":{"uv":[0.5,0.375,0.3125,0.5],"texture":"#main"}}}],"display":{"head":{"translation":[-1,4.5,8.25],"scale":[2,2,2]}},"groups":[{"name":"regigigas","origin":[0,-17,4],"color":0,"children":[{"name":"body","origin":[-1.74628,-0.97765,3.3712],"color":0,"children":[0,1,2,3,4,5,6,7,8,9,10,11,12,13]},{"name":"head","origin":[-1.74628,-0.97765,3.3712],"color":0,"children":[14,15,16,17]},{"name":"legs","origin":[0,-10.9564,3.3712],"color":0,"children":[18,19,20,21,{"name":"leg_l","origin":[-5.48831,10.24845,1.50018],"color":0,"children":[22,23,{"name":"leg_l0","origin":[-5.17648,0.2697,0.87651],"color":0,"children":[24,25,{"name":"arm2","origin":[22.29627,0.68288,-4.51045],"color":0,"children":[26,27,28,29,30,31,32,33,34,35]},{"name":"arm3","origin":[-22.29627,0.68288,-4.51045],"color":0,"children":[36,37,38,39,40,41,42,43,44,45]}]}]}]}]}]}