{"parent":"physical_parent","textures":{"main":"pokemon/registeel"},"texture_size":[64,64],"elements":[{"rotation":{"origin":[9,0,8],"angle":0,"axis":"y"},"from":[9,0,6],"to":[13,5,10],"faces":{"east":{"uv":[11.25,10.5,12.25,11.75],"texture":"#main"},"south":{"uv":[11.5,4,12.5,5.25],"texture":"#main"},"north":{"uv":[11.25,9.25,12.25,10.5],"texture":"#main"},"west":{"uv":[11.5,5.25,12.5,6.5],"texture":"#main"},"up":{"uv":[8.75,12.5,7.75,11.5],"texture":"#main"},"down":{"uv":[9.75,11.5,8.75,12.5],"texture":"#main"}}},{"rotation":{"origin":[7,0,8],"angle":0,"axis":"y"},"from":[3,0,6],"to":[7,5,10],"faces":{"east":{"uv":[12.5,5.25,11.5,6.5],"texture":"#main"},"south":{"uv":[12.5,4,11.5,5.25],"texture":"#main"},"north":{"uv":[12.25,9.25,11.25,10.5],"texture":"#main"},"west":{"uv":[12.25,10.5,11.25,11.75],"texture":"#main"},"up":{"uv":[7.75,12.5,8.75,11.5],"texture":"#main"},"down":{"uv":[8.75,11.5,9.75,12.5],"texture":"#main"}}},{"rotation":{"origin":[9,5,8],"angle":0,"axis":"y"},"from":[3,5,4],"to":[13,8,12],"faces":{"east":{"uv":[11.25,3.25,13.25,4],"texture":"#main"},"south":{"uv":[11.25,0,13.75,0.75],"texture":"#main"},"north":{"uv":[0,11.25,2.5,12],"texture":"#main"},"west":{"uv":[11.25,8.5,13.25,9.25],"texture":"#main"},"up":{"uv":[11.25,2,8.75,0],"texture":"#main"},"down":{"uv":[11.25,2,8.75,4],"texture":"#main"}}},{"rotation":{"origin":[9,8,8],"angle":0,"axis":"y"},"from":[5.5,8,6],"to":[10.5,11,11],"faces":{"east":{"uv":[9.75,11.5,11,12.25],"texture":"#main"},"south":{"uv":[11.75,6.5,13,7.25],"texture":"#main"},"north":{"uv":[8.75,5.25,10,6],"texture":"#main"},"west":{"uv":[11.75,7.25,13,8],"texture":"#main"},"up":{"uv":[10,5.25,8.75,4],"texture":"#main"},"down":{"uv":[12.5,0.75,11.25,2],"texture":"#main"}}},{"rotation":{"origin":[9,11,8],"angle":0,"axis":"y"},"from":[4.5,11,4.5],"to":[11.5,23,12.5],"faces":{"east":{"uv":[6.75,0,8.75,3],"texture":"#main"},"south":{"uv":[8.25,6,10,9],"texture":"#main"},"north":{"uv":[4.5,7.5,6.25,10.5],"texture":"#main"},"west":{"uv":[6.75,3,8.75,6],"texture":"#main"},"up":{"uv":[11.75,8.5,10,6.5],"texture":"#main"},"down":{"uv":[6.25,10.5,4.5,12.5],"texture":"#main"}}},{"rotation":{"origin":[3.5,17.5,9.5],"angle":22.5,"axis":"y"},"from":[0.5,10,4.5],"to":[6.5,25,14.5],"faces":{"east":{"uv":[5,0,2.5,3.75],"texture":"#main"},"south":{"uv":[1.5,7.5,0,11.25],"texture":"#main"},"north":{"uv":[8.25,6,6.75,9.75],"texture":"#main"},"west":{"uv":[2.5,0,0,3.75],"texture":"#main"},"up":{"uv":[8.25,11.5,9.75,9],"texture":"#main"},"down":{"uv":[6.25,9.75,7.75,12.25],"texture":"#main"}}},{"rotation":{"origin":[12.5,17.5,9.5],"angle":-22.5,"axis":"y"},"from":[9.5,10,4.5],"to":[15.5,25,14.5],"faces":{"east":{"uv":[0,0,2.5,3.75],"texture":"#main"},"south":{"uv":[0,7.5,1.5,11.25],"texture":"#main"},"north":{"uv":[6.75,6,8.25,9.75],"texture":"#main"},"west":{"uv":[2.5,0,5,3.75],"texture":"#main"},"up":{"uv":[9.75,11.5,8.25,9],"texture":"#main"},"down":{"uv":[7.75,9.75,6.25,12.25],"texture":"#main"}}},{"rotation":{"origin":[12.5,17.5,9.5],"angle":-22.5,"axis":"y"},"from":[15.5,16,6.5],"to":[18.5,21,11.5],"faces":{"east":{"uv":[11.25,2,12.5,3.25],"texture":"#main"},"south":{"uv":[11,11.75,11.75,13],"texture":"#main"},"north":{"uv":[3.75,11.25,4.5,12.5],"texture":"#main"},"west":{"uv":[2.5,11.25,3.75,12.5],"texture":"#main"},"up":{"uv":[12.5,13,11.75,11.75],"texture":"#main"},"down":{"uv":[0.75,12,0,13.25],"texture":"#main"}}},{"rotation":{"origin":[3.5,17.5,9.5],"angle":22.5,"axis":"y"},"from":[-2.5,16,6.5],"to":[0.5,21,11.5],"faces":{"east":{"uv":[3.75,11.25,2.5,12.5],"texture":"#main"},"south":{"uv":[11.75,11.75,11,13],"texture":"#main"},"north":{"uv":[4.5,11.25,3.75,12.5],"texture":"#main"},"west":{"uv":[12.5,2,11.25,3.25],"texture":"#main"},"up":{"uv":[11.75,13,12.5,11.75],"texture":"#main"},"down":{"uv":[0,12,0.75,13.25],"texture":"#main"}}},{"rotation":{"origin":[16.38686,8.5,10.56879],"angle":0,"axis":"y"},"from":[16.38686,1,7.06879],"to":[16.38686,16,14.06879],"faces":{"east":{"uv":[14.25,0,16,3.75],"texture":"#main"},"south":{"uv":[0,0,0,3.75],"texture":"#main"},"north":{"uv":[0,0,0,3.75],"texture":"#main"},"west":{"uv":[14.25,0,16,3.75],"texture":"#main"},"up":{"uv":[0,1.75,0,0],"texture":"#main"},"down":{"uv":[0,0,0,1.75],"texture":"#main"}}},{"rotation":{"origin":[-0.38686,8.5,10.56879],"angle":0,"axis":"y"},"from":[-0.38686,1,7.06879],"to":[-0.38686,16,14.06879],"faces":{"east":{"uv":[16,0,14.25,3.75],"texture":"#main"},"south":{"uv":[0,0,0,3.75],"texture":"#main"},"north":{"uv":[0,0,0,3.75],"texture":"#main"},"west":{"uv":[16,0,14.25,3.75],"texture":"#main"},"up":{"uv":[0,1.75,0,0],"texture":"#main"},"down":{"uv":[0,0,0,1.75],"texture":"#main"}}},{"rotation":{"origin":[-0.38686,8.5,10.56879],"angle":0,"axis":"y"},"from":[-1.38686,4,7.06879],"to":[-0.38686,9,14.06879],"faces":{"east":{"uv":[16,1.75,14.25,3],"texture":"#main"},"south":{"uv":[16,1.75,15.75,3],"texture":"#main"},"north":{"uv":[14.5,1.75,14.25,3],"texture":"#main"},"west":{"uv":[16,1.75,14.25,3],"texture":"#main"},"up":{"uv":[16,1.75,14.25,2],"texture":"#main","rotation":90},"down":{"uv":[14.25,2.75,16,3],"texture":"#main","rotation":90}}},{"rotation":{"origin":[16.38686,8.5,10.56879],"angle":0,"axis":"y"},"from":[16.38686,4,7.06879],"to":[17.38686,9,14.06879],"faces":{"east":{"uv":[14.25,1.75,16,3],"texture":"#main"},"south":{"uv":[15.75,1.75,16,3],"texture":"#main"},"north":{"uv":[14.25,1.75,14.5,3],"texture":"#main"},"west":{"uv":[14.25,1.75,16,3],"texture":"#main"},"up":{"uv":[16,2,14.25,1.75],"texture":"#main","rotation":90},"down":{"uv":[14.25,3,16,2.75],"texture":"#main","rotation":90}}}],"display":{"head":{"translation":[0,-28,0],"scale":[1.88,1.88,1.88]}}}