{"parent":"physical_parent","textures":{"main":"pokemon/regice"},"texture_size":[64,64],"elements":[{"rotation":{"origin":[7,2,7.5],"angle":0,"axis":"y"},"from":[1,3,4.5],"to":[8,6,11.5],"faces":{"east":{"uv":[9.75,3.5,11.5,4.25],"texture":"#main"},"south":{"uv":[9.75,4.25,11.5,5],"texture":"#main"},"north":{"uv":[8.5,7.5,10.25,8.25],"texture":"#main"},"west":{"uv":[5,10,6.75,10.75],"texture":"#main"},"up":{"uv":[1.75,11.25,0,9.5],"texture":"#main"},"down":{"uv":[3.5,9.5,1.75,11.25],"texture":"#main"}}},{"rotation":{"origin":[9,2,7.5],"angle":0,"axis":"y"},"from":[8,3,4.5],"to":[15,6,11.5],"faces":{"east":{"uv":[6.75,10,5,10.75],"texture":"#main"},"south":{"uv":[11.5,4.25,9.75,5],"texture":"#main"},"north":{"uv":[10.25,7.5,8.5,8.25],"texture":"#main"},"west":{"uv":[11.5,3.5,9.75,4.25],"texture":"#main"},"up":{"uv":[0,11.25,1.75,9.5],"texture":"#main"},"down":{"uv":[1.75,9.5,3.5,11.25],"texture":"#main"}}},{"rotation":{"origin":[7,2,8],"angle":0,"axis":"y"},"from":[1,-1,8],"to":[8,3,8],"faces":{"east":{"uv":[0,0,0,1],"texture":"#main"},"south":{"uv":[9.75,1.5,11.5,2.5],"texture":"#main"},"north":{"uv":[9.75,1.5,11.5,2.5],"texture":"#main"},"west":{"uv":[0,0,0,1],"texture":"#main"},"up":{"uv":[1.75,0,0,0],"texture":"#main"},"down":{"uv":[1.75,0,0,0],"texture":"#main"}}},{"rotation":{"origin":[9,2,8],"angle":0,"axis":"y"},"from":[8,-1,8],"to":[15,3,8],"faces":{"east":{"uv":[0,0,0,1],"texture":"#main"},"south":{"uv":[11.5,1.5,9.75,2.5],"texture":"#main"},"north":{"uv":[11.5,1.5,9.75,2.5],"texture":"#main"},"west":{"uv":[0,0,0,1],"texture":"#main"},"up":{"uv":[0,0,1.75,0],"texture":"#main"},"down":{"uv":[0,0,1.75,0],"texture":"#main"}}},{"rotation":{"origin":[4.5,1,8],"angle":0,"axis":"y"},"from":[4.5,-1,4.5],"to":[4.5,3,11.5],"faces":{"east":{"uv":[9.75,1.5,11.5,2.5],"texture":"#main"},"south":{"uv":[0,0,0,1],"texture":"#main"},"north":{"uv":[0,0,0,1],"texture":"#main"},"west":{"uv":[9.75,1.5,11.5,2.5],"texture":"#main"},"up":{"uv":[1.75,0,0,0],"texture":"#main","rotation":270},"down":{"uv":[1.75,0,0,0],"texture":"#main","rotation":90}}},{"rotation":{"origin":[11.5,1,8],"angle":0,"axis":"y"},"from":[11.5,-1,4.5],"to":[11.5,3,11.5],"faces":{"east":{"uv":[11.5,1.5,9.75,2.5],"texture":"#main"},"south":{"uv":[0,0,0,1],"texture":"#main"},"north":{"uv":[0,0,0,1],"texture":"#main"},"west":{"uv":[11.5,1.5,9.75,2.5],"texture":"#main"},"up":{"uv":[1.75,0,0,0],"texture":"#main","rotation":270},"down":{"uv":[1.75,0,0,0],"texture":"#main","rotation":90}}},{"rotation":{"origin":[7.5,2,7.5],"angle":0,"axis":"y"},"from":[2.5,4,2.5],"to":[13.5,23,13.5],"faces":{"east":{"uv":[2.75,4.75,5.5,9.5],"texture":"#main"},"south":{"uv":[0,4.75,2.75,9.5],"texture":"#main"},"north":{"uv":[0,0,2.75,4.75],"texture":"#main"},"west":{"uv":[2.75,4.75,5.5,9.5],"texture":"#main"},"up":{"uv":[8.25,2.75,5.5,0],"texture":"#main"},"down":{"uv":[8.25,2.75,5.5,5.5],"texture":"#main"}}},{"rotation":{"origin":[7.27375,2,10.33522],"angle":22.5,"axis":"y"},"from":[11.27375,17,14.33522],"to":[11.27375,24,23.33522],"faces":{"east":{"uv":[10,8.25,7.75,10],"texture":"#main"},"south":{"uv":[0,0,0,1.75],"texture":"#main"},"north":{"uv":[0,0,0,1.75],"texture":"#main"},"west":{"uv":[7.75,8.25,10,10],"texture":"#main"},"up":{"uv":[0,2.25,0,0],"texture":"#main"},"down":{"uv":[0,0,0,2.25],"texture":"#main"}}},{"rotation":{"origin":[8.72625,2,10.33522],"angle":-22.5,"axis":"y"},"from":[4.72625,17,14.33522],"to":[4.72625,24,23.33522],"faces":{"east":{"uv":[10,8.25,7.75,10],"texture":"#main"},"south":{"uv":[0,0,0,1.75],"texture":"#main"},"north":{"uv":[0,0,0,1.75],"texture":"#main"},"west":{"uv":[7.75,8.25,10,10],"texture":"#main"},"up":{"uv":[0,2.25,0,0],"texture":"#main"},"down":{"uv":[0,0,0,2.25],"texture":"#main"}}},{"rotation":{"origin":[7.27375,-5,11.33522],"angle":22.5,"axis":"y"},"from":[11.27375,10,15.33522],"to":[11.27375,17,24.33522],"faces":{"east":{"uv":[10,8.25,7.75,10],"texture":"#main"},"south":{"uv":[0,0,0,1.75],"texture":"#main"},"north":{"uv":[0,0,0,1.75],"texture":"#main"},"west":{"uv":[7.75,8.25,10,10],"texture":"#main"},"up":{"uv":[0,2.25,0,0],"texture":"#main"},"down":{"uv":[0,0,0,2.25],"texture":"#main"}}},{"rotation":{"origin":[8.72625,-5,11.33522],"angle":-22.5,"axis":"y"},"from":[4.72625,10,15.33522],"to":[4.72625,17,24.33522],"faces":{"east":{"uv":[10,8.25,7.75,10],"texture":"#main"},"south":{"uv":[0,0,0,1.75],"texture":"#main"},"north":{"uv":[0,0,0,1.75],"texture":"#main"},"west":{"uv":[7.75,8.25,10,10],"texture":"#main"},"up":{"uv":[0,2.25,0,0],"texture":"#main"},"down":{"uv":[0,0,0,2.25],"texture":"#main"}}},{"rotation":{"origin":[-2.5,-1,9.5],"angle":-22.5,"axis":"z"},"from":[-9.5,8,3.5],"to":[-3.5,19,9.5],"faces":{"east":{"uv":[7,5.5,5.5,8.25],"texture":"#main"},"south":{"uv":[7,5.5,5.5,8.25],"texture":"#main"},"north":{"uv":[7,5.5,5.5,8.25],"texture":"#main"},"west":{"uv":[7,5.5,5.5,8.25],"texture":"#main"},"up":{"uv":[3.5,11,5,9.5],"texture":"#main"},"down":{"uv":[9.75,0,11.25,1.5],"texture":"#main"}}},{"rotation":{"origin":[18.5,-1,9.5],"angle":22.5,"axis":"z"},"from":[19.5,8,3.5],"to":[25.5,19,9.5],"faces":{"east":{"uv":[5.5,5.5,7,8.25],"texture":"#main"},"south":{"uv":[5.5,5.5,7,8.25],"texture":"#main"},"north":{"uv":[5.5,5.5,7,8.25],"texture":"#main"},"west":{"uv":[5.5,5.5,7,8.25],"texture":"#main"},"up":{"uv":[5,11,3.5,9.5],"texture":"#main"},"down":{"uv":[11.25,0,9.75,1.5],"texture":"#main"}}},{"rotation":{"origin":[18.5,-1,9.5],"angle":22.5,"axis":"z"},"from":[19.5,5,6.5],"to":[25.5,8,6.5],"faces":{"east":{"uv":[0,0,0,0.75],"texture":"#main"},"south":{"uv":[8.25,10,9.75,10.75],"texture":"#main"},"north":{"uv":[6.75,10,8.25,10.75],"texture":"#main"},"west":{"uv":[0,0,0,0.75],"texture":"#main"},"up":{"uv":[1.5,0,0,0],"texture":"#main"},"down":{"uv":[1.5,0,0,0],"texture":"#main"}}},{"rotation":{"origin":[-2.5,-1,9.5],"angle":-22.5,"axis":"z"},"from":[-9.5,5,6.5],"to":[-3.5,8,6.5],"faces":{"east":{"uv":[0,0,0,0.75],"texture":"#main"},"south":{"uv":[9.75,10,8.25,10.75],"texture":"#main"},"north":{"uv":[8.25,10,6.75,10.75],"texture":"#main"},"west":{"uv":[0,0,0,0.75],"texture":"#main"},"up":{"uv":[0,0,1.5,0],"texture":"#main"},"down":{"uv":[0,0,1.5,0],"texture":"#main"}}},{"rotation":{"origin":[19.32539,7.45983,6.5],"angle":22.5,"axis":"z"},"from":[19.32539,5.95983,3.5],"to":[19.32539,8.95983,9.5],"faces":{"east":{"uv":[8.25,10,9.75,10.75],"texture":"#main"},"south":{"uv":[0,0,0,0.75],"texture":"#main"},"north":{"uv":[0,0,0,0.75],"texture":"#main"},"west":{"uv":[6.75,10,8.25,10.75],"texture":"#main"},"up":{"uv":[1.5,0,0,0],"texture":"#main","rotation":270},"down":{"uv":[1.5,0,0,0],"texture":"#main","rotation":90}}},{"rotation":{"origin":[-3.32539,7.45983,6.5],"angle":-22.5,"axis":"z"},"from":[-3.32539,5.95983,3.5],"to":[-3.32539,8.95983,9.5],"faces":{"east":{"uv":[8.25,10,6.75,10.75],"texture":"#main"},"south":{"uv":[0,0,0,0.75],"texture":"#main"},"north":{"uv":[0,0,0,0.75],"texture":"#main"},"west":{"uv":[9.75,10,8.25,10.75],"texture":"#main"},"up":{"uv":[1.5,0,0,0],"texture":"#main","rotation":270},"down":{"uv":[1.5,0,0,0],"texture":"#main","rotation":90}}},{"rotation":{"origin":[8,25.5,8],"angle":45,"axis":"y"},"from":[8,23,0.5],"to":[8,27,15.5],"faces":{"east":{"uv":[8.5,5.5,12.25,6.5],"texture":"#main"},"south":{"uv":[8.5,5.5,12.25,6.5],"texture":"#main"},"north":{"uv":[8.5,5.5,12.25,6.5],"texture":"#main"},"west":{"uv":[8.5,5.5,12.25,6.5],"texture":"#main"},"up":{"uv":[8.5,5.5,12.25,6.5],"texture":"#main"},"down":{"uv":[8.5,5.5,12.25,6.5],"texture":"#main"}}},{"rotation":{"origin":[8,25.5,8],"angle":-45,"axis":"y"},"from":[8,23,0.5],"to":[8,27,15.5],"faces":{"east":{"uv":[8.5,5.5,12.25,6.5],"texture":"#main"},"south":{"uv":[8.5,5.5,12.25,6.5],"texture":"#main"},"north":{"uv":[8.5,5.5,12.25,6.5],"texture":"#main"},"west":{"uv":[8.5,5.5,12.25,6.5],"texture":"#main"},"up":{"uv":[8.5,5.5,12.25,6.5],"texture":"#main","rotation":180},"down":{"uv":[8.5,5.5,12.25,6.5],"texture":"#main","rotation":180}}}],"display":{"head":{"translation":[0,-26.5,0],"scale":[1.88,1.88,1.88]}}}