{"parent":"physical_parent","textures":{"main":"pokemon/rhydon"},"elements":[{"from":[4,4,5],"to":[12,12,13],"faces":{"east":{"uv":[4.5,0,6.5,2],"texture":"#main"},"south":{"uv":[4.5,2.25,6.5,4.25],"texture":"#main"},"north":{"uv":[0,0,2,2],"texture":"#main"},"west":{"uv":[2.25,0,4.25,2],"texture":"#main"},"up":{"uv":[2.25,2.25,4.25,4.25],"texture":"#main"},"down":{"uv":[0,2.25,2,4.25],"texture":"#main"}}},{"from":[3,12,4],"to":[13,18,12],"faces":{"east":{"uv":[5,4.75,7,6.25],"texture":"#main"},"south":{"uv":[0,6.5,2.5,8],"texture":"#main"},"north":{"uv":[0,4.75,2.5,6.25],"texture":"#main"},"west":{"uv":[2.75,4.75,4.75,6.25],"texture":"#main"},"up":{"uv":[0,8.25,2.5,10.25],"texture":"#main"},"down":{"uv":[0,8.25,2.5,10.25],"texture":"#main"}}},{"from":[4.5,16,1],"to":[11.5,23,8],"faces":{"east":{"uv":[10.75,0,12.5,1.75],"texture":"#main"},"south":{"uv":[12.75,0,14.5,1.75],"texture":"#main"},"north":{"uv":[6.75,0,8.5,1.75],"texture":"#main"},"west":{"uv":[8.75,0,10.5,1.75],"texture":"#main"},"up":{"uv":[6.75,2,8.5,3.75],"texture":"#main"},"down":{"uv":[12.75,0,14.5,1.75],"texture":"#main"}}},{"from":[4.4938,22.3288,3.7987],"to":[4.5938,27.3288,6.7987],"faces":{"east":{"uv":[12.75,2.25,13.5,3.5],"texture":"#main"},"west":{"uv":[11.75,2.25,12.5,3.5],"texture":"#main"}}},{"from":[11.4938,22.3288,3.7987],"to":[11.5938,27.3288,6.7987],"faces":{"east":{"uv":[12.75,2.25,13.5,3.5],"texture":"#main"},"west":{"uv":[11.75,2.25,12.5,3.5],"texture":"#main"}}},{"from":[11.4938,19.3288,7.7987],"to":[11.5938,24.3288,10.7987],"faces":{"east":{"uv":[10.75,2.25,11.5,3.5],"texture":"#main"},"west":{"uv":[9.75,2.25,10.5,3.5],"texture":"#main"}}},{"from":[4.4938,19.3288,7.7987],"to":[4.5938,24.3288,10.7987],"faces":{"east":{"uv":[10.75,2.25,11.5,3.5],"texture":"#main"},"west":{"uv":[9.75,2.25,10.5,3.5],"texture":"#main"}}},{"from":[2,0,6],"to":[6,8,10],"faces":{"east":{"uv":[6.5,6.5,7.5,8.5],"texture":"#main"},"south":{"uv":[7.75,6.5,8.75,8.5],"texture":"#main"},"north":{"uv":[4,6.5,5,8.5],"texture":"#main"},"west":{"uv":[5.25,6.5,6.25,8.5],"texture":"#main"},"up":{"uv":[7.75,5.25,8.75,6.25],"texture":"#main"},"down":{"uv":[7.75,8.75,8.75,9.75],"texture":"#main"}}},{"from":[10,0,6],"to":[14,8,10],"faces":{"east":{"uv":[6.5,6.5,7.5,8.5],"texture":"#main"},"south":{"uv":[7.75,6.5,8.75,8.5],"texture":"#main"},"north":{"uv":[2.75,6.5,3.75,8.5],"texture":"#main"},"west":{"uv":[5.25,6.5,6.25,8.5],"texture":"#main"},"up":{"uv":[7.75,5.25,8.75,6.25],"texture":"#main"},"down":{"uv":[7.75,8.75,8.75,9.75],"texture":"#main"}}},{"from":[6,6,13],"to":[10,10,18],"faces":{"east":{"uv":[7,11.25,8.25,12.25],"texture":"#main"},"south":{"uv":[8.5,11.25,9.5,12.25],"texture":"#main"},"west":{"uv":[7,11.25,8.25,12.25],"texture":"#main","rotation":180},"up":{"uv":[7,11.25,8.25,12.25],"texture":"#main","rotation":270},"down":{"uv":[7,11.25,8.25,12.25],"texture":"#main","rotation":90}}},{"rotation":{"origin":[7.996127,9.188949,20.47029],"angle":-22.5,"axis":"x"},"from":[6.9961,7.1889,16.9703],"to":[8.996099,11.1889,21.9703],"faces":{"east":{"uv":[8.5,11.25,9.75,12.25],"texture":"#main","rotation":180},"south":{"uv":[9,11.25,9.5,12.25],"texture":"#main"},"west":{"uv":[8.5,11.25,9.75,12.25],"texture":"#main"},"up":{"uv":[8.5,11.25,9.75,12.25],"texture":"#main","rotation":90},"down":{"uv":[8.5,11.25,9.75,12.25],"texture":"#main","rotation":270}}},{"from":[6.9939,8.6123,21.0915],"to":[8.9939,11.6123,26.0915],"faces":{"east":{"uv":[10,11.25,11.25,12.25],"texture":"#main"},"south":{"uv":[10.25,11.75,11.25,12.25],"texture":"#main","rotation":270},"west":{"uv":[10,11.25,11.25,12.25],"texture":"#main"},"up":{"uv":[10,10.25,11.25,10.75],"texture":"#main","rotation":270},"down":{"uv":[10,10.25,11.25,10.75],"texture":"#main","rotation":270}}},{"rotation":{"origin":[2.063946,13.3856,7.99881],"angle":-22.5,"axis":"z"},"from":[0.0639,9.3856,5.9988],"to":[4.0639,17.3856,9.9988],"faces":{"east":{"uv":[2.75,11.25,3.75,13.25],"texture":"#main"},"south":{"uv":[4,9,5,11],"texture":"#main"},"north":{"uv":[2.75,9,3.75,11],"texture":"#main"},"west":{"uv":[5.25,9,6.25,11],"texture":"#main"},"up":{"uv":[5.25,11.25,6.25,12.25],"texture":"#main","rotation":90},"down":{"uv":[4,11.25,5,12.25],"texture":"#main","rotation":270}}},{"rotation":{"origin":[13.92668,13.37825,8.003712],"angle":22.5,"axis":"z"},"from":[11.9267,9.3782,6.0037],"to":[15.9267,17.3782,10.0037],"faces":{"east":{"uv":[5.25,9,6.25,11],"texture":"#main"},"south":{"uv":[2.75,9,3.75,11],"texture":"#main"},"north":{"uv":[4,9,5,11],"texture":"#main"},"west":{"uv":[2.75,11.25,3.75,13.25],"texture":"#main"},"up":{"uv":[5.25,11.25,6.25,12.25],"texture":"#main","rotation":90},"down":{"uv":[4,11.25,5,12.25],"texture":"#main","rotation":90}}},{"rotation":{"origin":[7.993823,22.82878,0.2987193],"angle":45,"axis":"x"},"from":[6.4938,21.3288,-0.2013],"to":[9.493799,24.3288,2.7987],"faces":{"east":{"uv":[9.75,4.5,10.5,5.25],"texture":"#main","rotation":270},"north":{"uv":[11.75,4.5,12.5,5.25],"texture":"#main"},"west":{"uv":[9.75,4.5,10.5,5.25],"texture":"#main","rotation":90},"up":{"uv":[9.75,4.5,10.5,5.25],"texture":"#main","rotation":180},"down":{"uv":[9.75,4.5,10.5,5.25],"texture":"#main","rotation":180}}},{"rotation":{"origin":[7.993699,26.35826,-3.230644],"angle":45,"axis":"x"},"from":[7.4937,25.8583,-1.7306],"to":[8.4937,27.8583,1.2694],"faces":{"east":{"uv":[9.75,4,10.25,4.75],"texture":"#main","rotation":270},"north":{"uv":[11.75,4.5,12.5,5.25],"texture":"#main"},"west":{"uv":[9.75,4,10.25,4.75],"texture":"#main","rotation":270},"up":{"uv":[9.75,4,10.25,4.75],"texture":"#main","rotation":180},"down":{"uv":[9.75,4,10.25,4.75],"texture":"#main","rotation":180}}}],"display":{"head":{"translation":[0,-22.3,0],"scale":[2.7,2.7,2.7]},"firstperson_righthand":{"scale":[0.0001,0.0001,0.0001]},"thirdperson_lefthand":{"scale":[0.0001,0.0001,0.0001]},"firstperson_lefthand":{"scale":[0.0001,0.0001,0.0001]}}}