{"parent":"physical_parent","textures":{"main":"pokemon/sandshrew-alola"},"elements":[{"from":[5.5,15,0],"to":[13.5,23,9],"faces":{"east":{"uv":[4.5,11,6.5,13],"texture":"#main"},"south":{"uv":[4.5,8.75,6.5,10.75],"texture":"#main"},"north":{"uv":[0,8.75,2,10.75],"texture":"#main"},"west":{"uv":[2.25,8.75,4.25,10.75],"texture":"#main"},"up":{"uv":[4.5,8.75,6.5,10.75],"texture":"#main","rotation":180},"down":{"uv":[0.5,10.75,1.5,11.25],"texture":"#main"}}},{"from":[3.5,0,-2],"to":[7.5,2,5],"faces":{"east":{"uv":[5.75,3.25,6.25,5],"texture":"#main","rotation":270},"south":{"uv":[5.75,3.25,6.25,4],"texture":"#main","rotation":270},"north":{"uv":[3.75,5.25,4.75,5.75],"texture":"#main"},"west":{"uv":[5,3.25,5.5,5],"texture":"#main","rotation":90},"up":{"uv":[3.75,3.25,4.75,5],"texture":"#main","rotation":180},"down":{"uv":[3.75,3.25,4.75,5],"texture":"#main"}}},{"from":[11.5,0,-2],"to":[15.5,2,5],"faces":{"east":{"uv":[5.75,3.25,6.25,5],"texture":"#main","rotation":270},"south":{"uv":[5.75,3.25,6.25,4],"texture":"#main","rotation":90},"north":{"uv":[3.75,5.25,4.75,5.75],"texture":"#main"},"west":{"uv":[5,3.25,5.5,5],"texture":"#main","rotation":90},"up":{"uv":[3.75,3.25,4.75,5],"texture":"#main","rotation":180},"down":{"uv":[3.75,3.25,4.75,5],"texture":"#main"}}},{"from":[5.5,3,1],"to":[13.5,15,9],"faces":{"east":{"uv":[4.5,0,6.5,3],"texture":"#main"},"south":{"uv":[6.75,0,8.75,3],"texture":"#main"},"north":{"uv":[0,0,2,3],"texture":"#main"},"west":{"uv":[2.25,0,4.25,3],"texture":"#main"},"up":{"uv":[9.25,1,11,3],"texture":"#main","rotation":90},"down":{"uv":[11.25,1,13.25,3],"texture":"#main"}}},{"rotation":{"origin":[8,9,4],"angle":-22.5,"axis":"x"},"from":[13.5,11,-1],"to":[17.5,15,7],"faces":{"east":{"uv":[0,5,1,7],"texture":"#main","rotation":90},"south":{"uv":[2.5,7.25,3.5,8.25],"texture":"#main","rotation":180},"north":{"uv":[1.25,6,2.25,7],"texture":"#main","rotation":180},"west":{"uv":[0,5,1,7],"texture":"#main","rotation":90},"up":{"uv":[0,5,1,7],"texture":"#main"},"down":{"uv":[0,5,1,7],"texture":"#main"}}},{"rotation":{"origin":[-3,9,4],"angle":-22.5,"axis":"x"},"from":[1.5,11,-1],"to":[5.5,15,7],"faces":{"east":{"uv":[0,5,1,7],"texture":"#main","rotation":90},"south":{"uv":[2.5,7.25,3.5,8.25],"texture":"#main","rotation":180},"north":{"uv":[2.5,6,3.5,7],"texture":"#main","rotation":180},"west":{"uv":[0,5,1,7],"texture":"#main","rotation":90},"up":{"uv":[0,5,1,7],"texture":"#main"},"down":{"uv":[0,5,1,7],"texture":"#main"}}},{"from":[5.72,22.8394,3],"to":[8.72,25.8394,3.1],"faces":{"south":{"uv":[8.5,10,9.25,10.75],"texture":"#main"},"north":{"uv":[7.5,10,8.25,10.75],"texture":"#main"}}},{"from":[10.5,2,2],"to":[16.5,8,7],"faces":{"east":{"uv":[0,3.25,1.25,4.75],"texture":"#main"},"south":{"uv":[0,3.25,1.5,4.75],"texture":"#main"},"north":{"uv":[0,3.25,1.5,4.75],"texture":"#main"},"west":{"uv":[0,3.25,1.25,4.75],"texture":"#main"},"up":{"uv":[0,3.25,1.25,4.75],"texture":"#main","rotation":90},"down":{"uv":[0,3.25,1.25,4.75],"texture":"#main","rotation":90}}},{"from":[2.5,2,2],"to":[8.5,8,7],"faces":{"east":{"uv":[0,3.25,1.25,4.75],"texture":"#main"},"south":{"uv":[0,3.25,1.5,4.75],"texture":"#main","rotation":180},"north":{"uv":[1.75,3.25,3.25,4.75],"texture":"#main"},"west":{"uv":[0,3.25,1.25,4.75],"texture":"#main"},"up":{"uv":[0,3.25,1.25,4.75],"texture":"#main","rotation":90},"down":{"uv":[0,3.25,1.25,4.75],"texture":"#main","rotation":90}}},{"from":[7.5,14.5,-1],"to":[11.5,16.5,0],"faces":{"east":{"uv":[0.5,10.75,1,11.25],"texture":"#main"},"north":{"uv":[0.5,10.75,1.5,11.25],"texture":"#main"},"west":{"uv":[0.5,10.75,1,11.25],"texture":"#main"},"up":{"uv":[1.5,10.5,1.5,10.5],"texture":"#main"},"down":{"uv":[0.75,1.5,1.25,2],"texture":"#main"}}},{"from":[6.5,3,9],"to":[12.5,8,14],"faces":{"east":{"uv":[6.5,3.75,8,5],"texture":"#main"},"south":{"uv":[6.5,3.75,8,5],"texture":"#main"},"west":{"uv":[6.5,3.75,8,5],"texture":"#main"},"up":{"uv":[6.5,3.75,8,4.75],"texture":"#main","rotation":180},"down":{"uv":[6.5,3.75,8,5],"texture":"#main"}}},{"rotation":{"origin":[8,5.3233,6.54331],"angle":-22.5,"axis":"x"},"from":[7.5,0.3233,12.5433],"to":[11.5,5.3233,17.5433],"faces":{"east":{"uv":[6.5,3.75,8,5],"texture":"#main"},"south":{"uv":[6.75,3.75,7.75,5],"texture":"#main"},"west":{"uv":[6.5,3.75,8,5],"texture":"#main"},"up":{"uv":[6.75,3.75,7.75,5],"texture":"#main"},"down":{"uv":[6.75,3.75,7.75,5],"texture":"#main"}}},{"rotation":{"origin":[8,4.20631,10.84122],"angle":-45,"axis":"x"},"from":[8.5,0.2063,16.8412],"to":[10.5,3.2063,21.8412],"faces":{"east":{"uv":[8.5,4.75,9.75,5.5],"texture":"#main"},"south":{"uv":[9.25,2,9.75,2.75],"texture":"#main","rotation":90},"west":{"uv":[8.5,4.75,9.75,5.5],"texture":"#main"},"up":{"uv":[9.25,2,10.75,2.75],"texture":"#main","rotation":90},"down":{"uv":[9.25,2,10.75,2.75],"texture":"#main","rotation":90}}},{"from":[10.72,22.8394,3],"to":[13.72,25.8394,3.1],"faces":{"south":{"uv":[8.5,10,9.25,10.75],"texture":"#main"},"north":{"uv":[7.5,10,8.25,10.75],"texture":"#main"}}}],"display":{"head":{"translation":[-1.4,-35,3.4782]},"firstperson_righthand":{"scale":[0.0001,0.0001,0.0001]},"thirdperson_lefthand":{"scale":[0.0001,0.0001,0.0001]},"firstperson_lefthand":{"scale":[0.0001,0.0001,0.0001]}}}