{"parent":"physical_parent","textures":{"main":"pokemon/sandslash-alola"},"elements":[{"from":[5.5,16,-1],"to":[13.5,24,9],"faces":{"east":{"uv":[2.75,9.5,5.25,11.75],"texture":"#main"},"south":{"uv":[0.25,12.75,2.25,14.75],"texture":"#main"},"north":{"uv":[0,6.75,2,8.75],"texture":"#main"},"west":{"uv":[0,9.5,2.5,11.75],"texture":"#main"},"up":{"uv":[0,12.25,2.5,14.5],"texture":"#main"},"down":{"uv":[0,12.25,2.5,14.5],"texture":"#main"}}},{"from":[2.5,0,-6],"to":[6.5,2,4],"faces":{"east":{"uv":[10,2.75,10.5,5.25],"texture":"#main","rotation":270},"south":{"uv":[6.75,6.25,7.75,6.75],"texture":"#main"},"north":{"uv":[8,5.5,9,6],"texture":"#main"},"west":{"uv":[9.25,2.75,9.75,5.25],"texture":"#main","rotation":90},"up":{"uv":[8,2.75,9,5.25],"texture":"#main","rotation":180},"down":{"uv":[8,2.75,9,5.25],"texture":"#main"}}},{"from":[11.5,0,-6],"to":[15.5,2,4],"faces":{"east":{"uv":[10,2.75,10.5,5.25],"texture":"#main","rotation":270},"south":{"uv":[6.75,6.25,7.75,6.75],"texture":"#main","rotation":180},"north":{"uv":[6.75,5.5,7.75,6],"texture":"#main"},"west":{"uv":[9.25,2.75,9.75,5.25],"texture":"#main","rotation":90},"up":{"uv":[6.75,2.75,7.75,5.25],"texture":"#main","rotation":180},"down":{"uv":[6.75,2.75,7.75,5.25],"texture":"#main"}}},{"from":[6.5,14,2.1],"to":[12.5,22,8.1],"faces":{"east":{"uv":[2.25,0.5,4.25,1.5],"texture":"#main"},"south":{"uv":[2.25,0.5,4.25,1.5],"texture":"#main"},"north":{"uv":[2.25,0.5,4.25,1.5],"texture":"#main"},"west":{"uv":[2.25,0.5,4.25,1.5],"texture":"#main"}}},{"from":[5.5,3,1],"to":[13.5,15,9],"faces":{"east":{"uv":[2.25,0,4.25,3],"texture":"#main"},"south":{"uv":[2.25,0,4.25,3],"texture":"#main"},"north":{"uv":[0,0,2,3],"texture":"#main"},"west":{"uv":[2.25,0,4.25,3],"texture":"#main"},"up":{"uv":[4.5,0,6.5,2],"texture":"#main"},"down":{"uv":[4.5,0,6.5,2],"texture":"#main"}}},{"rotation":{"origin":[8,9,4],"angle":-22.5,"axis":"x"},"from":[13.5,11,-1],"to":[17.5,15,3],"faces":{"east":{"uv":[2.5,3.25,3.5,4.25],"texture":"#main","rotation":180},"south":{"uv":[1.25,3.25,2.25,4.25],"texture":"#main","rotation":90},"north":{"uv":[1.25,3.25,2.25,4.25],"texture":"#main","rotation":90},"west":{"uv":[0,3.25,1,4.25],"texture":"#main","rotation":180},"up":{"uv":[1.25,3.25,2.25,4.25],"texture":"#main","rotation":180},"down":{"uv":[2.5,3.25,3.5,4.25],"texture":"#main","rotation":90}}},{"rotation":{"origin":[-3,9,4],"angle":-22.5,"axis":"x"},"from":[1.5,11,-1],"to":[5.5,15,3],"faces":{"east":{"uv":[0,3.25,1,4.25],"texture":"#main","rotation":180},"south":{"uv":[1.25,3.25,2.25,4.25],"texture":"#main","rotation":90},"north":{"uv":[1.25,3.25,2.25,4.25],"texture":"#main","rotation":270},"west":{"uv":[2.5,3.25,3.5,4.25],"texture":"#main","rotation":90},"up":{"uv":[1.25,3.25,2.25,4.25],"texture":"#main"},"down":{"uv":[2.5,3.25,3.5,4.25],"texture":"#main","rotation":90}}},{"from":[10.5,2,2],"to":[16.5,11,7],"faces":{"east":{"uv":[12,0,13.5,2.25],"texture":"#main"},"south":{"uv":[13.75,0,15.25,2.25],"texture":"#main"},"north":{"uv":[6.75,0,8.25,2.25],"texture":"#main"},"west":{"uv":[10.25,0,11.75,2.25],"texture":"#main"},"up":{"uv":[4.75,2.75,6,3.75],"texture":"#main","rotation":180},"down":{"uv":[4.75,2.75,6,3.75],"texture":"#main","rotation":180}}},{"from":[2.5,2,2],"to":[8.5,11,7],"faces":{"east":{"uv":[12,0,13.5,2.25],"texture":"#main"},"south":{"uv":[13.75,0,15.25,2.25],"texture":"#main"},"north":{"uv":[8.5,0,10,2.25],"texture":"#main"},"west":{"uv":[10.25,0,11.75,2.25],"texture":"#main"},"up":{"uv":[4.75,2.75,6,3.75],"texture":"#main","rotation":180},"down":{"uv":[4.75,2.75,6,3.75],"texture":"#main"}}},{"from":[7.5,15,-2],"to":[11.5,21,0],"faces":{"east":{"uv":[2.5,6.75,3,9],"texture":"#main"},"north":{"uv":[2.5,7.25,3.5,9],"texture":"#main"},"west":{"uv":[3,6.75,3.5,9],"texture":"#main"},"down":{"uv":[2.5,8.75,3.5,9],"texture":"#main"}}},{"from":[6.5,3,9],"to":[12.5,8,14],"faces":{"east":{"uv":[12,0,13.5,1.5],"texture":"#main","rotation":180},"south":{"uv":[12,0,13.5,1.5],"texture":"#main","rotation":90},"west":{"uv":[12,0,13.5,1.5],"texture":"#main","rotation":90},"up":{"uv":[12,0,13.5,1.5],"texture":"#main","rotation":180},"down":{"uv":[12,0,13.5,1.5],"texture":"#main","rotation":180}}},{"from":[7.5,2.3233,12.5433],"to":[11.5,7.3233,17.5433],"faces":{"east":{"uv":[12,0,13.5,1.5],"texture":"#main","rotation":180},"south":{"uv":[12,0,13.5,1.5],"texture":"#main","rotation":90},"west":{"uv":[12,0,13.5,1.5],"texture":"#main","rotation":90},"up":{"uv":[12,0,13.5,1.5],"texture":"#main","rotation":270},"down":{"uv":[12.5,0,13.5,1.25],"texture":"#main","rotation":180}}},{"from":[8.5,2.2063,16.8412],"to":[10.5,5.2063,21.8412],"faces":{"east":{"uv":[12,0,13.5,0.75],"texture":"#main","rotation":180},"south":{"uv":[12.5,0,13.25,0.5],"texture":"#main","rotation":270},"west":{"uv":[12,0,13.5,0.75],"texture":"#main"},"up":{"uv":[12.5,0,13.25,0.5],"texture":"#main","rotation":270},"down":{"uv":[12.5,0,13.25,0.5],"texture":"#main","rotation":270}}},{"from":[5.5,21,-2],"to":[13.5,24,-1],"faces":{"east":{"uv":[1.5,6.75,1.75,7.25],"texture":"#main"},"north":{"uv":[0,6.5,2,7.25],"texture":"#main"},"west":{"uv":[1.5,6.75,1.75,7.25],"texture":"#main"},"up":{"uv":[0,6.5,2,6.75],"texture":"#main"},"down":{"uv":[0,6.5,2,6.75],"texture":"#main","rotation":180}}},{"rotation":{"origin":[7.5,5,2],"angle":22.5,"axis":"x"},"from":[8,21,-8],"to":[11,27,-5],"faces":{"east":{"uv":[5,7.25,5.75,9],"texture":"#main"},"south":{"uv":[6,7.25,6.75,9],"texture":"#main"},"north":{"uv":[4,7.25,4.75,9],"texture":"#main"},"west":{"uv":[6,7.25,6.75,9],"texture":"#main"},"up":{"uv":[5,6.25,5.75,7],"texture":"#main"},"down":{"uv":[5,6.25,5.75,7],"texture":"#main"}}},{"rotation":{"origin":[8,5.93853,-3.39104],"angle":-22.5,"axis":"x"},"from":[15.5,7.9385,-8.391],"to":[17.5,11.9385,-0.391],"faces":{"east":{"uv":[1.25,4.5,2.25,6.5],"texture":"#main","rotation":270},"north":{"uv":[6.75,5.5,7.75,6],"texture":"#main","rotation":270},"west":{"uv":[0,4.5,1,6.5],"texture":"#main","rotation":90},"up":{"uv":[0.25,4.5,0.75,6.5],"texture":"#main"},"down":{"uv":[0.25,4.5,0.75,6.5],"texture":"#main"}}},{"rotation":{"origin":[8,10.53073,7.69552],"angle":-22.5,"axis":"x"},"from":[13.5,13.5307,2.6955],"to":[15.5,16.5307,6.6955],"faces":{"east":{"uv":[2.5,3.25,3.25,4.25],"texture":"#main","rotation":270},"south":{"uv":[1.75,3.25,2.25,4.25],"texture":"#main","rotation":180},"up":{"uv":[1.75,3.25,2.25,4.25],"texture":"#main","rotation":180},"down":{"uv":[1.75,3.25,2.25,4.25],"texture":"#main","rotation":180}}},{"rotation":{"origin":[-2,10.53073,7.69552],"angle":-22.5,"axis":"x"},"from":[3.5,13.5307,2.6955],"to":[5.5,16.5307,6.6955],"faces":{"south":{"uv":[1.75,3.25,2.25,4.25],"texture":"#main","rotation":180},"west":{"uv":[2.5,3.25,3.25,4.25],"texture":"#main","rotation":90},"up":{"uv":[1.75,3.25,2.25,4.25],"texture":"#main"},"down":{"uv":[1.75,3.25,2.25,4.25],"texture":"#main","rotation":180}}},{"rotation":{"origin":[-6,5.93853,-3.39104],"angle":-22.5,"axis":"x"},"from":[1.5,7.9385,-8.391],"to":[3.5,11.9385,-0.391],"faces":{"east":{"uv":[1.25,4.5,2.25,6.5],"texture":"#main","rotation":270},"north":{"uv":[6.75,5.5,7.75,6],"texture":"#main","rotation":270},"west":{"uv":[0,4.5,1,6.5],"texture":"#main","rotation":90},"up":{"uv":[0.25,4.5,0.75,6.5],"texture":"#main","rotation":180},"down":{"uv":[0.25,4.5,0.75,6.5],"texture":"#main"}}},{"from":[5.5,8,9],"to":[13.5,15,13],"faces":{"east":{"uv":[2.25,0.5,4.25,1.5],"texture":"#main"},"south":{"uv":[2.25,0.5,4.25,1.5],"texture":"#main"},"west":{"uv":[2.25,0.5,4.25,1.5],"texture":"#main"},"up":{"uv":[2.25,0.5,4.25,1.5],"texture":"#main"},"down":{"uv":[2.25,0.5,4.25,1.5],"texture":"#main"}}},{"rotation":{"origin":[11.5,3,3],"angle":22.5,"axis":"x"},"from":[12,19,-7],"to":[15,25,-4],"faces":{"east":{"uv":[5,7.25,5.75,9],"texture":"#main"},"south":{"uv":[6,7.25,6.75,9],"texture":"#main"},"north":{"uv":[4,7.25,4.75,9],"texture":"#main"},"west":{"uv":[6,7.25,6.75,9],"texture":"#main"},"up":{"uv":[5,6.25,5.75,7],"texture":"#main"},"down":{"uv":[5,6.25,5.75,7],"texture":"#main"}}},{"rotation":{"origin":[3.5,3,3],"angle":22.5,"axis":"x"},"from":[4,19,-7],"to":[7,25,-4],"faces":{"east":{"uv":[5,7.25,5.75,9],"texture":"#main"},"south":{"uv":[6,7.25,6.75,9],"texture":"#main"},"north":{"uv":[4,7.25,4.75,9],"texture":"#main"},"west":{"uv":[6,7.25,6.75,9],"texture":"#main"},"up":{"uv":[5,6.25,5.75,7],"texture":"#main"},"down":{"uv":[5,6.25,5.75,7],"texture":"#main"}}},{"rotation":{"origin":[7,-1,2],"angle":45,"axis":"x"},"from":[7.5,15,-8],"to":[11.5,22,-5],"faces":{"east":{"uv":[8.25,10,9,12],"texture":"#main"},"south":{"uv":[7,10,8,12],"texture":"#main"},"north":{"uv":[5.75,10,6.75,12],"texture":"#main"},"west":{"uv":[8.25,10,9,12],"texture":"#main"},"up":{"uv":[8.25,12.25,9.25,13],"texture":"#main"},"down":{"uv":[8.25,12.25,9.25,13],"texture":"#main"}}},{"rotation":{"origin":[7,-3,5],"angle":45,"axis":"x"},"from":[7.5,13,-5],"to":[11.5,20,-2],"faces":{"east":{"uv":[8.25,10,9,12],"texture":"#main"},"south":{"uv":[7,10,8,12],"texture":"#main"},"north":{"uv":[5.75,10,6.75,12],"texture":"#main"},"west":{"uv":[8.25,10,9,12],"texture":"#main"},"up":{"uv":[8.25,12.25,9.25,13],"texture":"#main"},"down":{"uv":[8.25,12.25,9.25,13],"texture":"#main"}}},{"rotation":{"origin":[7,-7,7],"angle":45,"axis":"x"},"from":[7.5,9,-3],"to":[11.5,16,0],"faces":{"east":{"uv":[8.25,10,9,12],"texture":"#main"},"south":{"uv":[7,10,8,12],"texture":"#main"},"north":{"uv":[5.75,10,6.75,12],"texture":"#main"},"west":{"uv":[8.25,10,9,12],"texture":"#main"},"up":{"uv":[8.25,12.25,9.25,13],"texture":"#main"},"down":{"uv":[8.25,12.25,9.25,13],"texture":"#main"}}},{"rotation":{"origin":[2,-5,9],"angle":22.5,"axis":"x"},"from":[2.5,11,-1],"to":[6.5,18,2],"faces":{"east":{"uv":[8.25,10,9,12],"texture":"#main"},"south":{"uv":[7,10,8,12],"texture":"#main"},"north":{"uv":[5.75,10,6.75,12],"texture":"#main"},"west":{"uv":[8.25,10,9,12],"texture":"#main"},"up":{"uv":[8.25,12.25,9.25,13],"texture":"#main"},"down":{"uv":[8.25,12.25,9.25,13],"texture":"#main"}}},{"rotation":{"origin":[14.5,16.26846,8.60935],"angle":22.5,"axis":"x"},"from":[12.5,12.76846,7.10935],"to":[16.5,19.76846,10.10935],"faces":{"east":{"uv":[8.25,10,9,12],"texture":"#main"},"south":{"uv":[7,10,8,12],"texture":"#main"},"north":{"uv":[5.75,10,6.75,12],"texture":"#main"},"west":{"uv":[8.25,10,9,12],"texture":"#main"},"up":{"uv":[8.25,12.25,9.25,13],"texture":"#main"},"down":{"uv":[8.25,12.25,9.25,13],"texture":"#main"}}},{"rotation":{"origin":[3,-5,5],"angle":45,"axis":"x"},"from":[3.5,11,-5],"to":[7.5,18,-2],"faces":{"east":{"uv":[8.25,10,9,12],"texture":"#main"},"south":{"uv":[7,10,8,12],"texture":"#main"},"north":{"uv":[5.75,10,6.75,12],"texture":"#main"},"west":{"uv":[8.25,10,9,12],"texture":"#main"},"up":{"uv":[8.25,12.25,9.25,13],"texture":"#main"},"down":{"uv":[8.25,12.25,9.25,13],"texture":"#main"}}},{"rotation":{"origin":[11,-5,5],"angle":45,"axis":"x"},"from":[11.5,11,-5],"to":[15.5,18,-2],"faces":{"east":{"uv":[8.25,10,9,12],"texture":"#main"},"south":{"uv":[7,10,8,12],"texture":"#main"},"north":{"uv":[5.75,10,6.75,12],"texture":"#main"},"west":{"uv":[8.25,10,9,12],"texture":"#main"},"up":{"uv":[8.25,12.25,9.25,13],"texture":"#main"},"down":{"uv":[8.25,12.25,9.25,13],"texture":"#main"}}},{"rotation":{"origin":[3,-5,-1],"angle":-22.5,"axis":"x"},"from":[3.5,2,15],"to":[7.5,5,22],"faces":{"east":{"uv":[8.25,10,9,12],"texture":"#main","rotation":270},"south":{"uv":[8.25,12.25,9.25,13],"texture":"#main"},"north":{"uv":[8.25,12.25,9.25,13],"texture":"#main","rotation":180},"west":{"uv":[8.25,10,9,12],"texture":"#main","rotation":90},"up":{"uv":[5.75,10,6.75,12],"texture":"#main","rotation":180},"down":{"uv":[7,10,8,12],"texture":"#main"}}},{"rotation":{"origin":[11,-5,-1],"angle":-22.5,"axis":"x"},"from":[11.5,2,15],"to":[15.5,5,22],"faces":{"east":{"uv":[8.25,10,9,12],"texture":"#main","rotation":270},"south":{"uv":[8.25,12.25,9.25,13],"texture":"#main"},"north":{"uv":[8.25,12.25,9.25,13],"texture":"#main","rotation":180},"west":{"uv":[8.25,10,9,12],"texture":"#main","rotation":90},"up":{"uv":[5.75,10,6.75,12],"texture":"#main","rotation":180},"down":{"uv":[7,10,8,12],"texture":"#main"}}},{"rotation":{"origin":[4,4,7],"angle":22.5,"axis":"x"},"from":[6.75,20,-5],"to":[11.75,28,0],"faces":{"east":{"uv":[9.75,10,11,12],"texture":"#main"},"south":{"uv":[9.75,10,11,12],"texture":"#main"},"north":{"uv":[9.75,10,11,12],"texture":"#main"},"west":{"uv":[9.75,10,11,12],"texture":"#main"},"up":{"uv":[9.75,8.5,11,9.75],"texture":"#main"},"down":{"uv":[9.75,8.5,11,9.75],"texture":"#main"}}},{"rotation":{"origin":[18.31891,15.13693,7.5],"angle":-22.5,"axis":"y"},"from":[11.31891,12.63693,5],"to":[19.31891,17.63693,10],"faces":{"east":{"uv":[9.75,8.5,11,9.75],"texture":"#main","rotation":90},"south":{"uv":[9.75,10,11,12],"texture":"#main","rotation":90},"north":{"uv":[9.75,10,11,12],"texture":"#main","rotation":270},"west":{"uv":[9.75,8.5,11,9.75],"texture":"#main","rotation":90},"up":{"uv":[9.75,10,11,12],"texture":"#main","rotation":90},"down":{"uv":[9.75,10,11,12],"texture":"#main","rotation":90}}},{"rotation":{"origin":[-0.06891,15.13693,7.5],"angle":22.5,"axis":"y"},"from":[-1.06891,12.63693,5],"to":[6.93109,17.63693,10],"faces":{"east":{"uv":[9.75,9.75,11,8.5],"texture":"#main","rotation":90},"south":{"uv":[9.75,12,11,10],"texture":"#main","rotation":90},"north":{"uv":[9.75,12,11,10],"texture":"#main","rotation":270},"west":{"uv":[9.75,9.75,11,8.5],"texture":"#main","rotation":90},"up":{"uv":[9.75,12,11,10],"texture":"#main","rotation":90},"down":{"uv":[9.75,12,11,10],"texture":"#main","rotation":90}}},{"rotation":{"origin":[19.46014,9.00509,11.5],"angle":-45,"axis":"y"},"from":[12.46014,6.50509,10.5],"to":[20.46014,11.50509,15.5],"faces":{"east":{"uv":[9.75,8.5,11,9.75],"texture":"#main","rotation":90},"south":{"uv":[9.75,10,11,12],"texture":"#main","rotation":90},"north":{"uv":[9.75,10,11,12],"texture":"#main","rotation":270},"west":{"uv":[9.75,8.5,11,9.75],"texture":"#main","rotation":90},"up":{"uv":[9.75,10,11,12],"texture":"#main","rotation":90},"down":{"uv":[9.75,10,11,12],"texture":"#main","rotation":90}}},{"rotation":{"origin":[-1.21014,9.00509,11.5],"angle":45,"axis":"y"},"from":[-2.21014,6.50509,10.5],"to":[5.78986,11.50509,15.5],"faces":{"east":{"uv":[9.75,9.75,11,8.5],"texture":"#main","rotation":90},"south":{"uv":[9.75,12,11,10],"texture":"#main","rotation":90},"north":{"uv":[9.75,12,11,10],"texture":"#main","rotation":270},"west":{"uv":[9.75,9.75,11,8.5],"texture":"#main","rotation":90},"up":{"uv":[9.75,12,11,10],"texture":"#main","rotation":90},"down":{"uv":[9.75,12,11,10],"texture":"#main","rotation":90}}},{"rotation":{"origin":[9.25,25.82325,14.4159],"angle":-45,"axis":"x"},"from":[6.75,23.32325,5.9159],"to":[11.75,28.32325,13.9159],"faces":{"east":{"uv":[9.75,10,11,12],"texture":"#main","rotation":270},"south":{"uv":[9.75,8.5,11,9.75],"texture":"#main"},"north":{"uv":[9.75,8.5,11,9.75],"texture":"#main","rotation":180},"west":{"uv":[9.75,10,11,12],"texture":"#main","rotation":90},"up":{"uv":[9.75,10,11,12],"texture":"#main","rotation":180},"down":{"uv":[9.75,10,11,12],"texture":"#main"}}},{"rotation":{"origin":[9.25,25.82325,14.4159],"angle":-22.5,"axis":"x"},"from":[6.75,14.82325,6.6659],"to":[11.75,19.82325,14.6659],"faces":{"east":{"uv":[9.75,10,11,12],"texture":"#main","rotation":270},"south":{"uv":[9.75,8.5,11,9.75],"texture":"#main"},"north":{"uv":[9.75,8.5,11,9.75],"texture":"#main","rotation":180},"west":{"uv":[9.75,10,11,12],"texture":"#main","rotation":90},"up":{"uv":[9.75,10,11,12],"texture":"#main","rotation":180},"down":{"uv":[9.75,10,11,12],"texture":"#main"}}},{"rotation":{"origin":[4,4,7],"angle":22.5,"axis":"x"},"from":[7.75,28,-4],"to":[10.75,32,-1],"faces":{"east":{"uv":[11.25,10,12,11],"texture":"#main"},"south":{"uv":[11.25,10,12,11],"texture":"#main"},"north":{"uv":[11.25,10,12,11],"texture":"#main"},"west":{"uv":[11.25,10,12,11],"texture":"#main"},"up":{"uv":[11.25,9,12,9.75],"texture":"#main"},"down":{"uv":[11.25,9,12,9.75],"texture":"#main"}}},{"rotation":{"origin":[18.31891,15.13693,7.5],"angle":-22.5,"axis":"y"},"from":[19.31891,13.63693,6],"to":[23.31891,16.63693,9],"faces":{"east":{"uv":[11.25,9,12,9.75],"texture":"#main","rotation":90},"south":{"uv":[11.25,10,12,11],"texture":"#main","rotation":90},"north":{"uv":[11.25,10,12,11],"texture":"#main","rotation":270},"west":{"uv":[11.25,9,12,9.75],"texture":"#main","rotation":90},"up":{"uv":[11.25,10,12,11],"texture":"#main","rotation":90},"down":{"uv":[11.25,10,12,11],"texture":"#main","rotation":90}}},{"rotation":{"origin":[-0.06891,15.13693,7.5],"angle":22.5,"axis":"y"},"from":[-5.06891,13.63693,6],"to":[-1.06891,16.63693,9],"faces":{"east":{"uv":[11.25,9.75,12,9],"texture":"#main","rotation":90},"south":{"uv":[11.25,11,12,10],"texture":"#main","rotation":90},"north":{"uv":[11.25,11,12,10],"texture":"#main","rotation":270},"west":{"uv":[11.25,9.75,12,9],"texture":"#main","rotation":90},"up":{"uv":[11.25,11,12,10],"texture":"#main","rotation":90},"down":{"uv":[11.25,11,12,10],"texture":"#main","rotation":90}}},{"rotation":{"origin":[19.46014,9.00509,11.5],"angle":-45,"axis":"y"},"from":[20.46014,7.50509,11.5],"to":[24.46014,10.50509,14.5],"faces":{"east":{"uv":[11.25,9,12,9.75],"texture":"#main","rotation":90},"south":{"uv":[11.25,10,12,11],"texture":"#main","rotation":90},"north":{"uv":[11.25,10,12,11],"texture":"#main","rotation":270},"west":{"uv":[11.25,9,12,9.75],"texture":"#main","rotation":90},"up":{"uv":[11.25,10,12,11],"texture":"#main","rotation":90},"down":{"uv":[11.25,10,12,11],"texture":"#main","rotation":90}}},{"rotation":{"origin":[-1.21014,9.00509,11.5],"angle":45,"axis":"y"},"from":[-6.21014,7.50509,11.5],"to":[-2.21014,10.50509,14.5],"faces":{"east":{"uv":[11.25,9.75,12,9],"texture":"#main","rotation":90},"south":{"uv":[11.25,11,12,10],"texture":"#main","rotation":90},"north":{"uv":[11.25,11,12,10],"texture":"#main","rotation":270},"west":{"uv":[11.25,9.75,12,9],"texture":"#main","rotation":90},"up":{"uv":[11.25,11,12,10],"texture":"#main","rotation":90},"down":{"uv":[11.25,11,12,10],"texture":"#main","rotation":90}}},{"rotation":{"origin":[9.25,25.82325,14.4159],"angle":-45,"axis":"x"},"from":[7.75,24.32325,13.9159],"to":[10.75,27.32325,17.9159],"faces":{"east":{"uv":[11.25,10,12,11],"texture":"#main","rotation":270},"south":{"uv":[11.25,9,12,9.75],"texture":"#main"},"north":{"uv":[11.25,9,12,9.75],"texture":"#main","rotation":180},"west":{"uv":[11.25,10,12,11],"texture":"#main","rotation":90},"up":{"uv":[11.25,10,12,11],"texture":"#main","rotation":180},"down":{"uv":[11.25,10,12,11],"texture":"#main"}}},{"rotation":{"origin":[9.25,25.82325,14.4159],"angle":-22.5,"axis":"x"},"from":[7.75,15.82325,14.6659],"to":[10.75,18.82325,18.6659],"faces":{"east":{"uv":[11.25,10,12,11],"texture":"#main","rotation":270},"south":{"uv":[11.25,9,12,9.75],"texture":"#main"},"north":{"uv":[11.25,9,12,9.75],"texture":"#main","rotation":180},"west":{"uv":[11.25,10,12,11],"texture":"#main","rotation":90},"up":{"uv":[11.25,10,12,11],"texture":"#main","rotation":180},"down":{"uv":[11.25,10,12,11],"texture":"#main"}}},{"rotation":{"origin":[7,-1,2],"angle":45,"axis":"x"},"from":[7.5,15,-8],"to":[11.5,22,-5],"faces":{"east":{"uv":[8.25,10,9,12],"texture":"#main"},"south":{"uv":[7,10,8,12],"texture":"#main"},"north":{"uv":[5.75,10,6.75,12],"texture":"#main"},"west":{"uv":[8.25,10,9,12],"texture":"#main"},"up":{"uv":[8.25,12.25,9.25,13],"texture":"#main"},"down":{"uv":[8.25,12.25,9.25,13],"texture":"#main"}}},{"rotation":{"origin":[7,3,0],"angle":45,"axis":"x"},"from":[7.5,19,-10],"to":[11.5,26,-7],"faces":{"east":{"uv":[8.25,10,9,12],"texture":"#main"},"south":{"uv":[7,10,8,12],"texture":"#main"},"north":{"uv":[5.75,10,6.75,12],"texture":"#main"},"west":{"uv":[8.25,10,9,12],"texture":"#main"},"up":{"uv":[8.25,12.25,9.25,13],"texture":"#main"},"down":{"uv":[8.25,12.25,9.25,13],"texture":"#main"}}}],"display":{"head":{"translation":[-1.4,-35,2.086]},"firstperson_righthand":{"scale":[0.0001,0.0001,0.0001]},"thirdperson_lefthand":{"scale":[0.0001,0.0001,0.0001]},"firstperson_lefthand":{"scale":[0.0001,0.0001,0.0001]}}}