{"credit":"Made with Blockbench","parent":"physical_parent","texture_size":[64,64],"textures":{"main":"pokemon/scizor","particle":"pokemon/scizor"},"elements":[{"from":[-0.02913,8.5,-2.05425],"to":[2.97087,14.5,3.94575],"rotation":{"angle":22.5,"axis":"y","origin":[2.48299,10.26929,1.93861]},"faces":{"north":{"uv":[8.25,2.5,9,4],"texture":"#main"},"east":{"uv":[6,5.25,7.5,6.75],"texture":"#main"},"south":{"uv":[3.75,8.25,4.5,9.75],"texture":"#main"},"west":{"uv":[6,6.75,7.5,8.25],"texture":"#main"},"up":{"uv":[5.25,9.75,4.5,8.25],"texture":"#main"},"down":{"uv":[6,8.25,5.25,9.75],"texture":"#main"}}},{"from":[6.5,5,5.06715],"to":[9.5,6,9.06715],"rotation":{"angle":0,"axis":"y","origin":[5.00995,0.49572,7.5663]},"faces":{"north":{"uv":[10.25,3.25,11,3.5],"texture":"#main"},"east":{"uv":[9.75,8.25,10.75,8.5],"texture":"#main"},"south":{"uv":[10.25,3.5,11,3.75],"texture":"#main"},"west":{"uv":[9.75,8.5,10.75,8.75],"texture":"#main"},"up":{"uv":[6.75,10.25,6,9.25],"texture":"#main"},"down":{"uv":[10.25,0,9.5,1],"texture":"#main"}}},{"from":[2.3928,11,2.56138],"to":[2.3928,14,7.56138],"rotation":{"angle":22.5,"axis":"y","origin":[3.91014,11.76491,4.06384]},"faces":{"north":{"uv":[7.75,9,9,9.75],"texture":"#main"},"east":{"uv":[9,9,7.75,9.75],"texture":"#main"},"south":{"uv":[7.75,9,9,9.75],"texture":"#main"},"west":{"uv":[7.75,9,9,9.75],"texture":"#main"},"up":{"uv":[7.75,9,9,9.75],"texture":"#main"},"down":{"uv":[7.75,9,9,9.75],"texture":"#main"}}},{"from":[6.5,10,6.06715],"to":[9.5,12,8.06715],"rotation":{"angle":0,"axis":"y","origin":[5.00995,0.49572,7.5663]},"faces":{"north":{"uv":[5.25,9.75,6,10.25],"texture":"#main"},"east":{"uv":[7,4,7.5,4.5],"texture":"#main"},"south":{"uv":[9.75,5.25,10.5,5.75],"texture":"#main"},"west":{"uv":[7,4.5,7.5,5],"texture":"#main"},"up":{"uv":[10.5,6.25,9.75,5.75],"texture":"#main"},"down":{"uv":[10.5,6.25,9.75,6.75],"texture":"#main"}}},{"from":[5.5,12,5.07316],"to":[10.5,16,9.07316],"rotation":{"angle":0,"axis":"y","origin":[10.89257,0.50581,7.55625]},"faces":{"north":{"uv":[7.5,8,8.75,9],"texture":"#main"},"east":{"uv":[6,8.25,7,9.25],"texture":"#main"},"south":{"uv":[0,8.25,1.25,9.25],"texture":"#main"},"west":{"uv":[8.5,0,9.5,1],"texture":"#main"},"up":{"uv":[2.5,9.25,1.25,8.25],"texture":"#main"},"down":{"uv":[3.75,8.25,2.5,9.25],"texture":"#main"}}},{"from":[8.99841,6,9.10273],"to":[8.99841,27,23.10273],"rotation":{"angle":-45,"axis":"y","origin":[7.98442,14.00159,7.08715]},"faces":{"north":{"uv":[0,0,0,5.25],"texture":"#main"},"east":{"uv":[0,0,3.5,5.25],"texture":"#main"},"south":{"uv":[0,0,0,5.25],"texture":"#main"},"west":{"uv":[3.5,0,7,5.25],"texture":"#main"},"up":{"uv":[0,3.5,0,0],"texture":"#main"},"down":{"uv":[0,0,0,3.5],"texture":"#main"}}},{"name":"head","from":[5.5,17.75,4.26944],"to":[10.5,22.75,10.26944],"rotation":{"angle":-45,"axis":"x","origin":[7.97473,19.5017,7.04302]},"faces":{"north":{"uv":[7.5,5.5,8.75,6.75],"texture":"#main"},"east":{"uv":[8.5,1.25,7,2.5],"texture":"#main"},"south":{"uv":[7.5,6.75,8.75,8],"texture":"#main"},"west":{"uv":[7,1.25,8.5,2.5],"texture":"#main"},"up":{"uv":[8.25,4,7,2.5],"texture":"#main"},"down":{"uv":[8.75,4,7.5,5.5],"texture":"#main"}}},{"from":[2,19.82964,1.12951],"to":[14,31.82964,1.12951],"rotation":{"angle":45,"axis":"x","origin":[7.97168,17.3353,3.17366]},"faces":{"north":{"uv":[0,5.25,3,8.25],"texture":"#main"},"east":{"uv":[0,0,0,3],"texture":"#main"},"south":{"uv":[3,5.25,6,8.25],"texture":"#main"},"west":{"uv":[0,0,0,3],"texture":"#main"},"up":{"uv":[3,0,0,0],"texture":"#main"},"down":{"uv":[3,0,0,0],"texture":"#main"}}},{"from":[7,16,6.07316],"to":[9,18,8.07316],"rotation":{"angle":0,"axis":"y","origin":[10.89257,0.50581,7.55625]},"faces":{"north":{"uv":[7,8.25,7.5,8.75],"texture":"#main"},"east":{"uv":[8.5,2,9,2.5],"texture":"#main"},"south":{"uv":[8.5,9.75,9,10.25],"texture":"#main"},"west":{"uv":[9.75,8.75,10.25,9.25],"texture":"#main"},"up":{"uv":[10.25,9.75,9.75,9.25],"texture":"#main"},"down":{"uv":[10.25,9.75,9.75,10.25],"texture":"#main"}}},{"from":[6,6,5.07316],"to":[10,10,9.07316],"rotation":{"angle":0,"axis":"y","origin":[10.89257,0.50581,7.55625]},"faces":{"north":{"uv":[8.5,1,9.5,2],"texture":"#main"},"east":{"uv":[8.75,4,9.75,5],"texture":"#main"},"south":{"uv":[8.75,5,9.75,6],"texture":"#main"},"west":{"uv":[8.75,6,9.75,7],"texture":"#main"},"up":{"uv":[9.75,8,8.75,7],"texture":"#main"},"down":{"uv":[9.75,8,8.75,9],"texture":"#main"}}},{"from":[2.38481,14,4.81715],"to":[5.63481,16.25,9.31715],"rotation":{"angle":0,"axis":"y","origin":[10.87486,0.49572,7.5663]},"faces":{"north":{"uv":[10.5,2.75,9.75,3.25],"texture":"#main"},"east":{"uv":[10.75,1.5,9.5,2],"texture":"#main"},"south":{"uv":[10.5,4.75,9.75,5.25],"texture":"#main"},"west":{"uv":[10.75,1,9.5,1.5],"texture":"#main"},"up":{"uv":[9,3.25,9.75,2],"texture":"#main"},"down":{"uv":[7,9,7.75,10.25],"texture":"#main"}}},{"from":[4.5,-2,4],"to":[6.5,0,5],"rotation":{"angle":22.5,"axis":"y","origin":[8,6,8]},"faces":{"north":{"uv":[10.75,0,10.25,0.5],"texture":"#main"},"east":{"uv":[7,9.75,6.75,10.25],"texture":"#main"},"south":{"uv":[10.75,0.5,10.25,1],"texture":"#main"},"west":{"uv":[7,9.25,6.75,9.75],"texture":"#main"},"up":{"uv":[7,5.25,7.5,5],"texture":"#main"},"down":{"uv":[7,8.75,7.5,9],"texture":"#main"}}},{"from":[4,-2,5],"to":[7,3,8],"rotation":{"angle":22.5,"axis":"y","origin":[8,6,8]},"faces":{"north":{"uv":[9.75,9,9,10.25],"texture":"#main"},"east":{"uv":[2.25,9.25,1.5,10.5],"texture":"#main"},"south":{"uv":[1.5,9.25,0.75,10.5],"texture":"#main"},"west":{"uv":[0.75,9.25,0,10.5],"texture":"#main"},"up":{"uv":[9.75,2.75,10.5,2],"texture":"#main"},"down":{"uv":[3.75,9.75,4.5,10.5],"texture":"#main"}}},{"from":[4,3,6.5],"to":[7,8,6.5],"rotation":{"angle":22.5,"axis":"y","origin":[8,6,8]},"faces":{"north":{"uv":[3,9.25,2.25,10.5],"texture":"#main"},"east":{"uv":[3,9.25,2.25,10.5],"texture":"#main"},"south":{"uv":[2.25,9.25,3,10.5],"texture":"#main"},"west":{"uv":[3,9.25,2.25,10.5],"texture":"#main"},"up":{"uv":[3,9.25,2.25,10.5],"texture":"#main"},"down":{"uv":[3,9.25,2.25,10.5],"texture":"#main"}}},{"from":[4,7,5],"to":[7,9,8],"rotation":{"angle":22.5,"axis":"y","origin":[8,6,8]},"faces":{"north":{"uv":[10.5,6.75,9.75,7.25],"texture":"#main"},"east":{"uv":[10.5,7.75,9.75,8.25],"texture":"#main"},"south":{"uv":[8.5,9.75,7.75,10.25],"texture":"#main"},"west":{"uv":[10.5,7.25,9.75,7.75],"texture":"#main"},"up":{"uv":[9.75,4.75,10.5,4],"texture":"#main"},"down":{"uv":[4.5,9.75,5.25,10.5],"texture":"#main"}}},{"from":[7.00159,6,9.10273],"to":[7.00159,27,23.10273],"rotation":{"angle":45,"axis":"y","origin":[8.01558,14.00159,7.08715]},"faces":{"north":{"uv":[0,0,0,5.25],"texture":"#main"},"east":{"uv":[7,0,3.5,5.25],"texture":"#main"},"south":{"uv":[0,0,0,5.25],"texture":"#main"},"west":{"uv":[3.5,0,0,5.25],"texture":"#main"},"up":{"uv":[0,3.5,0,0],"texture":"#main"},"down":{"uv":[0,0,0,3.5],"texture":"#main"}}},{"from":[10.36519,14,4.81715],"to":[13.61519,16.25,9.31715],"rotation":{"angle":0,"axis":"y","origin":[5.12514,0.49572,7.5663]},"faces":{"north":{"uv":[9.75,2.75,10.5,3.25],"texture":"#main"},"east":{"uv":[9.5,1,10.75,1.5],"texture":"#main"},"south":{"uv":[9.75,4.75,10.5,5.25],"texture":"#main"},"west":{"uv":[9.5,1.5,10.75,2],"texture":"#main"},"up":{"uv":[9.75,3.25,9,2],"texture":"#main"},"down":{"uv":[7.75,9,7,10.25],"texture":"#main"}}},{"from":[13.02913,8.5,-2.05425],"to":[16.02913,14.5,3.94575],"rotation":{"angle":-22.5,"axis":"y","origin":[13.51701,10.26929,1.93861]},"faces":{"north":{"uv":[9,2.5,8.25,4],"texture":"#main"},"east":{"uv":[7.5,6.75,6,8.25],"texture":"#main"},"south":{"uv":[4.5,8.25,3.75,9.75],"texture":"#main"},"west":{"uv":[7.5,5.25,6,6.75],"texture":"#main"},"up":{"uv":[4.5,9.75,5.25,8.25],"texture":"#main"},"down":{"uv":[5.25,8.25,6,9.75],"texture":"#main"}}},{"from":[13.6072,11,2.56138],"to":[13.6072,14,7.56138],"rotation":{"angle":-22.5,"axis":"y","origin":[12.08986,11.76491,4.06384]},"faces":{"north":{"uv":[9,9,7.75,9.75],"texture":"#main"},"east":{"uv":[9,9,7.75,9.75],"texture":"#main"},"south":{"uv":[9,9,7.75,9.75],"texture":"#main"},"west":{"uv":[7.75,9,9,9.75],"texture":"#main"},"up":{"uv":[9,9,7.75,9.75],"texture":"#main"},"down":{"uv":[9,9,7.75,9.75],"texture":"#main"}}},{"from":[9,7,5],"to":[12,9,8],"rotation":{"angle":-22.5,"axis":"y","origin":[8,6,8]},"faces":{"north":{"uv":[9.75,6.75,10.5,7.25],"texture":"#main"},"east":{"uv":[9.75,7.25,10.5,7.75],"texture":"#main"},"south":{"uv":[7.75,9.75,8.5,10.25],"texture":"#main"},"west":{"uv":[9.75,7.75,10.5,8.25],"texture":"#main"},"up":{"uv":[10.5,4.75,9.75,4],"texture":"#main"},"down":{"uv":[5.25,9.75,4.5,10.5],"texture":"#main"}}},{"from":[9,3,6.5],"to":[12,8,6.5],"rotation":{"angle":-22.5,"axis":"y","origin":[8,6,8]},"faces":{"north":{"uv":[2.25,9.25,3,10.5],"texture":"#main"},"east":{"uv":[2.25,9.25,3,10.5],"texture":"#main"},"south":{"uv":[3,9.25,2.25,10.5],"texture":"#main"},"west":{"uv":[2.25,9.25,3,10.5],"texture":"#main"},"up":{"uv":[2.25,9.25,3,10.5],"texture":"#main"},"down":{"uv":[2.25,9.25,3,10.5],"texture":"#main"}}},{"from":[9,-2,5],"to":[12,3,8],"rotation":{"angle":-22.5,"axis":"y","origin":[8,6,8]},"faces":{"north":{"uv":[9,9,9.75,10.25],"texture":"#main"},"east":{"uv":[0,9.25,0.75,10.5],"texture":"#main"},"south":{"uv":[0.75,9.25,1.5,10.5],"texture":"#main"},"west":{"uv":[1.5,9.25,2.25,10.5],"texture":"#main"},"up":{"uv":[10.5,2.75,9.75,2],"texture":"#main"},"down":{"uv":[4.5,9.75,3.75,10.5],"texture":"#main"}}},{"from":[9.5,-2,4],"to":[11.5,0,5],"rotation":{"angle":-22.5,"axis":"y","origin":[8,6,8]},"faces":{"north":{"uv":[10.25,0,10.75,0.5],"texture":"#main"},"east":{"uv":[6.75,9.25,7,9.75],"texture":"#main"},"south":{"uv":[10.25,0.5,10.75,1],"texture":"#main"},"west":{"uv":[6.75,9.75,7,10.25],"texture":"#main"},"up":{"uv":[7.5,5.25,7,5],"texture":"#main"},"down":{"uv":[7.5,8.75,7,9],"texture":"#main"}}}],"display":{"head":{"translation":[0,-26.75,0],"scale":[2.04609,2.04609,2.04609]}}}