{"parent":"physical_parent","textures":{"main":"pokemon/sealeo"},"texture_size":[64,64],"elements":[{"rotation":{"origin":[16,8,13],"angle":0,"axis":"y"},"from":[4,0,1],"to":[12,7,11],"faces":{"east":{"uv":[5,0,7.5,1.75],"texture":"#main"},"south":{"uv":[7,3.5,9,5.25],"texture":"#main"},"north":{"uv":[7,7,9,8.75],"texture":"#main"},"west":{"uv":[5,1.75,7.5,3.5],"texture":"#main"},"up":{"uv":[5,5.5,3,3],"texture":"#main"},"down":{"uv":[5,0,3,2.5],"texture":"#main"}}},{"rotation":{"origin":[16,16,7],"angle":0,"axis":"y"},"from":[5,8,-1],"to":[11,14,5],"faces":{"east":{"uv":[7.5,2,9,3.5],"texture":"#main"},"south":{"uv":[1.75,8,3.25,9.5],"texture":"#main"},"north":{"uv":[5.5,7.5,7,9],"texture":"#main"},"west":{"uv":[7,8.75,8.5,10.25],"texture":"#main"},"up":{"uv":[10,10.25,8.5,8.75],"texture":"#main"},"down":{"uv":[10.25,5.25,8.75,6.75],"texture":"#main"}}},{"rotation":{"origin":[16.5,15,6.75],"angle":0,"axis":"y"},"from":[8.5,6,-1.25],"to":[15.5,12,-1.25],"faces":{"east":{"uv":[0,0,0,1.5],"texture":"#main"},"south":{"uv":[7,5.25,8.75,6.75],"texture":"#main"},"north":{"uv":[5,3.5,6.75,5],"texture":"#main"},"west":{"uv":[0,0,0,1.5],"texture":"#main"},"up":{"uv":[1.75,0,0,0],"texture":"#main"},"down":{"uv":[1.75,0,0,0],"texture":"#main"}}},{"rotation":{"origin":[-0.5,15,6.75],"angle":0,"axis":"y"},"from":[0.5,6,-1.25],"to":[7.5,12,-1.25],"faces":{"east":{"uv":[0,0,0,1.5],"texture":"#main"},"south":{"uv":[8.75,5.25,7,6.75],"texture":"#main"},"north":{"uv":[6.75,3.5,5,5],"texture":"#main"},"west":{"uv":[0,0,0,1.5],"texture":"#main"},"up":{"uv":[0,0,1.75,0],"texture":"#main"},"down":{"uv":[0,0,1.75,0],"texture":"#main"}}},{"rotation":{"origin":[16.5,9,12],"angle":0,"axis":"y"},"from":[4.5,1,0],"to":[11.5,11,8],"faces":{"east":{"uv":[0,4.5,2,7],"texture":"#main"},"south":{"uv":[0,7,1.75,9.5],"texture":"#main"},"north":{"uv":[2,5.5,3.75,8],"texture":"#main"},"west":{"uv":[5,5,7,7.5],"texture":"#main"},"up":{"uv":[5.5,9.5,3.75,7.5],"texture":"#main"},"down":{"uv":[9.25,0,7.5,2],"texture":"#main"}}},{"rotation":{"origin":[16,8,22],"angle":0,"axis":"y"},"from":[5,0,11],"to":[11,5,15],"faces":{"east":{"uv":[9.25,0,10.25,1.25],"texture":"#main"},"south":{"uv":[9,3.25,10.5,4.5],"texture":"#main"},"north":{"uv":[9,2,10.5,3.25],"texture":"#main"},"west":{"uv":[0,9.5,1,10.75],"texture":"#main"},"up":{"uv":[10.5,7.75,9,6.75],"texture":"#main"},"down":{"uv":[10.5,7.75,9,8.75],"texture":"#main"}}},{"rotation":{"origin":[16,8,26],"angle":0,"axis":"y"},"from":[2,2,13],"to":[14,2,22],"faces":{"east":{"uv":[0,0,2.25,0],"texture":"#main"},"south":{"uv":[0,0,3,0],"texture":"#main"},"north":{"uv":[0,0,3,0],"texture":"#main"},"west":{"uv":[0,0,2.25,0],"texture":"#main"},"up":{"uv":[3,2.25,0,0],"texture":"#main"},"down":{"uv":[3,2.25,0,4.5],"texture":"#main"}}},{"rotation":{"origin":[13,1,0],"angle":-22.5,"axis":"x"},"from":[10,1,-3],"to":[15,1,4],"faces":{"east":{"uv":[0,0,1.75,0],"texture":"#main"},"south":{"uv":[0,0,1.25,0],"texture":"#main"},"north":{"uv":[0,0,1.25,0],"texture":"#main"},"west":{"uv":[0,0,1.75,0],"texture":"#main"},"up":{"uv":[5,7.25,3.75,5.5],"texture":"#main"},"down":{"uv":[6.75,9,5.5,10.75],"texture":"#main"}}},{"rotation":{"origin":[3,1,0],"angle":-22.5,"axis":"x"},"from":[1,1,-3],"to":[6,1,4],"faces":{"east":{"uv":[1.75,0,0,0],"texture":"#main"},"south":{"uv":[1.25,0,0,0],"texture":"#main"},"north":{"uv":[1.25,0,0,0],"texture":"#main"},"west":{"uv":[1.75,0,0,0],"texture":"#main"},"up":{"uv":[3.75,7.25,5,5.5],"texture":"#main"},"down":{"uv":[5.5,9,6.75,10.75],"texture":"#main"}}}],"display":{"head":{"translation":[0,-27,0],"scale":[2,2,2]}}}