{"parent":"physical_parent","textures":{"main":"pokemon/sentret"},"elements":[{"from":[4,0,4],"to":[12,15,12],"faces":{"east":{"uv":[0,3.875,1,5.75],"texture":"#main"},"south":{"uv":[3,3.875,4,5.75],"texture":"#main"},"north":{"uv":[1,3.875,2,5.75],"texture":"#main"},"west":{"uv":[2,3.875,3,5.75],"texture":"#main"},"up":{"uv":[2,3.875,1,2.875],"texture":"#main"},"down":{"uv":[3,2.875,2,3.875],"texture":"#main"}}},{"rotation":{"origin":[8,8,8],"angle":-22.5,"axis":"y"},"from":[2,-2,4],"to":[6,0,7],"faces":{"east":{"uv":[1.75,6.125,2.125,6.375],"texture":"#main"},"south":{"uv":[3,6.125,3.5,6.375],"texture":"#main"},"north":{"uv":[2.125,6.125,2.625,6.375],"texture":"#main"},"west":{"uv":[2.625,6.125,3,6.375],"texture":"#main"},"up":{"uv":[2.625,6.125,2.125,5.75],"texture":"#main"},"down":{"uv":[3.125,5.75,2.625,6.125],"texture":"#main"}}},{"rotation":{"origin":[8,8,8],"angle":22.5,"axis":"y"},"from":[2,-2,9],"to":[6,0,12],"faces":{"east":{"uv":[0,6.125,0.375,6.375],"texture":"#main"},"south":{"uv":[1.25,6.125,1.75,6.375],"texture":"#main"},"north":{"uv":[0.375,6.125,0.875,6.375],"texture":"#main"},"west":{"uv":[0.875,6.125,1.25,6.375],"texture":"#main"},"up":{"uv":[0.875,6.125,0.375,5.75],"texture":"#main"},"down":{"uv":[1.375,5.75,0.875,6.125],"texture":"#main"}}},{"rotation":{"origin":[8,8,8],"angle":22.5,"axis":"y"},"from":[4,15,8],"to":[6,20,11],"faces":{"east":{"uv":[7,5.875,7.375,6.5],"texture":"#main"},"south":{"uv":[8,5.875,8.25,6.5],"texture":"#main"},"north":{"uv":[7.375,5.875,7.625,6.5],"texture":"#main"},"west":{"uv":[7.625,5.875,8,6.5],"texture":"#main"},"up":{"uv":[7.625,5.875,7.375,5.5],"texture":"#main"},"down":{"uv":[7.875,5.5,7.625,5.875],"texture":"#main"}}},{"rotation":{"origin":[8,8,8],"angle":-22.5,"axis":"y"},"from":[4,15,5],"to":[6,20,8],"faces":{"east":{"uv":[6.5,6.875,6.875,7.5],"texture":"#main"},"south":{"uv":[7.5,6.875,7.75,7.5],"texture":"#main"},"north":{"uv":[6.875,6.875,7.125,7.5],"texture":"#main"},"west":{"uv":[7.125,6.875,7.5,7.5],"texture":"#main"},"up":{"uv":[7.125,6.875,6.875,6.5],"texture":"#main"},"down":{"uv":[7.375,6.5,7.125,6.875],"texture":"#main"}}},{"rotation":{"origin":[8,8,8],"angle":22.5,"axis":"y"},"from":[4,20,7.5],"to":[6,24,11.5],"faces":{"east":{"uv":[5.5,6,6,6.5],"texture":"#main"},"south":{"uv":[6.75,6,7,6.5],"texture":"#main"},"north":{"uv":[6,6,6.25,6.5],"texture":"#main"},"west":{"uv":[6.25,6,6.75,6.5],"texture":"#main"},"up":{"uv":[6.25,6,6,5.5],"texture":"#main"},"down":{"uv":[6.5,5.5,6.25,6],"texture":"#main"}}},{"rotation":{"origin":[8,8,8],"angle":-22.5,"axis":"y"},"from":[4,20,4.5],"to":[6,24,8.5],"faces":{"east":{"uv":[0,0.5,0.5,1],"texture":"#main"},"south":{"uv":[1.25,0.5,1.5,1],"texture":"#main"},"north":{"uv":[0.5,0.5,0.75,1],"texture":"#main"},"west":{"uv":[0.75,0.5,1.25,1],"texture":"#main"},"up":{"uv":[0.75,0.5,0.5,0],"texture":"#main"},"down":{"uv":[1,0,0.75,0.5],"texture":"#main"}}},{"from":[2,2,2],"to":[14,13,14],"faces":{"east":{"uv":[0,1.5,1.5,2.875],"texture":"#main"},"south":{"uv":[4.5,1.5,6,2.875],"texture":"#main"},"north":{"uv":[1.5,1.5,3,2.875],"texture":"#main"},"west":{"uv":[3,1.5,4.5,2.875],"texture":"#main"},"up":{"uv":[3,1.5,1.5,0],"texture":"#main"},"down":{"uv":[4.5,0,3,1.5],"texture":"#main"}}},{"from":[14,3,6],"to":[17,7,10],"faces":{"east":{"uv":[3,3.375,3.5,3.875],"texture":"#main"},"south":{"uv":[4.375,3.375,4.75,3.875],"texture":"#main"},"north":{"uv":[3.5,3.375,3.875,3.875],"texture":"#main"},"west":{"uv":[3.875,3.375,4.375,3.875],"texture":"#main"},"up":{"uv":[3.875,3.375,3.5,2.875],"texture":"#main"},"down":{"uv":[4.25,2.875,3.875,3.375],"texture":"#main"}}},{"from":[17,2,5],"to":[32,8,11],"faces":{"east":{"uv":[4,4.75,4.75,5.5],"texture":"#main"},"south":{"uv":[7.375,4.75,9.25,5.5],"texture":"#main"},"north":{"uv":[4.75,4.75,6.625,5.5],"texture":"#main"},"west":{"uv":[6.625,4.75,7.375,5.5],"texture":"#main"},"up":{"uv":[6.625,4.75,4.75,4],"texture":"#main"},"down":{"uv":[8.5,4,6.625,4.75],"texture":"#main"}}},{"from":[22,1,4],"to":[31,10,12],"faces":{"east":{"uv":[5,2.875,6,4],"texture":"#main"},"south":{"uv":[8.125,2.875,9.25,4],"texture":"#main"},"north":{"uv":[6,2.875,7.125,4],"texture":"#main"},"west":{"uv":[7.125,2.875,8.125,4],"texture":"#main"},"up":{"uv":[7.125,2.875,6,1.875],"texture":"#main"},"down":{"uv":[8.25,1.875,7.125,2.875],"texture":"#main"}}},{"from":[2.01,6,16.01],"to":[11.01,9,19.01],"faces":{"east":{"uv":[4.5,1.125,4.875,1.5],"texture":"#main"},"south":{"uv":[6.375,1.125,7.5,1.5],"texture":"#main"},"north":{"uv":[4.875,1.125,6,1.5],"texture":"#main"},"west":{"uv":[6,1.125,6.375,1.5],"texture":"#main"},"up":{"uv":[6,1.125,4.875,0.75],"texture":"#main"},"down":{"uv":[7.125,0.75,6,1.125],"texture":"#main"}}},{"from":[2,6,-2.99],"to":[11,9,0.01],"faces":{"east":{"uv":[4.5,0.375,4.875,0.75],"texture":"#main"},"south":{"uv":[6.375,0.375,7.5,0.75],"texture":"#main"},"north":{"uv":[4.875,0.375,6,0.75],"texture":"#main"},"west":{"uv":[6,0.375,6.375,0.75],"texture":"#main"},"up":{"uv":[6,0.375,4.875,0],"texture":"#main"},"down":{"uv":[7.125,0,6,0.375],"texture":"#main"}}},{"rotation":{"origin":[8,8,8],"angle":-45,"axis":"x"},"from":[5,0,7],"to":[11,8,15],"faces":{"east":{"uv":[0,7.5,1,8.5],"texture":"#main"},"south":{"uv":[2.75,7.5,3.5,8.5],"texture":"#main"},"north":{"uv":[1,7.5,1.75,8.5],"texture":"#main"},"west":{"uv":[1.75,7.5,2.75,8.5],"texture":"#main"},"up":{"uv":[1.75,7.5,1,6.5],"texture":"#main"},"down":{"uv":[2.5,6.5,1.75,7.5],"texture":"#main"}}},{"rotation":{"origin":[8,8,8],"angle":-45,"axis":"x"},"from":[5,7,0],"to":[11,15,8],"faces":{"east":{"uv":[3,6.5,4,7.5],"texture":"#main"},"south":{"uv":[5.75,6.5,6.5,7.5],"texture":"#main"},"north":{"uv":[4,6.5,4.75,7.5],"texture":"#main"},"west":{"uv":[4.75,6.5,5.75,7.5],"texture":"#main"},"up":{"uv":[4.75,6.5,4,5.5],"texture":"#main"},"down":{"uv":[5.5,5.5,4.75,6.5],"texture":"#main"}}}],"display":{"head":{"rotation":[0,-90,0],"translation":[0,-33,0]}},"credit":"Made with Blockbench"}