{"credit":"Made with Blockbench","parent":"physical_parent","texture_size":[64,64],"textures":{"main":"pokemon/sharpedo","particle":"pokemon/sharpedo"},"elements":[{"from":[3.5,5.46459,-0.10804],"to":[12.5,9.46459,12.89196],"rotation":{"angle":-45,"axis":"x","origin":[8,10.74703,10.35013]},"faces":{"north":{"uv":[11.75,3.25,14,4.25],"texture":"#main"},"east":{"uv":[11.25,11.25,14.5,12.25],"texture":"#main"},"south":{"uv":[3.25,12.25,5.5,13.25],"texture":"#main"},"west":{"uv":[11.25,0,14.5,1],"texture":"#main"},"up":{"uv":[7.75,3.25,5.5,0],"texture":"#main"},"down":{"uv":[4.5,6.25,2.25,9.5],"texture":"#main"}}},{"from":[4.5,9.46459,0.89196],"to":[11.5,11.46459,9.89196],"rotation":{"angle":-45,"axis":"x","origin":[8,10.74703,10.35013]},"faces":{"north":{"uv":[7.75,7.25,9.5,7.75],"texture":"#main"},"east":{"uv":[5.5,4.75,7.75,5.25],"texture":"#main"},"south":{"uv":[6.75,12.25,8.5,12.75],"texture":"#main"},"west":{"uv":[11.25,1,13.5,1.5],"texture":"#main"},"up":{"uv":[3.75,11.75,2,9.5],"texture":"#main"},"down":{"uv":[1.75,10,0,12.25],"texture":"#main"}}},{"from":[8,-4.53541,3.89196],"to":[8,5.46459,11.89196],"rotation":{"angle":-45,"axis":"x","origin":[8,10.74703,10.35013]},"faces":{"north":{"uv":[0,0,0,2.5],"texture":"#main"},"east":{"uv":[2.75,0,4.75,2.5],"texture":"#main"},"south":{"uv":[0,0,0,2.5],"texture":"#main"},"west":{"uv":[7.75,4.75,9.75,7.25],"texture":"#main"},"up":{"uv":[0,2,0,0],"texture":"#main"},"down":{"uv":[0,0,0,2],"texture":"#main"}}},{"from":[3,6.83941,8.71998],"to":[13,13.83941,14.71998],"rotation":{"angle":-22.5,"axis":"x","origin":[8,10.74703,10.35013]},"faces":{"north":{"uv":[7.75,1.5,10.25,3.25],"texture":"#main"},"east":{"uv":[1.75,11.75,3.25,13.5],"texture":"#main"},"south":{"uv":[4.5,9,7,10.75],"texture":"#main"},"west":{"uv":[12,7.75,13.5,9.5],"texture":"#main"},"up":{"uv":[6.25,12.25,3.75,10.75],"texture":"#main"},"down":{"uv":[8.75,10.75,6.25,12.25],"texture":"#main"}}},{"from":[2.5,10.64703,1.48045],"to":[13.5,16.64703,15.48045],"rotation":{"angle":0,"axis":"x","origin":[8,10.74703,10.35013]},"faces":{"north":{"uv":[9,3.25,11.75,4.75],"texture":"#main"},"east":{"uv":[5.5,3.25,9,4.75],"texture":"#main"},"south":{"uv":[9.75,9.75,12.5,11.25],"texture":"#main"},"west":{"uv":[7.75,0,11.25,1.5],"texture":"#main"},"up":{"uv":[2.75,3.5,0,0],"texture":"#main"},"down":{"uv":[5.5,2.75,2.75,6.25],"texture":"#main"}}},{"from":[3.5,8.64703,2.48045],"to":[12.5,10.64703,9.48045],"rotation":{"angle":0,"axis":"x","origin":[8,10.74703,10.35013]},"faces":{"north":{"uv":[11.75,4.25,14,4.75],"texture":"#main"},"east":{"uv":[12.5,1.5,14.25,2],"texture":"#main"},"south":{"uv":[11.25,12.25,13.5,12.75],"texture":"#main"},"west":{"uv":[12.5,2,14.25,2.5],"texture":"#main"},"up":{"uv":[12,9.5,9.75,7.75],"texture":"#main"},"down":{"uv":[12.5,1.5,10.25,3.25],"texture":"#main"}}},{"from":[8,14,5.39806],"to":[8,28,14.39806],"rotation":{"angle":0,"axis":"x","origin":[8,10.74703,10.35013]},"faces":{"north":{"uv":[0,0,0,3.5],"texture":"#main"},"east":{"uv":[0,3.5,2.25,7],"texture":"#main"},"south":{"uv":[0,0,0,3.5],"texture":"#main"},"west":{"uv":[5.5,5.5,7.75,9],"texture":"#main"},"up":{"uv":[0,2.25,0,0],"texture":"#main"},"down":{"uv":[0,0,0,2.25],"texture":"#main"}}},{"from":[-0.5,9.64703,5.48045],"to":[4.5,15.64703,16.48045],"rotation":{"angle":0,"axis":"x","origin":[8,10.74703,10.35013]},"faces":{"north":{"uv":[0,12.25,1.25,13.75],"texture":"#main"},"east":{"uv":[9.75,4.75,12.5,6.25],"texture":"#main"},"south":{"uv":[5.5,12.25,6.75,13.75],"texture":"#main"},"west":{"uv":[9.75,6.25,12.5,7.75],"texture":"#main"},"up":{"uv":[10,14,8.75,11.25],"texture":"#main"},"down":{"uv":[11.25,11.25,10,14],"texture":"#main"}}},{"from":[11.5,9.64703,5.48045],"to":[16.5,15.64703,16.48045],"rotation":{"angle":0,"axis":"x","origin":[8,10.74703,10.35013]},"faces":{"north":{"uv":[1.25,12.25,0,13.75],"texture":"#main"},"east":{"uv":[12.5,6.25,9.75,7.75],"texture":"#main"},"south":{"uv":[6.75,12.25,5.5,13.75],"texture":"#main"},"west":{"uv":[12.5,4.75,9.75,6.25],"texture":"#main"},"up":{"uv":[8.75,14,10,11.25],"texture":"#main"},"down":{"uv":[10,11.25,11.25,14],"texture":"#main"}}},{"from":[-8.5,11.64703,5.48045],"to":[-0.5,11.64703,17.48045],"rotation":{"angle":0,"axis":"x","origin":[8,10.74703,10.35013]},"faces":{"north":{"uv":[0,0,2,0],"texture":"#main"},"east":{"uv":[0,0,3,0],"texture":"#main"},"south":{"uv":[0,0,2,0],"texture":"#main"},"west":{"uv":[0,0,3,0],"texture":"#main"},"up":{"uv":[2,10,0,7],"texture":"#main"},"down":{"uv":[9.75,7.75,7.75,10.75],"texture":"#main"}}},{"from":[16.5,11.64703,5.48045],"to":[24.5,11.64703,17.48045],"rotation":{"angle":0,"axis":"x","origin":[8,10.74703,10.35013]},"faces":{"north":{"uv":[2,0,0,0],"texture":"#main"},"east":{"uv":[3,0,0,0],"texture":"#main"},"south":{"uv":[2,0,0,0],"texture":"#main"},"west":{"uv":[3,0,0,0],"texture":"#main"},"up":{"uv":[0,10,2,7],"texture":"#main"},"down":{"uv":[7.75,7.75,9.75,10.75],"texture":"#main"}}}],"display":{"head":{"translation":[0,-26,-2.75],"scale":[1.6,1.6,1.6]}}}