{"parent":"physical_parent","textures":{"main":"pokemon/shelgon"},"texture_size":[64,64],"elements":[{"rotation":{"origin":[7,3,1],"angle":0,"axis":"y"},"from":[2,3,2],"to":[14,15,14],"faces":{"east":{"uv":[0,3,3,6],"texture":"#main"},"south":{"uv":[3,0,6,3],"texture":"#main"},"north":{"uv":[0,0,3,3],"texture":"#main"},"west":{"uv":[3,3,6,6],"texture":"#main"},"up":{"uv":[3,9,0,6],"texture":"#main"},"down":{"uv":[9,0,6,3],"texture":"#main"}}},{"rotation":{"origin":[7,3,1],"angle":0,"axis":"y"},"from":[7,11,1],"to":[9,16,15],"faces":{"east":{"uv":[3,6,6.5,7.25],"texture":"#main"},"south":{"uv":[6,7.25,6.5,8.5],"texture":"#main"},"north":{"uv":[6,4.25,6.5,5.5],"texture":"#main"},"west":{"uv":[6,3,9.5,4.25],"texture":"#main"},"up":{"uv":[7,7.75,6.5,4.25],"texture":"#main"},"down":{"uv":[7.5,4.25,7,7.75],"texture":"#main"}}},{"rotation":{"origin":[7.25,9,1],"angle":-22.5,"axis":"z"},"from":[0.25,8,1],"to":[5.25,10,15],"faces":{"east":{"uv":[7.5,4.25,7,7.75],"texture":"#main","rotation":270},"south":{"uv":[6,7.25,6.5,8.5],"texture":"#main","rotation":270},"north":{"uv":[6,4.25,6.5,5.5],"texture":"#main","rotation":90},"west":{"uv":[7,7.75,6.5,4.25],"texture":"#main","rotation":270},"up":{"uv":[3,6,6.5,7.25],"texture":"#main","rotation":270},"down":{"uv":[6,3,9.5,4.25],"texture":"#main","rotation":270}}},{"rotation":{"origin":[8.75,9,1],"angle":22.5,"axis":"z"},"from":[10.75,8,1],"to":[15.75,10,15],"faces":{"east":{"uv":[7,7.75,6.5,4.25],"texture":"#main","rotation":90},"south":{"uv":[6,7.25,6.5,8.5],"texture":"#main","rotation":90},"north":{"uv":[6,4.25,6.5,5.5],"texture":"#main","rotation":270},"west":{"uv":[7.5,4.25,7,7.75],"texture":"#main","rotation":90},"up":{"uv":[6,3,9.5,4.25],"texture":"#main","rotation":90},"down":{"uv":[3,6,6.5,7.25],"texture":"#main","rotation":90}}},{"rotation":{"origin":[14.5,2.5,11.5],"angle":22.5,"axis":"z"},"from":[13,0,10],"to":[16,5,13],"faces":{"east":{"uv":[3.75,7.25,4.5,8.5],"texture":"#main"},"south":{"uv":[4.5,7.25,5.25,8.5],"texture":"#main"},"north":{"uv":[3,7.25,3.75,8.5],"texture":"#main"},"west":{"uv":[5.25,7.25,6,8.5],"texture":"#main"},"up":{"uv":[8.25,5,7.5,4.25],"texture":"#main"},"down":{"uv":[8.25,5,7.5,5.75],"texture":"#main"}}},{"rotation":{"origin":[1.5,2.5,11.5],"angle":-22.5,"axis":"z"},"from":[0,0,10],"to":[3,5,13],"faces":{"east":{"uv":[6,7.25,5.25,8.5],"texture":"#main"},"south":{"uv":[5.25,7.25,4.5,8.5],"texture":"#main"},"north":{"uv":[3.75,7.25,3,8.5],"texture":"#main"},"west":{"uv":[4.5,7.25,3.75,8.5],"texture":"#main"},"up":{"uv":[7.5,5,8.25,4.25],"texture":"#main"},"down":{"uv":[7.5,5,8.25,5.75],"texture":"#main"}}},{"rotation":{"origin":[14.5,2.5,11.5],"angle":22.5,"axis":"z"},"from":[13,0,3],"to":[16,5,6],"faces":{"east":{"uv":[3.75,7.25,4.5,8.5],"texture":"#main"},"south":{"uv":[4.5,7.25,5.25,8.5],"texture":"#main"},"north":{"uv":[3,7.25,3.75,8.5],"texture":"#main"},"west":{"uv":[5.25,7.25,6,8.5],"texture":"#main"},"up":{"uv":[8.25,5,7.5,4.25],"texture":"#main"},"down":{"uv":[8.25,5,7.5,5.75],"texture":"#main"}}},{"rotation":{"origin":[1.5,2.5,11.5],"angle":-22.5,"axis":"z"},"from":[0,0,3],"to":[3,5,6],"faces":{"east":{"uv":[6,7.25,5.25,8.5],"texture":"#main"},"south":{"uv":[5.25,7.25,4.5,8.5],"texture":"#main"},"north":{"uv":[3.75,7.25,3,8.5],"texture":"#main"},"west":{"uv":[4.5,7.25,3.75,8.5],"texture":"#main"},"up":{"uv":[7.5,5,8.25,4.25],"texture":"#main"},"down":{"uv":[7.5,5,8.25,5.75],"texture":"#main"}}}],"display":{"head":{"translation":[0,-28,0],"scale":[1.75,1.75,1.75]}}}