{"credit":"Made with Blockbench","texture_size":[32,32],"textures":{"main":"pokemon/shellos"},"elements":[{"from":[6.3,3,4.3],"to":[10.625,7,7.3],"rotation":{"angle":-22.5,"axis":"x","origin":[8.5,5.1,5.05]},"faces":{"north":{"uv":[9,4.5,11.25,6.5],"texture":"#main"},"east":{"uv":[10.5,0,12,2],"texture":"#main"},"south":{"uv":[8.5,9,10.75,11],"texture":"#main"},"west":{"uv":[5,11,6.5,13],"texture":"#main"},"up":{"uv":[11.75,4,9.5,2.5],"texture":"#main"},"down":{"uv":[7.25,9.5,5,11],"texture":"#main"}}},{"from":[5.925,6.5,2.8],"to":[10.975,10.475,7.3],"rotation":{"angle":0,"axis":"y","origin":[8.425,5.1,5.05]},"faces":{"north":{"uv":[7,2.5,9.5,4.5],"texture":"#main"},"east":{"uv":[0,9.5,2.25,11.5],"texture":"#main"},"south":{"uv":[8.5,7,11,9],"texture":"#main"},"west":{"uv":[2.5,9.5,4.75,11.5],"texture":"#main"},"up":{"uv":[6,9.25,3.5,7],"texture":"#main"},"down":{"uv":[8.5,7,6,9.25],"texture":"#main"}}},{"from":[6.125,10.475,5],"to":[7.675,12.975,6.4],"rotation":{"angle":0,"axis":"y","origin":[8.425,5.1,10.95]},"faces":{"north":{"uv":[10.25,11,9.5,12.5],"texture":"#main"},"east":{"uv":[11.75,8.5,11,10],"texture":"#main"},"south":{"uv":[8.25,9.5,7.5,11],"texture":"#main"},"west":{"uv":[11.75,10,11,11.5],"texture":"#main"},"up":{"uv":[3.75,11.5,3,12.25],"texture":"#main"},"down":{"uv":[4.75,12.25,4,11.5],"texture":"#main"}}},{"from":[6.125,10.475,3.45],"to":[7.675,13.175,4.85],"rotation":{"angle":0,"axis":"y","origin":[8.425,5.1,5.05]},"faces":{"north":{"uv":[7.5,9.5,8.25,11],"texture":"#main"},"east":{"uv":[11,8.5,11.75,10],"texture":"#main"},"south":{"uv":[9.5,11,10.25,12.5],"texture":"#main"},"west":{"uv":[11,10,11.75,11.5],"texture":"#main"},"up":{"uv":[3.75,12.25,3,11.5],"texture":"#main"},"down":{"uv":[4.75,11.5,4,12.25],"texture":"#main"}}},{"from":[7.525,10.475,2.825],"to":[9.075,13.475,4.225],"rotation":{"angle":0,"axis":"y","origin":[8.425,5.1,5.05]},"faces":{"north":{"uv":[7.5,9.5,8.25,11],"texture":"#main"},"east":{"uv":[11,8.5,11.75,10],"texture":"#main"},"south":{"uv":[9.5,11,10.25,12.5],"texture":"#main"},"west":{"uv":[11,10,11.75,11.5],"texture":"#main"},"up":{"uv":[3.75,12.25,3,11.5],"texture":"#main"},"down":{"uv":[4.75,11.5,4,12.25],"texture":"#main"}}},{"from":[8.9,10.475,3.45],"to":[10.45,13.075,4.85],"rotation":{"angle":0,"axis":"y","origin":[9.425,5.1,5.05]},"faces":{"north":{"uv":[8.25,9.5,7.5,11],"texture":"#main"},"east":{"uv":[11.75,10,11,11.5],"texture":"#main"},"south":{"uv":[10.25,11,9.5,12.5],"texture":"#main"},"west":{"uv":[11.75,8.5,11,10],"texture":"#main"},"up":{"uv":[3,12.25,3.75,11.5],"texture":"#main"},"down":{"uv":[4,11.5,4.75,12.25],"texture":"#main"}}},{"from":[8.9,10.475,5],"to":[10.45,13.375,6.4],"rotation":{"angle":0,"axis":"y","origin":[9.425,5.1,10.95]},"faces":{"north":{"uv":[9.5,11,10.25,12.5],"texture":"#main"},"east":{"uv":[11,10,11.75,11.5],"texture":"#main"},"south":{"uv":[7.5,9.5,8.25,11],"texture":"#main"},"west":{"uv":[11,8.5,11.75,10],"texture":"#main"},"up":{"uv":[3,11.5,3.75,12.25],"texture":"#main"},"down":{"uv":[4,12.25,4.75,11.5],"texture":"#main"}}},{"from":[7.525,10.475,5.8],"to":[9.075,13.475,7.2],"rotation":{"angle":0,"axis":"y","origin":[8.425,5.1,10.95]},"faces":{"north":{"uv":[10.25,11,9.5,12.5],"texture":"#main"},"east":{"uv":[11.75,8.5,11,10],"texture":"#main"},"south":{"uv":[8.25,9.5,7.5,11],"texture":"#main"},"west":{"uv":[11.75,10,11,11.5],"texture":"#main"},"up":{"uv":[3.75,11.5,3,12.25],"texture":"#main"},"down":{"uv":[4.75,12.25,4,11.5],"texture":"#main"}}},{"from":[5,0,5],"to":[12,5,14],"rotation":{"angle":0,"axis":"y","origin":[9,0,8]},"faces":{"north":{"uv":[0,7,3.5,9.5],"texture":"#main"},"east":{"uv":[0,4.5,4.5,7],"texture":"#main"},"south":{"uv":[7,0,10.5,2.5],"texture":"#main"},"west":{"uv":[4.5,4.5,9,7],"texture":"#main"},"up":{"uv":[3.5,4.5,0,0],"texture":"#main"},"down":{"uv":[7,0,3.5,4.5],"texture":"#main"}}},{"from":[5.8,5,8],"to":[5.8,7,10.4],"rotation":{"angle":0,"axis":"y","origin":[9,0,8]},"faces":{"north":{"uv":[0,0,0,1],"texture":"#main"},"east":{"uv":[11,7.5,12.25,8.5],"texture":"#main"},"south":{"uv":[0,0,0,1],"texture":"#main"},"west":{"uv":[8,11,9.25,12],"texture":"#main"},"up":{"uv":[0,1.25,0,0],"texture":"#main"},"down":{"uv":[0,0,0,1.25],"texture":"#main"}}},{"from":[5.8,5,10.5],"to":[5.8,7,12.9],"rotation":{"angle":0,"axis":"y","origin":[9,0,8]},"faces":{"north":{"uv":[0,0,0,1],"texture":"#main"},"east":{"uv":[11,7.5,12.25,8.5],"texture":"#main"},"south":{"uv":[0,0,0,1],"texture":"#main"},"west":{"uv":[8,11,9.25,12],"texture":"#main"},"up":{"uv":[0,1.25,0,0],"texture":"#main"},"down":{"uv":[0,0,0,1.25],"texture":"#main"}}},{"from":[8,5,11.5],"to":[8,7,13.9],"rotation":{"angle":0,"axis":"y","origin":[9,0,8]},"faces":{"north":{"uv":[0,0,0,1],"texture":"#main"},"east":{"uv":[11,7.5,12.25,8.5],"texture":"#main"},"south":{"uv":[0,0,0,1],"texture":"#main"},"west":{"uv":[8,11,9.25,12],"texture":"#main"},"up":{"uv":[0,1.25,0,0],"texture":"#main"},"down":{"uv":[0,0,0,1.25],"texture":"#main"}}},{"from":[10.4,5,10.5],"to":[10.4,7,12.9],"rotation":{"angle":0,"axis":"y","origin":[9,0,8]},"faces":{"north":{"uv":[0,0,0,1],"texture":"#main"},"east":{"uv":[11,7.5,12.25,8.5],"texture":"#main"},"south":{"uv":[0,0,0,1],"texture":"#main"},"west":{"uv":[8,11,9.25,12],"texture":"#main"},"up":{"uv":[0,1.25,0,0],"texture":"#main"},"down":{"uv":[0,0,0,1.25],"texture":"#main"}}},{"from":[10.4,5,8],"to":[10.4,7,10.4],"rotation":{"angle":0,"axis":"y","origin":[9,0,8]},"faces":{"north":{"uv":[0,0,0,1],"texture":"#main"},"east":{"uv":[11,7.5,12.25,8.5],"texture":"#main"},"south":{"uv":[0,0,0,1],"texture":"#main"},"west":{"uv":[8,11,9.25,12],"texture":"#main"},"up":{"uv":[0,1.25,0,0],"texture":"#main"},"down":{"uv":[0,0,0,1.25],"texture":"#main"}}},{"from":[8,5,9],"to":[8,7,11.4],"rotation":{"angle":0,"axis":"y","origin":[9,0,8]},"faces":{"north":{"uv":[0,0,0,1],"texture":"#main"},"east":{"uv":[11,7.5,12.25,8.5],"texture":"#main"},"south":{"uv":[0,0,0,1],"texture":"#main"},"west":{"uv":[8,11,9.25,12],"texture":"#main"},"up":{"uv":[0,1.25,0,0],"texture":"#main"},"down":{"uv":[0,0,0,1.25],"texture":"#main"}}},{"from":[11.45,-0.325,5.475],"to":[12.55,1.6,8.575],"rotation":{"angle":22.5,"axis":"z","origin":[12.45,0.45,6.65]},"faces":{"north":{"uv":[12,5,11.5,6],"texture":"#main"},"east":{"uv":[12.5,6.5,11,7.5],"texture":"#main"},"south":{"uv":[11.5,11.5,11,12.5],"texture":"#main"},"west":{"uv":[8,11,6.5,12],"texture":"#main"},"up":{"uv":[10.5,12.5,11,11],"texture":"#main"},"down":{"uv":[0,11.5,0.5,13],"texture":"#main"}}},{"from":[11.45,-0.325,10.375],"to":[12.55,1.6,13.475],"rotation":{"angle":22.5,"axis":"z","origin":[12.45,0.45,6.65]},"faces":{"north":{"uv":[12,5,11.5,6],"texture":"#main"},"east":{"uv":[12.5,6.5,11,7.5],"texture":"#main"},"south":{"uv":[11.5,11.5,11,12.5],"texture":"#main"},"west":{"uv":[8,11,6.5,12],"texture":"#main"},"up":{"uv":[10.5,12.5,11,11],"texture":"#main"},"down":{"uv":[0,11.5,0.5,13],"texture":"#main"}}},{"from":[4.65,-0.325,5.475],"to":[5.75,1.6,8.575],"rotation":{"angle":-22.5,"axis":"z","origin":[4.75,0.45,6.65]},"faces":{"north":{"uv":[11.5,5,12,6],"texture":"#main"},"east":{"uv":[6.5,11,8,12],"texture":"#main"},"south":{"uv":[11,11.5,11.5,12.5],"texture":"#main"},"west":{"uv":[11,6.5,12.5,7.5],"texture":"#main"},"up":{"uv":[11,12.5,10.5,11],"texture":"#main"},"down":{"uv":[0.5,11.5,0,13],"texture":"#main"}}},{"from":[4.65,-0.325,10.375],"to":[5.75,1.6,13.475],"rotation":{"angle":-22.5,"axis":"z","origin":[4.75,0.45,6.65]},"faces":{"north":{"uv":[11.5,5,12,6],"texture":"#main"},"east":{"uv":[6.5,11,8,12],"texture":"#main"},"south":{"uv":[11,11.5,11.5,12.5],"texture":"#main"},"west":{"uv":[11,6.5,12.5,7.5],"texture":"#main"},"up":{"uv":[11,12.5,10.5,11],"texture":"#main"},"down":{"uv":[0.5,11.5,0,13],"texture":"#main"}}}],"display":{"head":{"translation":[-0.25,-34.25,0]}},"groups":[{"name":"shellos","origin":[0,0,0],"color":0,"children":[{"name":"neck","origin":[-0.5,5.1,-2.95],"color":0,"children":[0]},{"name":"head","origin":[-0.575,5.1,2.95],"color":0,"children":[1,2,3,4,5,6,7]},{"name":"body","origin":[-0.5,5.1,-2.95],"color":0,"children":[8,9,10,11,12,13,14]},{"name":"legs","origin":[-4.25,0.45,-1.35],"color":0,"children":[15,16,17,18]}]}]}