{"parent":"physical_parent","texture_size":[64,64],"textures":{"main":"pokemon/shuckle"},"elements":[{"from":[3,-0.5,3],"to":[13,5,13],"faces":{"north":{"uv":[2.5,4.5,5,5.75],"texture":"#main"},"east":{"uv":[4.5,0,7,1.25],"texture":"#main"},"south":{"uv":[4.5,1.25,7,2.5],"texture":"#main"},"west":{"uv":[4.5,2.5,7,3.75],"texture":"#main"},"up":{"uv":[0,0,2.5,2.5],"texture":"#main"},"down":{"uv":[0,2.5,2.5,5],"texture":"#main"}}},{"from":[12,-0.25,2.75],"to":[14,3,5.75],"faces":{"north":{"uv":[4.5,3.75,5,4.5],"texture":"#main"},"east":{"uv":[1.5,6,2.25,6.75],"texture":"#main"},"south":{"uv":[5.25,7.75,5.75,8.5],"texture":"#main"},"west":{"uv":[7,2,7.75,2.75],"texture":"#main"},"up":{"uv":[5.75,7.75,6.25,8.5],"texture":"#main"},"down":{"uv":[6.25,7.75,6.75,8.5],"texture":"#main"}}},{"from":[6.5,4.25,3],"to":[9.5,6,6.25],"rotation":{"angle":-22.5,"axis":"x","origin":[8,5.75,3.75]},"faces":{"north":{"uv":[3.75,2,4.5,2.5],"texture":"#main"},"east":{"uv":[7.5,7,8.25,7.5],"texture":"#main"},"south":{"uv":[8,4.25,8.75,4.75],"texture":"#main"},"west":{"uv":[8,4.75,8.75,5.25],"texture":"#main"},"up":{"uv":[7.25,4.25,8,5],"texture":"#main"},"down":{"uv":[7.25,5,8,5.75],"texture":"#main"}}},{"from":[7,6,3.75],"to":[9,11.5,5.75],"rotation":{"angle":-22.5,"axis":"x","origin":[8,5.75,3.75]},"faces":{"north":{"uv":[4.5,5.75,5,7.25],"texture":"#main"},"east":{"uv":[0,6,0.5,7.5],"texture":"#main"},"south":{"uv":[0.5,6,1,7.5],"texture":"#main"},"west":{"uv":[1,6,1.5,7.5],"texture":"#main"},"up":{"uv":[5.25,8.5,5.75,9],"texture":"#main"},"down":{"uv":[5.75,8.5,6.25,9],"texture":"#main"}}},{"from":[6.25,10.19787,-1.27576],"to":[9.75,13.94787,3.47424],"rotation":{"angle":0,"axis":"x","origin":[8,12.07287,1.09924]},"faces":{"north":{"uv":[2.5,5.75,3.5,6.75],"texture":"#main"},"east":{"uv":[0,5,1.25,6],"texture":"#main"},"south":{"uv":[3.5,5.75,4.5,6.75],"texture":"#main"},"west":{"uv":[1.25,5,2.5,6],"texture":"#main"},"up":{"uv":[5,5,6,6.25],"texture":"#main"},"down":{"uv":[5,3.75,6,5],"texture":"#main"}}},{"from":[9.25,4.6883,9.26499],"to":[12.25,6.4383,12.26499],"rotation":{"angle":0,"axis":"x","origin":[8,8.3133,10.26499]},"faces":{"north":{"uv":[8,5.25,8.75,5.75],"texture":"#main"},"east":{"uv":[8,5.75,8.75,6.25],"texture":"#main"},"south":{"uv":[0,8.25,0.75,8.75],"texture":"#main"},"west":{"uv":[0.75,8.25,1.5,8.75],"texture":"#main"},"up":{"uv":[7.25,5.75,8,6.5],"texture":"#main"},"down":{"uv":[0,7.5,0.75,8.25],"texture":"#main"}}},{"from":[3.75,4.6883,9.26499],"to":[6.75,6.4383,12.26499],"rotation":{"angle":0,"axis":"x","origin":[8,8.3133,10.26499]},"faces":{"north":{"uv":[4.5,8.25,5.25,8.75],"texture":"#main"},"east":{"uv":[8.25,8.25,9,8.75],"texture":"#main"},"south":{"uv":[8.25,0,9,0.5],"texture":"#main"},"west":{"uv":[8.25,0.5,9,1],"texture":"#main"},"up":{"uv":[0.75,7.5,1.5,8.25],"texture":"#main"},"down":{"uv":[4.5,7.5,5.25,8.25],"texture":"#main"}}},{"from":[2,-0.25,2.75],"to":[4,3,5.75],"faces":{"north":{"uv":[3,8,3.5,8.75],"texture":"#main"},"east":{"uv":[3.75,7.25,4.5,8],"texture":"#main"},"south":{"uv":[3.5,8,4,8.75],"texture":"#main"},"west":{"uv":[7.25,3.5,8,4.25],"texture":"#main"},"up":{"uv":[4,8,4.5,8.75],"texture":"#main"},"down":{"uv":[8,3.5,8.5,4.25],"texture":"#main"}}},{"from":[12,-0.25,10.25],"to":[14,3,13.25],"faces":{"north":{"uv":[6.75,7.75,7.25,8.5],"texture":"#main"},"east":{"uv":[7,2.75,7.75,3.5],"texture":"#main"},"south":{"uv":[7.25,7.75,7.75,8.5],"texture":"#main"},"west":{"uv":[1.5,7.25,2.25,8],"texture":"#main"},"up":{"uv":[7.75,7.75,8.25,8.5],"texture":"#main"},"down":{"uv":[7.75,2,8.25,2.75],"texture":"#main"}}},{"from":[2,-0.25,10.25],"to":[4,3,13.25],"faces":{"north":{"uv":[7.75,2.75,8.25,3.5],"texture":"#main"},"east":{"uv":[2.25,7.25,3,8],"texture":"#main"},"south":{"uv":[1.5,8,2,8.75],"texture":"#main"},"west":{"uv":[3,7.25,3.75,8],"texture":"#main"},"up":{"uv":[2,8,2.5,8.75],"texture":"#main"},"down":{"uv":[2.5,8,3,8.75],"texture":"#main"}}},{"from":[13.5,0,4.5],"to":[18.5,1.75,6.5],"rotation":{"angle":-22.5,"axis":"y","origin":[16.5,0.875,4.25]},"faces":{"north":{"uv":[2.5,2,3.75,2.5],"texture":"#main"},"east":{"uv":[4,6.75,4.5,7.25],"texture":"#main"},"south":{"uv":[6,6,7.25,6.5],"texture":"#main"},"west":{"uv":[8.25,1,8.75,1.5],"texture":"#main"},"up":{"uv":[6,3.75,7.25,4.25],"texture":"#main"},"down":{"uv":[6,4.25,7.25,4.75],"texture":"#main"}}},{"from":[-2.5,0,4.5],"to":[2.5,1.75,6.5],"rotation":{"angle":22.5,"axis":"y","origin":[-0.5,0.875,4.25]},"faces":{"north":{"uv":[7,0,8.25,0.5],"texture":"#main"},"east":{"uv":[8.25,7,8.75,7.5],"texture":"#main"},"south":{"uv":[7,0.5,8.25,1],"texture":"#main"},"west":{"uv":[8.25,7.75,8.75,8.25],"texture":"#main"},"up":{"uv":[7,1,8.25,1.5],"texture":"#main"},"down":{"uv":[7,1.5,8.25,2],"texture":"#main"}}},{"from":[16.25,0,11.25],"to":[21.25,1.75,13.25],"rotation":{"angle":-22.5,"axis":"y","origin":[16.5,0.875,4.25]},"faces":{"north":{"uv":[6,4.75,7.25,5.25],"texture":"#main"},"east":{"uv":[8.25,1.5,8.75,2],"texture":"#main"},"south":{"uv":[6,5.25,7.25,5.75],"texture":"#main"},"west":{"uv":[8.25,2,8.75,2.5],"texture":"#main"},"up":{"uv":[5,6.5,6.25,7],"texture":"#main"},"down":{"uv":[6.25,6.5,7.5,7],"texture":"#main"}}},{"from":[-5.25,0,11.25],"to":[-0.25,1.75,13.25],"rotation":{"angle":22.5,"axis":"y","origin":[-0.5,0.875,4.25]},"faces":{"north":{"uv":[1.5,6.75,2.75,7.25],"texture":"#main"},"east":{"uv":[8.25,2.5,8.75,3],"texture":"#main"},"south":{"uv":[2.75,6.75,4,7.25],"texture":"#main"},"west":{"uv":[8.25,3,8.75,3.5],"texture":"#main"},"up":{"uv":[5,7,6.25,7.5],"texture":"#main"},"down":{"uv":[6.25,7,7.5,7.5],"texture":"#main"}}},{"from":[4,5,4],"to":[12,6,12],"faces":{"north":{"uv":[5.25,7.5,7.25,7.75],"texture":"#main"},"east":{"uv":[7.25,7.5,9.25,7.75],"texture":"#main"},"south":{"uv":[7.5,6.5,9.5,6.75],"texture":"#main"},"west":{"uv":[7.5,6.75,9.5,7],"texture":"#main"},"up":{"uv":[2.5,2.5,4.5,4.5],"texture":"#main"},"down":{"uv":[2.5,0,4.5,2],"texture":"#main"}}}],"display":{"thirdperson_righthand":{"rotation":[90,0,0],"translation":[-6.5,-2,-3.5]},"head":{"translation":[0,-32.25,0],"scale":[1.3,1.3,1.3]}}}