{"credit":"Made with Blockbench","texture_size":[128,128],"textures":{"main":"pokemon/skuntank"},"elements":[{"from":[5,3.4,-1],"to":[11,8.2,3],"rotation":{"angle":0,"axis":"y","origin":[8,0.4,0]},"faces":{"north":{"uv":[3.5,3.25,4.25,3.75],"texture":"#main"},"east":{"uv":[3,3.25,3.5,3.75],"texture":"#main"},"south":{"uv":[4.75,3.25,5.5,3.75],"texture":"#main"},"west":{"uv":[4.25,3.25,4.75,3.75],"texture":"#main"},"up":{"uv":[4.25,3.25,3.5,2.75],"texture":"#main"},"down":{"uv":[5,2.75,4.25,3.25],"texture":"#main"}}},{"from":[5.4,7.8,-1.8],"to":[10.6,10.9,5.9],"rotation":{"angle":-22.5,"axis":"x","origin":[8,8.65,0.5]},"faces":{"north":{"uv":[0.875,3.25,1.5,3.625],"texture":"#main"},"east":{"uv":[0,3.25,0.875,3.625],"texture":"#main"},"south":{"uv":[2.375,3.25,3,3.625],"texture":"#main"},"west":{"uv":[1.5,3.25,2.375,3.625],"texture":"#main"},"up":{"uv":[1.5,3.25,0.875,2.375],"texture":"#main"},"down":{"uv":[2.125,2.375,1.5,3.25],"texture":"#main"}}},{"from":[10.84596,3.2,-1.53778],"to":[11.84596,4.2,-1.53778],"shade":false,"rotation":{"angle":-22.5,"axis":"z","origin":[11.54596,4.4,-1.93778]},"faces":{"north":{"uv":[0.125,0,0,0.125],"texture":"#main"},"east":{"uv":[0.125,0,0.125,0.125],"texture":"#main"},"south":{"uv":[0.25,0,0.125,0.125],"texture":"#main"},"west":{"uv":[0,0,0,0.125],"texture":"#main"},"up":{"uv":[0,0,0.125,0],"texture":"#main"},"down":{"uv":[0.125,0,0.25,0],"texture":"#main"}}},{"from":[7.5,5,-1.9],"to":[8.5,7,-0.9],"rotation":{"angle":0,"axis":"y","origin":[8,0.4,0]},"faces":{"north":{"uv":[1.375,0.75,1.5,1],"texture":"#main"},"east":{"uv":[1.25,0.75,1.375,1],"texture":"#main"},"south":{"uv":[1.625,0.75,1.75,1],"texture":"#main"},"west":{"uv":[1.5,0.75,1.625,1],"texture":"#main"},"up":{"uv":[1.5,0.75,1.375,0.625],"texture":"#main"},"down":{"uv":[1.625,0.625,1.5,0.75],"texture":"#main"}}},{"from":[4.9,3.9,-1.7],"to":[7.8,6.2,-0.7],"rotation":{"angle":0,"axis":"y","origin":[7.15,5.05,-1.2]},"faces":{"north":{"uv":[2.875,2.875,3.125,3.125],"texture":"#main"},"east":{"uv":[2.75,2.875,2.875,3.125],"texture":"#main"},"south":{"uv":[3.25,2.875,3.5,3.125],"texture":"#main"},"west":{"uv":[3.125,2.875,3.25,3.125],"texture":"#main"},"up":{"uv":[3.125,2.875,2.875,2.75],"texture":"#main"},"down":{"uv":[3.375,2.75,3.125,2.875],"texture":"#main"}}},{"from":[8.2,3.9,-1.7],"to":[11.1,6.2,-0.7],"shade":false,"rotation":{"angle":0,"axis":"y","origin":[8.85,5.05,-1.2]},"faces":{"north":{"uv":[3.125,2.875,2.875,3.125],"texture":"#main"},"east":{"uv":[3.25,2.875,3.125,3.125],"texture":"#main"},"south":{"uv":[3.5,2.875,3.25,3.125],"texture":"#main"},"west":{"uv":[2.875,2.875,2.75,3.125],"texture":"#main"},"up":{"uv":[2.875,2.875,3.125,2.75],"texture":"#main"},"down":{"uv":[3.125,2.75,3.375,2.875],"texture":"#main"}}},{"from":[4.05404,3.2,-1.43778],"to":[5.05404,4.2,-1.43778],"rotation":{"angle":22.5,"axis":"z","origin":[4.45404,4.4,-1.93778]},"faces":{"north":{"uv":[0,0,0.125,0.125],"texture":"#main"},"east":{"uv":[0,0,0,0.125],"texture":"#main"},"south":{"uv":[0.125,0,0.25,0.125],"texture":"#main"},"west":{"uv":[0.125,0,0.125,0.125],"texture":"#main"},"up":{"uv":[0.125,0,0,0],"texture":"#main"},"down":{"uv":[0.25,0,0.125,0],"texture":"#main"}}},{"from":[4.1,3.4,-0.8],"to":[4.1,8.2,3.8],"rotation":{"angle":0,"axis":"y","origin":[5,5.8,2]},"faces":{"north":{"uv":[0.5,0.5,0.5,1],"texture":"#main"},"east":{"uv":[0,0.5,0.5,1],"texture":"#main"},"south":{"uv":[1,0.5,1,1],"texture":"#main"},"west":{"uv":[0.5,0.5,1,1],"texture":"#main"},"up":{"uv":[0.5,0.5,0.5,0],"texture":"#main"},"down":{"uv":[0.5,0,0.5,0.5],"texture":"#main"}}},{"from":[11.9,3.4,-0.8],"to":[11.9,8.2,3.8],"shade":false,"rotation":{"angle":0,"axis":"y","origin":[11,5.8,2]},"faces":{"north":{"uv":[0.5,0.5,0.5,1],"texture":"#main"},"east":{"uv":[1,0.5,0.5,1],"texture":"#main"},"south":{"uv":[1,0.5,1,1],"texture":"#main"},"west":{"uv":[0.5,0.5,0,1],"texture":"#main"},"up":{"uv":[0.5,0.5,0.5,0],"texture":"#main"},"down":{"uv":[0.5,0,0.5,0.5],"texture":"#main"}}},{"from":[3.4,7.7,1],"to":[5.4,10.3,1],"rotation":{"angle":0,"axis":"y","origin":[5.6,9.5,1]},"faces":{"north":{"uv":[0.625,0,0.875,0.25],"texture":"#main"},"east":{"uv":[0.625,0,0.625,0.25],"texture":"#main"},"south":{"uv":[0.875,0,1.125,0.25],"texture":"#main"},"west":{"uv":[0.875,0,0.875,0.25],"texture":"#main"},"up":{"uv":[0.875,0,0.625,0],"texture":"#main"},"down":{"uv":[1.125,0,0.875,0],"texture":"#main"}}},{"from":[10.6,7.7,1],"to":[12.6,10.3,1],"shade":false,"rotation":{"angle":0,"axis":"y","origin":[10.4,9.5,1]},"faces":{"north":{"uv":[0.875,0,0.625,0.25],"texture":"#main"},"east":{"uv":[0.875,0,0.875,0.25],"texture":"#main"},"south":{"uv":[1.125,0,0.875,0.25],"texture":"#main"},"west":{"uv":[0.625,0,0.625,0.25],"texture":"#main"},"up":{"uv":[0.625,0,0.875,0],"texture":"#main"},"down":{"uv":[0.875,0,1.125,0],"texture":"#main"}}},{"from":[4.1,2.9,3],"to":[11.7,8.2,17],"rotation":{"angle":0,"axis":"y","origin":[8,0.4,0]},"faces":{"north":{"uv":[1.75,1.75,2.625,2.375],"texture":"#main"},"east":{"uv":[0,1.75,1.75,2.375],"texture":"#main"},"south":{"uv":[4.375,1.75,5.25,2.375],"texture":"#main"},"west":{"uv":[2.625,1.75,4.375,2.375],"texture":"#main"},"up":{"uv":[2.625,1.75,1.75,0],"texture":"#main"},"down":{"uv":[3.5,0,2.625,1.75],"texture":"#main"}}},{"from":[4.1,8.2,4.6],"to":[11.7,11.9,17],"rotation":{"angle":0,"axis":"y","origin":[8,0.4,0]},"faces":{"north":{"uv":[5.25,2.375,6.125,2.75],"texture":"#main"},"east":{"uv":[3.75,2.375,5.25,2.75],"texture":"#main"},"south":{"uv":[7.625,2.375,8.5,2.75],"texture":"#main"},"west":{"uv":[6.125,2.375,7.625,2.75],"texture":"#main"},"up":{"uv":[6.125,2.375,5.25,0.875],"texture":"#main"},"down":{"uv":[7,0.875,6.125,2.375],"texture":"#main"}}},{"from":[8.025,4.9,-9.6],"to":[8.025,21.9,20.8],"rotation":{"angle":0,"axis":"y","origin":[8,0.4,0]},"faces":{"north":{"uv":[3.75,3.75,3.75,5.875],"texture":"#main"},"east":{"uv":[0,3.75,3.75,5.875],"texture":"#main"},"south":{"uv":[7.5,3.75,7.5,5.875],"texture":"#main"},"west":{"uv":[3.75,3.75,7.5,5.875],"texture":"#main"},"up":{"uv":[3.75,3.75,3.75,0],"texture":"#main"},"down":{"uv":[3.75,0,3.75,3.75],"texture":"#main"}}},{"from":[3,3.5,3.5],"to":[4.1,6.3,6.5],"rotation":{"angle":-22.5,"axis":"x","origin":[3.6,5.8,5.5]},"faces":{"north":{"uv":[0.375,1.375,0.5,1.625],"texture":"#main"},"east":{"uv":[0,1.375,0.375,1.625],"texture":"#main"},"south":{"uv":[0.875,1.375,1,1.625],"texture":"#main"},"west":{"uv":[0.5,1.375,0.875,1.625],"texture":"#main"},"up":{"uv":[0.5,1.375,0.375,1],"texture":"#main"},"down":{"uv":[0.625,1,0.5,1.375],"texture":"#main"}}},{"from":[3.1,0.4,4.8],"to":[4.9,4.3,7.3],"rotation":{"angle":22.5,"axis":"x","origin":[3.6,5.8,5.5]},"faces":{"north":{"uv":[1.25,0.25,1.375,0.625],"texture":"#main"},"east":{"uv":[1,0.25,1.25,0.625],"texture":"#main"},"south":{"uv":[1.625,0.25,1.75,0.625],"texture":"#main"},"west":{"uv":[1.375,0.25,1.625,0.625],"texture":"#main"},"up":{"uv":[1.375,0.25,1.25,0],"texture":"#main"},"down":{"uv":[1.5,0,1.375,0.25],"texture":"#main"}}},{"from":[3,5.9,12.5],"to":[4.1,8.7,15.5],"rotation":{"angle":22.5,"axis":"x","origin":[3.6,5.8,5.5]},"faces":{"north":{"uv":[1,1,1.125,1.25],"texture":"#main"},"east":{"uv":[0.625,1,1,1.25],"texture":"#main"},"south":{"uv":[1.5,1,1.625,1.25],"texture":"#main"},"west":{"uv":[1.125,1,1.5,1.25],"texture":"#main"},"up":{"uv":[1.125,1,1,0.625],"texture":"#main"},"down":{"uv":[1.25,0.625,1.125,1],"texture":"#main"}}},{"from":[3.1,2.11934,13.09801],"to":[4.9,4.61934,15.59801],"rotation":{"angle":-22.5,"axis":"x","origin":[4,3.06934,14.04801]},"faces":{"north":{"uv":[2.375,2.625,2.5,2.875],"texture":"#main"},"east":{"uv":[2.125,2.625,2.375,2.875],"texture":"#main"},"south":{"uv":[2.75,2.625,2.875,2.875],"texture":"#main"},"west":{"uv":[2.5,2.625,2.75,2.875],"texture":"#main"},"up":{"uv":[2.5,2.625,2.375,2.375],"texture":"#main"},"down":{"uv":[2.625,2.375,2.5,2.625],"texture":"#main"}}},{"from":[3.2,4.4,14.1],"to":[4.6,7,16.2],"rotation":{"angle":22.5,"axis":"x","origin":[3.6,5.8,5.5]},"faces":{"north":{"uv":[0.25,2.625,0.375,2.875],"texture":"#main"},"east":{"uv":[0,2.625,0.25,2.875],"texture":"#main"},"south":{"uv":[0.625,2.625,0.75,2.875],"texture":"#main"},"west":{"uv":[0.375,2.625,0.625,2.875],"texture":"#main"},"up":{"uv":[0.375,2.625,0.25,2.375],"texture":"#main"},"down":{"uv":[0.5,2.375,0.375,2.625],"texture":"#main"}}},{"from":[4.949,0.1,1.3],"to":[4.949,1.2,2.3],"rotation":{"angle":0,"axis":"y","origin":[3.699,5.8,5.5]},"faces":{"north":{"uv":[0.125,0.125,0.125,0.25],"texture":"#main"},"east":{"uv":[0,0.125,0.125,0.25],"texture":"#main"},"south":{"uv":[0.25,0.125,0.25,0.25],"texture":"#main"},"west":{"uv":[0.125,0.125,0.25,0.25],"texture":"#main"},"up":{"uv":[0.125,0.125,0.125,0],"texture":"#main"},"down":{"uv":[0.125,0,0.125,0.125],"texture":"#main"}}},{"from":[3.974,0.1,1.3],"to":[3.974,1.2,2.3],"rotation":{"angle":0,"axis":"y","origin":[3.699,5.8,5.5]},"faces":{"north":{"uv":[0.125,0.125,0.125,0.25],"texture":"#main"},"east":{"uv":[0,0.125,0.125,0.25],"texture":"#main"},"south":{"uv":[0.25,0.125,0.25,0.25],"texture":"#main"},"west":{"uv":[0.125,0.125,0.25,0.25],"texture":"#main"},"up":{"uv":[0.125,0.125,0.125,0],"texture":"#main"},"down":{"uv":[0.125,0,0.125,0.125],"texture":"#main"}}},{"from":[3.049,0.1,1.3],"to":[3.049,1.2,2.3],"rotation":{"angle":0,"axis":"y","origin":[3.699,5.8,5.5]},"faces":{"north":{"uv":[0.125,0.125,0.125,0.25],"texture":"#main"},"east":{"uv":[0,0.125,0.125,0.25],"texture":"#main"},"south":{"uv":[0.25,0.125,0.25,0.25],"texture":"#main"},"west":{"uv":[0.125,0.125,0.25,0.25],"texture":"#main"},"up":{"uv":[0.125,0.125,0.125,0],"texture":"#main"},"down":{"uv":[0.125,0,0.125,0.125],"texture":"#main"}}},{"from":[3.05,0.1,2.3],"to":[4.95,1.2,5.3],"rotation":{"angle":0,"axis":"y","origin":[3.6,5.8,5.5]},"faces":{"north":{"uv":[1,1.625,1.125,1.75],"texture":"#main"},"east":{"uv":[0.625,1.625,1,1.75],"texture":"#main"},"south":{"uv":[1.5,1.625,1.625,1.75],"texture":"#main"},"west":{"uv":[1.125,1.625,1.5,1.75],"texture":"#main"},"up":{"uv":[1.125,1.625,1,1.25],"texture":"#main"},"down":{"uv":[1.25,1.25,1.125,1.625],"texture":"#main"}}},{"from":[3.05,0.1,12.1],"to":[4.95,1.2,15.1],"rotation":{"angle":0,"axis":"y","origin":[3.6,5.8,5.5]},"faces":{"north":{"uv":[0.375,0.375,0.5,0.5],"texture":"#main"},"east":{"uv":[0,0.375,0.375,0.5],"texture":"#main"},"south":{"uv":[0.875,0.375,1,0.5],"texture":"#main"},"west":{"uv":[0.5,0.375,0.875,0.5],"texture":"#main"},"up":{"uv":[0.5,0.375,0.375,0],"texture":"#main"},"down":{"uv":[0.625,0,0.5,0.375],"texture":"#main"}}},{"from":[11.9,5.9,12.5],"to":[13,8.7,15.5],"shade":false,"rotation":{"angle":22.5,"axis":"x","origin":[12.4,5.8,5.5]},"faces":{"north":{"uv":[1.125,1,1,1.25],"texture":"#main"},"east":{"uv":[1.5,1,1.125,1.25],"texture":"#main"},"south":{"uv":[1.625,1,1.5,1.25],"texture":"#main"},"west":{"uv":[1,1,0.625,1.25],"texture":"#main"},"up":{"uv":[1,1,1.125,0.625],"texture":"#main"},"down":{"uv":[1.125,0.625,1.25,1],"texture":"#main"}}},{"from":[11.1,2.11934,13.09801],"to":[12.9,4.61934,15.59801],"shade":false,"rotation":{"angle":-22.5,"axis":"x","origin":[12,3.06934,14.04801]},"faces":{"north":{"uv":[2.5,2.625,2.375,2.875],"texture":"#main"},"east":{"uv":[2.75,2.625,2.5,2.875],"texture":"#main"},"south":{"uv":[2.875,2.625,2.75,2.875],"texture":"#main"},"west":{"uv":[2.375,2.625,2.125,2.875],"texture":"#main"},"up":{"uv":[2.375,2.625,2.5,2.375],"texture":"#main"},"down":{"uv":[2.5,2.375,2.625,2.625],"texture":"#main"}}},{"from":[11.4,4.5,14.1],"to":[12.8,7.1,16.2],"shade":false,"rotation":{"angle":22.5,"axis":"x","origin":[12.4,5.8,5.5]},"faces":{"north":{"uv":[0.375,2.625,0.25,2.875],"texture":"#main"},"east":{"uv":[0.625,2.625,0.375,2.875],"texture":"#main"},"south":{"uv":[0.75,2.625,0.625,2.875],"texture":"#main"},"west":{"uv":[0.25,2.625,0,2.875],"texture":"#main"},"up":{"uv":[0.25,2.625,0.375,2.375],"texture":"#main"},"down":{"uv":[0.375,2.375,0.5,2.625],"texture":"#main"}}},{"from":[11.05,0.1,12.1],"to":[12.95,1.2,15.1],"shade":false,"rotation":{"angle":0,"axis":"y","origin":[12.4,5.8,5.5]},"faces":{"north":{"uv":[0.5,0.375,0.375,0.5],"texture":"#main"},"east":{"uv":[0.875,0.375,0.5,0.5],"texture":"#main"},"south":{"uv":[1,0.375,0.875,0.5],"texture":"#main"},"west":{"uv":[0.375,0.375,0,0.5],"texture":"#main"},"up":{"uv":[0.375,0.375,0.5,0],"texture":"#main"},"down":{"uv":[0.5,0,0.625,0.375],"texture":"#main"}}},{"from":[11.9,3.5,3.5],"to":[13,6.3,6.5],"shade":false,"rotation":{"angle":-22.5,"axis":"x","origin":[12.4,5.8,5.5]},"faces":{"north":{"uv":[0.5,1.375,0.375,1.625],"texture":"#main"},"east":{"uv":[0.875,1.375,0.5,1.625],"texture":"#main"},"south":{"uv":[1,1.375,0.875,1.625],"texture":"#main"},"west":{"uv":[0.375,1.375,0,1.625],"texture":"#main"},"up":{"uv":[0.375,1.375,0.5,1],"texture":"#main"},"down":{"uv":[0.5,1,0.625,1.375],"texture":"#main"}}},{"from":[11.1,0.4,4.8],"to":[12.9,4.3,7.3],"shade":false,"rotation":{"angle":22.5,"axis":"x","origin":[12.4,5.8,5.5]},"faces":{"north":{"uv":[1.375,0.25,1.25,0.625],"texture":"#main"},"east":{"uv":[1.625,0.25,1.375,0.625],"texture":"#main"},"south":{"uv":[1.75,0.25,1.625,0.625],"texture":"#main"},"west":{"uv":[1.25,0.25,1,0.625],"texture":"#main"},"up":{"uv":[1.25,0.25,1.375,0],"texture":"#main"},"down":{"uv":[1.375,0,1.5,0.25],"texture":"#main"}}},{"from":[11.05,0.1,2.5],"to":[12.95,1.2,5.5],"shade":false,"rotation":{"angle":0,"axis":"y","origin":[12.4,5.8,5.5]},"faces":{"north":{"uv":[1.125,1.625,1,1.75],"texture":"#main"},"east":{"uv":[1.5,1.625,1.125,1.75],"texture":"#main"},"south":{"uv":[1.625,1.625,1.5,1.75],"texture":"#main"},"west":{"uv":[1,1.625,0.625,1.75],"texture":"#main"},"up":{"uv":[1,1.625,1.125,1.25],"texture":"#main"},"down":{"uv":[1.125,1.25,1.25,1.625],"texture":"#main"}}},{"from":[11.051,0.1,11.2],"to":[11.051,1.2,12.2],"shade":false,"rotation":{"angle":0,"axis":"y","origin":[12.301,5.8,5.5]},"faces":{"north":{"uv":[0.125,0.125,0.125,0.25],"texture":"#main"},"east":{"uv":[0.25,0.125,0.125,0.25],"texture":"#main"},"south":{"uv":[0.25,0.125,0.25,0.25],"texture":"#main"},"west":{"uv":[0.125,0.125,0,0.25],"texture":"#main"},"up":{"uv":[0.125,0.125,0.125,0],"texture":"#main"},"down":{"uv":[0.125,0,0.125,0.125],"texture":"#main"}}},{"from":[12.151,0.1,11.2],"to":[12.151,1.2,12.2],"shade":false,"rotation":{"angle":0,"axis":"y","origin":[12.301,5.8,5.5]},"faces":{"north":{"uv":[0.125,0.125,0.125,0.25],"texture":"#main"},"east":{"uv":[0.25,0.125,0.125,0.25],"texture":"#main"},"south":{"uv":[0.25,0.125,0.25,0.25],"texture":"#main"},"west":{"uv":[0.125,0.125,0,0.25],"texture":"#main"},"up":{"uv":[0.125,0.125,0.125,0],"texture":"#main"},"down":{"uv":[0.125,0,0.125,0.125],"texture":"#main"}}},{"from":[12.951,0.1,11.2],"to":[12.951,1.2,12.2],"shade":false,"rotation":{"angle":0,"axis":"y","origin":[12.301,5.8,5.5]},"faces":{"north":{"uv":[0.125,0.125,0.125,0.25],"texture":"#main"},"east":{"uv":[0.25,0.125,0.125,0.25],"texture":"#main"},"south":{"uv":[0.25,0.125,0.25,0.25],"texture":"#main"},"west":{"uv":[0.125,0.125,0,0.25],"texture":"#main"},"up":{"uv":[0.125,0.125,0.125,0],"texture":"#main"},"down":{"uv":[0.125,0,0.125,0.125],"texture":"#main"}}},{"from":[11.051,0.1,1.5],"to":[11.051,1.2,2.5],"shade":false,"rotation":{"angle":0,"axis":"y","origin":[12.301,5.8,5.5]},"faces":{"north":{"uv":[0.125,0.125,0.125,0.25],"texture":"#main"},"east":{"uv":[0.25,0.125,0.125,0.25],"texture":"#main"},"south":{"uv":[0.25,0.125,0.25,0.25],"texture":"#main"},"west":{"uv":[0.125,0.125,0,0.25],"texture":"#main"},"up":{"uv":[0.125,0.125,0.125,0],"texture":"#main"},"down":{"uv":[0.125,0,0.125,0.125],"texture":"#main"}}},{"from":[12.151,0.1,1.5],"to":[12.151,1.2,2.5],"shade":false,"rotation":{"angle":0,"axis":"y","origin":[12.301,5.8,5.5]},"faces":{"north":{"uv":[0.125,0.125,0.125,0.25],"texture":"#main"},"east":{"uv":[0.25,0.125,0.125,0.25],"texture":"#main"},"south":{"uv":[0.25,0.125,0.25,0.25],"texture":"#main"},"west":{"uv":[0.125,0.125,0,0.25],"texture":"#main"},"up":{"uv":[0.125,0.125,0.125,0],"texture":"#main"},"down":{"uv":[0.125,0,0.125,0.125],"texture":"#main"}}},{"from":[12.951,0.1,1.5],"to":[12.951,1.2,2.5],"shade":false,"rotation":{"angle":0,"axis":"y","origin":[12.301,5.8,5.5]},"faces":{"north":{"uv":[0.125,0.125,0.125,0.25],"texture":"#main"},"east":{"uv":[0.25,0.125,0.125,0.25],"texture":"#main"},"south":{"uv":[0.25,0.125,0.25,0.25],"texture":"#main"},"west":{"uv":[0.125,0.125,0,0.25],"texture":"#main"},"up":{"uv":[0.125,0.125,0.125,0],"texture":"#main"},"down":{"uv":[0.125,0,0.125,0.125],"texture":"#main"}}},{"from":[4.949,0.1,11.2],"to":[4.949,1.2,12.2],"rotation":{"angle":0,"axis":"y","origin":[3.699,5.8,5.5]},"faces":{"north":{"uv":[0.125,0.125,0.125,0.25],"texture":"#main"},"east":{"uv":[0,0.125,0.125,0.25],"texture":"#main"},"south":{"uv":[0.25,0.125,0.25,0.25],"texture":"#main"},"west":{"uv":[0.125,0.125,0.25,0.25],"texture":"#main"},"up":{"uv":[0.125,0.125,0.125,0],"texture":"#main"},"down":{"uv":[0.125,0,0.125,0.125],"texture":"#main"}}},{"from":[3.849,0.1,11.2],"to":[3.849,1.2,12.2],"rotation":{"angle":0,"axis":"y","origin":[3.699,5.8,5.5]},"faces":{"north":{"uv":[0.125,0.125,0.125,0.25],"texture":"#main"},"east":{"uv":[0,0.125,0.125,0.25],"texture":"#main"},"south":{"uv":[0.25,0.125,0.25,0.25],"texture":"#main"},"west":{"uv":[0.125,0.125,0.25,0.25],"texture":"#main"},"up":{"uv":[0.125,0.125,0.125,0],"texture":"#main"},"down":{"uv":[0.125,0,0.125,0.125],"texture":"#main"}}},{"from":[3.049,0.1,11.2],"to":[3.049,1.2,12.2],"rotation":{"angle":0,"axis":"y","origin":[3.699,5.8,5.5]},"faces":{"north":{"uv":[0.125,0.125,0.125,0.25],"texture":"#main"},"east":{"uv":[0,0.125,0.125,0.25],"texture":"#main"},"south":{"uv":[0.25,0.125,0.25,0.25],"texture":"#main"},"west":{"uv":[0.125,0.125,0.25,0.25],"texture":"#main"},"up":{"uv":[0.125,0.125,0.125,0],"texture":"#main"},"down":{"uv":[0.125,0,0.125,0.125],"texture":"#main"}}}],"display":{"head":{"translation":[0,-30.5,0],"scale":[1.6,1.6,1.6]}},"groups":[{"name":"skuntank","origin":[0,0,0],"color":0,"children":[{"name":"head","origin":[-3,6.1,-6],"color":0,"children":[0,1,2,3,4,5,6,7,8,9,10]},{"name":"body","origin":[0,0.7,-8],"color":0,"children":[11,12,13]},{"name":"legs","origin":[4.301,6.1,-2.5],"color":0,"children":[14,15,16,17,18,19,20,21,22,23,24,25,26,27,28,29,30,31,32,33,34,35,36,37,38,39]}]}]}