{"parent":"physical_parent","textures":{"main":"pokemon/slaking"},"texture_size":[128,128],"elements":[{"rotation":{"origin":[15,8,22],"angle":0,"axis":"y"},"from":[1,0,7],"to":[13,9,16],"faces":{"east":{"uv":[0,1.125,1.125,2.25],"texture":"#main"},"south":{"uv":[3.75,1.125,5.25,2.25],"texture":"#main"},"north":{"uv":[1.125,1.125,2.625,2.25],"texture":"#main"},"west":{"uv":[2.625,1.125,3.75,2.25],"texture":"#main"},"up":{"uv":[2.625,1.125,1.125,0],"texture":"#main"},"down":{"uv":[4.125,0,2.625,1.125],"texture":"#main"}}},{"rotation":{"origin":[3,14,18],"angle":22.5,"axis":"z"},"from":[-7,6,6],"to":[1,14,14],"faces":{"east":{"uv":[3.25,4.25,4.25,5.25],"texture":"#main"},"south":{"uv":[6.25,4.25,7.25,5.25],"texture":"#main"},"north":{"uv":[4.25,4.25,5.25,5.25],"texture":"#main"},"west":{"uv":[5.25,4.25,6.25,5.25],"texture":"#main"},"up":{"uv":[5.25,4.25,4.25,3.25],"texture":"#main"},"down":{"uv":[6.25,3.25,5.25,4.25],"texture":"#main"}}},{"rotation":{"origin":[3,14,18],"angle":22.5,"axis":"z"},"from":[-8.6,6.1,4],"to":[2.4,6.1,16],"faces":{"east":{"uv":[0,3.875,1.5,3.875],"texture":"#main"},"south":{"uv":[4.375,3.875,5.75,3.875],"texture":"#main"},"north":{"uv":[1.5,3.875,2.875,3.875],"texture":"#main"},"west":{"uv":[2.875,3.875,4.375,3.875],"texture":"#main"},"up":{"uv":[2.875,3.875,1.5,2.375],"texture":"#main"},"down":{"uv":[4.25,2.375,2.875,3.875],"texture":"#main"}}},{"rotation":{"origin":[-0.12132,8,17.12132],"angle":-45,"axis":"y"},"from":[-8.13132,-0.01,10.11132],"to":[-0.11132,4.01,14.13132],"faces":{"east":{"uv":[4.125,0.5,4.625,1],"texture":"#main"},"south":{"uv":[6.125,0.5,7.125,1],"texture":"#main"},"north":{"uv":[4.625,0.5,5.625,1],"texture":"#main"},"west":{"uv":[5.625,0.5,6.125,1],"texture":"#main"},"up":{"uv":[5.625,0.5,4.625,0],"texture":"#main"},"down":{"uv":[6.625,0,5.625,0.5],"texture":"#main"}}},{"rotation":{"origin":[14.87868,16,11.12132],"angle":45,"axis":"y"},"from":[6.87868,8,4.12132],"to":[14.87868,12,8.12132],"faces":{"east":{"uv":[0,4.125,0.5,4.625],"texture":"#main"},"south":{"uv":[2,4.125,3,4.625],"texture":"#main"},"north":{"uv":[0.5,4.125,1.5,4.625],"texture":"#main"},"west":{"uv":[1.5,4.125,2,4.625],"texture":"#main"},"up":{"uv":[1.5,4.125,0.5,3.625],"texture":"#main"},"down":{"uv":[2.5,3.625,1.5,4.125],"texture":"#main"}}},{"rotation":{"origin":[12.75736,14.54747,14.30237],"angle":22.5,"axis":"x"},"from":[8.75736,3.54747,7.30237],"to":[12.75736,10.54747,11.30237],"faces":{"east":{"uv":[0,6.125,0.5,7],"texture":"#main"},"south":{"uv":[1.5,6.125,2,7],"texture":"#main"},"north":{"uv":[0.5,6.125,1,7],"texture":"#main"},"west":{"uv":[1,6.125,1.5,7],"texture":"#main"},"up":{"uv":[1,6.125,0.5,5.625],"texture":"#main"},"down":{"uv":[1.5,5.625,1,6.125],"texture":"#main"}}},{"rotation":{"origin":[12.85736,14.67812,14.24825],"angle":22.5,"axis":"x"},"from":[8.95736,-0.22188,7.34825],"to":[12.75736,3.57812,11.14825],"faces":{"east":{"uv":[2,6.75,2.5,7.25],"texture":"#main"},"south":{"uv":[3.5,6.75,4,7.25],"texture":"#main"},"north":{"uv":[2.5,6.75,3,7.25],"texture":"#main"},"west":{"uv":[3,6.75,3.5,7.25],"texture":"#main"},"up":{"uv":[3,6.75,2.5,6.25],"texture":"#main"},"down":{"uv":[3.5,6.25,3,6.75],"texture":"#main"}}},{"rotation":{"origin":[-7.82843,8,14.51472],"angle":0,"axis":"y"},"from":[-4.82843,0,6.51472],"to":[-0.82843,7,10.51472],"faces":{"east":{"uv":[5,5.75,5.5,6.625],"texture":"#main"},"south":{"uv":[6.5,5.75,7,6.625],"texture":"#main"},"north":{"uv":[5.5,5.75,6,6.625],"texture":"#main"},"west":{"uv":[6,5.75,6.5,6.625],"texture":"#main"},"up":{"uv":[6,5.75,5.5,5.25],"texture":"#main"},"down":{"uv":[6.5,5.25,6,5.75],"texture":"#main"}}},{"rotation":{"origin":[21,8,17],"angle":0,"axis":"y"},"from":[13,0,9],"to":[20,4,13],"faces":{"east":{"uv":[4.25,2.625,4.75,3.125],"texture":"#main"},"south":{"uv":[6.125,2.625,7,3.125],"texture":"#main"},"north":{"uv":[4.75,2.625,5.625,3.125],"texture":"#main"},"west":{"uv":[5.625,2.625,6.125,3.125],"texture":"#main"},"up":{"uv":[5.625,2.625,4.75,2.125],"texture":"#main"},"down":{"uv":[6.5,2.125,5.625,2.625],"texture":"#main"}}},{"rotation":{"origin":[24.32957,8,19.4525],"angle":-22.5,"axis":"y"},"from":[16.32957,0,11.4525],"to":[19.32957,4,15.4525],"faces":{"east":{"uv":[4,7.125,4.5,7.625],"texture":"#main"},"south":{"uv":[5.375,7.125,5.75,7.625],"texture":"#main"},"north":{"uv":[4.5,7.125,4.875,7.625],"texture":"#main"},"west":{"uv":[4.875,7.125,5.375,7.625],"texture":"#main"},"up":{"uv":[4.875,7.125,4.5,6.625],"texture":"#main"},"down":{"uv":[5.25,6.625,4.875,7.125],"texture":"#main"}}},{"rotation":{"origin":[24.32957,8,19.4525],"angle":-22.5,"axis":"y"},"from":[19.32957,0,10.4525],"to":[21.32957,4,15.4525],"faces":{"east":{"uv":[6.375,7,7,7.5],"texture":"#main"},"south":{"uv":[7.875,7,8.125,7.5],"texture":"#main"},"north":{"uv":[7,7,7.25,7.5],"texture":"#main"},"west":{"uv":[7.25,7,7.875,7.5],"texture":"#main"},"up":{"uv":[7.25,7,7,6.375],"texture":"#main"},"down":{"uv":[7.5,6.375,7.25,7],"texture":"#main"}}},{"rotation":{"origin":[26.01254,8.63405,17.37433],"angle":-22.5,"axis":"z"},"from":[18.01254,0.63405,9.37433],"to":[23.01254,4.63405,13.37433],"faces":{"east":{"uv":[5.25,1.5,5.75,2],"texture":"#main"},"south":{"uv":[6.875,1.5,7.5,2],"texture":"#main"},"north":{"uv":[5.75,1.5,6.375,2],"texture":"#main"},"west":{"uv":[6.375,1.5,6.875,2],"texture":"#main"},"up":{"uv":[6.375,1.5,5.75,1],"texture":"#main"},"down":{"uv":[7,1,6.375,1.5],"texture":"#main"}}},{"rotation":{"origin":[26.01254,8.63405,17.37433],"angle":-22.5,"axis":"z"},"from":[23.01254,0.63405,8.37433],"to":[25.01254,4.63405,13.37433],"faces":{"east":{"uv":[6.25,3.75,6.875,4.25],"texture":"#main"},"south":{"uv":[7.75,3.75,8,4.25],"texture":"#main"},"north":{"uv":[6.875,3.75,7.125,4.25],"texture":"#main"},"west":{"uv":[7.125,3.75,7.75,4.25],"texture":"#main"},"up":{"uv":[7.125,3.75,6.875,3.125],"texture":"#main"},"down":{"uv":[7.375,3.125,7.125,3.75],"texture":"#main"}}},{"rotation":{"origin":[22,12,16],"angle":22.5,"axis":"y"},"from":[13.99,3.99,7.99],"to":[20.01,8.01,12.01],"faces":{"east":{"uv":[0,5.125,0.5,5.625],"texture":"#main"},"south":{"uv":[1.75,5.125,2.5,5.625],"texture":"#main"},"north":{"uv":[0.5,5.125,1.25,5.625],"texture":"#main"},"west":{"uv":[1.25,5.125,1.75,5.625],"texture":"#main"},"up":{"uv":[1.25,5.125,0.5,4.625],"texture":"#main"},"down":{"uv":[2,4.625,1.25,5.125],"texture":"#main"}}},{"rotation":{"origin":[-2.43369,26.317,17],"angle":22.5,"axis":"z"},"from":[-12.7,12.317,10],"to":[-3.7,20.317,10],"faces":{"east":{"uv":[2.5,5.25,2.5,6.25],"texture":"#main"},"south":{"uv":[3.625,5.25,4.75,6.25],"texture":"#main"},"north":{"uv":[2.5,5.25,3.625,6.25],"texture":"#main"},"west":{"uv":[3.625,5.25,3.625,6.25],"texture":"#main"},"up":{"uv":[3.625,5.25,2.5,5.25],"texture":"#main"},"down":{"uv":[4.75,5.25,3.625,5.25],"texture":"#main"}}}],"display":{"head":{"translation":[0,-23.25,0],"scale":[2.5,2.5,2.5]}},"groups":[{"children":[0,1,2],"origin":[8,8,8],"name":"Body"},{"children":[3,4,5,6,7],"origin":[8,8,8],"name":"Arms"},{"children":[8,9,10,11,12,13],"origin":[8,8,8],"name":"Legs"},{"children":[14],"origin":[8,8,8],"name":"HEadband"}]}