{"parent":"physical_parent","textures":{"main":"pokemon/smeargle","particle":"pokemon/smeargle"},"elements":[{"rotation":{"origin":[13,17,8],"angle":0,"axis":"y"},"from":[5,23,0],"to":[11,25,6],"faces":{"east":{"uv":[6.5,8,8,8.5],"texture":"#main"},"south":{"uv":[11,8,12.5,8.5],"texture":"#main"},"north":{"uv":[8,8,9.5,8.5],"texture":"#main"},"west":{"uv":[9.5,8,11,8.5],"texture":"#main"},"up":{"uv":[9.5,8,8,6.5],"texture":"#main"},"down":{"uv":[11,6.5,9.5,8],"texture":"#main"}}},{"rotation":{"origin":[13,17,8],"angle":0,"axis":"y"},"from":[6,17,1],"to":[10,19,5],"faces":{"east":{"uv":[0,1,1,1.5],"texture":"#main"},"south":{"uv":[3,1,4,1.5],"texture":"#main"},"north":{"uv":[1,1,2,1.5],"texture":"#main"},"west":{"uv":[2,1,3,1.5],"texture":"#main"},"up":{"uv":[2,1,1,0],"texture":"#main"},"down":{"uv":[3,0,2,1],"texture":"#main"}}},{"rotation":{"origin":[13,17,8],"angle":22.5,"axis":"z"},"from":[12,20,3.01],"to":[13,24,6.01],"faces":{"east":{"uv":[7,11.25,7.75,12.25],"texture":"#main"},"south":{"uv":[8.75,11.25,9,12.25],"texture":"#main"},"north":{"uv":[7.75,11.25,8,12.25],"texture":"#main"},"west":{"uv":[8,11.25,8.75,12.25],"texture":"#main"},"up":{"uv":[8,11.25,7.75,10.5],"texture":"#main"},"down":{"uv":[8.25,10.5,8,11.25],"texture":"#main"}}},{"rotation":{"origin":[3,17,8],"angle":-22.5,"axis":"z"},"from":[3,20,3.01],"to":[4,24,6.01],"faces":{"east":{"uv":[5.25,0.75,6,1.75],"texture":"#main"},"south":{"uv":[7,0.75,7.25,1.75],"texture":"#main"},"north":{"uv":[6,0.75,6.25,1.75],"texture":"#main"},"west":{"uv":[6.25,0.75,7,1.75],"texture":"#main"},"up":{"uv":[6.25,0.75,6,0],"texture":"#main"},"down":{"uv":[6.5,0,6.25,0.75],"texture":"#main"}}},{"rotation":{"origin":[13,17,8],"angle":22.5,"axis":"z"},"from":[12,19,3.5],"to":[13,20,5.5],"faces":{"east":{"uv":[6.5,7,7,7.25],"texture":"#main"},"south":{"uv":[7.75,7,8,7.25],"texture":"#main"},"north":{"uv":[7,7,7.25,7.25],"texture":"#main"},"west":{"uv":[7.25,7,7.75,7.25],"texture":"#main"},"up":{"uv":[7.25,7,7,6.5],"texture":"#main"},"down":{"uv":[7.5,6.5,7.25,7],"texture":"#main"}}},{"rotation":{"origin":[3,17,8],"angle":-22.5,"axis":"z"},"from":[3,19,3.5],"to":[4,20,5.5],"faces":{"east":{"uv":[0,6,0.5,6.25],"texture":"#main"},"south":{"uv":[1.25,6,1.5,6.25],"texture":"#main"},"north":{"uv":[0.5,6,0.75,6.25],"texture":"#main"},"west":{"uv":[0.75,6,1.25,6.25],"texture":"#main"},"up":{"uv":[0.75,6,0.5,5.5],"texture":"#main"},"down":{"uv":[1,5.5,0.75,6],"texture":"#main"}}},{"rotation":{"origin":[13,17,8],"angle":0,"axis":"y"},"from":[5.5,19,-3],"to":[10.5,23,6],"faces":{"east":{"uv":[5.25,2.25,7.5,3.25],"texture":"#main"},"south":{"uv":[11,2.25,12.25,3.25],"texture":"#main"},"north":{"uv":[7.5,2.25,8.75,3.25],"texture":"#main"},"west":{"uv":[8.75,2.25,11,3.25],"texture":"#main"},"up":{"uv":[8.75,2.25,7.5,0],"texture":"#main"},"down":{"uv":[10,0,8.75,2.25],"texture":"#main"}}},{"rotation":{"origin":[13,17,8],"angle":0,"axis":"y"},"from":[4.5,8,0],"to":[11.5,17,6],"faces":{"east":{"uv":[0,6.25,1.5,8.5],"texture":"#main"},"south":{"uv":[4.75,6.25,6.5,8.5],"texture":"#main"},"north":{"uv":[1.5,6.25,3.25,8.5],"texture":"#main"},"west":{"uv":[3.25,6.25,4.75,8.5],"texture":"#main"},"up":{"uv":[3.25,6.25,1.5,4.75],"texture":"#main"},"down":{"uv":[5,4.75,3.25,6.25],"texture":"#main"}}},{"rotation":{"origin":[13,17,8],"angle":0,"axis":"y"},"from":[8.5,2,2],"to":[11.5,8,5],"faces":{"east":{"uv":[9,9.75,9.75,11.25],"texture":"#main"},"south":{"uv":[11.25,9.75,12,11.25],"texture":"#main"},"north":{"uv":[9.75,9.75,10.5,11.25],"texture":"#main"},"west":{"uv":[10.5,9.75,11.25,11.25],"texture":"#main"},"up":{"uv":[10.5,9.75,9.75,9],"texture":"#main"},"down":{"uv":[11.25,9,10.5,9.75],"texture":"#main"}}},{"rotation":{"origin":[13,17,8],"angle":0,"axis":"y"},"from":[4.5,2,2],"to":[7.5,8,5],"faces":{"east":{"uv":[0,2.25,0.75,3.75],"texture":"#main"},"south":{"uv":[2.25,2.25,3,3.75],"texture":"#main"},"north":{"uv":[0.75,2.25,1.5,3.75],"texture":"#main"},"west":{"uv":[1.5,2.25,2.25,3.75],"texture":"#main"},"up":{"uv":[1.5,2.25,0.75,1.5],"texture":"#main"},"down":{"uv":[2.25,1.5,1.5,2.25],"texture":"#main"}}},{"rotation":{"origin":[13,17,8],"angle":-22.5,"axis":"z"},"from":[4.5,4,2],"to":[6.5,13,4],"faces":{"east":{"uv":[2,11,2.5,13.25],"texture":"#main"},"south":{"uv":[3.5,11,4,13.25],"texture":"#main"},"north":{"uv":[2.5,11,3,13.25],"texture":"#main"},"west":{"uv":[3,11,3.5,13.25],"texture":"#main"},"up":{"uv":[3,11,2.5,10.5],"texture":"#main"},"down":{"uv":[3.5,10.5,3,11],"texture":"#main"}}},{"rotation":{"origin":[3,17,8],"angle":45,"axis":"z"},"from":[6.5,2.5,2],"to":[8.5,11.5,4],"faces":{"east":{"uv":[0,11,0.5,13.25],"texture":"#main"},"south":{"uv":[1.5,11,2,13.25],"texture":"#main"},"north":{"uv":[0.5,11,1,13.25],"texture":"#main"},"west":{"uv":[1,11,1.5,13.25],"texture":"#main"},"up":{"uv":[1,11,0.5,10.5],"texture":"#main"},"down":{"uv":[1.5,10.5,1,11],"texture":"#main"}}},{"rotation":{"origin":[3,17,8],"angle":0,"axis":"x"},"from":[7,9.5,6],"to":[9,11.5,10],"faces":{"east":{"uv":[10,1,11,1.5],"texture":"#main"},"south":{"uv":[12.5,1,13,1.5],"texture":"#main"},"north":{"uv":[11,1,11.5,1.5],"texture":"#main"},"west":{"uv":[11.5,1,12.5,1.5],"texture":"#main"},"up":{"uv":[11.5,1,11,0],"texture":"#main"},"down":{"uv":[12,0,11.5,1],"texture":"#main"}}},{"rotation":{"origin":[4.65685,17,8],"angle":0,"axis":"x"},"from":[14.65685,9.5,-7],"to":[16.65685,11.5,10],"faces":{"east":{"uv":[0,4.25,4.25,4.75],"texture":"#main"},"south":{"uv":[9,4.25,9.5,4.75],"texture":"#main"},"north":{"uv":[4.25,4.25,4.75,4.75],"texture":"#main"},"west":{"uv":[4.75,4.25,9,4.75],"texture":"#main"},"up":{"uv":[4.75,4.25,4.25,0],"texture":"#main"},"down":{"uv":[5.25,0,4.75,4.25],"texture":"#main"}}},{"rotation":{"origin":[4.65685,17,8],"angle":0,"axis":"x"},"from":[13.65685,8.5,-10],"to":[17.65685,12.5,-4],"faces":{"east":{"uv":[8,4.75,9.5,5.75],"texture":"#main"},"south":{"uv":[12,4.75,13,5.75],"texture":"#main"},"north":{"uv":[9.5,4.75,10.5,5.75],"texture":"#main"},"west":{"uv":[10.5,4.75,12,5.75],"texture":"#main"},"up":{"uv":[10.5,4.75,9.5,3.25],"texture":"#main"},"down":{"uv":[11.5,3.25,10.5,4.75],"texture":"#main"}}},{"rotation":{"origin":[4.65685,17,8],"angle":0,"axis":"x"},"from":[14.65685,9.5,-12],"to":[15.65685,11.5,-10],"faces":{"east":{"uv":[2.5,3.75,3,4.25],"texture":"#main"},"south":{"uv":[3.75,3.75,4,4.25],"texture":"#main"},"north":{"uv":[3,3.75,3.25,4.25],"texture":"#main"},"west":{"uv":[3.25,3.75,3.75,4.25],"texture":"#main"},"up":{"uv":[3.25,3.75,3,3.25],"texture":"#main"},"down":{"uv":[3.5,3.25,3.25,3.75],"texture":"#main"}}},{"rotation":{"origin":[4.65685,17,8],"angle":0,"axis":"x"},"from":[15.65685,9.5,-11],"to":[16.65685,10.5,-10],"faces":{"east":{"uv":[0,4,0.25,4.25],"texture":"#main"},"south":{"uv":[0.75,4,1,4.25],"texture":"#main"},"north":{"uv":[0.25,4,0.5,4.25],"texture":"#main"},"west":{"uv":[0.5,4,0.75,4.25],"texture":"#main"},"up":{"uv":[0.5,4,0.25,3.75],"texture":"#main"},"down":{"uv":[0.75,3.75,0.5,4],"texture":"#main"}}},{"rotation":{"origin":[4.65685,17,8],"angle":0,"axis":"x"},"from":[16.65685,8.5,-11],"to":[17.65685,9.5,-10],"faces":{"east":{"uv":[3,0.25,3.25,0.5],"texture":"#main"},"south":{"uv":[3.75,0.25,4,0.5],"texture":"#main"},"north":{"uv":[3.25,0.25,3.5,0.5],"texture":"#main"},"west":{"uv":[3.5,0.25,3.75,0.5],"texture":"#main"},"up":{"uv":[3.5,0.25,3.25,0],"texture":"#main"},"down":{"uv":[3.75,0,3.5,0.25],"texture":"#main"}}},{"rotation":{"origin":[4.65685,17,8],"angle":0,"axis":"x"},"from":[14.65685,8.5,-11],"to":[15.65685,9.5,-10],"faces":{"east":{"uv":[1,4,1.25,4.25],"texture":"#main"},"south":{"uv":[1.75,4,2,4.25],"texture":"#main"},"north":{"uv":[1.25,4,1.5,4.25],"texture":"#main"},"west":{"uv":[1.5,4,1.75,4.25],"texture":"#main"},"up":{"uv":[1.5,4,1.25,3.75],"texture":"#main"},"down":{"uv":[1.75,3.75,1.5,4],"texture":"#main"}}},{"rotation":{"origin":[4.65685,17,8],"angle":0,"axis":"x"},"from":[15.65685,11.5,-11],"to":[16.65685,12.5,-10],"faces":{"east":{"uv":[3,3,3.25,3.25],"texture":"#main"},"south":{"uv":[3.75,3,4,3.25],"texture":"#main"},"north":{"uv":[3.25,3,3.5,3.25],"texture":"#main"},"west":{"uv":[3.5,3,3.75,3.25],"texture":"#main"},"up":{"uv":[3.5,3,3.25,2.75],"texture":"#main"},"down":{"uv":[3.75,2.75,3.5,3],"texture":"#main"}}},{"rotation":{"origin":[4.65685,17,8],"angle":0,"axis":"x"},"from":[13.65685,9.5,-11],"to":[14.65685,10.5,-10],"faces":{"east":{"uv":[3,2.5,3.25,2.75],"texture":"#main"},"south":{"uv":[3.75,2.5,4,2.75],"texture":"#main"},"north":{"uv":[3.25,2.5,3.5,2.75],"texture":"#main"},"west":{"uv":[3.5,2.5,3.75,2.75],"texture":"#main"},"up":{"uv":[3.5,2.5,3.25,2.25],"texture":"#main"},"down":{"uv":[3.75,2.25,3.5,2.5],"texture":"#main"}}},{"rotation":{"origin":[4.65685,17,8],"angle":0,"axis":"x"},"from":[16.65685,10.5,-12],"to":[17.65685,11.5,-10],"faces":{"east":{"uv":[0,5.25,0.5,5.5],"texture":"#main"},"south":{"uv":[1.25,5.25,1.5,5.5],"texture":"#main"},"north":{"uv":[0.5,5.25,0.75,5.5],"texture":"#main"},"west":{"uv":[0.75,5.25,1.25,5.5],"texture":"#main"},"up":{"uv":[0.75,5.25,0.5,4.75],"texture":"#main"},"down":{"uv":[1,4.75,0.75,5.25],"texture":"#main"}}},{"rotation":{"origin":[4.65685,17,8],"angle":0,"axis":"x"},"from":[13.65685,11.5,-11],"to":[14.65685,12.5,-10],"faces":{"east":{"uv":[3,0.75,3.25,1],"texture":"#main"},"south":{"uv":[3.75,0.75,4,1],"texture":"#main"},"north":{"uv":[3.25,0.75,3.5,1],"texture":"#main"},"west":{"uv":[3.5,0.75,3.75,1],"texture":"#main"},"up":{"uv":[3.5,0.75,3.25,0.5],"texture":"#main"},"down":{"uv":[3.75,0.5,3.5,0.75],"texture":"#main"}}},{"rotation":{"origin":[2.75736,17,11.41421],"angle":45,"axis":"y"},"from":[6.75736,9.5,13.41421],"to":[8.75736,11.5,17.41421],"faces":{"east":{"uv":[3,9.5,4,10],"texture":"#main"},"south":{"uv":[5.5,9.5,6,10],"texture":"#main"},"north":{"uv":[4,9.5,4.5,10],"texture":"#main"},"west":{"uv":[4.5,9.5,5.5,10],"texture":"#main"},"up":{"uv":[4.5,9.5,4,8.5],"texture":"#main"},"down":{"uv":[5,8.5,4.5,9.5],"texture":"#main"}}},{"rotation":{"origin":[20.89949,17,11.41421],"angle":-45,"axis":"y"},"from":[14.89949,9.5,13.41421],"to":[16.89949,11.5,17.41421],"faces":{"east":{"uv":[5,5.75,6,6.25],"texture":"#main"},"south":{"uv":[7.5,5.75,8,6.25],"texture":"#main"},"north":{"uv":[6,5.75,6.5,6.25],"texture":"#main"},"west":{"uv":[6.5,5.75,7.5,6.25],"texture":"#main"},"up":{"uv":[6.5,5.75,6,4.75],"texture":"#main"},"down":{"uv":[7,4.75,6.5,5.75],"texture":"#main"}}},{"rotation":{"origin":[3.82843,17,16.82843],"angle":0,"axis":"y"},"from":[9.82843,9.5,10.82843],"to":[13.82843,11.5,12.82843],"faces":{"east":{"uv":[5.25,3.75,5.75,4.25],"texture":"#main"},"south":{"uv":[7.25,3.75,8.25,4.25],"texture":"#main"},"north":{"uv":[5.75,3.75,6.75,4.25],"texture":"#main"},"west":{"uv":[6.75,3.75,7.25,4.25],"texture":"#main"},"up":{"uv":[6.75,3.75,5.75,3.25],"texture":"#main"},"down":{"uv":[7.75,3.25,6.75,3.75],"texture":"#main"}}},{"rotation":{"origin":[13,17,8],"angle":-22.5,"axis":"z"},"from":[4,3,1.5],"to":[7,6,4.5],"faces":{"east":{"uv":[11,6.5,11.75,7.25],"texture":"#main"},"south":{"uv":[13.25,6.5,14,7.25],"texture":"#main"},"north":{"uv":[11.75,6.5,12.5,7.25],"texture":"#main"},"west":{"uv":[12.5,6.5,13.25,7.25],"texture":"#main"},"up":{"uv":[12.5,6.5,11.75,5.75],"texture":"#main"},"down":{"uv":[13.25,5.75,12.5,6.5],"texture":"#main"}}},{"rotation":{"origin":[3,17,8],"angle":45,"axis":"z"},"from":[6,2,1.5],"to":[9,5,4.5],"faces":{"east":{"uv":[4,11.25,4.75,12],"texture":"#main"},"south":{"uv":[6.25,11.25,7,12],"texture":"#main"},"north":{"uv":[4.75,11.25,5.5,12],"texture":"#main"},"west":{"uv":[5.5,11.25,6.25,12],"texture":"#main"},"up":{"uv":[5.5,11.25,4.75,10.5],"texture":"#main"},"down":{"uv":[6.25,10.5,5.5,11.25],"texture":"#main"}}},{"rotation":{"origin":[13,17,8],"angle":0,"axis":"y"},"from":[4.5,0,-1],"to":[7.5,2,5],"faces":{"east":{"uv":[4.5,10,6,10.5],"texture":"#main"},"south":{"uv":[8.25,10,9,10.5],"texture":"#main"},"north":{"uv":[6,10,6.75,10.5],"texture":"#main"},"west":{"uv":[6.75,10,8.25,10.5],"texture":"#main"},"up":{"uv":[6.75,10,6,8.5],"texture":"#main"},"down":{"uv":[7.5,8.5,6.75,10],"texture":"#main"}}},{"rotation":{"origin":[13,17,8],"angle":0,"axis":"y"},"from":[8.5,0,-1],"to":[11.5,2,5],"faces":{"east":{"uv":[0,10,1.5,10.5],"texture":"#main"},"south":{"uv":[3.75,10,4.5,10.5],"texture":"#main"},"north":{"uv":[1.5,10,2.25,10.5],"texture":"#main"},"west":{"uv":[2.25,10,3.75,10.5],"texture":"#main"},"up":{"uv":[2.25,10,1.5,8.5],"texture":"#main"},"down":{"uv":[3,8.5,2.25,10],"texture":"#main"}}},{"rotation":{"origin":[13,17,8],"angle":0,"axis":"y"},"from":[7,25,2],"to":[9,26,4],"faces":{"east":{"uv":[2.25,2,2.75,2.25],"texture":"#main"},"south":{"uv":[3.75,2,4.25,2.25],"texture":"#main"},"north":{"uv":[2.75,2,3.25,2.25],"texture":"#main"},"west":{"uv":[3.25,2,3.75,2.25],"texture":"#main"},"up":{"uv":[3.25,2,2.75,1.5],"texture":"#main"},"down":{"uv":[3.75,1.5,3.25,2],"texture":"#main"}}},{"rotation":{"origin":[13,17,8],"angle":0,"axis":"y"},"from":[7.5,26,2.5],"to":[8.5,28,3.5],"faces":{"east":{"uv":[0,0.25,0.25,0.75],"texture":"#main"},"south":{"uv":[0.75,0.25,1,0.75],"texture":"#main"},"north":{"uv":[0.25,0.25,0.5,0.75],"texture":"#main"},"west":{"uv":[0.5,0.25,0.75,0.75],"texture":"#main"},"up":{"uv":[0.5,0.25,0.25,0],"texture":"#main"},"down":{"uv":[0.75,0,0.5,0.25],"texture":"#main"}}}],"display":{"head":{"translation":[0,-31,7.25],"scale":[1.52539,1.52539,1.52539]}}}