{"credit":"Made with Blockbench","texture_size":[64,64],"textures":{"main":"pokemon/snivy"},"elements":[{"from":[-4.1688,0,-2.34],"to":[-0.7608,4.544,1.068],"rotation":{"angle":0,"axis":"y","origin":[-4.1688,0,-2.34]},"faces":{"north":{"uv":[6,11,6.5,11.75],"texture":"#main"},"east":{"uv":[7,11,7.5,11.75],"texture":"#main"},"south":{"uv":[11,7,11.5,7.75],"texture":"#main"},"west":{"uv":[8,11,8.5,11.75],"texture":"#main"},"up":{"uv":[12.5,0.5,12,0],"texture":"#main"},"down":{"uv":[1.5,12,1,12.5],"texture":"#main"}}},{"from":[0.7608,0,-2.34],"to":[4.1688,4.544,1.068],"rotation":{"angle":0,"axis":"y","origin":[4.1688,0,-2.34]},"faces":{"north":{"uv":[6.5,11,6,11.75],"texture":"#main"},"east":{"uv":[8.5,11,8,11.75],"texture":"#main"},"south":{"uv":[11.5,7,11,7.75],"texture":"#main"},"west":{"uv":[7.5,11,7,11.75],"texture":"#main"},"up":{"uv":[12,0.5,12.5,0],"texture":"#main"},"down":{"uv":[1,12,1.5,12.5],"texture":"#main"}}},{"from":[-4.396,2.1584,-8.02],"to":[4.692,13.5184,1.068],"rotation":{"angle":-22.5,"axis":"x","origin":[0.148,11.2464,-3.476]},"faces":{"north":{"uv":[0,0,1.5,2],"texture":"#main"},"east":{"uv":[0,2,1.5,4],"texture":"#main"},"south":{"uv":[2,0,3.5,2],"texture":"#main"},"west":{"uv":[2,2,3.5,4],"texture":"#main"},"up":{"uv":[7.5,5.5,6,4],"texture":"#main"},"down":{"uv":[7.5,6,6,7.5],"texture":"#main"}}},{"from":[-3.26,10.43505,-6.80327],"to":[3.556,17.70545,-0.89607],"rotation":{"angle":22.5,"axis":"x","origin":[0.148,14.97905,-4.53127]},"faces":{"north":{"uv":[2,8,3.25,9.25],"texture":"#main"},"east":{"uv":[8,8,9,9.25],"texture":"#main"},"south":{"uv":[8,2,9.25,3.25],"texture":"#main"},"west":{"uv":[9,8,10,9.25],"texture":"#main"},"up":{"uv":[1.25,11,0,10],"texture":"#main"},"down":{"uv":[11.25,0,10,1],"texture":"#main"}}},{"from":[-4.8504,15.904,-8.7016],"to":[5.1464,24.992,0.3864],"rotation":{"angle":0,"axis":"y","origin":[-4.396,15.904,-8.7016]},"faces":{"north":{"uv":[0,4,1.75,5.5],"texture":"#main"},"east":{"uv":[0,8,1.5,9.5],"texture":"#main"},"south":{"uv":[4,0,5.75,1.5],"texture":"#main"},"west":{"uv":[8,0,9.5,1.5],"texture":"#main"},"up":{"uv":[3.75,5.5,2,4],"texture":"#main"},"down":{"uv":[5.75,2,4,3.5],"texture":"#main"}}},{"from":[-2.5784,16.9264,-14.268],"to":[2.8744,21.4704,-7.452],"rotation":{"angle":22.5,"axis":"x","origin":[0.148,19.1984,-10.5192]},"faces":{"north":{"uv":[10,7,11,7.75],"texture":"#main"},"east":{"uv":[4,10,5.25,10.75],"texture":"#main"},"south":{"uv":[8,10,9,10.75],"texture":"#main"},"west":{"uv":[10,5,11.25,5.75],"texture":"#main"},"up":{"uv":[11,2.25,10,1],"texture":"#main"},"down":{"uv":[3,10,2,11.25],"texture":"#main"}}},{"from":[-7.16174,15.16305,-5.4072],"to":[-0.34574,15.16305,1.4088],"rotation":{"angle":-22.5,"axis":"x","origin":[-5.45774,15.16305,0.0456]},"faces":{"north":{"uv":[0,0,1.25,0],"texture":"#main"},"east":{"uv":[0,0,1.25,0],"texture":"#main"},"south":{"uv":[0,0,1.25,0],"texture":"#main"},"west":{"uv":[0,0,1.25,0],"texture":"#main"},"up":{"uv":[5.25,9.25,4,8],"texture":"#main"},"down":{"uv":[9.25,4,8,5.25],"texture":"#main"}}},{"from":[-7.16174,13.10842,-5.45044],"to":[-7.16174,15.38042,1.36556],"rotation":{"angle":-22.5,"axis":"x","origin":[-11.70574,15.38042,0.57036]},"faces":{"north":{"uv":[0,0,0,0.5],"texture":"#main"},"east":{"uv":[11,1,12.25,1.5],"texture":"#main"},"south":{"uv":[0,0,0,0.5],"texture":"#main"},"west":{"uv":[11,2,12.25,2.5],"texture":"#main"},"up":{"uv":[0,1.25,0,0],"texture":"#main"},"down":{"uv":[0,0,0,1.25],"texture":"#main"}}},{"from":[0.64174,15.16305,-5.4072],"to":[7.45774,15.16305,1.4088],"rotation":{"angle":-22.5,"axis":"x","origin":[5.75374,15.16305,0.0456]},"faces":{"north":{"uv":[0,0,1.25,0],"texture":"#main"},"east":{"uv":[0,0,1.25,0],"texture":"#main"},"south":{"uv":[0,0,1.25,0],"texture":"#main"},"west":{"uv":[0,0,1.25,0],"texture":"#main"},"up":{"uv":[7.25,9.25,6,8],"texture":"#main"},"down":{"uv":[9.25,6,8,7.25],"texture":"#main"}}},{"from":[7.45774,13.10842,-5.45044],"to":[7.45774,15.38042,1.36556],"rotation":{"angle":-22.5,"axis":"x","origin":[12.00174,15.38042,0.57036]},"faces":{"north":{"uv":[0,0,0,0.5],"texture":"#main"},"east":{"uv":[11,3,12.25,3.5],"texture":"#main"},"south":{"uv":[0,0,0,0.5],"texture":"#main"},"west":{"uv":[4,11,5.25,11.5],"texture":"#main"},"up":{"uv":[0,1.25,0,0],"texture":"#main"},"down":{"uv":[0,0,0,1.25],"texture":"#main"}}},{"from":[-6.3272,5.9072,-3.8168],"to":[-6.3272,12.7232,-1.5448],"rotation":{"angle":-22.5,"axis":"z","origin":[-6.3272,7.6112,-2.6808]},"faces":{"north":{"uv":[0,0,0,1.25],"texture":"#main"},"east":{"uv":[10,8,10.5,9.25],"texture":"#main"},"south":{"uv":[0,0,0,1.25],"texture":"#main"},"west":{"uv":[9,10,9.5,11.25],"texture":"#main"},"up":{"uv":[0,0.5,0,0],"texture":"#main"},"down":{"uv":[0,0,0,0.5],"texture":"#main"}}},{"from":[6.6272,5.9072,-3.8168],"to":[6.6272,12.7232,-1.5448],"rotation":{"angle":22.5,"axis":"z","origin":[6.6272,7.6112,-2.6808]},"faces":{"north":{"uv":[0,0,0,1.25],"texture":"#main"},"east":{"uv":[9.5,10,9,11.25],"texture":"#main"},"south":{"uv":[0,0,0,1.25],"texture":"#main"},"west":{"uv":[10.5,8,10,9.25],"texture":"#main"},"up":{"uv":[0,0.5,0,0],"texture":"#main"},"down":{"uv":[0,0,0,0.5],"texture":"#main"}}},{"from":[-2.124,2.272,-2.6808],"to":[2.42,4.9984,6.4072],"rotation":{"angle":-45,"axis":"x","origin":[-2.124,10.9056,-2.6808]},"faces":{"north":{"uv":[1,11,1.75,11.5],"texture":"#main"},"east":{"uv":[6,10,7.5,10.5],"texture":"#main"},"south":{"uv":[11,4,11.75,4.5],"texture":"#main"},"west":{"uv":[10,6,11.5,6.5],"texture":"#main"},"up":{"uv":[3.75,11.5,3,10],"texture":"#main"},"down":{"uv":[10.75,3,10,4.5],"texture":"#main"}}},{"from":[-5.7592,11.7008,9.02],"to":[3.3288,21.9248,9.02],"rotation":{"angle":22.5,"axis":"z","origin":[-1.2152,11.7008,9.02]},"faces":{"north":{"uv":[6,2,7.5,3.75],"texture":"#main"},"east":{"uv":[0,0,0,1.75],"texture":"#main"},"south":{"uv":[4,6,5.5,7.75],"texture":"#main"},"west":{"uv":[0,0,0,1.75],"texture":"#main"},"up":{"uv":[1.5,0,0,0],"texture":"#main"},"down":{"uv":[1.5,0,0,0],"texture":"#main"}}},{"from":[-5.3048,12.2688,8.7928],"to":[3.7832,22.4928,8.7928],"rotation":{"angle":0,"axis":"y","origin":[-0.7608,12.2688,8.7928]},"faces":{"north":{"uv":[4,4,5.5,5.75],"texture":"#main"},"east":{"uv":[0,0,0,1.75],"texture":"#main"},"south":{"uv":[0,6,1.5,7.75],"texture":"#main"},"west":{"uv":[0,0,0,1.75],"texture":"#main"},"up":{"uv":[1.5,0,0,0],"texture":"#main"},"down":{"uv":[1.5,0,0,0],"texture":"#main"}}},{"from":[-3.0328,11.7008,8.9064],"to":[6.0552,21.9248,8.9064],"rotation":{"angle":-22.5,"axis":"z","origin":[1.5112,11.7008,8.9064]},"faces":{"north":{"uv":[6,0,7.5,1.75],"texture":"#main"},"east":{"uv":[0,0,0,1.75],"texture":"#main"},"south":{"uv":[2,6,3.5,7.75],"texture":"#main"},"west":{"uv":[0,0,0,1.75],"texture":"#main"},"up":{"uv":[1.5,0,0,0],"texture":"#main"},"down":{"uv":[1.5,0,0,0],"texture":"#main"}}}],"display":{"head":{"translation":[3.75,-39,3.75],"scale":[0.5,0.5,0.5]}},"groups":[{"name":"snivy","origin":[1,0,0.5],"color":0,"children":[{"name":"leg_l","origin":[-2.4188,3.75,-0.59],"color":0,"children":[0]},{"name":"leg_r","origin":[2.4188,3.75,-0.59],"color":0,"children":[1]},{"name":"body","origin":[0.08309,4.91094,-0.06334],"color":0,"children":[2,{"name":"neck","origin":[0.148,12.88514,-4.41366],"color":0,"children":[3,{"name":"head","origin":[0.148,15.88841,-3.49583],"color":0,"children":[4,5]}]},6,7,8,9,{"name":"arm_l","origin":[-4.3272,11.6112,-2.6808],"color":0,"children":[10]},{"name":"arm_r","origin":[4.3272,11.6112,-2.6808],"color":0,"children":[11]},{"name":"tail","origin":[0.148,5.97774,2.67324],"color":0,"children":[12,{"name":"leaves","origin":[0.09507,12.24271,8.9064],"color":0,"children":[13,14,15]}]}]}]}]}