{"parent":"physical_parent","textures":{"main":"pokemon/solrock"},"texture_size":[64,64],"elements":[{"rotation":{"origin":[11.5,12.5,12.5],"angle":0,"axis":"y"},"from":[2.5,2.5,4.5],"to":[13.5,13.5,11.5],"faces":{"east":{"uv":[7,2.75,8.75,5.5],"texture":"#main"},"south":{"uv":[7,0,9.75,2.75],"texture":"#main"},"north":{"uv":[7,7,9.75,9.75],"texture":"#main"},"west":{"uv":[8.75,2.75,10.5,5.5],"texture":"#main"},"up":{"uv":[9.75,11.5,7,9.75],"texture":"#main"},"down":{"uv":[12.5,9.75,9.75,11.5],"texture":"#main"}}},{"rotation":{"origin":[12,11,14],"angle":0,"axis":"y"},"from":[-6,-6,8],"to":[22,22,8],"faces":{"east":{"uv":[0,0,0,7],"texture":"#main"},"south":{"uv":[0,7,7,14],"texture":"#main"},"north":{"uv":[0,0,7,7],"texture":"#main"},"west":{"uv":[0,0,0,7],"texture":"#main"},"up":{"uv":[7,0,0,0],"texture":"#main"},"down":{"uv":[7,0,0,0],"texture":"#main"}}}],"display":{"head":{"translation":[0,-14,0],"scale":[1.25,1.25,1.25]}}}