{"parent":"physical_parent","textures":{"main":"pokemon/spinarak"},"elements":[{"from":[4,0,4],"to":[12,7,13],"faces":{"east":{"uv":[0,2.25,2.25,4],"texture":"#main"},"south":{"uv":[6.5,2.25,8.5,4],"texture":"#main"},"north":{"uv":[2.25,2.25,4.25,4],"texture":"#main"},"west":{"uv":[4.25,2.25,6.5,4],"texture":"#main"},"up":{"uv":[4.25,2.25,2.25,0],"texture":"#main"},"down":{"uv":[6.25,0,4.25,2.25],"texture":"#main"}}},{"from":[5,0,-1],"to":[11,5,4],"faces":{"east":{"uv":[0,5.25,1.25,6.5],"texture":"#main"},"south":{"uv":[4,5.25,5.5,6.5],"texture":"#main"},"north":{"uv":[1.25,5.25,2.75,6.5],"texture":"#main"},"west":{"uv":[2.75,5.25,4,6.5],"texture":"#main"},"up":{"uv":[2.75,5.25,1.25,4],"texture":"#main"},"down":{"uv":[4.25,4,2.75,5.25],"texture":"#main"}}},{"rotation":{"origin":[8,8,8],"angle":-22.5,"axis":"x"},"from":[7,7,-1],"to":[9,9,1],"faces":{"east":{"uv":[2.5,9,3,9.5],"texture":"#main"},"south":{"uv":[4,9,4.5,9.5],"texture":"#main"},"north":{"uv":[3,9,3.5,9.5],"texture":"#main"},"west":{"uv":[3.5,9,4,9.5],"texture":"#main"},"up":{"uv":[3.5,9,3,8.5],"texture":"#main"},"down":{"uv":[4,8.5,3.5,9],"texture":"#main"}}},{"from":[1,1,5.01],"to":[4,3,7.01],"faces":{"east":{"uv":[0,9,0.5,9.5],"texture":"#main"},"south":{"uv":[1.75,9,2.5,9.5],"texture":"#main"},"north":{"uv":[0.5,9,1.25,9.5],"texture":"#main"},"west":{"uv":[1.25,9,1.75,9.5],"texture":"#main"},"up":{"uv":[1.25,9,0.5,8.5],"texture":"#main"},"down":{"uv":[2,8.5,1.25,9],"texture":"#main"}}},{"from":[12,1,5.01],"to":[15,3,7.01],"faces":{"east":{"uv":[7.75,4.5,8.25,5],"texture":"#main"},"south":{"uv":[9.5,4.5,10.25,5],"texture":"#main"},"north":{"uv":[8.25,4.5,9,5],"texture":"#main"},"west":{"uv":[9,4.5,9.5,5],"texture":"#main"},"up":{"uv":[9,4.5,8.25,4],"texture":"#main"},"down":{"uv":[9.75,4,9,4.5],"texture":"#main"}}},{"rotation":{"origin":[8,8,11],"angle":22.5,"axis":"z"},"from":[9,0,8.01],"to":[14,2,10.01],"faces":{"east":{"uv":[6.25,1.5,6.75,2],"texture":"#main"},"south":{"uv":[8.5,1.5,9.75,2],"texture":"#main"},"north":{"uv":[6.75,1.5,8,2],"texture":"#main"},"west":{"uv":[8,1.5,8.5,2],"texture":"#main"},"up":{"uv":[8,1.5,6.75,1],"texture":"#main"},"down":{"uv":[9.25,1,8,1.5],"texture":"#main"}}},{"rotation":{"origin":[8,8,11],"angle":-22.5,"axis":"z"},"from":[2,0,8.01],"to":[7,2,10.01],"faces":{"east":{"uv":[4.25,4.75,4.75,5.25],"texture":"#main"},"south":{"uv":[6.5,4.75,7.75,5.25],"texture":"#main"},"north":{"uv":[4.75,4.75,6,5.25],"texture":"#main"},"west":{"uv":[6,4.75,6.5,5.25],"texture":"#main"},"up":{"uv":[6,4.75,4.75,4.25],"texture":"#main"},"down":{"uv":[7.25,4.25,6,4.75],"texture":"#main"}}},{"rotation":{"origin":[8,8,14],"angle":22.5,"axis":"z"},"from":[9,0,11.01],"to":[14,2,13.01],"faces":{"east":{"uv":[6.25,0.5,6.75,1],"texture":"#main"},"south":{"uv":[8.5,0.5,9.75,1],"texture":"#main"},"north":{"uv":[6.75,0.5,8,1],"texture":"#main"},"west":{"uv":[8,0.5,8.5,1],"texture":"#main"},"up":{"uv":[8,0.5,6.75,0],"texture":"#main"},"down":{"uv":[9.25,0,8,0.5],"texture":"#main"}}},{"rotation":{"origin":[8,8,14],"angle":-22.5,"axis":"z"},"from":[2,0,11.01],"to":[7,2,13.01],"faces":{"east":{"uv":[5.5,6,6,6.5],"texture":"#main"},"south":{"uv":[7.75,6,9,6.5],"texture":"#main"},"north":{"uv":[6,6,7.25,6.5],"texture":"#main"},"west":{"uv":[7.25,6,7.75,6.5],"texture":"#main"},"up":{"uv":[7.25,6,6,5.5],"texture":"#main"},"down":{"uv":[8.5,5.5,7.25,6],"texture":"#main"}}},{"rotation":{"origin":[5.55374,10.29818,8],"angle":22.5,"axis":"z"},"from":[-5.44626,3.29818,5],"to":[-1.44626,5.29818,7],"faces":{"east":{"uv":[6,8,6.5,8.5],"texture":"#main"},"south":{"uv":[8,8,9,8.5],"texture":"#main"},"north":{"uv":[6.5,8,7.5,8.5],"texture":"#main"},"west":{"uv":[7.5,8,8,8.5],"texture":"#main"},"up":{"uv":[7.5,8,6.5,7.5],"texture":"#main"},"down":{"uv":[8.5,7.5,7.5,8],"texture":"#main"}}},{"rotation":{"origin":[10.44626,10.29818,8],"angle":-22.5,"axis":"z"},"from":[17.44626,3.29818,5],"to":[21.44626,5.29818,7],"faces":{"east":{"uv":[3,8,3.5,8.5],"texture":"#main"},"south":{"uv":[5,8,6,8.5],"texture":"#main"},"north":{"uv":[3.5,8,4.5,8.5],"texture":"#main"},"west":{"uv":[4.5,8,5,8.5],"texture":"#main"},"up":{"uv":[4.5,8,3.5,7.5],"texture":"#main"},"down":{"uv":[5.5,7.5,4.5,8],"texture":"#main"}}},{"rotation":{"origin":[7.3541,14.65232,11.01],"angle":-45,"axis":"z"},"from":[20.3541,11.65232,8.02],"to":[24.3541,13.65232,10.02],"faces":{"east":{"uv":[0,8,0.5,8.5],"texture":"#main"},"south":{"uv":[2,8,3,8.5],"texture":"#main"},"north":{"uv":[0.5,8,1.5,8.5],"texture":"#main"},"west":{"uv":[1.5,8,2,8.5],"texture":"#main"},"up":{"uv":[1.5,8,0.5,7.5],"texture":"#main"},"down":{"uv":[2.5,7.5,1.5,8],"texture":"#main"}}},{"rotation":{"origin":[8.6459,14.65232,11.01],"angle":45,"axis":"z"},"from":[-8.3541,11.65232,8.02],"to":[-4.3541,13.65232,10.02],"faces":{"east":{"uv":[0,7,0.5,7.5],"texture":"#main"},"south":{"uv":[2,7,3,7.5],"texture":"#main"},"north":{"uv":[0.5,7,1.5,7.5],"texture":"#main"},"west":{"uv":[1.5,7,2,7.5],"texture":"#main"},"up":{"uv":[1.5,7,0.5,6.5],"texture":"#main"},"down":{"uv":[2.5,6.5,1.5,7],"texture":"#main"}}},{"rotation":{"origin":[7.3541,14.65232,14.01],"angle":-45,"axis":"z"},"from":[20.3541,11.65232,11.02],"to":[24.3541,13.65232,13.02],"faces":{"east":{"uv":[6,7,6.5,7.5],"texture":"#main"},"south":{"uv":[8,7,9,7.5],"texture":"#main"},"north":{"uv":[6.5,7,7.5,7.5],"texture":"#main"},"west":{"uv":[7.5,7,8,7.5],"texture":"#main"},"up":{"uv":[7.5,7,6.5,6.5],"texture":"#main"},"down":{"uv":[8.5,6.5,7.5,7],"texture":"#main"}}},{"rotation":{"origin":[8.6459,14.65232,14.01],"angle":45,"axis":"z"},"from":[-8.3541,11.65232,11.02],"to":[-4.3541,13.65232,13.02],"faces":{"east":{"uv":[3,7,3.5,7.5],"texture":"#main"},"south":{"uv":[5,7,6,7.5],"texture":"#main"},"north":{"uv":[3.5,7,4.5,7.5],"texture":"#main"},"west":{"uv":[4.5,7,5,7.5],"texture":"#main"},"up":{"uv":[4.5,7,3.5,6.5],"texture":"#main"},"down":{"uv":[5.5,6.5,4.5,7],"texture":"#main"}}},{"rotation":{"origin":[5.55374,10.29818,8],"angle":22.5,"axis":"z"},"from":[-7.44626,3.5,5.5],"to":[-5.44626,4.5,6.5],"faces":{"east":{"uv":[8.5,2.25,8.75,2.5],"texture":"#main"},"south":{"uv":[9.5,2.25,10,2.5],"texture":"#main"},"north":{"uv":[8.75,2.25,9.25,2.5],"texture":"#main"},"west":{"uv":[9.25,2.25,9.5,2.5],"texture":"#main"},"up":{"uv":[9.25,2.25,8.75,2],"texture":"#main"},"down":{"uv":[9.75,2,9.25,2.25],"texture":"#main"}}},{"rotation":{"origin":[10.44626,10.29818,8],"angle":-22.5,"axis":"z"},"from":[21.44626,3.5,5.5],"to":[23.44626,4.5,6.5],"faces":{"east":{"uv":[8.5,8.75,8.75,9],"texture":"#main"},"south":{"uv":[9.5,8.75,10,9],"texture":"#main"},"north":{"uv":[8.75,8.75,9.25,9],"texture":"#main"},"west":{"uv":[9.25,8.75,9.5,9],"texture":"#main"},"up":{"uv":[9.25,8.75,8.75,8.5],"texture":"#main"},"down":{"uv":[9.75,8.5,9.25,8.75],"texture":"#main"}}},{"rotation":{"origin":[7.3541,14.65232,11.01],"angle":-45,"axis":"z"},"from":[24.3541,11.85414,8.51],"to":[26.3541,12.85414,9.51],"faces":{"east":{"uv":[7,8.75,7.25,9],"texture":"#main"},"south":{"uv":[8,8.75,8.5,9],"texture":"#main"},"north":{"uv":[7.25,8.75,7.75,9],"texture":"#main"},"west":{"uv":[7.75,8.75,8,9],"texture":"#main"},"up":{"uv":[7.75,8.75,7.25,8.5],"texture":"#main"},"down":{"uv":[8.25,8.5,7.75,8.75],"texture":"#main"}}},{"rotation":{"origin":[8.6459,14.65232,11.01],"angle":45,"axis":"z"},"from":[-10.3541,11.85414,8.51],"to":[-8.3541,12.85414,9.51],"faces":{"east":{"uv":[7.5,5.25,7.75,5.5],"texture":"#main"},"south":{"uv":[8.5,5.25,9,5.5],"texture":"#main"},"north":{"uv":[7.75,5.25,8.25,5.5],"texture":"#main"},"west":{"uv":[8.25,5.25,8.5,5.5],"texture":"#main"},"up":{"uv":[8.25,5.25,7.75,5],"texture":"#main"},"down":{"uv":[8.75,5,8.25,5.25],"texture":"#main"}}},{"rotation":{"origin":[7.3541,14.65232,14.01],"angle":-45,"axis":"z"},"from":[24.3541,11.85414,11.51],"to":[26.3541,12.85414,12.51],"faces":{"east":{"uv":[5.5,8.75,5.75,9],"texture":"#main"},"south":{"uv":[6.5,8.75,7,9],"texture":"#main"},"north":{"uv":[5.75,8.75,6.25,9],"texture":"#main"},"west":{"uv":[6.25,8.75,6.5,9],"texture":"#main"},"up":{"uv":[6.25,8.75,5.75,8.5],"texture":"#main"},"down":{"uv":[6.75,8.5,6.25,8.75],"texture":"#main"}}},{"rotation":{"origin":[8.6459,14.65232,14.01],"angle":45,"axis":"z"},"from":[-10.3541,11.85414,11.51],"to":[-8.3541,12.85414,12.51],"faces":{"east":{"uv":[4,8.75,4.25,9],"texture":"#main"},"south":{"uv":[5,8.75,5.5,9],"texture":"#main"},"north":{"uv":[4.25,8.75,4.75,9],"texture":"#main"},"west":{"uv":[4.75,8.75,5,9],"texture":"#main"},"up":{"uv":[4.75,8.75,4.25,8.5],"texture":"#main"},"down":{"uv":[5.25,8.5,4.75,8.75],"texture":"#main"}}},{"rotation":{"origin":[8,8,8],"angle":-22.5,"axis":"x"},"from":[7.5,9,-0.5],"to":[8.5,11,0.5],"faces":{"east":{"uv":[1.25,0.25,1.5,0.75],"texture":"#main"},"south":{"uv":[2,0.25,2.25,0.75],"texture":"#main"},"north":{"uv":[1.5,0.25,1.75,0.75],"texture":"#main"},"west":{"uv":[1.75,0.25,2,0.75],"texture":"#main"},"up":{"uv":[1.75,0.25,1.5,0],"texture":"#main"},"down":{"uv":[2,0,1.75,0.25],"texture":"#main"}}},{"rotation":{"origin":[8,8,8],"angle":22.5,"axis":"y"},"from":[8.5,0.5,-3],"to":[9.5,1.5,0],"faces":{"east":{"uv":[0,1.75,0.75,2],"texture":"#main"},"south":{"uv":[1.75,1.75,2,2],"texture":"#main"},"north":{"uv":[0.75,1.75,1,2],"texture":"#main"},"west":{"uv":[1,1.75,1.75,2],"texture":"#main"},"up":{"uv":[1,1.75,0.75,1],"texture":"#main"},"down":{"uv":[1.25,1,1,1.75],"texture":"#main"}}},{"rotation":{"origin":[8,8,8],"angle":-22.5,"axis":"y"},"from":[6.5,0.5,-3],"to":[7.5,1.5,0],"faces":{"east":{"uv":[0,0.75,0.75,1],"texture":"#main"},"south":{"uv":[1.75,0.75,2,1],"texture":"#main"},"north":{"uv":[0.75,0.75,1,1],"texture":"#main"},"west":{"uv":[1,0.75,1.75,1],"texture":"#main"},"up":{"uv":[1,0.75,0.75,0],"texture":"#main"},"down":{"uv":[1.25,0,1,0.75],"texture":"#main"}}}],"display":{"head":{"translation":[0,-33.5,0]}},"credit":"Made with Blockbench"}