{"parent":"physical_parent","textures":{"main":"pokemon/spoink"},"texture_size":[32,32],"elements":[{"rotation":{"origin":[15,12,14],"angle":0,"axis":"y"},"from":[6,4,6],"to":[10,9,10],"faces":{"east":{"uv":[2,2,4,4.5],"texture":"#main"},"south":{"uv":[0,2.5,2,5],"texture":"#main"},"north":{"uv":[0,0,2,2.5],"texture":"#main"},"west":{"uv":[4,4,6,6.5],"texture":"#main"},"up":{"uv":[4,2,2,0],"texture":"#main"},"down":{"uv":[6,0,4,2],"texture":"#main"}}},{"rotation":{"origin":[10.25,6,8],"angle":-45,"axis":"z"},"from":[9.25,5.5,7.5],"to":[11.25,6.5,8.5],"faces":{"east":{"uv":[7,5.5,7.5,6],"texture":"#main"},"south":{"uv":[5,3.5,6,4],"texture":"#main"},"north":{"uv":[4,3.5,5,4],"texture":"#main"},"west":{"uv":[6,7.5,6.5,8],"texture":"#main"},"up":{"uv":[7,6,6,5.5],"texture":"#main"},"down":{"uv":[4.5,6.5,3.5,7],"texture":"#main"}}},{"rotation":{"origin":[5.75,6,8],"angle":-45,"axis":"z"},"from":[5.25,5,7.5],"to":[6.25,7,8.5],"faces":{"east":{"uv":[1,6.5,1.5,7.5],"texture":"#main"},"south":{"uv":[4.5,6.5,5,7.5],"texture":"#main"},"north":{"uv":[1.5,5,2,6],"texture":"#main"},"west":{"uv":[5,6.5,5.5,7.5],"texture":"#main"},"up":{"uv":[7,8,6.5,7.5],"texture":"#main"},"down":{"uv":[7.5,7.5,7,8],"texture":"#main"}}},{"rotation":{"origin":[15,12,13.5],"angle":0,"axis":"y"},"from":[7,6,5.5],"to":[9,7,6.5],"faces":{"east":{"uv":[7.5,7.5,8,8],"texture":"#main"},"south":{"uv":[7,2,8,2.5],"texture":"#main"},"north":{"uv":[3.5,7,4.5,7.5],"texture":"#main"},"west":{"uv":[7.5,0,8,0.5],"texture":"#main"},"up":{"uv":[8,3,7,2.5],"texture":"#main"},"down":{"uv":[8,3,7,3.5],"texture":"#main"}}},{"rotation":{"origin":[9.25,8.75,8.5],"angle":-22.5,"axis":"z"},"from":[8.75,8.25,7.5],"to":[9.75,10.25,8.5],"faces":{"east":{"uv":[7,3.5,7.5,4.5],"texture":"#main"},"south":{"uv":[7,4.5,7.5,5.5],"texture":"#main"},"north":{"uv":[5.5,6.5,6,7.5],"texture":"#main"},"west":{"uv":[1,7.5,1.5,8.5],"texture":"#main"},"up":{"uv":[8,1,7.5,0.5],"texture":"#main"},"down":{"uv":[8,1,7.5,1.5],"texture":"#main"}}},{"rotation":{"origin":[6.75,8.75,8.5],"angle":22.5,"axis":"z"},"from":[6.25,8.25,7.5],"to":[7.25,10.25,8.5],"faces":{"east":{"uv":[2,7.5,2.5,8.5],"texture":"#main"},"south":{"uv":[2.5,7.5,3,8.5],"texture":"#main"},"north":{"uv":[1.5,7.5,2,8.5],"texture":"#main"},"west":{"uv":[3.5,7.5,4,8.5],"texture":"#main"},"up":{"uv":[8,2,7.5,1.5],"texture":"#main"},"down":{"uv":[8,3.5,7.5,4],"texture":"#main"}}},{"rotation":{"origin":[9,10.25,8],"angle":0,"axis":"z"},"from":[6.5,9.25,6.5],"to":[9.5,12.25,9.5],"faces":{"east":{"uv":[2,4.5,3.5,6],"texture":"#main"},"south":{"uv":[0,5,1.5,6.5],"texture":"#main"},"north":{"uv":[4,2,5.5,3.5],"texture":"#main"},"west":{"uv":[5.5,2,7,3.5],"texture":"#main"},"up":{"uv":[3,7.5,1.5,6],"texture":"#main"},"down":{"uv":[7.5,6,6,7.5],"texture":"#main"}}},{"rotation":{"origin":[7.84776,3.23463,8.25],"angle":-22.5,"axis":"z"},"from":[5.84776,3.23463,6.25],"to":[8.84776,3.23463,8.25],"faces":{"east":{"uv":[0,0,1,0],"texture":"#main"},"south":{"uv":[0,0,1.5,0],"texture":"#main"},"north":{"uv":[0,0,1.5,0],"texture":"#main"},"west":{"uv":[0,0,1,0],"texture":"#main"},"up":{"uv":[7.5,1,6,0],"texture":"#main"},"down":{"uv":[7.5,1,6,2],"texture":"#main"}}},{"rotation":{"origin":[7.77202,2.85187,8.25],"angle":0,"axis":"z"},"from":[8.77202,2.85187,6.25],"to":[9.77202,2.85187,10.25],"faces":{"east":{"uv":[0,0,2,0],"texture":"#main"},"south":{"uv":[0,0,0.5,0],"texture":"#main"},"north":{"uv":[0,0,0.5,0],"texture":"#main"},"west":{"uv":[0,0,2,0],"texture":"#main"},"up":{"uv":[4,6.5,3.5,4.5],"texture":"#main"},"down":{"uv":[3.5,6,3,8],"texture":"#main"}}},{"rotation":{"origin":[6.92426,2.08751,11.25],"angle":22.5,"axis":"z"},"from":[6.92426,2.08751,8.25],"to":[8.92426,2.08751,10.25],"faces":{"east":{"uv":[0,0,1,0],"texture":"#main"},"south":{"uv":[0,0,1,0],"texture":"#main"},"north":{"uv":[0,0,1,0],"texture":"#main"},"west":{"uv":[0,0,1,0],"texture":"#main"},"up":{"uv":[7,4.5,6,3.5],"texture":"#main"},"down":{"uv":[7,4.5,6,5.5],"texture":"#main"}}},{"rotation":{"origin":[4.92426,2.08651,8.25],"angle":0,"axis":"z"},"from":[5.92426,2.08651,7.25],"to":[6.92426,2.08651,10.25],"faces":{"east":{"uv":[0,0,1.5,0],"texture":"#main"},"south":{"uv":[0,0,0.5,0],"texture":"#main"},"north":{"uv":[0,0,0.5,0],"texture":"#main"},"west":{"uv":[0,0,1.5,0],"texture":"#main"},"up":{"uv":[0.5,8,0,6.5],"texture":"#main"},"down":{"uv":[1,6.5,0.5,8],"texture":"#main"}}},{"rotation":{"origin":[8.77164,1.32122,9.25],"angle":-22.5,"axis":"z"},"from":[6.77164,1.32122,7.25],"to":[7.77164,1.32122,9.25],"faces":{"east":{"uv":[0,0,1,0],"texture":"#main"},"south":{"uv":[0,0,0.5,0],"texture":"#main"},"north":{"uv":[0,0,0.5,0],"texture":"#main"},"west":{"uv":[0,0,1,0],"texture":"#main"},"up":{"uv":[4.5,8.5,4,7.5],"texture":"#main"},"down":{"uv":[5,7.5,4.5,8.5],"texture":"#main"}}},{"rotation":{"origin":[6.84814,1.70382,8.25],"angle":0,"axis":"z"},"from":[7.84814,1.70382,7.25],"to":[8.84814,1.70382,9.25],"faces":{"east":{"uv":[0,0,1,0],"texture":"#main"},"south":{"uv":[0,0,0.5,0],"texture":"#main"},"north":{"uv":[0,0,0.5,0],"texture":"#main"},"west":{"uv":[0,0,1,0],"texture":"#main"},"up":{"uv":[5.5,8.5,5,7.5],"texture":"#main"},"down":{"uv":[6,7.5,5.5,8.5],"texture":"#main"}}}],"display":{"head":{"translation":[0,-30,0],"scale":[2.13,2.13,2.13]}}}