{"credit":"Made with Blockbench","textures":{"particle":"pokemon/starly","main":"pokemon/starly"},"elements":[{"from":[5,4,4],"to":[14,12,12],"rotation":{"angle":22.5,"axis":"z","origin":[9.5,8,8]},"faces":{"north":{"uv":[8.625,0,7.4375,1.375],"texture":"#main"},"east":{"uv":[5,0,3.75,1.25],"texture":"#main"},"south":{"uv":[7.4375,0,6.1875,1.375],"texture":"#main"},"west":{"uv":[11.1875,0,9.9375,1.375],"texture":"#main"},"up":{"uv":[6.25,0,5,1.25],"texture":"#main"},"down":{"uv":[9.9375,0,8.6875,1.25],"texture":"#main"}}},{"from":[5.31647,4.13109,13.72208],"to":[14.31647,12.13109,13.72208],"rotation":{"angle":22.5,"axis":"y","origin":[9.81647,8.13109,13.72208]},"rotated":[0,22.5,22.5],"faces":{"north":{"uv":[7.125,1.4375,5.75,2.5625],"texture":"#main"},"east":{"uv":[0,0,0,0.5],"texture":"#main"},"south":{"uv":[5.125,1.375,3.75,2.625],"texture":"#main"},"west":{"uv":[0,0,0,0.5],"texture":"#main"},"up":{"uv":[0.5625,0,0,0],"texture":"#main"},"down":{"uv":[0.5625,0,0,0],"texture":"#main"}}},{"from":[4.60936,3.83819,2.12568],"to":[13.60936,11.83819,2.12568],"rotation":{"angle":-22.5,"axis":"y","origin":[9.10936,7.83819,4.12568]},"rotated":[0,-22.5,22.5],"faces":{"north":{"uv":[7.125,1.375,5.8125,2.625],"texture":"#main"},"east":{"uv":[0,0,0,0.5],"texture":"#main"},"south":{"uv":[5.0625,1.375,3.75,2.625],"texture":"#main"},"west":{"uv":[0,0,0,0.5],"texture":"#main"},"up":{"uv":[0.5625,0,0,0],"texture":"#main"},"down":{"uv":[0.5625,0,0,0],"texture":"#main"}}},{"from":[1.62955,4.42178,5],"to":[7.62955,10.42178,11],"rotation":{"angle":-22.5,"axis":"z","origin":[4.37955,6.42178,9]},"faces":{"north":{"uv":[9.1875,1.375,8.25,2.3125],"texture":"#main"},"east":{"uv":[1.5,0,0,1.5],"texture":"#main"},"south":{"uv":[10.125,1.375,9.1875,2.3125],"texture":"#main"},"west":{"uv":[8.25,1.375,7.3125,2.3125],"texture":"#main"},"up":{"uv":[8.25,2.3125,7.3125,3.25],"texture":"#main"},"down":{"uv":[11,1.375,10.0625,2.3125],"texture":"#main"}}},{"from":[-0.07454,5.39804,5],"to":[-0.07454,11.39804,11],"rotation":{"angle":22.5,"axis":"z","origin":[-0.07454,8.39804,8]},"faces":{"north":{"uv":[0,0,0,1.5],"texture":"#main"},"east":{"uv":[9.25,2.375,8.25,3.3125],"texture":"#main"},"south":{"uv":[0,0,0,1.5],"texture":"#main"},"west":{"uv":[9.25,2.375,8.25,3.3125],"texture":"#main"},"up":{"uv":[0,0,0,1.5],"texture":"#main"},"down":{"uv":[0,0,0,1.5],"texture":"#main"}}},{"from":[8.37641,9.91969,3.999],"to":[16.37641,17.91969,11.999],"rotation":{"angle":0,"axis":"y","origin":[3.37641,7.91969,8]},"faces":{"north":{"uv":[1.25,1.25,0,2.5],"texture":"#main"},"east":{"uv":[1.25,0,0,1.25],"texture":"#main"},"south":{"uv":[2.5,0,1.25,1.25],"texture":"#main"},"west":{"uv":[2.5,1.25,1.25,2.5],"texture":"#main"},"up":{"uv":[3.75,1.25,2.5,2.5],"texture":"#main"},"down":{"uv":[3.75,0,2.5,1.25],"texture":"#main"}}},{"from":[8.75509,14.89101,5],"to":[8.75509,20.89101,11],"rotation":{"angle":45,"axis":"z","origin":[6.25509,19.04101,8]},"faces":{"north":{"uv":[0,0,0,0.375],"texture":"#main"},"east":{"uv":[3.6875,2.5625,2.75,3.5],"texture":"#main"},"south":{"uv":[0,0,0,0.375],"texture":"#main"},"west":{"uv":[4.9375,2.5625,4,3.5],"texture":"#main"},"up":{"uv":[0,0,0,0.375],"texture":"#main"},"down":{"uv":[0,0,0,0.375],"texture":"#main"}}},{"from":[6.37641,-0.08031,9],"to":[6.37641,2.91969,12],"rotation":{"angle":0,"axis":"y","origin":[3.37641,7.91969,8]},"faces":{"north":{"uv":[0.75,3.25,0,4],"texture":"#main"},"east":{"uv":[1.1875,3.25,0.75,3.6875],"texture":"#main"},"south":{"uv":[0.75,3.25,0,4],"texture":"#main"},"west":{"uv":[1.125,3.25,0.6875,3.6875],"texture":"#main"},"up":{"uv":[0.75,3.25,0,4],"texture":"#main"},"down":{"uv":[1.625,3.25,1.1875,3.6875],"texture":"#main"}}},{"from":[6.37641,-0.08031,9],"to":[9.37641,-0.08031,12],"rotation":{"angle":0,"axis":"y","origin":[3.37641,7.91969,8]},"faces":{"north":{"uv":[0.75,3.25,0,4],"texture":"#main"},"east":{"uv":[1.1875,3.25,0.75,3.6875],"texture":"#main"},"south":{"uv":[0.75,3.25,0,4],"texture":"#main"},"west":{"uv":[1.125,3.25,0.6875,3.6875],"texture":"#main"},"up":{"uv":[2.125,3.6875,2.5625,3.25],"rotation":270,"texture":"#main"},"down":{"uv":[2.125,3.6875,2.5625,3.25],"rotation":90,"texture":"#main"}}},{"from":[6.37641,-0.08031,4],"to":[9.37641,-0.08031,7],"rotation":{"angle":0,"axis":"y","origin":[3.37641,7.91969,8]},"faces":{"north":{"uv":[0.75,3.25,0,4],"texture":"#main"},"east":{"uv":[2.5625,3.25,2.125,3.6875],"texture":"#main"},"south":{"uv":[0.75,4,0,4.75],"texture":"#main"},"west":{"uv":[2.5625,3.25,2.125,3.6875],"texture":"#main"},"up":{"uv":[2.125,3.6875,2.5625,3.25],"rotation":90,"texture":"#main"},"down":{"uv":[2.125,3.6875,2.5625,3.25],"rotation":270,"texture":"#main"}}},{"from":[6.37641,-0.08031,4],"to":[6.37641,2.91969,7],"rotation":{"angle":0,"axis":"y","origin":[3.37641,7.91969,8]},"faces":{"north":{"uv":[0.75,3.25,0,4],"texture":"#main"},"east":{"uv":[1.1875,3.25,0.75,3.6875],"rotation":180,"texture":"#main"},"south":{"uv":[0.75,3.1875,0,3.9375],"texture":"#main"},"west":{"uv":[1.1875,3.25,0.75,3.6875],"texture":"#main"},"up":{"uv":[0.75,3.25,0,4],"texture":"#main"},"down":{"uv":[1.625,3.25,1.1875,3.6875],"texture":"#main"}}},{"from":[16.31985,10.37849,8],"to":[22.31985,15.37849,8],"rotation":{"angle":0,"axis":"y","origin":[16.06985,12.87849,8]},"faces":{"north":{"uv":[1.5,2.5,0.75,3.125],"texture":"#main"},"east":{"uv":[0,0,0,1.25],"texture":"#main"},"south":{"uv":[0.75,2.5,0,3.125],"texture":"#main"},"west":{"uv":[0,0,0,1.25],"texture":"#main"},"up":{"uv":[1.5,0,0,0],"texture":"#main"},"down":{"uv":[1.5,0,0,0],"texture":"#main"}}}],"display":{"head":{"rotation":[0,90,0],"translation":[0,-38.25,0],"scale":[0.6,0.6,0.6]}}}