{"parent":"physical_parent","textures":{"main":"pokemon/steelix"},"elements":[{"rotation":{"origin":[21,28,-6],"angle":0,"axis":"y"},"from":[3,18,-14],"to":[14,21,0],"faces":{"east":{"uv":[0,0.875,0.875,1.0625],"texture":"#main"},"south":{"uv":[2.4375,0.875,3.125,1.0625],"texture":"#main"},"north":{"uv":[0.875,0.875,1.5625,1.0625],"texture":"#main"},"west":{"uv":[1.5625,0.875,2.4375,1.0625],"texture":"#main"},"up":{"uv":[1.5625,0.875,0.875,0],"texture":"#main"},"down":{"uv":[2.25,0,1.5625,0.875],"texture":"#main"}}},{"rotation":{"origin":[10,28,-6],"angle":0,"axis":"y"},"from":[0,18,-3.99],"to":[17,22,0.01],"faces":{"east":{"uv":[4.625,0.5,4.875,0.75],"texture":"#main"},"south":{"uv":[6.1875,0.5,7.25,0.75],"texture":"#main"},"north":{"uv":[4.875,0.5,5.9375,0.75],"texture":"#main"},"west":{"uv":[5.9375,0.5,6.1875,0.75],"texture":"#main"},"up":{"uv":[5.9375,0.5,4.875,0.25],"texture":"#main"},"down":{"uv":[7,0.25,5.9375,0.5],"texture":"#main"}}},{"rotation":{"origin":[10,27,1],"angle":0,"axis":"y"},"from":[0,17,3.01],"to":[17,21,7.01],"faces":{"east":{"uv":[2.25,0.25,2.5,0.5],"texture":"#main"},"south":{"uv":[3.8125,0.25,4.875,0.5],"texture":"#main"},"north":{"uv":[2.5,0.25,3.5625,0.5],"texture":"#main"},"west":{"uv":[3.5625,0.25,3.8125,0.5],"texture":"#main"},"up":{"uv":[3.5625,0.25,2.5,0],"texture":"#main"},"down":{"uv":[4.625,0,3.5625,0.25],"texture":"#main"}}},{"rotation":{"origin":[10,6,3],"angle":0,"axis":"y"},"from":[0,-4,5.01],"to":[17,0,9.01],"faces":{"east":{"uv":[2,1.5625,2.25,1.8125],"texture":"#main"},"south":{"uv":[3.5625,1.5625,4.625,1.8125],"texture":"#main"},"north":{"uv":[2.25,1.5625,3.3125,1.8125],"texture":"#main"},"west":{"uv":[3.3125,1.5625,3.5625,1.8125],"texture":"#main"},"up":{"uv":[3.3125,1.5625,2.25,1.3125],"texture":"#main"},"down":{"uv":[4.375,1.3125,3.3125,1.5625],"texture":"#main"}}},{"rotation":{"origin":[10,26,0],"angle":0,"axis":"y"},"from":[4,15,1.01],"to":[13,24,10.01],"faces":{"east":{"uv":[4.8125,1.3125,5.375,1.875],"texture":"#main"},"south":{"uv":[6.5,1.3125,7.0625,1.875],"texture":"#main"},"north":{"uv":[5.375,1.3125,5.9375,1.875],"texture":"#main"},"west":{"uv":[5.9375,1.3125,6.5,1.875],"texture":"#main"},"up":{"uv":[5.9375,1.3125,5.375,0.75],"texture":"#main"},"down":{"uv":[6.5,0.75,5.9375,1.3125],"texture":"#main"}}},{"rotation":{"origin":[10,15,4],"angle":0,"axis":"y"},"from":[4,4,5.01],"to":[13,13,14.01],"faces":{"east":{"uv":[4.125,3.125,4.6875,3.6875],"texture":"#main"},"south":{"uv":[5.8125,3.125,6.375,3.6875],"texture":"#main"},"north":{"uv":[4.6875,3.125,5.25,3.6875],"texture":"#main"},"west":{"uv":[5.25,3.125,5.8125,3.6875],"texture":"#main"},"up":{"uv":[5.25,3.125,4.6875,2.5625],"texture":"#main"},"down":{"uv":[5.8125,2.5625,5.25,3.125],"texture":"#main"}}},{"rotation":{"origin":[10,4,1],"angle":0,"axis":"y"},"from":[4,-7,2.01],"to":[13,2,11.01],"faces":{"east":{"uv":[0,4.4375,0.5625,5],"texture":"#main"},"south":{"uv":[1.6875,4.4375,2.25,5],"texture":"#main"},"north":{"uv":[0.5625,4.4375,1.125,5],"texture":"#main"},"west":{"uv":[1.125,4.4375,1.6875,5],"texture":"#main"},"up":{"uv":[1.125,4.4375,0.5625,3.875],"texture":"#main"},"down":{"uv":[1.6875,3.875,1.125,4.4375],"texture":"#main"}}},{"rotation":{"origin":[10,-4,7],"angle":0,"axis":"y"},"from":[5,-14,8.01],"to":[12,-7,15.01],"faces":{"east":{"uv":[6.75,1.875,7.1875,2.3125],"texture":"#main"},"south":{"uv":[8.0625,1.875,8.5,2.3125],"texture":"#main"},"north":{"uv":[7.1875,1.875,7.625,2.3125],"texture":"#main"},"west":{"uv":[7.625,1.875,8.0625,2.3125],"texture":"#main"},"up":{"uv":[7.625,1.875,7.1875,1.4375],"texture":"#main"},"down":{"uv":[8.0625,1.4375,7.625,1.875],"texture":"#main"}}},{"rotation":{"origin":[10,-2,16],"angle":0,"axis":"y"},"from":[5,-12,17.01],"to":[12,-5,24.01],"faces":{"east":{"uv":[5.3125,6.9375,5.75,7.375],"texture":"#main"},"south":{"uv":[6.625,6.9375,7.0625,7.375],"texture":"#main"},"north":{"uv":[5.75,6.9375,6.1875,7.375],"texture":"#main"},"west":{"uv":[6.1875,6.9375,6.625,7.375],"texture":"#main"},"up":{"uv":[6.1875,6.9375,5.75,6.5],"texture":"#main"},"down":{"uv":[6.625,6.5,6.1875,6.9375],"texture":"#main"}}},{"rotation":{"origin":[10,7,17],"angle":0,"axis":"y"},"from":[6,-3,20.01],"to":[11,2,25.01],"faces":{"east":{"uv":[7,5.625,7.3125,5.9375],"texture":"#main"},"south":{"uv":[7.9375,5.625,8.25,5.9375],"texture":"#main"},"north":{"uv":[7.3125,5.625,7.625,5.9375],"texture":"#main"},"west":{"uv":[7.625,5.625,7.9375,5.9375],"texture":"#main"},"up":{"uv":[7.625,5.625,7.3125,5.3125],"texture":"#main"},"down":{"uv":[7.9375,5.3125,7.625,5.625],"texture":"#main"}}},{"rotation":{"origin":[10,26,0],"angle":0,"axis":"y"},"from":[3,16,2.01],"to":[14,23,9.01],"faces":{"east":{"uv":[5.1875,6.0625,5.625,6.5],"texture":"#main"},"south":{"uv":[6.75,6.0625,7.4375,6.5],"texture":"#main"},"north":{"uv":[5.625,6.0625,6.3125,6.5],"texture":"#main"},"west":{"uv":[6.3125,6.0625,6.75,6.5],"texture":"#main"},"up":{"uv":[6.3125,6.0625,5.625,5.625],"texture":"#main"},"down":{"uv":[7,5.625,6.3125,6.0625],"texture":"#main"}}},{"rotation":{"origin":[10,15,4],"angle":0,"axis":"y"},"from":[3,5,6.01],"to":[14,12,13.01],"faces":{"east":{"uv":[0,5.875,0.4375,6.3125],"texture":"#main"},"south":{"uv":[1.5625,5.875,2.25,6.3125],"texture":"#main"},"north":{"uv":[0.4375,5.875,1.125,6.3125],"texture":"#main"},"west":{"uv":[1.125,5.875,1.5625,6.3125],"texture":"#main"},"up":{"uv":[1.125,5.875,0.4375,5.4375],"texture":"#main"},"down":{"uv":[1.8125,5.4375,1.125,5.875],"texture":"#main"}}},{"rotation":{"origin":[10,4,1],"angle":0,"axis":"y"},"from":[3,-6,3.01],"to":[14,1,10.01],"faces":{"east":{"uv":[3.375,5.625,3.8125,6.0625],"texture":"#main"},"south":{"uv":[4.9375,5.625,5.625,6.0625],"texture":"#main"},"north":{"uv":[3.8125,5.625,4.5,6.0625],"texture":"#main"},"west":{"uv":[4.5,5.625,4.9375,6.0625],"texture":"#main"},"up":{"uv":[4.5,5.625,3.8125,5.1875],"texture":"#main"},"down":{"uv":[5.1875,5.1875,4.5,5.625],"texture":"#main"}}},{"rotation":{"origin":[10,-4,7],"angle":0,"axis":"y"},"from":[4,-13,9.01],"to":[13,-8,14.01],"faces":{"east":{"uv":[1.4375,7.3125,1.75,7.625],"texture":"#main"},"south":{"uv":[2.625,7.3125,3.1875,7.625],"texture":"#main"},"north":{"uv":[1.75,7.3125,2.3125,7.625],"texture":"#main"},"west":{"uv":[2.3125,7.3125,2.625,7.625],"texture":"#main"},"up":{"uv":[2.3125,7.3125,1.75,7],"texture":"#main"},"down":{"uv":[2.875,7,2.3125,7.3125],"texture":"#main"}}},{"rotation":{"origin":[10,-2,16],"angle":0,"axis":"y"},"from":[4,-11,18.01],"to":[13,-6,23.01],"faces":{"east":{"uv":[6.4375,4.6875,6.75,5],"texture":"#main"},"south":{"uv":[7.625,4.6875,8.1875,5],"texture":"#main"},"north":{"uv":[6.75,4.6875,7.3125,5],"texture":"#main"},"west":{"uv":[7.3125,4.6875,7.625,5],"texture":"#main"},"up":{"uv":[7.3125,4.6875,6.75,4.375],"texture":"#main"},"down":{"uv":[7.875,4.375,7.3125,4.6875],"texture":"#main"}}},{"rotation":{"origin":[10,7,17],"angle":0,"axis":"y"},"from":[5,-2,21.01],"to":[12,1,24.01],"faces":{"east":{"uv":[3.4375,0.8125,3.625,1],"texture":"#main"},"south":{"uv":[4.25,0.8125,4.6875,1],"texture":"#main"},"north":{"uv":[3.625,0.8125,4.0625,1],"texture":"#main"},"west":{"uv":[4.0625,0.8125,4.25,1],"texture":"#main"},"up":{"uv":[4.0625,0.8125,3.625,0.625],"texture":"#main"},"down":{"uv":[4.5,0.625,4.0625,0.8125],"texture":"#main"}}},{"rotation":{"origin":[10,26,0],"angle":0,"axis":"y"},"from":[5,16,0.01],"to":[12,23,11.01],"faces":{"east":{"uv":[1.5625,5,2.25,5.4375],"texture":"#main"},"south":{"uv":[3.375,5,3.8125,5.4375],"texture":"#main"},"north":{"uv":[2.25,5,2.6875,5.4375],"texture":"#main"},"west":{"uv":[2.6875,5,3.375,5.4375],"texture":"#main"},"up":{"uv":[2.6875,5,2.25,4.3125],"texture":"#main"},"down":{"uv":[3.125,4.3125,2.6875,5],"texture":"#main"}}},{"rotation":{"origin":[10,15,4],"angle":0,"axis":"y"},"from":[5,5,4.01],"to":[12,12,15.01],"faces":{"east":{"uv":[4.0625,4.75,4.75,5.1875],"texture":"#main"},"south":{"uv":[5.875,4.75,6.3125,5.1875],"texture":"#main"},"north":{"uv":[4.75,4.75,5.1875,5.1875],"texture":"#main"},"west":{"uv":[5.1875,4.75,5.875,5.1875],"texture":"#main"},"up":{"uv":[5.1875,4.75,4.75,4.0625],"texture":"#main"},"down":{"uv":[5.625,4.0625,5.1875,4.75],"texture":"#main"}}},{"rotation":{"origin":[10,4,1],"angle":0,"axis":"y"},"from":[5,-6,1.01],"to":[12,1,12.01],"faces":{"east":{"uv":[2.5,3.8125,3.1875,4.25],"texture":"#main"},"south":{"uv":[4.3125,3.8125,4.75,4.25],"texture":"#main"},"north":{"uv":[3.1875,3.8125,3.625,4.25],"texture":"#main"},"west":{"uv":[3.625,3.8125,4.3125,4.25],"texture":"#main"},"up":{"uv":[3.625,3.8125,3.1875,3.125],"texture":"#main"},"down":{"uv":[4.0625,3.125,3.625,3.8125],"texture":"#main"}}},{"rotation":{"origin":[10,-4,7],"angle":0,"axis":"y"},"from":[6,-13,7.01],"to":[11,-8,16.01],"faces":{"east":{"uv":[6.6875,0.75,7.25,1.0625],"texture":"#main"},"south":{"uv":[8.125,0.75,8.4375,1.0625],"texture":"#main"},"north":{"uv":[7.25,0.75,7.5625,1.0625],"texture":"#main"},"west":{"uv":[7.5625,0.75,8.125,1.0625],"texture":"#main"},"up":{"uv":[7.5625,0.75,7.25,0.1875],"texture":"#main"},"down":{"uv":[7.875,0.1875,7.5625,0.75],"texture":"#main"}}},{"rotation":{"origin":[10,-2,16],"angle":0,"axis":"y"},"from":[6,-11,16.01],"to":[11,-6,25.01],"faces":{"east":{"uv":[0,6.875,0.5625,7.1875],"texture":"#main"},"south":{"uv":[1.4375,6.875,1.75,7.1875],"texture":"#main"},"north":{"uv":[0.5625,6.875,0.875,7.1875],"texture":"#main"},"west":{"uv":[0.875,6.875,1.4375,7.1875],"texture":"#main"},"up":{"uv":[0.875,6.875,0.5625,6.3125],"texture":"#main"},"down":{"uv":[1.1875,6.3125,0.875,6.875],"texture":"#main"}}},{"rotation":{"origin":[10,7,17],"angle":0,"axis":"y"},"from":[7,-2,19.01],"to":[10,1,26.01],"faces":{"east":{"uv":[1.6875,3.5625,2.125,3.75],"texture":"#main"},"south":{"uv":[2.75,3.5625,2.9375,3.75],"texture":"#main"},"north":{"uv":[2.125,3.5625,2.3125,3.75],"texture":"#main"},"west":{"uv":[2.3125,3.5625,2.75,3.75],"texture":"#main"},"up":{"uv":[2.3125,3.5625,2.125,3.125],"texture":"#main"},"down":{"uv":[2.5,3.125,2.3125,3.5625],"texture":"#main"}}},{"rotation":{"origin":[10,26,0],"angle":0,"axis":"y"},"from":[5,14,2.01],"to":[12,25,9.01],"faces":{"east":{"uv":[3.5625,6.5,4,7.1875],"texture":"#main"},"south":{"uv":[4.875,6.5,5.3125,7.1875],"texture":"#main"},"north":{"uv":[4,6.5,4.4375,7.1875],"texture":"#main"},"west":{"uv":[4.4375,6.5,4.875,7.1875],"texture":"#main"},"up":{"uv":[4.4375,6.5,4,6.0625],"texture":"#main"},"down":{"uv":[4.875,6.0625,4.4375,6.5],"texture":"#main"}}},{"rotation":{"origin":[10,15,4],"angle":0,"axis":"y"},"from":[5,3,6.01],"to":[12,14,13.01],"faces":{"east":{"uv":[5.9375,3.6875,6.375,4.375],"texture":"#main"},"south":{"uv":[7.25,3.6875,7.6875,4.375],"texture":"#main"},"north":{"uv":[6.375,3.6875,6.8125,4.375],"texture":"#main"},"west":{"uv":[6.8125,3.6875,7.25,4.375],"texture":"#main"},"up":{"uv":[6.8125,3.6875,6.375,3.25],"texture":"#main"},"down":{"uv":[7.25,3.25,6.8125,3.6875],"texture":"#main"}}},{"rotation":{"origin":[10,4,1],"angle":0,"axis":"y"},"from":[5,-8,3.01],"to":[12,3,10.01],"faces":{"east":{"uv":[1.8125,6.3125,2.25,7],"texture":"#main"},"south":{"uv":[3.125,6.3125,3.5625,7],"texture":"#main"},"north":{"uv":[2.25,6.3125,2.6875,7],"texture":"#main"},"west":{"uv":[2.6875,6.3125,3.125,7],"texture":"#main"},"up":{"uv":[2.6875,6.3125,2.25,5.875],"texture":"#main"},"down":{"uv":[3.125,5.875,2.6875,6.3125],"texture":"#main"}}},{"rotation":{"origin":[10,-4,7],"angle":0,"axis":"y"},"from":[6,-15,9.01],"to":[11,-6,14.01],"faces":{"east":{"uv":[3.1875,7.5,3.5,8.0625],"texture":"#main"},"south":{"uv":[4.125,7.5,4.4375,8.0625],"texture":"#main"},"north":{"uv":[3.5,7.5,3.8125,8.0625],"texture":"#main"},"west":{"uv":[3.8125,7.5,4.125,8.0625],"texture":"#main"},"up":{"uv":[3.8125,7.5,3.5,7.1875],"texture":"#main"},"down":{"uv":[4.125,7.1875,3.8125,7.5],"texture":"#main"}}},{"rotation":{"origin":[10,-2,16],"angle":0,"axis":"y"},"from":[6,-13,18.01],"to":[11,-4,23.01],"faces":{"east":{"uv":[0,7.5,0.3125,8.0625],"texture":"#main"},"south":{"uv":[0.9375,7.5,1.25,8.0625],"texture":"#main"},"north":{"uv":[0.3125,7.5,0.625,8.0625],"texture":"#main"},"west":{"uv":[0.625,7.5,0.9375,8.0625],"texture":"#main"},"up":{"uv":[0.625,7.5,0.3125,7.1875],"texture":"#main"},"down":{"uv":[0.9375,7.1875,0.625,7.5],"texture":"#main"}}},{"rotation":{"origin":[10,7,17],"angle":0,"axis":"y"},"from":[7,-4,21.01],"to":[10,3,24.01],"faces":{"east":{"uv":[0,0.1875,0.1875,0.625],"texture":"#main"},"south":{"uv":[0.5625,0.1875,0.75,0.625],"texture":"#main"},"north":{"uv":[0.1875,0.1875,0.375,0.625],"texture":"#main"},"west":{"uv":[0.375,0.1875,0.5625,0.625],"texture":"#main"},"up":{"uv":[0.375,0.1875,0.1875,0],"texture":"#main"},"down":{"uv":[0.5625,0,0.375,0.1875],"texture":"#main"}}},{"rotation":{"origin":[10,11,25],"angle":45,"axis":"x"},"from":[8,0,29.01],"to":[10,11,31.01],"faces":{"east":{"uv":[0,1.1875,0.125,1.875],"texture":"#main"},"south":{"uv":[0.375,1.1875,0.5,1.875],"texture":"#main"},"north":{"uv":[0.125,1.1875,0.25,1.875],"texture":"#main"},"west":{"uv":[0.25,1.1875,0.375,1.875],"texture":"#main"},"up":{"uv":[0.25,1.1875,0.125,1.0625],"texture":"#main"},"down":{"uv":[0.375,1.0625,0.25,1.1875],"texture":"#main"}}},{"rotation":{"origin":[10,11,25],"angle":45,"axis":"x"},"from":[7,5,28.01],"to":[11,7,32],"faces":{"east":{"uv":[3.6875,4.4375,3.875,4.5625],"texture":"#main"},"south":{"uv":[4.3125,4.4375,4.5625,4.5625],"texture":"#main"},"north":{"uv":[3.875,4.4375,4.125,4.5625],"texture":"#main"},"west":{"uv":[4.125,4.4375,4.3125,4.5625],"texture":"#main"},"up":{"uv":[4.125,4.4375,3.875,4.25],"texture":"#main"},"down":{"uv":[4.375,4.25,4.125,4.4375],"texture":"#main"}}},{"rotation":{"origin":[10,28,-6],"angle":0,"axis":"y"},"from":[-1,19,-2.99],"to":[18,21,-0.99],"faces":{"east":{"uv":[4.625,0.125,4.75,0.25],"texture":"#main"},"south":{"uv":[6.0625,0.125,7.25,0.25],"texture":"#main"},"north":{"uv":[4.75,0.125,5.9375,0.25],"texture":"#main"},"west":{"uv":[5.9375,0.125,6.0625,0.25],"texture":"#main"},"up":{"uv":[5.9375,0.125,4.75,0],"texture":"#main"},"down":{"uv":[7.125,0,5.9375,0.125],"texture":"#main"}}},{"rotation":{"origin":[10,27,1],"angle":0,"axis":"y"},"from":[-4,18,4.01],"to":[21,20,6.01],"faces":{"east":{"uv":[2,1.1875,2.125,1.3125],"texture":"#main"},"south":{"uv":[3.8125,1.1875,5.375,1.3125],"texture":"#main"},"north":{"uv":[2.125,1.1875,3.6875,1.3125],"texture":"#main"},"west":{"uv":[3.6875,1.1875,3.8125,1.3125],"texture":"#main"},"up":{"uv":[3.6875,1.1875,2.125,1.0625],"texture":"#main"},"down":{"uv":[5.25,1.0625,3.6875,1.1875],"texture":"#main"}}},{"rotation":{"origin":[10,6,3],"angle":0,"axis":"y"},"from":[-4,-3,6.01],"to":[21,-1,8.01],"faces":{"east":{"uv":[1.9375,2.125,2.0625,2.25],"texture":"#main"},"south":{"uv":[3.75,2.125,5.3125,2.25],"texture":"#main"},"north":{"uv":[2.0625,2.125,3.625,2.25],"texture":"#main"},"west":{"uv":[3.625,2.125,3.75,2.25],"texture":"#main"},"up":{"uv":[3.625,2.125,2.0625,2],"texture":"#main"},"down":{"uv":[5.1875,2,3.625,2.125],"texture":"#main"}}},{"rotation":{"origin":[10,-1,16],"angle":0,"axis":"y"},"from":[-1,-10,19.01],"to":[18,-8,21.01],"faces":{"east":{"uv":[3.875,2.375,4,2.5],"texture":"#main"},"south":{"uv":[5.3125,2.375,6.5,2.5],"texture":"#main"},"north":{"uv":[4,2.375,5.1875,2.5],"texture":"#main"},"west":{"uv":[5.1875,2.375,5.3125,2.5],"texture":"#main"},"up":{"uv":[5.1875,2.375,4,2.25],"texture":"#main"},"down":{"uv":[6.375,2.25,5.1875,2.375],"texture":"#main"}}},{"rotation":{"origin":[21,31,-6],"angle":0,"axis":"y"},"from":[4,21,-13],"to":[13,23,0],"faces":{"east":{"uv":[0,2.8125,0.8125,2.9375],"texture":"#main"},"south":{"uv":[2.1875,2.8125,2.75,2.9375],"texture":"#main"},"north":{"uv":[0.8125,2.8125,1.375,2.9375],"texture":"#main"},"west":{"uv":[1.375,2.8125,2.1875,2.9375],"texture":"#main"},"up":{"uv":[1.375,2.8125,0.8125,2],"texture":"#main"},"down":{"uv":[1.9375,2,1.375,2.8125],"texture":"#main"}}},{"rotation":{"origin":[21,33,-6],"angle":0,"axis":"y"},"from":[4,23,-14],"to":[13,24,0],"faces":{"east":{"uv":[0,1.9375,0.875,2],"texture":"#main"},"south":{"uv":[2.3125,1.9375,2.875,2],"texture":"#main"},"north":{"uv":[0.875,1.9375,1.4375,2],"texture":"#main"},"west":{"uv":[1.4375,1.9375,2.3125,2],"texture":"#main"},"up":{"uv":[1.4375,1.9375,0.875,1.0625],"texture":"#main"},"down":{"uv":[2,1.0625,1.4375,1.9375],"texture":"#main"}}},{"rotation":{"origin":[21,34,-6],"angle":0,"axis":"y"},"from":[5,24,-13],"to":[12,26,0],"faces":{"east":{"uv":[0,3.75,0.8125,3.875],"texture":"#main"},"south":{"uv":[2.0625,3.75,2.5,3.875],"texture":"#main"},"north":{"uv":[0.8125,3.75,1.25,3.875],"texture":"#main"},"west":{"uv":[1.25,3.75,2.0625,3.875],"texture":"#main"},"up":{"uv":[1.25,3.75,0.8125,2.9375],"texture":"#main"},"down":{"uv":[1.6875,2.9375,1.25,3.75],"texture":"#main"}}},{"rotation":{"origin":[21,36,-6],"angle":0,"axis":"y"},"from":[5,26,-5],"to":[7,28,0],"faces":{"east":{"uv":[0,5.3125,0.3125,5.4375],"texture":"#main"},"south":{"uv":[0.75,5.3125,0.875,5.4375],"texture":"#main"},"north":{"uv":[0.3125,5.3125,0.4375,5.4375],"texture":"#main"},"west":{"uv":[0.4375,5.3125,0.75,5.4375],"texture":"#main"},"up":{"uv":[0.4375,5.3125,0.3125,5],"texture":"#main"},"down":{"uv":[0.5625,5,0.4375,5.3125],"texture":"#main"}}},{"rotation":{"origin":[21,36,-13],"angle":0,"axis":"y"},"from":[5,26,-11],"to":[7,27,-7],"faces":{"east":{"uv":[0,2.25,0.25,2.3125],"texture":"#main"},"south":{"uv":[0.625,2.25,0.75,2.3125],"texture":"#main"},"north":{"uv":[0.25,2.25,0.375,2.3125],"texture":"#main"},"west":{"uv":[0.375,2.25,0.625,2.3125],"texture":"#main"},"up":{"uv":[0.375,2.25,0.25,2],"texture":"#main"},"down":{"uv":[0.5,2,0.375,2.25],"texture":"#main"}}},{"rotation":{"origin":[26,36,-6],"angle":0,"axis":"y"},"from":[10,26,-5],"to":[12,28,0],"faces":{"east":{"uv":[3.125,4.5625,3.4375,4.6875],"texture":"#main"},"south":{"uv":[3.875,4.5625,4,4.6875],"texture":"#main"},"north":{"uv":[3.4375,4.5625,3.5625,4.6875],"texture":"#main"},"west":{"uv":[3.5625,4.5625,3.875,4.6875],"texture":"#main"},"up":{"uv":[3.5625,4.5625,3.4375,4.25],"texture":"#main"},"down":{"uv":[3.6875,4.25,3.5625,4.5625],"texture":"#main"}}},{"rotation":{"origin":[26,36,-13],"angle":0,"axis":"y"},"from":[10,26,-11],"to":[12,27,-7],"faces":{"east":{"uv":[1.9375,2.5,2.1875,2.5625],"texture":"#main"},"south":{"uv":[2.5625,2.5,2.6875,2.5625],"texture":"#main"},"north":{"uv":[2.1875,2.5,2.3125,2.5625],"texture":"#main"},"west":{"uv":[2.3125,2.5,2.5625,2.5625],"texture":"#main"},"up":{"uv":[2.3125,2.5,2.1875,2.25],"texture":"#main"},"down":{"uv":[2.4375,2.25,2.3125,2.5],"texture":"#main"}}},{"rotation":{"origin":[21,28,-6],"angle":0,"axis":"y"},"from":[4.01,17,-13],"to":[13.01,18,0],"faces":{"east":{"uv":[1.9375,3.0625,2.75,3.125],"texture":"#main"},"south":{"uv":[4.125,3.0625,4.6875,3.125],"texture":"#main"},"north":{"uv":[2.75,3.0625,3.3125,3.125],"texture":"#main"},"west":{"uv":[3.3125,3.0625,4.125,3.125],"texture":"#main"},"up":{"uv":[3.3125,3.0625,2.75,2.25],"texture":"#main"},"down":{"uv":[3.875,2.25,3.3125,3.0625],"texture":"#main"}}},{"rotation":{"origin":[21,27,-6],"angle":0,"axis":"y"},"from":[4,14,-13],"to":[4,21,0],"faces":{"east":{"uv":[5.5,5.1875,6.3125,5.625],"texture":"#main"},"south":{"uv":[7.5,2.6875,7.5625,3.125],"texture":"#main"},"north":{"uv":[6.625,2.6875,6.6875,3.125],"texture":"#main"},"west":{"uv":[6.6875,2.6875,7.5,3.125],"texture":"#main"},"up":{"uv":[6.6875,2.6875,6.625,1.875],"texture":"#main"},"down":{"uv":[6.75,1.875,6.6875,2.6875],"texture":"#main"}}},{"rotation":{"origin":[30,27,-6],"angle":0,"axis":"y"},"from":[13,14,-13],"to":[13,21,0],"faces":{"east":{"uv":[5.5,5.1875,6.3125,5.625],"texture":"#main"},"south":{"uv":[7.1875,5.1875,7.25,5.625],"texture":"#main"},"north":{"uv":[6.3125,5.1875,6.375,5.625],"texture":"#main"},"west":{"uv":[6.6875,2.6875,7.5,3.125],"texture":"#main"},"up":{"uv":[6.375,5.1875,6.3125,4.375],"texture":"#main"},"down":{"uv":[6.4375,4.375,6.375,5.1875],"texture":"#main"}}},{"rotation":{"origin":[31,34,-6],"angle":0,"axis":"y"},"from":[14,21,-13],"to":[14,23,0],"faces":{"east":{"uv":[6.75,3.125,7.5625,3.25],"texture":"#main"},"south":{"uv":[8.4375,3.125,8.5,3.25],"texture":"#main"},"north":{"uv":[7.5625,3.125,7.625,3.25],"texture":"#main"},"up":{"uv":[7.625,3.125,7.5625,2.3125],"texture":"#main"},"down":{"uv":[7.6875,2.3125,7.625,3.125],"texture":"#main"}}},{"rotation":{"origin":[20,34,-6],"angle":0,"axis":"y"},"from":[3,21,-13],"to":[3,23,0],"faces":{"south":{"uv":[7.9375,7.375,8,7.5],"texture":"#main"},"north":{"uv":[7.0625,7.375,7.125,7.5],"texture":"#main"},"west":{"uv":[7.125,7.375,7.9375,7.5],"texture":"#main"},"up":{"uv":[7.125,7.375,7.0625,6.5625],"texture":"#main"},"down":{"uv":[7.1875,6.5625,7.125,7.375],"texture":"#main"}}},{"rotation":{"origin":[21,28,-6],"angle":0,"axis":"y"},"from":[4,18,-16],"to":[13,21,-14],"faces":{"east":{"uv":[2.25,0.625,2.375,0.8125],"texture":"#main"},"south":{"uv":[3.0625,0.625,3.625,0.8125],"texture":"#main"},"north":{"uv":[2.375,0.625,2.9375,0.8125],"texture":"#main"},"west":{"uv":[2.9375,0.625,3.0625,0.8125],"texture":"#main"},"up":{"uv":[2.9375,0.625,2.375,0.5],"texture":"#main"},"down":{"uv":[3.5,0.5,2.9375,0.625],"texture":"#main"}}},{"rotation":{"origin":[21,31,-6],"angle":0,"axis":"y"},"from":[4,21,-15],"to":[13,23,-15],"faces":{"east":{"uv":[2.875,1.875,2.9375,2],"texture":"#main"},"north":{"uv":[2.9375,1.875,3.5,2],"texture":"#main"},"west":{"uv":[3.5,1.875,3.5625,2],"texture":"#main"},"up":{"uv":[3.5,1.875,2.9375,1.8125],"texture":"#main"},"down":{"uv":[4.0625,1.8125,3.5,1.875],"texture":"#main"}}}],"display":{"head":{"translation":[0,14,0],"scale":[2.47461,2.47461,2.47461]}},"credit":"Made with Blockbench"}