{"credit":"Made with Blockbench","texture_size":[64,64],"textures":{"main":"pokemon/steelix-mega","particle":"pokemon/steelix-mega"},"elements":[{"from":[3.5,21.5,-4],"to":[12.5,23.5,5],"rotation":{"angle":0,"axis":"x","origin":[8,8.5,3.5]},"faces":{"north":{"uv":[11,4.75,13.25,5.25],"texture":"#main"},"east":{"uv":[11.5,9.5,13.75,10],"texture":"#main"},"south":{"uv":[11.25,11.75,13.5,12.25],"texture":"#main"},"west":{"uv":[12,1.5,14.25,2],"texture":"#main"},"up":{"uv":[7.25,8.75,5,6.5],"texture":"#main"},"down":{"uv":[9.5,6.5,7.25,8.75],"texture":"#main"}}},{"from":[4.5,23.17388,-3.38268],"to":[11.5,25.17388,4.61732],"rotation":{"angle":0,"axis":"x","origin":[8,24.17388,0.61732]},"faces":{"north":{"uv":[12,3,13.75,3.5],"texture":"#main"},"east":{"uv":[12,2,14,2.5],"texture":"#main"},"south":{"uv":[12,11,13.75,11.5],"texture":"#main"},"west":{"uv":[12,2.5,14,3],"texture":"#main"},"up":{"uv":[10,2,8.25,0],"texture":"#main"},"down":{"uv":[10,2,8.25,4],"texture":"#main"}}},{"from":[4.25,23.17388,-3.63268],"to":[7.25,24.17388,3.36732],"rotation":{"angle":-22.5,"axis":"z","origin":[8,24.17388,1.36732]},"faces":{"north":{"uv":[8.75,10.25,9.5,10.5],"texture":"#main"},"east":{"uv":[13,10.75,14.75,11],"texture":"#main"},"south":{"uv":[11.25,3.5,12,3.75],"texture":"#main"},"west":{"uv":[4.5,13.25,6.25,13.5],"texture":"#main"},"up":{"uv":[12,11.75,11.25,10],"texture":"#main"},"down":{"uv":[3.75,11.5,3,13.25],"texture":"#main"}}},{"from":[4,22,-2.75],"to":[6.5,25,5.25],"rotation":{"angle":-22.5,"axis":"x","origin":[8,23,1]},"faces":{"north":{"uv":[2.25,13,3,13.75],"texture":"#main"},"east":{"uv":[10.75,6.5,12.75,7.25],"texture":"#main"},"south":{"uv":[8,13,8.75,13.75],"texture":"#main"},"west":{"uv":[10.75,7.25,12.75,8],"texture":"#main"},"up":{"uv":[11.5,10,10.75,8],"texture":"#main"},"down":{"uv":[0.75,11,0,13],"texture":"#main"}}},{"from":[2.43538,22,-2.62047],"to":[6.43538,23,5.37953],"rotation":{"angle":-22.5,"axis":"y","origin":[6.93538,22.5,1.87953]},"faces":{"north":{"uv":[9.75,5.25,10.75,5.5],"texture":"#main"},"east":{"uv":[12,11.5,14,11.75],"texture":"#main"},"south":{"uv":[10,3.75,11,4],"texture":"#main"},"west":{"uv":[12.75,7.75,14.75,8],"texture":"#main"},"up":{"uv":[4,11.5,3,9.5],"texture":"#main"},"down":{"uv":[5,9.5,4,11.5],"texture":"#main"}}},{"from":[0.54256,22.5,-5.14315],"to":[6.54256,22.5,-1.14315],"rotation":{"angle":45,"axis":"y","origin":[3.54256,22.5,-3.14315]},"faces":{"north":{"uv":[0,0,1.5,0],"texture":"#main"},"east":{"uv":[0,0,1,0],"texture":"#main"},"south":{"uv":[0,0,1.5,0],"texture":"#main"},"west":{"uv":[0,0,1,0],"texture":"#main"},"up":{"uv":[2.25,12,0.75,11],"texture":"#main"},"down":{"uv":[12.5,3.75,11,4.75],"texture":"#main"}}},{"from":[8.75,23.17388,-3.63268],"to":[11.75,24.17388,3.36732],"rotation":{"angle":22.5,"axis":"z","origin":[8,24.17388,1.36732]},"faces":{"north":{"uv":[9.5,10.25,8.75,10.5],"texture":"#main"},"east":{"uv":[6.25,13.25,4.5,13.5],"texture":"#main"},"south":{"uv":[12,3.5,11.25,3.75],"texture":"#main"},"west":{"uv":[14.75,10.75,13,11],"texture":"#main"},"up":{"uv":[11.25,11.75,12,10],"texture":"#main"},"down":{"uv":[3,11.5,3.75,13.25],"texture":"#main"}}},{"from":[9.5,22,-2.75],"to":[12,25,5.25],"rotation":{"angle":-22.5,"axis":"x","origin":[8,23,1]},"faces":{"north":{"uv":[3,13,2.25,13.75],"texture":"#main"},"east":{"uv":[12.75,7.25,10.75,8],"texture":"#main"},"south":{"uv":[8.75,13,8,13.75],"texture":"#main"},"west":{"uv":[12.75,6.5,10.75,7.25],"texture":"#main"},"up":{"uv":[10.75,10,11.5,8],"texture":"#main"},"down":{"uv":[0,11,0.75,13],"texture":"#main"}}},{"from":[9.56462,22,-2.62047],"to":[13.56462,23,5.37953],"rotation":{"angle":22.5,"axis":"y","origin":[9.06462,22.5,1.87953]},"faces":{"north":{"uv":[10.75,5.25,9.75,5.5],"texture":"#main"},"east":{"uv":[14.75,7.75,12.75,8],"texture":"#main"},"south":{"uv":[11,3.75,10,4],"texture":"#main"},"west":{"uv":[14,11.5,12,11.75],"texture":"#main"},"up":{"uv":[3,11.5,4,9.5],"texture":"#main"},"down":{"uv":[4,9.5,5,11.5],"texture":"#main"}}},{"from":[9.45744,22.5,-5.14315],"to":[15.45744,22.5,-1.14315],"rotation":{"angle":-45,"axis":"y","origin":[12.45744,22.5,-3.14315]},"faces":{"north":{"uv":[1.5,0,0,0],"texture":"#main"},"east":{"uv":[1,0,0,0],"texture":"#main"},"south":{"uv":[1.5,0,0,0],"texture":"#main"},"west":{"uv":[1,0,0,0],"texture":"#main"},"up":{"uv":[0.75,12,2.25,11],"texture":"#main"},"down":{"uv":[11,3.75,12.5,4.75],"texture":"#main"}}},{"from":[5,11,4],"to":[11,17,10],"rotation":{"angle":0,"axis":"x","origin":[2,10,8]},"faces":{"north":{"uv":[8.25,4,9.75,5.5],"texture":"#main"},"east":{"uv":[5,8.75,6.5,10.25],"texture":"#main"},"south":{"uv":[6.5,8.75,8,10.25],"texture":"#main"},"west":{"uv":[8,8.75,9.5,10.25],"texture":"#main"},"up":{"uv":[1.5,11,0,9.5],"texture":"#main"},"down":{"uv":[3,9.5,1.5,11],"texture":"#main"}}},{"from":[6.5,12.5,-1],"to":[9.5,15.5,7],"rotation":{"angle":22.5,"axis":"y","origin":[8,14,7]},"faces":{"north":{"uv":[8.75,13,9.5,13.75],"texture":"#main"},"east":{"uv":[11.25,0,13.25,0.75],"texture":"#main"},"south":{"uv":[9.5,13,10.25,13.75],"texture":"#main"},"west":{"uv":[11.25,0.75,13.25,1.5],"texture":"#main"},"up":{"uv":[3,13,2.25,11],"texture":"#main"},"down":{"uv":[12,1.5,11.25,3.5],"texture":"#main"}}},{"from":[6.5,12.5,7],"to":[9.5,15.5,15],"rotation":{"angle":22.5,"axis":"y","origin":[8,14,7]},"faces":{"north":{"uv":[9.5,13,10.25,13.75],"texture":"#main"},"east":{"uv":[11.25,0.75,13.25,1.5],"texture":"#main"},"south":{"uv":[8.75,13,9.5,13.75],"texture":"#main"},"west":{"uv":[11.25,0,13.25,0.75],"texture":"#main"},"up":{"uv":[3,13,2.25,11],"rotation":180,"texture":"#main"},"down":{"uv":[12,1.5,11.25,3.5],"rotation":180,"texture":"#main"}}},{"from":[5.5,4,11],"to":[10.5,9,16],"rotation":{"angle":45,"axis":"x","origin":[8,12,7]},"faces":{"north":{"uv":[9.5,5.5,10.75,6.75],"texture":"#main"},"east":{"uv":[9.5,6.75,10.75,8],"texture":"#main"},"south":{"uv":[9.5,8,10.75,9.25],"texture":"#main"},"west":{"uv":[9.5,9.25,10.75,10.5],"texture":"#main"},"up":{"uv":[11,5.25,9.75,4],"texture":"#main"},"down":{"uv":[11.25,0,10,1.25],"texture":"#main"}}},{"from":[1,2.36827,6.56066],"to":[8,5.36827,9.56066],"rotation":{"angle":-22.5,"axis":"x","origin":[8,3.86827,8.06066]},"faces":{"north":{"uv":[3.75,11.5,5.5,12.25],"texture":"#main"},"east":{"uv":[13,10,13.75,10.75],"texture":"#main"},"south":{"uv":[5.5,11.5,7.25,12.25],"texture":"#main"},"west":{"uv":[10.25,13,11,13.75],"texture":"#main"},"up":{"uv":[13.25,8.75,11.5,8],"texture":"#main"},"down":{"uv":[13.25,8.75,11.5,9.5],"texture":"#main"}}},{"from":[8,2.36827,6.56066],"to":[15,5.36827,9.56066],"rotation":{"angle":-22.5,"axis":"x","origin":[8,3.86827,8.06066]},"faces":{"north":{"uv":[7.25,11.5,5.5,12.25],"rotation":180,"texture":"#main"},"east":{"uv":[11,13,10.25,13.75],"rotation":180,"texture":"#main"},"south":{"uv":[5.5,11.5,3.75,12.25],"rotation":180,"texture":"#main"},"west":{"uv":[13.75,10,13,10.75],"rotation":180,"texture":"#main"},"up":{"uv":[11.5,8.75,13.25,9.5],"texture":"#main"},"down":{"uv":[11.5,8.75,13.25,8],"texture":"#main"}}},{"from":[6,1.72183,15.23528],"to":[10,5.72183,19.23528],"rotation":{"angle":22.5,"axis":"x","origin":[8,4.22183,17.73528]},"faces":{"north":{"uv":[8.25,5.5,9.25,6.5],"texture":"#main"},"east":{"uv":[0.75,12,1.75,13],"texture":"#main"},"south":{"uv":[12,5.25,13,6.25],"texture":"#main"},"west":{"uv":[12,10,13,11],"texture":"#main"},"up":{"uv":[4.75,13.25,3.75,12.25],"texture":"#main"},"down":{"uv":[5.75,12.25,4.75,13.25],"texture":"#main"}}},{"from":[6.85355,-1.71751,16.23528],"to":[8.85355,4.28249,18.23528],"rotation":{"angle":-45,"axis":"z","origin":[7.85355,4.28249,17.23528]},"faces":{"north":{"uv":[1.75,12,2.25,13.5],"texture":"#main"},"east":{"uv":[6.75,12.25,7.25,13.75],"texture":"#main"},"south":{"uv":[12.25,12.25,12.75,13.75],"texture":"#main"},"west":{"uv":[12.75,6.25,13.25,7.75],"texture":"#main"},"up":{"uv":[11.25,10.5,10.75,10],"texture":"#main"},"down":{"uv":[6.75,13.25,6.25,13.75],"texture":"#main"}}},{"from":[7.85355,3.28249,16.23528],"to":[13.85355,5.28249,18.23528],"rotation":{"angle":45,"axis":"z","origin":[7.85355,4.28249,17.23528]},"faces":{"north":{"uv":[1.75,12,2.25,13.5],"rotation":90,"texture":"#main"},"east":{"uv":[6.75,13.25,6.25,13.75],"rotation":270,"texture":"#main"},"south":{"uv":[12.25,12.25,12.75,13.75],"rotation":270,"texture":"#main"},"west":{"uv":[11.25,10.5,10.75,10],"rotation":270,"texture":"#main"},"up":{"uv":[6.75,12.25,7.25,13.75],"rotation":270,"texture":"#main"},"down":{"uv":[12.75,6.25,13.25,7.75],"rotation":270,"texture":"#main"}}},{"from":[5.5,16,0.75],"to":[10.5,21,5.75],"rotation":{"angle":45,"axis":"x","origin":[0.5,16,5]},"faces":{"north":{"uv":[10,1.25,11.25,2.5],"texture":"#main"},"east":{"uv":[10,2.5,11.25,3.75],"texture":"#main"},"south":{"uv":[5,10.25,6.25,11.5],"texture":"#main"},"west":{"uv":[6.25,10.25,7.5,11.5],"texture":"#main"},"up":{"uv":[8.75,11.5,7.5,10.25],"texture":"#main"},"down":{"uv":[10,10.5,8.75,11.75],"texture":"#main"}}},{"from":[6,7,6],"to":[10,12,11],"rotation":{"angle":22.5,"axis":"x","origin":[0.5,14,6]},"faces":{"north":{"uv":[7.25,11.5,8.25,12.75],"texture":"#main"},"east":{"uv":[10,10.5,11.25,11.75],"texture":"#main"},"south":{"uv":[8.25,11.75,9.25,13],"texture":"#main"},"west":{"uv":[10.75,5.25,12,6.5],"texture":"#main"},"up":{"uv":[10.25,13,9.25,11.75],"texture":"#main"},"down":{"uv":[11.25,11.75,10.25,13],"texture":"#main"}}},{"from":[6.5,0.93645,9.9015],"to":[9.5,4.93645,13.9015],"rotation":{"angle":-22.5,"axis":"x","origin":[8,4.93645,13.9015]},"faces":{"north":{"uv":[12.5,3.5,13.25,4.5],"texture":"#main"},"east":{"uv":[5.75,12.25,6.75,13.25],"texture":"#main"},"south":{"uv":[7.25,12.75,8,13.75],"texture":"#main"},"west":{"uv":[11.25,12.25,12.25,13.25],"texture":"#main"},"up":{"uv":[13.5,13.25,12.75,12.25],"texture":"#main"},"down":{"uv":[0.75,13,0,14],"texture":"#main"}}},{"from":[6.5,3.43645,18.6515],"to":[9.5,6.43645,21.6515],"rotation":{"angle":-22.5,"axis":"x","origin":[7.5,6.43645,15.6515]},"faces":{"north":{"uv":[13.25,0,14,0.75],"texture":"#main"},"east":{"uv":[13.25,0.75,14,1.5],"texture":"#main"},"south":{"uv":[3,13.25,3.75,14],"texture":"#main"},"west":{"uv":[13.25,3.5,14,4.25],"texture":"#main"},"up":{"uv":[4.5,14,3.75,13.25],"texture":"#main"},"down":{"uv":[14,4.25,13.25,5],"texture":"#main"}}},{"from":[7,2.68645,21.6515],"to":[9,4.68645,26.6515],"rotation":{"angle":-45,"axis":"x","origin":[8,4.68645,17.6515]},"faces":{"north":{"uv":[13.25,6.25,13.75,6.75],"texture":"#main"},"east":{"uv":[13,5.25,14.25,5.75],"texture":"#main"},"south":{"uv":[13.25,6.75,13.75,7.25],"texture":"#main"},"west":{"uv":[13,5.75,14.25,6.25],"texture":"#main"},"up":{"uv":[1.25,14.25,0.75,13],"texture":"#main"},"down":{"uv":[1.75,13,1.25,14.25],"texture":"#main"}}},{"from":[-2,6.89417,5.55937],"to":[18,25.89417,5.55937],"rotation":{"angle":45,"axis":"x","origin":[8,16.39417,5.55937]},"faces":{"north":{"uv":[0,0,5,4.75],"texture":"#main"},"east":{"uv":[0,0,0,4.75],"texture":"#main"},"south":{"uv":[0,4.75,5,9.5],"texture":"#main"},"west":{"uv":[0,0,0,4.75],"texture":"#main"},"up":{"uv":[5,0,0,0],"texture":"#main"},"down":{"uv":[5,0,0,0],"texture":"#main"}}},{"from":[1.5,-2,17],"to":[14.5,11,17],"rotation":{"angle":22.5,"axis":"y","origin":[-2.5,-2,16]},"faces":{"north":{"uv":[5,0,8.25,3.25],"texture":"#main"},"east":{"uv":[0,0,0,3.25],"texture":"#main"},"south":{"uv":[5,3.25,8.25,6.5],"texture":"#main"},"west":{"uv":[0,0,0,3.25],"texture":"#main"},"up":{"uv":[3.25,0,0,0],"texture":"#main"},"down":{"uv":[3.25,0,0,0],"texture":"#main"}}}],"display":{"head":{"rotation":[-15,0,0],"translation":[0,-13,-6],"scale":[3.4,3.4,3.4]}},"groups":[{"name":"group","origin":[6.93538,19.5,-0.12047],"color":0,"children":[0,1,2,3,4,5,6,7,8,9]},{"name":"group","origin":[8,8,8],"color":0,"children":[10,11,12,13,14,15,16,17,18,19,20,21,22,23]},{"name":"group","origin":[8,8,8],"color":0,"children":[24,25]}]}