{"parent":"physical_parent","textures":{"main":"pokemon/sudowoodo"},"texture_size":[64,64],"elements":[{"rotation":{"origin":[8,9,8],"angle":0,"axis":"z"},"from":[5,5,5],"to":[11,27,11],"faces":{"east":{"uv":[0,1.5,1.5,7],"texture":"#main"},"south":{"uv":[4.5,1.5,6,7],"texture":"#main"},"north":{"uv":[13,1.5,16,12.5],"texture":"#main"},"west":{"uv":[3,1.5,4.5,7],"texture":"#main"},"up":{"uv":[3,1.5,1.5,0],"texture":"#main"},"down":{"uv":[4.5,0,3,1.5],"texture":"#main"}}},{"rotation":{"origin":[8,9,8],"angle":0,"axis":"z"},"from":[7.25,27,6.75],"to":[8.75,31,9.25],"faces":{"east":{"uv":[0,13.75,0.5,14.75],"texture":"#main"},"south":{"uv":[1.25,13.75,1.5,14.75],"texture":"#main"},"north":{"uv":[0.5,13.75,0.75,14.75],"texture":"#main"},"west":{"uv":[0.75,13.75,1.25,14.75],"texture":"#main"},"up":{"uv":[0.75,13.75,0.5,13.25],"texture":"#main"},"down":{"uv":[1,13.25,0.75,13.75],"texture":"#main"}}},{"rotation":{"origin":[8,31.5,8],"angle":-22.5,"axis":"z"},"from":[4.25,29,7],"to":[8.25,31,9],"faces":{"east":{"uv":[6,12.75,6.5,13.25],"texture":"#main"},"south":{"uv":[8,12.75,9,13.25],"texture":"#main"},"north":{"uv":[6.5,12.75,7.5,13.25],"texture":"#main"},"west":{"uv":[7.5,12.75,8,13.25],"texture":"#main"},"up":{"uv":[7.5,12.75,6.5,12.25],"texture":"#main"},"down":{"uv":[8.5,12.25,7.5,12.75],"texture":"#main"}}},{"rotation":{"origin":[8,31.5,8],"angle":22.5,"axis":"z"},"from":[7.75,29,7],"to":[11.75,31,9],"faces":{"east":{"uv":[3,12.75,3.5,13.25],"texture":"#main"},"south":{"uv":[5,12.75,6,13.25],"texture":"#main"},"north":{"uv":[3.5,12.75,4.5,13.25],"texture":"#main"},"west":{"uv":[4.5,12.75,5,13.25],"texture":"#main"},"up":{"uv":[4.5,12.75,3.5,12.25],"texture":"#main"},"down":{"uv":[5.5,12.25,4.5,12.75],"texture":"#main"}}},{"rotation":{"origin":[16.9875,21.68467,8],"angle":22.5,"axis":"z"},"from":[9.5,19,7],"to":[13.5,21,9],"faces":{"east":{"uv":[9,12.75,9.5,13.25],"texture":"#main"},"south":{"uv":[11,12.75,12,13.25],"texture":"#main"},"north":{"uv":[9.5,12.75,10.5,13.25],"texture":"#main"},"west":{"uv":[10.5,12.75,11,13.25],"texture":"#main"},"up":{"uv":[10.5,12.75,9.5,12.25],"texture":"#main"},"down":{"uv":[11.5,12.25,10.5,12.75],"texture":"#main"}}},{"rotation":{"origin":[-0.9875,21.68467,8],"angle":-22.5,"axis":"z"},"shade":false,"from":[2.5,19,7],"to":[6.5,21,9],"faces":{"east":{"uv":[11,12.75,10.5,13.25],"texture":"#main"},"south":{"uv":[12,12.75,11,13.25],"texture":"#main"},"north":{"uv":[10.5,12.75,9.5,13.25],"texture":"#main"},"west":{"uv":[9.5,12.75,9,13.25],"texture":"#main"},"up":{"uv":[9.5,12.75,10.5,12.25],"texture":"#main"},"down":{"uv":[10.5,12.25,11.5,12.75],"texture":"#main"}}},{"rotation":{"origin":[16.9875,21.68467,8],"angle":45,"axis":"z"},"from":[16.16405,16.91675,6.5],"to":[19.16405,19.91675,9.5],"faces":{"east":{"uv":[0,11.5,0.75,12.25],"texture":"#main"},"south":{"uv":[2.25,11.5,3,12.25],"texture":"#main"},"north":{"uv":[0.75,11.5,1.5,12.25],"texture":"#main"},"west":{"uv":[1.5,11.5,2.25,12.25],"texture":"#main"},"up":{"uv":[1.5,11.5,0.75,10.75],"texture":"#main"},"down":{"uv":[2.25,10.75,1.5,11.5],"texture":"#main"}}},{"rotation":{"origin":[-0.9875,21.68467,8],"angle":-45,"axis":"z"},"shade":false,"from":[-3.16405,16.91675,6.5],"to":[-0.16405,19.91675,9.5],"faces":{"east":{"uv":[2.25,11.5,1.5,12.25],"texture":"#main"},"south":{"uv":[3,11.5,2.25,12.25],"texture":"#main"},"north":{"uv":[1.5,11.5,0.75,12.25],"texture":"#main"},"west":{"uv":[0.75,11.5,0,12.25],"texture":"#main"},"up":{"uv":[0.75,11.5,1.5,10.75],"texture":"#main"},"down":{"uv":[1.5,10.75,2.25,11.5],"texture":"#main"}}},{"rotation":{"origin":[16.9875,21.68467,8],"angle":45,"axis":"z"},"from":[19.66405,20.16675,6.5],"to":[22.66405,23.16675,9.5],"faces":{"east":{"uv":[3,11.5,3.75,12.25],"texture":"#main"},"south":{"uv":[5.25,11.5,6,12.25],"texture":"#main"},"north":{"uv":[3.75,11.5,4.5,12.25],"texture":"#main"},"west":{"uv":[4.5,11.5,5.25,12.25],"texture":"#main"},"up":{"uv":[4.5,11.5,3.75,10.75],"texture":"#main"},"down":{"uv":[5.25,10.75,4.5,11.5],"texture":"#main"}}},{"rotation":{"origin":[-0.9875,21.68467,8],"angle":-45,"axis":"z"},"shade":false,"from":[-6.66405,20.16675,6.5],"to":[-3.66405,23.16675,9.5],"faces":{"east":{"uv":[5.25,11.5,4.5,12.25],"texture":"#main"},"south":{"uv":[6,11.5,5.25,12.25],"texture":"#main"},"north":{"uv":[4.5,11.5,3.75,12.25],"texture":"#main"},"west":{"uv":[3.75,11.5,3,12.25],"texture":"#main"},"up":{"uv":[3.75,11.5,4.5,10.75],"texture":"#main"},"down":{"uv":[4.5,10.75,5.25,11.5],"texture":"#main"}}},{"rotation":{"origin":[16.9875,21.68467,8],"angle":45,"axis":"z"},"from":[16.16405,23.16675,6.5],"to":[19.16405,26.16675,9.5],"faces":{"east":{"uv":[6,11.5,6.75,12.25],"texture":"#main"},"south":{"uv":[8.25,11.5,9,12.25],"texture":"#main"},"north":{"uv":[6.75,11.5,7.5,12.25],"texture":"#main"},"west":{"uv":[7.5,11.5,8.25,12.25],"texture":"#main"},"up":{"uv":[7.5,11.5,6.75,10.75],"texture":"#main"},"down":{"uv":[8.25,10.75,7.5,11.5],"texture":"#main"}}},{"rotation":{"origin":[-0.9875,21.68467,8],"angle":-45,"axis":"z"},"shade":false,"from":[-3.16405,23.16675,6.5],"to":[-0.16405,26.16675,9.5],"faces":{"east":{"uv":[8.25,11.5,7.5,12.25],"texture":"#main"},"south":{"uv":[9,11.5,8.25,12.25],"texture":"#main"},"north":{"uv":[7.5,11.5,6.75,12.25],"texture":"#main"},"west":{"uv":[6.75,11.5,6,12.25],"texture":"#main"},"up":{"uv":[6.75,11.5,7.5,10.75],"texture":"#main"},"down":{"uv":[7.5,10.75,8.25,11.5],"texture":"#main"}}},{"rotation":{"origin":[16.9875,21.68467,8],"angle":45,"axis":"z"},"from":[12.89241,20.8148,7.25],"to":[19.89241,22.3148,8.75],"faces":{"east":{"uv":[9,11,9.25,11.25],"texture":"#main"},"south":{"uv":[11.25,11,13,11.25],"texture":"#main"},"north":{"uv":[9.25,11,11,11.25],"texture":"#main"},"west":{"uv":[11,11,11.25,11.25],"texture":"#main"},"up":{"uv":[11,11,9.25,10.75],"texture":"#main"},"down":{"uv":[12.75,10.75,11,11],"texture":"#main"}}},{"rotation":{"origin":[-0.9875,21.68467,8],"angle":-45,"axis":"z"},"shade":false,"from":[-3.89241,20.8148,7.25],"to":[3.10759,22.3148,8.75],"faces":{"east":{"uv":[11.25,11,11,11.25],"texture":"#main"},"south":{"uv":[13,11,11.25,11.25],"texture":"#main"},"north":{"uv":[11,11,9.25,11.25],"texture":"#main"},"west":{"uv":[9.25,11,9,11.25],"texture":"#main"},"up":{"uv":[9.25,11,11,10.75],"texture":"#main"},"down":{"uv":[11,10.75,12.75,11],"texture":"#main"}}},{"rotation":{"origin":[16.9875,21.68467,8],"angle":45,"axis":"z"},"from":[16.89241,19.8148,7],"to":[18.64241,23.3148,9],"faces":{"east":{"uv":[3,13.75,3.5,14.5],"texture":"#main"},"south":{"uv":[4.25,13.75,4.5,14.5],"texture":"#main"},"north":{"uv":[3.5,13.75,3.75,14.5],"texture":"#main"},"west":{"uv":[3.75,13.75,4.25,14.5],"texture":"#main"},"up":{"uv":[3.75,13.75,3.5,13.25],"texture":"#main"},"down":{"uv":[4,13.25,3.75,13.75],"texture":"#main"}}},{"rotation":{"origin":[-0.9875,21.68467,8],"angle":-45,"axis":"z"},"shade":false,"from":[-2.64241,19.8148,7],"to":[-0.89241,23.3148,9],"faces":{"east":{"uv":[4.25,13.75,3.75,14.5],"texture":"#main"},"south":{"uv":[4.5,13.75,4.25,14.5],"texture":"#main"},"north":{"uv":[3.75,13.75,3.5,14.5],"texture":"#main"},"west":{"uv":[3.5,13.75,3,14.5],"texture":"#main"},"up":{"uv":[3.5,13.75,3.75,13.25],"texture":"#main"},"down":{"uv":[3.75,13.25,4,13.75],"texture":"#main"}}},{"from":[3,4,6],"to":[6,9,10],"faces":{"east":{"uv":[0,8,1,9.25],"texture":"#main"},"south":{"uv":[2.75,8,3.5,9.25],"texture":"#main"},"north":{"uv":[1,8,1.75,9.25],"texture":"#main"},"west":{"uv":[1.75,8,2.75,9.25],"texture":"#main"},"up":{"uv":[1.75,8,1,7],"texture":"#main"},"down":{"uv":[2.5,7,1.75,8],"texture":"#main"}}},{"from":[10,4,6],"to":[13,9,10],"faces":{"east":{"uv":[6,1,7,2.25],"texture":"#main"},"south":{"uv":[8.75,1,9.5,2.25],"texture":"#main"},"north":{"uv":[7,1,7.75,2.25],"texture":"#main"},"west":{"uv":[7.75,1,8.75,2.25],"texture":"#main"},"up":{"uv":[7.75,1,7,0],"texture":"#main"},"down":{"uv":[8.5,0,7.75,1],"texture":"#main"}}},{"from":[3.75,0,5],"to":[6,2,10],"faces":{"east":{"uv":[7,8.25,8.25,8.75],"texture":"#main"},"south":{"uv":[10,8.25,10.5,8.75],"texture":"#main"},"north":{"uv":[8.25,8.25,8.75,8.75],"texture":"#main"},"west":{"uv":[8.75,8.25,10,8.75],"texture":"#main"},"up":{"uv":[8.75,8.25,8.25,7],"texture":"#main"},"down":{"uv":[9.25,7,8.75,8.25],"texture":"#main"}}},{"from":[10,0,5],"to":[12.25,2,10],"faces":{"east":{"uv":[3.5,8.25,4.75,8.75],"texture":"#main"},"south":{"uv":[6.5,8.25,7,8.75],"texture":"#main"},"north":{"uv":[4.75,8.25,5.25,8.75],"texture":"#main"},"west":{"uv":[5.25,8.25,6.5,8.75],"texture":"#main"},"up":{"uv":[5.25,8.25,4.75,7],"texture":"#main"},"down":{"uv":[5.75,7,5.25,8.25],"texture":"#main"}}},{"rotation":{"origin":[5,1.5,8.5],"angle":-22.5,"axis":"x"},"from":[4,1.5,8],"to":[5.75,5,10],"faces":{"east":{"uv":[6,13.75,6.5,14.5],"texture":"#main"},"south":{"uv":[7.25,13.75,7.5,14.5],"texture":"#main"},"north":{"uv":[6.5,13.75,6.75,14.5],"texture":"#main"},"west":{"uv":[6.75,13.75,7.25,14.5],"texture":"#main"},"up":{"uv":[6.75,13.75,6.5,13.25],"texture":"#main"},"down":{"uv":[7,13.25,6.75,13.75],"texture":"#main"}}},{"rotation":{"origin":[11,1.5,8.5],"angle":-22.5,"axis":"x"},"from":[10.25,1.5,8],"to":[12,5,10],"faces":{"east":{"uv":[4.5,13.75,5,14.5],"texture":"#main"},"south":{"uv":[5.75,13.75,6,14.5],"texture":"#main"},"north":{"uv":[5,13.75,5.25,14.5],"texture":"#main"},"west":{"uv":[5.25,13.75,5.75,14.5],"texture":"#main"},"up":{"uv":[5.25,13.75,5,13.25],"texture":"#main"},"down":{"uv":[5.5,13.25,5.25,13.75],"texture":"#main"}}}],"display":{"head":{"translation":[0,-31,0],"scale":[1.5,1.5,1.5]}},"credit":"Made with Blockbench"}