{"parent":"physical_parent","textures":{"main":"pokemon/swablu"},"texture_size":[64,64],"elements":[{"rotation":{"origin":[15,15,15],"angle":0,"axis":"y"},"from":[4,7,4],"to":[12,14,11],"faces":{"east":{"uv":[0,1.75,1.75,3.5],"texture":"#main"},"south":{"uv":[5.5,1.75,7.5,3.5],"texture":"#main"},"north":{"uv":[1.75,1.75,3.75,3.5],"texture":"#main"},"west":{"uv":[3.75,1.75,5.5,3.5],"texture":"#main"},"up":{"uv":[3.75,1.75,1.75,0],"texture":"#main"},"down":{"uv":[5.75,0,3.75,1.75],"texture":"#main"}}},{"rotation":{"origin":[15,18,12],"angle":-22.5,"axis":"x"},"from":[7,13,1],"to":[9,16,3],"faces":{"east":{"uv":[10,0.5,10.5,1.25],"texture":"#main"},"south":{"uv":[11.5,0.5,12,1.25],"texture":"#main"},"north":{"uv":[10.5,0.5,11,1.25],"texture":"#main"},"west":{"uv":[11,0.5,11.5,1.25],"texture":"#main"},"up":{"uv":[11,0.5,10.5,0],"texture":"#main"},"down":{"uv":[11.5,0,11,0.5],"texture":"#main"}}},{"rotation":{"origin":[15,17,15],"angle":0,"axis":"y"},"from":[5,14,5],"to":[11,15,10],"faces":{"east":{"uv":[5.75,1.25,7,1.5],"texture":"#main"},"south":{"uv":[9.75,1.25,11.25,1.5],"texture":"#main"},"north":{"uv":[7,1.25,8.5,1.5],"texture":"#main"},"west":{"uv":[8.5,1.25,9.75,1.5],"texture":"#main"},"up":{"uv":[8.5,1.25,7,0],"texture":"#main"},"down":{"uv":[10,0,8.5,1.25],"texture":"#main"}}},{"rotation":{"origin":[15,15,9],"angle":-22.5,"axis":"x"},"from":[4,5,4],"to":[12,9,4],"faces":{"east":{"uv":[10.5,2.5,10.5,3.5],"texture":"#main"},"south":{"uv":[12.5,2.5,14.5,3.5],"texture":"#main"},"north":{"uv":[10.5,2.5,12.5,3.5],"texture":"#main"},"west":{"uv":[12.5,2.5,12.5,3.5],"texture":"#main"},"up":{"uv":[12.5,2.5,10.5,2.5],"texture":"#main"},"down":{"uv":[14.5,2.5,12.5,2.5],"texture":"#main"}}},{"rotation":{"origin":[15,24,12],"angle":0,"axis":"y"},"from":[2.5,14,7.5],"to":[14.5,24,7.5],"faces":{"east":{"uv":[6,8,6,10.5],"texture":"#main"},"south":{"uv":[9,8,12,10.5],"texture":"#main"},"north":{"uv":[6,8,9,10.5],"texture":"#main"},"west":{"uv":[9,8,9,10.5],"texture":"#main"},"up":{"uv":[9,8,6,8],"texture":"#main"},"down":{"uv":[12,8,9,8],"texture":"#main"}}},{"rotation":{"origin":[15,16,10],"angle":-45,"axis":"x"},"from":[4.5,0,5],"to":[12.5,10,5],"faces":{"east":{"uv":[11.5,6,11.5,8.5],"texture":"#main"},"south":{"uv":[13.5,6,15.5,8.5],"texture":"#main"},"north":{"uv":[11.5,6,13.5,8.5],"texture":"#main"},"west":{"uv":[13.5,6,13.5,8.5],"texture":"#main"},"up":{"uv":[13.5,6,11.5,6],"texture":"#main"},"down":{"uv":[15.5,6,13.5,6],"texture":"#main"}}},{"rotation":{"origin":[10,19,14],"angle":0,"axis":"y"},"from":[0,8,6],"to":[4,12,12],"faces":{"east":{"uv":[10.5,5,12,6],"texture":"#main"},"south":{"uv":[14.5,5,15.5,6],"texture":"#main"},"north":{"uv":[12,5,13,6],"texture":"#main"},"west":{"uv":[13,5,14.5,6],"texture":"#main"},"up":{"uv":[13,5,12,3.5],"texture":"#main"},"down":{"uv":[14,3.5,13,5],"texture":"#main"}}},{"rotation":{"origin":[9,22,15],"angle":0,"axis":"y"},"from":[-3.5,9,7],"to":[3.5,15,13],"faces":{"east":{"uv":[5,6.5,6.5,8],"texture":"#main"},"south":{"uv":[9.75,6.5,11.5,8],"texture":"#main"},"north":{"uv":[6.5,6.5,8.25,8],"texture":"#main"},"west":{"uv":[8.25,6.5,9.75,8],"texture":"#main"},"up":{"uv":[8.25,6.5,6.5,5],"texture":"#main"},"down":{"uv":[10,5,8.25,6.5],"texture":"#main"}}},{"rotation":{"origin":[7,22,13],"angle":0,"axis":"y"},"from":[-5,10,5.5],"to":[1,16,11.5],"faces":{"east":{"uv":[0,8,1.5,9.5],"texture":"#main"},"south":{"uv":[4.5,8,6,9.5],"texture":"#main"},"north":{"uv":[1.5,8,3,9.5],"texture":"#main"},"west":{"uv":[3,8,4.5,9.5],"texture":"#main"},"up":{"uv":[3,8,1.5,6.5],"texture":"#main"},"down":{"uv":[4.5,6.5,3,8],"texture":"#main"}}},{"rotation":{"origin":[5,22,17],"angle":0,"axis":"y"},"from":[-7,10,9],"to":[-1,15,14],"faces":{"east":{"uv":[5.5,11.75,6.75,13],"texture":"#main"},"south":{"uv":[9.5,11.75,11,13],"texture":"#main"},"north":{"uv":[6.75,11.75,8.25,13],"texture":"#main"},"west":{"uv":[8.25,11.75,9.5,13],"texture":"#main"},"up":{"uv":[8.25,11.75,6.75,10.5],"texture":"#main"},"down":{"uv":[9.75,10.5,8.25,11.75],"texture":"#main"}}},{"rotation":{"origin":[1,24,18],"angle":0,"axis":"y"},"from":[-8.5,12,10],"to":[-4.5,16,15],"faces":{"east":{"uv":[10.75,10.5,12,11.5],"texture":"#main"},"south":{"uv":[14.25,10.5,15.25,11.5],"texture":"#main"},"north":{"uv":[12,10.5,13,11.5],"texture":"#main"},"west":{"uv":[13,10.5,14.25,11.5],"texture":"#main"},"up":{"uv":[13,10.5,12,9.25],"texture":"#main"},"down":{"uv":[14,9.25,13,10.5],"texture":"#main"}}},{"rotation":{"origin":[6,19,14],"angle":0,"axis":"y"},"from":[12,8,6],"to":[16,12,12],"faces":{"east":{"uv":[10.5,1.5,12,2.5],"texture":"#main"},"south":{"uv":[14.5,1.5,15.5,2.5],"texture":"#main"},"north":{"uv":[12,1.5,13,2.5],"texture":"#main"},"west":{"uv":[13,1.5,14.5,2.5],"texture":"#main"},"up":{"uv":[13,1.5,12,0],"texture":"#main"},"down":{"uv":[14,0,13,1.5],"texture":"#main"}}},{"rotation":{"origin":[7,22,15],"angle":0,"axis":"y"},"from":[12.5,9,7],"to":[19.5,15,13],"faces":{"east":{"uv":[0,5,1.5,6.5],"texture":"#main"},"south":{"uv":[4.75,5,6.5,6.5],"texture":"#main"},"north":{"uv":[1.5,5,3.25,6.5],"texture":"#main"},"west":{"uv":[3.25,5,4.75,6.5],"texture":"#main"},"up":{"uv":[3.25,5,1.5,3.5],"texture":"#main"},"down":{"uv":[5,3.5,3.25,5],"texture":"#main"}}},{"rotation":{"origin":[9,22,13],"angle":0,"axis":"y"},"from":[15,10,5.5],"to":[21,16,11.5],"faces":{"east":{"uv":[6,3.5,7.5,5],"texture":"#main"},"south":{"uv":[10.5,3.5,12,5],"texture":"#main"},"north":{"uv":[7.5,3.5,9,5],"texture":"#main"},"west":{"uv":[9,3.5,10.5,5],"texture":"#main"},"up":{"uv":[9,3.5,7.5,2],"texture":"#main"},"down":{"uv":[10.5,2,9,3.5],"texture":"#main"}}},{"rotation":{"origin":[11,22,17],"angle":0,"axis":"y"},"from":[17,10,9],"to":[23,15,14],"faces":{"east":{"uv":[0,10.75,1.25,12],"texture":"#main"},"south":{"uv":[4,10.75,5.5,12],"texture":"#main"},"north":{"uv":[1.25,10.75,2.75,12],"texture":"#main"},"west":{"uv":[2.75,10.75,4,12],"texture":"#main"},"up":{"uv":[2.75,10.75,1.25,9.5],"texture":"#main"},"down":{"uv":[4.25,9.5,2.75,10.75],"texture":"#main"}}},{"rotation":{"origin":[15,24,18],"angle":0,"axis":"y"},"from":[20.5,12,10],"to":[24.5,16,15],"faces":{"east":{"uv":[11,12.75,12.25,13.75],"texture":"#main"},"south":{"uv":[14.5,12.75,15.5,13.75],"texture":"#main"},"north":{"uv":[12.25,12.75,13.25,13.75],"texture":"#main"},"west":{"uv":[13.25,12.75,14.5,13.75],"texture":"#main"},"up":{"uv":[13.25,12.75,12.25,11.5],"texture":"#main"},"down":{"uv":[14.25,11.5,13.25,12.75],"texture":"#main"}}}],"display":{"head":{"translation":[0,-26,0]}},"groups":[{"children":[0,1,2],"origin":[8,8,8],"name":"group"},{"children":[3,4,5],"origin":[15,17,15],"name":"group"},{"children":[6,7,8,9,10],"origin":[8,8,8],"name":"group"},{"children":[11,12,13,14,15],"origin":[8,8,8],"name":"group"}]}