{"parent":"physical_parent","textures":{"main":"pokemon/taillow"},"elements":[{"rotation":{"origin":[15,8,15],"angle":0,"axis":"y"},"from":[7,0,8],"to":[9,1,8],"faces":{"east":{"uv":[6,1,8,2],"texture":"#main"},"south":{"uv":[6,1,8,2],"texture":"#main"},"north":{"uv":[6,1,8,2],"texture":"#main"},"west":{"uv":[6,1,8,2],"texture":"#main"},"up":{"uv":[6,1,8,2],"texture":"#main"},"down":{"uv":[6,1,8,2],"texture":"#main"}}},{"rotation":{"origin":[15,8,15],"angle":0,"axis":"y"},"from":[7,0,7],"to":[9,0,8],"faces":{"east":{"uv":[8,2,9,3],"texture":"#main"},"south":{"uv":[8,2,9,3],"texture":"#main"},"north":{"uv":[8,2,9,3],"texture":"#main"},"west":{"uv":[8,2,9,3],"texture":"#main"},"up":{"uv":[8,2,10,3],"texture":"#main"},"down":{"uv":[8,2,10,3],"texture":"#main"}}},{"rotation":{"origin":[15,9,15],"angle":0,"axis":"y"},"from":[7,1,6],"to":[9,3,9],"faces":{"east":{"uv":[0,6,3,8],"texture":"#main"},"south":{"uv":[0,8,2,10],"texture":"#main"},"north":{"uv":[6,3,8,5],"texture":"#main"},"west":{"uv":[3,6,6,8],"texture":"#main"},"up":{"uv":[8,9,6,6],"texture":"#main"},"down":{"uv":[8,0,6,3],"texture":"#main"}}},{"rotation":{"origin":[15,11,15],"angle":0,"axis":"y"},"from":[7,3,6],"to":[9,4,8],"faces":{"east":{"uv":[8,8,10,9],"texture":"#main"},"south":{"uv":[8,0,10,1],"texture":"#main"},"north":{"uv":[6,5,8,6],"texture":"#main"},"west":{"uv":[8,1,10,2],"texture":"#main"},"up":{"uv":[4,10,2,8],"texture":"#main"},"down":{"uv":[6,8,4,10],"texture":"#main"}}},{"rotation":{"origin":[15,11,13],"angle":0,"axis":"y"},"from":[7,3,5],"to":[9,3,6],"faces":{"east":{"uv":[0,0,1,0],"texture":"#main"},"south":{"uv":[0,0,2,0],"texture":"#main"},"north":{"uv":[0,0,2,0],"texture":"#main"},"west":{"uv":[0,0,1,0],"texture":"#main"},"up":{"uv":[10,3,8,2],"texture":"#main"},"down":{"uv":[10,3,8,4],"texture":"#main"}}},{"rotation":{"origin":[8,2,9.25],"angle":-45,"axis":"x"},"from":[6.5,2,8.75],"to":[9.5,2,11.75],"faces":{"east":{"uv":[0,0,3,0],"texture":"#main"},"south":{"uv":[0,0,3,0],"texture":"#main"},"north":{"uv":[0,0,3,0],"texture":"#main"},"west":{"uv":[0,0,3,0],"texture":"#main"},"up":{"uv":[3,3,0,0],"texture":"#main"},"down":{"uv":[3,3,0,6],"texture":"#main"}}},{"rotation":{"origin":[6.5,1.75,6.75],"angle":-22.5,"axis":"z"},"from":[6.5,0.25,6.25],"to":[6.5,3.25,9.25],"faces":{"east":{"uv":[3,3,6,6],"texture":"#main"},"south":{"uv":[0,0,0,3],"texture":"#main"},"north":{"uv":[0,0,0,3],"texture":"#main"},"west":{"uv":[3,0,6,3],"texture":"#main"},"up":{"uv":[0,3,0,0],"texture":"#main"},"down":{"uv":[0,0,0,3],"texture":"#main"}}},{"rotation":{"origin":[9.5,1.75,6.75],"angle":22.5,"axis":"z"},"from":[9.5,0.25,6.25],"to":[9.5,3.25,9.25],"faces":{"east":{"uv":[6,0,3,3],"texture":"#main"},"south":{"uv":[0,0,0,3],"texture":"#main"},"north":{"uv":[0,0,0,3],"texture":"#main"},"west":{"uv":[6,3,3,6],"texture":"#main"},"up":{"uv":[0,3,0,0],"texture":"#main"},"down":{"uv":[0,0,0,3],"texture":"#main"}}}],"display":{"head":{"translation":[0,-20,0],"scale":[2.88,2.88,2.88]}}}