{"parent":"physical_parent","textures":{"main":"pokemon/tangela"},"elements":[{"from":[4,2,5],"to":[13,11,14],"faces":{"east":{"uv":[2.5,0,4.75,2.25],"texture":"#main","rotation":180},"south":{"uv":[5,0,7.25,2.25],"texture":"#main","rotation":90},"north":{"uv":[0,0,2.25,2.25],"texture":"#main"},"west":{"uv":[2.5,0,4.75,2.25],"texture":"#main"},"up":{"uv":[2.5,0,4.75,2.25],"texture":"#main","rotation":90},"down":{"uv":[2.5,0,4.75,2.25],"texture":"#main","rotation":180}}},{"from":[11,0,3],"to":[14,2,8],"faces":{"east":{"uv":[1,2.5,1.75,3.75],"texture":"#main"},"south":{"uv":[1,2.5,1.75,3.75],"texture":"#main"},"north":{"uv":[1,2.5,1.75,3.75],"texture":"#main"},"west":{"uv":[1,2.5,1.75,3.75],"texture":"#main"},"up":{"uv":[0,2.5,0.75,3.75],"texture":"#main"},"down":{"uv":[1,2.5,1.75,3.75],"texture":"#main"}}},{"from":[3,0,3],"to":[6,2,8],"faces":{"east":{"uv":[1,2.5,1.75,3.75],"texture":"#main"},"south":{"uv":[1,2.5,1.75,3.75],"texture":"#main"},"north":{"uv":[1,2.5,1.75,3.75],"texture":"#main"},"west":{"uv":[1,2.5,1.75,3.75],"texture":"#main"},"up":{"uv":[0,2.5,0.75,3.75],"texture":"#main"},"down":{"uv":[1,2.5,1.75,3.75],"texture":"#main"}}},{"from":[3,1,9],"to":[14,12,9.1],"faces":{"south":{"uv":[5.5,2.75,8.25,5.5],"texture":"#main"},"north":{"uv":[2.5,2.75,5.25,5.5],"texture":"#main"}}},{"from":[3,1,6],"to":[14,12,6.1],"faces":{"south":{"uv":[5.5,2.75,8.25,5.5],"texture":"#main","rotation":270},"north":{"uv":[2.5,2.75,5.25,5.5],"texture":"#main","rotation":90}}},{"from":[3,1,12],"to":[14,12,12.1],"faces":{"south":{"uv":[5.5,2.75,8.25,5.5],"texture":"#main","rotation":180},"north":{"uv":[2.5,2.75,5.25,5.5],"texture":"#main","rotation":180}}},{"from":[5.45,1,3.55],"to":[5.55,12,14.55],"faces":{"east":{"uv":[5.5,2.75,8.25,5.5],"texture":"#main","rotation":180},"west":{"uv":[2.5,2.75,5.25,5.5],"texture":"#main","rotation":180}}},{"from":[8.45,1,3.55],"to":[8.55,12,14.55],"faces":{"east":{"uv":[5.5,2.75,8.25,5.5],"texture":"#main","rotation":270},"west":{"uv":[2.5,2.75,5.25,5.5],"texture":"#main","rotation":90}}},{"from":[11.45,1,3.55],"to":[11.55,12,14.55],"faces":{"east":{"uv":[5.5,2.75,8.25,5.5],"texture":"#main","rotation":90},"west":{"uv":[2.5,2.75,5.25,5.5],"texture":"#main","rotation":270}}}],"display":{"head":{"translation":[0,-27.13,0],"scale":[2,2,2]},"firstperson_righthand":{"scale":[0.0001,0.0001,0.0001]},"thirdperson_lefthand":{"scale":[0.0001,0.0001,0.0001]},"firstperson_lefthand":{"scale":[0.0001,0.0001,0.0001]}}}