{"parent":"physical_parent","textures":{"main":"pokemon/teddiursa"},"texture_size":[80,80],"elements":[{"rotation":{"origin":[8.02448,8,7.9913],"angle":0,"axis":"y"},"from":[5.02448,3,4.9913],"to":[11.02448,10,9.9913],"faces":{"east":{"uv":[0,4.8,1,6.4],"texture":"#main"},"south":{"uv":[3.2,4.8,4.4,6.4],"texture":"#main"},"north":{"uv":[1,4.8,2.2,6.4],"texture":"#main"},"west":{"uv":[2.2,4.8,3.2,6.4],"texture":"#main"},"up":{"uv":[2.2,4.8,1,3.8],"texture":"#main"},"down":{"uv":[3.4,3.8,2.2,4.8],"texture":"#main"}}},{"rotation":{"origin":[8.02448,8,7.9913],"angle":0,"axis":"y"},"from":[4.02448,2,3.9913],"to":[12.02448,8,10.9913],"faces":{"east":{"uv":[8,1.4,9.4,2.6],"texture":"#main"},"south":{"uv":[12.4,1.4,14,2.6],"texture":"#main"},"north":{"uv":[9.4,1.4,11,2.6],"texture":"#main"},"west":{"uv":[11,1.4,12.4,2.6],"texture":"#main"},"up":{"uv":[11,1.4,9.4,0],"texture":"#main"},"down":{"uv":[12.6,0,11,1.4],"texture":"#main"}}},{"rotation":{"origin":[8.02448,8,7.9913],"angle":0,"axis":"y"},"from":[6.52448,2.25,10.9913],"to":[9.52448,5.25,12.9913],"faces":{"east":{"uv":[6.4,8.4,6.8,9],"texture":"#main"},"south":{"uv":[7.8,8.4,8.4,9],"texture":"#main"},"north":{"uv":[6.8,8.4,7.4,9],"texture":"#main"},"west":{"uv":[7.4,8.4,7.8,9],"texture":"#main"},"up":{"uv":[7.4,8.4,6.8,8],"texture":"#main"},"down":{"uv":[8,8,7.4,8.4],"texture":"#main"}}},{"rotation":{"origin":[11.97203,5.49394,7.49386],"angle":-45,"axis":"z"},"from":[9.96598,4.99743,5.9913],"to":[14.96598,6.99743,8.9913],"faces":{"east":{"uv":[3.2,8.6,3.8,9],"texture":"#main"},"south":{"uv":[5.4,8.6,6.4,9],"texture":"#main"},"north":{"uv":[3.8,8.6,4.8,9],"texture":"#main"},"west":{"uv":[4.8,8.6,5.4,9],"texture":"#main"},"up":{"uv":[4.8,8.6,3.8,8],"texture":"#main"},"down":{"uv":[5.8,8,4.8,8.6],"texture":"#main"}}},{"rotation":{"origin":[4.02797,5.49394,7.49386],"angle":45,"axis":"z"},"from":[1.03402,4.99743,5.9913],"to":[6.03402,6.99743,8.9913],"faces":{"east":{"uv":[0,8.6,0.6,9],"texture":"#main"},"south":{"uv":[2.2,8.6,3.2,9],"texture":"#main"},"north":{"uv":[0.6,8.6,1.6,9],"texture":"#main"},"west":{"uv":[1.6,8.6,2.2,9],"texture":"#main"},"up":{"uv":[1.6,8.6,0.6,8],"texture":"#main"},"down":{"uv":[2.6,8,1.6,8.6],"texture":"#main"}}},{"rotation":{"origin":[8.01486,13.00092,7.5],"angle":0,"axis":"x"},"from":[3.02448,8.5,2.4913],"to":[13.02448,17.5,12.4913],"faces":{"east":{"uv":[0,2,2,3.8],"texture":"#main"},"south":{"uv":[6,2,8,3.8],"texture":"#main"},"north":{"uv":[0.1996,9.1996,4.1996,12.7994],"texture":"#main"},"west":{"uv":[4,2,6,3.8],"texture":"#main"},"up":{"uv":[4,2,2,0],"texture":"#main"},"down":{"uv":[6,0,4,2],"texture":"#main"}}},{"rotation":{"origin":[8.01486,13.00092,7.5],"angle":0,"axis":"x"},"from":[4.02448,8.5,1.4913],"to":[12.02448,12.5,2.4913],"faces":{"east":{"uv":[8,6.6,8.2,7.4],"texture":"#main"},"south":{"uv":[10,6.6,11.6,7.4],"texture":"#main"},"north":{"uv":[8.2,6.6,9.8,7.4],"texture":"#main"},"west":{"uv":[9.8,6.6,10,7.4],"texture":"#main"},"up":{"uv":[9.8,6.6,8.2,6.4],"texture":"#main"},"down":{"uv":[11.4,6.4,9.8,6.6],"texture":"#main"}}},{"rotation":{"origin":[12.50787,17.00877,7.49916],"angle":0,"axis":"z"},"from":[10.02448,14.5,5.4913],"to":[16.02448,20.5,9.4913],"faces":{"east":{"uv":[8.4,4.6,9.2,5.8],"texture":"#main"},"south":{"uv":[11.2,4.6,12.4,5.8],"texture":"#main"},"north":{"uv":[9.2,4.6,10.4,5.8],"texture":"#main"},"west":{"uv":[10.4,4.6,11.2,5.8],"texture":"#main"},"up":{"uv":[10.4,4.6,9.2,3.8],"texture":"#main"},"down":{"uv":[11.6,3.8,10.4,4.6],"texture":"#main"}}},{"rotation":{"origin":[3.49213,17.00877,7.49916],"angle":0,"axis":"z"},"from":[-0.02448,14.5,5.4913],"to":[5.97552,20.5,9.4913],"faces":{"east":{"uv":[4.4,4.6,5.2,5.8],"texture":"#main"},"south":{"uv":[7.2,4.6,8.4,5.8],"texture":"#main"},"north":{"uv":[5.2,4.6,6.4,5.8],"texture":"#main"},"west":{"uv":[6.4,4.6,7.2,5.8],"texture":"#main"},"up":{"uv":[6.4,4.6,5.2,3.8],"texture":"#main"},"down":{"uv":[7.6,3.8,6.4,4.6],"texture":"#main"}}},{"rotation":{"origin":[5.53237,0.99129,5.50789],"angle":22.5,"axis":"y"},"from":[3.02448,0,2.9913],"to":[7.02448,2,8.9913],"faces":{"east":{"uv":[4,7.6,5.2,8],"texture":"#main"},"south":{"uv":[7.2,7.6,8,8],"texture":"#main"},"north":{"uv":[5.2,7.6,6,8],"texture":"#main"},"west":{"uv":[6,7.6,7.2,8],"texture":"#main"},"up":{"uv":[6,7.6,5.2,6.4],"texture":"#main"},"down":{"uv":[6.8,6.4,6,7.6],"texture":"#main"}}},{"rotation":{"origin":[10.51659,0.99129,5.50789],"angle":-22.5,"axis":"y"},"from":[9.02448,0,2.9913],"to":[13.02448,2,8.9913],"faces":{"east":{"uv":[0,7.6,1.2,8],"texture":"#main"},"south":{"uv":[3.2,7.6,4,8],"texture":"#main"},"north":{"uv":[1.2,7.6,2,8],"texture":"#main"},"west":{"uv":[2,7.6,3.2,8],"texture":"#main"},"up":{"uv":[2,7.6,1.2,6.4],"texture":"#main"},"down":{"uv":[2.8,6.4,2,7.6],"texture":"#main"}}}],"display":{"head":{"translation":[0,-33.5,0],"scale":[1.2,1.2,1.2]}},"credit":"Made with Blockbench"}