{"credit":"Made with Blockbench","texture_size":[32,32],"textures":{"main":"pokemon/throh"},"elements":[{"from":[-5.05988,5.11458,-4.83593],"to":[5.14012,16.84458,3.83407],"rotation":{"angle":0,"axis":"y","origin":[-6.80238,9.22008,-3.92686]},"faces":{"north":{"uv":[0,0,3,3.5],"texture":"#main"},"east":{"uv":[0,3.5,2.5,7],"texture":"#main"},"south":{"uv":[3,0,6,3.5],"texture":"#main"},"west":{"uv":[2.5,3.5,0,7],"texture":"#main"},"up":{"uv":[8,6,5,3.5],"texture":"#main"},"down":{"uv":[9,0,6,2.5],"texture":"#main"}}},{"from":[-2.87973,2.01981,-4.92093],"to":[0.69027,9.15981,-4.92093],"rotation":{"angle":-22.5,"axis":"z","origin":[-1.94473,6.01481,-4.92093]},"faces":{"north":{"uv":[3.5,10.5,4.5,12.5],"texture":"#main"},"east":{"uv":[0,0,0,2],"texture":"#main"},"south":{"uv":[4.5,10.5,3.5,12.5],"texture":"#main"},"west":{"uv":[0,0,0,2],"texture":"#main"},"up":{"uv":[0,0,1,0],"texture":"#main"},"down":{"uv":[0,0,1,0],"texture":"#main"}}},{"from":[-1.82988,0.82208,-4.96343],"to":[1.74012,7.96208,-4.96343],"rotation":{"angle":22.5,"axis":"z","origin":[-0.89488,7.96208,-4.96343]},"faces":{"north":{"uv":[3.5,10.5,4.5,12.5],"texture":"#main"},"east":{"uv":[0,0,0,2],"texture":"#main"},"south":{"uv":[4.5,10.5,3.5,12.5],"texture":"#main"},"west":{"uv":[0,0,0,2],"texture":"#main"},"up":{"uv":[1,0,0,0],"texture":"#main"},"down":{"uv":[1,0,0,0],"texture":"#main"}}},{"from":[-3.52988,13.78458,-7.38593],"to":[3.61012,20.41458,-0.75593],"rotation":{"angle":0,"axis":"y","origin":[-6.80238,9.22008,-3.92686]},"faces":{"north":{"uv":[6.5,7.5,8.5,9.5],"texture":"#main"},"east":{"uv":[8,2.5,10,4.5],"texture":"#main"},"south":{"uv":[0,8.5,2,10.5],"texture":"#main"},"west":{"uv":[8.5,4.5,10.5,6.5],"texture":"#main"},"up":{"uv":[10.5,8.5,8.5,6.5],"texture":"#main"},"down":{"uv":[10.5,8.5,8.5,10.5],"texture":"#main"}}},{"from":[-2.81588,16.94658,-7.89593],"to":[2.89612,17.86458,-6.87593],"rotation":{"angle":0,"axis":"y","origin":[-6.80238,9.22008,-3.92686]},"faces":{"north":{"uv":[11,2,12.75,2.25],"texture":"#main"},"east":{"uv":[5,11.5,5.25,11.75],"texture":"#main"},"south":{"uv":[4.5,11,6.25,11.25],"texture":"#main"},"west":{"uv":[11.5,5,11.75,5.25],"texture":"#main"},"up":{"uv":[9.75,11.25,8,11],"texture":"#main"},"down":{"uv":[11.75,11,10,11.25],"texture":"#main"}}},{"from":[-0.77588,12.71157,-10.52268],"to":[0.85612,15.15957,-8.99268],"rotation":{"angle":22.5,"axis":"x","origin":[-6.80238,9.22008,-3.92686]},"faces":{"north":{"uv":[3,11,3.5,11.75],"texture":"#main"},"east":{"uv":[1.5,11.5,2,12.25],"texture":"#main"},"south":{"uv":[2,11.5,2.5,12.25],"texture":"#main"},"west":{"uv":[2.5,11.5,3,12.25],"texture":"#main"},"up":{"uv":[5,11,4.5,10.5],"texture":"#main"},"down":{"uv":[11.5,10.5,11,11],"texture":"#main"}}},{"from":[-9.13118,11.23458,-10.14254],"to":[-5.05118,15.31458,0.56746],"rotation":{"angle":45,"axis":"y","origin":[-6.80238,9.22008,-3.92686]},"faces":{"north":{"uv":[10.5,6,11.75,7.25],"texture":"#main"},"east":{"uv":[5,6,8.25,7.25],"texture":"#main"},"south":{"uv":[10.5,7.5,11.75,8.75],"texture":"#main"},"west":{"uv":[0,7,3.25,8.25],"texture":"#main"},"up":{"uv":[4.75,10.25,3.5,7],"texture":"#main"},"down":{"uv":[6.25,7.5,5,10.75],"texture":"#main"}}},{"from":[-8.02881,14.80458,-10.04515],"to":[-5.98881,17.86458,-8.00515],"rotation":{"angle":45,"axis":"y","origin":[-6.80238,9.22008,-3.92686]},"faces":{"north":{"uv":[8,4.5,8.5,5.5],"texture":"#main"},"east":{"uv":[8,9.5,8.5,10.5],"texture":"#main"},"south":{"uv":[1.5,10.5,2,11.5],"texture":"#main"},"west":{"uv":[10.5,1.5,11,2.5],"texture":"#main"},"up":{"uv":[12,3,11.5,2.5],"texture":"#main"},"down":{"uv":[12,3,11.5,3.5],"texture":"#main"}}},{"from":[-15.50776,13.47858,-5.95892],"to":[-12.44776,15.11058,-3.91892],"rotation":{"angle":-22.5,"axis":"y","origin":[-6.80238,9.22008,-3.92686]},"faces":{"north":{"uv":[8,10.5,9,11],"texture":"#main"},"east":{"uv":[11.5,3.5,12,4],"texture":"#main"},"south":{"uv":[9,10.5,10,11],"texture":"#main"},"west":{"uv":[11.5,4,12,4.5],"texture":"#main"},"up":{"uv":[11.5,9.5,10.5,9],"texture":"#main"},"down":{"uv":[11.5,9.5,10.5,10],"texture":"#main"}}},{"from":[-15.50776,11.43858,-5.95892],"to":[-12.44776,13.07058,-3.91892],"rotation":{"angle":-22.5,"axis":"y","origin":[-6.80238,9.22008,-3.92686]},"faces":{"north":{"uv":[10,10.5,11,11],"texture":"#main"},"east":{"uv":[4.5,11.5,5,12],"texture":"#main"},"south":{"uv":[10.5,10,11.5,10.5],"texture":"#main"},"west":{"uv":[11.5,4.5,12,5],"texture":"#main"},"up":{"uv":[12,2,11,1.5],"texture":"#main"},"down":{"uv":[3,11,2,11.5],"texture":"#main"}}},{"from":[5.1888,11.23458,-9.64254],"to":[9.2688,15.31458,1.06746],"rotation":{"angle":-45,"axis":"y","origin":[6.93999,9.22008,-3.42686]},"faces":{"north":{"uv":[11.75,6,10.5,7.25],"texture":"#main"},"east":{"uv":[3.25,7,0,8.25],"texture":"#main"},"south":{"uv":[11.75,7.5,10.5,8.75],"texture":"#main"},"west":{"uv":[8.25,6,5,7.25],"texture":"#main"},"up":{"uv":[3.5,10.25,4.75,7],"texture":"#main"},"down":{"uv":[5,7.5,6.25,10.75],"texture":"#main"}}},{"from":[6.12642,14.80458,-9.54515],"to":[8.16642,17.86458,-7.50515],"rotation":{"angle":-45,"axis":"y","origin":[6.93999,9.22008,-3.42686]},"faces":{"north":{"uv":[8.5,4.5,8,5.5],"texture":"#main"},"east":{"uv":[11,1.5,10.5,2.5],"texture":"#main"},"south":{"uv":[2,10.5,1.5,11.5],"texture":"#main"},"west":{"uv":[8.5,9.5,8,10.5],"texture":"#main"},"up":{"uv":[11.5,3,12,2.5],"texture":"#main"},"down":{"uv":[11.5,3,12,3.5],"texture":"#main"}}},{"from":[12.58538,13.47858,-5.45892],"to":[15.64538,15.11058,-3.41892],"rotation":{"angle":22.5,"axis":"y","origin":[6.93999,9.22008,-3.42686]},"faces":{"north":{"uv":[9,10.5,8,11],"texture":"#main"},"east":{"uv":[12,4,11.5,4.5],"texture":"#main"},"south":{"uv":[10,10.5,9,11],"texture":"#main"},"west":{"uv":[12,3.5,11.5,4],"texture":"#main"},"up":{"uv":[10.5,9.5,11.5,9],"texture":"#main"},"down":{"uv":[10.5,9.5,11.5,10],"texture":"#main"}}},{"from":[12.58538,11.43858,-5.45892],"to":[15.64538,13.07058,-3.41892],"rotation":{"angle":22.5,"axis":"y","origin":[6.93999,9.22008,-3.42686]},"faces":{"north":{"uv":[11,10.5,10,11],"texture":"#main"},"east":{"uv":[12,4.5,11.5,5],"texture":"#main"},"south":{"uv":[11.5,10,10.5,10.5],"texture":"#main"},"west":{"uv":[5,11.5,4.5,12],"texture":"#main"},"up":{"uv":[11,2,12,1.5],"texture":"#main"},"down":{"uv":[2,11,3,11.5],"texture":"#main"}}},{"from":[-4.97488,0.01458,-2.79593],"to":[-0.08738,8.17458,2.30407],"rotation":{"angle":0,"axis":"y","origin":[-4.37988,9.22008,-3.92686]},"faces":{"north":{"uv":[2,8.5,3.5,11],"texture":"#main"},"east":{"uv":[9,0,10.5,2.5],"texture":"#main"},"south":{"uv":[6.5,9.5,8,12],"texture":"#main"},"west":{"uv":[0,10.5,1.5,13],"texture":"#main"},"up":{"uv":[11.5,4,10,2.5],"texture":"#main"},"down":{"uv":[12,0,10.5,1.5],"texture":"#main"}}},{"from":[-4.16738,0.01458,-4.32593],"to":[-1.10738,2.05458,-2.79593],"rotation":{"angle":0,"axis":"y","origin":[-4.37988,9.22008,-3.92686]},"faces":{"north":{"uv":[6,2.5,7,3],"texture":"#main"},"east":{"uv":[8,5.5,8.5,6],"texture":"#main"},"south":{"uv":[6,3,7,3.5],"texture":"#main"},"west":{"uv":[10,4,10.5,4.5],"texture":"#main"},"up":{"uv":[8,3,7,2.5],"texture":"#main"},"down":{"uv":[8,3,7,3.5],"texture":"#main"}}},{"from":[0.12999,0.01458,-2.79593],"to":[5.01749,8.17458,2.30407],"rotation":{"angle":0,"axis":"y","origin":[4.42249,9.22008,-3.92686]},"faces":{"north":{"uv":[3.5,8.5,2,11],"texture":"#main"},"east":{"uv":[1.5,10.5,0,13],"texture":"#main"},"south":{"uv":[8,9.5,6.5,12],"texture":"#main"},"west":{"uv":[10.5,0,9,2.5],"texture":"#main"},"up":{"uv":[10,4,11.5,2.5],"texture":"#main"},"down":{"uv":[10.5,0,12,1.5],"texture":"#main"}}},{"from":[1.14999,0.01458,-4.32593],"to":[4.20999,2.05458,-2.79593],"rotation":{"angle":0,"axis":"y","origin":[4.42249,9.22008,-3.92686]},"faces":{"north":{"uv":[7,2.5,6,3],"texture":"#main"},"east":{"uv":[10.5,4,10,4.5],"texture":"#main"},"south":{"uv":[7,3,6,3.5],"texture":"#main"},"west":{"uv":[8.5,5.5,8,6],"texture":"#main"},"up":{"uv":[7,3,8,2.5],"texture":"#main"},"down":{"uv":[7,3,8,3.5],"texture":"#main"}}}],"display":{"head":{"translation":[9.25,-33.5,10.75],"scale":[1.2,1.2,1.2]}},"groups":[{"name":"Throh","origin":[0.1517,-0.26368,-0.37114],"color":0,"children":[{"name":"body","origin":[-0.00845,7.08852,-0.46176],"color":0,"children":[0,1,2,{"name":"head","origin":[0.04012,14.52105,-1.32205],"color":0,"children":[3,4,5]},{"name":"arm_l","origin":[-5.06428,14.03958,-0.48318],"color":0,"children":[6,7,8,9]},{"name":"arm_r","origin":[4.18999,12.72008,-1.17686],"color":0,"children":[10,11,12,13]}]},{"name":"leg_l","origin":[-2.58426,5.06458,0.59657],"color":0,"children":[14,15]},{"name":"leg_r","origin":[2.62687,5.06458,-0.15343],"color":0,"children":[16,17]}]}]}