{"credit":"Made with Blockbench","texture_size":[32,32],"textures":{"main":"pokemon/togetic","particle":"pokemon/togetic"},"elements":[{"from":[6,0,6],"to":[10,4,10],"rotation":{"angle":0,"axis":"x","origin":[7,1,12]},"faces":{"north":{"uv":[5,3,7,5],"texture":"#main"},"east":{"uv":[5,5,7,7],"texture":"#main"},"south":{"uv":[7,3,9,5],"texture":"#main"},"west":{"uv":[5,7,7,9],"texture":"#main"},"up":{"uv":[9,7,7,5],"texture":"#main"},"down":{"uv":[9,7,7,9],"texture":"#main"}}},{"from":[4,3,8],"to":[12,6,8],"rotation":{"angle":0,"axis":"x","origin":[7,1,12.5]},"faces":{"north":{"uv":[5,0,9,1.5],"texture":"#main"},"east":{"uv":[0,0,0,1.5],"texture":"#main"},"south":{"uv":[5,1.5,9,3],"texture":"#main"},"west":{"uv":[0,0,0,1.5],"texture":"#main"},"up":{"uv":[4,0,0,0],"texture":"#main"},"down":{"uv":[4,0,0,0],"texture":"#main"}}},{"from":[3.75,0,8],"to":[13.75,8,8],"rotation":{"angle":-45,"axis":"y","origin":[8,1.5,8]},"faces":{"north":{"uv":[5,4,0,8],"texture":"#main"},"east":{"uv":[0,0,0,4],"texture":"#main"},"south":{"uv":[0,4,5,8],"texture":"#main"},"west":{"uv":[0,0,0,4],"texture":"#main"},"up":{"uv":[5,0,0,0],"texture":"#main"},"down":{"uv":[5,0,0,0],"texture":"#main"}}},{"from":[2.25,0,8],"to":[12.25,8,8],"rotation":{"angle":45,"axis":"y","origin":[8,1.5,8]},"faces":{"north":{"uv":[0,4,5,8],"texture":"#main"},"east":{"uv":[0,0,0,4],"texture":"#main"},"south":{"uv":[5,4,0,8],"texture":"#main"},"west":{"uv":[0,0,0,4],"texture":"#main"},"up":{"uv":[0,0,5,0],"texture":"#main"},"down":{"uv":[0,0,5,0],"texture":"#main"}}},{"from":[6.5,6,6.5],"to":[9.5,9,9.5],"rotation":{"angle":0,"axis":"x","origin":[6.5,7,12]},"faces":{"north":{"uv":[0,8,1.5,9.5],"texture":"#main"},"east":{"uv":[1.5,8,3,9.5],"texture":"#main"},"south":{"uv":[3,8,4.5,9.5],"texture":"#main"},"west":{"uv":[9,0,10.5,1.5],"texture":"#main"},"up":{"uv":[10.5,3,9,1.5],"texture":"#main"},"down":{"uv":[10.5,3,9,4.5],"texture":"#main"}}}],"display":{"head":{"translation":[0,-30,0],"scale":[1.6,1.6,1.6]}}}