{"parent":"physical_parent","textures":{"main":"pokemon/typhlosion"},"elements":[{"rotation":{"origin":[18,-5,19],"angle":0,"axis":"y"},"from":[2,-7,4.01],"to":[14,10,14.01],"faces":{"east":{"uv":[0,1.25,1.25,3.375],"texture":"#main"},"south":{"uv":[4,1.25,5.5,3.375],"texture":"#main"},"north":{"uv":[1.25,1.25,2.75,3.375],"texture":"#main"},"west":{"uv":[2.75,1.25,4,3.375],"texture":"#main"},"up":{"uv":[2.75,1.25,1.25,0],"texture":"#main"},"down":{"uv":[4.25,0,2.75,1.25],"texture":"#main"}}},{"rotation":{"origin":[18,12,19],"angle":0,"axis":"y"},"from":[4,10,4.01],"to":[12,18,13.01],"faces":{"east":{"uv":[0,8.75,1.125,9.75],"texture":"#main"},"south":{"uv":[3.25,8.75,4.25,9.75],"texture":"#main"},"north":{"uv":[1.125,8.75,2.125,9.75],"texture":"#main"},"west":{"uv":[2.125,8.75,3.25,9.75],"texture":"#main"},"up":{"uv":[2.125,8.75,1.125,7.625],"texture":"#main"},"down":{"uv":[3.125,7.625,2.125,8.75],"texture":"#main"}}},{"rotation":{"origin":[10,-5,19.01],"angle":0,"axis":"y"},"from":[0,-8,3],"to":[5,1,13],"faces":{"east":{"uv":[4.25,9.125,5.5,10.25],"texture":"#main"},"south":{"uv":[7.375,9.125,8,10.25],"texture":"#main"},"north":{"uv":[5.5,9.125,6.125,10.25],"texture":"#main"},"west":{"uv":[6.125,9.125,7.375,10.25],"texture":"#main"},"up":{"uv":[6.125,9.125,5.5,7.875],"texture":"#main"},"down":{"uv":[6.75,7.875,6.125,9.125],"texture":"#main"}}},{"rotation":{"origin":[20,-5,19.01],"angle":0,"axis":"y"},"from":[11,-8,3],"to":[16,1,13],"faces":{"east":{"uv":[7.75,3.75,9,4.875],"texture":"#main"},"south":{"uv":[10.875,3.75,11.5,4.875],"texture":"#main"},"north":{"uv":[9,3.75,9.625,4.875],"texture":"#main"},"west":{"uv":[9.625,3.75,10.875,4.875],"texture":"#main"},"up":{"uv":[9.625,3.75,9,2.5],"texture":"#main"},"down":{"uv":[10.25,2.5,9.625,3.75],"texture":"#main"}}},{"rotation":{"origin":[18,3,25],"angle":0,"axis":"y"},"from":[8,-7,11],"to":[8,11,27],"faces":{"east":{"uv":[14,4.375,16,6.625],"texture":"#main"},"west":{"uv":[2.125,5.375,4.125,7.625],"texture":"#main"}}},{"rotation":{"origin":[3,9,22],"angle":45,"axis":"x"},"from":[0,5,12],"to":[16,21,12],"faces":{"east":{"uv":[15.875,6.5,16,8.5],"texture":"#main"},"south":{"uv":[8.125,8.125,10.125,10.125],"texture":"#main"},"north":{"uv":[14,6.625,16,8.625],"texture":"#main"},"west":{"uv":[15.875,6.875,16,8.875],"texture":"#main"},"up":{"uv":[16,6.875,14,6.75],"texture":"#main"},"down":{"uv":[16,6,14,6.125],"texture":"#main"}}},{"rotation":{"origin":[-13,9,22],"angle":45,"axis":"x"},"from":[-4,5,12],"to":[0,21,12],"faces":{"south":{"uv":[4.625,10.375,5.125,12.375],"texture":"#main"},"north":{"uv":[6.25,14,6.75,16],"texture":"#main"}}},{"rotation":{"origin":[7,9,22],"angle":45,"axis":"x"},"from":[16,5,12],"to":[20,21,12],"faces":{"east":{"uv":[4.125,14,4.25,16],"texture":"#main"},"south":{"uv":[5.875,10.375,6.375,12.375],"texture":"#main"},"north":{"uv":[4.125,14,4.625,16],"texture":"#main"},"west":{"uv":[6.125,14,6.25,16],"texture":"#main"},"up":{"uv":[4.875,14.25,4.375,14.125],"texture":"#main"},"down":{"uv":[5.25,14.625,4.75,14.75],"texture":"#main"}}},{"rotation":{"origin":[-6,24,14],"angle":-22.5,"axis":"x"},"from":[4,20,8],"to":[4,28,16],"faces":{"east":{"uv":[2.375,12.875,3.375,13.875],"texture":"#main"},"south":{"uv":[2.625,12.625,2.75,13.625],"texture":"#main"},"north":{"uv":[2.375,12.625,2.5,13.625],"texture":"#main"},"west":{"uv":[1.125,10.75,2.125,11.75],"texture":"#main"},"up":{"uv":[2.75,13.25,2.625,12.25],"texture":"#main"},"down":{"uv":[1.5,13.125,1.375,14.125],"texture":"#main"}}},{"rotation":{"origin":[-6,24,14],"angle":-22.5,"axis":"x"},"from":[12,20,8],"to":[12,28,16],"faces":{"east":{"uv":[0,10.75,1,11.75],"texture":"#main"},"south":{"uv":[2.875,13.875,3,14.875],"texture":"#main"},"north":{"uv":[1.625,13.75,1.75,14.75],"texture":"#main"},"west":{"uv":[1.5,13.875,2.5,14.875],"texture":"#main"},"up":{"uv":[5.75,13.625,5.625,12.625],"texture":"#main"},"down":{"uv":[3.5,13.375,3.375,14.375],"texture":"#main"}}},{"rotation":{"origin":[15,19,14],"angle":0,"axis":"y"},"from":[5,15,8],"to":[5,23,14],"faces":{"east":{"uv":[9.125,10.875,9.875,11.875],"texture":"#main"},"south":{"uv":[10.75,10.875,10.875,11.875],"texture":"#main"},"north":{"uv":[9.875,10.875,10,11.875],"texture":"#main"},"west":{"uv":[10,10.875,10.75,11.875],"texture":"#main"},"up":{"uv":[10,10.875,9.875,10.125],"texture":"#main"},"down":{"uv":[10.125,10.125,10,10.875],"texture":"#main"}}},{"rotation":{"origin":[18,15,20],"angle":45,"axis":"z"},"from":[9,7,7],"to":[12,18,10],"faces":{"east":{"uv":[7.625,10.5,8,11.875],"texture":"#main"},"south":{"uv":[8.75,10.5,9.125,11.875],"texture":"#main"},"north":{"uv":[8,10.5,8.375,11.875],"texture":"#main"},"west":{"uv":[8.375,10.5,8.75,11.875],"texture":"#main"},"up":{"uv":[8.375,10.5,8,10.125],"texture":"#main"},"down":{"uv":[8.75,10.125,8.375,10.5],"texture":"#main"}}},{"rotation":{"origin":[-2,15,20],"angle":-45,"axis":"z"},"from":[4,7,7],"to":[7,18,10],"faces":{"east":{"uv":[0,3.75,0.375,5.125],"texture":"#main"},"south":{"uv":[1.125,3.75,1.5,5.125],"texture":"#main"},"north":{"uv":[0.375,3.75,0.75,5.125],"texture":"#main"},"west":{"uv":[0.75,3.75,1.125,5.125],"texture":"#main"},"up":{"uv":[0.75,3.75,0.375,3.375],"texture":"#main"},"down":{"uv":[1.125,3.375,0.75,3.75],"texture":"#main"}}},{"rotation":{"origin":[12,-5,5],"angle":-45,"axis":"y"},"from":[0,-10,10],"to":[6,-8,13],"faces":{"east":{"uv":[4.25,1,4.625,1.25],"texture":"#main"},"south":{"uv":[5.75,1,6.5,1.25],"texture":"#main"},"north":{"uv":[4.625,1,5.375,1.25],"texture":"#main"},"west":{"uv":[5.375,1,5.75,1.25],"texture":"#main"},"up":{"uv":[5.375,1,4.625,0.625],"texture":"#main"},"down":{"uv":[6.125,0.625,5.375,1],"texture":"#main"}}},{"rotation":{"origin":[4,-5,5],"angle":45,"axis":"y"},"from":[10,-10,10],"to":[16,-8,13],"faces":{"east":{"uv":[4.25,0.375,4.625,0.625],"texture":"#main"},"south":{"uv":[5.75,0.375,6.5,0.625],"texture":"#main"},"north":{"uv":[4.625,0.375,5.375,0.625],"texture":"#main"},"west":{"uv":[5.375,0.375,5.75,0.625],"texture":"#main"},"up":{"uv":[5.375,0.375,4.625,0],"texture":"#main"},"down":{"uv":[6.125,0,5.375,0.375],"texture":"#main"}}},{"rotation":{"origin":[18,24,19],"angle":0,"axis":"y"},"from":[3,14,4],"to":[13,24,14],"faces":{"east":{"uv":[4.25,6.625,5.5,7.875],"texture":"#main"},"south":{"uv":[8,6.625,9.25,7.875],"texture":"#main"},"north":{"uv":[5.5,6.625,6.75,7.875],"texture":"#main"},"west":{"uv":[6.75,6.625,8,7.875],"texture":"#main"},"up":{"uv":[6.75,6.625,5.5,5.375],"texture":"#main"},"down":{"uv":[8,5.375,6.75,6.625],"texture":"#main"}}},{"rotation":{"origin":[18,25,11],"angle":-22.5,"axis":"x"},"from":[4,20,-3],"to":[12,22,4],"faces":{"east":{"uv":[9.25,7.375,10.125,7.625],"texture":"#main"},"south":{"uv":[12,7.375,13,7.625],"texture":"#main"},"north":{"uv":[10.125,7.375,11.125,7.625],"texture":"#main"},"west":{"uv":[11.125,7.375,12,7.625],"texture":"#main"},"up":{"uv":[11.125,7.375,10.125,6.5],"texture":"#main"},"down":{"uv":[12.125,6.5,11.125,7.375],"texture":"#main"}}},{"rotation":{"origin":[18,28,11],"angle":0,"axis":"x"},"from":[4,18,-1],"to":[12,23,7],"faces":{"east":{"uv":[8,5.875,9,6.5],"texture":"#main"},"south":{"uv":[11,5.875,12,6.5],"texture":"#main"},"north":{"uv":[9,5.875,10,6.5],"texture":"#main"},"west":{"uv":[10,5.875,11,6.5],"texture":"#main"},"up":{"uv":[10,5.875,9,4.875],"texture":"#main"},"down":{"uv":[11,4.875,10,5.875],"texture":"#main"}}}],"display":{"head":{"translation":[0,-20.25,0],"scale":[1.26953,1.26953,1.26953]}},"credit":"Made with Blockbench"}