{"parent":"physical_parent","textures":{"main":"pokemon/umbreon"},"elements":[{"rotation":{"origin":[8,1,8],"angle":0,"axis":"y"},"from":[6,8,-6],"to":[13,15,1],"faces":{"east":{"uv":[0,5.25,1.75,7],"texture":"#main"},"south":{"uv":[5.25,5.25,7,7],"texture":"#main"},"north":{"uv":[1.75,5.25,3.5,7],"texture":"#main"},"west":{"uv":[3.5,5.25,5.25,7],"texture":"#main"},"up":{"uv":[3.5,5.25,1.75,3.5],"texture":"#main"},"down":{"uv":[5.25,3.5,3.5,5.25],"texture":"#main"}}},{"rotation":{"origin":[8,-1,8],"angle":0,"axis":"y"},"from":[7,1,-3.01],"to":[12,10,0.99],"faces":{"east":{"uv":[9,4.25,10,6.5],"texture":"#main"},"south":{"uv":[12.25,4.25,13.5,6.5],"texture":"#main"},"north":{"uv":[10,4.25,11.25,6.5],"texture":"#main"},"west":{"uv":[11.25,4.25,12.25,6.5],"texture":"#main"},"up":{"uv":[11.25,4.25,10,3.25],"texture":"#main"},"down":{"uv":[12.5,3.25,11.25,4.25],"texture":"#main"}}},{"rotation":{"origin":[8,-1,8],"angle":0,"axis":"y"},"from":[6,-2,-4],"to":[13,5,2],"faces":{"east":{"uv":[0,9.5,1.5,11.25],"texture":"#main"},"south":{"uv":[4.75,9.5,6.5,11.25],"texture":"#main"},"north":{"uv":[1.5,9.5,3.25,11.25],"texture":"#main"},"west":{"uv":[3.25,9.5,4.75,11.25],"texture":"#main"},"up":{"uv":[3.25,9.5,1.5,8],"texture":"#main"},"down":{"uv":[5,8,3.25,9.5],"texture":"#main"}}},{"rotation":{"origin":[8,-2,8],"angle":0,"axis":"y"},"from":[5,-5,7.5],"to":[7,2,12.5],"faces":{"east":{"uv":[12.25,13.5,13.5,15.25],"texture":"#main"},"south":{"uv":[15.25,13.5,15.75,15.25],"texture":"#main"},"north":{"uv":[13.5,13.5,14,15.25],"texture":"#main"},"west":{"uv":[14,13.5,15.25,15.25],"texture":"#main"},"up":{"uv":[14,13.5,13.5,12.25],"texture":"#main"},"down":{"uv":[14.5,12.25,14,13.5],"texture":"#main"}}},{"rotation":{"origin":[15,-2,8],"angle":0,"axis":"x"},"from":[12,-5,7.5],"to":[14,2,12.5],"faces":{"east":{"uv":[0,12.5,1.25,14.25],"texture":"#main"},"south":{"uv":[3,12.5,3.5,14.25],"texture":"#main"},"north":{"uv":[1.25,12.5,1.75,14.25],"texture":"#main"},"west":{"uv":[1.75,12.5,3,14.25],"texture":"#main"},"up":{"uv":[1.75,12.5,1.25,11.25],"texture":"#main"},"down":{"uv":[2.25,11.25,1.75,12.5],"texture":"#main"}}},{"rotation":{"origin":[8,-2,-3],"angle":0,"axis":"x"},"from":[5,-5,-3.5],"to":[7,2,1.5],"faces":{"east":{"uv":[8.75,12,10,13.75],"texture":"#main"},"south":{"uv":[11.75,12,12.25,13.75],"texture":"#main"},"north":{"uv":[10,12,10.5,13.75],"texture":"#main"},"west":{"uv":[10.5,12,11.75,13.75],"texture":"#main"},"up":{"uv":[10.5,12,10,10.75],"texture":"#main"},"down":{"uv":[11,10.75,10.5,12],"texture":"#main"}}},{"rotation":{"origin":[15,-2,-3],"angle":0,"axis":"x"},"from":[12,-5,-3.5],"to":[14,2,1.5],"faces":{"east":{"uv":[5.25,12,6.5,13.75],"texture":"#main"},"south":{"uv":[8.25,12,8.75,13.75],"texture":"#main"},"north":{"uv":[6.5,12,7,13.75],"texture":"#main"},"west":{"uv":[7,12,8.25,13.75],"texture":"#main"},"up":{"uv":[7,12,6.5,10.75],"texture":"#main"},"down":{"uv":[7.5,10.75,7,12],"texture":"#main"}}},{"rotation":{"origin":[8,-4.50629,9.49059],"angle":22.5,"axis":"x"},"from":[5,-11.50629,11.99059],"to":[7,-7.50629,13.99059],"faces":{"east":{"uv":[5.5,14.25,6,15.25],"texture":"#main"},"south":{"uv":[7,14.25,7.5,15.25],"texture":"#main"},"north":{"uv":[6,14.25,6.5,15.25],"texture":"#main"},"west":{"uv":[6.5,14.25,7,15.25],"texture":"#main"},"up":{"uv":[6.5,14.25,6,13.75],"texture":"#main"},"down":{"uv":[7,13.75,6.5,14.25],"texture":"#main"}}},{"rotation":{"origin":[15,-4.50629,9.49059],"angle":22.5,"axis":"x"},"from":[12,-11.50629,11.99059],"to":[14,-7.50629,13.99059],"faces":{"east":{"uv":[3.5,13.75,4,14.75],"texture":"#main"},"south":{"uv":[5,13.75,5.5,14.75],"texture":"#main"},"north":{"uv":[4,13.75,4.5,14.75],"texture":"#main"},"west":{"uv":[4.5,13.75,5,14.75],"texture":"#main"},"up":{"uv":[4.5,13.75,4,13.25],"texture":"#main"},"down":{"uv":[5,13.25,4.5,13.75],"texture":"#main"}}},{"rotation":{"origin":[8,-4.50629,-1.50941],"angle":22.5,"axis":"x"},"from":[5,-11.50629,0.99059],"to":[7,-7.50629,2.99059],"faces":{"east":{"uv":[12.75,10,13.25,11],"texture":"#main"},"south":{"uv":[14.25,10,14.75,11],"texture":"#main"},"north":{"uv":[13.25,10,13.75,11],"texture":"#main"},"west":{"uv":[13.75,10,14.25,11],"texture":"#main"},"up":{"uv":[13.75,10,13.25,9.5],"texture":"#main"},"down":{"uv":[14.25,9.5,13.75,10],"texture":"#main"}}},{"rotation":{"origin":[15,-4.50629,-1.50941],"angle":22.5,"axis":"x"},"from":[12,-11.50629,0.99059],"to":[14,-7.50629,2.99059],"faces":{"east":{"uv":[6.5,0.5,7,1.5],"texture":"#main"},"south":{"uv":[8,0.5,8.5,1.5],"texture":"#main"},"north":{"uv":[7,0.5,7.5,1.5],"texture":"#main"},"west":{"uv":[7.5,0.5,8,1.5],"texture":"#main"},"up":{"uv":[7.5,0.5,7,0],"texture":"#main"},"down":{"uv":[8,0,7.5,0.5],"texture":"#main"}}},{"rotation":{"origin":[8,-3.69552,6.46927],"angle":0,"axis":"y"},"from":[5,-12.69552,7.96927],"to":[7,-10.69552,10.96927],"faces":{"east":{"uv":[11,11.5,11.75,12],"texture":"#main"},"south":{"uv":[13,11.5,13.5,12],"texture":"#main"},"north":{"uv":[11.75,11.5,12.25,12],"texture":"#main"},"west":{"uv":[12.25,11.5,13,12],"texture":"#main"},"up":{"uv":[12.25,11.5,11.75,10.75],"texture":"#main"},"down":{"uv":[12.75,10.75,12.25,11.5],"texture":"#main"}}},{"rotation":{"origin":[15,-3.69552,6.46927],"angle":0,"axis":"y"},"from":[12,-12.69552,7.96927],"to":[14,-10.69552,10.96927],"faces":{"east":{"uv":[7.5,11.5,8.25,12],"texture":"#main"},"south":{"uv":[9.5,11.5,10,12],"texture":"#main"},"north":{"uv":[8.25,11.5,8.75,12],"texture":"#main"},"west":{"uv":[8.75,11.5,9.5,12],"texture":"#main"},"up":{"uv":[8.75,11.5,8.25,10.75],"texture":"#main"},"down":{"uv":[9.25,10.75,8.75,11.5],"texture":"#main"}}},{"rotation":{"origin":[8,-3.69552,-4.53073],"angle":0,"axis":"y"},"from":[5,-12.69552,-3.03073],"to":[7,-10.69552,-0.03073],"faces":{"east":{"uv":[5,8.75,5.75,9.25],"texture":"#main"},"south":{"uv":[7,8.75,7.5,9.25],"texture":"#main"},"north":{"uv":[5.75,8.75,6.25,9.25],"texture":"#main"},"west":{"uv":[6.25,8.75,7,9.25],"texture":"#main"},"up":{"uv":[6.25,8.75,5.75,8],"texture":"#main"},"down":{"uv":[6.75,8,6.25,8.75],"texture":"#main"}}},{"rotation":{"origin":[15,-3.69552,-4.53073],"angle":0,"axis":"y"},"from":[12,-12.69552,-3.03073],"to":[14,-10.69552,-0.03073],"faces":{"east":{"uv":[5.25,4.25,6,4.75],"texture":"#main"},"south":{"uv":[7.25,4.25,7.75,4.75],"texture":"#main"},"north":{"uv":[6,4.25,6.5,4.75],"texture":"#main"},"west":{"uv":[6.5,4.25,7.25,4.75],"texture":"#main"},"up":{"uv":[6.5,4.25,6,3.5],"texture":"#main"},"down":{"uv":[7,3.5,6.5,4.25],"texture":"#main"}}},{"rotation":{"origin":[8,-3,5],"angle":0,"axis":"y"},"from":[5,-9,10.5],"to":[7,-5,12.5],"faces":{"east":{"uv":[13.5,4.75,14,5.75],"texture":"#main"},"south":{"uv":[15,4.75,15.5,5.75],"texture":"#main"},"north":{"uv":[14,4.75,14.5,5.75],"texture":"#main"},"west":{"uv":[14.5,4.75,15,5.75],"texture":"#main"},"up":{"uv":[14.5,4.75,14,4.25],"texture":"#main"},"down":{"uv":[15,4.25,14.5,4.75],"texture":"#main"}}},{"rotation":{"origin":[15,-3,5],"angle":0,"axis":"y"},"from":[12,-9,10.5],"to":[14,-5,12.5],"faces":{"east":{"uv":[13.5,1.5,14,2.5],"texture":"#main"},"south":{"uv":[15,1.5,15.5,2.5],"texture":"#main"},"north":{"uv":[14,1.5,14.5,2.5],"texture":"#main"},"west":{"uv":[14.5,1.5,15,2.5],"texture":"#main"},"up":{"uv":[14.5,1.5,14,1],"texture":"#main"},"down":{"uv":[15,1,14.5,1.5],"texture":"#main"}}},{"rotation":{"origin":[8,-3,-6],"angle":0,"axis":"y"},"from":[5,-9,-0.5],"to":[7,-5,1.5],"faces":{"east":{"uv":[13,3.25,13.5,4.25],"texture":"#main"},"south":{"uv":[14.5,3.25,15,4.25],"texture":"#main"},"north":{"uv":[13.5,3.25,14,4.25],"texture":"#main"},"west":{"uv":[14,3.25,14.5,4.25],"texture":"#main"},"up":{"uv":[14,3.25,13.5,2.75],"texture":"#main"},"down":{"uv":[14.5,2.75,14,3.25],"texture":"#main"}}},{"rotation":{"origin":[15,-3,-6],"angle":0,"axis":"y"},"from":[12,-9,-0.5],"to":[14,-5,1.5],"faces":{"east":{"uv":[12,0.5,12.5,1.5],"texture":"#main"},"south":{"uv":[13.5,0.5,14,1.5],"texture":"#main"},"north":{"uv":[12.5,0.5,13,1.5],"texture":"#main"},"west":{"uv":[13,0.5,13.5,1.5],"texture":"#main"},"up":{"uv":[13,0.5,12.5,0],"texture":"#main"},"down":{"uv":[13.5,0,13,0.5],"texture":"#main"}}},{"rotation":{"origin":[8,-1,8],"angle":0,"axis":"y"},"from":[6,-2,7],"to":[13,5,13],"faces":{"east":{"uv":[7,1.5,8.5,3.25],"texture":"#main"},"south":{"uv":[11.75,1.5,13.5,3.25],"texture":"#main"},"north":{"uv":[8.5,1.5,10.25,3.25],"texture":"#main"},"west":{"uv":[10.25,1.5,11.75,3.25],"texture":"#main"},"up":{"uv":[10.25,1.5,8.5,0],"texture":"#main"},"down":{"uv":[12,0,10.25,1.5],"texture":"#main"}}},{"rotation":{"origin":[8,-1,8],"angle":-45,"axis":"x"},"from":[8,-3,15],"to":[12,1,24],"faces":{"east":{"uv":[4.75,7,7,8],"texture":"#main"},"south":{"uv":[10.25,7,11.25,8],"texture":"#main"},"north":{"uv":[7,7,8,8],"texture":"#main"},"west":{"uv":[8,7,10.25,8],"texture":"#main"},"up":{"uv":[8,7,7,4.75],"texture":"#main"},"down":{"uv":[9,4.75,8,7],"texture":"#main"}}},{"rotation":{"origin":[8,-1,8],"angle":-45,"axis":"x"},"from":[7,-4,17],"to":[13,2,21],"faces":{"east":{"uv":[10.5,8,11.5,9.5],"texture":"#main"},"south":{"uv":[14,8,15.5,9.5],"texture":"#main"},"north":{"uv":[11.5,8,13,9.5],"texture":"#main"},"west":{"uv":[13,8,14,9.5],"texture":"#main"},"up":{"uv":[13,8,11.5,7],"texture":"#main"},"down":{"uv":[14.5,7,13,8],"texture":"#main"}}},{"rotation":{"origin":[8,-1,8],"angle":-45,"axis":"x"},"from":[9,-2,14],"to":[11,0,26],"faces":{"east":{"uv":[0,3,3,3.5],"texture":"#main"},"south":{"uv":[6.5,3,7,3.5],"texture":"#main"},"north":{"uv":[3,3,3.5,3.5],"texture":"#main"},"west":{"uv":[3.5,3,6.5,3.5],"texture":"#main"},"up":{"uv":[3.5,3,3,0],"texture":"#main"},"down":{"uv":[4,0,3.5,3],"texture":"#main"}}},{"rotation":{"origin":[8,-1,8],"angle":0,"axis":"y"},"from":[7,-1,2],"to":[12,4,8],"faces":{"east":{"uv":[6.5,9.5,8,10.75],"texture":"#main"},"south":{"uv":[10.75,9.5,12,10.75],"texture":"#main"},"north":{"uv":[8,9.5,9.25,10.75],"texture":"#main"},"west":{"uv":[9.25,9.5,10.75,10.75],"texture":"#main"},"up":{"uv":[9.25,9.5,8,8],"texture":"#main"},"down":{"uv":[10.5,8,9.25,9.5],"texture":"#main"}}},{"rotation":{"origin":[8,7,10],"angle":-22.5,"axis":"x"},"from":[8,14,-5],"to":[11,18,-2],"faces":{"east":{"uv":[2.25,11.5,2.5,12.5],"texture":"#main"},"south":{"uv":[3.5,11.5,4.25,12.5],"texture":"#main"},"north":{"uv":[2.5,11.5,3.25,12.5],"texture":"#main"},"west":{"uv":[3.25,11.5,3.5,12.5],"texture":"#main"},"up":{"uv":[3.25,11.5,2.5,11.25],"texture":"#main"},"down":{"uv":[4,11.25,3.25,11.5],"texture":"#main"}}},{"rotation":{"origin":[9,29,9],"angle":45,"axis":"z"},"from":[-5,19,-1],"to":[-3,23,0],"faces":{"east":{"uv":[6,0.5,6.5,2.5],"texture":"#main"},"south":{"uv":[8,0.5,9,2.5],"texture":"#main"},"north":{"uv":[6.5,0.5,7.5,2.5],"texture":"#main"},"west":{"uv":[7.5,0.5,8,2.5],"texture":"#main"},"up":{"uv":[7.5,0.5,6.5,0],"texture":"#main"},"down":{"uv":[8.5,0,7.5,0.5],"texture":"#main"}}},{"rotation":{"origin":[10,29,9],"angle":-45,"axis":"z"},"from":[22,19,-1],"to":[24,23,0],"faces":{"east":{"uv":[8,0.5,7.5,2.5],"texture":"#main"},"south":{"uv":[9,0.5,8,2.5],"texture":"#main"},"north":{"uv":[7.5,0.5,6.5,2.5],"texture":"#main"},"west":{"uv":[6.5,0.5,6,2.5],"texture":"#main"},"up":{"uv":[6.5,0.5,7.5,0],"texture":"#main"},"down":{"uv":[7.5,0,8.5,0.5],"texture":"#main"}}},{"rotation":{"origin":[9,29,9],"angle":45,"axis":"z"},"from":[-5,28,-1],"to":[-3,32,0],"faces":{"east":{"uv":[8,14.75,7.5,15.25],"texture":"#main"},"south":{"uv":[8,14.75,7.5,15.25],"texture":"#main"},"north":{"uv":[8,14.75,7.5,15.25],"texture":"#main"},"west":{"uv":[8,14.75,7.5,15.25],"texture":"#main"},"up":{"uv":[8,14.75,7.5,15.25],"texture":"#main"},"down":{"uv":[8,14.75,7.5,15.25],"texture":"#main"}}},{"rotation":{"origin":[10,29,9],"angle":-45,"axis":"z"},"from":[22,28,-1],"to":[24,32,0],"faces":{"east":{"uv":[8,14.75,7.5,15.25],"texture":"#main"},"south":{"uv":[8,14.75,7.5,15.25],"texture":"#main"},"north":{"uv":[8,14.75,7.5,15.25],"texture":"#main"},"west":{"uv":[8,14.75,7.5,15.25],"texture":"#main"},"up":{"uv":[8,14.75,7.5,15.25],"texture":"#main"},"down":{"uv":[8,14.75,7.5,15.25],"texture":"#main"}}},{"rotation":{"origin":[9,29,9],"angle":45,"axis":"z"},"from":[-6,21,-1.5],"to":[-2,31,0.5],"faces":{"east":{"uv":[1.25,7,1,9.5],"texture":"#main","rotation":180},"south":{"uv":[0,7,1,9.5],"texture":"#main"},"north":{"uv":[14.75,9.5,15.75,12],"texture":"#main","rotation":180},"west":{"uv":[1.25,7,1,9.5],"texture":"#main","rotation":180},"up":{"uv":[9.25,15,10,14.75],"texture":"#main"},"down":{"uv":[0,9,1,9.5],"texture":"#main"}}},{"rotation":{"origin":[10,29,9],"angle":-45,"axis":"z"},"from":[21,21,-1.5],"to":[25,31,0.5],"faces":{"east":{"uv":[1.25,7,1,9.5],"texture":"#main"},"south":{"uv":[1,7,0,9.5],"texture":"#main"},"north":{"uv":[15.75,9.5,14.75,12],"texture":"#main"},"west":{"uv":[1.25,7,1,9.5],"texture":"#main","rotation":180},"up":{"uv":[9.25,15,10,14.75],"texture":"#main"},"down":{"uv":[0,9,1,9.5],"texture":"#main"}}},{"rotation":{"origin":[9,29,9],"angle":45,"axis":"z"},"from":[-7,24,-1.5],"to":[-6,29,0.5],"faces":{"east":{"uv":[8,14.75,7.5,16],"texture":"#main"},"south":{"uv":[8,14.75,7.5,16],"texture":"#main"},"north":{"uv":[8,14.75,7.5,16],"texture":"#main"},"west":{"uv":[8,14.75,7.5,16],"texture":"#main"},"up":{"uv":[8.25,15.25,8.5,14.75],"texture":"#main"},"down":{"uv":[8.25,15.25,8.5,14.75],"texture":"#main"}}},{"rotation":{"origin":[10,29,9],"angle":-45,"axis":"z"},"from":[25,24,-1.5],"to":[26,29,0.5],"faces":{"east":{"uv":[8,14.75,7.5,16],"texture":"#main"},"south":{"uv":[8,14.75,7.5,16],"texture":"#main"},"north":{"uv":[8,14.75,7.5,16],"texture":"#main"},"west":{"uv":[1,7,0,9.5],"texture":"#main"},"up":{"uv":[8.25,15.25,8.5,14.75],"texture":"#main"},"down":{"uv":[8.25,15.25,8.5,14.75],"texture":"#main"}}},{"rotation":{"origin":[9,29,9],"angle":45,"axis":"z"},"from":[-2,24,-1.5],"to":[-1,29,0.5],"faces":{"east":{"uv":[8,14.75,7.5,16],"texture":"#main"},"south":{"uv":[8,14.75,7.5,16],"texture":"#main"},"north":{"uv":[8,14.75,7.5,16],"texture":"#main"},"west":{"uv":[8,14.75,7.5,16],"texture":"#main"},"up":{"uv":[8.25,15.25,8.5,14.75],"texture":"#main"},"down":{"uv":[8.25,15.25,8.5,14.75],"texture":"#main"}}},{"rotation":{"origin":[10,29,9],"angle":-45,"axis":"z"},"from":[20,24,-1.5],"to":[21,29,0.5],"faces":{"east":{"uv":[7.5,6,6.5,8.5],"texture":"#main"},"south":{"uv":[8,14.75,7.5,16],"texture":"#main"},"north":{"uv":[8,14.75,7.5,16],"texture":"#main"},"west":{"uv":[8,14.75,7.5,16],"texture":"#main"},"up":{"uv":[8.25,15.25,8.5,14.75],"texture":"#main"},"down":{"uv":[8.25,15.25,8.5,14.75],"texture":"#main"}}}],"display":{"head":{"translation":[-1.25,-23,-0.5]}}}