{"parent":"physical_parent","textures":{"main":"pokemon/venonat"},"elements":[{"from":[3,2,4],"to":[12,11,13],"faces":{"east":{"uv":[0,0,2.25,2.25],"texture":"#main"},"south":{"uv":[7.5,0,9.75,2.25],"texture":"#main"},"north":{"uv":[2.5,0,4.75,2.25],"texture":"#main"},"west":{"uv":[5,0,7.25,2.25],"texture":"#main"},"up":{"uv":[5,2.5,7.25,4.75],"texture":"#main","rotation":90},"down":{"uv":[7.5,2.5,9.75,4.75],"texture":"#main","rotation":90}}},{"from":[8,0,10],"to":[13,2,13],"faces":{"east":{"uv":[0,3.75,0.75,4.25],"texture":"#main"},"south":{"uv":[1,3,2,3.5],"texture":"#main"},"north":{"uv":[0,3,1,3.5],"texture":"#main"},"west":{"uv":[0,4.5,0.75,5],"texture":"#main"},"up":{"uv":[1,3.75,2,4.5],"texture":"#main","rotation":180},"down":{"uv":[1,3.75,2,4.5],"texture":"#main","rotation":180}}},{"from":[8,0,4],"to":[13,2,7],"faces":{"east":{"uv":[0,3.75,0.75,4.25],"texture":"#main"},"south":{"uv":[1,3,2,3.5],"texture":"#main"},"north":{"uv":[0,3,1,3.5],"texture":"#main"},"west":{"uv":[0,4.5,0.75,5],"texture":"#main"},"up":{"uv":[1,3.75,2,4.5],"texture":"#main","rotation":180},"down":{"uv":[1,3.75,2,4.5],"texture":"#main","rotation":180}}},{"rotation":{"origin":[9.05,12.5,8.5],"angle":45,"axis":"z"},"from":[9,10,4],"to":[9.1,19,13],"faces":{"east":{"uv":[0,6.5,2.25,8.75],"texture":"#main"},"west":{"uv":[0,6.5,2.25,8.75],"texture":"#main"}}}],"display":{"head":{"rotation":[0,90,0],"translation":[0,-35,0]},"firstperson_righthand":{"scale":[0.0001,0.0001,0.0001]},"thirdperson_lefthand":{"scale":[0.0001,0.0001,0.0001]},"firstperson_lefthand":{"scale":[0.0001,0.0001,0.0001]}}}