{"parent":"physical_parent","textures":{"main":"pokemon/venusaur"},"elements":[{"from":[3,2,3],"to":[13,9,16],"faces":{"east":{"uv":[2.75,4.25,6,6],"texture":"#main"},"south":{"uv":[0,4.25,2.5,6],"texture":"#main"},"north":{"uv":[0,4.25,2.5,6],"texture":"#main"},"west":{"uv":[2.75,4.25,6,6],"texture":"#main"},"up":{"uv":[2.75,6.25,5.25,9.5],"texture":"#main"},"down":{"uv":[0,6.25,2.5,9.5],"texture":"#main"}}},{"from":[3,6,-4],"to":[13,13,3],"faces":{"east":{"uv":[2.75,0,4.5,1.75],"texture":"#main"},"south":{"uv":[2.75,2,5.25,3.75],"texture":"#main"},"north":{"uv":[0,0,2.5,1.75],"texture":"#main"},"west":{"uv":[2.75,0,4.5,1.75],"texture":"#main"},"up":{"uv":[0,2,2.5,3.75],"texture":"#main","rotation":180},"down":{"uv":[2.75,2,5.25,3.75],"texture":"#main"}}},{"from":[1,0,4],"to":[5,8,8],"faces":{"east":{"uv":[6.75,0,7.75,2],"texture":"#main"},"south":{"uv":[6.75,0,7.75,2],"texture":"#main"},"north":{"uv":[5.5,0,6.5,2],"texture":"#main"},"west":{"uv":[6.75,0,7.75,2],"texture":"#main"},"up":{"uv":[5.5,0,6.5,1],"texture":"#main"},"down":{"uv":[5.5,2.25,6.5,3.25],"texture":"#main","rotation":180}}},{"from":[1,0,11],"to":[5,8,15],"faces":{"east":{"uv":[6.75,0,7.75,2],"texture":"#main"},"south":{"uv":[6.75,0,7.75,2],"texture":"#main"},"north":{"uv":[5.5,0,6.5,2],"texture":"#main"},"west":{"uv":[6.75,0,7.75,2],"texture":"#main"},"up":{"uv":[5.5,0,6.5,1],"texture":"#main"},"down":{"uv":[5.5,2.25,6.5,3.25],"texture":"#main","rotation":180}}},{"from":[11,0,11],"to":[15,8,15],"faces":{"east":{"uv":[6.75,0,7.75,2],"texture":"#main"},"south":{"uv":[6.75,0,7.75,2],"texture":"#main"},"north":{"uv":[5.5,0,6.5,2],"texture":"#main"},"west":{"uv":[6.75,0,7.75,2],"texture":"#main"},"up":{"uv":[5.5,0,6.5,1],"texture":"#main"},"down":{"uv":[5.5,2.25,6.5,3.25],"texture":"#main","rotation":180}}},{"from":[11,0,4],"to":[15,8,8],"faces":{"east":{"uv":[6.75,0,7.75,2],"texture":"#main"},"south":{"uv":[6.75,0,7.75,2],"texture":"#main"},"north":{"uv":[5.5,0,6.5,2],"texture":"#main"},"west":{"uv":[6.75,0,7.75,2],"texture":"#main"},"up":{"uv":[5.5,0,6.5,1],"texture":"#main"},"down":{"uv":[5.5,2.25,6.5,3.25],"texture":"#main","rotation":180}}},{"from":[6,9,9],"to":[10,17,13],"faces":{"east":{"uv":[9.5,0.25,10.75,2.25],"texture":"#main"},"south":{"uv":[9.5,0.25,10.75,2.25],"texture":"#main"},"north":{"uv":[9.5,0.25,10.75,2.25],"texture":"#main"},"west":{"uv":[9.5,0.25,10.75,2.25],"texture":"#main"}}},{"from":[2,17,5],"to":[14,17.1,17],"faces":{"up":{"uv":[9.75,3.5,12.75,6.5],"texture":"#main"},"down":{"uv":[9.75,3.5,12.75,6.5],"texture":"#main"}}},{"from":[6,17,9],"to":[6.1,19,13],"faces":{"west":{"uv":[10.75,7,11.75,7.5],"texture":"#main"}}},{"from":[10,17,9],"to":[10.1,19,13],"faces":{"east":{"uv":[10.75,7,11.75,7.5],"texture":"#main"},"west":{"uv":[10.75,7,11.75,7.5],"texture":"#main"}}},{"from":[6,17,9],"to":[10,19,9.1],"faces":{"south":{"uv":[10.75,7,11.75,7.5],"texture":"#main"},"north":{"uv":[10.75,7,11.75,7.5],"texture":"#main"}}},{"from":[6,17,13],"to":[10,19,13.1],"faces":{"south":{"uv":[10.75,7,11.75,7.5],"texture":"#main"},"north":{"uv":[10.75,7,11.75,7.5],"texture":"#main"}}},{"rotation":{"origin":[4.23223,9.05,6.98959],"angle":-45,"axis":"y"},"from":[-1.2678,9,3.9896],"to":[9.7322,9.1,9.9896],"faces":{"up":{"uv":[6.75,3.5,8.25,6.25],"texture":"#main","rotation":90},"down":{"uv":[6.75,3.5,8.25,6.25],"texture":"#main","rotation":90}}},{"rotation":{"origin":[12.01041,9.05,14.76777],"angle":-45,"axis":"y"},"from":[6.5104,9,11.7678],"to":[17.5104,9.1,17.7678],"faces":{"up":{"uv":[6.75,3.5,8.25,6.25],"texture":"#main","rotation":270},"down":{"uv":[6.75,3.5,8.25,6.25],"texture":"#main","rotation":270}}},{"rotation":{"origin":[12.01041,9.15,7.23223],"angle":45,"axis":"y"},"from":[6.5104,9.099999,4.2322],"to":[17.5104,9.199999,10.2322],"faces":{"up":{"uv":[6.75,3.5,8.25,6.25],"texture":"#main","rotation":270},"down":{"uv":[6.75,3.5,8.25,6.25],"texture":"#main","rotation":270}}},{"rotation":{"origin":[4.23223,9.15,15.01041],"angle":45,"axis":"y"},"from":[-1.2678,9.099999,12.0104],"to":[9.7322,9.199999,18.0104],"faces":{"up":{"uv":[6.75,3.5,8.25,6.25],"texture":"#main","rotation":90},"down":{"uv":[6.75,3.5,8.25,6.25],"texture":"#main","rotation":90}}},{"from":[9,13,0],"to":[13,16,0.1],"faces":{"south":{"uv":[8.25,2.25,9.25,3],"texture":"#main"},"north":{"uv":[7,2.25,8,3],"texture":"#main"}}},{"from":[3,13,0],"to":[7,16,0.1],"faces":{"south":{"uv":[7,2.25,8,3],"texture":"#main"},"north":{"uv":[8.25,2.25,9.25,3],"texture":"#main"}}},{"rotation":{"origin":[5,14,11],"angle":22.5,"axis":"z"},"from":[4,10,10],"to":[6,15,12],"faces":{"east":{"uv":[8.5,3.5,9,5],"texture":"#main","rotation":180},"south":{"uv":[8.5,3.5,9,5],"texture":"#main","rotation":180},"north":{"uv":[8.5,3.5,9,5],"texture":"#main","rotation":180},"west":{"uv":[8.5,3.5,9,5],"texture":"#main","rotation":180}}},{"rotation":{"origin":[11,14,11],"angle":-22.5,"axis":"z"},"from":[10,10,10],"to":[12,15,12],"faces":{"east":{"uv":[8.5,3.5,9,5],"texture":"#main","rotation":180},"south":{"uv":[8.5,3.5,9,5],"texture":"#main","rotation":180},"north":{"uv":[8.5,3.5,9,5],"texture":"#main","rotation":180},"west":{"uv":[8.5,3.5,9,5],"texture":"#main","rotation":180}}},{"rotation":{"origin":[8,14,14],"angle":22.5,"axis":"x"},"from":[7,10,13],"to":[9,15,15],"faces":{"east":{"uv":[8.5,3.5,9,5],"texture":"#main","rotation":180},"south":{"uv":[8.5,3.5,9,5],"texture":"#main","rotation":180},"north":{"uv":[8.5,3.5,9,5],"texture":"#main","rotation":180},"west":{"uv":[8.5,3.5,9,5],"texture":"#main","rotation":180}}},{"rotation":{"origin":[8,14,8],"angle":-22.5,"axis":"x"},"from":[7,10,7],"to":[9,15,9],"faces":{"east":{"uv":[8.5,3.5,9,5],"texture":"#main","rotation":180},"south":{"uv":[8.5,3.5,9,5],"texture":"#main","rotation":180},"north":{"uv":[8.5,3.5,9,5],"texture":"#main","rotation":180},"west":{"uv":[8.5,3.5,9,5],"texture":"#main","rotation":180}}},{"rotation":{"origin":[15.52101,13.25,11],"angle":-22.5,"axis":"z"},"from":[10.021,13.2,8],"to":[21.021,13.3,14],"faces":{"up":{"uv":[6.75,6.5,8.25,9.25],"texture":"#main","rotation":270},"down":{"uv":[6.75,6.5,8.25,9.25],"texture":"#main","rotation":270}}},{"rotation":{"origin":[0.44072,13.248,11],"angle":22.5,"axis":"z"},"from":[-5.0593,13.198,8],"to":[5.9407,13.298,14],"faces":{"up":{"uv":[6.75,6.5,8.25,9.25],"texture":"#main","rotation":90},"down":{"uv":[6.75,6.5,8.25,9.25],"texture":"#main","rotation":90}}},{"rotation":{"origin":[8,13.25,18.52101],"angle":22.5,"axis":"x"},"from":[5,13.2,13.021],"to":[11,13.3,24.021],"faces":{"up":{"uv":[6.75,6.5,8.25,9.25],"texture":"#main"},"down":{"uv":[6.75,6.5,8.25,9.25],"texture":"#main","rotation":180}}},{"from":[5,13.2,-6.021],"to":[11,13.3,4.979],"faces":{"up":{"uv":[6.75,6.5,8.25,9.25],"texture":"#main","rotation":180},"down":{"uv":[6.75,6.5,8.25,9.25],"texture":"#main"}}},{"from":[4,9,-5],"to":[12,10,-4],"faces":{"east":{"uv":[2.75,0.5,3,0.75],"texture":"#main"},"south":{"uv":[2.75,2,5.25,3.75],"texture":"#main"},"north":{"uv":[0.25,0.75,2.25,1],"texture":"#main"},"west":{"uv":[2.75,0.5,3,0.75],"texture":"#main"},"up":{"uv":[0,3.25,2.5,3.5],"texture":"#main","rotation":180},"down":{"uv":[2.75,3.5,5.25,3.75],"texture":"#main"}}},{"from":[6,10,-5],"to":[10,13,-4],"faces":{"east":{"uv":[2.75,0,4.5,1.75],"texture":"#main"},"south":{"uv":[2.75,2,5.25,3.75],"texture":"#main"},"north":{"uv":[0.75,0,1.75,0.75],"texture":"#main"},"west":{"uv":[2.75,0,4.5,1.75],"texture":"#main"},"up":{"uv":[0.5,3.5,2,3.75],"texture":"#main","rotation":180},"down":{"uv":[2.75,2,5.25,3.75],"texture":"#main"}}},{"rotation":{"origin":[8,13.25,3.47899],"angle":-22.5,"axis":"x"},"from":[5,13.2,-2.021],"to":[11,13.3,8.979],"faces":{"up":{"uv":[6.75,6.5,8.25,9.25],"texture":"#main","rotation":180},"down":{"uv":[6.75,6.5,8.25,9.25],"texture":"#main"}}},{"from":[5,13.2,-6.021],"to":[11,13.3,4.979],"faces":{"up":{"uv":[6.75,6.5,8.25,9.25],"texture":"#main","rotation":180},"down":{"uv":[6.75,6.5,8.25,9.25],"texture":"#main"}}}],"display":{"head":{"translation":[0,-20.86,-1.391],"scale":[3,3,3]}}}