{"parent":"physical_parent","textures":{"main":"pokemon/victreebel"},"elements":[{"from":[4,0,3],"to":[13,9,12],"faces":{"east":{"uv":[5,0,7.25,2.25],"texture":"#main"},"south":{"uv":[2.5,2.5,4.75,4.75],"texture":"#main"},"north":{"uv":[0,0,2.25,2.25],"texture":"#main"},"west":{"uv":[2.5,0,4.75,2.25],"texture":"#main"},"up":{"uv":[2.5,2.5,4.75,4.75],"texture":"#main"},"down":{"uv":[0,2.5,2.25,4.75],"texture":"#main","rotation":270}}},{"from":[5,9,4],"to":[12,15,11],"faces":{"east":{"uv":[2,6.25,3.75,7.5],"texture":"#main"},"south":{"uv":[2,6.25,3.75,7.5],"texture":"#main"},"north":{"uv":[0,6.25,1.75,7.5],"texture":"#main"},"west":{"uv":[2,6.25,3.75,7.5],"texture":"#main"}}},{"rotation":{"origin":[8.5,15,6.5],"angle":-22.5,"axis":"x"},"from":[4,14,2],"to":[13,16,9],"faces":{"east":{"uv":[5,4,7.25,4.5],"texture":"#main"},"north":{"uv":[5,4,7.25,4.5],"texture":"#main"},"west":{"uv":[5,4,7.25,4.5],"texture":"#main"},"up":{"uv":[7.5,4.75,9.75,6.5],"texture":"#main"},"down":{"uv":[5,4.75,7.25,6.5],"texture":"#main"}}},{"rotation":{"origin":[8.5,19,8.5],"angle":-22.5,"axis":"x"},"from":[4,14.5,7.5],"to":[13,23.5,9.5],"faces":{"east":{"uv":[5,4,7.25,4.5],"texture":"#main","rotation":90},"south":{"uv":[10,2.25,12.25,4.5],"texture":"#main"},"north":{"uv":[7.5,2.25,9.75,4.5],"texture":"#main"},"west":{"uv":[5,4,7.25,4.5],"texture":"#main","rotation":90},"up":{"uv":[5,4,7.25,4.5],"texture":"#main","rotation":180},"down":{"uv":[5,4,7.25,4.5],"texture":"#main"}}},{"rotation":{"origin":[8.5,21,6.5],"angle":-22.5,"axis":"x"},"from":[1,22,-1],"to":[16,22.1,9],"faces":{"up":{"uv":[6,8.5,9.75,11],"texture":"#main","rotation":180},"down":{"uv":[6,8.5,9.75,11],"texture":"#main"}}},{"rotation":{"origin":[-2.5,10,9.5],"angle":22.5,"axis":"x"},"from":[-4,2.5,8.5],"to":[5,14.5,8.6],"faces":{"south":{"uv":[2.5,8.25,4.75,11.25],"texture":"#main"},"north":{"uv":[0,8.25,2.25,11.25],"texture":"#main"}}},{"rotation":{"origin":[13.5,10,9.5],"angle":22.5,"axis":"x"},"from":[12,2.5,8.5],"to":[21,14.5,8.6],"faces":{"south":{"uv":[0,8.25,2.25,11.25],"texture":"#main"},"north":{"uv":[2.5,8.25,4.75,11.25],"texture":"#main"}}},{"rotation":{"origin":[10.49003,15.59699,10.3551],"angle":-22.5,"axis":"x"},"from":[7.99,7.097,11.3551],"to":[8.99,23.097,11.3561],"faces":{"south":{"uv":[12.5,6,13,6.5],"texture":"#main"},"north":{"uv":[12.5,6,13,6.5],"texture":"#main"}}},{"rotation":{"origin":[10.48638,0.8181888,16.47842],"angle":-22.5,"axis":"x"},"from":[7.9864,0.3182,17.4784],"to":[22.9864,8.3182,17.4794],"faces":{"south":{"uv":[8,12.25,11.75,14.25],"texture":"#main"},"north":{"uv":[4,12.25,7.75,14.25],"texture":"#main"}}}],"display":{"head":{"translation":[0,-30,0],"scale":[1.7,1.7,1.7]},"firstperson_righthand":{"scale":[0.0001,0.0001,0.0001]},"thirdperson_lefthand":{"scale":[0.0001,0.0001,0.0001]},"firstperson_lefthand":{"scale":[0.0001,0.0001,0.0001]}}}