{"parent":"physical_parent","textures":{"main":"pokemon/vileplume"},"elements":[{"from":[4,4,5],"to":[12,12,13],"faces":{"north":{"uv":[0,0,2,2],"texture":"#main"},"east":{"uv":[2.5,0,4.5,2],"texture":"#main"},"south":{"uv":[2.5,0,4.5,2],"texture":"#main"},"west":{"uv":[2.5,0,4.5,2],"texture":"#main"},"down":{"uv":[2.5,3.75,4.5,5.75],"texture":"#main"}}},{"from":[5,13,6],"to":[11,14,12],"faces":{"north":{"uv":[8.75,0.25,9,1.25],"texture":"#main"},"east":{"uv":[8.75,0.25,9,1.25],"texture":"#main"},"south":{"uv":[8.75,0.25,9,1.25],"texture":"#main"},"west":{"uv":[8.75,0.25,9,1.25],"texture":"#main"},"up":{"uv":[8.75,0.25,9.75,1.25],"texture":"#main"}}},{"from":[-1,10.75,0],"to":[17,13,18],"faces":{"north":{"uv":[5.25,3.25,5.5,3.5],"rotation":90,"texture":"#main"},"east":{"uv":[5.25,3.25,5.5,3.5],"rotation":90,"texture":"#main"},"south":{"uv":[5.25,3.25,5.5,3.5],"rotation":90,"texture":"#main"},"west":{"uv":[5.25,3.25,5.5,3.5],"rotation":90,"texture":"#main"},"up":{"uv":[4.75,0.25,8.25,3.75],"texture":"#main"},"down":{"uv":[8,0.25,8.25,3.75],"rotation":90,"texture":"#main"}}},{"from":[2,10.75,18],"to":[14,13,20],"faces":{"north":{"uv":[5.25,3.25,7.75,3.5],"rotation":90,"texture":"#main"},"east":{"uv":[5.25,3.25,5.5,3.5],"rotation":90,"texture":"#main"},"south":{"uv":[5.25,3.25,7.75,3.5],"texture":"#main"},"west":{"uv":[5.25,3.25,5.5,3.5],"rotation":90,"texture":"#main"},"up":{"uv":[5.25,3.25,7.75,3.5],"texture":"#main"},"down":{"uv":[5.25,3.25,7.75,3.5],"texture":"#main"}}},{"from":[2,10.75,-2],"to":[14,13,0],"faces":{"north":{"uv":[5.25,3.25,7.75,3.5],"texture":"#main"},"east":{"uv":[5.25,3.25,5.5,3.5],"rotation":90,"texture":"#main"},"south":{"uv":[5.25,3.25,7.75,3.5],"rotation":90,"texture":"#main"},"west":{"uv":[5.25,3.25,5.5,3.5],"rotation":90,"texture":"#main"},"up":{"uv":[5.25,3.25,7.75,3.5],"texture":"#main"},"down":{"uv":[5.25,3.25,7.75,3.5],"texture":"#main"}}},{"from":[-3,10.75,3],"to":[-1,13,15],"faces":{"north":{"uv":[5.25,3.25,5.5,3.5],"rotation":90,"texture":"#main"},"east":{"uv":[5.25,3.25,7.75,3.5],"rotation":90,"texture":"#main"},"south":{"uv":[5.25,3.25,5.5,3.5],"rotation":90,"texture":"#main"},"west":{"uv":[5.25,3.25,7.75,3.5],"texture":"#main"},"up":{"uv":[5.25,3.25,7.75,3.5],"rotation":90,"texture":"#main"},"down":{"uv":[5.25,3.25,7.75,3.5],"rotation":90,"texture":"#main"}}},{"from":[17,10.75,3],"to":[19,13,15],"faces":{"north":{"uv":[5.25,3.25,5.5,3.5],"rotation":90,"texture":"#main"},"east":{"uv":[5.25,3.25,7.75,3.5],"texture":"#main"},"south":{"uv":[5.25,3.25,5.5,3.5],"rotation":90,"texture":"#main"},"west":{"uv":[5.25,3.25,7.75,3.5],"texture":"#main"},"up":{"uv":[5.25,3.25,7.75,3.5],"rotation":90,"texture":"#main"},"down":{"uv":[5.25,3.25,7.75,3.5],"rotation":90,"texture":"#main"}}},{"from":[8.5,0,5],"to":[10.5,1,11],"faces":{"north":{"uv":[1,4,1.5,4.25],"rotation":90,"texture":"#main"},"east":{"uv":[1,2.25,1.25,3.75],"rotation":270,"texture":"#main"},"south":{"uv":[3.25,0.5,3.75,1],"texture":"#main"},"west":{"uv":[1,2.25,1.25,3.75],"rotation":90,"texture":"#main"},"up":{"uv":[1,2.25,1.5,3.75],"rotation":180,"texture":"#main"},"down":{"uv":[1,2.25,1.5,3.75],"texture":"#main"}}},{"from":[5.5,0,5],"to":[7.5,1,11],"faces":{"north":{"uv":[1,4,1.5,4.25],"rotation":90,"texture":"#main"},"east":{"uv":[1,2.25,1.25,3.75],"rotation":270,"texture":"#main"},"south":{"uv":[3.25,0.5,3.75,1],"texture":"#main"},"west":{"uv":[1,2.25,1.25,3.75],"rotation":90,"texture":"#main"},"up":{"uv":[1,2.25,1.5,3.75],"rotation":180,"texture":"#main"},"down":{"uv":[1,2.25,1.5,3.75],"texture":"#main"}}},{"from":[6,1,9],"to":[7,4,10],"faces":{"north":{"uv":[3.25,0.5,3.75,1],"texture":"#main"},"east":{"uv":[3.25,0.5,3.75,1],"texture":"#main"},"south":{"uv":[3.25,0.5,3.75,1],"texture":"#main"},"west":{"uv":[3.25,0.5,3.75,1],"texture":"#main"},"up":{"uv":[3.25,0.5,3.75,1],"texture":"#main"},"down":{"uv":[3.25,0.5,3.75,1],"texture":"#main"}}},{"from":[9,1,9],"to":[10,4,10],"faces":{"north":{"uv":[3.25,0.5,3.75,1],"texture":"#main"},"east":{"uv":[3.25,0.5,3.75,1],"texture":"#main"},"south":{"uv":[3.25,0.5,3.75,1],"texture":"#main"},"west":{"uv":[3.25,0.5,3.75,1],"texture":"#main"},"up":{"uv":[3.25,0.5,3.75,1],"texture":"#main"},"down":{"uv":[3.25,0.5,3.75,1],"texture":"#main"}}},{"from":[3,3.5,7],"to":[5,8.5,9],"rotation":{"angle":-45,"axis":"z","origin":[4,6,8]},"faces":{"north":{"uv":[0.25,2.25,0.75,3.5],"texture":"#main"},"east":{"uv":[0.25,2.25,0.75,3.5],"texture":"#main"},"south":{"uv":[0.25,2.25,0.75,3.5],"texture":"#main"},"west":{"uv":[0.25,2.25,0.75,3.5],"texture":"#main"},"up":{"uv":[0.25,2.25,0.75,3.5],"rotation":90,"texture":"#main"},"down":{"uv":[0.25,2.25,0.75,3.5],"rotation":90,"texture":"#main"}}},{"from":[11,3.5,7],"to":[13,8.5,9],"rotation":{"angle":45,"axis":"z","origin":[12,6,8]},"faces":{"north":{"uv":[0.25,2.25,0.75,3.5],"texture":"#main"},"east":{"uv":[0.25,2.25,0.75,3.5],"rotation":180,"texture":"#main"},"south":{"uv":[0.25,2.25,0.75,3.5],"rotation":180,"texture":"#main"},"west":{"uv":[0.25,2.25,0.75,3.5],"rotation":180,"texture":"#main"},"up":{"uv":[0.25,2.25,0.75,3.5],"rotation":270,"texture":"#main"},"down":{"uv":[0.25,2.25,0.75,3.5],"texture":"#main"}}}],"display":{"thirdperson_lefthand":{"scale":[0.0001,0.0001,0.0001]},"firstperson_righthand":{"scale":[0.0001,0.0001,0.0001]},"firstperson_lefthand":{"scale":[0.0001,0.0001,0.0001]},"head":{"translation":[0,-27.5,0],"scale":[1.98242,1.98242,1.98242]}}}