{"credit":"Made with Blockbench","texture_size":[64,64],"textures":{"main":"pokemon/volcarona"},"elements":[{"from":[3.88,17.85318,6.5232],"to":[10.12,21.93318,6.5232],"rotation":{"angle":22.5,"axis":"x","origin":[7,19.89318,5.3232]},"faces":{"north":{"uv":[6.75,4.25,8.375,5.375],"texture":"#main"},"east":{"uv":[0,0,0,1.125],"texture":"#main"},"south":{"uv":[8.375,4.25,6.75,5.375],"texture":"#main"},"west":{"uv":[0,0,0,1.125],"texture":"#main"},"up":{"uv":[1.625,0,0,0],"texture":"#main"},"down":{"uv":[1.625,0,0,0],"texture":"#main"}}},{"from":[4.12,16.17318,6.4272],"to":[9.88,19.53318,9.7872],"rotation":{"angle":22.5,"axis":"x","origin":[7,17.85318,8.3472]},"faces":{"north":{"uv":[8.75,6.25,10.25,7.125],"texture":"#main"},"east":{"uv":[5.5,10,6.375,10.875],"texture":"#main"},"south":{"uv":[8.75,7.25,10.25,8.125],"texture":"#main"},"west":{"uv":[10,9.25,10.875,10.125],"texture":"#main"},"up":{"uv":[10.25,9.125,8.75,8.25],"texture":"#main"},"down":{"uv":[5.5,9,4,9.875],"texture":"#main"}}},{"from":[4.84,14.74895,5.86138],"to":[9.16,17.14895,9.70138],"rotation":{"angle":-45,"axis":"x","origin":[7,14.74895,7.06138]},"faces":{"north":{"uv":[10.25,2.5,11.375,3.125],"texture":"#main"},"east":{"uv":[0,10.25,1,10.875],"texture":"#main"},"south":{"uv":[10.25,3.25,11.375,3.875],"texture":"#main"},"west":{"uv":[10.25,5,11.25,5.625],"texture":"#main"},"up":{"uv":[6.625,10,5.5,9],"texture":"#main"},"down":{"uv":[9.875,9.25,8.75,10.25],"texture":"#main"}}},{"from":[6.04,15.22895,5.38138],"to":[7.96,17.38895,8.74138],"rotation":{"angle":-45,"axis":"x","origin":[7,14.74895,7.06138]},"faces":{"north":{"uv":[4.25,5.75,4.75,6.25],"texture":"#main"},"east":{"uv":[10.25,5.75,11.125,6.25],"texture":"#main"},"south":{"uv":[1,8.25,1.5,8.75],"texture":"#main"},"west":{"uv":[10.25,6.25,11.125,6.75],"texture":"#main"},"up":{"uv":[2.5,10.875,2,10],"texture":"#main"},"down":{"uv":[7,10.25,6.5,11.125],"texture":"#main"}}},{"from":[6.04,14.01713,3.39545],"to":[7.96,16.17713,3.39545],"rotation":{"angle":22.5,"axis":"x","origin":[7,13.05622,1.60248]},"faces":{"north":{"uv":[9.5,2.5,10,3],"texture":"#main"},"east":{"uv":[0,0,0,0.5],"texture":"#main"},"south":{"uv":[9.5,2.5,10,3],"texture":"#main"},"west":{"uv":[0,0,0,0.5],"texture":"#main"},"up":{"uv":[0.5,0,0,0],"texture":"#main"},"down":{"uv":[0.5,0,0,0],"texture":"#main"}}},{"from":[3.88,17.85318,6.5232],"to":[10.12,21.93318,10.3632],"rotation":{"angle":0,"axis":"y","origin":[-0.68,11.37318,1.2432]},"faces":{"north":{"uv":[6,1.75,7.625,2.875],"texture":"#main"},"east":{"uv":[6.75,9,7.75,10.125],"texture":"#main"},"south":{"uv":[6.75,3,8.375,4.125],"texture":"#main"},"west":{"uv":[9.5,0,10.5,1.125],"texture":"#main"},"up":{"uv":[9.375,3,7.75,2],"texture":"#main"},"down":{"uv":[10.125,3,8.5,4],"texture":"#main"}}},{"from":[4.36,21.18918,6.5232],"to":[9.64,25.29318,10.2432],"rotation":{"angle":-22.5,"axis":"x","origin":[7,21.81318,8.4432]},"faces":{"north":{"uv":[8.5,4,9.875,5.125],"texture":"#main"},"east":{"uv":[9.5,1.25,10.5,2.375],"texture":"#main"},"south":{"uv":[1,8.75,2.375,9.875],"texture":"#main"},"west":{"uv":[7.75,9.5,8.75,10.625],"texture":"#main"},"up":{"uv":[3.875,9.75,2.5,8.75],"texture":"#main"},"down":{"uv":[10.125,5.25,8.75,6.25],"texture":"#main"}}},{"from":[5.32,22.89318,4.3632],"to":[8.68,26.49318,7.9632],"rotation":{"angle":0,"axis":"y","origin":[-0.68,11.37318,1.2432]},"faces":{"north":{"uv":[1,10,1.875,11],"texture":"#main"},"east":{"uv":[6.75,5.5,7.75,6.5],"texture":"#main"},"south":{"uv":[3.5,10,4.375,11],"texture":"#main"},"west":{"uv":[2.5,9.75,3.5,10.75],"texture":"#main"},"up":{"uv":[10.875,5,10,4],"texture":"#main"},"down":{"uv":[5.375,10,4.5,11],"texture":"#main"}}},{"from":[2.128,22.00518,4.8672],"to":[5.488,29.44518,4.8672],"rotation":{"angle":22.5,"axis":"y","origin":[5.488,25.72518,5.2512]},"faces":{"north":{"uv":[7.75,5.5,8.625,7.5],"texture":"#main"},"east":{"uv":[0,0,0,2],"texture":"#main"},"south":{"uv":[7.75,7.5,8.625,9.5],"texture":"#main"},"west":{"uv":[0,0,0,2],"texture":"#main"},"up":{"uv":[0.875,0,0,0],"texture":"#main"},"down":{"uv":[0.875,0,0,0],"texture":"#main"}}},{"from":[8.512,22.00518,4.8672],"to":[11.872,29.44518,4.8672],"rotation":{"angle":-22.5,"axis":"y","origin":[8.512,25.72518,5.2512]},"faces":{"north":{"uv":[0,8.25,0.875,10.25],"texture":"#main"},"east":{"uv":[0,0,0,2],"texture":"#main"},"south":{"uv":[8.5,0,9.375,2],"texture":"#main"},"west":{"uv":[0,0,0,2],"texture":"#main"},"up":{"uv":[0.875,0,0,0],"texture":"#main"},"down":{"uv":[0.875,0,0,0],"texture":"#main"}}},{"from":[5.8,16.17318,6.1872],"to":[8.2,19.53318,6.4272],"rotation":{"angle":22.5,"axis":"x","origin":[7,17.85318,8.3472]},"faces":{"north":{"uv":[6,3,6.625,3.875],"texture":"#main"},"east":{"uv":[7.5,10.25,7.625,11.125],"texture":"#main"},"south":{"uv":[3.5,7.5,4.125,8.375],"texture":"#main"},"west":{"uv":[10.25,7.75,10.375,8.625],"texture":"#main"},"up":{"uv":[4.875,6.375,4.25,6.25],"texture":"#main"},"down":{"uv":[8.375,1.75,7.75,1.875],"texture":"#main"}}},{"from":[5.32,21.21318,4.3632],"to":[8.68,22.89318,4.3632],"rotation":{"angle":0,"axis":"y","origin":[-0.68,11.37318,1.2432]},"faces":{"north":{"uv":[10.25,6.75,11.125,7.25],"texture":"#main"},"east":{"uv":[0,0,0,0.5],"texture":"#main"},"south":{"uv":[10.25,7.25,11.125,7.75],"texture":"#main"},"west":{"uv":[0,0,0,0.5],"texture":"#main"},"up":{"uv":[0.875,0,0,0],"texture":"#main"},"down":{"uv":[0.875,0,0,0],"texture":"#main"}}},{"from":[-7.16,18.57318,8.7792],"to":[3.88,25.53318,8.7792],"rotation":{"angle":-45,"axis":"z","origin":[3.88,21.57318,8.7792]},"faces":{"north":{"uv":[0,0,2.875,1.875],"texture":"#main"},"east":{"uv":[0,0,0,1.875],"texture":"#main"},"south":{"uv":[0,2,2.875,3.875],"texture":"#main"},"west":{"uv":[0,0,0,1.875],"texture":"#main"},"up":{"uv":[2.875,0,0,0],"texture":"#main"},"down":{"uv":[2.875,0,0,0],"texture":"#main"}}},{"from":[-5.24,16.89318,8.6832],"to":[3.88,22.89318,8.6832],"rotation":{"angle":0,"axis":"y","origin":[-0.68,11.37318,1.2432]},"faces":{"north":{"uv":[0,4,2.375,5.625],"texture":"#main"},"east":{"uv":[0,0,0,1.625],"texture":"#main"},"south":{"uv":[2.5,4,4.875,5.625],"texture":"#main"},"west":{"uv":[0,0,0,1.625],"texture":"#main"},"up":{"uv":[2.375,0,0,0],"texture":"#main"},"down":{"uv":[2.375,0,0,0],"texture":"#main"}}},{"from":[0.4,9.57318,8.4432],"to":[6.4,18.69318,8.4432],"rotation":{"angle":-45,"axis":"z","origin":[4.6,16.05318,8.6832]},"faces":{"north":{"uv":[5,4,6.625,6.375],"texture":"#main"},"east":{"uv":[0,0,0,2.375],"texture":"#main"},"south":{"uv":[0,5.75,1.625,8.125],"texture":"#main"},"west":{"uv":[0,0,0,2.375],"texture":"#main"},"up":{"uv":[1.625,0,0,0],"texture":"#main"},"down":{"uv":[1.625,0,0,0],"texture":"#main"}}},{"from":[10.12,18.57318,8.7792],"to":[21.16,25.53318,8.7792],"rotation":{"angle":45,"axis":"z","origin":[10.12,21.57318,8.7792]},"faces":{"north":{"uv":[3,0,5.875,1.875],"texture":"#main"},"east":{"uv":[0,0,0,1.875],"texture":"#main"},"south":{"uv":[3,2,5.875,3.875],"texture":"#main"},"west":{"uv":[0,0,0,1.875],"texture":"#main"},"up":{"uv":[2.875,0,0,0],"texture":"#main"},"down":{"uv":[2.875,0,0,0],"texture":"#main"}}},{"from":[10.12,16.89318,8.6832],"to":[19.24,22.89318,8.6832],"rotation":{"angle":0,"axis":"y","origin":[14.68,11.37318,1.2432]},"faces":{"north":{"uv":[1.75,5.75,4.125,7.375],"texture":"#main"},"east":{"uv":[0,0,0,1.625],"texture":"#main"},"south":{"uv":[6,0,8.375,1.625],"texture":"#main"},"west":{"uv":[0,0,0,1.625],"texture":"#main"},"up":{"uv":[2.375,0,0,0],"texture":"#main"},"down":{"uv":[2.375,0,0,0],"texture":"#main"}}},{"from":[7.6,9.57318,8.4432],"to":[13.6,18.69318,8.4432],"rotation":{"angle":45,"axis":"z","origin":[9.4,16.05318,8.6832]},"faces":{"north":{"uv":[4.25,6.5,5.875,8.875],"texture":"#main"},"east":{"uv":[0,0,0,2.375],"texture":"#main"},"south":{"uv":[6,6.5,7.625,8.875],"texture":"#main"},"west":{"uv":[0,0,0,2.375],"texture":"#main"},"up":{"uv":[1.625,0,0,0],"texture":"#main"},"down":{"uv":[1.625,0,0,0],"texture":"#main"}}}],"display":{"head":{"translation":[0,-29.75,0],"scale":[1.4,1.4,1.4]}},"groups":[{"name":"Volcarona","origin":[0,20.32959,0.08005],"color":0,"children":[{"name":"body","origin":[0,12.14212,-0.55162],"color":0,"children":[0,1,2,3,4,5,6,7,8,9,10,11,{"name":"wing_l","origin":[-3.02333,11.56585,1.60318],"color":0,"children":[12,13,14]},{"name":"wing_r","origin":[2.60333,11.53585,1.60318],"color":0,"children":[15,16,17]}]}]}]}