{"parent":"physical_parent","textures":{"main":"pokemon/wailord"},"texture_size":[128,128],"elements":[{"rotation":{"origin":[8.5,5,8],"angle":0,"axis":"y"},"from":[-6,0,12],"to":[25,0,32],"faces":{"east":{"uv":[0,0,2.5,0],"texture":"#main"},"south":{"uv":[0,0,3.625,0],"texture":"#main"},"north":{"uv":[0,0,3.625,0],"texture":"#main"},"west":{"uv":[0,0,2.5,0],"texture":"#main"},"up":{"uv":[2.5,10.875,0,7.25],"texture":"#main","rotation":270},"down":{"uv":[5,7.25,2.5,10.875],"texture":"#main","rotation":90}}},{"rotation":{"origin":[8.5,10,8],"angle":0,"axis":"y"},"from":[-6.75,4,-13],"to":[26.25,4,32],"faces":{"east":{"uv":[0,0,5.625,0],"texture":"#main"},"south":{"uv":[0,0,3.625,0],"texture":"#main"},"north":{"uv":[0,0,3.625,0],"texture":"#main"},"west":{"uv":[0,0,5.625,0],"texture":"#main"},"up":{"uv":[5.625,3.625,0,0],"texture":"#main","rotation":270},"down":{"uv":[5.625,3.625,0,7.25],"texture":"#main","rotation":90}}},{"from":[0,-3,-13],"to":[19,12,29],"faces":{"east":{"uv":[5.625,3.75,10.875,5.5],"texture":"#main"},"south":{"uv":[7,7.625,9,9.375],"texture":"#main"},"north":{"uv":[5,7.625,7,9.375],"texture":"#main"},"west":{"uv":[5.625,2,10.875,3.75],"texture":"#main"},"up":{"uv":[10.875,7.625,5.625,5.625],"texture":"#main","rotation":270},"down":{"uv":[10.875,0,5.625,2],"texture":"#main","rotation":90}}},{"rotation":{"origin":[9.5,17.06423,28.67254],"angle":-22.5,"axis":"x"},"from":[0,14.56423,20],"to":[19,14.56423,32],"faces":{"east":{"uv":[0,0,1.5,0],"texture":"#main"},"south":{"uv":[0,0,2,0],"texture":"#main"},"north":{"uv":[0,0,2,0],"texture":"#main"},"west":{"uv":[0,0,1.5,0],"texture":"#main"},"up":{"uv":[10.5,11,9,9],"texture":"#main","rotation":270},"down":{"uv":[6.5,9.375,5,11.375],"texture":"#main","rotation":90}}}],"display":{"head":{"translation":[0,4.5,0],"scale":[4,4,4]}}}