{"credit":"Made with Blockbench","texture_size":[64,64],"textures":{"particle":"pokemon/watchog","main":"pokemon/watchog"},"elements":[{"from":[-2.5,4.25,-3.25],"to":[2.5,12,2.25],"rotation":{"angle":0,"axis":"y","origin":[0,6.38372,-1.63366]},"faces":{"north":{"uv":[3,0,4.25,2],"texture":"#main"},"east":{"uv":[0,0,1.375,2],"texture":"#main"},"south":{"uv":[3,2,4.25,4],"texture":"#main"},"west":{"uv":[1.5,0,2.875,2],"texture":"#main"},"up":{"uv":[1.25,5.375,0,4],"texture":"#main"},"down":{"uv":[2.5,4,1.25,5.375],"texture":"#main"}}},{"from":[-4.25052,4.04245,-1.72398],"to":[-2.25052,11.29245,0.27602],"rotation":{"angle":0,"axis":"y","origin":[-2.75052,10.66745,-0.72398]},"faces":{"north":{"uv":[4.5,5.25,5,7.125],"texture":"#main"},"east":{"uv":[5.5,1,6,2.875],"texture":"#main"},"south":{"uv":[2,5.5,2.5,7.375],"texture":"#main"},"west":{"uv":[6,1,6.5,2.875],"texture":"#main"},"up":{"uv":[5.75,8.5,5.25,8],"texture":"#main"},"down":{"uv":[6.25,8,5.75,8.5],"texture":"#main"}}},{"from":[2.25052,4.04245,-1.72398],"to":[4.25052,11.29245,0.27602],"rotation":{"angle":0,"axis":"y","origin":[2.75052,10.66745,-0.72398]},"faces":{"north":{"uv":[5,5.25,4.5,7.125],"texture":"#main"},"east":{"uv":[6.5,1,6,2.875],"texture":"#main"},"south":{"uv":[2.5,5.5,2,7.375],"texture":"#main"},"west":{"uv":[6,1,5.5,2.875],"texture":"#main"},"up":{"uv":[5.25,8.5,5.75,8],"texture":"#main"},"down":{"uv":[5.75,8,6.25,8.5],"texture":"#main"}}},{"from":[-2,12,-2.25],"to":[2,16.75,1.5],"rotation":{"angle":0,"axis":"y","origin":[0,11.83806,-0.63366]},"faces":{"north":{"uv":[5,5,6,6.25],"texture":"#main"},"east":{"uv":[2.5,5.25,3.5,6.5],"texture":"#main"},"south":{"uv":[3.5,5.25,4.5,6.5],"texture":"#main"},"west":{"uv":[0,5.5,1,6.75],"texture":"#main"},"up":{"uv":[6.5,1,5.5,0],"texture":"#main"},"down":{"uv":[2,5.5,1,6.5],"texture":"#main"}}},{"from":[-1.25,14.40944,-3.95305],"to":[1.25,16.40944,-3.95305],"rotation":{"angle":-22.5,"axis":"x","origin":[0,15.83806,-0.38366]},"faces":{"north":{"uv":[7.75,2.5,8.375,3],"texture":"#main"},"east":{"uv":[0,0,0,0.5],"texture":"#main"},"south":{"uv":[7.75,3,8.375,3.5],"texture":"#main"},"west":{"uv":[0,0,0,0.5],"texture":"#main"},"up":{"uv":[0.625,0,0,0],"texture":"#main"},"down":{"uv":[0.625,0,0,0],"texture":"#main"}}},{"from":[-1.25,15,-4],"to":[1.25,17,-1],"rotation":{"angle":0,"axis":"y","origin":[0,15.83806,-0.38366]},"faces":{"north":{"uv":[7.75,0.75,8.375,1.25],"texture":"#main"},"east":{"uv":[7.5,7,8.25,7.5],"texture":"#main"},"south":{"uv":[7.75,1.25,8.375,1.75],"texture":"#main"},"west":{"uv":[0,7.75,0.75,8.25],"texture":"#main"},"up":{"uv":[6.125,3.75,5.5,3],"texture":"#main"},"down":{"uv":[8.125,0,7.5,0.75],"texture":"#main"}}},{"from":[1.25,14.85,-2.75],"to":[3.5,17.35,0.75],"rotation":{"angle":0,"axis":"y","origin":[0,15.83806,-0.38366]},"faces":{"north":{"uv":[7.5,6.25,8.125,6.875],"texture":"#main"},"east":{"uv":[6.5,1.75,7.375,2.375],"texture":"#main"},"south":{"uv":[7,7.5,7.625,8.125],"texture":"#main"},"west":{"uv":[2.5,6.5,3.375,7.125],"texture":"#main"},"up":{"uv":[4.125,7.375,3.5,6.5],"texture":"#main"},"down":{"uv":[0.625,6.75,0,7.625],"texture":"#main"}}},{"from":[-2.5,15.1,-2.5],"to":[2.5,19.35,1.75],"rotation":{"angle":0,"axis":"y","origin":[0,15.83806,-0.38366]},"faces":{"north":{"uv":[2.5,4,3.75,5.125],"texture":"#main"},"east":{"uv":[4.25,2.5,5.375,3.625],"texture":"#main"},"south":{"uv":[3.75,4,5,5.125],"texture":"#main"},"west":{"uv":[5,3.75,6.125,4.875],"texture":"#main"},"up":{"uv":[5.5,1.125,4.25,0],"texture":"#main"},"down":{"uv":[5.5,1.25,4.25,2.375],"texture":"#main"}}},{"from":[-3.5,14.85,-2.75],"to":[-1.25,17.35,0.75],"rotation":{"angle":0,"axis":"y","origin":[0,15.83806,-0.38366]},"faces":{"north":{"uv":[7.5,1.75,8.125,2.375],"texture":"#main"},"east":{"uv":[5,6.25,5.875,6.875],"texture":"#main"},"south":{"uv":[7.5,5.5,8.125,6.125],"texture":"#main"},"west":{"uv":[6.5,0,7.375,0.625],"texture":"#main"},"up":{"uv":[7.125,1.625,6.5,0.75],"texture":"#main"},"down":{"uv":[1.625,6.5,1,7.375],"texture":"#main"}}},{"from":[-2,17.59266,-3.24213],"to":[-1,19.59266,-1.24213],"rotation":{"angle":45,"axis":"x","origin":[0,15.83806,-0.38366]},"faces":{"north":{"uv":[1.75,6.5,2,7],"texture":"#main"},"east":{"uv":[6.5,2.5,7,3],"texture":"#main"},"south":{"uv":[4.25,6.5,4.5,7],"texture":"#main"},"west":{"uv":[4.75,8,5.25,8.5],"texture":"#main"},"up":{"uv":[1,7.25,0.75,6.75],"texture":"#main"},"down":{"uv":[2,7,1.75,7.5],"texture":"#main"}}},{"from":[1,17.59266,-3.24213],"to":[2,19.59266,-1.24213],"rotation":{"angle":45,"axis":"x","origin":[0,15.83806,-0.38366]},"faces":{"north":{"uv":[2,6.5,1.75,7],"texture":"#main"},"east":{"uv":[5.25,8,4.75,8.5],"texture":"#main"},"south":{"uv":[4.5,6.5,4.25,7],"texture":"#main"},"west":{"uv":[7,2.5,6.5,3],"texture":"#main"},"up":{"uv":[0.75,7.25,1,6.75],"texture":"#main"},"down":{"uv":[1.75,7,2,7.5],"texture":"#main"}}},{"from":[-2.75052,2.04245,-2.47398],"to":[-0.25052,5.29245,1.52602],"rotation":{"angle":0,"axis":"y","origin":[-1.50052,4.85495,-0.47398]},"faces":{"north":{"uv":[7,2.5,7.625,3.375],"texture":"#main"},"east":{"uv":[6,5,7,5.875],"texture":"#main"},"south":{"uv":[7,3.5,7.625,4.375],"texture":"#main"},"west":{"uv":[6,6,7,6.875],"texture":"#main"},"up":{"uv":[6.875,4,6.25,3],"texture":"#main"},"down":{"uv":[6.875,4,6.25,5],"texture":"#main"}}},{"from":[-2.50052,0.04245,-1.72398],"to":[-0.50052,2.04245,0.77602],"rotation":{"angle":0,"axis":"y","origin":[-1.50052,4.85495,-0.47398]},"faces":{"north":{"uv":[6.25,8,6.75,8.5],"texture":"#main"},"east":{"uv":[7.75,3.5,8.375,4],"texture":"#main"},"south":{"uv":[0,8.25,0.5,8.75],"texture":"#main"},"west":{"uv":[7.75,4,8.375,4.5],"texture":"#main"},"up":{"uv":[8.25,8.125,7.75,7.5],"texture":"#main"},"down":{"uv":[8.5,4.5,8,5.125],"texture":"#main"}}},{"from":[0.25052,2.04245,-2.47398],"to":[2.75052,5.29245,1.52602],"rotation":{"angle":0,"axis":"y","origin":[1.50052,4.85495,-0.47398]},"faces":{"north":{"uv":[7.625,2.5,7,3.375],"texture":"#main"},"east":{"uv":[7,6,6,6.875],"texture":"#main"},"south":{"uv":[7.625,3.5,7,4.375],"texture":"#main"},"west":{"uv":[7,5,6,5.875],"texture":"#main"},"up":{"uv":[6.25,4,6.875,3],"texture":"#main"},"down":{"uv":[6.25,4,6.875,5],"texture":"#main"}}},{"from":[0.50052,0.04245,-1.72398],"to":[2.50052,2.04245,0.77602],"rotation":{"angle":0,"axis":"y","origin":[1.50052,4.85495,-0.47398]},"faces":{"north":{"uv":[6.75,8,6.25,8.5],"texture":"#main"},"east":{"uv":[8.375,4,7.75,4.5],"texture":"#main"},"south":{"uv":[0.5,8.25,0,8.75],"texture":"#main"},"west":{"uv":[8.375,3.5,7.75,4],"texture":"#main"},"up":{"uv":[7.75,8.125,8.25,7.5],"texture":"#main"},"down":{"uv":[8,4.5,8.5,5.125],"texture":"#main"}}},{"from":[-1,4.44395,0.36627],"to":[1,8.44395,2.36627],"rotation":{"angle":22.5,"axis":"x","origin":[0,4.63582,1.57403]},"faces":{"north":{"uv":[7,4.5,7.5,5.5],"texture":"#main"},"east":{"uv":[5,7,5.5,8],"texture":"#main"},"south":{"uv":[5.5,7,6,8],"texture":"#main"},"west":{"uv":[7,5.5,7.5,6.5],"texture":"#main"},"up":{"uv":[8.75,0.5,8.25,0],"texture":"#main"},"down":{"uv":[8.75,1.75,8.25,2.25],"texture":"#main"}}},{"from":[-1,8.21871,1.89804],"to":[1,12.21871,3.89804],"rotation":{"angle":22.5,"axis":"x","origin":[0,8.37357,2.90609]},"faces":{"north":{"uv":[6,7,6.5,8],"texture":"#main"},"east":{"uv":[6.5,7,7,8],"texture":"#main"},"south":{"uv":[7,6.5,7.5,7.5],"texture":"#main"},"west":{"uv":[7.25,0.75,7.75,1.75],"texture":"#main"},"up":{"uv":[2.75,8.75,2.25,8.25],"texture":"#main"},"down":{"uv":[3.25,8.25,2.75,8.75],"texture":"#main"}}},{"from":[-1,11.91423,3.42878],"to":[1,15.91423,5.42878],"rotation":{"angle":0,"axis":"y","origin":[0,11.78923,4.30378]},"faces":{"north":{"uv":[2.5,7.25,3,8.25],"texture":"#main"},"east":{"uv":[3,7.25,3.5,8.25],"texture":"#main"},"south":{"uv":[4.25,7.25,4.75,8.25],"texture":"#main"},"west":{"uv":[0.75,7.5,1.25,8.5],"texture":"#main"},"up":{"uv":[4.5,8.75,4,8.25],"texture":"#main"},"down":{"uv":[8.75,5.25,8.25,5.75],"texture":"#main"}}},{"from":[-1,15.91423,3.42878],"to":[1,19.91423,5.42878],"rotation":{"angle":0,"axis":"y","origin":[0,11.78923,4.30378]},"faces":{"north":{"uv":[1.25,7.5,1.75,8.5],"texture":"#main"},"east":{"uv":[1.75,7.5,2.25,8.5],"texture":"#main"},"south":{"uv":[3.5,7.5,4,8.5],"texture":"#main"},"west":{"uv":[7.5,4.5,8,5.5],"texture":"#main"},"up":{"uv":[8.75,6.25,8.25,5.75],"texture":"#main"},"down":{"uv":[8.75,6.25,8.25,6.75],"texture":"#main"}}},{"from":[0,19.16423,2.92878],"to":[0,27.16423,8.42878],"rotation":{"angle":0,"axis":"y","origin":[0,19.66423,4.42878]},"faces":{"north":{"uv":[0,0,0,2],"texture":"#main"},"east":{"uv":[0,2,1.375,4],"texture":"#main"},"south":{"uv":[0,0,0,2],"texture":"#main"},"west":{"uv":[1.5,2,2.875,4],"texture":"#main"},"up":{"uv":[0,1.375,0,0],"texture":"#main"},"down":{"uv":[0,0,0,1.375],"texture":"#main"}}}],"display":{"head":{"translation":[9.25,-33.5,11],"scale":[1.2,1.2,1.2]}},"groups":[{"name":"Watchog","origin":[-1.5,16.75,0.25],"color":0,"children":[{"name":"body","origin":[0,4.125,-0.5],"color":0,"children":[0,{"name":"arm_l","origin":[-2.50052,10.66745,-0.72398],"color":0,"children":[1]},{"name":"arm_r","origin":[2.50052,10.41745,-0.72398],"color":0,"children":[2]},{"name":"neck","origin":[0,12.125,-0.375],"color":0,"children":[3,{"name":"head","origin":[0,15.06445,-0.12747],"color":0,"children":[4,5,6,7,8,9,10]}]}]},{"name":"leg_l","origin":[-1.50052,5.35495,-0.47398],"color":0,"children":[11,12]},{"name":"leg_r","origin":[1.50052,5.10495,-0.47398],"color":0,"children":[13,14]},{"name":"tail","origin":[0,5.31909,1.68682],"color":0,"children":[15,{"name":"tail2","origin":[0,8.38134,2.80476],"color":0,"children":[16,{"name":"tail3","origin":[0,11.93923,4.42878],"color":0,"children":[17,18,{"name":"tail4","origin":[0,19.56423,4.37878],"color":0,"children":[19]}]}]}]}]}]}