{"credit":"Made with Blockbench","texture_size":[64,64],"textures":{"particle":"pokemon/weavile","main":"pokemon/weavile"},"elements":[{"from":[9,0,7],"to":[11,6,9],"faces":{"north":{"uv":[9,5.5,9.5,7],"texture":"#main"},"east":{"uv":[8.5,5.5,9,7],"texture":"#main"},"south":{"uv":[10,5.5,10.5,7],"texture":"#main"},"west":{"uv":[9.5,5.5,10,7],"texture":"#main"},"up":{"uv":[9.5,5.5,9,5],"texture":"#main"},"down":{"uv":[10,5,9.5,5.5],"texture":"#main"}}},{"from":[11,5,7],"to":[13,12,9],"rotation":{"angle":0,"axis":"z","origin":[12,8,8]},"faces":{"north":{"uv":[2.5,8.5,3,10.25],"texture":"#main"},"east":{"uv":[2,8.5,2.5,10.25],"texture":"#main"},"south":{"uv":[3.5,8.5,4,10.25],"texture":"#main"},"west":{"uv":[3,8.5,3.5,10.25],"texture":"#main"},"up":{"uv":[3,8.5,2.5,8],"texture":"#main"},"down":{"uv":[3.5,8,3,8.5],"texture":"#main"}}},{"from":[8.5,0,5.25],"to":[11.5,2,9.25],"faces":{"north":{"uv":[8,3.5,8.75,4],"texture":"#main"},"east":{"uv":[7,3.5,8,4],"texture":"#main"},"south":{"uv":[9.75,3.5,10.5,4],"texture":"#main"},"west":{"uv":[8.75,3.5,9.75,4],"texture":"#main"},"up":{"uv":[8.75,3.5,8,2.5],"texture":"#main"},"down":{"uv":[9.5,2.5,8.75,3.5],"texture":"#main"}}},{"from":[10.75,4,6.5],"to":[13.75,7,9.5],"faces":{"north":{"uv":[7.5,8.25,8.25,9],"texture":"#main"},"east":{"uv":[6.75,8.25,7.5,9],"texture":"#main"},"south":{"uv":[9,8.25,9.75,9],"texture":"#main"},"west":{"uv":[8.25,8.25,9,9],"texture":"#main"},"up":{"uv":[8.25,8.25,7.5,7.5],"texture":"#main"},"down":{"uv":[9,7.5,8.25,8.25],"texture":"#main"}}},{"from":[11.75,2,7],"to":[13.75,4,7],"faces":{"north":{"uv":[6,1,6.5,1.5],"texture":"#main"},"east":{"uv":[6,1,6,1.5],"texture":"#main"},"south":{"uv":[6.5,1,7,1.5],"texture":"#main"},"west":{"uv":[6.5,1,6.5,1.5],"texture":"#main"},"up":{"uv":[6.5,1,6,1],"texture":"#main"},"down":{"uv":[7,1,6.5,1],"texture":"#main"}}},{"from":[11.75,2,8],"to":[13.75,4,8],"faces":{"north":{"uv":[5.25,3.75,5.75,4.25],"texture":"#main"},"east":{"uv":[5.25,3.75,5.25,4.25],"texture":"#main"},"south":{"uv":[5.75,3.75,6.25,4.25],"texture":"#main"},"west":{"uv":[5.75,3.75,5.75,4.25],"texture":"#main"},"up":{"uv":[5.75,3.75,5.25,3.75],"texture":"#main"},"down":{"uv":[6.25,3.75,5.75,3.75],"texture":"#main"}}},{"from":[11.75,2,9],"to":[13.75,4,9],"faces":{"north":{"uv":[3.5,5.25,4,5.75],"texture":"#main"},"east":{"uv":[3.5,5.25,3.5,5.75],"texture":"#main"},"south":{"uv":[4,5.25,4.5,5.75],"texture":"#main"},"west":{"uv":[4,5.25,4,5.75],"texture":"#main"},"up":{"uv":[4,5.25,3.5,5.25],"texture":"#main"},"down":{"uv":[4.5,5.25,4,5.25],"texture":"#main"}}},{"from":[2.25,2,7],"to":[4.25,4,7],"rotation":{"angle":0,"axis":"y","origin":[16,0,0]},"faces":{"north":{"uv":[0,5.25,0.5,5.75],"texture":"#main"},"east":{"uv":[0,5.25,0,5.75],"texture":"#main"},"south":{"uv":[0.5,5.25,1,5.75],"texture":"#main"},"west":{"uv":[0.5,5.25,0.5,5.75],"texture":"#main"},"up":{"uv":[0.5,5.25,0,5.25],"texture":"#main"},"down":{"uv":[1,5.25,0.5,5.25],"texture":"#main"}}},{"from":[2.25,2,8],"to":[4.25,4,8],"rotation":{"angle":0,"axis":"y","origin":[16,0,0]},"faces":{"north":{"uv":[5,1,5.5,1.5],"texture":"#main"},"east":{"uv":[5,1,5,1.5],"texture":"#main"},"south":{"uv":[5.5,1,6,1.5],"texture":"#main"},"west":{"uv":[5.5,1,5.5,1.5],"texture":"#main"},"up":{"uv":[5.5,1,5,1],"texture":"#main"},"down":{"uv":[6,1,5.5,1],"texture":"#main"}}},{"from":[2.25,2,9],"to":[4.25,4,9],"rotation":{"angle":0,"axis":"y","origin":[16,0,0]},"faces":{"north":{"uv":[0,0,0.5,0.5],"texture":"#main"},"east":{"uv":[0,0,0,0.5],"texture":"#main"},"south":{"uv":[0.5,0,1,0.5],"texture":"#main"},"west":{"uv":[0.5,0,0.5,0.5],"texture":"#main"},"up":{"uv":[0.5,0,0,0],"texture":"#main"},"down":{"uv":[1,0,0.5,0],"texture":"#main"}}},{"from":[2.25,4,6.5],"to":[5.25,7,9.5],"rotation":{"angle":0,"axis":"y","origin":[16,0,0]},"faces":{"north":{"uv":[4.5,7.75,5.25,8.5],"texture":"#main"},"east":{"uv":[3.75,7.75,4.5,8.5],"texture":"#main"},"south":{"uv":[6,7.75,6.75,8.5],"texture":"#main"},"west":{"uv":[5.25,7.75,6,8.5],"texture":"#main"},"up":{"uv":[5.25,7.75,4.5,7],"texture":"#main"},"down":{"uv":[6,7,5.25,7.75],"texture":"#main"}}},{"from":[3,5,7],"to":[5,12,9],"rotation":{"angle":0,"axis":"z","origin":[4,8,8]},"faces":{"north":{"uv":[0.5,8.25,1,10],"texture":"#main"},"east":{"uv":[0,8.25,0.5,10],"texture":"#main"},"south":{"uv":[1.5,8.25,2,10],"texture":"#main"},"west":{"uv":[1,8.25,1.5,10],"texture":"#main"},"up":{"uv":[1,8.25,0.5,7.75],"texture":"#main"},"down":{"uv":[1.5,7.75,1,8.25],"texture":"#main"}}},{"from":[11,0,3.25],"to":[11,2,5.25],"faces":{"north":{"uv":[4,4.75,4,5.25],"texture":"#main"},"east":{"uv":[3.5,4.75,4,5.25],"texture":"#main"},"south":{"uv":[4.5,4.75,4.5,5.25],"texture":"#main"},"west":{"uv":[4,4.75,4.5,5.25],"texture":"#main"},"up":{"uv":[4,4.75,4,4.25],"texture":"#main"},"down":{"uv":[4,4.25,4,4.75],"texture":"#main"}}},{"from":[10,0,3.25],"to":[10,2,5.25],"faces":{"north":{"uv":[0.5,4.75,0.5,5.25],"texture":"#main"},"east":{"uv":[0,4.75,0.5,5.25],"texture":"#main"},"south":{"uv":[1,4.75,1,5.25],"texture":"#main"},"west":{"uv":[0.5,4.75,1,5.25],"texture":"#main"},"up":{"uv":[0.5,4.75,0.5,4.25],"texture":"#main"},"down":{"uv":[0.5,4.25,0.5,4.75],"texture":"#main"}}},{"from":[9,0,3.25],"to":[9,2,5.25],"faces":{"north":{"uv":[0.5,3.5,0.5,4],"texture":"#main"},"east":{"uv":[0,3.5,0.5,4],"texture":"#main"},"south":{"uv":[1,3.5,1,4],"texture":"#main"},"west":{"uv":[0.5,3.5,1,4],"texture":"#main"},"up":{"uv":[0.5,3.5,0.5,3],"texture":"#main"},"down":{"uv":[0.5,3,0.5,3.5],"texture":"#main"}}},{"from":[5,0,3.25],"to":[5,2,5.25],"rotation":{"angle":0,"axis":"y","origin":[16,0,0]},"faces":{"north":{"uv":[0.5,3,0.5,3.5],"texture":"#main"},"east":{"uv":[0,3,0.5,3.5],"texture":"#main"},"south":{"uv":[1,3,1,3.5],"texture":"#main"},"west":{"uv":[0.5,3,1,3.5],"texture":"#main"},"up":{"uv":[0.5,3,0.5,2.5],"texture":"#main"},"down":{"uv":[0.5,2.5,0.5,3],"texture":"#main"}}},{"from":[6,0,3.25],"to":[6,2,5.25],"rotation":{"angle":0,"axis":"y","origin":[16,0,0]},"faces":{"north":{"uv":[0.5,1,0.5,1.5],"texture":"#main"},"east":{"uv":[0,1,0.5,1.5],"texture":"#main"},"south":{"uv":[1,1,1,1.5],"texture":"#main"},"west":{"uv":[0.5,1,1,1.5],"texture":"#main"},"up":{"uv":[0.5,1,0.5,0.5],"texture":"#main"},"down":{"uv":[0.5,0.5,0.5,1],"texture":"#main"}}},{"from":[7,0,3.25],"to":[7,2,5.25],"rotation":{"angle":0,"axis":"y","origin":[16,0,0]},"faces":{"north":{"uv":[0.5,0.5,0.5,1],"texture":"#main"},"east":{"uv":[0,0.5,0.5,1],"texture":"#main"},"south":{"uv":[1,0.5,1,1],"texture":"#main"},"west":{"uv":[0.5,0.5,1,1],"texture":"#main"},"up":{"uv":[0.5,0.5,0.5,0],"texture":"#main"},"down":{"uv":[0.5,0,0.5,0.5],"texture":"#main"}}},{"from":[4.5,0,5.25],"to":[7.5,2,9.25],"rotation":{"angle":0,"axis":"y","origin":[16,0,0]},"faces":{"north":{"uv":[7.5,2,8.25,2.5],"texture":"#main"},"east":{"uv":[6.5,2,7.5,2.5],"texture":"#main"},"south":{"uv":[9.25,2,10,2.5],"texture":"#main"},"west":{"uv":[8.25,2,9.25,2.5],"texture":"#main"},"up":{"uv":[8.25,2,7.5,1],"texture":"#main"},"down":{"uv":[9,1,8.25,2],"texture":"#main"}}},{"from":[5,0,7],"to":[7,6,9],"rotation":{"angle":0,"axis":"y","origin":[16,0,0]},"faces":{"north":{"uv":[4.5,9,5,10.5],"texture":"#main"},"east":{"uv":[4,9,4.5,10.5],"texture":"#main"},"south":{"uv":[5.5,9,6,10.5],"texture":"#main"},"west":{"uv":[5,9,5.5,10.5],"texture":"#main"},"up":{"uv":[5,9,4.5,8.5],"texture":"#main"},"down":{"uv":[5.5,8.5,5,9],"texture":"#main"}}},{"from":[5.5,5,6],"to":[10.5,13,10],"rotation":{"angle":0,"axis":"y","origin":[15.5,0,0]},"faces":{"north":{"uv":[1,5.75,2.25,7.75],"texture":"#main"},"east":{"uv":[0,5.75,1,7.75],"texture":"#main"},"south":{"uv":[3.25,5.75,4.5,7.75],"texture":"#main"},"west":{"uv":[2.25,5.75,3.25,7.75],"texture":"#main"},"up":{"uv":[2.25,5.75,1,4.75],"texture":"#main"},"down":{"uv":[3.5,4.75,2.25,5.75],"texture":"#main"}}},{"from":[7.5,3,10],"to":[8.5,6,17],"rotation":{"angle":22.5,"axis":"x","origin":[8,6.5,13.5]},"faces":{"north":{"uv":[4.5,12.25,4.75,13],"texture":"#main"},"east":{"uv":[2.75,12.25,4.5,13],"texture":"#main"},"south":{"uv":[6.5,12.25,6.75,13],"texture":"#main"},"west":{"uv":[4.75,12.25,6.5,13],"texture":"#main"},"up":{"uv":[4.75,12.25,4.5,10.5],"texture":"#main"},"down":{"uv":[5,10.5,4.75,12.25],"texture":"#main"}}},{"from":[7.4,7.9,9.9],"to":[8.6,10.1,15.1],"rotation":{"angle":-22.5,"axis":"x","origin":[8,6.5,13.5]},"faces":{"north":{"uv":[12.75,7.5,13,8],"texture":"#main"},"east":{"uv":[11.5,7.5,12.75,8],"texture":"#main"},"south":{"uv":[14.25,7.5,14.5,8],"texture":"#main"},"west":{"uv":[13,7.5,14.25,8],"texture":"#main"},"up":{"uv":[13,7.5,12.75,6.25],"texture":"#main"},"down":{"uv":[13.25,6.25,13,7.5],"texture":"#main"}}},{"from":[4,11.5,5.5],"to":[12,13.5,10.5],"rotation":{"angle":0,"axis":"x","origin":[8,11.5,8]},"faces":{"north":{"uv":[1.25,4.25,3.25,4.75],"texture":"#main"},"east":{"uv":[0,4.25,1.25,4.75],"texture":"#main"},"south":{"uv":[4.5,4.25,6.5,4.75],"texture":"#main"},"west":{"uv":[3.25,4.25,4.5,4.75],"texture":"#main"},"up":{"uv":[3.25,4.25,1.25,3],"texture":"#main"},"down":{"uv":[5.25,3,3.25,4.25],"texture":"#main"}}},{"from":[4.5,13,5],"to":[11.5,19,11],"rotation":{"angle":0,"axis":"y","origin":[15.5,0,0]},"faces":{"north":{"uv":[1.5,1.5,3.25,3],"texture":"#main"},"east":{"uv":[0,1.5,1.5,3],"texture":"#main"},"south":{"uv":[4.75,1.5,6.5,3],"texture":"#main"},"west":{"uv":[3.25,1.5,4.75,3],"texture":"#main"},"up":{"uv":[3.25,1.5,1.5,0],"texture":"#main"},"down":{"uv":[5,0,3.25,1.5],"texture":"#main"}}},{"from":[7.5,16.5,4.5],"to":[8.5,18.5,5.5],"rotation":{"angle":0,"axis":"y","origin":[15.5,0,0]},"faces":{"north":{"uv":[5.5,3.25,5.75,3.75],"texture":"#main"},"east":{"uv":[5.25,3.25,5.5,3.75],"texture":"#main"},"south":{"uv":[6,3.25,6.25,3.75],"texture":"#main"},"west":{"uv":[5.75,3.25,6,3.75],"texture":"#main"},"up":{"uv":[5.75,3.25,5.5,3],"texture":"#main"},"down":{"uv":[6,3,5.75,3.25],"texture":"#main"}}},{"from":[11,14.5,8],"to":[15,16.5,9],"rotation":{"angle":-22.5,"axis":"z","origin":[13.5,15.5,8.5]},"faces":{"north":{"uv":[9.25,1.25,10.25,1.75],"texture":"#main"},"east":{"uv":[9,1.25,9.25,1.75],"texture":"#main"},"south":{"uv":[10.5,1.25,11.5,1.75],"texture":"#main"},"west":{"uv":[10.25,1.25,10.5,1.75],"texture":"#main"},"up":{"uv":[10.25,1.25,9.25,1],"texture":"#main"},"down":{"uv":[11.25,1,10.25,1.25],"texture":"#main"}}},{"from":[1,14.5,8],"to":[5,16.5,9],"rotation":{"angle":22.5,"axis":"z","origin":[2.5,15.5,8.5]},"faces":{"north":{"uv":[7.25,4.25,8.25,4.75],"texture":"#main"},"east":{"uv":[7,4.25,7.25,4.75],"texture":"#main"},"south":{"uv":[8.5,4.25,9.5,4.75],"texture":"#main"},"west":{"uv":[8.25,4.25,8.5,4.75],"texture":"#main"},"up":{"uv":[8.25,4.25,7.25,4],"texture":"#main"},"down":{"uv":[9.25,4,8.25,4.25],"texture":"#main"}}},{"from":[5,18,8],"to":[11,23,9],"rotation":{"angle":0,"axis":"y","origin":[14,0,0]},"faces":{"north":{"uv":[4.75,5.75,6.25,7],"texture":"#main"},"east":{"uv":[4.5,5.75,4.75,7],"texture":"#main"},"south":{"uv":[6.5,5.75,8,7],"texture":"#main"},"west":{"uv":[6.25,5.75,6.5,7],"texture":"#main"},"up":{"uv":[6.25,5.75,4.75,5.5],"texture":"#main"},"down":{"uv":[7.75,5.5,6.25,5.75],"texture":"#main"}}},{"from":[11,17,9.25],"to":[15,23,9.25],"rotation":{"angle":-22.5,"axis":"y","origin":[13,20.5,8.5]},"faces":{"north":{"uv":[8,9,9,10.5],"texture":"#main"},"east":{"uv":[8,9,8,10.5],"texture":"#main"},"south":{"uv":[9,9,10,10.5],"texture":"#main"},"west":{"uv":[9,9,9,10.5],"texture":"#main"},"up":{"uv":[9,9,8,9],"texture":"#main"},"down":{"uv":[10,9,9,9],"texture":"#main"}}},{"from":[1,17,9.25],"to":[5,23,9.25],"rotation":{"angle":22.5,"axis":"y","origin":[3,20.5,8.5]},"faces":{"north":{"uv":[6,9,7,10.5],"texture":"#main"},"east":{"uv":[6,9,6,10.5],"texture":"#main"},"south":{"uv":[7,9,8,10.5],"texture":"#main"},"west":{"uv":[7,9,7,10.5],"texture":"#main"},"up":{"uv":[7,9,6,9],"texture":"#main"},"down":{"uv":[8,9,7,9],"texture":"#main"}}},{"from":[3,17,6.25],"to":[13,21,6.25],"rotation":{"angle":0,"axis":"y","origin":[2,20.5,8.5]},"faces":{"north":{"uv":[5,0,7.5,1],"texture":"#main"},"east":{"uv":[5,0,5,1],"texture":"#main"},"south":{"uv":[7.5,0,10,1],"texture":"#main"},"west":{"uv":[7.5,0,7.5,1],"texture":"#main"},"up":{"uv":[7.5,0,5,0],"texture":"#main"},"down":{"uv":[10,0,7.5,0],"texture":"#main"}}}],"display":{"head":{"translation":[0,-35.25,0]}},"groups":[{"name":"root","origin":[8,8,8],"color":0,"children":[0,1,2,3,4,5,6,7,8,9,10,11,12,13,14,15,16,17,18,19,20,21,22,23,24,25,26,27,28,29,30,31]}]}