{"credit":"Made with Blockbench","texture_size":[32,32],"textures":{"main":"pokemon/wormadam"},"elements":[{"from":[-2.525,0.85,8.925],"to":[5.525,4.975,8.925],"rotation":{"angle":0,"axis":"y","origin":[4.3,3.1,8.5]},"faces":{"north":{"uv":[4.5,5,8.5,7],"texture":"#main"},"east":{"uv":[0,0,0,2],"texture":"#main"},"south":{"uv":[0,6,4,8],"texture":"#main"},"west":{"uv":[0,0,0,2],"texture":"#main"},"up":{"uv":[4,0,0,0],"texture":"#main"},"down":{"uv":[4,0,0,0],"texture":"#main"}}},{"from":[5.3,0,5.4],"to":[10.3,3.7,10.4],"faces":{"north":{"uv":[9,7.5,11.5,9.25],"texture":"#main"},"east":{"uv":[3,9.5,5.5,11.25],"texture":"#main"},"south":{"uv":[5.5,9.5,8,11.25],"texture":"#main"},"west":{"uv":[8,9.5,10.5,11.25],"texture":"#main"},"up":{"uv":[6.5,9.5,4,7],"texture":"#main"},"down":{"uv":[9,7,6.5,9.5],"texture":"#main"}}},{"from":[3.4,-2.2,5.1],"to":[12.1,2.1,10.5],"faces":{"north":{"uv":[4.5,0,8.75,2.25],"texture":"#main"},"east":{"uv":[0,8,2.75,10.25],"texture":"#main"},"south":{"uv":[4.5,2.5,8.75,4.75],"texture":"#main"},"west":{"uv":[9,0,11.75,2.25],"texture":"#main"},"up":{"uv":[4.25,2.75,0,0],"texture":"#main"},"down":{"uv":[4.25,3,0,5.75],"texture":"#main"}}},{"from":[5.9,-6.3,6.3],"to":[9.9,-2.2,9.5],"faces":{"north":{"uv":[0,10.5,2,12.5],"texture":"#main"},"east":{"uv":[11,2.5,12.5,4.5],"texture":"#main"},"south":{"uv":[10.5,9.5,12.5,11.5],"texture":"#main"},"west":{"uv":[11,4.5,12.5,6.5],"texture":"#main"},"up":{"uv":[4,13,2,11.5],"texture":"#main"},"down":{"uv":[6,11.5,4,13],"texture":"#main"}}},{"from":[1.925,-3.2,7.575],"to":[6.025,1.1,7.575],"faces":{"north":{"uv":[9,2.5,11,4.75],"texture":"#main"},"east":{"uv":[0,0,0,2.25],"texture":"#main"},"south":{"uv":[9,5,11,7.25],"texture":"#main"},"west":{"uv":[0,0,0,2.25],"texture":"#main"},"up":{"uv":[2,0,0,0],"texture":"#main"},"down":{"uv":[2,0,0,0],"texture":"#main"}}},{"from":[5.9,-8.75,7.85],"to":[9.9,-6.3,7.85],"faces":{"north":{"uv":[6,11.5,8,12.75],"texture":"#main"},"east":{"uv":[0,0,0,1.25],"texture":"#main"},"south":{"uv":[11.5,6.5,13.5,7.75],"texture":"#main"},"west":{"uv":[0,0,0,1.25],"texture":"#main"},"up":{"uv":[2,0,0,0],"texture":"#main"},"down":{"uv":[2,0,0,0],"texture":"#main"}}},{"from":[7.375,3.7,7.5],"to":[8.2,9.425,8.4],"faces":{"north":{"uv":[8,11.5,8.5,14.25],"texture":"#main"},"east":{"uv":[8.5,11.5,9,14.25],"texture":"#main"},"south":{"uv":[9,11.5,9.5,14.25],"texture":"#main"},"west":{"uv":[9.5,11.5,10,14.25],"texture":"#main"},"up":{"uv":[3.5,9.5,3,9],"texture":"#main"},"down":{"uv":[4,9,3.5,9.5],"texture":"#main"}}},{"from":[6.825,8.85,7.425],"to":[7.875,10.55,8.525],"rotation":{"angle":45,"axis":"z","origin":[7.7875,10.275,7.95]},"faces":{"north":{"uv":[4,6,4.5,6.75],"texture":"#main"},"east":{"uv":[8.5,5,9,5.75],"texture":"#main"},"south":{"uv":[8.5,6,9,6.75],"texture":"#main"},"west":{"uv":[11,6.5,11.5,7.25],"texture":"#main"},"up":{"uv":[11.5,12,11,11.5],"texture":"#main"},"down":{"uv":[12,11.5,11.5,12],"texture":"#main"}}},{"from":[7.125,9.825,8.1],"to":[8.5,12.175,8.1],"rotation":{"angle":0,"axis":"y","origin":[7.7875,10.275,7.95]},"faces":{"north":{"uv":[11.5,8,12.25,9.25],"texture":"#main"},"east":{"uv":[0,0,0,1.25],"texture":"#main"},"south":{"uv":[10,11.5,10.75,12.75],"texture":"#main"},"west":{"uv":[0,0,0,1.25],"texture":"#main"},"up":{"uv":[0.75,0,0,0],"texture":"#main"},"down":{"uv":[0.75,0,0,0],"texture":"#main"}}},{"from":[5.1,2.6,8.85],"to":[6.9,4.6,8.85],"rotation":{"angle":22.5,"axis":"z","origin":[4.3,3.1,8.5]},"faces":{"north":{"uv":[3,8,4,9],"texture":"#main"},"east":{"uv":[0,0,0,1],"texture":"#main"},"south":{"uv":[2,10.5,3,11.5],"texture":"#main"},"west":{"uv":[0,0,0,1],"texture":"#main"},"up":{"uv":[1,0,0,0],"texture":"#main"},"down":{"uv":[1,0,0,0],"texture":"#main"}}},{"from":[9.525,-3.2,7.575],"to":[13.625,1.1,7.575],"rotation":{"angle":0,"axis":"y","origin":[15.55,0,0]},"faces":{"north":{"uv":[11,2.5,9,4.75],"texture":"#main"},"east":{"uv":[0,0,0,2.25],"texture":"#main"},"south":{"uv":[11,5,9,7.25],"texture":"#main"},"west":{"uv":[0,0,0,2.25],"texture":"#main"},"up":{"uv":[0,0,2,0],"texture":"#main"},"down":{"uv":[0,0,2,0],"texture":"#main"}}},{"from":[10.025,0.85,8.925],"to":[18.075,4.975,8.925],"rotation":{"angle":0,"axis":"y","origin":[11.25,3.1,8.5]},"faces":{"north":{"uv":[8.5,5,4.5,7],"texture":"#main"},"east":{"uv":[0,0,0,2],"texture":"#main"},"south":{"uv":[4,6,0,8],"texture":"#main"},"west":{"uv":[0,0,0,2],"texture":"#main"},"up":{"uv":[0,0,4,0],"texture":"#main"},"down":{"uv":[0,0,4,0],"texture":"#main"}}},{"from":[8.65,2.6,8.85],"to":[10.45,4.6,8.85],"rotation":{"angle":-22.5,"axis":"z","origin":[11.25,3.1,8.5]},"faces":{"north":{"uv":[4,8,3,9],"texture":"#main"},"east":{"uv":[0,0,0,1],"texture":"#main"},"south":{"uv":[3,10.5,2,11.5],"texture":"#main"},"west":{"uv":[0,0,0,1],"texture":"#main"},"up":{"uv":[0,0,1,0],"texture":"#main"},"down":{"uv":[0,0,1,0],"texture":"#main"}}}],"display":{"head":{"translation":[0,-17,0]}},"groups":[{"name":"group","origin":[4.3,3.1,8.5],"color":0,"children":[0,1,2,3,4,5,6,7,8,9,10,11,12]}]}