{"credit":"Made with Blockbench","texture_size":[64,64],"textures":{"main":"pokemon/yanmega"},"elements":[{"from":[-13.59975,10.62541,3.89753],"to":[4.60025,10.62541,10.88003],"rotation":{"angle":-22.5,"axis":"z","origin":[4.57525,10.62541,7.38878]},"faces":{"north":{"uv":[0,0,4.5,0],"texture":"#main"},"east":{"uv":[0,0,1.75,0],"texture":"#main"},"south":{"uv":[0,0,4.5,0],"texture":"#main"},"west":{"uv":[0,0,1.75,0],"texture":"#main"},"up":{"uv":[4.5,1.75,0,0],"texture":"#main"},"down":{"uv":[4.5,1.75,0,3.5],"texture":"#main"}}},{"from":[-13.59975,10.62541,4.84753],"to":[4.60025,10.62541,11.83003],"rotation":{"angle":22.5,"axis":"y","origin":[4.57525,10.62541,7.38878]},"faces":{"north":{"uv":[0,0,4.5,0],"texture":"#main"},"east":{"uv":[0,0,1.75,0],"texture":"#main"},"south":{"uv":[0,0,4.5,0],"texture":"#main"},"west":{"uv":[0,0,1.75,0],"texture":"#main"},"up":{"uv":[4.5,1.75,0,0],"texture":"#main"},"down":{"uv":[4.5,1.75,0,3.5],"texture":"#main"}}},{"from":[4.60025,6.86291,-0.39697],"to":[11.48025,11.16291,5.23603],"rotation":{"angle":0,"axis":"y","origin":[1.16025,6.86291,3.04303]},"faces":{"north":{"uv":[8.75,9,10.5,10.125],"texture":"#main"},"east":{"uv":[10,2,11.375,3.125],"texture":"#main"},"south":{"uv":[0,9.25,1.75,10.375],"texture":"#main"},"west":{"uv":[5.25,10.25,6.625,11.375],"texture":"#main"},"up":{"uv":[6.25,9.125,4.5,7.75],"texture":"#main"},"down":{"uv":[10,2,8.25,3.375],"texture":"#main"}}},{"from":[3.93375,7.50791,-0.93447],"to":[12.23275,10.49641,4.46203],"rotation":{"angle":0,"axis":"y","origin":[1.16025,6.86291,3.04303]},"faces":{"north":{"uv":[9.25,8,11.375,8.75],"texture":"#main"},"east":{"uv":[1.75,10.5,3.125,11.25],"texture":"#main"},"south":{"uv":[5.25,9.5,7.375,10.25],"texture":"#main"},"west":{"uv":[3.25,10.5,4.625,11.25],"texture":"#main"},"up":{"uv":[2.125,9.125,0,7.75],"texture":"#main"},"down":{"uv":[4.375,7.75,2.25,9.125],"texture":"#main"}}},{"from":[6.04075,6.86291,-1.64397],"to":[9.71725,8.71191,-0.39697],"rotation":{"angle":0,"axis":"y","origin":[1.16025,6.86291,3.04303]},"faces":{"north":{"uv":[4.5,3,5.375,3.5],"texture":"#main"},"east":{"uv":[7.25,10.25,7.5,10.75],"texture":"#main"},"south":{"uv":[5.5,3,6.375,3.5],"texture":"#main"},"west":{"uv":[10.5,9.5,10.75,10],"texture":"#main"},"up":{"uv":[7.375,5.25,6.5,5],"texture":"#main"},"down":{"uv":[7.375,5.25,6.5,5.5],"texture":"#main"}}},{"from":[5.94075,6.38791,-1.86897],"to":[6.56725,7.71191,-1.29397],"rotation":{"angle":0,"axis":"y","origin":[1.16025,6.86291,3.04303]},"faces":{"north":{"uv":[8.25,10.75,8.375,11.125],"texture":"#main"},"east":{"uv":[8.5,10.75,8.625,11.125],"texture":"#main"},"south":{"uv":[10.75,9.5,10.875,9.875],"texture":"#main"},"west":{"uv":[10.75,10,10.875,10.375],"texture":"#main"},"up":{"uv":[7.125,2.875,7,2.75],"texture":"#main"},"down":{"uv":[7.375,2.75,7.25,2.875],"texture":"#main"}}},{"from":[9.23275,6.38791,-1.86897],"to":[9.85925,7.71191,-1.29397],"rotation":{"angle":0,"axis":"y","origin":[14.83975,6.86291,3.04303]},"faces":{"north":{"uv":[8.375,10.75,8.25,11.125],"texture":"#main"},"east":{"uv":[10.875,10,10.75,10.375],"texture":"#main"},"south":{"uv":[10.875,9.5,10.75,9.875],"texture":"#main"},"west":{"uv":[8.625,10.75,8.5,11.125],"texture":"#main"},"up":{"uv":[7,2.875,7.125,2.75],"texture":"#main"},"down":{"uv":[7.25,2.75,7.375,2.875],"texture":"#main"}}},{"from":[4.60025,6.30391,5.25753],"to":[11.48025,10.62541,12.37403],"rotation":{"angle":0,"axis":"y","origin":[1.16025,6.86291,3.04303]},"faces":{"north":{"uv":[1.75,9.25,3.5,10.375],"texture":"#main"},"east":{"uv":[3.5,9.25,5.25,10.375],"texture":"#main"},"south":{"uv":[9.25,4.75,11,5.875],"texture":"#main"},"west":{"uv":[9.25,6,11,7.125],"texture":"#main"},"up":{"uv":[5.75,7.75,4,6],"texture":"#main"},"down":{"uv":[7.5,6,5.75,7.75],"texture":"#main"}}},{"from":[5.73975,8.49691,11.70753],"to":[10.83525,10.77591,18.91003],"rotation":{"angle":-22.5,"axis":"x","origin":[8.04025,8.46466,15.86778]},"faces":{"north":{"uv":[7,2,8.25,2.625],"texture":"#main"},"east":{"uv":[8.75,10.25,10.5,10.875],"texture":"#main"},"south":{"uv":[10.5,3.25,11.75,3.875],"texture":"#main"},"west":{"uv":[0,10.5,1.75,11.125],"texture":"#main"},"up":{"uv":[7.5,9.5,6.25,7.75],"texture":"#main"},"down":{"uv":[8.75,9,7.5,10.75],"texture":"#main"}}},{"from":[5.67525,12.55062,17.81169],"to":[10.89975,14.82962,29.98919],"rotation":{"angle":-45,"axis":"x","origin":[8.2875,12.16362,21.73594]},"faces":{"north":{"uv":[10.5,4,11.75,4.625],"texture":"#main"},"east":{"uv":[8.75,1.25,11.75,1.875],"texture":"#main"},"south":{"uv":[10.5,8.75,11.75,9.375],"texture":"#main"},"west":{"uv":[9.25,7.25,12.25,7.875],"texture":"#main"},"up":{"uv":[5.75,3,4.5,0],"texture":"#main"},"down":{"uv":[7,0,5.75,3],"texture":"#main"}}},{"from":[5.67525,13.06662,29.93919],"to":[6.68575,14.39962,31.57319],"rotation":{"angle":-45,"axis":"x","origin":[8.2875,12.16362,21.73594]},"faces":{"north":{"uv":[10.5,10,10.75,10.375],"texture":"#main"},"east":{"uv":[6.5,5.5,6.875,5.875],"texture":"#main"},"south":{"uv":[10.5,10.5,10.75,10.875],"texture":"#main"},"west":{"uv":[7,5.5,7.375,5.875],"texture":"#main"},"up":{"uv":[7,11.125,6.75,10.75],"texture":"#main"},"down":{"uv":[7.25,10.75,7,11.125],"texture":"#main"}}},{"from":[9.88925,13.06662,29.93919],"to":[10.89975,14.39962,31.57319],"rotation":{"angle":-45,"axis":"x","origin":[8.2875,12.16362,21.73594]},"faces":{"north":{"uv":[7.25,10.75,7.5,11.125],"texture":"#main"},"east":{"uv":[6.75,10.25,7.125,10.625],"texture":"#main"},"south":{"uv":[7.5,10.75,7.75,11.125],"texture":"#main"},"west":{"uv":[4.75,10.5,5.125,10.875],"texture":"#main"},"up":{"uv":[8,11.125,7.75,10.75],"texture":"#main"},"down":{"uv":[8.25,10.75,8,11.125],"texture":"#main"}}},{"from":[8.21225,9.52641,-0.84847],"to":[8.21225,19.07241,12.37403],"rotation":{"angle":0,"axis":"y","origin":[1.16025,6.86291,3.04303]},"faces":{"north":{"uv":[0,0,0,2.375],"texture":"#main"},"east":{"uv":[0,3.5,3.25,5.875],"texture":"#main"},"south":{"uv":[0,0,0,2.375],"texture":"#main"},"west":{"uv":[3.25,3.5,6.5,5.875],"texture":"#main"},"up":{"uv":[0,3.25,0,0],"texture":"#main"},"down":{"uv":[0,0,0,3.25],"texture":"#main"}}},{"from":[8.36275,13.52962,24.50669],"to":[8.36275,20.79662,31.06419],"rotation":{"angle":-45,"axis":"x","origin":[8.2875,12.16362,21.73594]},"faces":{"north":{"uv":[0,0,0,1.875],"texture":"#main"},"east":{"uv":[6.5,3,8.125,4.875],"texture":"#main"},"south":{"uv":[0,0,0,1.875],"texture":"#main"},"west":{"uv":[7,0,8.625,1.875],"texture":"#main"},"up":{"uv":[0,1.625,0,0],"texture":"#main"},"down":{"uv":[0,0,0,1.625],"texture":"#main"}}},{"from":[8.36275,9.15362,8.14669],"to":[8.36275,16.42062,14.70419],"rotation":{"angle":0,"axis":"x","origin":[8.2875,12.16362,21.73594]},"faces":{"north":{"uv":[0,0,0,1.875],"texture":"#main"},"east":{"uv":[7.5,5,9.125,6.875],"texture":"#main"},"south":{"uv":[0,0,0,1.875],"texture":"#main"},"west":{"uv":[7.5,7,9.125,8.875],"texture":"#main"},"up":{"uv":[0,1.625,0,0],"texture":"#main"},"down":{"uv":[0,0,0,1.625],"texture":"#main"}}},{"from":[0.04225,1.40191,5.49403],"to":[7.69625,8.64741,5.49403],"rotation":{"angle":0,"axis":"z","origin":[4.66925,6.29966,5.49403]},"faces":{"north":{"uv":[0,6,1.875,7.75],"texture":"#main"},"east":{"uv":[0,0,0,1.75],"texture":"#main"},"south":{"uv":[2,6,3.875,7.75],"texture":"#main"},"west":{"uv":[0,0,0,1.75],"texture":"#main"},"up":{"uv":[1.875,0,0,0],"texture":"#main"},"down":{"uv":[1.875,0,0,0],"texture":"#main"}}},{"from":[0.04225,1.40191,11.29403],"to":[7.69625,8.64741,11.29403],"rotation":{"angle":0,"axis":"z","origin":[4.66925,6.29966,5.49403]},"faces":{"north":{"uv":[0,6,1.875,7.75],"texture":"#main"},"east":{"uv":[0,0,0,1.75],"texture":"#main"},"south":{"uv":[2,6,3.875,7.75],"texture":"#main"},"west":{"uv":[0,0,0,1.75],"texture":"#main"},"up":{"uv":[1.875,0,0,0],"texture":"#main"},"down":{"uv":[1.875,0,0,0],"texture":"#main"}}},{"from":[0.04225,1.40191,8.39403],"to":[7.69625,8.64741,8.39403],"rotation":{"angle":-22.5,"axis":"z","origin":[4.66925,6.47466,8.39403]},"faces":{"north":{"uv":[0,6,1.875,7.75],"texture":"#main"},"east":{"uv":[0,0,0,1.75],"texture":"#main"},"south":{"uv":[2,6,3.875,7.75],"texture":"#main"},"west":{"uv":[0,0,0,1.75],"texture":"#main"},"up":{"uv":[1.875,0,0,0],"texture":"#main"},"down":{"uv":[1.875,0,0,0],"texture":"#main"}}},{"from":[-2.77425,13.71162,19.72569],"to":[5.91175,13.71162,24.39119],"rotation":{"angle":-45,"axis":"x","origin":[8.2875,12.16362,21.73594]},"faces":{"north":{"uv":[0,0,2.125,0],"texture":"#main"},"east":{"uv":[0,0,1.125,0],"texture":"#main"},"south":{"uv":[0,0,2.125,0],"texture":"#main"},"west":{"uv":[0,0,1.125,0],"texture":"#main"},"up":{"uv":[10.375,4.625,8.25,3.5],"texture":"#main"},"down":{"uv":[10.875,0,8.75,1.125],"texture":"#main"}}},{"from":[10.31325,13.71162,19.72569],"to":[18.99925,13.71162,24.39119],"rotation":{"angle":-45,"axis":"x","origin":[7.9375,12.16362,21.73594]},"faces":{"north":{"uv":[2.125,0,0,0],"texture":"#main"},"east":{"uv":[1.125,0,0,0],"texture":"#main"},"south":{"uv":[2.125,0,0,0],"texture":"#main"},"west":{"uv":[1.125,0,0,0],"texture":"#main"},"up":{"uv":[8.25,4.625,10.375,3.5],"texture":"#main"},"down":{"uv":[8.75,0,10.875,1.125],"texture":"#main"}}},{"from":[11.62475,10.62541,3.89753],"to":[29.82475,10.62541,10.88003],"rotation":{"angle":22.5,"axis":"z","origin":[11.64975,10.62541,7.38878]},"faces":{"north":{"uv":[4.5,0,0,0],"texture":"#main"},"east":{"uv":[1.75,0,0,0],"texture":"#main"},"south":{"uv":[4.5,0,0,0],"texture":"#main"},"west":{"uv":[1.75,0,0,0],"texture":"#main"},"up":{"uv":[0,1.75,4.5,0],"texture":"#main"},"down":{"uv":[0,1.75,4.5,3.5],"texture":"#main"}}},{"from":[11.62475,10.62541,4.84753],"to":[29.82475,10.62541,11.83003],"rotation":{"angle":-22.5,"axis":"y","origin":[11.64975,10.62541,7.38878]},"faces":{"north":{"uv":[4.5,0,0,0],"texture":"#main"},"east":{"uv":[1.75,0,0,0],"texture":"#main"},"south":{"uv":[4.5,0,0,0],"texture":"#main"},"west":{"uv":[1.75,0,0,0],"texture":"#main"},"up":{"uv":[0,1.75,4.5,0],"texture":"#main"},"down":{"uv":[0,1.75,4.5,3.5],"texture":"#main"}}},{"from":[8.52875,1.40191,5.49403],"to":[16.18275,8.64741,5.49403],"rotation":{"angle":0,"axis":"z","origin":[11.55575,6.29966,5.49403]},"faces":{"north":{"uv":[1.875,6,0,7.75],"texture":"#main"},"east":{"uv":[0,0,0,1.75],"texture":"#main"},"south":{"uv":[3.875,6,2,7.75],"texture":"#main"},"west":{"uv":[0,0,0,1.75],"texture":"#main"},"up":{"uv":[0,0,1.875,0],"texture":"#main"},"down":{"uv":[0,0,1.875,0],"texture":"#main"}}},{"from":[8.52875,1.40191,8.39403],"to":[16.18275,8.64741,8.39403],"rotation":{"angle":22.5,"axis":"z","origin":[11.55575,6.47466,8.39403]},"faces":{"north":{"uv":[1.875,6,0,7.75],"texture":"#main"},"east":{"uv":[0,0,0,1.75],"texture":"#main"},"south":{"uv":[3.875,6,2,7.75],"texture":"#main"},"west":{"uv":[0,0,0,1.75],"texture":"#main"},"up":{"uv":[0,0,1.875,0],"texture":"#main"},"down":{"uv":[0,0,1.875,0],"texture":"#main"}}},{"from":[8.52875,1.40191,11.29403],"to":[16.18275,8.64741,11.29403],"rotation":{"angle":0,"axis":"z","origin":[11.55575,6.29966,5.49403]},"faces":{"north":{"uv":[1.875,6,0,7.75],"texture":"#main"},"east":{"uv":[0,0,0,1.75],"texture":"#main"},"south":{"uv":[3.875,6,2,7.75],"texture":"#main"},"west":{"uv":[0,0,0,1.75],"texture":"#main"},"up":{"uv":[0,0,1.875,0],"texture":"#main"},"down":{"uv":[0,0,1.875,0],"texture":"#main"}}}],"display":{"head":{"translation":[-0.5,-26.5,0],"scale":[2.3,2.3,2.3]}},"groups":[{"name":"group","origin":[8.2875,6.16362,21.73594],"color":0,"children":[0,1,2,3,4,5,6,7,8,9,10,11,12,13,14,15,16,17,18,19,20,21,22,23,24]}]}