{"parent":"physical_parent","textures":{"main":"pokemon/zangoose"},"texture_size":[64,64],"elements":[{"rotation":{"origin":[3.25,8.45,8.5],"angle":-22.5,"axis":"z"},"from":[1.75,4.95,7],"to":[3.75,13.95,9],"faces":{"east":{"uv":[7,7,7.5,9.25],"texture":"#main"},"south":{"uv":[7,1,7.5,3.25],"texture":"#main"},"north":{"uv":[6.5,6.75,7,9],"texture":"#main"},"west":{"uv":[7,3.25,7.5,5.5],"texture":"#main"},"up":{"uv":[3.25,6.25,2.75,5.75],"texture":"#main"},"down":{"uv":[8,5,7.5,5.5],"texture":"#main"}}},{"rotation":{"origin":[1.37308,5.2709,7.5],"angle":22.5,"axis":"z"},"from":[-0.12692,2.7709,7.5],"to":[1.87308,6.7709,7.5],"faces":{"east":{"uv":[0,0,0,1],"texture":"#main"},"south":{"uv":[4.75,2.75,5.25,3.75],"texture":"#main"},"north":{"uv":[2.75,4.75,3.25,5.75],"texture":"#main"},"west":{"uv":[0,0,0,1],"texture":"#main"},"up":{"uv":[0.5,0,0,0],"texture":"#main"},"down":{"uv":[0.5,0,0,0],"texture":"#main"}}},{"rotation":{"origin":[1.37308,5.2709,8.5],"angle":0,"axis":"z"},"from":[-0.12692,2.7709,8.5],"to":[1.87308,6.7709,8.5],"faces":{"east":{"uv":[0,0,0,1],"texture":"#main"},"south":{"uv":[4.25,8.5,4.75,9.5],"texture":"#main"},"north":{"uv":[3.75,8.5,4.25,9.5],"texture":"#main"},"west":{"uv":[0,0,0,1],"texture":"#main"},"up":{"uv":[0.5,0,0,0],"texture":"#main"},"down":{"uv":[0.5,0,0,0],"texture":"#main"}}},{"rotation":{"origin":[12.75,8.45,8.5],"angle":22.5,"axis":"z"},"from":[12.25,4.95,7],"to":[14.25,13.95,9],"faces":{"east":{"uv":[2,7.25,2.5,9.5],"texture":"#main"},"south":{"uv":[2.5,7.25,3,9.5],"texture":"#main"},"north":{"uv":[1.5,7.25,2,9.5],"texture":"#main"},"west":{"uv":[7.5,7.5,8,9.75],"texture":"#main"},"up":{"uv":[8,7.5,7.5,7],"texture":"#main"},"down":{"uv":[8.5,5,8,5.5],"texture":"#main"}}},{"rotation":{"origin":[14.62692,5.2709,7.5],"angle":-22.5,"axis":"z"},"from":[14.12692,2.7709,7.5],"to":[16.12692,6.7709,7.5],"faces":{"east":{"uv":[0,0,0,1],"texture":"#main"},"south":{"uv":[8.5,4.75,9,5.75],"texture":"#main"},"north":{"uv":[8.5,0,9,1],"texture":"#main"},"west":{"uv":[0,0,0,1],"texture":"#main"},"up":{"uv":[0.5,0,0,0],"texture":"#main"},"down":{"uv":[0.5,0,0,0],"texture":"#main"}}},{"rotation":{"origin":[14.62692,5.2709,8.5],"angle":0,"axis":"z"},"from":[14.12692,2.7709,8.5],"to":[16.12692,6.7709,8.5],"faces":{"east":{"uv":[0,0,0,1],"texture":"#main"},"south":{"uv":[0.5,8.75,1,9.75],"texture":"#main"},"north":{"uv":[0,8.75,0.5,9.75],"texture":"#main"},"west":{"uv":[0,0,0,1],"texture":"#main"},"up":{"uv":[0.5,0,0,0],"texture":"#main"},"down":{"uv":[0.5,0,0,0],"texture":"#main"}}},{"rotation":{"origin":[4,12,13.5],"angle":0,"axis":"y"},"from":[4,4,5.5],"to":[12,15,10.5],"faces":{"east":{"uv":[0,2.75,1.25,5.5],"texture":"#main"},"south":{"uv":[2,2,4,4.75],"texture":"#main"},"north":{"uv":[0,0,2,2.75],"texture":"#main"},"west":{"uv":[4,4,5.25,6.75],"texture":"#main"},"up":{"uv":[4,1.25,2,0],"texture":"#main"},"down":{"uv":[6,0,4,1.25],"texture":"#main"}}},{"rotation":{"origin":[12.5,8,14.5],"angle":0,"axis":"y"},"from":[4.5,0,6.5],"to":[7.5,4,9.5],"faces":{"east":{"uv":[7.5,1,8.25,2],"texture":"#main"},"south":{"uv":[7.5,2,8.25,3],"texture":"#main"},"north":{"uv":[4,2.75,4.75,3.75],"texture":"#main"},"west":{"uv":[7.5,3,8.25,4],"texture":"#main"},"up":{"uv":[8.75,7.75,8,7],"texture":"#main"},"down":{"uv":[9,1,8.25,1.75],"texture":"#main"}}},{"rotation":{"origin":[3.5,8,14.5],"angle":0,"axis":"y"},"from":[8.5,0,6.5],"to":[11.5,4,9.5],"faces":{"east":{"uv":[0,7.75,0.75,8.75],"texture":"#main"},"south":{"uv":[0.75,7.75,1.5,8.75],"texture":"#main"},"north":{"uv":[7.5,4,8.25,5],"texture":"#main"},"west":{"uv":[3,7.75,3.75,8.75],"texture":"#main"},"up":{"uv":[9,2.5,8.25,1.75],"texture":"#main"},"down":{"uv":[9,2.5,8.25,3.25],"texture":"#main"}}},{"rotation":{"origin":[11.36418,23.88268,8],"angle":-22.5,"axis":"z"},"from":[10.36418,17.38268,8],"to":[13.36418,25.38268,8],"faces":{"east":{"uv":[0,0,0,2],"texture":"#main"},"south":{"uv":[3.25,4.75,4,6.75],"texture":"#main"},"north":{"uv":[1.25,2.75,2,4.75],"texture":"#main"},"west":{"uv":[0,0,0,2],"texture":"#main"},"up":{"uv":[0.75,0,0,0],"texture":"#main"},"down":{"uv":[0.75,0,0,0],"texture":"#main"}}},{"rotation":{"origin":[3.71194,23.5,8],"angle":22.5,"axis":"z"},"from":[2.71194,17,8],"to":[5.71194,25,8],"faces":{"east":{"uv":[0,0,0,2],"texture":"#main"},"south":{"uv":[5.75,6.75,6.5,8.75],"texture":"#main"},"north":{"uv":[5,6.75,5.75,8.75],"texture":"#main"},"west":{"uv":[0,0,0,2],"texture":"#main"},"up":{"uv":[0.75,0,0,0],"texture":"#main"},"down":{"uv":[0.75,0,0,0],"texture":"#main"}}},{"rotation":{"origin":[6,23,15],"angle":0,"axis":"y"},"from":[5,15,5],"to":[11,21,11],"faces":{"east":{"uv":[1.25,4.75,2.75,6.25],"texture":"#main"},"south":{"uv":[5.25,5.25,6.75,6.75],"texture":"#main"},"north":{"uv":[4,1.25,5.5,2.75],"texture":"#main"},"west":{"uv":[5.25,2.75,6.75,4.25],"texture":"#main"},"up":{"uv":[7,2.75,5.5,1.25],"texture":"#main"},"down":{"uv":[1.5,6.25,0,7.75],"texture":"#main"}}},{"rotation":{"origin":[8,8,11.25],"angle":-22.5,"axis":"x"},"from":[6.5,6.5,9.75],"to":[9.5,9.5,13.75],"faces":{"east":{"uv":[0,5.5,1,6.25],"texture":"#main"},"south":{"uv":[8.25,4,9,4.75],"texture":"#main"},"north":{"uv":[8.25,3.25,9,4],"texture":"#main"},"west":{"uv":[3.75,7.75,4.75,8.5],"texture":"#main"},"up":{"uv":[8.5,1,7.75,0],"texture":"#main"},"down":{"uv":[8.75,8,8,9],"texture":"#main"}}},{"rotation":{"origin":[8.5,7.75,12.05],"angle":-45,"axis":"x"},"from":[7,6.25,13.55],"to":[7,10.25,20.55],"faces":{"east":{"uv":[5.25,4.25,7,5.25],"texture":"#main"},"south":{"uv":[0,0,0,1],"texture":"#main"},"north":{"uv":[0,0,0,1],"texture":"#main"},"west":{"uv":[6,0,7.75,1],"texture":"#main"},"up":{"uv":[0,1.75,0,0],"texture":"#main"},"down":{"uv":[0,0,0,1.75],"texture":"#main"}}},{"rotation":{"origin":[7.5,7.75,12.05],"angle":-45,"axis":"x"},"from":[9,6.25,13.55],"to":[9,10.25,20.55],"faces":{"east":{"uv":[1.5,6.25,3.25,7.25],"texture":"#main"},"south":{"uv":[0,0,0,1],"texture":"#main"},"north":{"uv":[0,0,0,1],"texture":"#main"},"west":{"uv":[3.25,6.75,5,7.75],"texture":"#main"},"up":{"uv":[0,1.75,0,0],"texture":"#main"},"down":{"uv":[0,0,0,1.75],"texture":"#main"}}}],"display":{"head":{"translation":[0,-32.5,0],"scale":[1.3,1.3,1.3]}},"groups":[{"children":[0,1,2],"origin":[0.87308,5.5709,8.5],"name":"arm1"},{"children":[3,4,5],"origin":[0.87308,5.5709,8.5],"name":"arm2"},{"children":[6,7,8],"origin":[3.5,8,14.5],"name":"body"},{"children":[9,10,11],"origin":[5,23,14],"name":"head"},{"children":[12,13,14],"origin":[8,8,8],"name":"tail"}]}