{"parent":"physical_parent","textures":{"main":"pokemon/zapdos"},"elements":[{"rotation":{"origin":[7,15,11],"angle":22.5,"axis":"x"},"from":[5.000651,12.99922,6.000027],"to":[9.00065,16.99922,18.00003],"faces":{"east":{"uv":[4.375,1.5,4.875,3],"texture":"#main","rotation":90},"south":{"uv":[4.375,3.125,4.875,3.625],"texture":"#main","rotation":90},"west":{"uv":[4.375,1.5,4.875,3],"texture":"#main","rotation":270},"up":{"uv":[4.375,1.5,4.875,3],"texture":"#main"},"down":{"uv":[4.375,1.5,4.875,3],"texture":"#main","rotation":180}}},{"from":[4.004302,14.81775,1.768783],"to":[10.0043,20.81775,7.768784],"faces":{"east":{"uv":[0.875,0,1.625,0.75],"texture":"#main"},"south":{"uv":[0.875,0,1.625,0.75],"texture":"#main"},"north":{"uv":[0,0,0.75,0.75],"texture":"#main"},"west":{"uv":[0.875,0,1.625,0.75],"texture":"#main"},"up":{"uv":[0.875,0.875,1.625,1.625],"texture":"#main"},"down":{"uv":[0,0.875,0.75,1.625],"texture":"#main"}}},{"from":[6.00304,14.81635,-6.232844],"to":[8.00304,16.81635,1.767156],"faces":{"east":{"uv":[4.375,1.125,5.625,1.375],"texture":"#main"},"south":{"uv":[4.375,1.125,5.625,1.25],"texture":"#main"},"north":{"uv":[4.375,1.125,5.625,1.375],"texture":"#main"},"west":{"uv":[4.375,1.125,5.625,1.375],"texture":"#main"},"up":{"uv":[4.375,1.125,5.625,1.375],"texture":"#main","rotation":90},"down":{"uv":[4.375,1.125,5.625,1.375],"texture":"#main","rotation":90}}},{"from":[1.002512,11.81765,4.768695],"to":[13.00251,25.81766,4.868695],"faces":{"south":{"uv":[2.625,0,4.125,1.75],"texture":"#main"},"north":{"uv":[2.625,0,4.125,1.75],"texture":"#main"}}},{"rotation":{"origin":[11.00073,5.108904,21.46345],"angle":-45,"axis":"x"},"from":[0.001504373,-0.8908435,23.46343],"to":[14.0015,13.10916,23.56343],"faces":{"south":{"uv":[5.125,2.625,6.875,4.375],"texture":"#main"},"north":{"uv":[5.125,2.625,6.875,4.375],"texture":"#main"}}},{"rotation":{"origin":[11,15,11],"angle":22.5,"axis":"x"},"from":[8.999023,12.99901,11.99957],"to":[11.99902,15.99901,14.99957],"faces":{"east":{"uv":[5.125,1.625,5.5,2],"texture":"#main"},"south":{"uv":[5.125,1.625,5.5,2],"texture":"#main"},"north":{"uv":[5.125,1.625,5.5,2],"texture":"#main"},"west":{"uv":[5.125,1.625,5.5,2],"texture":"#main"},"up":{"uv":[5.125,1.625,5.5,2],"texture":"#main"},"down":{"uv":[5.125,1.625,5.5,2],"texture":"#main"}}},{"rotation":{"origin":[4,15,11],"angle":22.5,"axis":"x"},"from":[2.000634,13.00025,12.00021],"to":[5.000634,16.00025,15.00021],"faces":{"east":{"uv":[5.125,1.625,5.5,2],"texture":"#main"},"south":{"uv":[5.125,1.625,5.5,2],"texture":"#main"},"north":{"uv":[5.125,1.625,5.5,2],"texture":"#main"},"west":{"uv":[5.125,1.625,5.5,2],"texture":"#main"},"up":{"uv":[5.125,1.625,5.5,2],"texture":"#main"},"down":{"uv":[5.125,1.625,5.5,2],"texture":"#main"}}},{"rotation":{"origin":[-4.996624,15.81677,8.767878],"angle":22.5,"axis":"x"},"from":[-10.99691,9.817589,10.7678],"to":[5.003085,25.81759,10.8678],"faces":{"south":{"uv":[0.125,4.625,2,6.75],"texture":"#main"},"north":{"uv":[2.125,2.25,4.125,4.25],"texture":"#main"}}},{"rotation":{"origin":[15.00338,15.69177,8.767878],"angle":22.5,"axis":"x"},"from":[9.003995,9.692708,10.76811],"to":[25.00399,25.69271,10.86811],"faces":{"south":{"uv":[2.125,4.625,4.125,6.625],"texture":"#main"},"north":{"uv":[0,2.25,2,4.25],"texture":"#main"}}},{"rotation":{"origin":[10.50874,9.485662,12.52023],"angle":22.5,"axis":"x"},"from":[10.00897,6.985915,11.01972],"to":[11.00897,11.98591,12.01972],"faces":{"east":{"uv":[4.375,1.125,5.625,1.25],"texture":"#main"},"south":{"uv":[4.375,1.125,5.625,1.25],"texture":"#main"},"north":{"uv":[4.375,1.125,5.625,1.25],"texture":"#main"},"west":{"uv":[4.375,1.125,5.625,1.25],"texture":"#main"},"down":{"uv":[4.375,1.125,5.625,1.25],"texture":"#main"}}},{"from":[10.01142,7.451532,6.70891],"to":[11.01142,8.451532,10.70891],"faces":{"east":{"uv":[5.75,2,5.875,2.5],"texture":"#main","rotation":270},"south":{"uv":[7.25,1.875,7.5,2.125],"texture":"#main","rotation":270},"north":{"uv":[7.25,2.375,7.625,2.625],"texture":"#main","rotation":270},"west":{"uv":[5.75,2,5.875,2.5],"texture":"#main","rotation":90},"up":{"uv":[5.75,2,5.875,2.5],"texture":"#main","rotation":180},"down":{"uv":[5.75,2,5.875,2.5],"texture":"#main"}}},{"rotation":{"origin":[8.512119,6.950798,8.20815],"angle":45,"axis":"y"},"from":[8.012666,7.450323,7.708048],"to":[9.012666,8.450323,10.70805],"faces":{"east":{"uv":[5.75,2,5.875,2.5],"texture":"#main","rotation":270},"south":{"uv":[7.25,1.875,7.5,2.125],"texture":"#main","rotation":270},"north":{"uv":[7.25,2.375,7.625,2.625],"texture":"#main","rotation":270},"west":{"uv":[5.75,2,5.875,2.5],"texture":"#main","rotation":90},"up":{"uv":[5.75,2,5.875,2.5],"texture":"#main","rotation":180},"down":{"uv":[5.75,2,5.875,2.5],"texture":"#main"}}},{"rotation":{"origin":[10.50874,9.485662,12.52023],"angle":22.5,"axis":"x"},"from":[10.00911,6.985065,11.02042],"to":[11.00911,11.98506,12.02042],"faces":{"east":{"uv":[4.375,1.125,5.625,1.25],"texture":"#main"},"south":{"uv":[4.375,1.125,5.625,1.25],"texture":"#main"},"north":{"uv":[4.375,1.125,5.625,1.25],"texture":"#main"},"west":{"uv":[4.375,1.125,5.625,1.25],"texture":"#main"},"down":{"uv":[4.375,1.125,5.625,1.25],"texture":"#main"}}},{"rotation":{"origin":[12.51212,6.950798,8.20815],"angle":-45,"axis":"y"},"from":[12.01309,7.450024,7.708432],"to":[13.01309,8.450024,10.70843],"faces":{"east":{"uv":[5.75,2,5.875,2.5],"texture":"#main","rotation":270},"north":{"uv":[7.25,2.375,7.625,2.625],"texture":"#main","rotation":270},"west":{"uv":[5.75,2,5.875,2.5],"texture":"#main","rotation":90},"up":{"uv":[5.75,2,5.875,2.5],"texture":"#main","rotation":180},"down":{"uv":[5.75,2,5.875,2.5],"texture":"#main"}}},{"rotation":{"origin":[3.508735,9.485662,12.52023],"angle":22.5,"axis":"x"},"from":[3.007831,6.985142,11.01963],"to":[4.007831,11.98514,12.01963],"faces":{"east":{"uv":[4.375,1.125,5.625,1.25],"texture":"#main"},"south":{"uv":[4.375,1.125,5.625,1.25],"texture":"#main"},"north":{"uv":[4.375,1.125,5.625,1.25],"texture":"#main"},"west":{"uv":[4.375,1.125,5.625,1.25],"texture":"#main"},"down":{"uv":[4.375,1.125,4.5,1.25],"texture":"#main"}}},{"rotation":{"origin":[5.512119,6.950798,8.20815],"angle":-45,"axis":"y"},"from":[5.0119,7.450741,7.70828],"to":[6.0119,8.450741,10.70828],"faces":{"east":{"uv":[5.75,2,5.875,2.5],"texture":"#main","rotation":270},"north":{"uv":[7.25,2.375,7.625,2.625],"texture":"#main","rotation":270},"west":{"uv":[5.75,2,5.875,2.5],"texture":"#main","rotation":90},"up":{"uv":[5.75,2,5.875,2.5],"texture":"#main","rotation":180},"down":{"uv":[5.75,2,5.875,2.5],"texture":"#main"}}},{"from":[3.011863,7.45043,6.707748],"to":[4.011863,8.45043,10.70775],"faces":{"east":{"uv":[5.75,2,5.875,2.5],"texture":"#main","rotation":270},"south":{"uv":[7.25,1.875,7.5,2.125],"texture":"#main","rotation":270},"north":{"uv":[7.25,2.375,7.625,2.625],"texture":"#main","rotation":270},"west":{"uv":[5.75,2,5.875,2.5],"texture":"#main","rotation":90},"up":{"uv":[5.75,2,5.875,2.5],"texture":"#main","rotation":180},"down":{"uv":[5.75,2,5.875,2.5],"texture":"#main"}}},{"rotation":{"origin":[1.51212,6.950798,8.20815],"angle":45,"axis":"y"},"from":[1.01284,7.451708,7.707648],"to":[2.01284,8.451708,10.70765],"faces":{"east":{"uv":[5.75,2,5.875,2.5],"texture":"#main","rotation":270},"south":{"uv":[7.25,1.875,7.5,2.125],"texture":"#main","rotation":270},"north":{"uv":[7.25,2.375,7.625,2.625],"texture":"#main","rotation":270},"west":{"uv":[5.75,2,5.875,2.5],"texture":"#main","rotation":90},"up":{"uv":[5.75,2,5.875,2.5],"texture":"#main","rotation":180},"down":{"uv":[5.75,2,5.875,2.5],"texture":"#main"}}},{"rotation":{"origin":[7,15,11],"angle":22.5,"axis":"x"},"from":[5.0007,12.9992,6],"to":[9.0007,16.9992,18],"faces":{"east":{"uv":[12.375,1.5,12.875,3],"texture":"#main","rotation":90},"south":{"uv":[12.375,3.125,12.875,3.625],"texture":"#main","rotation":90},"west":{"uv":[12.375,1.5,12.875,3],"texture":"#main","rotation":270},"up":{"uv":[12.375,1.5,12.875,3],"texture":"#main"},"down":{"uv":[12.375,1.5,12.875,3],"texture":"#main","rotation":180}}},{"from":[4.0043,14.8178,1.7688],"to":[10.0043,20.8178,7.768801],"faces":{"east":{"uv":[8.875,0,9.625,0.75],"texture":"#main"},"south":{"uv":[8.875,0,9.625,0.75],"texture":"#main"},"north":{"uv":[8,0,8.75,0.75],"texture":"#main"},"west":{"uv":[8.875,0,9.625,0.75],"texture":"#main"},"up":{"uv":[8.875,0.875,9.625,1.625],"texture":"#main"},"down":{"uv":[8,0.875,8.75,1.625],"texture":"#main"}}},{"from":[6.003,14.8164,-6.2328],"to":[8.003,16.8164,1.7672],"faces":{"east":{"uv":[12.375,1.125,13.625,1.375],"texture":"#main"},"south":{"uv":[12.375,1.125,13.625,1.25],"texture":"#main"},"north":{"uv":[12.375,1.125,13.625,1.375],"texture":"#main"},"west":{"uv":[12.375,1.125,13.625,1.375],"texture":"#main"},"up":{"uv":[12.375,1.125,13.625,1.375],"texture":"#main","rotation":90},"down":{"uv":[12.375,1.125,13.625,1.375],"texture":"#main","rotation":90}}},{"from":[1.0025,11.8176,4.7687],"to":[13.0025,25.81761,4.8687],"faces":{"south":{"uv":[10.625,0,12.125,1.75],"texture":"#main"},"north":{"uv":[10.625,0,12.125,1.75],"texture":"#main"}}},{"rotation":{"origin":[11.00073,5.108904,21.46345],"angle":-45,"axis":"x"},"from":[0.0015,-0.8908,23.4634],"to":[14.0015,13.1092,23.5634],"faces":{"south":{"uv":[13.125,2.625,14.875,4.375],"texture":"#main"},"north":{"uv":[13.125,2.625,14.875,4.375],"texture":"#main"}}},{"rotation":{"origin":[11,15,11],"angle":22.5,"axis":"x"},"from":[8.999,12.999,11.9996],"to":[11.999,15.999,14.9996],"faces":{"east":{"uv":[13.125,1.625,13.5,2],"texture":"#main"},"south":{"uv":[13.125,1.625,13.5,2],"texture":"#main"},"north":{"uv":[13.125,1.625,13.5,2],"texture":"#main"},"west":{"uv":[13.125,1.625,13.5,2],"texture":"#main"},"up":{"uv":[13.125,1.625,13.5,2],"texture":"#main"},"down":{"uv":[13.125,1.625,13.5,2],"texture":"#main"}}},{"rotation":{"origin":[4,15,11],"angle":22.5,"axis":"x"},"from":[2.0006,13.0002,12.0002],"to":[5.0006,16.0002,15.0002],"faces":{"east":{"uv":[13.125,1.625,13.5,2],"texture":"#main"},"south":{"uv":[13.125,1.625,13.5,2],"texture":"#main"},"north":{"uv":[13.125,1.625,13.5,2],"texture":"#main"},"west":{"uv":[13.125,1.625,13.5,2],"texture":"#main"},"up":{"uv":[13.125,1.625,13.5,2],"texture":"#main"},"down":{"uv":[13.125,1.625,13.5,2],"texture":"#main"}}},{"rotation":{"origin":[-4.996624,15.81677,8.767878],"angle":45,"axis":"x"},"from":[-10.9969,9.817599,10.7678],"to":[5.003096,25.8176,10.8678],"faces":{"south":{"uv":[8.125,4.625,10,6.75],"texture":"#main"},"north":{"uv":[10.125,2.25,12.125,4.25],"texture":"#main"}}},{"rotation":{"origin":[15.00338,15.69177,8.767878],"angle":45,"axis":"x"},"from":[9.004,9.692699,10.7681],"to":[25.00399,25.6927,10.8681],"faces":{"south":{"uv":[10.125,4.625,12.125,6.625],"texture":"#main"},"north":{"uv":[8,2.25,10,4.25],"texture":"#main"}}},{"rotation":{"origin":[10.50874,9.485662,12.52023],"angle":22.5,"axis":"x"},"from":[10.009,6.9859,11.0197],"to":[11.009,11.9859,12.0197],"faces":{"east":{"uv":[12.375,1.125,13.625,1.25],"texture":"#main"},"south":{"uv":[12.375,1.125,13.625,1.25],"texture":"#main"},"north":{"uv":[12.375,1.125,13.625,1.25],"texture":"#main"},"west":{"uv":[12.375,1.125,13.625,1.25],"texture":"#main"},"down":{"uv":[12.375,1.125,13.625,1.25],"texture":"#main"}}},{"from":[10.0114,7.4515,6.7089],"to":[11.0114,8.4515,10.7089],"faces":{"east":{"uv":[13.75,2,13.875,2.5],"texture":"#main","rotation":270},"south":{"uv":[15.25,1.875,15.5,2.125],"texture":"#main","rotation":270},"north":{"uv":[15.25,2.375,15.625,2.625],"texture":"#main","rotation":270},"west":{"uv":[13.75,2,13.875,2.5],"texture":"#main","rotation":90},"up":{"uv":[13.75,2,13.875,2.5],"texture":"#main","rotation":180},"down":{"uv":[13.75,2,13.875,2.5],"texture":"#main"}}},{"rotation":{"origin":[8.512119,6.950798,8.20815],"angle":45,"axis":"y"},"from":[8.0127,7.4503,7.708],"to":[9.0127,8.4503,10.708],"faces":{"east":{"uv":[13.75,2,13.875,2.5],"texture":"#main","rotation":270},"south":{"uv":[15.25,1.875,15.5,2.125],"texture":"#main","rotation":270},"north":{"uv":[15.25,2.375,15.625,2.625],"texture":"#main","rotation":270},"west":{"uv":[13.75,2,13.875,2.5],"texture":"#main","rotation":90},"up":{"uv":[13.75,2,13.875,2.5],"texture":"#main","rotation":180},"down":{"uv":[13.75,2,13.875,2.5],"texture":"#main"}}},{"rotation":{"origin":[10.50874,9.485662,12.52023],"angle":22.5,"axis":"x"},"from":[10.0091,6.9851,11.0204],"to":[11.0091,11.98509,12.0204],"faces":{"east":{"uv":[12.375,1.125,13.625,1.25],"texture":"#main"},"south":{"uv":[12.375,1.125,13.625,1.25],"texture":"#main"},"north":{"uv":[12.375,1.125,13.625,1.25],"texture":"#main"},"west":{"uv":[12.375,1.125,13.625,1.25],"texture":"#main"},"down":{"uv":[12.375,1.125,13.625,1.25],"texture":"#main"}}},{"rotation":{"origin":[12.51212,6.950798,8.20815],"angle":-45,"axis":"y"},"from":[12.0131,7.45,7.7084],"to":[13.0131,8.449999,10.7084],"faces":{"east":{"uv":[13.75,2,13.875,2.5],"texture":"#main","rotation":270},"north":{"uv":[15.25,2.375,15.625,2.625],"texture":"#main","rotation":270},"west":{"uv":[13.75,2,13.875,2.5],"texture":"#main","rotation":90},"up":{"uv":[13.75,2,13.875,2.5],"texture":"#main","rotation":180},"down":{"uv":[13.75,2,13.875,2.5],"texture":"#main"}}},{"rotation":{"origin":[3.508735,9.485662,12.52023],"angle":22.5,"axis":"x"},"from":[3.0078,6.9851,11.0196],"to":[4.0078,11.9851,12.0196],"faces":{"east":{"uv":[12.375,1.125,13.625,1.25],"texture":"#main"},"south":{"uv":[12.375,1.125,13.625,1.25],"texture":"#main"},"north":{"uv":[12.375,1.125,13.625,1.25],"texture":"#main"},"west":{"uv":[12.375,1.125,13.625,1.25],"texture":"#main"},"down":{"uv":[12.375,1.125,12.5,1.25],"texture":"#main"}}},{"rotation":{"origin":[5.512119,6.950798,8.20815],"angle":-45,"axis":"y"},"from":[5.0119,7.4507,7.7083],"to":[6.0119,8.4507,10.7083],"faces":{"east":{"uv":[13.75,2,13.875,2.5],"texture":"#main","rotation":270},"north":{"uv":[15.25,2.375,15.625,2.625],"texture":"#main","rotation":270},"west":{"uv":[13.75,2,13.875,2.5],"texture":"#main","rotation":90},"up":{"uv":[13.75,2,13.875,2.5],"texture":"#main","rotation":180},"down":{"uv":[13.75,2,13.875,2.5],"texture":"#main"}}},{"from":[3.0119,7.4504,6.7077],"to":[4.0119,8.450399,10.7077],"faces":{"east":{"uv":[13.75,2,13.875,2.5],"texture":"#main","rotation":270},"south":{"uv":[15.25,1.875,15.5,2.125],"texture":"#main","rotation":270},"north":{"uv":[15.25,2.375,15.625,2.625],"texture":"#main","rotation":270},"west":{"uv":[13.75,2,13.875,2.5],"texture":"#main","rotation":90},"up":{"uv":[13.75,2,13.875,2.5],"texture":"#main","rotation":180},"down":{"uv":[13.75,2,13.875,2.5],"texture":"#main"}}},{"rotation":{"origin":[1.51212,6.950798,8.20815],"angle":45,"axis":"y"},"from":[1.0128,7.4517,7.7076],"to":[2.0128,8.4517,10.7076],"faces":{"east":{"uv":[13.75,2,13.875,2.5],"texture":"#main","rotation":270},"south":{"uv":[15.25,1.875,15.5,2.125],"texture":"#main","rotation":270},"north":{"uv":[15.25,2.375,15.625,2.625],"texture":"#main","rotation":270},"west":{"uv":[13.75,2,13.875,2.5],"texture":"#main","rotation":90},"up":{"uv":[13.75,2,13.875,2.5],"texture":"#main","rotation":180},"down":{"uv":[13.75,2,13.875,2.5],"texture":"#main"}}},{"rotation":{"origin":[7,15,11],"angle":22.5,"axis":"x"},"from":[5.0007,12.9992,6],"to":[9.0007,16.9992,18],"faces":{"east":{"uv":[4.375,9.5,4.875,11],"texture":"#main","rotation":90},"south":{"uv":[4.375,11.125,4.875,11.625],"texture":"#main","rotation":90},"west":{"uv":[4.375,9.5,4.875,11],"texture":"#main","rotation":270},"up":{"uv":[4.375,9.5,4.875,11],"texture":"#main"},"down":{"uv":[4.375,9.5,4.875,11],"texture":"#main","rotation":180}}},{"from":[4.0043,14.8178,1.7688],"to":[10.0043,20.8178,7.768801],"faces":{"east":{"uv":[0.875,8,1.625,8.75],"texture":"#main"},"south":{"uv":[0.875,8,1.625,8.75],"texture":"#main"},"north":{"uv":[0,8,0.75,8.75],"texture":"#main"},"west":{"uv":[0.875,8,1.625,8.75],"texture":"#main"},"up":{"uv":[0.875,8.875,1.625,9.625],"texture":"#main"},"down":{"uv":[0,8.875,0.75,9.625],"texture":"#main"}}},{"from":[6.003,14.8164,-6.2328],"to":[8.003,16.8164,1.7672],"faces":{"east":{"uv":[4.375,9.125,5.625,9.375],"texture":"#main"},"south":{"uv":[4.375,9.125,5.625,9.25],"texture":"#main"},"north":{"uv":[4.375,9.125,5.625,9.375],"texture":"#main"},"west":{"uv":[4.375,9.125,5.625,9.375],"texture":"#main"},"up":{"uv":[4.375,9.125,5.625,9.375],"texture":"#main","rotation":90},"down":{"uv":[4.375,9.125,5.625,9.375],"texture":"#main","rotation":90}}},{"from":[1.0025,11.8176,4.7687],"to":[13.0025,25.81761,4.8687],"faces":{"south":{"uv":[2.625,8,4.125,9.75],"texture":"#main"},"north":{"uv":[2.625,8,4.125,9.75],"texture":"#main"}}},{"rotation":{"origin":[11.00073,5.108904,21.46345],"angle":-45,"axis":"x"},"from":[0.0015,-0.8908,23.4634],"to":[14.0015,13.1092,23.5634],"faces":{"south":{"uv":[5.125,10.625,6.875,12.375],"texture":"#main"},"north":{"uv":[5.125,10.625,6.875,12.375],"texture":"#main"}}},{"rotation":{"origin":[11,15,11],"angle":22.5,"axis":"x"},"from":[8.999,12.999,11.9996],"to":[11.999,15.999,14.9996],"faces":{"east":{"uv":[5.125,9.625,5.5,10],"texture":"#main"},"south":{"uv":[5.125,9.625,5.5,10],"texture":"#main"},"north":{"uv":[5.125,9.625,5.5,10],"texture":"#main"},"west":{"uv":[5.125,9.625,5.5,10],"texture":"#main"},"up":{"uv":[5.125,9.625,5.5,10],"texture":"#main"},"down":{"uv":[5.125,9.625,5.5,10],"texture":"#main"}}},{"rotation":{"origin":[4,15,11],"angle":22.5,"axis":"x"},"from":[2.0006,13.0002,12.0002],"to":[5.0006,16.0002,15.0002],"faces":{"east":{"uv":[5.125,9.625,5.5,10],"texture":"#main"},"south":{"uv":[5.125,9.625,5.5,10],"texture":"#main"},"north":{"uv":[5.125,9.625,5.5,10],"texture":"#main"},"west":{"uv":[5.125,9.625,5.5,10],"texture":"#main"},"up":{"uv":[5.125,9.625,5.5,10],"texture":"#main"},"down":{"uv":[5.125,9.625,5.5,10],"texture":"#main"}}},{"rotation":{"origin":[-3.371624,15.81677,4.892878],"angle":-22.5,"axis":"y"},"from":[-9.3719,9.817599,6.8928],"to":[6.628096,25.8176,6.992799],"faces":{"south":{"uv":[0.125,12.625,2,14.75],"texture":"#main"},"north":{"uv":[2.125,10.25,4.125,12.25],"texture":"#main"}}},{"rotation":{"origin":[-4.996624,15.81677,14.26788],"angle":22.5,"axis":"y"},"from":[9.004,9.7022,16.3159],"to":[25.00399,25.7022,16.4159],"faces":{"south":{"uv":[2.125,12.625,4.125,14.625],"texture":"#main"},"north":{"uv":[0,10.25,2,12.25],"texture":"#main"}}},{"rotation":{"origin":[10.50874,9.485662,12.52023],"angle":22.5,"axis":"x"},"from":[10.009,6.9859,11.0197],"to":[11.009,11.9859,12.0197],"faces":{"east":{"uv":[4.375,9.125,5.625,9.25],"texture":"#main"},"south":{"uv":[4.375,9.125,5.625,9.25],"texture":"#main"},"north":{"uv":[4.375,9.125,5.625,9.25],"texture":"#main"},"west":{"uv":[4.375,9.125,5.625,9.25],"texture":"#main"},"down":{"uv":[4.375,9.125,5.625,9.25],"texture":"#main"}}},{"from":[10.0114,7.4515,6.7089],"to":[11.0114,8.4515,10.7089],"faces":{"east":{"uv":[5.75,10,5.875,10.5],"texture":"#main","rotation":270},"south":{"uv":[7.25,9.875,7.5,10.125],"texture":"#main","rotation":270},"north":{"uv":[7.25,10.375,7.625,10.625],"texture":"#main","rotation":270},"west":{"uv":[5.75,10,5.875,10.5],"texture":"#main","rotation":90},"up":{"uv":[5.75,10,5.875,10.5],"texture":"#main","rotation":180},"down":{"uv":[5.75,10,5.875,10.5],"texture":"#main"}}},{"rotation":{"origin":[8.512119,6.950798,8.20815],"angle":45,"axis":"y"},"from":[8.0127,7.4503,7.708],"to":[9.0127,8.4503,10.708],"faces":{"east":{"uv":[5.75,10,5.875,10.5],"texture":"#main","rotation":270},"south":{"uv":[7.25,9.875,7.5,10.125],"texture":"#main","rotation":270},"north":{"uv":[7.25,10.375,7.625,10.625],"texture":"#main","rotation":270},"west":{"uv":[5.75,10,5.875,10.5],"texture":"#main","rotation":90},"up":{"uv":[5.75,10,5.875,10.5],"texture":"#main","rotation":180},"down":{"uv":[5.75,10,5.875,10.5],"texture":"#main"}}},{"rotation":{"origin":[10.50874,9.485662,12.52023],"angle":22.5,"axis":"x"},"from":[10.0091,6.9851,11.0204],"to":[11.0091,11.98509,12.0204],"faces":{"east":{"uv":[4.375,9.125,5.625,9.25],"texture":"#main"},"south":{"uv":[4.375,9.125,5.625,9.25],"texture":"#main"},"north":{"uv":[4.375,9.125,5.625,9.25],"texture":"#main"},"west":{"uv":[4.375,9.125,5.625,9.25],"texture":"#main"},"down":{"uv":[4.375,9.125,5.625,9.25],"texture":"#main"}}},{"rotation":{"origin":[12.51212,6.950798,8.20815],"angle":-45,"axis":"y"},"from":[12.0131,7.45,7.7084],"to":[13.0131,8.449999,10.7084],"faces":{"east":{"uv":[5.75,10,5.875,10.5],"texture":"#main","rotation":270},"north":{"uv":[7.25,10.375,7.625,10.625],"texture":"#main","rotation":270},"west":{"uv":[5.75,10,5.875,10.5],"texture":"#main","rotation":90},"up":{"uv":[5.75,10,5.875,10.5],"texture":"#main","rotation":180},"down":{"uv":[5.75,10,5.875,10.5],"texture":"#main"}}},{"rotation":{"origin":[3.508735,9.485662,12.52023],"angle":22.5,"axis":"x"},"from":[3.0078,6.9851,11.0196],"to":[4.0078,11.9851,12.0196],"faces":{"east":{"uv":[4.375,9.125,5.625,9.25],"texture":"#main"},"south":{"uv":[4.375,9.125,5.625,9.25],"texture":"#main"},"north":{"uv":[4.375,9.125,5.625,9.25],"texture":"#main"},"west":{"uv":[4.375,9.125,5.625,9.25],"texture":"#main"},"down":{"uv":[4.375,9.125,4.5,9.25],"texture":"#main"}}},{"rotation":{"origin":[5.512119,6.950798,8.20815],"angle":-45,"axis":"y"},"from":[5.0119,7.4507,7.7083],"to":[6.0119,8.4507,10.7083],"faces":{"east":{"uv":[5.75,10,5.875,10.5],"texture":"#main","rotation":270},"north":{"uv":[7.25,10.375,7.625,10.625],"texture":"#main","rotation":270},"west":{"uv":[5.75,10,5.875,10.5],"texture":"#main","rotation":90},"up":{"uv":[5.75,10,5.875,10.5],"texture":"#main","rotation":180},"down":{"uv":[5.75,10,5.875,10.5],"texture":"#main"}}},{"from":[3.0119,7.4504,6.7077],"to":[4.0119,8.450399,10.7077],"faces":{"east":{"uv":[5.75,10,5.875,10.5],"texture":"#main","rotation":270},"south":{"uv":[7.25,9.875,7.5,10.125],"texture":"#main","rotation":270},"north":{"uv":[7.25,10.375,7.625,10.625],"texture":"#main","rotation":270},"west":{"uv":[5.75,10,5.875,10.5],"texture":"#main","rotation":90},"up":{"uv":[5.75,10,5.875,10.5],"texture":"#main","rotation":180},"down":{"uv":[5.75,10,5.875,10.5],"texture":"#main"}}},{"rotation":{"origin":[1.51212,6.950798,8.20815],"angle":45,"axis":"y"},"from":[1.0128,7.4517,7.7076],"to":[2.0128,8.4517,10.7076],"faces":{"east":{"uv":[5.75,10,5.875,10.5],"texture":"#main","rotation":270},"south":{"uv":[7.25,9.875,7.5,10.125],"texture":"#main","rotation":270},"north":{"uv":[7.25,10.375,7.625,10.625],"texture":"#main","rotation":270},"west":{"uv":[5.75,10,5.875,10.5],"texture":"#main","rotation":90},"up":{"uv":[5.75,10,5.875,10.5],"texture":"#main","rotation":180},"down":{"uv":[5.75,10,5.875,10.5],"texture":"#main"}}},{"rotation":{"origin":[7,15,11],"angle":22.5,"axis":"x"},"from":[5.001632,12.99964,5.999514],"to":[9.001632,16.99964,17.99951],"faces":{"east":{"uv":[12.375,9.5,12.875,11],"texture":"#main","rotation":90},"south":{"uv":[12.375,11.125,12.875,11.625],"texture":"#main","rotation":90},"west":{"uv":[12.375,9.5,12.875,11],"texture":"#main","rotation":270},"up":{"uv":[12.375,9.5,12.875,11],"texture":"#main"},"down":{"uv":[12.375,9.5,12.875,11],"texture":"#main","rotation":180}}},{"from":[4.004817,14.81688,1.768409],"to":[10.00482,20.81688,7.76841],"faces":{"east":{"uv":[8.875,8,9.625,8.75],"texture":"#main"},"south":{"uv":[8.875,8,9.625,8.75],"texture":"#main"},"north":{"uv":[8,8,8.75,8.75],"texture":"#main"},"west":{"uv":[8.875,8,9.625,8.75],"texture":"#main"},"up":{"uv":[8.875,8.875,9.625,9.625],"texture":"#main"},"down":{"uv":[8,8.875,8.75,9.625],"texture":"#main"}}},{"from":[6.00287,14.81712,-6.23225],"to":[8.002871,16.81712,1.76775],"faces":{"east":{"uv":[12.375,9.125,13.625,9.375],"texture":"#main"},"south":{"uv":[12.375,9.125,13.625,9.25],"texture":"#main"},"north":{"uv":[12.375,9.125,13.625,9.375],"texture":"#main"},"west":{"uv":[12.375,9.125,13.625,9.375],"texture":"#main"},"up":{"uv":[12.375,9.125,13.625,9.375],"texture":"#main","rotation":90},"down":{"uv":[12.375,9.125,13.625,9.375],"texture":"#main","rotation":90}}},{"from":[1.003192,11.81744,4.768642],"to":[13.00319,25.81745,4.868642],"faces":{"south":{"uv":[10.625,8,12.125,9.75],"texture":"#main"},"north":{"uv":[10.625,8,12.125,9.75],"texture":"#main"}}},{"rotation":{"origin":[11.00073,5.108904,21.46345],"angle":-45,"axis":"x"},"from":[0.001228899,-0.8917598,23.46369],"to":[14.00123,13.10824,23.56369],"faces":{"south":{"uv":[13.125,10.625,14.875,12.375],"texture":"#main"},"north":{"uv":[13.125,10.625,14.875,12.375],"texture":"#main"}}},{"rotation":{"origin":[11,15,11],"angle":22.5,"axis":"x"},"from":[8.998981,12.99854,12.00008],"to":[11.99898,15.99854,15.00008],"faces":{"east":{"uv":[13.125,9.625,13.5,10],"texture":"#main"},"south":{"uv":[13.125,9.625,13.5,10],"texture":"#main"},"north":{"uv":[13.125,9.625,13.5,10],"texture":"#main"},"west":{"uv":[13.125,9.625,13.5,10],"texture":"#main"},"up":{"uv":[13.125,9.625,13.5,10],"texture":"#main"},"down":{"uv":[13.125,9.625,13.5,10],"texture":"#main"}}},{"rotation":{"origin":[4,15,11],"angle":22.5,"axis":"x"},"from":[2.000939,13.00108,11.99994],"to":[5.000939,16.00108,14.99994],"faces":{"east":{"uv":[13.125,9.625,13.5,10],"texture":"#main"},"south":{"uv":[13.125,9.625,13.5,10],"texture":"#main"},"north":{"uv":[13.125,9.625,13.5,10],"texture":"#main"},"west":{"uv":[13.125,9.625,13.5,10],"texture":"#main"},"up":{"uv":[13.125,9.625,13.5,10],"texture":"#main"},"down":{"uv":[13.125,9.625,13.5,10],"texture":"#main"}}},{"rotation":{"origin":[-0.496624,15.81677,2.267878],"angle":-45,"axis":"y"},"from":[-6.497417,9.81676,4.266939],"to":[9.502579,25.81676,4.366938],"faces":{"south":{"uv":[8.125,12.625,10,14.75],"texture":"#main"},"north":{"uv":[10.125,10.25,12.125,12.25],"texture":"#main"}}},{"rotation":{"origin":[-2.496624,15.81677,19.26788],"angle":45,"axis":"y"},"from":[11.50454,9.701229,21.3162],"to":[27.50453,25.70123,21.4162],"faces":{"south":{"uv":[10.125,12.625,12.125,14.625],"texture":"#main"},"north":{"uv":[8,10.25,10,12.25],"texture":"#main"}}},{"rotation":{"origin":[10.50874,9.485662,12.52023],"angle":22.5,"axis":"x"},"from":[10.00979,6.986741,11.01968],"to":[11.00979,11.98674,12.01968],"faces":{"east":{"uv":[12.375,9.125,13.625,9.25],"texture":"#main"},"south":{"uv":[12.375,9.125,13.625,9.25],"texture":"#main"},"north":{"uv":[12.375,9.125,13.625,9.25],"texture":"#main"},"west":{"uv":[12.375,9.125,13.625,9.25],"texture":"#main"},"down":{"uv":[12.375,9.125,13.625,9.25],"texture":"#main"}}},{"from":[10.01168,7.451207,6.708739],"to":[11.01168,8.451207,10.70874],"faces":{"east":{"uv":[13.75,10,13.875,10.5],"texture":"#main","rotation":270},"south":{"uv":[15.25,9.875,15.5,10.125],"texture":"#main","rotation":270},"north":{"uv":[15.25,10.375,15.625,10.625],"texture":"#main","rotation":270},"west":{"uv":[13.75,10,13.875,10.5],"texture":"#main","rotation":90},"up":{"uv":[13.75,10,13.875,10.5],"texture":"#main","rotation":180},"down":{"uv":[13.75,10,13.875,10.5],"texture":"#main"}}},{"rotation":{"origin":[8.512119,6.950798,8.20815],"angle":45,"axis":"y"},"from":[8.012511,7.450508,7.708385],"to":[9.012511,8.450508,10.70839],"faces":{"east":{"uv":[13.75,10,13.875,10.5],"texture":"#main","rotation":270},"south":{"uv":[15.25,9.875,15.5,10.125],"texture":"#main","rotation":270},"north":{"uv":[15.25,10.375,15.625,10.625],"texture":"#main","rotation":270},"west":{"uv":[13.75,10,13.875,10.5],"texture":"#main","rotation":90},"up":{"uv":[13.75,10,13.875,10.5],"texture":"#main","rotation":180},"down":{"uv":[13.75,10,13.875,10.5],"texture":"#main"}}},{"rotation":{"origin":[10.50874,9.485662,12.52023],"angle":22.5,"axis":"x"},"from":[10.00935,6.984961,11.02122],"to":[11.00935,11.98495,12.02122],"faces":{"east":{"uv":[12.375,9.125,13.625,9.25],"texture":"#main"},"south":{"uv":[12.375,9.125,13.625,9.25],"texture":"#main"},"north":{"uv":[12.375,9.125,13.625,9.25],"texture":"#main"},"west":{"uv":[12.375,9.125,13.625,9.25],"texture":"#main"},"down":{"uv":[12.375,9.125,13.625,9.25],"texture":"#main"}}},{"rotation":{"origin":[12.51212,6.950798,8.20815],"angle":-45,"axis":"y"},"from":[12.01395,7.450266,7.709395],"to":[13.01395,8.450265,10.70939],"faces":{"east":{"uv":[13.75,10,13.875,10.5],"texture":"#main","rotation":270},"north":{"uv":[15.25,10.375,15.625,10.625],"texture":"#main","rotation":270},"west":{"uv":[13.75,10,13.875,10.5],"texture":"#main","rotation":90},"up":{"uv":[13.75,10,13.875,10.5],"texture":"#main","rotation":180},"down":{"uv":[13.75,10,13.875,10.5],"texture":"#main"}}},{"rotation":{"origin":[3.508735,9.485662,12.52023],"angle":22.5,"axis":"x"},"from":[3.008334,6.984665,11.01866],"to":[4.008334,11.98466,12.01866],"faces":{"east":{"uv":[12.375,9.125,13.625,9.25],"texture":"#main"},"south":{"uv":[12.375,9.125,13.625,9.25],"texture":"#main"},"north":{"uv":[12.375,9.125,13.625,9.25],"texture":"#main"},"west":{"uv":[12.375,9.125,13.625,9.25],"texture":"#main"},"down":{"uv":[12.375,9.125,12.5,9.25],"texture":"#main"}}},{"rotation":{"origin":[5.512119,6.950798,8.20815],"angle":-45,"axis":"y"},"from":[5.01127,7.450233,7.707736],"to":[6.01127,8.450233,10.70774],"faces":{"east":{"uv":[13.75,10,13.875,10.5],"texture":"#main","rotation":270},"north":{"uv":[15.25,10.375,15.625,10.625],"texture":"#main","rotation":270},"west":{"uv":[13.75,10,13.875,10.5],"texture":"#main","rotation":90},"up":{"uv":[13.75,10,13.875,10.5],"texture":"#main","rotation":180},"down":{"uv":[13.75,10,13.875,10.5],"texture":"#main"}}},{"from":[3.012154,7.449975,6.708652],"to":[4.012154,8.449975,10.70865],"faces":{"east":{"uv":[13.75,10,13.875,10.5],"texture":"#main","rotation":270},"south":{"uv":[15.25,9.875,15.5,10.125],"texture":"#main","rotation":270},"north":{"uv":[15.25,10.375,15.625,10.625],"texture":"#main","rotation":270},"west":{"uv":[13.75,10,13.875,10.5],"texture":"#main","rotation":90},"up":{"uv":[13.75,10,13.875,10.5],"texture":"#main","rotation":180},"down":{"uv":[13.75,10,13.875,10.5],"texture":"#main"}}},{"rotation":{"origin":[1.51212,6.950798,8.20815],"angle":45,"axis":"y"},"from":[1.012409,7.452642,7.70828],"to":[2.012409,8.452642,10.70828],"faces":{"east":{"uv":[13.75,10,13.875,10.5],"texture":"#main","rotation":270},"south":{"uv":[15.25,9.875,15.5,10.125],"texture":"#main","rotation":270},"north":{"uv":[15.25,10.375,15.625,10.625],"texture":"#main","rotation":270},"west":{"uv":[13.75,10,13.875,10.5],"texture":"#main","rotation":90},"up":{"uv":[13.75,10,13.875,10.5],"texture":"#main","rotation":180},"down":{"uv":[13.75,10,13.875,10.5],"texture":"#main"}}}],"display":{"head":{"translation":[0,-30.6,0],"scale":[3,3,3]}}}