{"credit":"Made with Blockbench","texture_size":[64,64],"textures":{"main":"pokemon/zebstrika"},"elements":[{"from":[8,14.38291,0.58493],"to":[8,20.63591,20.16293],"rotation":{"angle":0,"axis":"y","origin":[8,13.28441,10.00993]},"faces":{"north":{"uv":[0,0,0,1.25],"texture":"#main"},"east":{"uv":[0,6.5,3.75,7.75],"texture":"#main"},"south":{"uv":[0,0,0,1.25],"texture":"#main"},"west":{"uv":[6.5,0,10.25,1.25],"texture":"#main"},"up":{"uv":[0,3.75,0,0],"texture":"#main"},"down":{"uv":[0,0,0,3.75],"texture":"#main"}}},{"from":[4.464,8.71491,-1.29357],"to":[11.536,14.48691,14.15043],"rotation":{"angle":0,"axis":"y","origin":[-7.392,2.94291,-10.91357]},"faces":{"north":{"uv":[0,7.75,1.375,8.875],"texture":"#main"},"east":{"uv":[6.5,5.25,9.5,6.375],"texture":"#main"},"south":{"uv":[1.5,7.75,2.875,8.875],"texture":"#main"},"west":{"uv":[6.75,6.5,9.75,7.625],"texture":"#main"},"up":{"uv":[5.125,9.5,3.75,6.5],"texture":"#main"},"down":{"uv":[6.625,6.5,5.25,9.5],"texture":"#main"}}},{"from":[5.595,9.53261,-1.48597],"to":[10.405,17.70961,3.32403],"rotation":{"angle":-22.5,"axis":"x","origin":[8,9.53261,0.67853]},"faces":{"north":{"uv":[0,9,0.875,10.625],"texture":"#main"},"east":{"uv":[1,9,1.875,10.625],"texture":"#main"},"south":{"uv":[2,9,2.875,10.625],"texture":"#main"},"west":{"uv":[6.75,9,7.625,10.625],"texture":"#main"},"up":{"uv":[9.625,5.125,8.75,4.25],"texture":"#main"},"down":{"uv":[3.875,9.5,3,10.375],"texture":"#main"}}},{"from":[6.245,16.31471,-10],"to":[9.755,19.20071,-5.333],"rotation":{"angle":0,"axis":"y","origin":[8,19.20071,-10.91357]},"faces":{"north":{"uv":[3,8.75,3.625,9.25],"texture":"#main"},"east":{"uv":[9.75,10.25,10.625,10.75],"texture":"#main"},"south":{"uv":[10.75,9.5,11.375,10],"texture":"#main"},"west":{"uv":[10.5,1,11.375,1.5],"texture":"#main"},"up":{"uv":[6.125,10.375,5.5,9.5],"texture":"#main"},"down":{"uv":[10.375,4.25,9.75,5.125],"texture":"#main"}}},{"from":[5.114,16.31471,-6.44157],"to":[10.886,22.08671,0.63043],"rotation":{"angle":0,"axis":"y","origin":[8,19.20071,-5.14157]},"faces":{"north":{"uv":[7.75,9,8.875,10.125],"texture":"#main"},"east":{"uv":[6.75,7.75,8.125,8.875],"texture":"#main"},"south":{"uv":[9,9,10.125,10.125],"texture":"#main"},"west":{"uv":[8.25,7.75,9.625,8.875],"texture":"#main"},"up":{"uv":[9.875,2.625,8.75,1.25],"texture":"#main"},"down":{"uv":[9.875,2.75,8.75,4.125],"texture":"#main"}}},{"from":[4.464,21.76171,-2.25557],"to":[6.388,26.28571,-0.33157],"rotation":{"angle":22.5,"axis":"z","origin":[6.076,23.04871,-1.29357]},"faces":{"north":{"uv":[2.5,10.75,2.875,11.625],"texture":"#main"},"east":{"uv":[10.75,4.5,11.125,5.375],"texture":"#main"},"south":{"uv":[10.75,5.5,11.125,6.375],"texture":"#main"},"west":{"uv":[6.5,10.75,6.875,11.625],"texture":"#main"},"up":{"uv":[11.625,7.875,11.25,7.5],"texture":"#main"},"down":{"uv":[8.125,11.25,7.75,11.625],"texture":"#main"}}},{"from":[6.765,15.69071,-9.32757],"to":[6.765,31.75871,6.74043],"rotation":{"angle":0,"axis":"y","origin":[5.114,19.20071,-4.17957]},"faces":{"north":{"uv":[0,0,0,3.125],"texture":"#main"},"east":{"uv":[0,0,3.125,3.125],"texture":"#main"},"south":{"uv":[0,0,0,3.125],"texture":"#main"},"west":{"uv":[0,3.25,3.125,6.375],"texture":"#main"},"up":{"uv":[0,3.125,0,0],"texture":"#main"},"down":{"uv":[0,0,0,3.125],"texture":"#main"}}},{"from":[9.235,15.69071,-9.32757],"to":[9.235,31.75871,6.74043],"rotation":{"angle":0,"axis":"y","origin":[10.886,19.20071,-4.17957]},"faces":{"north":{"uv":[0,0,0,3.125],"texture":"#main"},"east":{"uv":[3.25,0,6.375,3.125],"texture":"#main"},"south":{"uv":[0,0,0,3.125],"texture":"#main"},"west":{"uv":[3.25,3.25,6.375,6.375],"texture":"#main"},"up":{"uv":[0,3.125,0,0],"texture":"#main"},"down":{"uv":[0,0,0,3.125],"texture":"#main"}}},{"from":[9.612,21.76171,-2.25557],"to":[11.536,26.28571,-0.33157],"rotation":{"angle":-22.5,"axis":"z","origin":[9.924,23.04871,-1.29357]},"faces":{"north":{"uv":[10.75,6.5,11.125,7.375],"texture":"#main"},"east":{"uv":[7,10.75,7.375,11.625],"texture":"#main"},"south":{"uv":[10.75,7.5,11.125,8.375],"texture":"#main"},"west":{"uv":[10.75,8.5,11.125,9.375],"texture":"#main"},"up":{"uv":[11.625,8.375,11.25,8],"texture":"#main"},"down":{"uv":[8.625,11.25,8.25,11.625],"texture":"#main"}}},{"from":[8,4.30791,14.23493],"to":[8,14.46091,26.01293],"rotation":{"angle":0,"axis":"y","origin":[8,13.28441,10.00993]},"faces":{"north":{"uv":[0,0,0,2],"texture":"#main"},"east":{"uv":[6.5,1.25,8.75,3.25],"texture":"#main"},"south":{"uv":[0,0,0,2],"texture":"#main"},"west":{"uv":[6.5,3.25,8.75,5.25],"texture":"#main"},"up":{"uv":[0,2.25,0,0],"texture":"#main"},"down":{"uv":[0,0,0,2.25],"texture":"#main"}}},{"from":[3.905,3.25491,13.57843],"to":[6.375,8.45491,16.11343],"rotation":{"angle":-22.5,"axis":"x","origin":[5.14,0.00491,10.45843]},"faces":{"north":{"uv":[6.25,9.5,6.75,10.5],"texture":"#main"},"east":{"uv":[9.75,6.25,10.25,7.25],"texture":"#main"},"south":{"uv":[9.75,7.25,10.25,8.25],"texture":"#main"},"west":{"uv":[10,1.25,10.5,2.25],"texture":"#main"},"up":{"uv":[10.25,8.75,9.75,8.25],"texture":"#main"},"down":{"uv":[10.5,10.75,10,11.25],"texture":"#main"}}},{"from":[4.23,0.00491,11.95343],"to":[6.05,5.20491,14.16343],"rotation":{"angle":0,"axis":"y","origin":[-2.4,-3.89509,-5.92157]},"faces":{"north":{"uv":[10.5,1.5,10.875,2.5],"texture":"#main"},"east":{"uv":[10.5,2.5,10.875,3.5],"texture":"#main"},"south":{"uv":[3,10.5,3.375,11.5],"texture":"#main"},"west":{"uv":[3.5,10.5,3.875,11.5],"texture":"#main"},"up":{"uv":[11.625,0.375,11.25,0],"texture":"#main"},"down":{"uv":[11.625,0.5,11.25,0.875],"texture":"#main"}}},{"from":[3.775,8.77991,9.35343],"to":[6.075,13.97991,13.51343],"rotation":{"angle":0,"axis":"y","origin":[-2.4,-3.89509,-5.92157]},"faces":{"north":{"uv":[7.5,10.75,7.75,11.75],"texture":"#main"},"east":{"uv":[3,7.75,3.75,8.75],"texture":"#main"},"south":{"uv":[9.75,10.75,10,11.75],"texture":"#main"},"west":{"uv":[4,9.5,4.75,10.5],"texture":"#main"},"up":{"uv":[10.75,5.25,10.5,4.5],"texture":"#main"},"down":{"uv":[11.25,10,11,10.75],"texture":"#main"}}},{"from":[9.625,3.25491,13.57843],"to":[12.095,8.45491,16.11343],"rotation":{"angle":-22.5,"axis":"x","origin":[10.86,0.00491,10.45843]},"faces":{"north":{"uv":[10,2.25,10.5,3.25],"texture":"#main"},"east":{"uv":[10,3.25,10.5,4.25],"texture":"#main"},"south":{"uv":[10.25,0,10.75,1],"texture":"#main"},"west":{"uv":[10.25,5.25,10.75,6.25],"texture":"#main"},"up":{"uv":[11.5,2,11,1.5],"texture":"#main"},"down":{"uv":[11.5,2,11,2.5],"texture":"#main"}}},{"from":[9.95,0.00491,11.95343],"to":[11.77,5.20491,14.16343],"rotation":{"angle":0,"axis":"y","origin":[18.4,-3.89509,-5.92157]},"faces":{"north":{"uv":[10.5,3.5,10.875,4.5],"texture":"#main"},"east":{"uv":[4,10.5,4.375,11.5],"texture":"#main"},"south":{"uv":[4.5,10.5,4.875,11.5],"texture":"#main"},"west":{"uv":[5,10.5,5.375,11.5],"texture":"#main"},"up":{"uv":[11.625,4.875,11.25,4.5],"texture":"#main"},"down":{"uv":[11.625,5,11.25,5.375],"texture":"#main"}}},{"from":[9.925,8.77991,9.35343],"to":[12.225,13.97991,13.51343],"rotation":{"angle":0,"axis":"y","origin":[18.4,-3.89509,-5.92157]},"faces":{"north":{"uv":[10.75,10,11,11],"texture":"#main"},"east":{"uv":[4.75,9.5,5.5,10.5],"texture":"#main"},"south":{"uv":[10.5,10.75,10.75,11.75],"texture":"#main"},"west":{"uv":[9.5,5.25,10.25,6.25],"texture":"#main"},"up":{"uv":[11,11.75,10.75,11],"texture":"#main"},"down":{"uv":[11.25,10.75,11,11.5],"texture":"#main"}}},{"from":[4.555,5.20491,-0.72157],"to":[7.025,10.40491,2.13843],"rotation":{"angle":0,"axis":"y","origin":[-10.4,-3.89509,-10.79657]},"faces":{"north":{"uv":[10.25,6.25,10.75,7.25],"texture":"#main"},"east":{"uv":[10.25,7.25,10.75,8.25],"texture":"#main"},"south":{"uv":[7.75,10.25,8.25,11.25],"texture":"#main"},"west":{"uv":[8.25,10.25,8.75,11.25],"texture":"#main"},"up":{"uv":[11.5,3,11,2.5],"texture":"#main"},"down":{"uv":[11.5,3,11,3.5],"texture":"#main"}}},{"from":[4.88,0.00491,-0.39657],"to":[6.7,5.20491,1.81343],"rotation":{"angle":0,"axis":"y","origin":[-10.4,-3.89509,-10.79657]},"faces":{"north":{"uv":[5.5,10.5,5.875,11.5],"texture":"#main"},"east":{"uv":[6,10.5,6.375,11.5],"texture":"#main"},"south":{"uv":[0,10.75,0.375,11.75],"texture":"#main"},"west":{"uv":[10.75,0,11.125,1],"texture":"#main"},"up":{"uv":[11.625,5.875,11.25,5.5],"texture":"#main"},"down":{"uv":[11.625,6,11.25,6.375],"texture":"#main"}}},{"from":[8.975,5.20491,-0.72157],"to":[11.445,10.40491,2.13843],"rotation":{"angle":0,"axis":"y","origin":[10.4,-3.89509,-10.79657]},"faces":{"north":{"uv":[10.25,8.25,10.75,9.25],"texture":"#main"},"east":{"uv":[8.75,10.25,9.25,11.25],"texture":"#main"},"south":{"uv":[9.25,10.25,9.75,11.25],"texture":"#main"},"west":{"uv":[10.25,9.25,10.75,10.25],"texture":"#main"},"up":{"uv":[11.5,4,11,3.5],"texture":"#main"},"down":{"uv":[11.5,4,11,4.5],"texture":"#main"}}},{"from":[9.3,0.00491,-0.39657],"to":[11.12,5.20491,1.81343],"rotation":{"angle":0,"axis":"y","origin":[10.4,-3.89509,-10.79657]},"faces":{"north":{"uv":[0.5,10.75,0.875,11.75],"texture":"#main"},"east":{"uv":[1,10.75,1.375,11.75],"texture":"#main"},"south":{"uv":[1.5,10.75,1.875,11.75],"texture":"#main"},"west":{"uv":[2,10.75,2.375,11.75],"texture":"#main"},"up":{"uv":[11.625,6.875,11.25,6.5],"texture":"#main"},"down":{"uv":[11.625,7,11.25,7.375],"texture":"#main"}}}],"display":{"head":{"translation":[0,-33,2],"scale":[1.25,1.25,1.25]}},"groups":[{"name":"zebstrika","origin":[0,-0.01637,0.73857],"color":0,"children":[{"name":"body","origin":[0,9.55516,0.40118],"color":0,"children":[0,1,{"name":"neck","origin":[0,10.99447,-5.75269],"color":0,"children":[2,{"name":"head","origin":[0,16.46822,-7.55915],"color":0,"children":[3,4,5,6,7,8]}]},{"name":"tail","origin":[0,11.88441,8.22393],"color":0,"children":[9]}]},{"name":"leg_l","origin":[-2.86,11.84677,5.66584],"color":0,"children":[10,11,12]},{"name":"leg_r","origin":[3.09833,11.77448,5.50504],"color":0,"children":[13,14,15]},{"name":"arm_l","origin":[-2.21,8.95491,-5.29157],"color":0,"children":[16,17]},{"name":"arm_r","origin":[2.21,8.70491,-5.29157],"color":0,"children":[18,19]}]}]}