{"textures":{"0":"gameitems/customblocks/apricorn_3","1":"gameitems/customblocks/apricorn","particle":"gameitems/customblocks/apricorn_3"},"elements":[{"from":[4,-14.125,4],"to":[15.2,-11.325,15.2],"faces":{"down":{"uv":[15,2.75,14,3.75],"texture":"#0"},"up":{"uv":[14,3.75,13,2.75],"texture":"#0"},"north":{"uv":[13,3.75,14,4],"texture":"#0"},"south":{"uv":[15,3.75,16,4],"texture":"#0"},"west":{"uv":[14,3.75,15,4],"texture":"#0"},"east":{"uv":[12,3.75,13,4],"texture":"#0"}}},{"from":[6.8,-11.325,6.8],"to":[12.4,-2.925,12.4],"faces":{"down":{"uv":[9,10.25,8.5,10.75],"texture":"#0"},"up":{"uv":[8.5,10.75,8,10.25],"texture":"#0"},"north":{"uv":[8,10.75,8.5,11.5],"texture":"#0"},"south":{"uv":[9,10.75,9.5,11.5],"texture":"#0"},"west":{"uv":[8.5,10.75,9,11.5],"texture":"#0"},"east":{"uv":[7.5,10.75,8,11.5],"texture":"#0"}}},{"from":[-1.6,-0.125,-1.6],"to":[20.8,8.275,20.8],"faces":{"down":{"uv":[6,0,4,2],"texture":"#0"},"up":{"uv":[4,2,2,0],"texture":"#0"},"north":{"uv":[2,2,4,2.75],"texture":"#0"},"south":{"uv":[6,2,8,2.75],"texture":"#0"},"west":{"uv":[4,2,6,2.75],"texture":"#0"},"east":{"uv":[0,2,2,2.75],"texture":"#0"}}},{"from":[4,-2.925,4],"to":[15.2,-0.125,15.2],"faces":{"down":{"uv":[3,4.75,2,5.75],"texture":"#0"},"up":{"uv":[2,5.75,1,4.75],"texture":"#0"},"north":{"uv":[1,5.75,2,6],"texture":"#0"},"south":{"uv":[3,5.75,4,6],"texture":"#0"},"west":{"uv":[2,5.75,3,6],"texture":"#0"},"east":{"uv":[0,5.75,1,6],"texture":"#0"}}},{"from":[1.2,8.275,1.2],"to":[18,13.875,18],"faces":{"down":{"uv":[4.5,2.75,3,4.25],"texture":"#0"},"up":{"uv":[3,4.25,1.5,2.75],"texture":"#0"},"north":{"uv":[1.5,4.25,3,4.75],"texture":"#0"},"south":{"uv":[4.5,4.25,6,4.75],"texture":"#0"},"west":{"uv":[3,4.25,4.5,4.75],"texture":"#0"},"east":{"uv":[0,4.25,1.5,4.75],"texture":"#0"}}},{"from":[-0.2,13.875,-0.2],"to":[19.4,22.275,19.4],"faces":{"down":{"uv":[13.25,0,11.5,1.75],"texture":"#0"},"up":{"uv":[11.5,1.75,9.75,0],"texture":"#0"},"north":{"uv":[9.75,1.75,11.5,2.5],"texture":"#0"},"south":{"uv":[13.25,1.75,15,2.5],"texture":"#0"},"west":{"uv":[11.5,1.75,13.25,2.5],"texture":"#0"},"east":{"uv":[8,1.75,9.75,2.5],"texture":"#0"}}},{"from":[-1.6,22.275,4],"to":[1.2,25.075,15.2],"faces":{"down":{"uv":[12.5,8.75,12.25,9.75],"texture":"#0"},"up":{"uv":[12.25,9.75,12,8.75],"texture":"#0"},"north":{"uv":[12,9.75,12.25,10],"texture":"#0"},"south":{"uv":[13.25,9.75,13.5,10],"texture":"#0"},"west":{"uv":[12.25,9.75,13.25,10],"texture":"#0"},"east":{"uv":[11,9.75,12,10],"texture":"#0"}}},{"from":[1.2,22.275,1.2],"to":[18,25.075,18],"faces":{"down":{"uv":[10.5,2.75,9,4.25],"texture":"#0"},"up":{"uv":[9,4.25,7.5,2.75],"texture":"#0"},"north":{"uv":[7.5,4.25,9,4.5],"texture":"#0"},"south":{"uv":[10.5,4.25,12,4.5],"texture":"#0"},"west":{"uv":[9,4.25,10.5,4.5],"texture":"#0"},"east":{"uv":[6,4.25,7.5,4.5],"texture":"#0"}}},{"from":[18,22.275,4],"to":[20.8,25.075,15.2],"faces":{"down":{"uv":[1.5,10.25,1.25,11.25],"texture":"#0"},"up":{"uv":[1.25,11.25,1,10.25],"texture":"#0"},"north":{"uv":[1,11.25,1.25,11.5],"texture":"#0"},"south":{"uv":[2.25,11.25,2.5,11.5],"texture":"#0"},"west":{"uv":[1.25,11.25,2.25,11.5],"texture":"#0"},"east":{"uv":[0,11.25,1,11.5],"texture":"#0"}}},{"from":[4,22.275,-1.6],"to":[15.2,25.075,1.2],"faces":{"down":{"uv":[11.75,10.75,10.75,11],"texture":"#0"},"up":{"uv":[10.75,11,9.75,10.75],"texture":"#0"},"north":{"uv":[9.75,11,10.75,11.25],"texture":"#0"},"south":{"uv":[11,11,12,11.25],"texture":"#0"},"west":{"uv":[10.75,11,11,11.25],"texture":"#0"},"east":{"uv":[9.5,11,9.75,11.25],"texture":"#0"}}},{"from":[4,22.275,18],"to":[15.2,25.075,20.8],"faces":{"down":{"uv":[11.75,10.25,10.75,10.5],"texture":"#0"},"up":{"uv":[10.75,10.5,9.75,10.25],"texture":"#0"},"north":{"uv":[9.75,10.5,10.75,10.75],"texture":"#0"},"south":{"uv":[11,10.5,12,10.75],"texture":"#0"},"west":{"uv":[10.75,10.5,11,10.75],"texture":"#0"},"east":{"uv":[9.5,10.5,9.75,10.75],"texture":"#0"}}},{"from":[19.4,13.875,2.6],"to":[22.2,22.275,16.6],"faces":{"down":{"uv":[4.75,6.75,4.5,8],"texture":"#0"},"up":{"uv":[4.5,8,4.25,6.75],"texture":"#0"},"north":{"uv":[4.25,8,4.5,8.75],"texture":"#0"},"south":{"uv":[5.75,8,6,8.75],"texture":"#0"},"west":{"uv":[4.5,8,5.75,8.75],"texture":"#0"},"east":{"uv":[3,8,4.25,8.75],"texture":"#0"}}},{"from":[-3,13.875,2.6],"to":[-0.2,22.275,16.6],"faces":{"down":{"uv":[12.75,4.75,12.5,6],"texture":"#0"},"up":{"uv":[12.5,6,12.25,4.75],"texture":"#0"},"north":{"uv":[12.25,6,12.5,6.75],"texture":"#0"},"south":{"uv":[13.75,6,14,6.75],"texture":"#0"},"west":{"uv":[12.5,6,13.75,6.75],"texture":"#0"},"east":{"uv":[11,6,12.25,6.75],"texture":"#0"}}},{"from":[2.6,13.875,19.4],"to":[16.6,22.275,22.2],"faces":{"down":{"uv":[2.75,8.75,1.5,9],"texture":"#0"},"up":{"uv":[1.5,9,0.25,8.75],"texture":"#0"},"north":{"uv":[0.25,9,1.5,9.75],"texture":"#0"},"south":{"uv":[1.75,9,3,9.75],"texture":"#0"},"west":{"uv":[1.5,9,1.75,9.75],"texture":"#0"},"east":{"uv":[0,9,0.25,9.75],"texture":"#0"}}},{"from":[2.6,13.875,-3],"to":[16.6,22.275,-0.2],"faces":{"down":{"uv":[8.75,6.75,7.5,7],"texture":"#0"},"up":{"uv":[7.5,7,6.25,6.75],"texture":"#0"},"north":{"uv":[6.25,7,7.5,7.75],"texture":"#0"},"south":{"uv":[7.75,7,9,7.75],"texture":"#0"},"west":{"uv":[7.5,7,7.75,7.75],"texture":"#0"},"east":{"uv":[6,7,6.25,7.75],"texture":"#0"}}},{"from":[19.4,-0.125,2.6],"to":[22.2,8.275,16.6],"faces":{"down":{"uv":[9.75,4.75,9.5,6],"texture":"#0"},"up":{"uv":[9.5,6,9.25,4.75],"texture":"#0"},"north":{"uv":[9.25,6,9.5,6.75],"texture":"#0"},"south":{"uv":[10.75,6,11,6.75],"texture":"#0"},"west":{"uv":[9.5,6,10.75,6.75],"texture":"#0"},"east":{"uv":[8,6,9.25,6.75],"texture":"#0"}}},{"from":[2.6,-0.125,-3],"to":[16.6,8.275,-0.2],"faces":{"down":{"uv":[8.75,7.75,7.5,8],"texture":"#0"},"up":{"uv":[7.5,8,6.25,7.75],"texture":"#0"},"north":{"uv":[6.25,8,7.5,8.75],"texture":"#0"},"south":{"uv":[7.75,8,9,8.75],"texture":"#0"},"west":{"uv":[7.5,8,7.75,8.75],"texture":"#0"},"east":{"uv":[6,8,6.25,8.75],"texture":"#0"}}},{"from":[-3,-0.125,2.6],"to":[-0.2,8.275,16.6],"faces":{"down":{"uv":[1.75,6.75,1.5,8],"texture":"#0"},"up":{"uv":[1.5,8,1.25,6.75],"texture":"#0"},"north":{"uv":[1.25,8,1.5,8.75],"texture":"#0"},"south":{"uv":[2.75,8,3,8.75],"texture":"#0"},"west":{"uv":[1.5,8,2.75,8.75],"texture":"#0"},"east":{"uv":[0,8,1.25,8.75],"texture":"#0"}}},{"from":[2.6,-0.125,19.4],"to":[16.6,8.275,22.2],"faces":{"down":{"uv":[5.75,8.75,4.5,9],"texture":"#0"},"up":{"uv":[4.5,9,3.25,8.75],"texture":"#0"},"north":{"uv":[3.25,9,4.5,9.75],"texture":"#0"},"south":{"uv":[4.75,9,6,9.75],"texture":"#0"},"west":{"uv":[4.5,9,4.75,9.75],"texture":"#0"},"east":{"uv":[3,9,3.25,9.75],"texture":"#0"}}},{"from":[-1.6,8.275,4],"to":[1.2,13.875,15.2],"faces":{"down":{"uv":[7.5,8.75,7.25,9.75],"texture":"#0"},"up":{"uv":[7.25,9.75,7,8.75],"texture":"#0"},"north":{"uv":[7,9.75,7.25,10.25],"texture":"#0"},"south":{"uv":[8.25,9.75,8.5,10.25],"texture":"#0"},"west":{"uv":[7.25,9.75,8.25,10.25],"texture":"#0"},"east":{"uv":[6,9.75,7,10.25],"texture":"#0"}}},{"from":[4,8.275,18],"to":[15.2,13.875,20.8],"faces":{"down":{"uv":[4.75,10.25,3.75,10.5],"texture":"#0"},"up":{"uv":[3.75,10.5,2.75,10.25],"texture":"#0"},"north":{"uv":[2.75,10.5,3.75,11],"texture":"#0"},"south":{"uv":[4,10.5,5,11],"texture":"#0"},"west":{"uv":[3.75,10.5,4,11],"texture":"#0"},"east":{"uv":[2.5,10.5,2.75,11],"texture":"#0"}}},{"from":[18,8.275,4],"to":[20.8,13.875,15.2],"faces":{"down":{"uv":[10,8.75,9.75,9.75],"texture":"#0"},"up":{"uv":[9.75,9.75,9.5,8.75],"texture":"#0"},"north":{"uv":[9.5,9.75,9.75,10.25],"texture":"#0"},"south":{"uv":[10.75,9.75,11,10.25],"texture":"#0"},"west":{"uv":[9.75,9.75,10.75,10.25],"texture":"#0"},"east":{"uv":[8.5,9.75,9.5,10.25],"texture":"#0"}}},{"from":[4,8.275,-1.6],"to":[15.2,13.875,1.2],"faces":{"down":{"uv":[7.25,10.25,6.25,10.5],"texture":"#0"},"up":{"uv":[6.25,10.5,5.25,10.25],"texture":"#0"},"north":{"uv":[5.25,10.5,6.25,11],"texture":"#0"},"south":{"uv":[6.5,10.5,7.5,11],"texture":"#0"},"west":{"uv":[6.25,10.5,6.5,11],"texture":"#0"},"east":{"uv":[5,10.5,5.25,11],"texture":"#0"}}},{"from":[4,25.075,4],"to":[15.2,27.875,15.2],"faces":{"down":{"uv":[7,4.75,6,5.75],"texture":"#0"},"up":{"uv":[6,5.75,5,4.75],"texture":"#0"},"north":{"uv":[5,5.75,6,6],"texture":"#0"},"south":{"uv":[7,5.75,8,6],"texture":"#0"},"west":{"uv":[6,5.75,7,6],"texture":"#0"},"east":{"uv":[4,5.75,5,6],"texture":"#0"}}},{"from":[6.8,27.875,6.8],"to":[12.4,30.675,12.4],"faces":{"down":{"uv":[6,0,4,2],"texture":"#1"},"up":{"uv":[4,5,2,3],"texture":"#1"},"north":{"uv":[2,4,4,5],"texture":"#1"},"south":{"uv":[6,5,8,6],"texture":"#1"},"west":{"uv":[4,5,6,6],"texture":"#1"},"east":{"uv":[0,5,2,6],"texture":"#1"}}}],"display":{"thirdperson_righthand":{"scale":[0.0001,0.0001,0.0001]},"thirdperson_lefthand":{"scale":[0.0001,0.0001,0.0001]},"firstperson_righthand":{"scale":[0.0001,0.0001,0.0001]},"firstperson_lefthand":{"scale":[0.0001,0.0001,0.0001]},"gui":{"scale":[0.0001,0.0001,0.0001]},"head":{"rotation":[-30,0,0],"translation":[-2.78,-13.9,-15.97],"scale":[1.9,1.9,1.9]}}}