{"credit":"Made with Blockbench","textures":{"texture":"gui/hp-counter/double/5"},"elements":[{"from":[-16,-16,15.9375],"to":[32,32,16],"faces":{"north":{"uv":[0,8.875,16,13.955],"texture":"#texture"},"south":{"uv":[0,8.875,16,13.955],"texture":"#texture"}}}],"display":{"thirdperson_righthand":{"scale":[0.0001,0.0001,0.0001]},"thirdperson_lefthand":{"scale":[0.0001,0.0001,0.0001]},"firstperson_righthand":{"scale":[0.0001,0.0001,0.0001]},"firstperson_lefthand":{"scale":[0.0001,0.0001,0.0001]},"gui":{"translation":[-34.5,30.5,0],"scale":[1.94,0.55,1]},"fixed":{"scale":[0.0001,0.0001,0.0001]}},"gui_light":"front"}