{"credit":"Made with Blockbench","texture_size":[32,32],"textures":{"main":"pokemon/cherrim"},"elements":[{"from":[6.8,2,7],"to":[10.4,5,9.3],"faces":{"north":{"uv":[7.5,11.5,9.25,13],"texture":"#main"},"east":{"uv":[9.5,11.5,10.75,13],"texture":"#main"},"south":{"uv":[11.5,8.5,13.25,10],"texture":"#main"},"west":{"uv":[13,5.5,14.25,7],"texture":"#main"},"up":{"uv":[14.25,11.25,12.5,10],"texture":"#main"},"down":{"uv":[14.25,11.5,12.5,12.75],"texture":"#main"}}},{"from":[7,1.225,7.6],"to":[7.8,2,8.5],"faces":{"north":{"uv":[11,5.5,11.5,6],"texture":"#main"},"east":{"uv":[13,8,13.5,8.5],"texture":"#main"},"south":{"uv":[13.5,9,14,9.5],"texture":"#main"},"west":{"uv":[13.5,9.5,14,10],"texture":"#main"},"up":{"uv":[14,13.5,13.5,13],"texture":"#main"},"down":{"uv":[14,13.5,13.5,14],"texture":"#main"}}},{"from":[9.5,1.225,7.6],"to":[10.3,2,8.5],"faces":{"north":{"uv":[14,7,14.5,7.5],"texture":"#main"},"east":{"uv":[7.5,14,8,14.5],"texture":"#main"},"south":{"uv":[14,7.5,14.5,8],"texture":"#main"},"west":{"uv":[8,14,8.5,14.5],"texture":"#main"},"up":{"uv":[9,14.5,8.5,14],"texture":"#main"},"down":{"uv":[9.5,14,9,14.5],"texture":"#main"}}},{"from":[6.15,1.4,6.95],"to":[11,5,6.95],"faces":{"north":{"uv":[11,1.5,13.5,3.25],"texture":"#main"},"east":{"uv":[0,0,0,1.75],"texture":"#main"},"south":{"uv":[11,3.5,13.5,5.25],"texture":"#main"},"west":{"uv":[0,0,0,1.75],"texture":"#main"},"up":{"uv":[2.5,0,0,0],"texture":"#main"},"down":{"uv":[2.5,0,0,0],"texture":"#main"}}},{"from":[5,5,6.575],"to":[12.075,10.7,9.45],"faces":{"north":{"uv":[7.5,0,11,2.75],"texture":"#main"},"east":{"uv":[11,10,12.5,12.75],"texture":"#main"},"south":{"uv":[7.5,3,11,5.75],"texture":"#main"},"west":{"uv":[11.5,5.5,13,8.25],"texture":"#main"},"up":{"uv":[11,11.5,7.5,10],"texture":"#main"},"down":{"uv":[14.5,0,11,1.5],"texture":"#main"}}},{"from":[0.9,1.4,8.075],"to":[15.375,16.5,8.075],"faces":{"north":{"uv":[0,0,7.25,7.5],"texture":"#main"},"east":{"uv":[0,0,0,7.5],"texture":"#main"},"south":{"uv":[0,7.5,7.25,15],"texture":"#main"},"west":{"uv":[0,0,0,7.5],"texture":"#main"},"up":{"uv":[7.25,0,0,0],"texture":"#main"},"down":{"uv":[7.25,0,0,0],"texture":"#main"}}},{"from":[4.7,9.65,6.15],"to":[6.375,11.3,7.675],"faces":{"north":{"uv":[13,7,13.75,7.75],"texture":"#main"},"east":{"uv":[7.5,13,8.25,13.75],"texture":"#main"},"south":{"uv":[8.5,13,9.25,13.75],"texture":"#main"},"west":{"uv":[9.5,13,10.25,13.75],"texture":"#main"},"up":{"uv":[11.25,13.75,10.5,13],"texture":"#main"},"down":{"uv":[12.25,13,11.5,13.75],"texture":"#main"}}},{"from":[6.325,8.9,6.475],"to":[10.575,16.65,6.475],"faces":{"north":{"uv":[7.5,6,9.5,10],"texture":"#main"},"east":{"uv":[0,0,0,4],"texture":"#main"},"south":{"uv":[9.5,6,11.5,10],"texture":"#main"},"west":{"uv":[0,0,0,4],"texture":"#main"},"up":{"uv":[2,0,0,0],"texture":"#main"},"down":{"uv":[2,0,0,0],"texture":"#main"}}},{"from":[10.825,9.65,6.15],"to":[12.5,11.3,7.675],"faces":{"north":{"uv":[12.5,13,13.25,13.75],"texture":"#main"},"east":{"uv":[13.5,1.5,14.25,2.25],"texture":"#main"},"south":{"uv":[13.5,2.5,14.25,3.25],"texture":"#main"},"west":{"uv":[13.5,3.5,14.25,4.25],"texture":"#main"},"up":{"uv":[14.25,5.25,13.5,4.5],"texture":"#main"},"down":{"uv":[14.25,8,13.5,8.75],"texture":"#main"}}}],"display":{"head":{"translation":[0,-36.25,0]}},"groups":[{"name":"cherrim","origin":[0,0,0],"color":0,"children":[0,1,2,3,4,5,6,7,8]}]}