{"parent":"physical_parent","textures":{"main":"pokemon/claydol"},"texture_size":[32,32],"elements":[{"rotation":{"origin":[1.25,7.5,8],"angle":-22.5,"axis":"z"},"from":[0.75,6.5,7.5],"to":[1.75,8.5,8.5],"faces":{"east":{"uv":[10.5,12.5,11,13.5],"texture":"#main"},"south":{"uv":[7,14.5,7.5,15.5],"texture":"#main"},"north":{"uv":[10.5,11.5,11,12.5],"texture":"#main"},"west":{"uv":[7.5,14.5,8,15.5],"texture":"#main"},"up":{"uv":[11,14,10.5,13.5],"texture":"#main"},"down":{"uv":[10.5,14.5,10,15],"texture":"#main"}}},{"rotation":{"origin":[9,15.5,14.5],"angle":0,"axis":"y"},"from":[1,7.5,6.5],"to":[4,10.5,9.5],"faces":{"east":{"uv":[7,3.5,8.5,5],"texture":"#main"},"south":{"uv":[9.5,7.5,11,9],"texture":"#main"},"north":{"uv":[5.5,3.5,7,5],"texture":"#main"},"west":{"uv":[4,10,5.5,11.5],"texture":"#main"},"up":{"uv":[9,13,7.5,11.5],"texture":"#main"},"down":{"uv":[10.5,11.5,9,13],"texture":"#main"}}},{"rotation":{"origin":[14.75,7.5,8],"angle":22.5,"axis":"z"},"from":[14.25,6.5,7.5],"to":[15.25,8.5,8.5],"faces":{"east":{"uv":[8.5,14.5,9,15.5],"texture":"#main"},"south":{"uv":[9,14.5,9.5,15.5],"texture":"#main"},"north":{"uv":[8,14.5,8.5,15.5],"texture":"#main"},"west":{"uv":[9.5,14.5,10,15.5],"texture":"#main"},"up":{"uv":[15,15,14.5,14.5],"texture":"#main"},"down":{"uv":[15,2.5,14.5,3],"texture":"#main"}}},{"rotation":{"origin":[7,15.5,14.5],"angle":0,"axis":"y"},"from":[12,7.5,6.5],"to":[15,10.5,9.5],"faces":{"east":{"uv":[1.5,13,3,14.5],"texture":"#main"},"south":{"uv":[7.5,13,9,14.5],"texture":"#main"},"north":{"uv":[0,13,1.5,14.5],"texture":"#main"},"west":{"uv":[9,13,10.5,14.5],"texture":"#main"},"up":{"uv":[12,15.5,10.5,14],"texture":"#main"},"down":{"uv":[13.5,14,12,15.5],"texture":"#main"}}},{"rotation":{"origin":[12,13,12.5],"angle":0,"axis":"y"},"from":[4,5,4.5],"to":[12,11,11.5],"faces":{"east":{"uv":[11,7.5,14.5,10.5],"texture":"#main"},"south":{"uv":[11,11,15,14],"texture":"#main"},"north":{"uv":[0,10,4,13],"texture":"#main"},"west":{"uv":[4,11.5,7.5,14.5],"texture":"#main"},"up":{"uv":[9.5,9,5.5,5.5],"texture":"#main"},"down":{"uv":[9.5,0,5.5,3.5],"texture":"#main"}}},{"rotation":{"origin":[12.5,12,15],"angle":0,"axis":"y"},"from":[4.5,4,7],"to":[6.5,5,9],"faces":{"east":{"uv":[6.5,5,7.5,5.5],"texture":"#main"},"south":{"uv":[7.5,5,8.5,5.5],"texture":"#main"},"north":{"uv":[5.5,5,6.5,5.5],"texture":"#main"},"west":{"uv":[8.5,5,9.5,5.5],"texture":"#main"},"up":{"uv":[4,15.5,3,14.5],"texture":"#main"},"down":{"uv":[5,14.5,4,15.5],"texture":"#main"}}},{"rotation":{"origin":[3.5,12,15],"angle":0,"axis":"y"},"from":[9.5,4,7],"to":[11.5,5,9],"faces":{"east":{"uv":[12,10.5,13,11],"texture":"#main"},"south":{"uv":[13,10.5,14,11],"texture":"#main"},"north":{"uv":[11,10.5,12,11],"texture":"#main"},"west":{"uv":[14,10.5,15,11],"texture":"#main"},"up":{"uv":[6,15.5,5,14.5],"texture":"#main"},"down":{"uv":[7,14.5,6,15.5],"texture":"#main"}}},{"rotation":{"origin":[12,22,13],"angle":0,"axis":"y"},"from":[7,16,7],"to":[9,19,9],"faces":{"east":{"uv":[3,13,4,14.5],"texture":"#main"},"south":{"uv":[13.5,14,14.5,15.5],"texture":"#main"},"north":{"uv":[8.5,3.5,9.5,5],"texture":"#main"},"west":{"uv":[0,14.5,1,16],"texture":"#main"},"up":{"uv":[2,15.5,1,14.5],"texture":"#main"},"down":{"uv":[3,14.5,2,15.5],"texture":"#main"}}},{"rotation":{"origin":[11.5,19,13],"angle":0,"axis":"y"},"from":[2.5,11,3],"to":[13.5,16,13],"faces":{"east":{"uv":[9.5,2.5,14.5,5],"texture":"#main"},"south":{"uv":[9.5,0,15,2.5],"texture":"#main"},"north":{"uv":[5.5,9,11,11.5],"texture":"#main"},"west":{"uv":[9.5,5,14.5,7.5],"texture":"#main"},"up":{"uv":[5.5,5,0,0],"texture":"#main"},"down":{"uv":[5.5,5,0,10],"texture":"#main"}}}],"display":{"head":{"translation":[0,-23.5,0],"scale":[2.4,2.4,2.4]}},"groups":[{"children":[0,1],"origin":[9,15.5,14.5],"name":"arm1"},{"children":[2,3],"origin":[9,15.5,14.5],"name":"arm2"},{"children":[4,5,6],"origin":[3.5,12,15],"name":"body"},{"children":[7,8],"origin":[11.5,19,13],"name":"head"}]}