{"parent":"physical_parent","textures":{"main":"pokemon/cyndaquil"},"elements":[{"rotation":{"origin":[18,2,19],"angle":0,"axis":"y"},"from":[4,0,4.01],"to":[12,10,13.01],"faces":{"east":{"uv":[4.5,1.125,5.625,2.375],"texture":"#main"},"south":{"uv":[7.75,1.125,8.75,2.375],"texture":"#main"},"north":{"uv":[5.625,1.125,6.625,2.375],"texture":"#main"},"west":{"uv":[6.625,1.125,7.75,2.375],"texture":"#main"},"up":{"uv":[6.625,1.125,5.625,0],"texture":"#main"},"down":{"uv":[7.625,0,6.625,1.125],"texture":"#main"}}},{"rotation":{"origin":[18,12,19],"angle":0,"axis":"y"},"from":[5,10,5.01],"to":[11,15,12.01],"faces":{"east":{"uv":[4,6.375,4.875,7],"texture":"#main"},"south":{"uv":[6.5,6.375,7.25,7],"texture":"#main"},"north":{"uv":[4.875,6.375,5.625,7],"texture":"#main"},"west":{"uv":[5.625,6.375,6.5,7],"texture":"#main"},"up":{"uv":[5.625,6.375,4.875,5.5],"texture":"#main"},"down":{"uv":[6.375,5.5,5.625,6.375],"texture":"#main"}}},{"rotation":{"origin":[11,2,19.01],"angle":0,"axis":"y"},"from":[2,-1,6],"to":[6,8,11],"faces":{"east":{"uv":[2.25,0.625,2.875,1.75],"texture":"#main"},"south":{"uv":[4,0.625,4.5,1.75],"texture":"#main"},"north":{"uv":[2.875,0.625,3.375,1.75],"texture":"#main"},"west":{"uv":[3.375,0.625,4,1.75],"texture":"#main"},"up":{"uv":[3.375,0.625,2.875,0],"texture":"#main"},"down":{"uv":[3.875,0,3.375,0.625],"texture":"#main"}}},{"rotation":{"origin":[19,2,19.01],"angle":0,"axis":"y"},"from":[10,-1,5],"to":[14,8,11],"faces":{"east":{"uv":[6.5,7.25,7.25,8.375],"texture":"#main"},"south":{"uv":[8.5,7.25,9,8.375],"texture":"#main"},"north":{"uv":[7.25,7.25,7.75,8.375],"texture":"#main"},"west":{"uv":[7.75,7.25,8.5,8.375],"texture":"#main"},"up":{"uv":[7.75,7.25,7.25,6.5],"texture":"#main"},"down":{"uv":[8.25,6.5,7.75,7.25],"texture":"#main"}}},{"rotation":{"origin":[18,14,25],"angle":0,"axis":"y"},"from":[8,4,11],"to":[8,22,27],"faces":{"east":{"uv":[0,2,2,4.25],"texture":"#main"},"south":{"uv":[4.125,2,4.25,4.25],"texture":"#main"},"north":{"uv":[2,2,2.125,4.25],"texture":"#main"},"west":{"uv":[2.125,2,4.125,4.25],"texture":"#main"},"up":{"uv":[2.125,2,2,0],"texture":"#main"},"down":{"uv":[2.25,0,2.125,2],"texture":"#main"}}},{"rotation":{"origin":[18,0,25],"angle":0,"axis":"y"},"from":[8,-4,11],"to":[8,6,27],"faces":{"east":{"uv":[2.25,4.25,4.25,5.5],"texture":"#main"},"south":{"uv":[6.375,4.25,6.5,5.5],"texture":"#main"},"north":{"uv":[4.25,4.25,4.375,5.5],"texture":"#main"},"west":{"uv":[4.375,4.25,6.375,5.5],"texture":"#main"},"up":{"uv":[4.375,4.25,4.25,2.25],"texture":"#main"},"down":{"uv":[4.5,2.25,4.375,4.25],"texture":"#main"}}},{"rotation":{"origin":[19,0,9],"angle":-22.5,"axis":"x"},"from":[10,10,7],"to":[13,13,12],"faces":{"east":{"uv":[0,1.625,0.625,2],"texture":"#main"},"south":{"uv":[1.625,1.625,2,2],"texture":"#main"},"north":{"uv":[0.625,1.625,1,2],"texture":"#main"},"west":{"uv":[1,1.625,1.625,2],"texture":"#main"},"up":{"uv":[1,1.625,0.625,1],"texture":"#main"},"down":{"uv":[1.375,1,1,1.625],"texture":"#main"}}},{"rotation":{"origin":[15,7,9],"angle":-22.5,"axis":"x"},"from":[6.5,17,1],"to":[9.5,20,12],"faces":{"east":{"uv":[4.5,3.75,5.875,4.125],"texture":"#main"},"south":{"uv":[7.625,3.75,8,4.125],"texture":"#main"},"north":{"uv":[5.875,3.75,6.25,4.125],"texture":"#main"},"west":{"uv":[6.25,3.75,7.625,4.125],"texture":"#main"},"up":{"uv":[6.25,3.75,5.875,2.375],"texture":"#main"},"down":{"uv":[6.625,2.375,6.25,3.75],"texture":"#main"}}},{"rotation":{"origin":[12,0,9],"angle":-22.5,"axis":"x"},"from":[3,10,7],"to":[6,13,12],"faces":{"east":{"uv":[0,0.625,0.625,1],"texture":"#main"},"south":{"uv":[1.625,0.625,2,1],"texture":"#main"},"north":{"uv":[0.625,0.625,1,1],"texture":"#main"},"west":{"uv":[1,0.625,1.625,1],"texture":"#main"},"up":{"uv":[1,0.625,0.625,0],"texture":"#main"},"down":{"uv":[1.375,0,1,0.625],"texture":"#main"}}},{"rotation":{"origin":[19,1,19],"angle":0,"axis":"y"},"from":[10,-4,8],"to":[14,-1,11],"faces":{"east":{"uv":[0,4.625,0.375,5],"texture":"#main"},"south":{"uv":[1.25,4.625,1.75,5],"texture":"#main"},"north":{"uv":[0.375,4.625,0.875,5],"texture":"#main"},"west":{"uv":[0.875,4.625,1.25,5],"texture":"#main"},"up":{"uv":[0.875,4.625,0.375,4.25],"texture":"#main"},"down":{"uv":[1.375,4.25,0.875,4.625],"texture":"#main"}}},{"rotation":{"origin":[11,1,19],"angle":0,"axis":"y"},"from":[2,-4,8],"to":[6,-1,11],"faces":{"east":{"uv":[3,5.875,3.375,6.25],"texture":"#main"},"south":{"uv":[4.25,5.875,4.75,6.25],"texture":"#main"},"north":{"uv":[3.375,5.875,3.875,6.25],"texture":"#main"},"west":{"uv":[3.875,5.875,4.25,6.25],"texture":"#main"},"up":{"uv":[3.875,5.875,3.375,5.5],"texture":"#main"},"down":{"uv":[4.375,5.5,3.875,5.875],"texture":"#main"}}},{"rotation":{"origin":[19,1,14],"angle":0,"axis":"y"},"from":[10,-4,6],"to":[14,-2,8],"faces":{"east":{"uv":[3.875,0.25,4.125,0.5],"texture":"#main"},"south":{"uv":[4.875,0.25,5.375,0.5],"texture":"#main"},"north":{"uv":[4.125,0.25,4.625,0.5],"texture":"#main"},"west":{"uv":[4.625,0.25,4.875,0.5],"texture":"#main"},"up":{"uv":[4.625,0.25,4.125,0],"texture":"#main"},"down":{"uv":[5.125,0,4.625,0.25],"texture":"#main"}}},{"rotation":{"origin":[11,1,14],"angle":0,"axis":"y"},"from":[2,-4,7],"to":[6,-2,8],"faces":{"east":{"uv":[4.5,2.5,4.625,2.75],"texture":"#main"},"south":{"uv":[5.25,2.5,5.75,2.75],"texture":"#main"},"north":{"uv":[4.625,2.5,5.125,2.75],"texture":"#main"},"west":{"uv":[5.125,2.5,5.25,2.75],"texture":"#main"},"up":{"uv":[5.125,2.5,4.625,2.375],"texture":"#main"},"down":{"uv":[5.625,2.375,5.125,2.5],"texture":"#main"}}},{"rotation":{"origin":[18,23,19],"angle":0,"axis":"y"},"from":[4,15,4],"to":[12,23,12],"faces":{"east":{"uv":[0,6.5,1,7.5],"texture":"#main"},"south":{"uv":[3,6.5,4,7.5],"texture":"#main"},"north":{"uv":[1,6.5,2,7.5],"texture":"#main"},"west":{"uv":[2,6.5,3,7.5],"texture":"#main"},"up":{"uv":[2,6.5,1,5.5],"texture":"#main"},"down":{"uv":[3,5.5,2,6.5],"texture":"#main"}}}],"display":{"head":{"translation":[0,-33,0],"scale":[0.81836,0.81836,0.81836]}},"credit":"Made with Blockbench"}