{"credit":"Made with Blockbench","texture_size":[64,64],"textures":{"main":"pokemon/drifblim"},"elements":[{"from":[13.9,14,2],"to":[31.9,14,9],"rotation":{"angle":-45,"axis":"z","origin":[9.775,10.9,-4.5]},"faces":{"north":{"uv":[4.5,0,0,0],"texture":"#main"},"east":{"uv":[1.75,0,0,0],"texture":"#main"},"south":{"uv":[4.5,0,0,0],"texture":"#main"},"west":{"uv":[1.75,0,0,0],"texture":"#main"},"up":{"uv":[8,7.75,12.5,6],"texture":"#main"},"down":{"uv":[8,7.75,12.5,9.5],"texture":"#main"}}},{"from":[-15.9,14.3,2],"to":[2.1,14.3,9],"rotation":{"angle":45,"axis":"z","origin":[6.225,10.9,-4.5]},"faces":{"north":{"uv":[0,0,4.5,0],"texture":"#main"},"east":{"uv":[0,0,1.75,0],"texture":"#main"},"south":{"uv":[0,0,4.5,0],"texture":"#main"},"west":{"uv":[0,0,1.75,0],"texture":"#main"},"up":{"uv":[12.5,7.75,8,6],"texture":"#main"},"down":{"uv":[12.5,7.75,8,9.5],"texture":"#main"}}},{"from":[14,14.2,10.7],"to":[32,14.2,17.7],"rotation":{"angle":-45,"axis":"z","origin":[9.775,10.9,6.7]},"faces":{"north":{"uv":[0,0,4.5,0],"texture":"#main"},"east":{"uv":[0,0,1.75,0],"texture":"#main"},"south":{"uv":[0,0,4.5,0],"texture":"#main"},"west":{"uv":[0,0,1.75,0],"texture":"#main"},"up":{"uv":[8,6,12.5,7.75],"texture":"#main"},"down":{"uv":[8,9.5,12.5,7.75],"texture":"#main"}}},{"from":[-16,14.5,10.7],"to":[2,14.5,17.7],"rotation":{"angle":45,"axis":"z","origin":[6.225,10.9,6.7]},"faces":{"north":{"uv":[4.5,0,0,0],"texture":"#main"},"east":{"uv":[1.75,0,0,0],"texture":"#main"},"south":{"uv":[4.5,0,0,0],"texture":"#main"},"west":{"uv":[1.75,0,0,0],"texture":"#main"},"up":{"uv":[12.5,6,8,7.75],"texture":"#main"},"down":{"uv":[12.5,9.5,8,7.75],"texture":"#main"}}},{"from":[-0.2,8.9,2],"to":[15.8,24.9,18],"rotation":{"angle":0,"axis":"y","origin":[1.8,-7.1,0]},"faces":{"north":{"uv":[0,0,4,4],"texture":"#main"},"east":{"uv":[0,4,4,8],"texture":"#main"},"south":{"uv":[4,0,8,4],"texture":"#main"},"west":{"uv":[4,4,8,8],"texture":"#main"},"up":{"uv":[4,12,0,8],"texture":"#main"},"down":{"uv":[12,0,8,4],"texture":"#main"}}},{"from":[5.075,13.5,1.95],"to":[11.05,19.325,2.95],"rotation":{"angle":-45,"axis":"z","origin":[8.0625,16.4125,2.45]},"faces":{"north":{"uv":[5.25,11.25,6.5,12.5],"texture":"#main"},"east":{"uv":[11.5,10.75,11.75,12],"texture":"#main"},"south":{"uv":[6.5,11.25,7.75,12.5],"texture":"#main"},"west":{"uv":[11.75,9.5,12,10.75],"texture":"#main"},"up":{"uv":[13,11,11.75,10.75],"texture":"#main"},"down":{"uv":[13,11,11.75,11.25],"texture":"#main"}}},{"from":[-0.2,23.9,10],"to":[15.8,31.9,10],"rotation":{"angle":0,"axis":"y","origin":[1.8,-7.1,0]},"faces":{"north":{"uv":[4,8,8,10],"texture":"#main"},"east":{"uv":[0,0,0,2],"texture":"#main"},"south":{"uv":[8,4,12,6],"texture":"#main"},"west":{"uv":[0,0,0,2],"texture":"#main"},"up":{"uv":[4,0,0,0],"texture":"#main"},"down":{"uv":[4,0,0,0],"texture":"#main"}}},{"from":[5.4,5,8],"to":[10.4,10,13],"rotation":{"angle":0,"axis":"y","origin":[1.8,-7.1,0]},"faces":{"north":{"uv":[8,9.5,9.25,10.75],"texture":"#main"},"east":{"uv":[9.25,9.5,10.5,10.75],"texture":"#main"},"south":{"uv":[4,10,5.25,11.25],"texture":"#main"},"west":{"uv":[5.25,10,6.5,11.25],"texture":"#main"},"up":{"uv":[7.75,11.25,6.5,10],"texture":"#main"},"down":{"uv":[11.75,9.5,10.5,10.75],"texture":"#main"}}},{"from":[5.4,0.1,8.001],"to":[5.4,5.1,13.001],"rotation":{"angle":0,"axis":"y","origin":[1.4,-7.1,0.001]},"faces":{"north":{"uv":[0,0,0,1.25],"texture":"#main"},"east":{"uv":[10.25,10.75,11.5,12],"texture":"#main"},"south":{"uv":[0,0,0,1.25],"texture":"#main"},"west":{"uv":[4,11.25,5.25,12.5],"texture":"#main"},"up":{"uv":[0,1.25,0,0],"texture":"#main"},"down":{"uv":[0,0,0,1.25],"texture":"#main"}}},{"from":[10.325,0.1,8.001],"to":[10.325,5.1,13.001],"rotation":{"angle":0,"axis":"y","origin":[2.2,-7.1,0.001]},"faces":{"north":{"uv":[0,0,0,1.25],"texture":"#main"},"east":{"uv":[5.25,11.25,4,12.5],"texture":"#main"},"south":{"uv":[0,0,0,1.25],"texture":"#main"},"west":{"uv":[11.5,10.75,10.25,12],"texture":"#main"},"up":{"uv":[0,1.25,0,0],"texture":"#main"},"down":{"uv":[0,0,0,1.25],"texture":"#main"}}},{"from":[5.4,0.1,8],"to":[10.4,5.1,8],"rotation":{"angle":0,"axis":"y","origin":[1.8,-7.1,0]},"faces":{"north":{"uv":[7.75,10.75,9,12],"texture":"#main"},"east":{"uv":[0,0,0,1.25],"texture":"#main"},"south":{"uv":[9,10.75,10.25,12],"texture":"#main"},"west":{"uv":[0,0,0,1.25],"texture":"#main"},"up":{"uv":[1.25,0,0,0],"texture":"#main"},"down":{"uv":[1.25,0,0,0],"texture":"#main"}}},{"from":[5.4,0.1,12.95],"to":[10.4,5.1,12.95],"rotation":{"angle":0,"axis":"y","origin":[1.8,-7.1,0]},"faces":{"north":{"uv":[10.25,10.75,9,12],"texture":"#main"},"east":{"uv":[0,0,0,1.25],"texture":"#main"},"south":{"uv":[9,10.75,7.75,12],"texture":"#main"},"west":{"uv":[0,0,0,1.25],"texture":"#main"},"up":{"uv":[1.25,0,0,0],"texture":"#main"},"down":{"uv":[1.25,0,0,0],"texture":"#main"}}}],"display":{"head":{"translation":[0,-9,0],"scale":[1.25,1.25,1.25]}},"groups":[{"name":"drifblim","origin":[0,0,0],"color":0,"children":[{"name":"arms","origin":[-7.975,18,-4.5],"color":0,"children":[0,1,2,3]},4,5,6,7,8,9,10,11]}]}