{"parent":"physical_parent","textures":{"main":"pokemon/geodude"},"elements":[{"from":[4,3,3],"to":[13,12,12],"faces":{"east":{"uv":[5,0,7.25,2.25],"texture":"#main"},"south":{"uv":[10,0,12.25,2.25],"texture":"#main"},"north":{"uv":[0,0,2.25,2.25],"texture":"#main"},"west":{"uv":[2.5,0,4.75,2.25],"texture":"#main"},"up":{"uv":[7.5,0,9.75,2.25],"texture":"#main","rotation":180},"down":{"uv":[7.5,0,9.75,2.25],"texture":"#main","rotation":180}}},{"rotation":{"origin":[15.5,7.5,7.5],"angle":22.5,"axis":"z"},"from":[12,6,6],"to":[19,9,9],"faces":{"east":{"uv":[3,2.5,3.75,3.25],"texture":"#main","rotation":270},"south":{"uv":[1,2.5,1.75,4.25],"texture":"#main","rotation":90},"north":{"uv":[2,2.5,2.75,4.25],"texture":"#main","rotation":90},"up":{"uv":[0,2.5,0.75,4.25],"texture":"#main","rotation":90},"down":{"uv":[1,2.5,1.75,4.25],"texture":"#main","rotation":90}}},{"rotation":{"origin":[1.5,7.5,7.5],"angle":-22.5,"axis":"z"},"from":[-2,6,6],"to":[5,9,9],"faces":{"south":{"uv":[0,2.5,0.75,4.25],"texture":"#main","rotation":90},"north":{"uv":[0,2.5,0.75,4.25],"texture":"#main","rotation":90},"west":{"uv":[3,2.5,3.75,3.25],"texture":"#main","rotation":270},"up":{"uv":[2,2.5,2.75,4.25],"texture":"#main","rotation":90},"down":{"uv":[1,2.5,1.75,4.25],"texture":"#main","rotation":90}}},{"from":[-4,6.5,3.5],"to":[0,10.5,7.5],"faces":{"east":{"uv":[11.5,2.5,12.5,3.5],"texture":"#main"},"south":{"uv":[7.75,2.5,8.75,3.5],"texture":"#main","rotation":180},"north":{"uv":[5.25,2.5,6.25,3.5],"texture":"#main"},"west":{"uv":[10.25,2.5,11.25,3.5],"texture":"#main"},"up":{"uv":[6.5,2.5,7.5,3.5],"texture":"#main"},"down":{"uv":[9,2.5,10,3.5],"texture":"#main","rotation":180}}},{"from":[16,6.5,3.5],"to":[20,10.5,7.5],"faces":{"east":{"uv":[11.5,2.5,12.5,3.5],"texture":"#main"},"south":{"uv":[7.75,2.5,8.75,3.5],"texture":"#main","rotation":180},"north":{"uv":[4,2.5,5,3.5],"texture":"#main"},"west":{"uv":[10.25,2.5,11.25,3.5],"texture":"#main"},"up":{"uv":[6.5,2.5,7.5,3.5],"texture":"#main","rotation":180},"down":{"uv":[9,2.5,10,3.5],"texture":"#main","rotation":180}}}],"display":{"head":{"translation":[-1,-22.75,0],"scale":[1.7,1.7,1.7]},"firstperson_righthand":{"scale":[0.0001,0.0001,0.0001]},"thirdperson_lefthand":{"scale":[0.0001,0.0001,0.0001]},"firstperson_lefthand":{"scale":[0.0001,0.0001,0.0001]}}}