{"parent":"physical_parent","textures":{"main":"pokemon/hitmontop"},"texture_size":[128,128],"elements":[{"rotation":{"origin":[7.99694,11.13426,9.38921],"angle":22.5,"axis":"y"},"from":[2.08692,0,3.07095],"to":[6.08692,3,9.07095],"faces":{"east":{"uv":[6.5,4.625,7.25,5],"texture":"#main"},"south":{"uv":[8.5,4.625,9,5],"texture":"#main"},"north":{"uv":[7.25,4.625,7.75,5],"texture":"#main"},"west":{"uv":[7.75,4.625,8.5,5],"texture":"#main"},"up":{"uv":[7.75,4.625,7.25,3.875],"texture":"#main"},"down":{"uv":[8.25,3.875,7.75,4.625],"texture":"#main"}}},{"rotation":{"origin":[7.99694,11.13426,9.38921],"angle":-22.5,"axis":"y"},"from":[9.91262,0,3.06861],"to":[13.91262,3,9.06861],"faces":{"east":{"uv":[4,4.625,4.75,5],"texture":"#main"},"south":{"uv":[6,4.625,6.5,5],"texture":"#main"},"north":{"uv":[4.75,4.625,5.25,5],"texture":"#main"},"west":{"uv":[5.25,4.625,6,5],"texture":"#main"},"up":{"uv":[5.25,4.625,4.75,3.875],"texture":"#main"},"down":{"uv":[5.75,3.875,5.25,4.625],"texture":"#main"}}},{"rotation":{"origin":[7.99694,11.13426,9.38921],"angle":-22.5,"axis":"z"},"from":[6.24216,0.19857,8.5],"to":[7.74216,5.19857,10],"faces":{"east":{"uv":[4.25,6,4.5,6.625],"texture":"#main"},"south":{"uv":[5,6,5.25,6.625],"texture":"#main"},"north":{"uv":[4.5,6,4.75,6.625],"texture":"#main"},"west":{"uv":[4.75,6,5,6.625],"texture":"#main"},"up":{"uv":[4.75,6,4.5,5.75],"texture":"#main"},"down":{"uv":[5,5.75,4.75,6],"texture":"#main"}}},{"rotation":{"origin":[7.99694,11.13426,9.38921],"angle":22.5,"axis":"z"},"from":[8.25737,0.19623,8.5],"to":[9.75737,5.19623,10],"faces":{"east":{"uv":[3.25,6,3.5,6.625],"texture":"#main"},"south":{"uv":[4,6,4.25,6.625],"texture":"#main"},"north":{"uv":[3.5,6,3.75,6.625],"texture":"#main"},"west":{"uv":[3.75,6,4,6.625],"texture":"#main"},"up":{"uv":[3.75,6,3.5,5.75],"texture":"#main"},"down":{"uv":[4,5.75,3.75,6],"texture":"#main"}}},{"rotation":{"origin":[7.99694,11.13426,9.38921],"angle":0,"axis":"y"},"from":[4,5,6],"to":[12,12,13],"faces":{"east":{"uv":[4.5,3,5.375,3.875],"texture":"#main"},"south":{"uv":[7.25,3,8.25,3.875],"texture":"#main"},"north":{"uv":[5.375,3,6.375,3.875],"texture":"#main"},"west":{"uv":[6.375,3,7.25,3.875],"texture":"#main"},"up":{"uv":[6.375,3,5.375,2.125],"texture":"#main"},"down":{"uv":[7.375,2.125,6.375,3],"texture":"#main"}}},{"rotation":{"origin":[7.99694,11.13426,9.38921],"angle":0,"axis":"y"},"from":[6,12,8],"to":[10,13,11],"faces":{"east":{"uv":[0,6.125,0.375,6.25],"texture":"#main"},"south":{"uv":[1.25,6.125,1.75,6.25],"texture":"#main"},"north":{"uv":[0.375,6.125,0.875,6.25],"texture":"#main"},"west":{"uv":[0.875,6.125,1.25,6.25],"texture":"#main"},"up":{"uv":[0.875,6.125,0.375,5.75],"texture":"#main"},"down":{"uv":[1.375,5.75,0.875,6.125],"texture":"#main"}}},{"rotation":{"origin":[7.99694,11.13426,9.38921],"angle":0,"axis":"y"},"from":[3,12.5,4.5],"to":[13,19.5,14.5],"faces":{"east":{"uv":[0,1.25,1.25,2.125],"texture":"#main"},"south":{"uv":[3.75,1.25,5,2.125],"texture":"#main"},"north":{"uv":[0,7.625,2.5,9.375],"texture":"#main"},"west":{"uv":[2.5,1.25,3.75,2.125],"texture":"#main"},"up":{"uv":[2.5,1.25,1.25,0],"texture":"#main"},"down":{"uv":[3.75,0,2.5,1.25],"texture":"#main"}}},{"rotation":{"origin":[7.99694,11.13426,9.38921],"angle":0,"axis":"y"},"from":[4,19.5,5.5],"to":[12,20.5,13.5],"faces":{"east":{"uv":[0,4.875,1,5],"texture":"#main"},"south":{"uv":[3,4.875,4,5],"texture":"#main"},"north":{"uv":[1,4.875,2,5],"texture":"#main"},"west":{"uv":[2,4.875,3,5],"texture":"#main"},"up":{"uv":[2,4.875,1,3.875],"texture":"#main"},"down":{"uv":[3,3.875,2,4.875],"texture":"#main"}}},{"rotation":{"origin":[7.99694,10.38426,9.38921],"angle":0,"axis":"y"},"from":[6.5,19.75,8],"to":[9.5,21.75,11],"faces":{"east":{"uv":[5,5.375,5.375,5.75],"texture":"#main"},"south":{"uv":[6.125,5.375,6.5,5.75],"texture":"#main"},"north":{"uv":[5.375,5.375,5.75,5.75],"texture":"#main"},"west":{"uv":[5.75,5.375,6.125,5.75],"texture":"#main"},"up":{"uv":[5.75,5.375,5.375,5],"texture":"#main"},"down":{"uv":[6.125,5,5.75,5.375],"texture":"#main"}}},{"rotation":{"origin":[7.99694,10.88426,9.38921],"angle":0,"axis":"y"},"from":[6.75,21.25,9.5],"to":[9.25,25.25,9.5],"faces":{"east":{"uv":[5.25,5.75,5.25,6.25],"texture":"#main"},"south":{"uv":[5.625,5.75,6,6.25],"texture":"#main"},"north":{"uv":[5.25,5.75,5.625,6.25],"texture":"#main"},"west":{"uv":[5.625,5.75,5.625,6.25],"texture":"#main"},"up":{"uv":[5.625,5.75,5.25,5.75],"texture":"#main"},"down":{"uv":[6,5.75,5.625,5.75],"texture":"#main"}}},{"rotation":{"origin":[7.99694,11.13426,9.38921],"angle":-45,"axis":"z"},"from":[5.57805,19.47697,4.75],"to":[14.57805,20.47697,14.25],"faces":{"east":{"uv":[0,3.25,1.125,3.375],"texture":"#main"},"south":{"uv":[3.375,3.25,4.5,3.375],"texture":"#main"},"north":{"uv":[1.125,3.25,2.25,3.375],"texture":"#main"},"west":{"uv":[2.25,3.25,3.375,3.375],"texture":"#main"},"up":{"uv":[2.25,3.25,1.125,2.125],"texture":"#main"},"down":{"uv":[3.375,2.125,2.25,3.25],"texture":"#main"}}},{"rotation":{"origin":[7.99694,11.13426,9.38921],"angle":45,"axis":"z"},"from":[1.42016,19.47264,4.75],"to":[10.42016,20.47264,14.25],"faces":{"east":{"uv":[5,1.125,6.125,1.25],"texture":"#main"},"south":{"uv":[8.375,1.125,9.5,1.25],"texture":"#main"},"north":{"uv":[6.125,1.125,7.25,1.25],"texture":"#main"},"west":{"uv":[7.25,1.125,8.375,1.25],"texture":"#main"},"up":{"uv":[7.25,1.125,6.125,0],"texture":"#main"},"down":{"uv":[8.375,0,7.25,1.125],"texture":"#main"}}},{"rotation":{"origin":[7.99694,11.13426,9.38921],"angle":22.5,"axis":"z"},"from":[-4.59489,10.55515,8.5],"to":[-1.59489,13.55515,11.5],"faces":{"east":{"uv":[1.75,6.125,2.125,6.5],"texture":"#main"},"south":{"uv":[2.875,6.125,3.25,6.5],"texture":"#main"},"north":{"uv":[2.125,6.125,2.5,6.5],"texture":"#main"},"west":{"uv":[2.5,6.125,2.875,6.5],"texture":"#main"},"up":{"uv":[2.5,6.125,2.125,5.75],"texture":"#main"},"down":{"uv":[2.875,5.75,2.5,6.125],"texture":"#main"}}},{"rotation":{"origin":[7.99694,11.13426,9.38921],"angle":-22.5,"axis":"x"},"from":[6.60773,4.05515,14.48104],"to":[9.60773,7.05515,17.48104],"faces":{"east":{"uv":[2.125,6.625,2.5,7],"texture":"#main"},"south":{"uv":[2.125,6.625,2.5,7],"texture":"#main"},"north":{"uv":[2.125,6.625,2.5,7],"texture":"#main"},"west":{"uv":[2.125,6.625,2.5,7],"texture":"#main"},"up":{"uv":[2.875,7,2.5,6.625],"texture":"#main","rotation":270},"down":{"uv":[2.5,7.125,2.125,7.5],"texture":"#main","rotation":90}}},{"rotation":{"origin":[7.99694,11.13426,9.38921],"angle":-22.5,"axis":"z"},"from":[17.59442,10.55749,8.5],"to":[20.59442,13.55749,11.5],"faces":{"east":{"uv":[6.5,5.375,6.875,5.75],"texture":"#main"},"south":{"uv":[7.625,5.375,8,5.75],"texture":"#main"},"north":{"uv":[6.875,5.375,7.25,5.75],"texture":"#main"},"west":{"uv":[7.25,5.375,7.625,5.75],"texture":"#main"},"up":{"uv":[7.25,5.375,6.875,5],"texture":"#main"},"down":{"uv":[7.625,5,7.25,5.375],"texture":"#main"}}},{"rotation":{"origin":[7.99694,11.13426,9.38921],"angle":22.5,"axis":"z"},"from":[-2.59489,11.30515,9.25],"to":[5.40511,12.80515,10.75],"faces":{"east":{"uv":[2.5,5.25,2.75,5.5],"texture":"#main"},"south":{"uv":[4,5.25,5,5.5],"texture":"#main"},"north":{"uv":[2.75,5.25,3.75,5.5],"texture":"#main"},"west":{"uv":[3.75,5.25,4,5.5],"texture":"#main"},"up":{"uv":[3.75,5.25,2.75,5],"texture":"#main"},"down":{"uv":[4.75,5,3.75,5.25],"texture":"#main"}}},{"rotation":{"origin":[7.99694,11.13426,9.38921],"angle":-22.5,"axis":"x"},"from":[7.35773,4.80515,9.48104],"to":[8.85773,6.30515,17.48104],"faces":{"east":{"uv":[4,5.25,5,5.5],"texture":"#main"},"south":{"uv":[3.75,5.25,4,5.5],"texture":"#main"},"north":{"uv":[2.5,5.25,2.75,5.5],"texture":"#main"},"west":{"uv":[2.75,5.25,3.75,5.5],"texture":"#main"},"up":{"uv":[3.75,5.25,2.75,5],"texture":"#main","rotation":270},"down":{"uv":[4.75,5,3.75,5.25],"texture":"#main","rotation":90}}},{"rotation":{"origin":[7.99694,11.13426,9.38921],"angle":-22.5,"axis":"z"},"from":[10.59442,11.30749,9.25],"to":[18.59442,12.80749,10.75],"faces":{"east":{"uv":[0,5.25,0.25,5.5],"texture":"#main"},"south":{"uv":[1.5,5.25,2.5,5.5],"texture":"#main"},"north":{"uv":[0.25,5.25,1.25,5.5],"texture":"#main"},"west":{"uv":[1.25,5.25,1.5,5.5],"texture":"#main"},"up":{"uv":[1.25,5.25,0.25,5],"texture":"#main"},"down":{"uv":[2.25,5,1.25,5.25],"texture":"#main"}}}],"display":{"head":{"translation":[0,-27.5,0],"scale":[2,2,2]}}}