{"parent":"physical_parent","textures":{"main":"pokemon/jolteon"},"elements":[{"from":[6,5,3],"to":[12,10,13],"faces":{"east":{"uv":[2.75,10.75,5.25,12],"texture":"#main"},"south":{"uv":[0.5,10.75,1.75,12],"texture":"#main"},"north":{"uv":[0.5,10.5,1.75,12],"texture":"#main"},"west":{"uv":[0,10.75,2.5,12],"texture":"#main"},"up":{"uv":[0,12.25,2.5,13.75],"texture":"#main"},"down":{"uv":[2.75,12.25,5.25,13.75],"texture":"#main"}}},{"from":[6,0,3],"to":[8,5,5],"faces":{"east":{"uv":[0,8.5,0.5,9.75],"texture":"#main"},"south":{"uv":[0,8.5,0.5,9.75],"texture":"#main"},"north":{"uv":[0,8.5,0.5,9.75],"texture":"#main"},"west":{"uv":[0,8.5,0.5,9.75],"texture":"#main"},"up":{"uv":[0,10,0.5,10.5],"texture":"#main"},"down":{"uv":[0,10,0.5,10.5],"texture":"#main"}}},{"from":[10,0,3],"to":[12,5,5],"faces":{"east":{"uv":[0,8.5,0.5,9.75],"texture":"#main"},"south":{"uv":[0,8.5,0.5,9.75],"texture":"#main"},"north":{"uv":[0,8.5,0.5,9.75],"texture":"#main"},"west":{"uv":[0,8.5,0.5,9.75],"texture":"#main"},"up":{"uv":[0,10,0.5,10.5],"texture":"#main"},"down":{"uv":[0,10,0.5,10.5],"texture":"#main"}}},{"from":[10,0,11],"to":[12,5,13],"faces":{"east":{"uv":[0,8.5,0.5,9.75],"texture":"#main"},"south":{"uv":[0,8.5,0.5,9.75],"texture":"#main"},"north":{"uv":[0,8.5,0.5,9.75],"texture":"#main"},"west":{"uv":[0,8.5,0.5,9.75],"texture":"#main"},"up":{"uv":[0,10,0.5,10.5],"texture":"#main"},"down":{"uv":[0,10,0.5,10.5],"texture":"#main"}}},{"from":[6,0,11],"to":[8,5,13],"faces":{"east":{"uv":[0,8.5,0.5,9.75],"texture":"#main"},"south":{"uv":[0,8.5,0.5,9.75],"texture":"#main"},"north":{"uv":[0,8.5,0.5,9.75],"texture":"#main"},"west":{"uv":[0,8.5,0.5,9.75],"texture":"#main"},"up":{"uv":[0,10,0.5,10.5],"texture":"#main"},"down":{"uv":[0,10,0.5,10.5],"texture":"#main"}}},{"from":[6.1,8,-1],"to":[12.1,14,5],"faces":{"east":{"uv":[0,1.75,1.5,3.25],"texture":"#main"},"south":{"uv":[1.75,1.75,3.25,3.25],"texture":"#main"},"north":{"uv":[0,0,1.5,1.5],"texture":"#main"},"west":{"uv":[1.75,0,3.25,1.5],"texture":"#main"},"up":{"uv":[3.5,1.75,5,3.25],"texture":"#main"},"down":{"uv":[1.75,1.75,3.25,3.25],"texture":"#main"}}},{"rotation":{"origin":[8.5,8.5,3.05],"angle":45,"axis":"x"},"from":[4,4,3],"to":[14,14,3.1],"faces":{"south":{"uv":[2.75,3.5,5.25,6],"texture":"#main"},"north":{"uv":[0,3.5,2.5,6],"texture":"#main"}}},{"from":[5.99,4,12],"to":[6.09,11,19],"faces":{"east":{"uv":[7.75,12,9.5,13.75],"texture":"#main"},"west":{"uv":[5.75,12,7.5,13.75],"texture":"#main"}}},{"from":[11.99,4,12],"to":[12.09,11,19],"faces":{"east":{"uv":[7.75,12,9.5,13.75],"texture":"#main"},"west":{"uv":[5.75,12,7.5,13.75],"texture":"#main"}}},{"rotation":{"origin":[11.04,14.5,4.5],"angle":-45,"axis":"x"},"from":[10.99,13,1],"to":[11.09,16,8],"faces":{"east":{"uv":[2,6.5,3.75,7.25],"texture":"#main"},"west":{"uv":[0,7.5,1.75,8.25],"texture":"#main"}}},{"rotation":{"origin":[7.04,14.5,4.5],"angle":-45,"axis":"x"},"from":[6.99,13,1],"to":[7.09,16,8],"faces":{"east":{"uv":[2,7.5,3.75,8.25],"texture":"#main"},"west":{"uv":[0,6.5,1.75,7.25],"texture":"#main"}}}],"display":{"head":{"translation":[-1.391,-31.3,0],"scale":[1.5,1.5,1.5]}}}