{"parent":"physical_parent","textures":{"main":"pokemon/misdreavus"},"texture_size":[128,128],"elements":[{"from":[3,10,3],"to":[13,17,13],"faces":{"east":{"uv":[0,1.25,1.25,2.125],"texture":"#main"},"south":{"uv":[3.75,1.25,5,2.125],"texture":"#main"},"north":{"uv":[8.375,5.75,10.875,7.5],"texture":"#main"},"west":{"uv":[2.5,1.25,3.75,2.125],"texture":"#main"},"up":{"uv":[2.5,1.25,1.25,0],"texture":"#main"},"down":{"uv":[3.75,0,2.5,1.25],"texture":"#main"}}},{"from":[2.5,14,2.5],"to":[13.5,17.5,13.25],"faces":{"east":{"uv":[5,1.25,6.25,1.625],"texture":"#main"},"south":{"uv":[8.875,1.25,10.25,1.625],"texture":"#main"},"north":{"uv":[6.25,1.25,7.625,1.625],"texture":"#main"},"west":{"uv":[7.625,1.25,8.875,1.625],"texture":"#main"},"up":{"uv":[7.625,1.25,6.25,0],"texture":"#main"},"down":{"uv":[9,0,7.625,1.25],"texture":"#main"}}},{"rotation":{"origin":[2.98693,15.99036,8.5227],"angle":-22.5,"axis":"x"},"from":[2,15,5],"to":[6,19,12],"faces":{"east":{"uv":[0,5.75,0.875,6.25],"texture":"#main"},"south":{"uv":[2.25,5.75,2.75,6.25],"texture":"#main"},"north":{"uv":[0.875,5.75,1.375,6.25],"texture":"#main"},"west":{"uv":[1.375,5.75,2.25,6.25],"texture":"#main"},"up":{"uv":[1.375,5.75,0.875,4.875],"texture":"#main"},"down":{"uv":[1.875,4.875,1.375,5.75],"texture":"#main"}}},{"rotation":{"origin":[2.98693,15.99036,8.5227],"angle":-22.5,"axis":"x"},"from":[4,15,11],"to":[4,19,16],"faces":{"east":{"uv":[1.5,8,2.125,8.5],"texture":"#main"},"south":{"uv":[2.75,8,2.75,8.5],"texture":"#main"},"north":{"uv":[2.125,8,2.125,8.5],"texture":"#main"},"west":{"uv":[2.125,8,2.75,8.5],"texture":"#main"},"up":{"uv":[2.125,8,2.125,7.375],"texture":"#main"},"down":{"uv":[2.125,7.375,2.125,8],"texture":"#main"}}},{"rotation":{"origin":[2.98693,15.99036,8.5227],"angle":-22.5,"axis":"x"},"from":[12,15,11],"to":[12,19,16],"faces":{"east":{"uv":[0,8,0.625,8.5],"texture":"#main"},"south":{"uv":[1.25,8,1.25,8.5],"texture":"#main"},"north":{"uv":[0.625,8,0.625,8.5],"texture":"#main"},"west":{"uv":[0.625,8,1.25,8.5],"texture":"#main"},"up":{"uv":[0.625,8,0.625,7.375],"texture":"#main"},"down":{"uv":[0.625,7.375,0.625,8],"texture":"#main"}}},{"rotation":{"origin":[2.98693,17.99036,8.5227],"angle":0,"axis":"x"},"from":[3.25,14,9],"to":[7.25,18,16],"faces":{"east":{"uv":[5.75,3,6.625,3.5],"texture":"#main"},"south":{"uv":[8,3,8.5,3.5],"texture":"#main"},"north":{"uv":[6.625,3,7.125,3.5],"texture":"#main"},"west":{"uv":[7.125,3,8,3.5],"texture":"#main"},"up":{"uv":[7.125,3,6.625,2.125],"texture":"#main"},"down":{"uv":[7.625,2.125,7.125,3],"texture":"#main"}}},{"rotation":{"origin":[2.98693,17.99036,8.5227],"angle":0,"axis":"x"},"from":[5.25,14,15],"to":[5.25,18,20],"faces":{"east":{"uv":[3.75,6.875,4.375,7.375],"texture":"#main"},"south":{"uv":[5,6.875,5,7.375],"texture":"#main"},"north":{"uv":[4.375,6.875,4.375,7.375],"texture":"#main"},"west":{"uv":[4.375,6.875,5,7.375],"texture":"#main"},"up":{"uv":[4.375,6.875,4.375,6.25],"texture":"#main"},"down":{"uv":[4.375,6.25,4.375,6.875],"texture":"#main"}}},{"rotation":{"origin":[2.98693,17.99036,8.5227],"angle":0,"axis":"x"},"from":[11,14,15],"to":[11,18,20],"faces":{"east":{"uv":[2.25,6.875,2.875,7.375],"texture":"#main"},"south":{"uv":[3.5,6.875,3.5,7.375],"texture":"#main"},"north":{"uv":[2.875,6.875,2.875,7.375],"texture":"#main"},"west":{"uv":[2.875,6.875,3.5,7.375],"texture":"#main"},"up":{"uv":[2.875,6.875,2.875,6.25],"texture":"#main"},"down":{"uv":[2.875,6.25,2.875,6.875],"texture":"#main"}}},{"rotation":{"origin":[2.98693,15.99036,8.5227],"angle":-22.5,"axis":"y"},"from":[2,11,7],"to":[6,15,14],"faces":{"east":{"uv":[2.75,4.375,3.625,4.875],"texture":"#main"},"south":{"uv":[5,4.375,5.5,4.875],"texture":"#main"},"north":{"uv":[3.625,4.375,4.125,4.875],"texture":"#main"},"west":{"uv":[4.125,4.375,5,4.875],"texture":"#main"},"up":{"uv":[4.125,4.375,3.625,3.5],"texture":"#main"},"down":{"uv":[4.625,3.5,4.125,4.375],"texture":"#main"}}},{"rotation":{"origin":[2.98693,15.99036,8.5227],"angle":-22.5,"axis":"y"},"from":[4,11,14],"to":[4,15,19],"faces":{"east":{"uv":[6.75,6.875,7.375,7.375],"texture":"#main"},"south":{"uv":[8,6.875,8,7.375],"texture":"#main"},"north":{"uv":[7.375,6.875,7.375,7.375],"texture":"#main"},"west":{"uv":[7.375,6.875,8,7.375],"texture":"#main"},"up":{"uv":[7.375,6.875,7.375,6.25],"texture":"#main"},"down":{"uv":[7.375,6.25,7.375,6.875],"texture":"#main"}}},{"rotation":{"origin":[13.01307,15.99036,8.5227],"angle":22.5,"axis":"y"},"from":[12,11,13],"to":[12,15,18],"faces":{"east":{"uv":[5.25,6.875,5.875,7.375],"texture":"#main"},"south":{"uv":[6.5,6.875,6.5,7.375],"texture":"#main"},"north":{"uv":[5.875,6.875,5.875,7.375],"texture":"#main"},"west":{"uv":[5.875,6.875,6.5,7.375],"texture":"#main"},"up":{"uv":[5.875,6.875,5.875,6.25],"texture":"#main"},"down":{"uv":[5.875,6.25,5.875,6.875],"texture":"#main"}}},{"rotation":{"origin":[13.01307,15.99036,8.5227],"angle":22.5,"axis":"y"},"from":[10,11,7],"to":[14,15,14],"faces":{"east":{"uv":[0,4.375,0.875,4.875],"texture":"#main"},"south":{"uv":[2.25,4.375,2.75,4.875],"texture":"#main"},"north":{"uv":[0.875,4.375,1.375,4.875],"texture":"#main"},"west":{"uv":[1.375,4.375,2.25,4.875],"texture":"#main"},"up":{"uv":[1.375,4.375,0.875,3.5],"texture":"#main"},"down":{"uv":[1.875,3.5,1.375,4.375],"texture":"#main"}}},{"rotation":{"origin":[2.98693,15.99036,8.5227],"angle":-22.5,"axis":"x"},"from":[10,15,5],"to":[14,19,12],"faces":{"east":{"uv":[5.5,4.375,6.375,4.875],"texture":"#main"},"south":{"uv":[7.75,4.375,8.25,4.875],"texture":"#main"},"north":{"uv":[6.375,4.375,6.875,4.875],"texture":"#main"},"west":{"uv":[6.875,4.375,7.75,4.875],"texture":"#main"},"up":{"uv":[6.875,4.375,6.375,3.5],"texture":"#main"},"down":{"uv":[7.375,3.5,6.875,4.375],"texture":"#main"}}},{"rotation":{"origin":[2.98693,17.99036,8.5227],"angle":0,"axis":"x"},"from":[8.75,14,9],"to":[12.75,18,16],"faces":{"east":{"uv":[3,3,3.875,3.5],"texture":"#main"},"south":{"uv":[5.25,3,5.75,3.5],"texture":"#main"},"north":{"uv":[3.875,3,4.375,3.5],"texture":"#main"},"west":{"uv":[4.375,3,5.25,3.5],"texture":"#main"},"up":{"uv":[4.375,3,3.875,2.125],"texture":"#main"},"down":{"uv":[4.875,2.125,4.375,3],"texture":"#main"}}},{"rotation":{"origin":[8,8,8],"angle":-22.5,"axis":"x"},"from":[5,5,6],"to":[11,10,12],"faces":{"east":{"uv":[0,2.875,0.75,3.5],"texture":"#main"},"south":{"uv":[2.25,2.875,3,3.5],"texture":"#main"},"north":{"uv":[0.75,2.875,1.5,3.5],"texture":"#main"},"west":{"uv":[1.5,2.875,2.25,3.5],"texture":"#main"},"up":{"uv":[1.5,2.875,0.75,2.125],"texture":"#main"},"down":{"uv":[2.25,2.125,1.5,2.875],"texture":"#main"}}},{"rotation":{"origin":[8,8,8],"angle":-22.5,"axis":"x"},"from":[7,9,5],"to":[9,11,7],"faces":{"east":{"uv":[3,7.625,3.25,7.875],"texture":"#main"},"south":{"uv":[3.75,7.625,4,7.875],"texture":"#main"},"north":{"uv":[3.25,7.625,3.5,7.875],"texture":"#main"},"west":{"uv":[3.5,7.625,3.75,7.875],"texture":"#main"},"up":{"uv":[3.5,7.625,3.25,7.375],"texture":"#main"},"down":{"uv":[3.75,7.375,3.5,7.625],"texture":"#main"}}},{"rotation":{"origin":[8,8,8],"angle":-22.5,"axis":"x"},"from":[4.5,9,5.75],"to":[6.5,11,7.75],"faces":{"east":{"uv":[3,7.625,3.25,7.875],"texture":"#main"},"south":{"uv":[3.75,7.625,4,7.875],"texture":"#main"},"north":{"uv":[3.25,7.625,3.5,7.875],"texture":"#main"},"west":{"uv":[3.5,7.625,3.75,7.875],"texture":"#main"},"up":{"uv":[3.5,7.625,3.25,7.375],"texture":"#main"},"down":{"uv":[3.75,7.375,3.5,7.625],"texture":"#main"}}},{"rotation":{"origin":[8,8,8],"angle":-22.5,"axis":"x"},"from":[4.5,9,8.75],"to":[6.5,11,10.75],"faces":{"east":{"uv":[3,7.625,3.25,7.875],"texture":"#main"},"south":{"uv":[3.75,7.625,4,7.875],"texture":"#main"},"north":{"uv":[3.25,7.625,3.5,7.875],"texture":"#main"},"west":{"uv":[3.5,7.625,3.75,7.875],"texture":"#main"},"up":{"uv":[3.5,7.625,3.25,7.375],"texture":"#main"},"down":{"uv":[3.75,7.375,3.5,7.625],"texture":"#main"}}},{"rotation":{"origin":[8,8,8],"angle":-22.5,"axis":"x"},"from":[9.5,9,5.75],"to":[11.5,11,7.75],"faces":{"east":{"uv":[3,7.625,3.25,7.875],"texture":"#main"},"south":{"uv":[3.75,7.625,4,7.875],"texture":"#main"},"north":{"uv":[3.25,7.625,3.5,7.875],"texture":"#main"},"west":{"uv":[3.5,7.625,3.75,7.875],"texture":"#main"},"up":{"uv":[3.5,7.625,3.25,7.375],"texture":"#main"},"down":{"uv":[3.75,7.375,3.5,7.625],"texture":"#main"}}},{"rotation":{"origin":[8,8,8],"angle":-22.5,"axis":"x"},"from":[9.5,9,8.75],"to":[11.5,11,10.75],"faces":{"east":{"uv":[3,7.625,3.25,7.875],"texture":"#main"},"south":{"uv":[3.75,7.625,4,7.875],"texture":"#main"},"north":{"uv":[3.25,7.625,3.5,7.875],"texture":"#main"},"west":{"uv":[3.5,7.625,3.75,7.875],"texture":"#main"},"up":{"uv":[3.5,7.625,3.25,7.375],"texture":"#main"},"down":{"uv":[3.75,7.375,3.5,7.625],"texture":"#main"}}},{"rotation":{"origin":[2.51008,4.67328,10.4584],"angle":-45,"axis":"z"},"from":[3.4958,3.16319,6.96022],"to":[3.4958,8.16319,12.96022],"faces":{"east":{"uv":[4.5,5.625,5.25,6.25],"texture":"#main"},"south":{"uv":[6,5.625,6,6.25],"texture":"#main"},"north":{"uv":[5.25,5.625,5.25,6.25],"texture":"#main"},"west":{"uv":[5.25,5.625,6,6.25],"texture":"#main"},"up":{"uv":[5.25,5.625,5.25,4.875],"texture":"#main"},"down":{"uv":[5.25,4.875,5.25,5.625],"texture":"#main"}}},{"rotation":{"origin":[13.48992,4.67328,10.4584],"angle":45,"axis":"z"},"from":[12.5042,3.16319,6.96022],"to":[12.5042,8.16319,12.96022],"faces":{"east":{"uv":[2.75,5.625,3.5,6.25],"texture":"#main"},"south":{"uv":[4.25,5.625,4.25,6.25],"texture":"#main"},"north":{"uv":[3.5,5.625,3.5,6.25],"texture":"#main"},"west":{"uv":[3.5,5.625,4.25,6.25],"texture":"#main"},"up":{"uv":[3.5,5.625,3.5,4.875],"texture":"#main"},"down":{"uv":[3.5,4.875,3.5,5.625],"texture":"#main"}}},{"rotation":{"origin":[13.48992,4.67328,10.4584],"angle":45,"axis":"x"},"from":[3.99174,-0.83681,7.44412],"to":[11.99174,4.16319,7.44412],"faces":{"east":{"uv":[0,6.25,0,6.875],"texture":"#main"},"south":{"uv":[1,6.25,2,6.875],"texture":"#main"},"north":{"uv":[0,6.25,1,6.875],"texture":"#main"},"west":{"uv":[1,6.25,1,6.875],"texture":"#main"},"up":{"uv":[1,6.25,0,6.25],"texture":"#main"},"down":{"uv":[2,6.25,1,6.25],"texture":"#main"}}},{"rotation":{"origin":[13.48992,11.32672,10.4584],"angle":-45,"axis":"x"},"from":[3.99174,1.83681,8.44412],"to":[11.99174,6.83681,8.44412],"faces":{"east":{"uv":[6.25,4.875,6.25,5.5],"texture":"#main"},"south":{"uv":[7.25,4.875,8.25,5.5],"texture":"#main"},"north":{"uv":[6.25,4.875,7.25,5.5],"texture":"#main"},"west":{"uv":[7.25,4.875,7.25,5.5],"texture":"#main"},"up":{"uv":[7.25,4.875,6.25,4.875],"texture":"#main"},"down":{"uv":[8.25,4.875,7.25,4.875],"texture":"#main"}}}],"display":{"head":{"translation":[0,-25.5,0],"scale":[1.6,1.6,1.6]}},"credit":"Made with Blockbench"}