{"parent":"physical_parent","textures":{"main":"pokemon/nidorina"},"elements":[{"from":[5,11,-2],"to":[14,20,7],"faces":{"east":{"uv":[5,7.25,7.25,9.5],"texture":"#main"},"south":{"uv":[5,9.75,7.25,12],"texture":"#main"},"north":{"uv":[0,7.25,2.25,9.5],"texture":"#main"},"west":{"uv":[2.5,7.25,4.75,9.5],"texture":"#main"},"up":{"uv":[2.5,9.75,4.75,12],"texture":"#main","rotation":90},"down":{"uv":[0,9.75,2.25,12],"texture":"#main"}}},{"from":[5.4,2,3],"to":[13.41,10,12],"faces":{"east":{"uv":[5.25,0,7.5,2.25],"texture":"#main"},"south":{"uv":[7.75,0,10,2.25],"texture":"#main"},"north":{"uv":[0,0,2.25,2.25],"texture":"#main"},"west":{"uv":[2.5,0,4.75,2.25],"texture":"#main"},"up":{"uv":[2.5,2.5,4.75,5],"texture":"#main"},"down":{"uv":[0,2.5,2.25,5],"texture":"#main"}}},{"rotation":{"origin":[-2,7,7],"angle":45,"axis":"x"},"from":[3.5,1,2],"to":[6.5,10,5],"faces":{"east":{"uv":[7.5,9.75,8.25,12],"texture":"#main"},"south":{"uv":[9.5,9.75,10.25,12],"texture":"#main"},"north":{"uv":[7.5,9.75,8.25,12],"texture":"#main"},"west":{"uv":[10.5,9.75,11.25,12],"texture":"#main"},"up":{"uv":[10.5,8.75,11.25,9.5],"texture":"#main"},"down":{"uv":[10.5,12.25,11.25,13],"texture":"#main"}}},{"rotation":{"origin":[9.5,16,-3],"angle":-45,"axis":"z"},"from":[-2.5,12,2.5],"to":[7.5,19,2.6],"faces":{"south":{"uv":[10.25,13.5,12.75,15.25],"texture":"#main"},"north":{"uv":[12.5,6.75,15,8.5],"texture":"#main"}}},{"rotation":{"origin":[6,7,7],"angle":45,"axis":"x"},"from":[11.5,1,2],"to":[14.5,10,5],"faces":{"east":{"uv":[9.5,9.75,10.25,12],"texture":"#main"},"south":{"uv":[10.5,9.75,11.25,12],"texture":"#main"},"north":{"uv":[8.5,9.75,9.25,12],"texture":"#main"},"west":{"uv":[9.5,9.75,10.25,12],"texture":"#main"},"up":{"uv":[10.5,8.75,11.25,9.5],"texture":"#main"},"down":{"uv":[10.5,12.25,11.25,13],"texture":"#main"}}},{"from":[3.5,-1,5],"to":[7.5,8,9],"faces":{"east":{"uv":[3.75,12.5,4.75,15],"texture":"#main"},"south":{"uv":[5,12.5,6,15],"texture":"#main"},"north":{"uv":[7.5,12.5,8.5,15],"texture":"#main"},"west":{"uv":[3.75,12.5,4.75,15],"texture":"#main"},"up":{"uv":[8.75,12.75,9.75,13.75],"texture":"#main","rotation":180},"down":{"uv":[8.75,14,9.75,15],"texture":"#main","rotation":180}}},{"from":[11.5,-1,5],"to":[15.5,8,9],"faces":{"east":{"uv":[5,12.5,6,14.75],"texture":"#main"},"south":{"uv":[3.75,12.5,4.75,14.75],"texture":"#main"},"north":{"uv":[6.25,12.5,7.25,15],"texture":"#main"},"west":{"uv":[3.75,12.5,4.75,14.75],"texture":"#main"},"up":{"uv":[8.75,12.75,10,13.75],"texture":"#main","rotation":180},"down":{"uv":[8.75,14,9.75,15],"texture":"#main","rotation":180}}},{"rotation":{"origin":[4,9,14],"angle":45,"axis":"x"},"from":[9.5,7,9],"to":[9.6,14,13],"faces":{"east":{"uv":[13.75,2.75,14.75,5],"texture":"#main"},"west":{"uv":[12.5,2.75,13.5,5],"texture":"#main"}}},{"rotation":{"origin":[8,5,7],"angle":-22.5,"axis":"x"},"from":[7.4,1,11],"to":[11.41,6,18],"faces":{"east":{"uv":[10.25,0,12,1.5],"texture":"#main"},"south":{"uv":[12.25,0,13.5,1.25],"texture":"#main"},"north":{"uv":[12.25,0,13.5,1.25],"texture":"#main"},"west":{"uv":[10.25,0,12,1.5],"texture":"#main","rotation":180},"up":{"uv":[10.25,0,12,1.5],"texture":"#main","rotation":180},"down":{"uv":[10.25,0,12,1.5],"texture":"#main","rotation":90}}},{"rotation":{"origin":[8,9.061467,15.39104],"angle":-22.5,"axis":"x"},"from":[8.4,6.0615,16.391],"to":[10.41,9.0615,21.391],"faces":{"east":{"uv":[13.75,0.5,15,1.25],"texture":"#main"},"south":{"uv":[15.25,0.5,15.75,1.25],"texture":"#main","rotation":180},"west":{"uv":[13.75,0.5,15,1.25],"texture":"#main"},"up":{"uv":[13.75,0.75,15,1.25],"texture":"#main","rotation":180},"down":{"uv":[13.75,0.75,15,1.25],"texture":"#main","rotation":90}}},{"from":[5.4,10,3],"to":[13.41,15,11],"faces":{"east":{"uv":[7.25,3.75,9.25,5],"texture":"#main"},"south":{"uv":[9.5,3.75,11.5,5],"texture":"#main"},"north":{"uv":[5,5.5,7,6.75],"texture":"#main"},"west":{"uv":[5,3.75,7,5],"texture":"#main"},"up":{"uv":[7.25,5.5,9.25,6.75],"texture":"#main"}}},{"rotation":{"origin":[4,13,11],"angle":22.5,"axis":"x"},"from":[9.5,11,6],"to":[9.6,18,10],"faces":{"east":{"uv":[13.75,2.75,14.75,5],"texture":"#main"},"west":{"uv":[12.5,2.75,13.5,5],"texture":"#main"}}},{"rotation":{"origin":[19.5,26,-3],"angle":45,"axis":"z"},"from":[7.5,22,2.5],"to":[17.5,29,2.6],"faces":{"south":{"uv":[13,13.5,15.5,15.25],"texture":"#main"},"north":{"uv":[9.75,6.75,12.25,8.5],"texture":"#main"}}}],"display":{"head":{"translation":[-1.4,-34,0]},"firstperson_righthand":{"scale":[0.0001,0.0001,0.0001]},"thirdperson_lefthand":{"scale":[0.0001,0.0001,0.0001]},"firstperson_lefthand":{"scale":[0.0001,0.0001,0.0001]}}}