{"parent":"physical_parent","textures":{"main":"pokemon/omastar"},"elements":[{"from":[6,3,6],"to":[12,11,14],"faces":{"east":{"uv":[2.25,0,4.25,2],"texture":"#main"},"south":{"uv":[4.5,0,6,2],"texture":"#main"},"north":{"uv":[4.5,0,6,2],"texture":"#main"},"west":{"uv":[0,0,2,2],"texture":"#main"},"up":{"uv":[4.5,0,6,2],"texture":"#main"}}},{"from":[6,0,5],"to":[12,3,14],"faces":{"east":{"uv":[0,2.25,2.25,3],"texture":"#main"},"south":{"uv":[0,2.25,2.25,3],"texture":"#main"},"north":{"uv":[0,2.25,2.25,3],"texture":"#main"},"west":{"uv":[0,2.25,2.25,3],"texture":"#main"},"up":{"uv":[4.25,2.25,5.75,4.5],"texture":"#main"},"down":{"uv":[4.25,2.25,5.75,4.5],"texture":"#main"}}},{"from":[3,0,4.99],"to":[15,8,5.09],"faces":{"south":{"uv":[3.25,5.25,6.25,7.75],"texture":"#main"},"north":{"uv":[0,5.25,3,7.75],"texture":"#main"}}},{"from":[-1,0,8.99],"to":[6,7,9.09],"faces":{"south":{"uv":[2,3.25,3.75,5.25],"texture":"#main"},"north":{"uv":[0,3.25,1.75,5.25],"texture":"#main"}}},{"from":[12,0,8.99],"to":[19,7,9.09],"faces":{"south":{"uv":[0,3.25,1.75,5.25],"texture":"#main"},"north":{"uv":[2,3.25,3.75,5.25],"texture":"#main"}}},{"from":[8,11,11],"to":[10,13,13],"faces":{"east":{"uv":[6.25,1.5,6.75,2],"texture":"#main"},"south":{"uv":[6.25,1.5,6.75,2],"texture":"#main"},"north":{"uv":[6.25,1.5,6.75,2],"texture":"#main"},"west":{"uv":[6.25,1.5,6.75,2],"texture":"#main"},"up":{"uv":[6.25,1.5,6.75,2],"texture":"#main"},"down":{"uv":[6.25,1.5,6.75,2],"texture":"#main"}}},{"from":[8,11,8],"to":[10,13,10],"faces":{"east":{"uv":[6.25,1.5,6.75,2],"texture":"#main"},"south":{"uv":[6.25,1.5,6.75,2],"texture":"#main"},"north":{"uv":[6.25,1.5,6.75,2],"texture":"#main"},"west":{"uv":[6.25,1.5,6.75,2],"texture":"#main"},"up":{"uv":[6.25,1.5,6.75,2],"texture":"#main"},"down":{"uv":[6.25,1.5,6.75,2],"texture":"#main"}}},{"rotation":{"origin":[9,10.5,6],"angle":45,"axis":"x"},"from":[8,9.5,4.5],"to":[10,11.5,7.5],"faces":{"east":{"uv":[7,1.25,7.5,2],"texture":"#main","rotation":90},"south":{"uv":[6.25,1.5,6.75,2],"texture":"#main"},"north":{"uv":[6.25,1.5,6.75,2],"texture":"#main","rotation":180},"west":{"uv":[7,1.25,7.5,2],"texture":"#main","rotation":90},"up":{"uv":[6.25,1.5,6.75,2],"texture":"#main"},"down":{"uv":[6.25,1.5,6.75,2],"texture":"#main","rotation":180}}},{"rotation":{"origin":[9,10.5,14],"angle":-45,"axis":"x"},"from":[8,9.5,12.5],"to":[10,11.5,15.5],"faces":{"east":{"uv":[7,1.25,7.5,2],"texture":"#main","rotation":90},"south":{"uv":[6.25,1.5,6.75,2],"texture":"#main"},"north":{"uv":[6.25,1.5,6.75,2],"texture":"#main","rotation":180},"west":{"uv":[6.25,1.5,6.75,2],"texture":"#main","rotation":270},"up":{"uv":[6.25,1.5,6.75,2],"texture":"#main"},"down":{"uv":[6.25,1.5,6.75,2],"texture":"#main","rotation":180}}},{"from":[8,7,14],"to":[10,9,16],"faces":{"east":{"uv":[6.25,1.5,6.75,2],"texture":"#main"},"south":{"uv":[6.25,1.5,6.75,2],"texture":"#main"},"north":{"uv":[6.25,1.5,6.75,2],"texture":"#main"},"west":{"uv":[6.25,1.5,6.75,2],"texture":"#main"},"up":{"uv":[6.25,1.5,6.75,2],"texture":"#main"},"down":{"uv":[6.25,1.5,6.75,2],"texture":"#main"}}},{"from":[8,4,14],"to":[10,6,16],"faces":{"east":{"uv":[6.25,1.5,6.75,2],"texture":"#main"},"south":{"uv":[6.25,1.5,6.75,2],"texture":"#main"},"north":{"uv":[6.25,1.5,6.75,2],"texture":"#main"},"west":{"uv":[6.25,1.5,6.75,2],"texture":"#main"},"up":{"uv":[6.25,1.5,6.75,2],"texture":"#main"},"down":{"uv":[6.25,1.5,6.75,2],"texture":"#main"}}}],"display":{"head":{"translation":[-1.5,-31,-4.173],"scale":[1.5,1.5,1.5]}}}