{"parent":"physical_parent","textures":{"main":"pokemon/seedot"},"texture_size":[32,32],"elements":[{"rotation":{"origin":[13,8,9],"angle":0,"axis":"y"},"from":[4,2,2],"to":[7,3,8],"faces":{"east":{"uv":[9.5,7,11.5,7.5],"texture":"#main"},"south":{"uv":[10,10.5,11,11],"texture":"#main"},"north":{"uv":[9.5,7,11.5,7.5],"texture":"#main"},"west":{"uv":[9.5,7,11.5,7.5],"texture":"#main"},"up":{"uv":[5,12.5,4,10.5],"texture":"#main"},"down":{"uv":[7,10.5,6,12],"texture":"#main"}}},{"rotation":{"origin":[11.5,9,10],"angle":0,"axis":"y"},"from":[4.5,3,2],"to":[11.5,7,9],"faces":{"east":{"uv":[7.5,3.5,12,6],"texture":"#main"},"south":{"uv":[7.5,0,12,2.5],"texture":"#main"},"north":{"uv":[8,11.5,12.5,14],"texture":"#main"},"west":{"uv":[7.5,8,12,10.5],"texture":"#main"},"up":{"uv":[7.5,7.5,4,4],"texture":"#main"},"down":{"uv":[7.5,0,4,3.5],"texture":"#main"}}},{"rotation":{"origin":[11,10,10.5],"angle":0,"axis":"y"},"from":[3,7,0.5],"to":[13,9,10.5],"faces":{"east":{"uv":[0,8,4,9],"texture":"#main"},"south":{"uv":[0,9,4,10],"texture":"#main"},"north":{"uv":[7.5,6,11.5,7],"texture":"#main"},"west":{"uv":[0,10,4,11],"texture":"#main"},"up":{"uv":[4,4,0,0],"texture":"#main"},"down":{"uv":[4,4,0,8],"texture":"#main"}}},{"rotation":{"origin":[11,10,10.5],"angle":0,"axis":"y"},"from":[4,9,1.5],"to":[12,11,9.5],"faces":{"east":{"uv":[0,8,4,9],"texture":"#main"},"south":{"uv":[0,9,4,10],"texture":"#main"},"north":{"uv":[7.5,6,11.5,7],"texture":"#main"},"west":{"uv":[0,10,4,11],"texture":"#main"},"up":{"uv":[4,4,0,0],"texture":"#main"},"down":{"uv":[4,4,0,8],"texture":"#main"}}},{"rotation":{"origin":[11,10,10.5],"angle":0,"axis":"y"},"from":[5,10,2.5],"to":[11,12,8.5],"faces":{"east":{"uv":[0,8,4,9],"texture":"#main"},"south":{"uv":[0,9,4,10],"texture":"#main"},"north":{"uv":[7.5,6,11.5,7],"texture":"#main"},"west":{"uv":[0,10,4,11],"texture":"#main"},"up":{"uv":[4,4,0,0],"texture":"#main"},"down":{"uv":[4,4,0,8],"texture":"#main"}}},{"rotation":{"origin":[3.25,8,9],"angle":0,"axis":"y"},"from":[9,2,2],"to":[12,3,8],"faces":{"east":{"uv":[9.5,7,11.5,7.5],"texture":"#main"},"south":{"uv":[3,11,4,11.5],"texture":"#main"},"north":{"uv":[2,11,3,11.5],"texture":"#main"},"west":{"uv":[9.5,7,11.5,7.5],"texture":"#main"},"up":{"uv":[7,12.5,6,10.5],"texture":"#main"},"down":{"uv":[7,10.5,6,12],"texture":"#main"}}}],"display":{"head":{"translation":[0,-33.5,3.5],"scale":[1.6,1.6,1.6]}}}