{"credit":"Made with Blockbench","texture_size":[128,128],"textures":{"particle":"pokemon/torterra","main":"pokemon/torterra"},"elements":[{"from":[-6.925,-0.45,-4.2],"to":[-2.4,5.125,0.825],"rotation":{"angle":0,"axis":"y","origin":[-9.1,-5.7,11.175]},"faces":{"north":{"uv":[0.625,4.125,1.125,4.75],"texture":"#main"},"east":{"uv":[0,4.125,0.625,4.75],"texture":"#main"},"south":{"uv":[1.75,4.125,2.25,4.75],"texture":"#main"},"west":{"uv":[1.125,4.125,1.75,4.75],"texture":"#main"},"up":{"uv":[1.125,4.125,0.625,3.5],"texture":"#main"},"down":{"uv":[1.625,3.5,1.125,4.125],"texture":"#main"}}},{"from":[-1.95,6,-6.225],"to":[13.45,14.8,8.375],"rotation":{"angle":0,"axis":"y","origin":[0,-1.6,0.875]},"faces":{"north":{"uv":[7.5,8.375,9.375,9.375],"texture":"#main"},"east":{"uv":[5.75,8.375,7.5,9.375],"texture":"#main"},"south":{"uv":[11.125,8.375,13,9.375],"texture":"#main"},"west":{"uv":[9.375,8.375,11.125,9.375],"texture":"#main"},"up":{"uv":[9.375,8.375,7.5,6.625],"texture":"#main"},"down":{"uv":[11.25,6.625,9.375,8.375],"texture":"#main"}}},{"from":[0.175,6.92431,7.87784],"to":[11.175,13.37431,15.17784],"rotation":{"angle":0,"axis":"y","origin":[0.675,0,0]},"faces":{"north":{"uv":[6.375,10.25,7.75,11],"texture":"#main"},"east":{"uv":[5.5,10.25,6.375,11],"texture":"#main"},"south":{"uv":[8.625,10.25,10,11],"texture":"#main"},"west":{"uv":[7.75,10.25,8.625,11],"texture":"#main"},"up":{"uv":[7.75,10.25,6.375,9.375],"texture":"#main"},"down":{"uv":[9.125,9.375,7.75,10.25],"texture":"#main"}}},{"from":[2.275,5.17617,11.86278],"to":[9.2,11.65117,20.66278],"rotation":{"angle":22.5,"axis":"x","origin":[5.7375,8.41367,16.26278]},"faces":{"north":{"uv":[1,11.375,1.75,12.125],"texture":"#main"},"east":{"uv":[0,11.375,1,12.125],"texture":"#main"},"south":{"uv":[2.75,11.375,3.5,12.125],"texture":"#main"},"west":{"uv":[1.75,11.375,2.75,12.125],"texture":"#main"},"up":{"uv":[1.75,11.375,1,10.375],"texture":"#main"},"down":{"uv":[2.5,10.375,1.75,11.375],"texture":"#main"}}},{"from":[3.2,3.8334,19.05794],"to":[8.3,8.7084,24.30794],"rotation":{"angle":22.5,"axis":"x","origin":[5.75,6.6709,21.68294]},"faces":{"north":{"uv":[0.625,1.75,1.25,2.25],"texture":"#main"},"east":{"uv":[0,1.75,0.625,2.25],"texture":"#main"},"south":{"uv":[1.875,1.75,2.5,2.25],"texture":"#main"},"west":{"uv":[1.25,1.75,1.875,2.25],"texture":"#main"},"up":{"uv":[1.25,1.75,0.625,1.125],"texture":"#main"},"down":{"uv":[1.875,1.125,1.25,1.75],"texture":"#main"}}},{"from":[-3.3,12.1,-10.725],"to":[14.4,15.5,14.575],"rotation":{"angle":0,"axis":"y","origin":[0,-1.6,0.875]},"faces":{"north":{"uv":[3.125,3.125,5.25,3.5],"texture":"#main"},"east":{"uv":[0,3.125,3.125,3.5],"texture":"#main"},"south":{"uv":[8.375,3.125,10.5,3.5],"texture":"#main"},"west":{"uv":[5.25,3.125,8.375,3.5],"texture":"#main"},"up":{"uv":[5.25,3.125,3.125,0],"texture":"#main"},"down":{"uv":[7.375,0,5.25,3.125],"texture":"#main"}}},{"from":[-2.775,15.5,-9.725],"to":[14.15,18.025,13.675],"rotation":{"angle":0,"axis":"y","origin":[0,-1.6,0.875]},"faces":{"north":{"uv":[2.875,6.375,4.875,6.625],"texture":"#main"},"east":{"uv":[0,6.375,2.875,6.625],"texture":"#main"},"south":{"uv":[7.75,6.375,9.75,6.625],"texture":"#main"},"west":{"uv":[4.875,6.375,7.75,6.625],"texture":"#main"},"up":{"uv":[4.875,6.375,2.875,3.5],"texture":"#main"},"down":{"uv":[6.875,3.5,4.875,6.375],"texture":"#main"}}},{"from":[0.7,6.72719,-13.35017],"to":[10.6,12.52719,-5.35017],"rotation":{"angle":-22.5,"axis":"x","origin":[5.65,9.62719,-9.35017]},"faces":{"north":{"uv":[10,11,11.125,11.625],"texture":"#main"},"east":{"uv":[9,11,10,11.625],"texture":"#main"},"south":{"uv":[12.125,11,13.25,11.625],"texture":"#main"},"west":{"uv":[11.125,11,12.125,11.625],"texture":"#main"},"up":{"uv":[11.125,11,10,10],"texture":"#main"},"down":{"uv":[12.25,10,11.125,11],"texture":"#main"}}},{"from":[2.375,4.65,-14.3],"to":[8.85,10.525,-5.7],"rotation":{"angle":0,"axis":"y","origin":[0,-1.6,0.875]},"faces":{"north":{"uv":[11.5,2.875,12.25,3.5],"texture":"#main"},"east":{"uv":[10.5,2.875,11.5,3.5],"texture":"#main"},"south":{"uv":[13.25,2.875,14,3.5],"texture":"#main"},"west":{"uv":[12.25,2.875,13.25,3.5],"texture":"#main"},"up":{"uv":[12.25,2.875,11.5,1.875],"texture":"#main"},"down":{"uv":[13,1.875,12.25,2.875],"texture":"#main"}}},{"from":[3.1,6.95627,-15],"to":[8.1,10.80627,-12],"rotation":{"angle":-22.5,"axis":"x","origin":[5.6,8.88127,-13.5]},"faces":{"north":{"uv":[9.75,2.25,10.375,2.625],"texture":"#main"},"east":{"uv":[9.375,2.25,9.75,2.625],"texture":"#main"},"south":{"uv":[10.75,2.25,11.375,2.625],"texture":"#main"},"west":{"uv":[10.375,2.25,10.75,2.625],"texture":"#main"},"up":{"uv":[10.375,2.25,9.75,1.875],"texture":"#main"},"down":{"uv":[11,1.875,10.375,2.25],"texture":"#main"}}},{"from":[4.2,3.6478,23.53656],"to":[7.2,6.8228,29.18656],"rotation":{"angle":0,"axis":"y","origin":[5.7,7.5853,26.36156]},"faces":{"north":{"uv":[4.75,9.375,5.125,9.75],"texture":"#main"},"east":{"uv":[4.125,9.375,4.75,9.75],"texture":"#main"},"south":{"uv":[5.75,9.375,6.125,9.75],"texture":"#main"},"west":{"uv":[5.125,9.375,5.75,9.75],"texture":"#main"},"up":{"uv":[5.125,9.375,4.75,8.75],"texture":"#main"},"down":{"uv":[5.5,8.75,5.125,9.375],"texture":"#main"}}},{"from":[-2.325,6.95,-9.3],"to":[4.15,10.525,-5.6],"rotation":{"angle":0,"axis":"y","origin":[-4.7,-1.6,0.075]},"faces":{"north":{"uv":[2.875,10.75,3.625,11.125],"texture":"#main"},"east":{"uv":[2.5,10.75,2.875,11.125],"texture":"#main"},"south":{"uv":[4,10.75,4.75,11.125],"texture":"#main"},"west":{"uv":[3.625,10.75,4,11.125],"texture":"#main"},"up":{"uv":[3.625,10.75,2.875,10.375],"texture":"#main"},"down":{"uv":[4.375,10.375,3.625,10.75],"texture":"#main"}}},{"from":[-1.425,3.70129,-7.15476],"to":[12.9,8.40129,4.14524],"rotation":{"angle":0,"axis":"y","origin":[0,0.18159,2.29553]},"faces":{"north":{"uv":[8.75,1.375,10.5,1.875],"texture":"#main"},"east":{"uv":[7.375,1.375,8.75,1.875],"texture":"#main"},"south":{"uv":[11.875,1.375,13.625,1.875],"texture":"#main"},"west":{"uv":[10.5,1.375,11.875,1.875],"texture":"#main"},"up":{"uv":[10.5,1.375,8.75,0],"texture":"#main"},"down":{"uv":[12.25,0,10.5,1.375],"texture":"#main"}}},{"from":[-7.725,6.375,-7.5],"to":[-0.925,10.975,-7.5],"rotation":{"angle":0,"axis":"y","origin":[-4.325,8.925,-7.5]},"faces":{"north":{"uv":[0,2.25,0.75,2.75],"texture":"#main"},"east":{"uv":[0,2.25,0,2.75],"texture":"#main"},"south":{"uv":[0.75,2.25,1.5,2.75],"texture":"#main"},"west":{"uv":[0.75,2.25,0.75,2.75],"texture":"#main"},"up":{"uv":[0.75,2.25,0,2.25],"texture":"#main"},"down":{"uv":[1.5,2.25,0.75,2.25],"texture":"#main"}}},{"from":[-4.66018,2.6147,-4],"to":[-0.48518,8.0897,0.6],"rotation":{"angle":-45,"axis":"z","origin":[-2.57268,5.3522,-1.7]},"faces":{"north":{"uv":[7.875,2.375,8.375,3],"texture":"#main"},"east":{"uv":[7.375,2.375,7.875,3],"texture":"#main"},"south":{"uv":[8.875,2.375,9.375,3],"texture":"#main"},"west":{"uv":[8.375,2.375,8.875,3],"texture":"#main"},"up":{"uv":[8.375,2.375,7.875,1.875],"texture":"#main"},"down":{"uv":[8.875,1.875,8.375,2.375],"texture":"#main"}}},{"from":[-0.225,3.10129,3.64524],"to":[11.7,7.80129,15.04524],"rotation":{"angle":0,"axis":"y","origin":[0,-0.41841,13.19553]},"faces":{"north":{"uv":[1.375,9.875,2.75,10.375],"texture":"#main"},"east":{"uv":[0,9.875,1.375,10.375],"texture":"#main"},"south":{"uv":[4.125,9.875,5.5,10.375],"texture":"#main"},"west":{"uv":[2.75,9.875,4.125,10.375],"texture":"#main"},"up":{"uv":[2.75,9.875,1.375,8.5],"texture":"#main"},"down":{"uv":[4.125,8.5,2.75,9.875],"texture":"#main"}}},{"from":[0.15,15.5,3.575],"to":[4.55,23.325,8.175],"rotation":{"angle":0,"axis":"y","origin":[0,-1.6,0.875]},"faces":{"north":{"uv":[0.5,5.25,1,6.125],"texture":"#main"},"east":{"uv":[0,5.25,0.5,6.125],"texture":"#main"},"south":{"uv":[1.5,5.25,2,6.125],"texture":"#main"},"west":{"uv":[1,5.25,1.5,6.125],"texture":"#main"},"up":{"uv":[1,5.25,0.5,4.75],"texture":"#main"},"down":{"uv":[1.5,4.75,1,5.25],"texture":"#main"}}},{"from":[1.725,13.2,-0.025],"to":[4.35,19.925,4.575],"rotation":{"angle":-22.5,"axis":"x","origin":[3.0375,16.5625,2.275]},"faces":{"north":{"uv":[7.375,4,7.625,4.75],"texture":"#main"},"east":{"uv":[6.875,4,7.375,4.75],"texture":"#main"},"south":{"uv":[8.125,4,8.375,4.75],"texture":"#main"},"west":{"uv":[7.625,4,8.125,4.75],"texture":"#main"},"up":{"uv":[7.625,4,7.375,3.5],"texture":"#main"},"down":{"uv":[7.875,3.5,7.625,4],"texture":"#main"}}},{"from":[2.025,12.3,-4.5],"to":[3.9,19.025,-0.2],"rotation":{"angle":0,"axis":"y","origin":[1.2,-3.9,-8.125]},"faces":{"north":{"uv":[7.875,0.5,8,1.25],"texture":"#main"},"east":{"uv":[7.375,0.5,7.875,1.25],"texture":"#main"},"south":{"uv":[8.5,0.5,8.625,1.25],"texture":"#main"},"west":{"uv":[8,0.5,8.5,1.25],"texture":"#main"},"up":{"uv":[8,0.5,7.875,0],"texture":"#main"},"down":{"uv":[8.125,0,8,0.5],"texture":"#main"}}},{"from":[10.925,14.45,-9.725],"to":[10.925,30.175,13.675],"rotation":{"angle":0,"axis":"y","origin":[0,-1.6,0.875]},"faces":{"north":{"uv":[2.875,6.625,2.875,8.5],"texture":"#main"},"east":{"uv":[0,6.625,2.875,8.5],"texture":"#main"},"south":{"uv":[5.75,6.625,5.75,8.5],"texture":"#main"},"west":{"uv":[2.875,6.625,5.75,8.5],"texture":"#main"},"up":{"uv":[2.875,6.625,2.875,3.75],"texture":"#main"},"down":{"uv":[2.875,3.75,2.875,6.625],"texture":"#main"}}},{"from":[0.475,21.6,4.275],"to":[4.275,31.825,7.85],"rotation":{"angle":0,"axis":"y","origin":[1.4,4.5,1.575]},"faces":{"north":{"uv":[6.125,7,6.5,8.25],"texture":"#main"},"east":{"uv":[5.75,7,6.125,8.25],"texture":"#main"},"south":{"uv":[6.875,7,7.25,8.25],"texture":"#main"},"west":{"uv":[6.5,7,6.875,8.25],"texture":"#main"},"up":{"uv":[6.5,7,6.125,6.625],"texture":"#main"},"down":{"uv":[6.875,6.625,6.5,7],"texture":"#main"}}},{"from":[-2.2,24.1,-1.025],"to":[9.2,32,12.75],"rotation":{"angle":0,"axis":"y","origin":[1.4,3.1,1.575]},"faces":{"north":{"uv":[8.5,5.125,9.875,6],"texture":"#main"},"east":{"uv":[6.875,5.125,8.5,6],"texture":"#main"},"south":{"uv":[11.5,5.125,12.875,6],"texture":"#main"},"west":{"uv":[9.875,5.125,11.5,6],"texture":"#main"},"up":{"uv":[9.875,5.125,8.5,3.5],"texture":"#main"},"down":{"uv":[11.25,3.5,9.875,5.125],"texture":"#main"}}},{"from":[-2.53887,16.74274,5.075],"to":[-0.83887,24.66774,6.75],"rotation":{"angle":22.5,"axis":"z","origin":[-2.33887,20.70524,5.9125]},"faces":{"north":{"uv":[2.5,2.25,2.625,3.125],"texture":"#main"},"east":{"uv":[2.375,2.25,2.5,3.125],"texture":"#main"},"south":{"uv":[2.75,2.25,2.875,3.125],"texture":"#main"},"west":{"uv":[2.625,2.25,2.75,3.125],"texture":"#main"},"up":{"uv":[2.625,2.25,2.5,2.125],"texture":"#main"},"down":{"uv":[2.75,2.125,2.625,2.25],"texture":"#main"}}},{"from":[-7.025,22.2,2.575],"to":[-0.825,26.325,8.55],"rotation":{"angle":0,"axis":"y","origin":[-2.4,2.1,1.575]},"faces":{"north":{"uv":[0.625,0.625,1.375,1.125],"texture":"#main"},"east":{"uv":[0,0.625,0.625,1.125],"texture":"#main"},"south":{"uv":[2,0.625,2.75,1.125],"texture":"#main"},"west":{"uv":[1.375,0.625,2,1.125],"texture":"#main"},"up":{"uv":[1.375,0.625,0.625,0],"texture":"#main"},"down":{"uv":[2.125,0,1.375,0.625],"texture":"#main"}}},{"from":[1.725,13.225,6.625],"to":[4.35,19.95,11.225],"rotation":{"angle":22.5,"axis":"x","origin":[3.0375,18.1625,8.925]},"faces":{"north":{"uv":[7.375,4,7.625,4.75],"texture":"#main"},"east":{"uv":[6.875,4,7.375,4.75],"texture":"#main"},"south":{"uv":[8.125,4,8.375,4.75],"texture":"#main"},"west":{"uv":[7.625,4,8.125,4.75],"texture":"#main"},"up":{"uv":[7.625,4,7.375,3.5],"texture":"#main"},"down":{"uv":[7.875,3.5,7.625,4],"texture":"#main"}}},{"from":[-7.625,-0.575,-4.7],"to":[-5.4,3.2,-2.275],"rotation":{"angle":0,"axis":"y","origin":[-9.1,-5.825,11.175]},"faces":{"north":{"uv":[2.125,1.375,2.375,1.75],"texture":"#main"},"east":{"uv":[1.875,1.375,2.125,1.75],"texture":"#main"},"south":{"uv":[2.625,1.375,2.875,1.75],"texture":"#main"},"west":{"uv":[2.375,1.375,2.625,1.75],"texture":"#main"},"up":{"uv":[2.375,1.375,2.125,1.125],"texture":"#main"},"down":{"uv":[2.625,1.125,2.375,1.375],"texture":"#main"}}},{"from":[-4.125,-0.575,-4.7],"to":[-2.5,1.3,-2.275],"rotation":{"angle":0,"axis":"y","origin":[-9.1,-5.825,11.175]},"faces":{"north":{"uv":[2.375,0.25,2.5,0.375],"texture":"#main"},"east":{"uv":[2.125,0.25,2.375,0.375],"texture":"#main"},"south":{"uv":[2.75,0.25,2.875,0.375],"texture":"#main"},"west":{"uv":[2.5,0.25,2.75,0.375],"texture":"#main"},"up":{"uv":[2.5,0.25,2.375,0],"texture":"#main"},"down":{"uv":[2.625,0,2.5,0.25],"texture":"#main"}}},{"from":[-7.525,-0.575,-1.3],"to":[-5.9,1.3,0.325],"rotation":{"angle":0,"axis":"y","origin":[-9.1,-5.825,11.175]},"faces":{"north":{"uv":[0.125,0.125,0.25,0.25],"texture":"#main"},"east":{"uv":[0,0.125,0.125,0.25],"texture":"#main"},"south":{"uv":[0.375,0.125,0.5,0.25],"texture":"#main"},"west":{"uv":[0.25,0.125,0.375,0.25],"texture":"#main"},"up":{"uv":[0.25,0.125,0.125,0],"texture":"#main"},"down":{"uv":[0.375,0,0.25,0.125],"texture":"#main"}}},{"from":[-4.625,-0.45,8.8],"to":[-0.1,5.125,13.825],"rotation":{"angle":0,"axis":"y","origin":[-6.8,-5.7,24.175]},"faces":{"north":{"uv":[0.625,4.125,1.125,4.75],"texture":"#main"},"east":{"uv":[0,4.125,0.625,4.75],"texture":"#main"},"south":{"uv":[1.75,4.125,2.25,4.75],"texture":"#main"},"west":{"uv":[1.125,4.125,1.75,4.75],"texture":"#main"},"up":{"uv":[1.125,4.125,0.625,3.5],"texture":"#main"},"down":{"uv":[1.625,3.5,1.125,4.125],"texture":"#main"}}},{"from":[-5.325,-0.575,8.3],"to":[-3.1,3.2,10.725],"rotation":{"angle":0,"axis":"y","origin":[-6.8,-5.825,24.175]},"faces":{"north":{"uv":[2.125,1.375,2.375,1.75],"texture":"#main"},"east":{"uv":[1.875,1.375,2.125,1.75],"texture":"#main"},"south":{"uv":[2.625,1.375,2.875,1.75],"texture":"#main"},"west":{"uv":[2.375,1.375,2.625,1.75],"texture":"#main"},"up":{"uv":[2.375,1.375,2.125,1.125],"texture":"#main"},"down":{"uv":[2.625,1.125,2.375,1.375],"texture":"#main"}}},{"from":[-1.825,-0.575,8.3],"to":[-0.2,1.3,10.725],"rotation":{"angle":0,"axis":"y","origin":[-6.8,-5.825,24.175]},"faces":{"north":{"uv":[2.375,0.25,2.5,0.375],"texture":"#main"},"east":{"uv":[2.125,0.25,2.375,0.375],"texture":"#main"},"south":{"uv":[2.75,0.25,2.875,0.375],"texture":"#main"},"west":{"uv":[2.5,0.25,2.75,0.375],"texture":"#main"},"up":{"uv":[2.5,0.25,2.375,0],"texture":"#main"},"down":{"uv":[2.625,0,2.5,0.25],"texture":"#main"}}},{"from":[-5.225,-0.575,11.7],"to":[-3.6,1.3,13.325],"rotation":{"angle":0,"axis":"y","origin":[-6.8,-5.825,24.175]},"faces":{"north":{"uv":[0.125,0.125,0.25,0.25],"texture":"#main"},"east":{"uv":[0,0.125,0.125,0.25],"texture":"#main"},"south":{"uv":[0.375,0.125,0.5,0.25],"texture":"#main"},"west":{"uv":[0.25,0.125,0.375,0.25],"texture":"#main"},"up":{"uv":[0.25,0.125,0.125,0],"texture":"#main"},"down":{"uv":[0.375,0,0.25,0.125],"texture":"#main"}}},{"from":[-2.81018,2.6147,9],"to":[1.36482,8.0897,13.6],"rotation":{"angle":-45,"axis":"z","origin":[-0.27268,5.3522,11.3]},"faces":{"north":{"uv":[7.875,2.375,8.375,3],"texture":"#main"},"east":{"uv":[7.375,2.375,7.875,3],"texture":"#main"},"south":{"uv":[8.875,2.375,9.375,3],"texture":"#main"},"west":{"uv":[8.375,2.375,8.875,3],"texture":"#main"},"up":{"uv":[8.375,2.375,7.875,1.875],"texture":"#main"},"down":{"uv":[8.875,1.875,8.375,2.375],"texture":"#main"}}},{"from":[6.95,6.95,-9.3],"to":[13.425,10.525,-5.6],"shade":false,"rotation":{"angle":0,"axis":"y","origin":[-0.2,-1.6,0.075]},"faces":{"north":{"uv":[3.625,10.75,2.875,11.125],"texture":"#main"},"east":{"uv":[4,10.75,3.625,11.125],"texture":"#main"},"south":{"uv":[4.75,10.75,4,11.125],"texture":"#main"},"west":{"uv":[2.875,10.75,2.5,11.125],"texture":"#main"},"up":{"uv":[2.875,10.75,3.625,10.375],"texture":"#main"},"down":{"uv":[3.625,10.375,4.375,10.75],"texture":"#main"}}},{"from":[17.3,-0.575,-1.3],"to":[18.925,1.3,0.325],"shade":false,"rotation":{"angle":0,"axis":"y","origin":[20.5,-5.825,11.175]},"faces":{"north":{"uv":[0.25,0.125,0.125,0.25],"texture":"#main"},"east":{"uv":[0.375,0.125,0.25,0.25],"texture":"#main"},"south":{"uv":[0.5,0.125,0.375,0.25],"texture":"#main"},"west":{"uv":[0.125,0.125,0,0.25],"texture":"#main"},"up":{"uv":[0.125,0.125,0.25,0],"texture":"#main"},"down":{"uv":[0.25,0,0.375,0.125],"texture":"#main"}}},{"from":[16.8,-0.575,-4.7],"to":[19.025,3.2,-2.275],"shade":false,"rotation":{"angle":0,"axis":"y","origin":[20.5,-5.825,11.175]},"faces":{"north":{"uv":[2.375,1.375,2.125,1.75],"texture":"#main"},"east":{"uv":[2.625,1.375,2.375,1.75],"texture":"#main"},"south":{"uv":[2.875,1.375,2.625,1.75],"texture":"#main"},"west":{"uv":[2.125,1.375,1.875,1.75],"texture":"#main"},"up":{"uv":[2.125,1.375,2.375,1.125],"texture":"#main"},"down":{"uv":[2.375,1.125,2.625,1.375],"texture":"#main"}}},{"from":[13.9,-0.575,-4.7],"to":[15.525,1.3,-2.275],"shade":false,"rotation":{"angle":0,"axis":"y","origin":[20.5,-5.825,11.175]},"faces":{"north":{"uv":[2.5,0.25,2.375,0.375],"texture":"#main"},"east":{"uv":[2.75,0.25,2.5,0.375],"texture":"#main"},"south":{"uv":[2.875,0.25,2.75,0.375],"texture":"#main"},"west":{"uv":[2.375,0.25,2.125,0.375],"texture":"#main"},"up":{"uv":[2.375,0.25,2.5,0],"texture":"#main"},"down":{"uv":[2.5,0,2.625,0.25],"texture":"#main"}}},{"from":[15,-0.575,11.7],"to":[16.625,1.3,13.325],"shade":false,"rotation":{"angle":0,"axis":"y","origin":[18.2,-5.825,24.175]},"faces":{"north":{"uv":[0.25,0.125,0.125,0.25],"texture":"#main"},"east":{"uv":[0.375,0.125,0.25,0.25],"texture":"#main"},"south":{"uv":[0.5,0.125,0.375,0.25],"texture":"#main"},"west":{"uv":[0.125,0.125,0,0.25],"texture":"#main"},"up":{"uv":[0.125,0.125,0.25,0],"texture":"#main"},"down":{"uv":[0.25,0,0.375,0.125],"texture":"#main"}}},{"from":[14.5,-0.575,8.3],"to":[16.725,3.2,10.725],"shade":false,"rotation":{"angle":0,"axis":"y","origin":[18.2,-5.825,24.175]},"faces":{"north":{"uv":[2.375,1.375,2.125,1.75],"texture":"#main"},"east":{"uv":[2.625,1.375,2.375,1.75],"texture":"#main"},"south":{"uv":[2.875,1.375,2.625,1.75],"texture":"#main"},"west":{"uv":[2.125,1.375,1.875,1.75],"texture":"#main"},"up":{"uv":[2.125,1.375,2.375,1.125],"texture":"#main"},"down":{"uv":[2.375,1.125,2.625,1.375],"texture":"#main"}}},{"from":[11.6,-0.575,8.3],"to":[13.225,1.3,10.725],"shade":false,"rotation":{"angle":0,"axis":"y","origin":[18.2,-5.825,24.175]},"faces":{"north":{"uv":[2.5,0.25,2.375,0.375],"texture":"#main"},"east":{"uv":[2.75,0.25,2.5,0.375],"texture":"#main"},"south":{"uv":[2.875,0.25,2.75,0.375],"texture":"#main"},"west":{"uv":[2.375,0.25,2.125,0.375],"texture":"#main"},"up":{"uv":[2.375,0.25,2.5,0],"texture":"#main"},"down":{"uv":[2.5,0,2.625,0.25],"texture":"#main"}}},{"from":[11.5,-0.45,8.8],"to":[16.025,5.125,13.825],"shade":false,"rotation":{"angle":0,"axis":"y","origin":[18.2,-5.7,24.175]},"faces":{"north":{"uv":[1.125,4.125,0.625,4.75],"texture":"#main"},"east":{"uv":[1.75,4.125,1.125,4.75],"texture":"#main"},"south":{"uv":[2.25,4.125,1.75,4.75],"texture":"#main"},"west":{"uv":[0.625,4.125,0,4.75],"texture":"#main"},"up":{"uv":[0.625,4.125,1.125,3.5],"texture":"#main"},"down":{"uv":[1.125,3.5,1.625,4.125],"texture":"#main"}}},{"from":[10.03518,2.6147,9],"to":[14.21018,8.0897,13.6],"shade":false,"rotation":{"angle":45,"axis":"z","origin":[11.67268,5.3522,11.3]},"faces":{"north":{"uv":[8.375,2.375,7.875,3],"texture":"#main"},"east":{"uv":[8.875,2.375,8.375,3],"texture":"#main"},"south":{"uv":[9.375,2.375,8.875,3],"texture":"#main"},"west":{"uv":[7.875,2.375,7.375,3],"texture":"#main"},"up":{"uv":[7.875,2.375,8.375,1.875],"texture":"#main"},"down":{"uv":[8.375,1.875,8.875,2.375],"texture":"#main"}}},{"from":[13.8,-0.45,-4.2],"to":[18.325,5.125,0.825],"shade":false,"rotation":{"angle":0,"axis":"y","origin":[20.5,-5.7,11.175]},"faces":{"north":{"uv":[1.125,4.125,0.625,4.75],"texture":"#main"},"east":{"uv":[1.75,4.125,1.125,4.75],"texture":"#main"},"south":{"uv":[2.25,4.125,1.75,4.75],"texture":"#main"},"west":{"uv":[0.625,4.125,0,4.75],"texture":"#main"},"up":{"uv":[0.625,4.125,1.125,3.5],"texture":"#main"},"down":{"uv":[1.125,3.5,1.625,4.125],"texture":"#main"}}},{"from":[11.88518,2.6147,-4],"to":[16.06018,8.0897,0.6],"shade":false,"rotation":{"angle":45,"axis":"z","origin":[13.97268,5.3522,-1.7]},"faces":{"north":{"uv":[8.375,2.375,7.875,3],"texture":"#main"},"east":{"uv":[8.875,2.375,8.375,3],"texture":"#main"},"south":{"uv":[9.375,2.375,8.875,3],"texture":"#main"},"west":{"uv":[7.875,2.375,7.375,3],"texture":"#main"},"up":{"uv":[7.875,2.375,8.375,1.875],"texture":"#main"},"down":{"uv":[8.375,1.875,8.875,2.375],"texture":"#main"}}},{"from":[12.125,6.375,-7.5],"to":[18.925,10.975,-7.5],"shade":false,"rotation":{"angle":0,"axis":"y","origin":[20.325,8.925,-7.5]},"faces":{"north":{"uv":[0.75,2.25,0,2.75],"texture":"#main"},"east":{"uv":[0.75,2.25,0.75,2.75],"texture":"#main"},"south":{"uv":[1.5,2.25,0.75,2.75],"texture":"#main"},"west":{"uv":[0,2.25,0,2.75],"texture":"#main"},"up":{"uv":[0,2.25,0.75,2.25],"texture":"#main"},"down":{"uv":[0.75,2.25,1.5,2.25],"texture":"#main"}}}],"display":{"head":{"translation":[3.5,-29.25,4],"scale":[1.65,1.65,1.65]}},"groups":[{"name":"Torterra","origin":[0,0,0],"color":0,"children":[0,1,2,3,4,5,6,7,8,9,10,11,12,13,14,15,16,17,18,19,20,21,22,23,24,25,26,27,28,29,30,31,32,33,34,35,36,37,38,39,40,41,42,43,44]}]}