{"parent":"physical_parent","textures":{"main":"pokemon/tyrogue"},"texture_size":[64,64],"elements":[{"rotation":{"origin":[6.5,1,5.5],"angle":22.5,"axis":"y"},"from":[2,0,4],"to":[5,2,9],"faces":{"east":{"uv":[8,8,9.25,8.5],"texture":"#main"},"south":{"uv":[11.25,8,12,8.5],"texture":"#main"},"north":{"uv":[9.25,8,10,8.5],"texture":"#main"},"west":{"uv":[10,8,11.25,8.5],"texture":"#main"},"up":{"uv":[10,8,9.25,6.75],"texture":"#main"},"down":{"uv":[10.75,6.75,10,8],"texture":"#main"}}},{"rotation":{"origin":[9.5,1,5.5],"angle":-22.5,"axis":"y"},"from":[11,0,4],"to":[14,2,9],"faces":{"east":{"uv":[4,8,5.25,8.5],"texture":"#main"},"south":{"uv":[7.25,8,8,8.5],"texture":"#main"},"north":{"uv":[5.25,8,6,8.5],"texture":"#main"},"west":{"uv":[6,8,7.25,8.5],"texture":"#main"},"up":{"uv":[6,8,5.25,6.75],"texture":"#main"},"down":{"uv":[6.75,6.75,6,8],"texture":"#main"}}},{"rotation":{"origin":[9.5,1,5.5],"angle":-22.5,"axis":"y"},"from":[11,2,6.25],"to":[13,4,8.25],"faces":{"east":{"uv":[6.5,10.75,7,11.25],"texture":"#main"},"south":{"uv":[8,10.75,8.5,11.25],"texture":"#main"},"north":{"uv":[7,10.75,7.5,11.25],"texture":"#main"},"west":{"uv":[7.5,10.75,8,11.25],"texture":"#main"},"up":{"uv":[7.5,10.75,7,10.25],"texture":"#main"},"down":{"uv":[8,10.25,7.5,10.75],"texture":"#main"}}},{"rotation":{"origin":[6.5,1,5.5],"angle":22.5,"axis":"y"},"from":[3,2,6.25],"to":[5,4,8.25],"faces":{"east":{"uv":[4.5,10.75,5,11.25],"texture":"#main"},"south":{"uv":[6,10.75,6.5,11.25],"texture":"#main"},"north":{"uv":[5,10.75,5.5,11.25],"texture":"#main"},"west":{"uv":[5.5,10.75,6,11.25],"texture":"#main"},"up":{"uv":[5.5,10.75,5,10.25],"texture":"#main"},"down":{"uv":[6,10.25,5.5,10.75],"texture":"#main"}}},{"rotation":{"origin":[9.5,1,5.5],"angle":-22.5,"axis":"y"},"from":[10,4,5],"to":[14,8,9],"faces":{"east":{"uv":[0,7.75,1,8.75],"texture":"#main"},"south":{"uv":[3,7.75,4,8.75],"texture":"#main"},"north":{"uv":[1,7.75,2,8.75],"texture":"#main"},"west":{"uv":[2,7.75,3,8.75],"texture":"#main"},"up":{"uv":[2,7.75,1,6.75],"texture":"#main"},"down":{"uv":[3,6.75,2,7.75],"texture":"#main"}}},{"rotation":{"origin":[9.5,1,5.5],"angle":0,"axis":"y"},"from":[5,5,6],"to":[11,9,11],"faces":{"east":{"uv":[0,5.75,1.25,6.75],"texture":"#main"},"south":{"uv":[4,5.75,5.5,6.75],"texture":"#main"},"north":{"uv":[1.25,5.75,2.75,6.75],"texture":"#main"},"west":{"uv":[2.75,5.75,4,6.75],"texture":"#main"},"up":{"uv":[2.75,5.75,1.25,4.5],"texture":"#main"},"down":{"uv":[4.25,4.5,2.75,5.75],"texture":"#main"}}},{"rotation":{"origin":[9.5,1,5.5],"angle":0,"axis":"y"},"from":[5,9,6],"to":[11,14,10],"faces":{"east":{"uv":[5.5,5.5,6.5,6.75],"texture":"#main"},"south":{"uv":[9,5.5,10.5,6.75],"texture":"#main"},"north":{"uv":[6.5,5.5,8,6.75],"texture":"#main"},"west":{"uv":[8,5.5,9,6.75],"texture":"#main"},"up":{"uv":[8,5.5,6.5,4.5],"texture":"#main"},"down":{"uv":[9.5,4.5,8,5.5],"texture":"#main"}}},{"rotation":{"origin":[9.8144,-1.9404,4.976],"angle":0,"axis":"y"},"from":[6.7904,13.7844,6.7904],"to":[9.2096,14.994,9.2096],"faces":{"east":{"uv":[8.5,10.75,9,11],"texture":"#main"},"south":{"uv":[10,10.75,10.5,11],"texture":"#main"},"north":{"uv":[9,10.75,9.5,11],"texture":"#main"},"west":{"uv":[9.5,10.75,10,11],"texture":"#main"},"up":{"uv":[9.5,10.75,9,10.25],"texture":"#main"},"down":{"uv":[10,10.25,9.5,10.75],"texture":"#main"}}},{"rotation":{"origin":[9.8144,-1.9404,4.976],"angle":0,"axis":"y"},"from":[3.7664,14.3892,4.3712],"to":[12.2336,21.6468,11.6288],"faces":{"east":{"uv":[0,1.5,1.5,3],"texture":"#main"},"south":{"uv":[4.75,1.5,6.5,3],"texture":"#main"},"north":{"uv":[0,13,3.5,16],"texture":"#main"},"west":{"uv":[3.25,1.5,4.75,3],"texture":"#main"},"up":{"uv":[3.25,1.5,1.5,0],"texture":"#main"},"down":{"uv":[5,0,3.25,1.5],"texture":"#main"}}},{"rotation":{"origin":[9.8144,-1.9404,4.976],"angle":0,"axis":"y"},"from":[7.3952,21.6468,6.7904],"to":[8.6048,26.4852,9.2096],"faces":{"east":{"uv":[3,10.75,3.5,11.75],"texture":"#main"},"south":{"uv":[4.25,10.75,4.5,11.75],"texture":"#main"},"north":{"uv":[3.5,10.75,3.75,11.75],"texture":"#main"},"west":{"uv":[3.75,10.75,4.25,11.75],"texture":"#main"},"up":{"uv":[3.75,10.75,3.5,10.25],"texture":"#main"},"down":{"uv":[4,10.25,3.75,10.75],"texture":"#main"}}},{"rotation":{"origin":[8,24.066,8],"angle":-22.5,"axis":"x"},"from":[7.3952,21.6468,3.1616],"to":[8.6048,26.4852,5.5808],"faces":{"east":{"uv":[1.5,10.75,2,11.75],"texture":"#main"},"south":{"uv":[2.75,10.75,3,11.75],"texture":"#main"},"north":{"uv":[2,10.75,2.25,11.75],"texture":"#main"},"west":{"uv":[2.25,10.75,2.75,11.75],"texture":"#main"},"up":{"uv":[2.25,10.75,2,10.25],"texture":"#main"},"down":{"uv":[2.5,10.25,2.25,10.75],"texture":"#main"}}},{"rotation":{"origin":[8,24.066,8],"angle":22.5,"axis":"x"},"from":[7.3952,21.6468,10.4192],"to":[8.6048,26.4852,12.8384],"faces":{"east":{"uv":[0,10.75,0.5,11.75],"texture":"#main"},"south":{"uv":[1.25,10.75,1.5,11.75],"texture":"#main"},"north":{"uv":[0.5,10.75,0.75,11.75],"texture":"#main"},"west":{"uv":[0.75,10.75,1.25,11.75],"texture":"#main"},"up":{"uv":[0.75,10.75,0.5,10.25],"texture":"#main"},"down":{"uv":[1,10.25,0.75,10.75],"texture":"#main"}}},{"rotation":{"origin":[9.8144,-1.9404,4.976],"angle":0,"axis":"y"},"from":[8,18.018,3.1616],"to":[8,30.114,12.8384],"faces":{"east":{"uv":[6.5,2,8.5,4.5],"texture":"#main"},"south":{"uv":[10.5,2,10.5,4.5],"texture":"#main"},"north":{"uv":[8.5,2,8.5,4.5],"texture":"#main"},"west":{"uv":[8.5,2,10.5,4.5],"texture":"#main"},"up":{"uv":[8.5,2,8.5,0],"texture":"#main"},"down":{"uv":[8.5,0,8.5,2],"texture":"#main"}}},{"rotation":{"origin":[14,13,8],"angle":-22.5,"axis":"z"},"from":[16,10.25,6.5],"to":[19,13.25,9.5],"faces":{"east":{"uv":[11,9.5,11.75,10.25],"texture":"#main"},"south":{"uv":[13.25,9.5,14,10.25],"texture":"#main"},"north":{"uv":[11.75,9.5,12.5,10.25],"texture":"#main"},"west":{"uv":[12.5,9.5,13.25,10.25],"texture":"#main"},"up":{"uv":[12.5,9.5,11.75,8.75],"texture":"#main"},"down":{"uv":[13.25,8.75,12.5,9.5],"texture":"#main"}}},{"rotation":{"origin":[2,13,8],"angle":22.5,"axis":"z"},"from":[-3,10.25,6.5],"to":[0,13.25,9.5],"faces":{"east":{"uv":[8,9.5,8.75,10.25],"texture":"#main"},"south":{"uv":[10.25,9.5,11,10.25],"texture":"#main"},"north":{"uv":[8.75,9.5,9.5,10.25],"texture":"#main"},"west":{"uv":[9.5,9.5,10.25,10.25],"texture":"#main"},"up":{"uv":[9.5,9.5,8.75,8.75],"texture":"#main"},"down":{"uv":[10.25,8.75,9.5,9.5],"texture":"#main"}}},{"rotation":{"origin":[14,13,8],"angle":-22.5,"axis":"z"},"from":[11,10.75,7],"to":[17,12.75,9],"faces":{"east":{"uv":[4,9.25,4.5,9.75],"texture":"#main"},"south":{"uv":[6.5,9.25,8,9.75],"texture":"#main"},"north":{"uv":[4.5,9.25,6,9.75],"texture":"#main"},"west":{"uv":[6,9.25,6.5,9.75],"texture":"#main"},"up":{"uv":[6,9.25,4.5,8.75],"texture":"#main"},"down":{"uv":[7.5,8.75,6,9.25],"texture":"#main"}}},{"rotation":{"origin":[2,13,8],"angle":22.5,"axis":"z"},"from":[-1,10.75,7],"to":[5,12.75,9],"faces":{"east":{"uv":[0,9.25,0.5,9.75],"texture":"#main"},"south":{"uv":[2.5,9.25,4,9.75],"texture":"#main"},"north":{"uv":[0.5,9.25,2,9.75],"texture":"#main"},"west":{"uv":[2,9.25,2.5,9.75],"texture":"#main"},"up":{"uv":[2,9.25,0.5,8.75],"texture":"#main"},"down":{"uv":[3.5,8.75,2,9.25],"texture":"#main"}}},{"rotation":{"origin":[6.5,1,5.5],"angle":22.5,"axis":"y"},"from":[2,4,5],"to":[6,8,9],"faces":{"east":{"uv":[10.5,5.5,11.5,6.5],"texture":"#main"},"south":{"uv":[13.5,5.5,14.5,6.5],"texture":"#main"},"north":{"uv":[11.5,5.5,12.5,6.5],"texture":"#main"},"west":{"uv":[12.5,5.5,13.5,6.5],"texture":"#main"},"up":{"uv":[12.5,5.5,11.5,4.5],"texture":"#main"},"down":{"uv":[13.5,4.5,12.5,5.5],"texture":"#main"}}}],"display":{"head":{"translation":[0,-33,0],"scale":[1.28711,1.28711,1.28711]}},"credit":"Made with Blockbench"}