{"parent":"physical_parent","textures":{"main":"pokemon/ursaring"},"texture_size":[128,128],"elements":[{"rotation":{"origin":[8,8,9],"angle":0,"axis":"y"},"from":[3,4,4],"to":[13,14,13],"faces":{"east":{"uv":[0,1.125,1.125,2.375],"texture":"#main"},"south":{"uv":[3.5,1.125,4.75,2.375],"texture":"#main"},"north":{"uv":[1.125,1.125,2.375,2.375],"texture":"#main"},"west":{"uv":[2.375,1.125,3.5,2.375],"texture":"#main"},"up":{"uv":[2.375,1.125,1.125,0],"texture":"#main"},"down":{"uv":[3.625,0,2.375,1.125],"texture":"#main"}}},{"rotation":{"origin":[8,8,9],"angle":0,"axis":"y"},"from":[5.5,3,11],"to":[10.5,8,16],"faces":{"east":{"uv":[2.5,5.875,3.125,6.5],"texture":"#main"},"south":{"uv":[4.375,5.875,5,6.5],"texture":"#main"},"north":{"uv":[3.125,5.875,3.75,6.5],"texture":"#main"},"west":{"uv":[3.75,5.875,4.375,6.5],"texture":"#main"},"up":{"uv":[3.75,5.875,3.125,5.25],"texture":"#main"},"down":{"uv":[4.375,5.25,3.75,5.875],"texture":"#main"}}},{"rotation":{"origin":[9,8,9],"angle":0,"axis":"y"},"from":[2,4,3],"to":[6,8,9],"faces":{"east":{"uv":[0,6,0.75,6.5],"texture":"#main"},"south":{"uv":[2,6,2.5,6.5],"texture":"#main"},"north":{"uv":[0.75,6,1.25,6.5],"texture":"#main"},"west":{"uv":[1.25,6,2,6.5],"texture":"#main"},"up":{"uv":[1.25,6,0.75,5.25],"texture":"#main"},"down":{"uv":[1.75,5.25,1.25,6],"texture":"#main"}}},{"rotation":{"origin":[7,8,9],"angle":0,"axis":"y"},"from":[10,4,3],"to":[14,8,9],"faces":{"east":{"uv":[5,4.75,5.75,5.25],"texture":"#main"},"south":{"uv":[7,4.75,7.5,5.25],"texture":"#main"},"north":{"uv":[5.75,4.75,6.25,5.25],"texture":"#main"},"west":{"uv":[6.25,4.75,7,5.25],"texture":"#main"},"up":{"uv":[6.25,4.75,5.75,4],"texture":"#main"},"down":{"uv":[6.75,4,6.25,4.75],"texture":"#main"}}},{"rotation":{"origin":[9,8,9],"angle":0,"axis":"y"},"from":[2,0,4],"to":[6,4,9],"faces":{"east":{"uv":[0,7.125,0.625,7.625],"texture":"#main"},"south":{"uv":[1.75,7.125,2.25,7.625],"texture":"#main"},"north":{"uv":[0.625,7.125,1.125,7.625],"texture":"#main"},"west":{"uv":[1.125,7.125,1.75,7.625],"texture":"#main"},"up":{"uv":[1.125,7.125,0.625,6.5],"texture":"#main"},"down":{"uv":[1.625,6.5,1.125,7.125],"texture":"#main"}}},{"rotation":{"origin":[7,8,9],"angle":0,"axis":"y"},"from":[10,0,4],"to":[14,4,9],"faces":{"east":{"uv":[5,5.875,5.625,6.375],"texture":"#main"},"south":{"uv":[6.75,5.875,7.25,6.375],"texture":"#main"},"north":{"uv":[5.625,5.875,6.125,6.375],"texture":"#main"},"west":{"uv":[6.125,5.875,6.75,6.375],"texture":"#main"},"up":{"uv":[6.125,5.875,5.625,5.25],"texture":"#main"},"down":{"uv":[6.625,5.25,6.125,5.875],"texture":"#main"}}},{"rotation":{"origin":[9,8,9],"angle":0,"axis":"y"},"from":[2,0,2],"to":[6,2,4],"faces":{"east":{"uv":[1.5,8.125,1.75,8.375],"texture":"#main"},"south":{"uv":[2.5,8.125,3,8.375],"texture":"#main"},"north":{"uv":[1.75,8.125,2.25,8.375],"texture":"#main"},"west":{"uv":[2.25,8.125,2.5,8.375],"texture":"#main"},"up":{"uv":[2.25,8.125,1.75,7.875],"texture":"#main"},"down":{"uv":[2.75,7.875,2.25,8.125],"texture":"#main"}}},{"rotation":{"origin":[7,8,9],"angle":0,"axis":"y"},"from":[10,0,2],"to":[14,2,4],"faces":{"east":{"uv":[0,8.125,0.25,8.375],"texture":"#main"},"south":{"uv":[1,8.125,1.5,8.375],"texture":"#main"},"north":{"uv":[0.25,8.125,0.75,8.375],"texture":"#main"},"west":{"uv":[0.75,8.125,1,8.375],"texture":"#main"},"up":{"uv":[0.75,8.125,0.25,7.875],"texture":"#main"},"down":{"uv":[1.25,7.875,0.75,8.125],"texture":"#main"}}},{"rotation":{"origin":[8,8,9],"angle":0,"axis":"y"},"from":[4,14,4],"to":[12,19,12],"faces":{"east":{"uv":[4.75,1,5.75,1.625],"texture":"#main"},"south":{"uv":[7.75,1,8.75,1.625],"texture":"#main"},"north":{"uv":[5.75,1,6.75,1.625],"texture":"#main"},"west":{"uv":[6.75,1,7.75,1.625],"texture":"#main"},"up":{"uv":[6.75,1,5.75,0],"texture":"#main"},"down":{"uv":[7.75,0,6.75,1],"texture":"#main"}}},{"rotation":{"origin":[1.98431,15.99123,7.02444],"angle":22.5,"axis":"z"},"from":[0.75,14,4.25],"to":[5.75,18,10.25],"faces":{"east":{"uv":[5.75,3.125,6.5,3.625],"texture":"#main"},"south":{"uv":[7.875,3.125,8.5,3.625],"texture":"#main"},"north":{"uv":[6.5,3.125,7.125,3.625],"texture":"#main"},"west":{"uv":[7.125,3.125,7.875,3.625],"texture":"#main"},"up":{"uv":[7.125,3.125,6.5,2.375],"texture":"#main"},"down":{"uv":[7.75,2.375,7.125,3.125],"texture":"#main"}}},{"rotation":{"origin":[14.01569,15.99123,7.02444],"angle":-22.5,"axis":"z"},"from":[10.25,14,4.25],"to":[15.25,18,10.25],"faces":{"east":{"uv":[3,3.125,3.75,3.625],"texture":"#main"},"south":{"uv":[5.125,3.125,5.75,3.625],"texture":"#main"},"north":{"uv":[3.75,3.125,4.375,3.625],"texture":"#main"},"west":{"uv":[4.375,3.125,5.125,3.625],"texture":"#main"},"up":{"uv":[4.375,3.125,3.75,2.375],"texture":"#main"},"down":{"uv":[5,2.375,4.375,3.125],"texture":"#main"}}},{"rotation":{"origin":[1.98955,13.98949,7.52094],"angle":-22.5,"axis":"z"},"from":[0.5,10.5,5],"to":[3.5,17.5,9],"faces":{"east":{"uv":[4,7,4.5,7.875],"texture":"#main"},"south":{"uv":[5.375,7,5.75,7.875],"texture":"#main"},"north":{"uv":[4.5,7,4.875,7.875],"texture":"#main"},"west":{"uv":[4.875,7,5.375,7.875],"texture":"#main"},"up":{"uv":[4.875,7,4.5,6.5],"texture":"#main"},"down":{"uv":[5.25,6.5,4.875,7],"texture":"#main"}}},{"rotation":{"origin":[14.01045,13.98949,7.52094],"angle":22.5,"axis":"z"},"from":[12.5,10.5,5],"to":[15.5,17.5,9],"faces":{"east":{"uv":[2.25,7,2.75,7.875],"texture":"#main"},"south":{"uv":[3.625,7,4,7.875],"texture":"#main"},"north":{"uv":[2.75,7,3.125,7.875],"texture":"#main"},"west":{"uv":[3.125,7,3.625,7.875],"texture":"#main"},"up":{"uv":[3.125,7,2.75,6.5],"texture":"#main"},"down":{"uv":[3.5,6.5,3.125,7],"texture":"#main"}}},{"rotation":{"origin":[2.24278,13.9847,7.52093],"angle":-22.5,"axis":"x"},"from":[-0.27815,9.47907,0.00723],"to":[2.72185,12.47907,7.00723],"faces":{"east":{"uv":[2.5,4.875,3.375,5.25],"texture":"#main"},"south":{"uv":[4.625,4.875,5,5.25],"texture":"#main"},"north":{"uv":[3.375,4.875,3.75,5.25],"texture":"#main"},"west":{"uv":[3.75,4.875,4.625,5.25],"texture":"#main"},"up":{"uv":[3.75,4.875,3.375,4],"texture":"#main"},"down":{"uv":[4.125,4,3.75,4.875],"texture":"#main"}}},{"rotation":{"origin":[13.75722,13.9847,7.52093],"angle":-22.5,"axis":"x"},"from":[13.27815,9.47907,0.00723],"to":[16.27815,12.47907,7.00723],"faces":{"east":{"uv":[0,4.875,0.875,5.25],"texture":"#main"},"south":{"uv":[2.125,4.875,2.5,5.25],"texture":"#main"},"north":{"uv":[0.875,4.875,1.25,5.25],"texture":"#main"},"west":{"uv":[1.25,4.875,2.125,5.25],"texture":"#main"},"up":{"uv":[1.25,4.875,0.875,4],"texture":"#main"},"down":{"uv":[1.625,4,1.25,4.875],"texture":"#main"}}},{"rotation":{"origin":[1.20719,7.75954,0.35715],"angle":22.5,"axis":"x"},"from":[-0.02815,6.76375,0.59418],"to":[2.47185,9.76375,1.59418],"faces":{"east":{"uv":[5.75,8,5.875,8.375],"texture":"#main"},"south":{"uv":[6.25,8,6.5,8.375],"texture":"#main"},"north":{"uv":[6.625,8,7.125,8.75],"texture":"#main"},"west":{"uv":[6.125,8,6.25,8.375],"texture":"#main"},"up":{"uv":[6.125,8,5.875,7.875],"texture":"#main"},"down":{"uv":[6.375,7.875,6.125,8],"texture":"#main"}}},{"rotation":{"origin":[14.79281,7.75954,0.35715],"angle":22.5,"axis":"x"},"from":[13.52815,6.76375,0.59418],"to":[16.02815,9.76375,1.59418],"faces":{"east":{"uv":[5,8,5.125,8.375],"texture":"#main"},"south":{"uv":[5.5,8,5.75,8.375],"texture":"#main"},"north":{"uv":[6.625,8,7.125,8.75],"texture":"#main"},"west":{"uv":[5.375,8,5.5,8.375],"texture":"#main"},"up":{"uv":[5.375,8,5.125,7.875],"texture":"#main"},"down":{"uv":[5.625,7.875,5.375,8],"texture":"#main"}}},{"rotation":{"origin":[8,10,9],"angle":0,"axis":"y"},"name":"head","from":[5,19,4],"to":[11,26,10],"faces":{"east":{"uv":[0,3.125,0.75,4],"texture":"#main"},"south":{"uv":[2.25,3.125,3,4],"texture":"#main"},"north":{"uv":[8.875,0,10.375,1.75],"texture":"#main"},"west":{"uv":[1.5,3.125,2.25,4],"texture":"#main"},"up":{"uv":[1.5,3.125,0.75,2.375],"texture":"#main"},"down":{"uv":[2.25,2.375,1.5,3.125],"texture":"#main"}}},{"rotation":{"origin":[8,12,9],"angle":0,"axis":"y"},"from":[5,20,2],"to":[11,23,4],"faces":{"east":{"uv":[5.75,6.75,6,7.125],"texture":"#main"},"south":{"uv":[7,6.75,7.75,7.125],"texture":"#main"},"north":{"uv":[8.875,2.375,10.375,3.125],"texture":"#main"},"west":{"uv":[6.75,6.75,7,7.125],"texture":"#main"},"up":{"uv":[10.375,2.375,8.875,1.875],"texture":"#main"},"down":{"uv":[7.5,6.5,6.75,6.75],"texture":"#main"}}},{"rotation":{"origin":[10.47381,26.00607,7.02012],"angle":-45,"axis":"z"},"from":[9.75,25.25,6],"to":[11.75,27.25,8],"faces":{"east":{"uv":[4,8.125,4.25,8.375],"texture":"#main"},"south":{"uv":[4.75,8.125,5,8.375],"texture":"#main"},"north":{"uv":[3,8.375,3.5,8.875],"texture":"#main"},"west":{"uv":[4.5,8.125,4.75,8.375],"texture":"#main"},"up":{"uv":[4.5,8.125,4.25,7.875],"texture":"#main"},"down":{"uv":[4.75,7.875,4.5,8.125],"texture":"#main"}}},{"rotation":{"origin":[5.52619,26.00607,7.02012],"angle":45,"axis":"z"},"from":[4.25,25.25,6],"to":[6.25,27.25,8],"faces":{"east":{"uv":[3,8.125,3.25,8.375],"texture":"#main"},"south":{"uv":[3.75,8.125,4,8.375],"texture":"#main"},"north":{"uv":[3,8.375,3.5,8.875],"texture":"#main"},"west":{"uv":[3.5,8.125,3.75,8.375],"texture":"#main"},"up":{"uv":[3.5,8.125,3.25,7.875],"texture":"#main"},"down":{"uv":[3.75,7.875,3.5,8.125],"texture":"#main"}}}],"display":{"head":{"translation":[0,-24,0],"scale":[2.4,2.4,2.4]}},"credit":"Made with Blockbench"}