{"credit":"Made with Blockbench","texture_size":[64,64],"textures":{"main":"pokemon/vespiquen"},"elements":[{"from":[6.77141,26.6,0.5825],"to":[9.24141,28.3,0.5825],"shade":false,"rotation":{"angle":22.5,"axis":"z","origin":[8.20641,27.45,0.5825]},"faces":{"north":{"uv":[0.5,5,0,5.25],"texture":"#main"},"east":{"uv":[0.5,5,0.5,5.25],"texture":"#main"},"south":{"uv":[1,5,0.5,5.25],"texture":"#main"},"west":{"uv":[0,5,0,5.25],"texture":"#main"},"up":{"uv":[0,5,0.5,5],"texture":"#main"},"down":{"uv":[0.5,5,1,5],"texture":"#main"}}},{"from":[3.40859,26.6,0.5825],"to":[5.87859,28.3,0.5825],"rotation":{"angle":-22.5,"axis":"z","origin":[4.54359,27.35,0.5825]},"faces":{"north":{"uv":[0,5,0.5,5.25],"texture":"#main"},"east":{"uv":[0,5,0,5.25],"texture":"#main"},"south":{"uv":[0.5,5,1,5.25],"texture":"#main"},"west":{"uv":[0.5,5,0.5,5.25],"texture":"#main"},"up":{"uv":[0.5,5,0,5],"texture":"#main"},"down":{"uv":[1,5,0.5,5],"texture":"#main"}}},{"from":[5.92859,24.47428,-1.74664],"to":[6.92859,25.47428,-0.31664],"rotation":{"angle":-22.5,"axis":"y","origin":[4.02859,25.07428,-5.03164]},"faces":{"north":{"uv":[1.25,1.25,1.5,1.5],"texture":"#main"},"east":{"uv":[1,1.25,1.25,1.5],"texture":"#main"},"south":{"uv":[1.75,1.25,2,1.5],"texture":"#main"},"west":{"uv":[1.5,1.25,1.75,1.5],"texture":"#main"},"up":{"uv":[1.5,1.25,1.25,1],"texture":"#main"},"down":{"uv":[1.75,1,1.5,1.25],"texture":"#main"}}},{"from":[3.97359,23.37,-2.3325],"to":[4.97359,24.7,-0.5125],"rotation":{"angle":-22.5,"axis":"x","origin":[4.09359,30.86498,-3.3175]},"faces":{"north":{"uv":[0.25,1.25,0.5,1.5],"texture":"#main"},"east":{"uv":[0,1.25,0.25,1.5],"texture":"#main"},"south":{"uv":[0.75,1.25,1,1.5],"texture":"#main"},"west":{"uv":[0.5,1.25,0.75,1.5],"texture":"#main"},"up":{"uv":[0.5,1.25,0.25,1],"texture":"#main"},"down":{"uv":[0.75,1,0.5,1.25],"texture":"#main"}}},{"from":[4.27695,30.6233,-0.30515],"to":[5.27695,30.6233,0.69485],"rotation":{"angle":22.5,"axis":"z","origin":[17.07695,29.2233,-1.80515]},"faces":{"north":{"uv":[1.25,0.25,1.5,0.25],"texture":"#main"},"east":{"uv":[1,0.25,1.25,0.25],"texture":"#main"},"south":{"uv":[1.75,0.25,2,0.25],"texture":"#main"},"west":{"uv":[1.5,0.25,1.75,0.25],"texture":"#main"},"up":{"uv":[1.5,0.25,1.25,0],"texture":"#main"},"down":{"uv":[1.75,0,1.5,0.25],"texture":"#main"}}},{"from":[7.62641,23.37,-2.3325],"to":[8.62641,24.7,-0.5125],"shade":false,"rotation":{"angle":-22.5,"axis":"x","origin":[8.50641,30.86498,-3.3175]},"faces":{"north":{"uv":[0.5,1.25,0.25,1.5],"texture":"#main"},"east":{"uv":[0.75,1.25,0.5,1.5],"texture":"#main"},"south":{"uv":[1,1.25,0.75,1.5],"texture":"#main"},"west":{"uv":[0.25,1.25,0,1.5],"texture":"#main"},"up":{"uv":[0.25,1.25,0.5,1],"texture":"#main"},"down":{"uv":[0.5,1,0.75,1.25],"texture":"#main"}}},{"from":[5.67141,24.47428,-1.74664],"to":[6.67141,25.47428,-0.31664],"shade":false,"rotation":{"angle":22.5,"axis":"y","origin":[8.57141,25.07428,-5.03164]},"faces":{"north":{"uv":[1.5,1.25,1.25,1.5],"texture":"#main"},"east":{"uv":[1.75,1.25,1.5,1.5],"texture":"#main"},"south":{"uv":[2,1.25,1.75,1.5],"texture":"#main"},"west":{"uv":[1.25,1.25,1,1.5],"texture":"#main"},"up":{"uv":[1.25,1.25,1.5,1],"texture":"#main"},"down":{"uv":[1.5,1,1.75,1.25],"texture":"#main"}}},{"from":[7.32305,30.6233,-0.30515],"to":[8.32305,30.6233,0.69485],"shade":false,"rotation":{"angle":-22.5,"axis":"z","origin":[-4.47695,29.2233,-1.80515]},"faces":{"north":{"uv":[1.5,0.25,1.25,0.25],"texture":"#main"},"east":{"uv":[1.75,0.25,1.5,0.25],"texture":"#main"},"south":{"uv":[2,0.25,1.75,0.25],"texture":"#main"},"west":{"uv":[1.25,0.25,1,0.25],"texture":"#main"},"up":{"uv":[1.25,0.25,1.5,0],"texture":"#main"},"down":{"uv":[1.5,0,1.75,0.25],"texture":"#main"}}},{"from":[4.70859,27.1,0.6825],"to":[7.17859,31,3.8675],"rotation":{"angle":-22.5,"axis":"z","origin":[3.64359,35.01498,2.3075]},"faces":{"north":{"uv":[13.25,7.25,13.75,8],"texture":"#main"},"east":{"uv":[12.5,7.25,13.25,8],"texture":"#main"},"south":{"uv":[14.5,7.25,15,8],"texture":"#main"},"west":{"uv":[13.75,7.25,14.5,8],"texture":"#main"},"up":{"uv":[13.75,7.25,13.25,6.5],"texture":"#main"},"down":{"uv":[14.25,6.5,13.75,7.25],"texture":"#main"}}},{"from":[-0.05531,27.75,0.7475],"to":[2.70719,31,3.77],"rotation":{"angle":-22.5,"axis":"z","origin":[1.32594,27.375,2.25875]},"faces":{"north":{"uv":[14,13.75,14.5,14.5],"texture":"#main"},"east":{"uv":[13.25,13.75,14,14.5],"texture":"#main"},"south":{"uv":[15.25,13.75,15.75,14.5],"texture":"#main"},"west":{"uv":[14.5,13.75,15.25,14.5],"texture":"#main"},"up":{"uv":[14.5,13.75,14,13],"texture":"#main"},"down":{"uv":[15,13,14.5,13.75],"texture":"#main"}}},{"from":[4.84609,27.75,0.655],"to":[7.70609,31,2.345],"rotation":{"angle":0,"axis":"y","origin":[6.40609,17.98498,0.9475]},"faces":{"north":{"uv":[0.25,0.25,0.75,1],"texture":"#main"},"east":{"uv":[0,0.25,0.25,1],"texture":"#main"},"south":{"uv":[1,0.25,1.5,1],"texture":"#main"},"west":{"uv":[0.75,0.25,1,1],"texture":"#main"},"up":{"uv":[0.75,0.25,0.25,0],"texture":"#main"},"down":{"uv":[1.25,0,0.75,0.25],"texture":"#main"}}},{"from":[4.33248,23.9679,0.755],"to":[5.85998,24.9679,2.3875],"rotation":{"angle":-22.5,"axis":"z","origin":[14.09623,24.5679,1.47125]},"faces":{"north":{"uv":[1.25,1.75,1.5,2],"texture":"#main"},"east":{"uv":[1,1.75,1.25,2],"texture":"#main"},"south":{"uv":[1.75,1.75,2,2],"texture":"#main"},"west":{"uv":[1.5,1.75,1.75,2],"texture":"#main"},"up":{"uv":[1.5,1.75,1.25,1.5],"texture":"#main"},"down":{"uv":[1.75,1.5,1.5,1.75],"texture":"#main"}}},{"from":[7.84967,31,0.68],"to":[9.40967,32,2.3125],"rotation":{"angle":-22.5,"axis":"z","origin":[6.22967,35.69881,1.48375]},"faces":{"north":{"uv":[0.25,1.75,0.5,2],"texture":"#main"},"east":{"uv":[0,1.75,0.25,2],"texture":"#main"},"south":{"uv":[0.75,1.75,1,2],"texture":"#main"},"west":{"uv":[0.5,1.75,0.75,2],"texture":"#main"},"up":{"uv":[0.5,1.75,0.25,1.5],"texture":"#main"},"down":{"uv":[0.75,1.5,0.5,1.75],"texture":"#main"}}},{"from":[3.86844,30.8,0.6875],"to":[5.39594,31.8,2.345],"rotation":{"angle":22.5,"axis":"z","origin":[6.2836,33.97986,1.51625]},"faces":{"north":{"uv":[1.25,4.75,1.5,5],"texture":"#main"},"east":{"uv":[1,4.75,1.25,5],"texture":"#main"},"south":{"uv":[1.75,4.75,2,5],"texture":"#main"},"west":{"uv":[1.5,4.75,1.75,5],"texture":"#main"},"up":{"uv":[1.5,4.75,1.25,4.5],"texture":"#main"},"down":{"uv":[1.75,4.5,1.5,4.75],"texture":"#main"}}},{"from":[4.25402,23.30239,0.755],"to":[5.81402,24.30239,2.4125],"rotation":{"angle":22.5,"axis":"z","origin":[-4.41977,30.28225,1.50875]},"faces":{"north":{"uv":[0.25,4.75,0.5,5],"texture":"#main"},"east":{"uv":[0,4.75,0.25,5],"texture":"#main"},"south":{"uv":[0.75,4.75,1,5],"texture":"#main"},"west":{"uv":[0.5,4.75,0.75,5],"texture":"#main"},"up":{"uv":[0.5,4.75,0.25,4.5],"texture":"#main"},"down":{"uv":[0.75,4.5,0.5,4.75],"texture":"#main"}}},{"from":[4.22859,25.02,0.9475],"to":[8.38859,28.4,5.1075],"rotation":{"angle":0,"axis":"y","origin":[6.30859,25.67498,0.0475]},"faces":{"north":{"uv":[1,13,2,13.75],"texture":"#main"},"east":{"uv":[0,13,1,13.75],"texture":"#main"},"south":{"uv":[3,13,4,13.75],"texture":"#main"},"west":{"uv":[2,13,3,13.75],"texture":"#main"},"up":{"uv":[2,13,1,12],"texture":"#main"},"down":{"uv":[3,12,2,13],"texture":"#main"}}},{"from":[7.18942,24.81147,1.1475],"to":[9.46442,25.98147,5.095],"rotation":{"angle":22.5,"axis":"z","origin":[8.32692,22.19647,3.02125]},"faces":{"north":{"uv":[5,8.75,5.5,9],"texture":"#main"},"east":{"uv":[4.25,8.75,5,9],"texture":"#main"},"south":{"uv":[6.25,8.75,6.75,9],"texture":"#main"},"west":{"uv":[5.5,8.75,6.25,9],"texture":"#main"},"up":{"uv":[5.5,8.75,5,8],"texture":"#main"},"down":{"uv":[6,8,5.5,8.75],"texture":"#main"}}},{"from":[3.92061,24.67167,1.1475],"to":[6.13061,25.84167,5.12],"rotation":{"angle":-22.5,"axis":"z","origin":[5.02561,24.05667,3.13375]},"faces":{"north":{"uv":[10.5,11,11,11.25],"texture":"#main"},"east":{"uv":[9.75,11,10.5,11.25],"texture":"#main"},"south":{"uv":[11.75,11,12.25,11.25],"texture":"#main"},"west":{"uv":[11,11,11.75,11.25],"texture":"#main"},"up":{"uv":[11,11,10.5,10.25],"texture":"#main"},"down":{"uv":[11.5,10.25,11,11],"texture":"#main"}}},{"from":[8.69641,26.4,0.6825],"to":[11.16641,30.3,3.8675],"shade":false,"rotation":{"angle":22.5,"axis":"z","origin":[8.93141,27.05,2.275]},"faces":{"north":{"uv":[13.75,7.25,13.25,8],"texture":"#main"},"east":{"uv":[14.5,7.25,13.75,8],"texture":"#main"},"south":{"uv":[15,7.25,14.5,8],"texture":"#main"},"west":{"uv":[13.25,7.25,12.5,8],"texture":"#main"},"up":{"uv":[13.25,7.25,13.75,6.5],"texture":"#main"},"down":{"uv":[13.75,6.5,14.25,7.25],"texture":"#main"}}},{"from":[10.16781,27.75,0.7475],"to":[12.93031,31,3.77],"shade":false,"rotation":{"angle":22.5,"axis":"z","origin":[11.24906,27.375,2.25875]},"faces":{"north":{"uv":[14.5,13.75,14,14.5],"texture":"#main"},"east":{"uv":[15.25,13.75,14.5,14.5],"texture":"#main"},"south":{"uv":[15.75,13.75,15.25,14.5],"texture":"#main"},"west":{"uv":[14,13.75,13.25,14.5],"texture":"#main"},"up":{"uv":[14,13.75,14.5,13],"texture":"#main"},"down":{"uv":[14.5,13,15,13.75],"texture":"#main"}}},{"from":[3.02859,22.27,3.4075],"to":[9.76359,32,8.9075],"rotation":{"angle":0,"axis":"y","origin":[6.13359,11.37498,0.3475]},"faces":{"north":{"uv":[6.75,11.5,8.25,13.75],"texture":"#main"},"east":{"uv":[5.5,11.5,6.75,13.75],"texture":"#main"},"south":{"uv":[9.5,11.5,11,13.75],"texture":"#main"},"west":{"uv":[8.25,11.5,9.5,13.75],"texture":"#main"},"up":{"uv":[8.25,11.5,6.75,10.25],"texture":"#main"},"down":{"uv":[9.75,10.25,8.25,11.5],"texture":"#main"}}},{"from":[1.85359,20.57,2.6075],"to":[10.76359,30.4,9.2075],"rotation":{"angle":0,"axis":"y","origin":[6.13359,11.37498,0.3475]},"faces":{"north":{"uv":[8.5,8,10.5,10.25],"texture":"#main"},"east":{"uv":[7,8,8.5,10.25],"texture":"#main"},"south":{"uv":[12,8,14,10.25],"texture":"#main"},"west":{"uv":[10.5,8,12,10.25],"texture":"#main"},"up":{"uv":[10.5,8,8.5,6.5],"texture":"#main"},"down":{"uv":[12.5,6.5,10.5,8],"texture":"#main"}}},{"from":[3.65359,19.3,3.2075],"to":[9.01359,22,9.0575],"rotation":{"angle":0,"axis":"y","origin":[6.13359,11.37498,0.3475]},"faces":{"north":{"uv":[12.25,3.5,13.5,4],"texture":"#main"},"east":{"uv":[11,3.5,12.25,4],"texture":"#main"},"south":{"uv":[14.75,3.5,16,4],"texture":"#main"},"west":{"uv":[13.5,3.5,14.75,4],"texture":"#main"},"up":{"uv":[13.5,3.5,12.25,2.25],"texture":"#main"},"down":{"uv":[14.75,2.25,13.5,3.5],"texture":"#main"}}},{"from":[4.70359,16.7,3.6075],"to":[7.93859,22,7.5075],"rotation":{"angle":0,"axis":"y","origin":[6.13359,11.37498,0.3475]},"faces":{"north":{"uv":[11,13.75,11.75,15],"texture":"#main"},"east":{"uv":[10.25,13.75,11,15],"texture":"#main"},"south":{"uv":[12.5,13.75,13.25,15],"texture":"#main"},"west":{"uv":[11.75,13.75,12.5,15],"texture":"#main"},"up":{"uv":[11.75,13.75,11,13],"texture":"#main"},"down":{"uv":[12.5,13,11.75,13.75],"texture":"#main"}}},{"from":[1.80359,10.12498,2.0825],"to":[11.23859,16.72498,10.2825],"rotation":{"angle":0,"axis":"y","origin":[6.13359,11.37498,-0.8775]},"faces":{"north":{"uv":[2,6.5,4.25,8],"texture":"#main"},"east":{"uv":[0,6.5,2,8],"texture":"#main"},"south":{"uv":[6.25,6.5,8.5,8],"texture":"#main"},"west":{"uv":[4.25,6.5,6.25,8],"texture":"#main"},"up":{"uv":[4.25,6.5,2,4.5],"texture":"#main"},"down":{"uv":[6.5,4.5,4.25,6.5],"texture":"#main"}}},{"from":[0.6264,4.4496,-0.4346],"to":[6.1304,10.8652,5.0694],"rotation":{"angle":22.5,"axis":"y","origin":[3.0784,7.5456,2.3174]},"faces":{"north":{"uv":[12.25,11.5,13.5,13],"texture":"#main"},"east":{"uv":[11,11.5,12.25,13],"texture":"#main"},"south":{"uv":[14.75,11.5,16,13],"texture":"#main"},"west":{"uv":[13.5,11.5,14.75,13],"texture":"#main"},"up":{"uv":[13.5,11.5,12.25,10.25],"texture":"#main"},"down":{"uv":[14.75,10.25,13.5,11.5],"texture":"#main"}}},{"from":[-2.288,4.4996,4.2838],"to":[3.216,10.9152,9.7878],"rotation":{"angle":0,"axis":"y","origin":[3.0784,7.5956,2.3174]},"faces":{"north":{"uv":[12.25,11.5,13.5,13],"texture":"#main"},"east":{"uv":[11,11.5,12.25,13],"texture":"#main"},"south":{"uv":[14.75,11.5,16,13],"texture":"#main"},"west":{"uv":[13.5,11.5,14.75,13],"texture":"#main"},"up":{"uv":[13.5,11.5,12.25,10.25],"texture":"#main"},"down":{"uv":[14.75,10.25,13.5,11.5],"texture":"#main"}}},{"from":[-3.8,-0.64,3.755],"to":[2.6,6.82,10.155],"rotation":{"angle":0,"axis":"y","origin":[2.44,2.96,1.615]},"faces":{"north":{"uv":[8,4.5,9.5,6.25],"texture":"#main"},"east":{"uv":[6.5,4.5,8,6.25],"texture":"#main"},"south":{"uv":[11,4.5,12.5,6.25],"texture":"#main"},"west":{"uv":[9.5,4.5,11,6.25],"texture":"#main"},"up":{"uv":[9.5,4.5,8,3],"texture":"#main"},"down":{"uv":[11,3,9.5,4.5],"texture":"#main"}}},{"from":[-0.46,-0.64,-1.585],"to":[5.94,6.82,4.815],"rotation":{"angle":22.5,"axis":"y","origin":[2.44,2.96,1.615]},"faces":{"north":{"uv":[8,4.5,9.5,6.25],"texture":"#main"},"east":{"uv":[6.5,4.5,8,6.25],"texture":"#main"},"south":{"uv":[11,4.5,12.5,6.25],"texture":"#main"},"west":{"uv":[9.5,4.5,11,6.25],"texture":"#main"},"up":{"uv":[9.5,4.5,8,3],"texture":"#main"},"down":{"uv":[11,3,9.5,4.5],"texture":"#main"}}},{"from":[-2.4,-9.95,-3.35],"to":[5.6,0.25,4.65],"rotation":{"angle":22.5,"axis":"y","origin":[1.3,-5.45,1.075]},"faces":{"north":{"uv":[2,2,4,4.5],"texture":"#main"},"east":{"uv":[0,2,2,4.5],"texture":"#main"},"south":{"uv":[6,2,8,4.5],"texture":"#main"},"west":{"uv":[4,2,6,4.5],"texture":"#main"},"up":{"uv":[4,2,2,0],"texture":"#main"},"down":{"uv":[6,0,4,2],"texture":"#main"}}},{"from":[-6.5,-10,3.05],"to":[1.5,0.2,11.05],"rotation":{"angle":0,"axis":"y","origin":[1.3,-5.5,1.075]},"faces":{"north":{"uv":[2,2,4,4.5],"texture":"#main"},"east":{"uv":[0,2,2,4.5],"texture":"#main"},"south":{"uv":[6,2,8,4.5],"texture":"#main"},"west":{"uv":[4,2,6,4.5],"texture":"#main"},"up":{"uv":[4,2,2,0],"texture":"#main"},"down":{"uv":[6,0,4,2],"texture":"#main"}}},{"from":[7.288,4.4996,-0.8346],"to":[12.792,10.9152,4.6694],"rotation":{"angle":-22.5,"axis":"y","origin":[10.44,7.5956,1.9174]},"faces":{"north":{"uv":[12.25,11.5,13.5,13],"texture":"#main"},"east":{"uv":[11,11.5,12.25,13],"texture":"#main"},"south":{"uv":[14.75,11.5,16,13],"texture":"#main"},"west":{"uv":[13.5,11.5,14.75,13],"texture":"#main"},"up":{"uv":[13.5,11.5,12.25,10.25],"texture":"#main"},"down":{"uv":[14.75,10.25,13.5,11.5],"texture":"#main"}}},{"from":[7.4,-0.64,-1.585],"to":[13.8,6.82,4.815],"rotation":{"angle":-22.5,"axis":"y","origin":[11,2.96,1.615]},"faces":{"north":{"uv":[8,4.5,9.5,6.25],"texture":"#main"},"east":{"uv":[6.5,4.5,8,6.25],"texture":"#main"},"south":{"uv":[11,4.5,12.5,6.25],"texture":"#main"},"west":{"uv":[9.5,4.5,11,6.25],"texture":"#main"},"up":{"uv":[9.5,4.5,8,3],"texture":"#main"},"down":{"uv":[11,3,9.5,4.5],"texture":"#main"}}},{"from":[7.275,-10,-2.925],"to":[15.275,0.2,5.075],"rotation":{"angle":-22.5,"axis":"y","origin":[12,-5.5,1.075]},"faces":{"north":{"uv":[2,2,4,4.5],"texture":"#main"},"east":{"uv":[0,2,2,4.5],"texture":"#main"},"south":{"uv":[6,2,8,4.5],"texture":"#main"},"west":{"uv":[4,2,6,4.5],"texture":"#main"},"up":{"uv":[4,2,2,0],"texture":"#main"},"down":{"uv":[6,0,4,2],"texture":"#main"}}},{"from":[1.2264,4.4496,7.6214],"to":[6.7304,10.8652,13.1254],"rotation":{"angle":-22.5,"axis":"y","origin":[3.0784,7.5456,10.1734]},"faces":{"north":{"uv":[12.25,11.5,13.5,13],"texture":"#main"},"east":{"uv":[11,11.5,12.25,13],"texture":"#main"},"south":{"uv":[14.75,11.5,16,13],"texture":"#main"},"west":{"uv":[13.5,11.5,14.75,13],"texture":"#main"},"up":{"uv":[13.5,11.5,12.25,10.25],"texture":"#main"},"down":{"uv":[14.75,10.25,13.5,11.5],"texture":"#main"}}},{"from":[0.265,-0.64,8.215],"to":[6.665,6.82,14.615],"rotation":{"angle":-22.5,"axis":"y","origin":[2.44,2.96,11.215]},"faces":{"north":{"uv":[8,4.5,9.5,6.25],"texture":"#main"},"east":{"uv":[6.5,4.5,8,6.25],"texture":"#main"},"south":{"uv":[11,4.5,12.5,6.25],"texture":"#main"},"west":{"uv":[9.5,4.5,11,6.25],"texture":"#main"},"up":{"uv":[9.5,4.5,8,3],"texture":"#main"},"down":{"uv":[11,3,9.5,4.5],"texture":"#main"}}},{"from":[-1.85,-9.95,9.275],"to":[6.15,0.25,17.275],"rotation":{"angle":-22.5,"axis":"y","origin":[1.3,-5.45,13.075]},"faces":{"north":{"uv":[2,2,4,4.5],"texture":"#main"},"east":{"uv":[0,2,2,4.5],"texture":"#main"},"south":{"uv":[6,2,8,4.5],"texture":"#main"},"west":{"uv":[4,2,6,4.5],"texture":"#main"},"up":{"uv":[4,2,2,0],"texture":"#main"},"down":{"uv":[6,0,4,2],"texture":"#main"}}},{"from":[7.188,4.4996,8.1214],"to":[12.692,10.9152,13.6254],"rotation":{"angle":22.5,"axis":"y","origin":[10.44,7.5956,10.1734]},"faces":{"north":{"uv":[12.25,11.5,13.5,13],"texture":"#main"},"east":{"uv":[11,11.5,12.25,13],"texture":"#main"},"south":{"uv":[14.75,11.5,16,13],"texture":"#main"},"west":{"uv":[13.5,11.5,14.75,13],"texture":"#main"},"up":{"uv":[13.5,11.5,12.25,10.25],"texture":"#main"},"down":{"uv":[14.75,10.25,13.5,11.5],"texture":"#main"}}},{"from":[7.6,-0.64,8.44],"to":[14,6.82,14.84],"rotation":{"angle":22.5,"axis":"y","origin":[11,2.96,11.215]},"faces":{"north":{"uv":[8,4.5,9.5,6.25],"texture":"#main"},"east":{"uv":[6.5,4.5,8,6.25],"texture":"#main"},"south":{"uv":[11,4.5,12.5,6.25],"texture":"#main"},"west":{"uv":[9.5,4.5,11,6.25],"texture":"#main"},"up":{"uv":[9.5,4.5,8,3],"texture":"#main"},"down":{"uv":[11,3,9.5,4.5],"texture":"#main"}}},{"from":[8,-10,9.025],"to":[16,0.2,17.025],"rotation":{"angle":22.5,"axis":"y","origin":[12,-5.5,13.075]},"faces":{"north":{"uv":[2,2,4,4.5],"texture":"#main"},"east":{"uv":[0,2,2,4.5],"texture":"#main"},"south":{"uv":[6,2,8,4.5],"texture":"#main"},"west":{"uv":[4,2,6,4.5],"texture":"#main"},"up":{"uv":[4,2,2,0],"texture":"#main"},"down":{"uv":[6,0,4,2],"texture":"#main"}}},{"from":[10.0616,4.4496,3.5088],"to":[15.5656,10.8652,9.0128],"rotation":{"angle":0,"axis":"y","origin":[3.0784,7.5456,2.3424]},"faces":{"north":{"uv":[12.25,11.5,13.5,13],"texture":"#main"},"east":{"uv":[11,11.5,12.25,13],"texture":"#main"},"south":{"uv":[14.75,11.5,16,13],"texture":"#main"},"west":{"uv":[13.5,11.5,14.75,13],"texture":"#main"},"up":{"uv":[13.5,11.5,12.25,10.25],"texture":"#main"},"down":{"uv":[14.75,10.25,13.5,11.5],"texture":"#main"}}},{"from":[10.56,-0.64,2.955],"to":[16.96,6.82,9.355],"rotation":{"angle":0,"axis":"y","origin":[2.44,2.96,1.615]},"faces":{"north":{"uv":[8,4.5,9.5,6.25],"texture":"#main"},"east":{"uv":[6.5,4.5,8,6.25],"texture":"#main"},"south":{"uv":[11,4.5,12.5,6.25],"texture":"#main"},"west":{"uv":[9.5,4.5,11,6.25],"texture":"#main"},"up":{"uv":[9.5,4.5,8,3],"texture":"#main"},"down":{"uv":[11,3,9.5,4.5],"texture":"#main"}}},{"from":[11.45,-9.95,2.1],"to":[19.45,0.25,10.1],"rotation":{"angle":0,"axis":"y","origin":[1.3,-5.45,1.075]},"faces":{"north":{"uv":[2,2,4,4.5],"texture":"#main"},"east":{"uv":[0,2,2,4.5],"texture":"#main"},"south":{"uv":[6,2,8,4.5],"texture":"#main"},"west":{"uv":[4,2,6,4.5],"texture":"#main"},"up":{"uv":[4,2,2,0],"texture":"#main"},"down":{"uv":[6,0,4,2],"texture":"#main"}}},{"from":[3.55,-11.2,4.125],"to":[9.75,0.2,10.025],"rotation":{"angle":0,"axis":"y","origin":[1.3,-5.5,1.075]},"faces":{"north":{"uv":[1.25,9.25,2.75,12],"texture":"#main"},"east":{"uv":[0,9.25,1.25,12],"texture":"#main"},"south":{"uv":[4,9.25,5.5,12],"texture":"#main"},"west":{"uv":[2.75,9.25,4,12],"texture":"#main"},"up":{"uv":[2.75,9.25,1.25,8],"texture":"#main"},"down":{"uv":[4.25,8,2.75,9.25],"texture":"#main"}}},{"from":[4.15,-12.5,5.025],"to":[8.65,-11.2,9.125],"rotation":{"angle":0,"axis":"y","origin":[1.3,-5.5,1.075]},"faces":{"north":{"uv":[12.5,6.25,13.5,6.5],"texture":"#main"},"east":{"uv":[11.5,6.25,12.5,6.5],"texture":"#main"},"south":{"uv":[14.5,6.25,15.5,6.5],"texture":"#main"},"west":{"uv":[13.5,6.25,14.5,6.5],"texture":"#main"},"up":{"uv":[13.5,6.25,12.5,5.25],"texture":"#main"},"down":{"uv":[14.5,5.25,13.5,6.25],"texture":"#main"}}},{"from":[8.79641,20.87,9.2575],"to":[23.09641,30.7,9.2575],"shade":false,"rotation":{"angle":22.5,"axis":"z","origin":[19.29641,25.63998,10.5575]},"faces":{"north":{"uv":[11.5,0,8,2.25],"texture":"#main"},"east":{"uv":[11.5,0,11.5,2.25],"texture":"#main"},"south":{"uv":[15,0,11.5,2.25],"texture":"#main"},"west":{"uv":[8,0,8,2.25],"texture":"#main"},"up":{"uv":[8,0,11.5,0],"texture":"#main"},"down":{"uv":[11.5,0,15,0],"texture":"#main"}}},{"from":[-10.6,20.17,9.2575],"to":[3.7,30,9.2575],"rotation":{"angle":-22.5,"axis":"z","origin":[-5.29641,25.63998,10.5575]},"faces":{"north":{"uv":[8,0,11.5,2.25],"texture":"#main"},"east":{"uv":[8,0,8,2.25],"texture":"#main"},"south":{"uv":[11.5,0,15,2.25],"texture":"#main"},"west":{"uv":[11.5,0,11.5,2.25],"texture":"#main"},"up":{"uv":[11.5,0,8,0],"texture":"#main"},"down":{"uv":[15,0,11.5,0],"texture":"#main"}}},{"from":[10.26141,20.77,3.1075],"to":[11.87141,25.6,8.8075],"shade":false,"rotation":{"angle":0,"axis":"z","origin":[10.76641,23.13998,7.2575]},"faces":{"north":{"uv":[4.25,13.75,4,14.75],"texture":"#main"},"east":{"uv":[5.5,13.75,4.25,14.75],"texture":"#main"},"south":{"uv":[5.75,13.75,5.5,14.75],"texture":"#main"},"west":{"uv":[4,13.75,2.75,14.75],"texture":"#main"},"up":{"uv":[4,13.75,4.25,12.5],"texture":"#main"},"down":{"uv":[4.25,12.5,4.5,13.75],"texture":"#main"}}},{"from":[9.96744,21.92,5.2575],"to":[16.27744,23.25,6.3575],"shade":false,"rotation":{"angle":-45,"axis":"z","origin":[13.02244,22.46519,7.0575]},"faces":{"north":{"uv":[9.75,2.5,8.25,2.75],"texture":"#main"},"east":{"uv":[10,2.5,9.75,2.75],"texture":"#main"},"south":{"uv":[11.5,2.5,10,2.75],"texture":"#main"},"west":{"uv":[8.25,2.5,8,2.75],"texture":"#main"},"up":{"uv":[8.25,2.5,9.75,2.25],"texture":"#main"},"down":{"uv":[9.75,2.25,11.25,2.5],"texture":"#main"}}},{"from":[14.01308,19.85525,5.0575],"to":[20.81308,21.41025,6.5575],"shade":false,"rotation":{"angle":-22.5,"axis":"z","origin":[14.14036,19.18578,6.8575]},"faces":{"north":{"uv":[14.25,15.75,12.75,16],"texture":"#main"},"east":{"uv":[14.5,15.75,14.25,16],"texture":"#main"},"south":{"uv":[16,15.75,14.5,16],"texture":"#main"},"west":{"uv":[12.75,15.75,12.5,16],"texture":"#main"},"up":{"uv":[12.75,15.75,14.25,15.5],"texture":"#main"},"down":{"uv":[14.25,15.5,15.75,15.75],"texture":"#main"}}},{"from":[20.81308,16.05525,5.4575],"to":[22.51308,18.81025,5.4575],"shade":false,"rotation":{"angle":0,"axis":"y","origin":[14.14036,19.18578,6.8575]},"faces":{"north":{"uv":[1.75,0.25,1.5,0.75],"texture":"#main"},"east":{"uv":[1.75,0.25,1.75,0.75],"texture":"#main"},"south":{"uv":[2,0.25,1.75,0.75],"texture":"#main"},"west":{"uv":[1.5,0.25,1.5,0.75],"texture":"#main"},"up":{"uv":[1.5,0.25,1.75,0.25],"texture":"#main"},"down":{"uv":[1.75,0.25,2,0.25],"texture":"#main"}}},{"from":[20.81308,16.05525,6.1575],"to":[22.51308,18.81025,6.1575],"shade":false,"rotation":{"angle":0,"axis":"y","origin":[14.14036,19.18578,6.8575]},"faces":{"north":{"uv":[1.75,0.25,1.5,0.75],"texture":"#main"},"east":{"uv":[1.75,0.25,1.75,0.75],"texture":"#main"},"south":{"uv":[2,0.25,1.75,0.75],"texture":"#main"},"west":{"uv":[1.5,0.25,1.5,0.75],"texture":"#main"},"up":{"uv":[1.5,0.25,1.75,0.25],"texture":"#main"},"down":{"uv":[1.75,0.25,2,0.25],"texture":"#main"}}},{"from":[0.75359,20.77,3.2075],"to":[2.36359,25.6,8.9075],"rotation":{"angle":0,"axis":"z","origin":[1.75859,23.13998,7.2575]},"faces":{"north":{"uv":[4,13.75,4.25,14.75],"texture":"#main"},"east":{"uv":[2.75,13.75,4,14.75],"texture":"#main"},"south":{"uv":[5.5,13.75,5.75,14.75],"texture":"#main"},"west":{"uv":[4.25,13.75,5.5,14.75],"texture":"#main"},"up":{"uv":[4.25,13.75,4,12.5],"texture":"#main"},"down":{"uv":[4.5,12.5,4.25,13.75],"texture":"#main"}}},{"from":[-4.45244,21.12,5.5075],"to":[1.85756,22.45,6.6075],"rotation":{"angle":45,"axis":"z","origin":[-0.49744,22.46519,7.0575]},"faces":{"north":{"uv":[8.25,2.5,9.75,2.75],"texture":"#main"},"east":{"uv":[8,2.5,8.25,2.75],"texture":"#main"},"south":{"uv":[10,2.5,11.5,2.75],"texture":"#main"},"west":{"uv":[9.75,2.5,10,2.75],"texture":"#main"},"up":{"uv":[9.75,2.5,8.25,2.25],"texture":"#main"},"down":{"uv":[11.25,2.25,9.75,2.5],"texture":"#main"}}},{"from":[-9.18808,19.05525,5.3575],"to":[-2.38808,20.61025,6.8575],"rotation":{"angle":22.5,"axis":"z","origin":[-1.61536,19.18578,7.0575]},"faces":{"north":{"uv":[12.75,15.75,14.25,16],"texture":"#main"},"east":{"uv":[12.5,15.75,12.75,16],"texture":"#main"},"south":{"uv":[14.5,15.75,16,16],"texture":"#main"},"west":{"uv":[14.25,15.75,14.5,16],"texture":"#main"},"up":{"uv":[14.25,15.75,12.75,15.5],"texture":"#main"},"down":{"uv":[15.75,15.5,14.25,15.75],"texture":"#main"}}},{"from":[-10.3,14.95525,5.7575],"to":[-8.6,17.71025,5.7575],"rotation":{"angle":0,"axis":"y","origin":[-1.61536,19.18578,7.0575]},"faces":{"north":{"uv":[1.5,0.25,1.75,0.75],"texture":"#main"},"east":{"uv":[1.5,0.25,1.5,0.75],"texture":"#main"},"south":{"uv":[1.75,0.25,2,0.75],"texture":"#main"},"west":{"uv":[1.75,0.25,1.75,0.75],"texture":"#main"},"up":{"uv":[1.75,0.25,1.5,0.25],"texture":"#main"},"down":{"uv":[2,0.25,1.75,0.25],"texture":"#main"}}},{"from":[-10.3,14.95525,6.4575],"to":[-8.6,17.71025,6.4575],"rotation":{"angle":0,"axis":"y","origin":[-1.61536,19.18578,7.0575]},"faces":{"north":{"uv":[1.5,0.25,1.75,0.75],"texture":"#main"},"east":{"uv":[1.5,0.25,1.5,0.75],"texture":"#main"},"south":{"uv":[1.75,0.25,2,0.75],"texture":"#main"},"west":{"uv":[1.75,0.25,1.75,0.75],"texture":"#main"},"up":{"uv":[1.75,0.25,1.5,0.25],"texture":"#main"},"down":{"uv":[2,0.25,1.75,0.25],"texture":"#main"}}}],"display":{"head":{"translation":[0.75,-24,0],"scale":[0.825,0.825,0.825]}},"groups":[{"name":"vespiquen","origin":[0,0,0],"color":0,"children":[{"name":"head","origin":[4.39531,38.3834,-2.725],"color":0,"children":[0,1,2,3,4,5,6,7,8,9,10,11,12,13,14,15,16,17,18,19]},{"name":"body0","origin":[-0.86641,21.37498,-4.6525],"color":0,"children":[20,21,22,23]},{"name":"body1","origin":[-5.7,4.5,-2.7],"color":0,"children":[24,25,26,27,28,29,30,31,32,33,34,35,36,37,38,39,40,41,42,43,44]},{"name":"wings","origin":[-12.29641,35.63998,5.5575],"color":0,"children":[45,46]},{"name":"arm2","origin":[7.14036,29.18578,2.0575],"color":0,"children":[47,48,49,50,51]},{"name":"arm","origin":[-8.61536,29.18578,2.0575],"color":0,"children":[52,53,54,55,56]}]}]}