{"parent":"physical_parent","textures":{"main":"pokemon/zubat_animated"},"elements":[{"from":[5,3,6],"to":[11,13,12],"faces":{"east":{"uv":[0,0,0.75,1.25],"texture":"#main"},"south":{"uv":[0.875,0,1.625,1.25],"texture":"#main"},"north":{"uv":[0.875,0,1.625,1.25],"texture":"#main"},"west":{"uv":[0.875,0,1.625,1.25],"texture":"#main"},"up":{"uv":[1.75,0.25,2.5,1],"texture":"#main"},"down":{"uv":[1.75,0.25,2.5,1],"texture":"#main"}}},{"rotation":{"origin":[7,-1,8],"angle":-22.5,"axis":"z"},"from":[6,-6,6],"to":[6.1,3,8],"faces":{"east":{"uv":[5.125,1.5,5.375,1.75],"texture":"#main"},"west":{"uv":[5.125,1.5,5.375,1.75],"texture":"#main"}}},{"rotation":{"origin":[8,3,19],"angle":-45,"axis":"x"},"from":[9,17,15],"to":[9.1,24,19],"faces":{"east":{"uv":[2.625,0.375,3.125,1.25],"texture":"#main"},"west":{"uv":[4.5,0.375,5,1.25],"texture":"#main"}}},{"rotation":{"origin":[6.75,6,8.625],"angle":0,"axis":"y"},"from":[5.75,4,-13.375],"to":[5.85,19,6.625],"faces":{"east":{"uv":[2.625,2.25,5,4.375],"texture":"#main"},"west":{"uv":[0.375,2.25,2.75,4.375],"texture":"#main"}}},{"from":[5.75,4,11.5],"to":[5.85,19,31.5],"faces":{"east":{"uv":[0.375,2.25,2.75,4.375],"texture":"#main"},"west":{"uv":[2.625,2.25,5,4.375],"texture":"#main"}}},{"rotation":{"origin":[7,-1,12],"angle":-22.5,"axis":"z"},"from":[6,-6,10],"to":[6.1,3,12],"faces":{"east":{"uv":[5.125,1.5,5.375,1.75],"texture":"#main"},"west":{"uv":[5.125,1.5,5.375,1.75],"texture":"#main"}}},{"rotation":{"origin":[8,0,2],"angle":45,"axis":"x"},"from":[9,14,-2],"to":[9.1,21,2],"faces":{"east":{"uv":[3.25,0.375,3.75,1.25],"texture":"#main"},"west":{"uv":[3.875,0.375,4.375,1.25],"texture":"#main"}}},{"from":[5,3,6],"to":[11,13,12],"faces":{"east":{"uv":[8,0,8.75,1.25],"texture":"#main"},"south":{"uv":[8.875,0,9.625,1.25],"texture":"#main"},"north":{"uv":[8.875,0,9.625,1.25],"texture":"#main"},"west":{"uv":[8.875,0,9.625,1.25],"texture":"#main"},"up":{"uv":[9.75,0.25,10.5,1],"texture":"#main"},"down":{"uv":[9.75,0.25,10.5,1],"texture":"#main"}}},{"rotation":{"origin":[7,-1,8],"angle":-22.5,"axis":"z"},"from":[6,-6,6],"to":[6.1,3,8],"faces":{"east":{"uv":[13.125,1.5,13.375,1.75],"texture":"#main"},"west":{"uv":[13.125,1.5,13.375,1.75],"texture":"#main"}}},{"rotation":{"origin":[8,3,19],"angle":-45,"axis":"x"},"from":[9,17,15],"to":[9.1,24,19],"faces":{"east":{"uv":[10.625,0.375,11.125,1.25],"texture":"#main"},"west":{"uv":[12.5,0.375,13,1.25],"texture":"#main"}}},{"rotation":{"origin":[7.5,6,8.125],"angle":22.5,"axis":"y"},"from":[6.5,4,-13.875],"to":[6.6,19,6.125],"faces":{"east":{"uv":[10.625,2.25,13,4.375],"texture":"#main"},"west":{"uv":[8.375,2.25,10.75,4.375],"texture":"#main"}}},{"rotation":{"origin":[8.25,5,8],"angle":-22.5,"axis":"y"},"from":[7.25,4,12],"to":[7.35,19,32],"faces":{"east":{"uv":[8.375,2.25,10.75,4.375],"texture":"#main"},"west":{"uv":[10.625,2.25,13,4.375],"texture":"#main"}}},{"rotation":{"origin":[7,-1,12],"angle":-22.5,"axis":"z"},"from":[6,-6,10],"to":[6.1,3,12],"faces":{"east":{"uv":[13.125,1.5,13.375,1.75],"texture":"#main"},"west":{"uv":[13.125,1.5,13.375,1.75],"texture":"#main"}}},{"rotation":{"origin":[8,0,2],"angle":45,"axis":"x"},"from":[9,14,-2],"to":[9.1,21,2],"faces":{"east":{"uv":[11.25,0.375,11.75,1.25],"texture":"#main"},"west":{"uv":[11.875,0.375,12.375,1.25],"texture":"#main"}}},{"from":[5,3,6],"to":[11,13,12],"faces":{"east":{"uv":[0,8,0.75,9.25],"texture":"#main"},"south":{"uv":[0.875,8,1.625,9.25],"texture":"#main"},"north":{"uv":[0.875,8,1.625,9.25],"texture":"#main"},"west":{"uv":[0.875,8,1.625,9.25],"texture":"#main"},"up":{"uv":[1.75,8.25,2.5,9],"texture":"#main"},"down":{"uv":[1.75,8.25,2.5,9],"texture":"#main"}}},{"rotation":{"origin":[7,-1,8],"angle":-22.5,"axis":"z"},"from":[6,-6,6],"to":[6.1,3,8],"faces":{"east":{"uv":[5.125,9.5,5.375,9.75],"texture":"#main"},"west":{"uv":[5.125,9.5,5.375,9.75],"texture":"#main"}}},{"rotation":{"origin":[8,3,19],"angle":-45,"axis":"x"},"from":[9,17,15],"to":[9.1,24,19],"faces":{"east":{"uv":[2.625,8.375,3.125,9.25],"texture":"#main"},"west":{"uv":[4.5,8.375,5,9.25],"texture":"#main"}}},{"rotation":{"origin":[5.875,6,8.75],"angle":-22.5,"axis":"y"},"from":[4.875,4,-13.25],"to":[4.975,19,6.75],"faces":{"east":{"uv":[2.625,10.25,5,12.375],"texture":"#main"},"west":{"uv":[0.375,10.25,2.75,12.375],"texture":"#main"}}},{"rotation":{"origin":[5.75,4,11.5],"angle":22.5,"axis":"y"},"from":[5.75,4,11.5],"to":[5.85,19,31.5],"faces":{"east":{"uv":[0.375,10.25,2.75,12.375],"texture":"#main"},"west":{"uv":[2.625,10.25,5,12.375],"texture":"#main"}}},{"rotation":{"origin":[7,-1,12],"angle":-22.5,"axis":"z"},"from":[6,-6,10],"to":[6.1,3,12],"faces":{"east":{"uv":[5.125,9.5,5.375,9.75],"texture":"#main"},"west":{"uv":[5.125,9.5,5.375,9.75],"texture":"#main"}}},{"rotation":{"origin":[8,0,2],"angle":45,"axis":"x"},"from":[9,14,-2],"to":[9.1,21,2],"faces":{"east":{"uv":[3.25,8.375,3.75,9.25],"texture":"#main"},"west":{"uv":[3.875,8.375,4.375,9.25],"texture":"#main"}}},{"from":[5,3,6],"to":[11,13,12],"faces":{"east":{"uv":[8,8,8.75,9.25],"texture":"#main"},"south":{"uv":[8.875,8,9.625,9.25],"texture":"#main"},"north":{"uv":[8.875,8,9.625,9.25],"texture":"#main"},"west":{"uv":[8.875,8,9.625,9.25],"texture":"#main"},"up":{"uv":[9.75,8.25,10.5,9],"texture":"#main"},"down":{"uv":[9.75,8.25,10.5,9],"texture":"#main"}}},{"rotation":{"origin":[7,-1,8],"angle":-22.5,"axis":"z"},"from":[6,-6,6],"to":[6.1,3,8],"faces":{"east":{"uv":[13.125,9.5,13.375,9.75],"texture":"#main"},"west":{"uv":[13.125,9.5,13.375,9.75],"texture":"#main"}}},{"rotation":{"origin":[8,3,19],"angle":-45,"axis":"x"},"from":[9,17,15],"to":[9.1,24,19],"faces":{"east":{"uv":[10.625,8.375,11.125,9.25],"texture":"#main"},"west":{"uv":[12.5,8.375,13,9.25],"texture":"#main"}}},{"rotation":{"origin":[5,6,8.75],"angle":-45,"axis":"y"},"from":[4,4,-13.25],"to":[4.1,19,6.75],"faces":{"east":{"uv":[10.625,10.25,13,12.375],"texture":"#main"},"west":{"uv":[8.375,10.25,10.75,12.375],"texture":"#main"}}},{"rotation":{"origin":[5.75,4,11.5],"angle":45,"axis":"y"},"from":[5.75,4,11.5],"to":[5.85,19,31.5],"faces":{"east":{"uv":[8.375,10.25,10.75,12.375],"texture":"#main"},"west":{"uv":[10.625,10.25,13,12.375],"texture":"#main"}}},{"rotation":{"origin":[7,-1,12],"angle":-22.5,"axis":"z"},"from":[6,-6,10],"to":[6.1,3,12],"faces":{"east":{"uv":[13.125,9.5,13.375,9.75],"texture":"#main"},"west":{"uv":[13.125,9.5,13.375,9.75],"texture":"#main"}}},{"rotation":{"origin":[8,0,2],"angle":45,"axis":"x"},"from":[9,14,-2],"to":[9.1,21,2],"faces":{"east":{"uv":[11.25,8.375,11.75,9.25],"texture":"#main"},"west":{"uv":[11.875,8.375,12.375,9.25],"texture":"#main"}}}],"display":{"head":{"rotation":[0,91.1,0],"translation":[-1,-7.652,-4.869]},"firstperson_righthand":{"scale":[0.0001,0.0001,0.0001]},"thirdperson_lefthand":{"scale":[0.0001,0.0001,0.0001]},"firstperson_lefthand":{"scale":[0.0001,0.0001,0.0001]}}}