{"textures":{"main":"gameitems/customblocks/pokebait/base_bait"},"elements":[{"from":[4,0,1],"to":[13,1,15],"faces":{"north":{"uv":[1.75,1.75,2.875,1.875],"texture":"#main"},"east":{"uv":[0,1.75,1.75,1.875],"texture":"#main"},"south":{"uv":[4.625,1.75,5.75,1.875],"texture":"#main"},"west":{"uv":[2.875,1.75,4.625,1.875],"texture":"#main"},"up":{"uv":[2.875,1.75,1.75,0],"texture":"#main"},"down":{"uv":[4,0,2.875,1.75],"texture":"#main"}}},{"from":[4,1,14],"to":[13,8,15],"faces":{"north":{"uv":[5.875,0.125,7,1],"texture":"#main"},"east":{"uv":[5.75,0.125,5.875,1],"texture":"#main"},"south":{"uv":[7.125,0.125,8.25,1],"texture":"#main"},"west":{"uv":[7,0.125,7.125,1],"texture":"#main"},"up":{"uv":[7,0.125,5.875,0],"texture":"#main"},"down":{"uv":[8.125,0,7,0.125],"texture":"#main"}}},{"from":[4,1,1],"to":[13,8,2],"faces":{"north":{"uv":[8.375,0.125,9.5,1],"texture":"#main"},"east":{"uv":[8.25,0.125,8.375,1],"texture":"#main"},"south":{"uv":[9.625,0.125,10.75,1],"texture":"#main"},"west":{"uv":[9.5,0.125,9.625,1],"texture":"#main"},"up":{"uv":[9.5,0.125,8.375,0],"texture":"#main"},"down":{"uv":[10.625,0,9.5,0.125],"texture":"#main"}}},{"from":[12,1,2],"to":[13,8,14],"faces":{"north":{"uv":[1.5,3.375,1.625,4.25],"texture":"#main"},"east":{"uv":[0,3.375,1.5,4.25],"texture":"#main"},"south":{"uv":[3.125,3.375,3.25,4.25],"texture":"#main"},"west":{"uv":[1.625,3.375,3.125,4.25],"texture":"#main"},"up":{"uv":[1.625,3.375,1.5,1.875],"texture":"#main"},"down":{"uv":[1.75,1.875,1.625,3.375],"texture":"#main"}}},{"from":[4,1,2],"to":[5,8,14],"faces":{"north":{"uv":[4.75,3.375,4.875,4.25],"texture":"#main"},"east":{"uv":[3.25,3.375,4.75,4.25],"texture":"#main"},"south":{"uv":[6.375,3.375,6.5,4.25],"texture":"#main"},"west":{"uv":[4.875,3.375,6.375,4.25],"texture":"#main"},"up":{"uv":[4.875,3.375,4.75,1.875],"texture":"#main"},"down":{"uv":[5,1.875,4.875,3.375],"texture":"#main"}}},{"from":[4.01,6.62132,16.32843],"to":[13.01,13.62132,17.32843],"rotation":{"angle":45,"axis":"x","origin":[8.51,10.12132,16.82843]},"faces":{"north":{"uv":[6.625,2,7.75,2.875],"texture":"#main"},"east":{"uv":[6.5,2,6.625,2.875],"texture":"#main"},"south":{"uv":[7.875,2,9,2.875],"texture":"#main"},"west":{"uv":[7.75,2,7.875,2.875],"texture":"#main"},"up":{"uv":[7.75,2,6.625,1.875],"texture":"#main"},"down":{"uv":[8.875,1.875,7.75,2],"texture":"#main"}}},{"from":[4,8,1],"to":[13,9,8],"rotation":{"angle":0,"axis":"x","origin":[8.5,8.5,4.5]},"faces":{"north":{"uv":[0.875,5.125,2,5.25],"rotation":180,"texture":"#main"},"east":{"uv":[0,5.125,0.875,5.25],"rotation":180,"texture":"#main"},"south":{"uv":[2.875,5.125,4,5.25],"texture":"#main"},"west":{"uv":[2,5.125,2.875,5.25],"texture":"#main"},"up":{"uv":[2,5.125,0.875,4.25],"rotation":180,"texture":"#main"},"down":{"uv":[3.125,4.25,2,5.125],"texture":"#main"}}},{"from":[4,9,7],"to":[5,16,8],"rotation":{"angle":0,"axis":"x","origin":[8.5,8.5,11.5]},"faces":{"north":{"uv":[4.125,4.375,4.25,5.25],"rotation":180,"texture":"#main"},"east":{"uv":[4,4.375,4.125,5.25],"rotation":180,"texture":"#main"},"south":{"uv":[4.375,4.375,4.5,5.25],"texture":"#main"},"west":{"uv":[4.25,4.375,4.375,5.25],"texture":"#main"},"up":{"uv":[4.25,4.375,4.125,4.25],"rotation":180,"texture":"#main"},"down":{"uv":[4.375,4.25,4.25,4.375],"texture":"#main"}}},{"from":[12,9,7],"to":[13,16,8],"rotation":{"angle":0,"axis":"x","origin":[16.5,8.5,11.5]},"faces":{"north":{"uv":[4.625,4.375,4.75,5.25],"rotation":180,"texture":"#main"},"east":{"uv":[4.5,4.375,4.625,5.25],"rotation":180,"texture":"#main"},"south":{"uv":[4.875,4.375,5,5.25],"texture":"#main"},"west":{"uv":[4.75,4.375,4.875,5.25],"texture":"#main"},"up":{"uv":[4.75,4.375,4.625,4.25],"rotation":180,"texture":"#main"},"down":{"uv":[4.875,4.25,4.75,4.375],"texture":"#main"}}},{"from":[5,15,7],"to":[12,16,8],"rotation":{"angle":0,"axis":"x","origin":[15.5,14.5,11.5]},"faces":{"north":{"uv":[0.125,5.375,1,5.5],"rotation":180,"texture":"#main"},"east":{"uv":[0,5.375,0.125,5.5],"rotation":270,"texture":"#main"},"south":{"uv":[1.125,5.375,2,5.5],"texture":"#main"},"west":{"uv":[1,5.375,1.125,5.5],"rotation":90,"texture":"#main"},"up":{"uv":[1,5.375,0.125,5.25],"rotation":180,"texture":"#main"},"down":{"uv":[1.875,5.25,1,5.375],"texture":"#main"}}},{"from":[5,4,2],"to":[12,5,14],"faces":{"north":{"uv":[3.5,6.75,4.375,6.875],"texture":"#main"},"east":{"uv":[2,6.75,3.5,6.875],"texture":"#main"},"south":{"uv":[5.875,6.75,6.75,6.875],"texture":"#main"},"west":{"uv":[4.375,6.75,5.875,6.875],"texture":"#main"},"up":{"uv":[4.375,6.75,3.5,5.25],"texture":"#main"},"down":{"uv":[5.25,5.25,4.375,6.75],"texture":"#main"}}},{"from":[6,5,11],"to":[8,7,13],"rotation":{"angle":22.5,"axis":"y","origin":[7,6,12]},"faces":{"north":{"uv":[7,5.5,7.25,5.75],"texture":"#main"},"east":{"uv":[6.75,5.5,7,5.75],"texture":"#main"},"south":{"uv":[7.5,5.5,7.75,5.75],"texture":"#main"},"west":{"uv":[7.25,5.5,7.5,5.75],"texture":"#main"},"up":{"uv":[7.25,5.5,7,5.25],"texture":"#main"},"down":{"uv":[7.5,5.25,7.25,5.5],"texture":"#main"}}},{"from":[9,5,11],"to":[11,7,13],"rotation":{"angle":0,"axis":"y","origin":[10,6,12]},"faces":{"north":{"uv":[7,5.5,7.25,5.75],"texture":"#main"},"east":{"uv":[6.75,5.5,7,5.75],"texture":"#main"},"south":{"uv":[7.5,5.5,7.75,5.75],"texture":"#main"},"west":{"uv":[7.25,5.5,7.5,5.75],"texture":"#main"},"up":{"uv":[7.25,5.5,7,5.25],"texture":"#main"},"down":{"uv":[7.5,5.25,7.25,5.5],"texture":"#main"}}},{"from":[10,4,9],"to":[12,6,11],"rotation":{"angle":0,"axis":"y","origin":[11,5,10]},"faces":{"north":{"uv":[7,5.5,7.25,5.75],"texture":"#main"},"east":{"uv":[6.75,5.5,7,5.75],"texture":"#main"},"south":{"uv":[7.5,5.5,7.75,5.75],"texture":"#main"},"west":{"uv":[7.25,5.5,7.5,5.75],"texture":"#main"},"up":{"uv":[7.25,5.5,7,5.25],"texture":"#main"},"down":{"uv":[7.5,5.25,7.25,5.5],"texture":"#main"}}},{"from":[8,4,7],"to":[10,6,9],"rotation":{"angle":45,"axis":"y","origin":[9,5,8]},"faces":{"north":{"uv":[7,5.5,7.25,5.75],"texture":"#main"},"east":{"uv":[6.75,5.5,7,5.75],"texture":"#main"},"south":{"uv":[7.5,5.5,7.75,5.75],"texture":"#main"},"west":{"uv":[7.25,5.5,7.5,5.75],"texture":"#main"},"up":{"uv":[7.25,5.5,7,5.25],"texture":"#main"},"down":{"uv":[7.5,5.25,7.25,5.5],"texture":"#main"}}},{"from":[6,4,8],"to":[8,6,10],"rotation":{"angle":22.5,"axis":"y","origin":[7,5,9]},"faces":{"north":{"uv":[7,5.5,7.25,5.75],"texture":"#main"},"east":{"uv":[6.75,5.5,7,5.75],"texture":"#main"},"south":{"uv":[7.5,5.5,7.75,5.75],"texture":"#main"},"west":{"uv":[7.25,5.5,7.5,5.75],"texture":"#main"},"up":{"uv":[7.25,5.5,7,5.25],"texture":"#main"},"down":{"uv":[7.5,5.25,7.25,5.5],"texture":"#main"}}},{"from":[8,5,9],"to":[10,7,11],"rotation":{"angle":0,"axis":"y","origin":[9,6,10]},"faces":{"north":{"uv":[7,5.5,7.25,5.75],"texture":"#main"},"east":{"uv":[6.75,5.5,7,5.75],"texture":"#main"},"south":{"uv":[7.5,5.5,7.75,5.75],"texture":"#main"},"west":{"uv":[7.25,5.5,7.5,5.75],"texture":"#main"},"up":{"uv":[7.25,5.5,7,5.25],"texture":"#main"},"down":{"uv":[7.5,5.25,7.25,5.5],"texture":"#main"}}}],"display":{"thirdperson_righthand":{"rotation":[67.5,0,0],"translation":[0,-4.25,-3.5],"scale":[0.55859,0.55859,0.55859]},"gui":{"rotation":[0.5,90,25],"scale":[0.66211,0.66211,0.66211]},"head":{"translation":[-0.75,-30,0],"scale":[1.57813,1.57813,1.57813]}}}